ISO-10303-21;
HEADER;
/* Generated by software containing ST-Developer
 * from STEP Tools, Inc. (www.steptools.com) 
 */

FILE_DESCRIPTION(
/* description */ (''),
/* implementation_level */ '2;1');

FILE_NAME(
/* name */ '041.stp',
/* time_stamp */ '2026-09-03T15:12:22+02:00',
/* author */ ('clehmann'),
/* organization */ (''),
/* preprocessor_version */ 'ST-DEVELOPER v20',
/* originating_system */ 'Autodesk Inventor 2025',
/* authorisation */ '');

FILE_SCHEMA (('AUTOMOTIVE_DESIGN { 1 0 10303 214 3 1 1 }'));
ENDSEC;

DATA;
#10=MECHANICAL_DESIGN_GEOMETRIC_PRESENTATION_REPRESENTATION('',(#76,#77,
#78,#79,#80,#81,#82,#83,#84,#85,#86,#87),#7687);
#11=ITEM_DEFINED_TRANSFORMATION($,$,#4019,#4211);
#12=ITEM_DEFINED_TRANSFORMATION($,$,#4019,#4212);
#13=ITEM_DEFINED_TRANSFORMATION($,$,#4131,#4213);
#14=ITEM_DEFINED_TRANSFORMATION($,$,#4097,#4214);
#15=ITEM_DEFINED_TRANSFORMATION($,$,#4131,#4215);
#16=ITEM_DEFINED_TRANSFORMATION($,$,#3833,#4223);
#17=ITEM_DEFINED_TRANSFORMATION($,$,#3915,#4224);
#18=ITEM_DEFINED_TRANSFORMATION($,$,#4018,#4225);
#19=ITEM_DEFINED_TRANSFORMATION($,$,#4216,#4226);
#20=(
REPRESENTATION_RELATIONSHIP($,$,#7721,#7720)
REPRESENTATION_RELATIONSHIP_WITH_TRANSFORMATION(#11)
SHAPE_REPRESENTATION_RELATIONSHIP()
);
#21=(
REPRESENTATION_RELATIONSHIP($,$,#7721,#7720)
REPRESENTATION_RELATIONSHIP_WITH_TRANSFORMATION(#12)
SHAPE_REPRESENTATION_RELATIONSHIP()
);
#22=(
REPRESENTATION_RELATIONSHIP($,$,#7723,#7720)
REPRESENTATION_RELATIONSHIP_WITH_TRANSFORMATION(#13)
SHAPE_REPRESENTATION_RELATIONSHIP()
);
#23=(
REPRESENTATION_RELATIONSHIP($,$,#7722,#7720)
REPRESENTATION_RELATIONSHIP_WITH_TRANSFORMATION(#14)
SHAPE_REPRESENTATION_RELATIONSHIP()
);
#24=(
REPRESENTATION_RELATIONSHIP($,$,#7723,#7720)
REPRESENTATION_RELATIONSHIP_WITH_TRANSFORMATION(#15)
SHAPE_REPRESENTATION_RELATIONSHIP()
);
#25=(
REPRESENTATION_RELATIONSHIP($,$,#7718,#7717)
REPRESENTATION_RELATIONSHIP_WITH_TRANSFORMATION(#16)
SHAPE_REPRESENTATION_RELATIONSHIP()
);
#26=(
REPRESENTATION_RELATIONSHIP($,$,#7719,#7717)
REPRESENTATION_RELATIONSHIP_WITH_TRANSFORMATION(#17)
SHAPE_REPRESENTATION_RELATIONSHIP()
);
#27=(
REPRESENTATION_RELATIONSHIP($,$,#7720,#7717)
REPRESENTATION_RELATIONSHIP_WITH_TRANSFORMATION(#18)
SHAPE_REPRESENTATION_RELATIONSHIP()
);
#28=(
REPRESENTATION_RELATIONSHIP($,$,#7724,#7717)
REPRESENTATION_RELATIONSHIP_WITH_TRANSFORMATION(#19)
SHAPE_REPRESENTATION_RELATIONSHIP()
);
#29=CONTEXT_DEPENDENT_SHAPE_REPRESENTATION(#20,#7707);
#30=CONTEXT_DEPENDENT_SHAPE_REPRESENTATION(#21,#7708);
#31=CONTEXT_DEPENDENT_SHAPE_REPRESENTATION(#22,#7709);
#32=CONTEXT_DEPENDENT_SHAPE_REPRESENTATION(#23,#7710);
#33=CONTEXT_DEPENDENT_SHAPE_REPRESENTATION(#24,#7711);
#34=CONTEXT_DEPENDENT_SHAPE_REPRESENTATION(#25,#7713);
#35=CONTEXT_DEPENDENT_SHAPE_REPRESENTATION(#26,#7714);
#36=CONTEXT_DEPENDENT_SHAPE_REPRESENTATION(#27,#7715);
#37=CONTEXT_DEPENDENT_SHAPE_REPRESENTATION(#28,#7716);
#38=NEXT_ASSEMBLY_USAGE_OCCURRENCE(
'250908_Harassen Systemplatte_Goba:1',
'250908_Harassen Systemplatte_Goba:1',
'250908_Harassen Systemplatte_Goba:1',#7729,#7730,
'250908_Harassen Systemplatte_Goba:1');
#39=NEXT_ASSEMBLY_USAGE_OCCURRENCE(
'250908_Harassen Systemplatte_Goba:2',
'250908_Harassen Systemplatte_Goba:2',
'250908_Harassen Systemplatte_Goba:2',#7729,#7730,
'250908_Harassen Systemplatte_Goba:2');
#40=NEXT_ASSEMBLY_USAGE_OCCURRENCE(
'250819_Textst\X\E4nder Verbinder_002:1',
'250819_Textst\X\E4nder Verbinder_002:1',
'250819_Textst\X\E4nder Verbinder_002:1',#7729,#7732,
'250819_Textst\X\E4nder Verbinder_002:1');
#41=NEXT_ASSEMBLY_USAGE_OCCURRENCE('250818_Textst\X\E4nder Mittelteil:
1','250818_Textst\X\E4nder Mittelteil:1',
'250818_Textst\X\E4nder Mittelteil:1',#7729,#7731,
'250818_Textst\X\E4nder Mittelteil:1');
#42=NEXT_ASSEMBLY_USAGE_OCCURRENCE(
'250818_Textst\X\E4nder Verbinder_002:2',
'250818_Textst\X\E4nder Verbinder_002:2',
'250818_Textst\X\E4nder Verbinder_002:2',#7729,#7732,
'250818_Textst\X\E4nder Verbinder_002:2');
#43=NEXT_ASSEMBLY_USAGE_OCCURRENCE('260326_Fahradpumpe:2',
'260326_Fahradpumpe:2','260326_Fahradpumpe:2',#7726,#7727,
'260326_Fahradpumpe:2');
#44=NEXT_ASSEMBLY_USAGE_OCCURRENCE('1x3_296x610_006:1',
'1x3_296x610_006:1','1x3_296x610_006:1',#7726,#7728,'1x3_296x610_006:1');
#45=NEXT_ASSEMBLY_USAGE_OCCURRENCE('997_Textst\X\E4nder:1',
'997_Textst\X\E4nder:1','997_Textst\X\E4nder:1',#7726,#7729,
'997_Textst\X\E4nder:1');
#46=NEXT_ASSEMBLY_USAGE_OCCURRENCE('260211_A4 Papier:1',
'260211_A4 Papier:1','260211_A4 Papier:1',#7726,#7733,
'260211_A4 Papier:1');
#47=B_SPLINE_SURFACE_WITH_KNOTS('',3,3,((#6005,#6006,#6007,#6008,#6009,
#6010,#6011,#6012,#6013,#6014,#6015,#6016,#6017,#6018),(#6019,#6020,#6021,
#6022,#6023,#6024,#6025,#6026,#6027,#6028,#6029,#6030,#6031,#6032),(#6033,
#6034,#6035,#6036,#6037,#6038,#6039,#6040,#6041,#6042,#6043,#6044,#6045,
#6046),(#6047,#6048,#6049,#6050,#6051,#6052,#6053,#6054,#6055,#6056,#6057,
#6058,#6059,#6060),(#6061,#6062,#6063,#6064,#6065,#6066,#6067,#6068,#6069,
#6070,#6071,#6072,#6073,#6074)),.UNSPECIFIED.,.F.,.F.,.F.,(4,1,4),(4,1,
1,1,1,1,1,1,1,1,1,4),(0.,0.571428571428571,1.),(0.,0.885958224607794,1.77191644921559,
2.65787467382338,3.54383289843118,5.31574934764677,7.08766579686236,8.85958224607794,
9.74554047068574,10.6314986952935,11.5174569199013,12.4034151445091),
 .UNSPECIFIED.);
#48=B_SPLINE_SURFACE_WITH_KNOTS('',3,3,((#6115,#6116,#6117,#6118,#6119,
#6120,#6121,#6122,#6123,#6124,#6125,#6126,#6127,#6128),(#6129,#6130,#6131,
#6132,#6133,#6134,#6135,#6136,#6137,#6138,#6139,#6140,#6141,#6142),(#6143,
#6144,#6145,#6146,#6147,#6148,#6149,#6150,#6151,#6152,#6153,#6154,#6155,
#6156),(#6157,#6158,#6159,#6160,#6161,#6162,#6163,#6164,#6165,#6166,#6167,
#6168,#6169,#6170),(#6171,#6172,#6173,#6174,#6175,#6176,#6177,#6178,#6179,
#6180,#6181,#6182,#6183,#6184)),.UNSPECIFIED.,.F.,.F.,.F.,(4,1,4),(4,1,
1,1,1,1,1,1,1,1,1,4),(0.,0.571428571428571,1.),(0.,0.885958224607795,1.77191644921559,
2.65787467382338,3.54383289843118,5.31574934764677,7.08766579686236,8.85958224607795,
9.74554047068574,10.6314986952935,11.5174569199013,12.4034151445091),
 .UNSPECIFIED.);
#49=B_SPLINE_SURFACE_WITH_KNOTS('',3,3,((#6222,#6223,#6224,#6225,#6226,
#6227,#6228,#6229,#6230,#6231,#6232,#6233,#6234,#6235),(#6236,#6237,#6238,
#6239,#6240,#6241,#6242,#6243,#6244,#6245,#6246,#6247,#6248,#6249),(#6250,
#6251,#6252,#6253,#6254,#6255,#6256,#6257,#6258,#6259,#6260,#6261,#6262,
#6263),(#6264,#6265,#6266,#6267,#6268,#6269,#6270,#6271,#6272,#6273,#6274,
#6275,#6276,#6277),(#6278,#6279,#6280,#6281,#6282,#6283,#6284,#6285,#6286,
#6287,#6288,#6289,#6290,#6291)),.UNSPECIFIED.,.F.,.F.,.F.,(4,1,4),(4,1,
1,1,1,1,1,1,1,1,1,4),(0.,0.571428571428571,1.),(1.11022302462516E-17,0.885958224607795,
1.77191644921559,2.65787467382338,3.54383289843118,5.31574934764677,7.08766579686236,
8.85958224607795,9.74554047068574,10.6314986952935,11.5174569199013,12.4034151445091),
 .UNSPECIFIED.);
#50=B_SPLINE_SURFACE_WITH_KNOTS('',3,3,((#6329,#6330,#6331,#6332,#6333,
#6334,#6335,#6336,#6337,#6338,#6339,#6340),(#6341,#6342,#6343,#6344,#6345,
#6346,#6347,#6348,#6349,#6350,#6351,#6352),(#6353,#6354,#6355,#6356,#6357,
#6358,#6359,#6360,#6361,#6362,#6363,#6364),(#6365,#6366,#6367,#6368,#6369,
#6370,#6371,#6372,#6373,#6374,#6375,#6376),(#6377,#6378,#6379,#6380,#6381,
#6382,#6383,#6384,#6385,#6386,#6387,#6388)),.UNSPECIFIED.,.F.,.F.,.F.,(4,
1,4),(4,1,1,1,1,1,1,1,1,4),(0.,0.571428571428571,1.),(0.,0.8859582246078,
1.7719164492156,2.6578746738234,3.5438328984312,5.3157493476468,7.0876657968624,
8.859582246078,10.6314986952936,12.4034151445092),.UNSPECIFIED.);
#51=B_SPLINE_SURFACE_WITH_KNOTS('',3,3,((#6425,#6426,#6427,#6428),(#6429,
#6430,#6431,#6432),(#6433,#6434,#6435,#6436),(#6437,#6438,#6439,#6440),
(#6441,#6442,#6443,#6444),(#6445,#6446,#6447,#6448),(#6449,#6450,#6451,
#6452),(#6453,#6454,#6455,#6456),(#6457,#6458,#6459,#6460),(#6461,#6462,
#6463,#6464)),.UNSPECIFIED.,.F.,.F.,.F.,(4,1,1,1,1,1,1,4),(4,4),(0.,0.142857142857143,
0.285714285714286,0.428571428571429,0.571428571428571,0.714285714285714,
0.857142857142857,1.),(0.2,1.6),.UNSPECIFIED.);
#52=B_SPLINE_SURFACE_WITH_KNOTS('',3,3,((#6483,#6484,#6485,#6486),(#6487,
#6488,#6489,#6490),(#6491,#6492,#6493,#6494),(#6495,#6496,#6497,#6498),
(#6499,#6500,#6501,#6502),(#6503,#6504,#6505,#6506),(#6507,#6508,#6509,
#6510),(#6511,#6512,#6513,#6514),(#6515,#6516,#6517,#6518),(#6519,#6520,
#6521,#6522)),.UNSPECIFIED.,.F.,.F.,.F.,(4,1,1,1,1,1,1,4),(4,4),(0.,0.142857142857143,
0.285714285714286,0.428571428571429,0.571428571428571,0.714285714285714,
0.857142857142857,1.),(0.2,1.6),.UNSPECIFIED.);
#53=B_SPLINE_SURFACE_WITH_KNOTS('',3,3,((#6545,#6546,#6547,#6548,#6549,
#6550,#6551,#6552,#6553,#6554,#6555,#6556,#6557,#6558),(#6559,#6560,#6561,
#6562,#6563,#6564,#6565,#6566,#6567,#6568,#6569,#6570,#6571,#6572),(#6573,
#6574,#6575,#6576,#6577,#6578,#6579,#6580,#6581,#6582,#6583,#6584,#6585,
#6586),(#6587,#6588,#6589,#6590,#6591,#6592,#6593,#6594,#6595,#6596,#6597,
#6598,#6599,#6600),(#6601,#6602,#6603,#6604,#6605,#6606,#6607,#6608,#6609,
#6610,#6611,#6612,#6613,#6614)),.UNSPECIFIED.,.F.,.F.,.F.,(4,1,4),(4,1,
1,1,1,1,1,1,1,1,1,4),(0.,0.571428571428571,1.),(0.,0.885958224607795,1.77191644921559,
2.65787467382338,3.54383289843118,5.31574934764677,7.08766579686236,8.85958224607795,
9.74554047068574,10.6314986952935,11.5174569199013,12.4034151445091),
 .UNSPECIFIED.);
#54=B_SPLINE_SURFACE_WITH_KNOTS('',3,3,((#6654,#6655,#6656,#6657,#6658,
#6659,#6660,#6661,#6662,#6663,#6664,#6665,#6666),(#6667,#6668,#6669,#6670,
#6671,#6672,#6673,#6674,#6675,#6676,#6677,#6678,#6679),(#6680,#6681,#6682,
#6683,#6684,#6685,#6686,#6687,#6688,#6689,#6690,#6691,#6692),(#6693,#6694,
#6695,#6696,#6697,#6698,#6699,#6700,#6701,#6702,#6703,#6704,#6705),(#6706,
#6707,#6708,#6709,#6710,#6711,#6712,#6713,#6714,#6715,#6716,#6717,#6718)),
 .UNSPECIFIED.,.F.,.F.,.F.,(4,1,4),(4,1,1,1,1,1,1,1,1,1,4),(0.,0.571428571428571,
1.),(0.,0.885958224607794,1.77191644921559,3.54383289843118,5.31574934764677,
7.08766579686236,8.85958224607795,9.74554047068574,10.6314986952935,11.5174569199013,
12.4034151445091),.UNSPECIFIED.);
#55=B_SPLINE_SURFACE_WITH_KNOTS('',3,3,((#6738,#6739,#6740,#6741,#6742,
#6743,#6744,#6745,#6746,#6747,#6748,#6749),(#6750,#6751,#6752,#6753,#6754,
#6755,#6756,#6757,#6758,#6759,#6760,#6761),(#6762,#6763,#6764,#6765,#6766,
#6767,#6768,#6769,#6770,#6771,#6772,#6773),(#6774,#6775,#6776,#6777,#6778,
#6779,#6780,#6781,#6782,#6783,#6784,#6785),(#6786,#6787,#6788,#6789,#6790,
#6791,#6792,#6793,#6794,#6795,#6796,#6797)),.UNSPECIFIED.,.F.,.F.,.F.,(4,
1,4),(4,1,1,1,1,1,1,1,1,4),(0.,0.571428571428571,1.),(3.86932101809967E-14,
0.885958224607836,1.77191644921563,2.65787467382343,3.54383289843123,5.31574934764682,
7.08766579686242,8.85958224607801,10.6314986952936,12.4034151445092),
 .UNSPECIFIED.);
#56=B_SPLINE_SURFACE_WITH_KNOTS('',3,3,((#6816,#6817,#6818,#6819,#6820,
#6821,#6822,#6823,#6824,#6825,#6826,#6827,#6828,#6829),(#6830,#6831,#6832,
#6833,#6834,#6835,#6836,#6837,#6838,#6839,#6840,#6841,#6842,#6843),(#6844,
#6845,#6846,#6847,#6848,#6849,#6850,#6851,#6852,#6853,#6854,#6855,#6856,
#6857),(#6858,#6859,#6860,#6861,#6862,#6863,#6864,#6865,#6866,#6867,#6868,
#6869,#6870,#6871),(#6872,#6873,#6874,#6875,#6876,#6877,#6878,#6879,#6880,
#6881,#6882,#6883,#6884,#6885)),.UNSPECIFIED.,.F.,.F.,.F.,(4,1,4),(4,1,
1,1,1,1,1,1,1,1,1,4),(0.,0.571428571428571,1.),(1.58248414372507E-14,0.885958224607809,
1.7719164492156,2.6578746738234,3.54383289843119,5.31574934764678,7.08766579686236,
8.85958224607795,9.74554047068575,10.6314986952935,11.5174569199013,12.4034151445091),
 .UNSPECIFIED.);
#57=B_SPLINE_SURFACE_WITH_KNOTS('',3,3,((#6920,#6921,#6922,#6923),(#6924,
#6925,#6926,#6927),(#6928,#6929,#6930,#6931),(#6932,#6933,#6934,#6935),
(#6936,#6937,#6938,#6939),(#6940,#6941,#6942,#6943),(#6944,#6945,#6946,
#6947),(#6948,#6949,#6950,#6951),(#6952,#6953,#6954,#6955),(#6956,#6957,
#6958,#6959)),.UNSPECIFIED.,.F.,.F.,.F.,(4,1,1,1,1,1,1,4),(4,4),(0.,0.142857142857143,
0.285714285714286,0.428571428571429,0.571428571428571,0.714285714285714,
0.857142857142857,1.),(0.2,1.6),.UNSPECIFIED.);
#58=B_SPLINE_SURFACE_WITH_KNOTS('',3,3,((#6963,#6964,#6965,#6966),(#6967,
#6968,#6969,#6970),(#6971,#6972,#6973,#6974),(#6975,#6976,#6977,#6978),
(#6979,#6980,#6981,#6982),(#6983,#6984,#6985,#6986),(#6987,#6988,#6989,
#6990),(#6991,#6992,#6993,#6994),(#6995,#6996,#6997,#6998),(#6999,#7000,
#7001,#7002)),.UNSPECIFIED.,.F.,.F.,.F.,(4,1,1,1,1,1,1,4),(4,4),(0.,0.142857142857143,
0.285714285714286,0.428571428571429,0.571428571428571,0.714285714285714,
0.857142857142857,1.),(0.2,1.6),.UNSPECIFIED.);
#59=GEOMETRICALLY_BOUNDED_WIREFRAME_SHAPE_REPRESENTATION('',(#60,#61,#62),
#7680);
#60=GEOMETRIC_CURVE_SET('Skizze4',(#5671));
#61=GEOMETRIC_CURVE_SET('Skizze8',(#5672));
#62=GEOMETRIC_CURVE_SET('Skizze9',(#5673));
#63=SHAPE_REPRESENTATION_RELATIONSHIP('SRR','None',#7718,#70);
#64=SHAPE_REPRESENTATION_RELATIONSHIP('SRR','None',#7718,#59);
#65=SHAPE_REPRESENTATION_RELATIONSHIP('SRR','None',#7719,#71);
#66=SHAPE_REPRESENTATION_RELATIONSHIP('SRR','None',#7721,#72);
#67=SHAPE_REPRESENTATION_RELATIONSHIP('SRR','None',#7722,#73);
#68=SHAPE_REPRESENTATION_RELATIONSHIP('SRR','None',#7723,#74);
#69=SHAPE_REPRESENTATION_RELATIONSHIP('SRR','None',#7724,#75);
#70=ADVANCED_BREP_SHAPE_REPRESENTATION('',(#88),#7680);
#71=ADVANCED_BREP_SHAPE_REPRESENTATION('',(#89),#7681);
#72=ADVANCED_BREP_SHAPE_REPRESENTATION('',(#90),#7683);
#73=ADVANCED_BREP_SHAPE_REPRESENTATION('',(#91),#7684);
#74=ADVANCED_BREP_SHAPE_REPRESENTATION('',(#92),#7685);
#75=ADVANCED_BREP_SHAPE_REPRESENTATION('',(#93),#7686);
#76=STYLED_ITEM('',(#3759),#88);
#77=STYLED_ITEM('',(#3759),#89);
#78=STYLED_ITEM('',(#3759),#90);
#79=STYLED_ITEM('',(#3759),#91);
#80=STYLED_ITEM('',(#3759),#92);
#81=STYLED_ITEM('',(#3761),#3677);
#82=STYLED_ITEM('',(#3761),#3678);
#83=STYLED_ITEM('',(#3761),#3679);
#84=STYLED_ITEM('',(#3761),#3680);
#85=STYLED_ITEM('',(#3761),#3681);
#86=STYLED_ITEM('',(#3761),#3682);
#87=STYLED_ITEM('',(#3759),#93);
#88=MANIFOLD_SOLID_BREP('Volumenk\X\F6rper1',#3683);
#89=MANIFOLD_SOLID_BREP('Volumenk\X\F6rper1',#3684);
#90=MANIFOLD_SOLID_BREP('Volumenk\X\F6rper1',#3685);
#91=MANIFOLD_SOLID_BREP('Volumenk\X\F6rper1',#3686);
#92=MANIFOLD_SOLID_BREP('Volumenk\X\F6rper1',#3687);
#93=MANIFOLD_SOLID_BREP('Volumenk\X\F6rper1',#3688);
#94=CONICAL_SURFACE('',#3882,37.5,0.785398163397448);
#95=CONICAL_SURFACE('',#3886,37.5,0.785398163397448);
#96=CONICAL_SURFACE('',#3975,17.875,0.785398163397451);
#97=CONICAL_SURFACE('',#3980,17.875,0.785398163397448);
#98=CONICAL_SURFACE('',#3985,17.875,0.785398163397451);
#99=CONICAL_SURFACE('',#3986,17.875,0.785398163397451);
#100=CONICAL_SURFACE('',#3987,17.875,0.785398163397448);
#101=CONICAL_SURFACE('',#3992,17.875,0.785398163397448);
#102=CONICAL_SURFACE('',#4132,3.3,0.785398163397448);
#103=CONICAL_SURFACE('',#4145,3.3,0.78539816339745);
#104=CONICAL_SURFACE('',#4149,4.75,0.785398163397448);
#105=CONICAL_SURFACE('',#4153,4.75,0.785398163397448);
#106=CONICAL_SURFACE('',#4160,14.75,0.785398163397448);
#107=(
BOUNDED_SURFACE()
B_SPLINE_SURFACE(2,2,((#5434,#5435,#5436,#5437,#5438),(#5439,#5440,#5441,
#5442,#5443),(#5444,#5445,#5446,#5447,#5448)),.UNSPECIFIED.,.F.,.F.,.F.)
B_SPLINE_SURFACE_WITH_KNOTS((3,3),(3,2,3),(-1.5707963267949,0.),(-1.57079632679491,
6.21724893790088E-15,1.57079632679492),.UNSPECIFIED.)
GEOMETRIC_REPRESENTATION_ITEM()
RATIONAL_B_SPLINE_SURFACE(((1.,0.70710678118654,1.,0.70710678118654,1.),
(0.70710678118654,0.499999999999989,0.70710678118654,0.499999999999989,
0.70710678118654),(1.,0.70710678118654,1.,0.70710678118654,1.)))
REPRESENTATION_ITEM('')
SURFACE()
);
#108=(
BOUNDED_SURFACE()
B_SPLINE_SURFACE(2,2,((#5487,#5488,#5489,#5490,#5491),(#5492,#5493,#5494,
#5495,#5496),(#5497,#5498,#5499,#5500,#5501)),.UNSPECIFIED.,.F.,.F.,.F.)
B_SPLINE_SURFACE_WITH_KNOTS((3,3),(3,2,3),(-1.5707963267949,0.),(-1.5707963267949,
0.,1.5707963267949),.UNSPECIFIED.)
GEOMETRIC_REPRESENTATION_ITEM()
RATIONAL_B_SPLINE_SURFACE(((1.,0.707106781186547,1.,0.707106781186547,1.),
(0.70710678118654,0.499999999999995,0.70710678118654,0.499999999999995,
0.70710678118654),(1.,0.707106781186547,1.,0.707106781186547,1.)))
REPRESENTATION_ITEM('')
SURFACE()
);
#109=(
BOUNDED_SURFACE()
B_SPLINE_SURFACE(2,2,((#5546,#5547,#5548,#5549,#5550),(#5551,#5552,#5553,
#5554,#5555),(#5556,#5557,#5558,#5559,#5560)),.UNSPECIFIED.,.F.,.F.,.F.)
B_SPLINE_SURFACE_WITH_KNOTS((3,3),(3,2,3),(0.,1.5707963267949),(-1.57079632679491,
6.21724893790088E-15,1.57079632679492),.UNSPECIFIED.)
GEOMETRIC_REPRESENTATION_ITEM()
RATIONAL_B_SPLINE_SURFACE(((1.,0.70710678118654,1.,0.70710678118654,1.),
(0.70710678118654,0.499999999999989,0.70710678118654,0.499999999999989,
0.70710678118654),(1.,0.70710678118654,1.,0.70710678118654,1.)))
REPRESENTATION_ITEM('')
SURFACE()
);
#110=(
BOUNDED_SURFACE()
B_SPLINE_SURFACE(2,2,((#5572,#5573,#5574,#5575,#5576),(#5577,#5578,#5579,
#5580,#5581),(#5582,#5583,#5584,#5585,#5586)),.UNSPECIFIED.,.F.,.F.,.F.)
B_SPLINE_SURFACE_WITH_KNOTS((3,3),(3,2,3),(0.,1.5707963267949),(-1.5707963267949,
0.,1.5707963267949),.UNSPECIFIED.)
GEOMETRIC_REPRESENTATION_ITEM()
RATIONAL_B_SPLINE_SURFACE(((1.,0.707106781186547,1.,0.707106781186547,1.),
(0.70710678118654,0.499999999999995,0.70710678118654,0.499999999999995,
0.70710678118654),(1.,0.707106781186547,1.,0.707106781186547,1.)))
REPRESENTATION_ITEM('')
SURFACE()
);
#111=FACE_BOUND('',#1182,.T.);
#112=FACE_BOUND('',#1212,.T.);
#113=FACE_BOUND('',#1217,.T.);
#114=FACE_BOUND('',#1220,.T.);
#115=FACE_BOUND('',#1224,.T.);
#116=FACE_BOUND('',#1245,.T.);
#117=FACE_BOUND('',#1246,.T.);
#118=FACE_BOUND('',#1247,.T.);
#119=FACE_BOUND('',#1250,.T.);
#120=FACE_BOUND('',#1253,.T.);
#121=FACE_BOUND('',#1254,.T.);
#122=FACE_BOUND('',#1255,.T.);
#123=FACE_BOUND('',#1266,.T.);
#124=FACE_BOUND('',#1269,.T.);
#125=FACE_BOUND('',#1270,.T.);
#126=FACE_BOUND('',#1271,.T.);
#127=FACE_BOUND('',#1272,.T.);
#128=FACE_BOUND('',#1273,.T.);
#129=FACE_BOUND('',#1274,.T.);
#130=FACE_BOUND('',#1275,.T.);
#131=FACE_BOUND('',#1276,.T.);
#132=FACE_BOUND('',#1277,.T.);
#133=FACE_BOUND('',#1278,.T.);
#134=FACE_BOUND('',#1279,.T.);
#135=FACE_BOUND('',#1290,.T.);
#136=FACE_BOUND('',#1291,.T.);
#137=FACE_BOUND('',#1292,.T.);
#138=FACE_BOUND('',#1294,.T.);
#139=FACE_BOUND('',#1297,.T.);
#140=FACE_BOUND('',#1300,.T.);
#141=FACE_BOUND('',#1303,.T.);
#142=FACE_BOUND('',#1308,.T.);
#143=FACE_BOUND('',#1311,.T.);
#144=FACE_BOUND('',#1314,.T.);
#145=FACE_BOUND('',#1329,.T.);
#146=FACE_BOUND('',#1330,.T.);
#147=FACE_BOUND('',#1331,.T.);
#148=FACE_BOUND('',#1344,.T.);
#149=FACE_BOUND('',#1345,.T.);
#150=FACE_BOUND('',#1346,.T.);
#151=FACE_BOUND('',#1375,.T.);
#152=FACE_BOUND('',#1376,.T.);
#153=FACE_BOUND('',#1377,.T.);
#154=FACE_BOUND('',#1380,.T.);
#155=FACE_BOUND('',#1381,.T.);
#156=FACE_BOUND('',#1382,.T.);
#157=FACE_BOUND('',#1386,.T.);
#158=FACE_BOUND('',#1387,.T.);
#159=FACE_BOUND('',#1388,.T.);
#160=FACE_BOUND('',#1389,.T.);
#161=FACE_BOUND('',#1400,.T.);
#162=FACE_BOUND('',#1404,.T.);
#163=FACE_BOUND('',#1408,.T.);
#164=FACE_BOUND('',#1409,.T.);
#165=FACE_BOUND('',#1410,.T.);
#166=PLANE('',#3840);
#167=PLANE('',#3845);
#168=PLANE('',#3846);
#169=PLANE('',#3847);
#170=PLANE('',#3848);
#171=PLANE('',#3849);
#172=PLANE('',#3850);
#173=PLANE('',#3861);
#174=PLANE('',#3864);
#175=PLANE('',#3866);
#176=PLANE('',#3877);
#177=PLANE('',#3878);
#178=PLANE('',#3885);
#179=PLANE('',#3889);
#180=PLANE('',#3890);
#181=PLANE('',#3893);
#182=PLANE('',#3895);
#183=PLANE('',#3899);
#184=PLANE('',#3900);
#185=PLANE('',#3904);
#186=PLANE('',#3910);
#187=PLANE('',#3911);
#188=PLANE('',#3914);
#189=PLANE('',#3944);
#190=PLANE('',#3945);
#191=PLANE('',#3946);
#192=PLANE('',#3962);
#193=PLANE('',#3963);
#194=PLANE('',#3993);
#195=PLANE('',#3996);
#196=PLANE('',#3999);
#197=PLANE('',#4002);
#198=PLANE('',#4005);
#199=PLANE('',#4008);
#200=PLANE('',#4011);
#201=PLANE('',#4014);
#202=PLANE('',#4017);
#203=PLANE('',#4044);
#204=PLANE('',#4047);
#205=PLANE('',#4050);
#206=PLANE('',#4078);
#207=PLANE('',#4080);
#208=PLANE('',#4081);
#209=PLANE('',#4087);
#210=PLANE('',#4089);
#211=PLANE('',#4092);
#212=PLANE('',#4094);
#213=PLANE('',#4101);
#214=PLANE('',#4105);
#215=PLANE('',#4109);
#216=PLANE('',#4113);
#217=PLANE('',#4114);
#218=PLANE('',#4116);
#219=PLANE('',#4119);
#220=PLANE('',#4123);
#221=PLANE('',#4124);
#222=PLANE('',#4125);
#223=PLANE('',#4126);
#224=PLANE('',#4127);
#225=PLANE('',#4128);
#226=PLANE('',#4129);
#227=PLANE('',#4130);
#228=PLANE('',#4135);
#229=PLANE('',#4152);
#230=PLANE('',#4156);
#231=PLANE('',#4157);
#232=PLANE('',#4159);
#233=PLANE('',#4165);
#234=PLANE('',#4166);
#235=PLANE('',#4167);
#236=PLANE('',#4168);
#237=PLANE('',#4169);
#238=PLANE('',#4173);
#239=PLANE('',#4174);
#240=PLANE('',#4175);
#241=PLANE('',#4177);
#242=PLANE('',#4178);
#243=PLANE('',#4179);
#244=PLANE('',#4180);
#245=PLANE('',#4181);
#246=PLANE('',#4182);
#247=PLANE('',#4183);
#248=PLANE('',#4184);
#249=PLANE('',#4185);
#250=PLANE('',#4186);
#251=PLANE('',#4187);
#252=PLANE('',#4188);
#253=PLANE('',#4197);
#254=PLANE('',#4198);
#255=PLANE('',#4199);
#256=PLANE('',#4200);
#257=PLANE('',#4201);
#258=PLANE('',#4202);
#259=PLANE('',#4204);
#260=PLANE('',#4206);
#261=PLANE('',#4208);
#262=PLANE('',#4210);
#263=PLANE('',#4217);
#264=PLANE('',#4218);
#265=PLANE('',#4219);
#266=PLANE('',#4220);
#267=PLANE('',#4221);
#268=PLANE('',#4222);
#269=B_SPLINE_CURVE_WITH_KNOTS('',3,(#5320,#5321,#5322,#5323,#5324,#5325,
#5326,#5327,#5328,#5329,#5330,#5331),.UNSPECIFIED.,.F.,.F.,(4,2,2,2,2,4),
(0.,0.178643985380503,0.357287970761006,0.714575941522011,1.05520898822647,
1.39584203493093),.UNSPECIFIED.);
#270=B_SPLINE_CURVE_WITH_KNOTS('',3,(#5332,#5333,#5334,#5335,#5336,#5337,
#5338,#5339,#5340,#5341,#5342,#5343,#5344,#5345,#5346,#5347,#5348,#5349,
#5350,#5351,#5352,#5353,#5354,#5355,#5356,#5357,#5358,#5359,#5360,#5361,
#5362,#5363),.UNSPECIFIED.,.F.,.F.,(4,2,2,2,2,2,2,2,2,2,2,2,2,2,2,4),(1.39584203493093,
1.73647508163539,2.07710812833984,2.43439609910085,2.61304008448135,2.79168406986185,
2.97032805524236,3.14897204062286,3.50626001138386,3.84689305808832,4.18752610479278,
4.52815915149724,4.8687921982017,5.2260801689627,5.4047241543432,5.58336813972371),
 .UNSPECIFIED.);
#271=B_SPLINE_CURVE_WITH_KNOTS('',3,(#5371,#5372,#5373,#5374,#5375,#5376),
 .UNSPECIFIED.,.F.,.F.,(4,2,4),(2.64409996596637,2.69690657087482,3.082940623764),
 .UNSPECIFIED.);
#272=B_SPLINE_CURVE_WITH_KNOTS('',3,(#5384,#5385,#5386,#5387,#5388,#5389,
#5390,#5391,#5392,#5393,#5394),.UNSPECIFIED.,.F.,.F.,(4,2,3,2,4),(-0.438840657797632,
-0.386034052889183,0.,0.386034052889183,0.438840657797631),
 .UNSPECIFIED.);
#273=B_SPLINE_CURVE_WITH_KNOTS('',3,(#5401,#5402,#5403,#5404,#5405,#5406),
 .UNSPECIFIED.,.F.,.F.,(4,2,4),(3.082940623764,3.46897467665318,3.52178128156163),
 .UNSPECIFIED.);
#274=B_SPLINE_CURVE_WITH_KNOTS('',3,(#5460,#5461,#5462,#5463,#5464,#5465,
#5466,#5467,#5468,#5469),.UNSPECIFIED.,.F.,.F.,(4,2,2,2,4),(2.98013730957302,
3.21732474401107,3.46448863115214,3.71201360618876,3.95953858122537),
 .UNSPECIFIED.);
#275=B_SPLINE_CURVE_WITH_KNOTS('',3,(#5477,#5478,#5479,#5480,#5481,#5482,
#5483,#5484,#5485,#5486),.UNSPECIFIED.,.F.,.F.,(4,2,2,2,4),(3.95953858122537,
4.20706355626199,4.4545885312986,4.70175241843967,4.93893985287773),
 .UNSPECIFIED.);
#276=B_SPLINE_CURVE_WITH_KNOTS('',3,(#5510,#5511,#5512,#5513,#5514,#5515,
#5516,#5517,#5518,#5519,#5520,#5521,#5522,#5523,#5524,#5525,#5526,#5527,
#5528),.UNSPECIFIED.,.F.,.F.,(4,2,2,2,3,2,2,2,4),(2.98013730957302,3.21732474401108,
3.46448863115214,3.71201360618876,3.95953858122537,4.20706355626199,4.4545885312986,
4.70175241843967,4.93893985287773),.UNSPECIFIED.);
#277=B_SPLINE_CURVE_WITH_KNOTS('',3,(#5681,#5682,#5683,#5684,#5685,#5686,
#5687,#5688,#5689,#5690,#5691,#5692,#5693,#5694,#5695,#5696,#5697,#5698),
 .UNSPECIFIED.,.F.,.F.,(4,2,2,2,2,2,2,2,4),(0.552464466111181,0.689587861107341,
0.826711256103501,0.965820094162926,1.10492893222235,1.24403777028178,1.3831466083412,
1.52027000333736,1.65739339833352),.UNSPECIFIED.);
#278=B_SPLINE_CURVE_WITH_KNOTS('',3,(#5700,#5701,#5702,#5703,#5704,#5705,
#5706,#5707,#5708,#5709),.UNSPECIFIED.,.F.,.F.,(4,2,2,2,4),(0.,0.139108838059427,
0.278217676118854,0.415341071115018,0.552464466111181),.UNSPECIFIED.);
#279=B_SPLINE_CURVE_WITH_KNOTS('',3,(#5710,#5711,#5712,#5713,#5714,#5715,
#5716,#5717,#5718,#5719),.UNSPECIFIED.,.F.,.F.,(4,2,2,2,4),(1.65739339833352,
1.79451679332969,1.93164018832585,2.07074902638528,2.2098578644447),
 .UNSPECIFIED.);
#280=B_SPLINE_CURVE_WITH_KNOTS('',3,(#5725,#5726,#5727,#5728,#5729,#5730,
#5731,#5732,#5733,#5734,#5735,#5736,#5737,#5738,#5739,#5740,#5741,#5742,
#5743,#5744,#5745,#5746,#5747,#5748,#5749,#5750,#5751,#5752,#5753,#5754,
#5755,#5756,#5757,#5758),.UNSPECIFIED.,.T.,.F.,(4,2,2,2,2,2,2,2,2,2,2,2,
2,2,2,2,4),(0.,0.139108838059424,0.278217676118848,0.415341071115005,0.552464466111161,
0.689587861107329,0.826711256103497,0.965820094162926,1.10492893222235,
1.24403777028178,1.38314660834121,1.52027000333738,1.65739339833355,1.7945167933297,
1.93164018832586,2.07074902638529,2.20985786444471),.UNSPECIFIED.);
#281=B_SPLINE_CURVE_WITH_KNOTS('',3,(#5764,#5765,#5766,#5767,#5768,#5769,
#5770,#5771,#5772,#5773,#5774,#5775,#5776,#5777,#5778,#5779,#5780,#5781,
#5782,#5783,#5784,#5785,#5786,#5787,#5788,#5789,#5790,#5791,#5792,#5793,
#5794,#5795,#5796,#5797),.UNSPECIFIED.,.T.,.F.,(4,2,2,2,2,2,2,2,2,2,2,2,
2,2,2,2,4),(0.,0.139108838059426,0.278217676118853,0.415341071115011,0.552464466111169,
0.689587861107333,0.826711256103497,0.965820094162925,1.10492893222235,
1.24403777028178,1.38314660834121,1.52027000333737,1.65739339833354,1.7945167933297,
1.93164018832585,2.07074902638528,2.20985786444471),.UNSPECIFIED.);
#282=B_SPLINE_CURVE_WITH_KNOTS('',3,(#5803,#5804,#5805,#5806,#5807,#5808,
#5809,#5810,#5811,#5812,#5813,#5814,#5815,#5816,#5817,#5818,#5819,#5820,
#5821,#5822,#5823,#5824,#5825,#5826,#5827,#5828,#5829,#5830,#5831,#5832,
#5833,#5834,#5835,#5836),.UNSPECIFIED.,.T.,.F.,(4,2,2,2,2,2,2,2,2,2,2,2,
2,2,2,2,4),(0.,0.139108838059424,0.278217676118848,0.415341071115004,0.55246446611116,
0.689587861107327,0.826711256103494,0.965820094162923,1.10492893222235,
1.24403777028178,1.38314660834121,1.52027000333738,1.65739339833354,1.7945167933297,
1.93164018832586,2.07074902638528,2.2098578644447),.UNSPECIFIED.);
#283=B_SPLINE_CURVE_WITH_KNOTS('',3,(#5843,#5844,#5845,#5846,#5847,#5848,
#5849,#5850,#5851,#5852),.UNSPECIFIED.,.F.,.F.,(4,2,2,2,4),(0.,0.139108838059425,
0.27821767611885,0.415341071115009,0.552464466111168),.UNSPECIFIED.);
#284=B_SPLINE_CURVE_WITH_KNOTS('',3,(#5853,#5854,#5855,#5856,#5857,#5858,
#5859,#5860,#5861,#5862,#5863,#5864,#5865,#5866,#5867,#5868,#5869,#5870,
#5871,#5872,#5873,#5874,#5875,#5876,#5877,#5878),.UNSPECIFIED.,.F.,.F.,
(4,2,2,2,2,2,2,2,2,2,2,2,4),(0.552464466111168,0.689587861107332,0.826711256103496,
0.965820094162924,1.10492893222235,1.24403777028178,1.38314660834121,1.52027000333737,
1.65739339833353,1.79451679332969,1.93164018832585,2.07074902638528,2.2098578644447),
 .UNSPECIFIED.);
#285=B_SPLINE_CURVE_WITH_KNOTS('',3,(#5885,#5886,#5887,#5888,#5889,#5890,
#5891,#5892,#5893,#5894,#5895,#5896,#5897,#5898,#5899,#5900,#5901,#5902),
 .UNSPECIFIED.,.F.,.F.,(4,2,2,2,2,2,2,2,4),(0.,0.139108838059427,0.278217676118854,
0.415341071115016,0.552464466111178,0.689587861107339,0.8267112561035,0.965820094162927,
1.10492893222235),.UNSPECIFIED.);
#286=B_SPLINE_CURVE_WITH_KNOTS('',3,(#5903,#5904,#5905,#5906,#5907,#5908,
#5909,#5910,#5911,#5912,#5913,#5914,#5915,#5916,#5917,#5918,#5919,#5920),
 .UNSPECIFIED.,.F.,.F.,(4,2,2,2,2,2,2,2,4),(1.10492893222235,1.24403777028178,
1.38314660834121,1.52027000333737,1.65739339833353,1.79451679332969,1.93164018832585,
2.07074902638528,2.20985786444471),.UNSPECIFIED.);
#287=B_SPLINE_CURVE_WITH_KNOTS('',3,(#5927,#5928,#5929,#5930,#5931,#5932,
#5933,#5934,#5935,#5936,#5937,#5938,#5939,#5940,#5941,#5942,#5943,#5944),
 .UNSPECIFIED.,.F.,.F.,(4,2,2,2,2,2,2,2,4),(0.,0.139108838059428,0.278217676118856,
0.415341071115016,0.552464466111176,0.689587861107336,0.826711256103496,
0.965820094162924,1.10492893222235),.UNSPECIFIED.);
#288=B_SPLINE_CURVE_WITH_KNOTS('',3,(#5945,#5946,#5947,#5948,#5949,#5950,
#5951,#5952,#5953,#5954,#5955,#5956,#5957,#5958,#5959,#5960,#5961,#5962),
 .UNSPECIFIED.,.F.,.F.,(4,2,2,2,2,2,2,2,4),(1.10492893222235,1.24403777028178,
1.38314660834121,1.52027000333737,1.65739339833353,1.79451679332969,1.93164018832585,
2.07074902638528,2.2098578644447),.UNSPECIFIED.);
#289=B_SPLINE_CURVE_WITH_KNOTS('',3,(#5969,#5970,#5971,#5972,#5973,#5974,
#5975,#5976,#5977,#5978,#5979,#5980,#5981,#5982,#5983,#5984,#5985,#5986),
 .UNSPECIFIED.,.F.,.F.,(4,2,2,2,2,2,2,2,4),(0.,0.139108838059427,0.278217676118854,
0.415341071115016,0.552464466111178,0.68958786110734,0.826711256103502,
0.965820094162929,1.10492893222235),.UNSPECIFIED.);
#290=B_SPLINE_CURVE_WITH_KNOTS('',3,(#5987,#5988,#5989,#5990,#5991,#5992,
#5993,#5994,#5995,#5996,#5997,#5998,#5999,#6000,#6001,#6002,#6003,#6004),
 .UNSPECIFIED.,.F.,.F.,(4,2,2,2,2,2,2,2,4),(1.10492893222235,1.24403777028178,
1.38314660834121,1.52027000333737,1.65739339833353,1.79451679332969,1.93164018832586,
2.07074902638528,2.20985786444471),.UNSPECIFIED.);
#291=B_SPLINE_CURVE_WITH_KNOTS('',3,(#6079,#6080,#6081,#6082,#6083,#6084,
#6085,#6086,#6087,#6088,#6089,#6090,#6091,#6092),.UNSPECIFIED.,.F.,.F.,
(4,1,1,1,1,1,1,1,1,1,1,4),(-12.4034151445091,-11.5174569199013,-10.6314986952935,
-9.74554047068574,-8.85958224607794,-7.08766579686236,-5.31574934764677,
-3.54383289843118,-2.65787467382338,-1.77191644921559,-0.885958224607794,
0.),.UNSPECIFIED.);
#292=B_SPLINE_CURVE_WITH_KNOTS('',3,(#6095,#6096,#6097,#6098,#6099,#6100,
#6101,#6102,#6103,#6104,#6105,#6106,#6107,#6108),.UNSPECIFIED.,.F.,.F.,
(4,1,1,1,1,1,1,1,1,1,1,4),(0.,0.885958224607794,1.77191644921559,2.65787467382338,
3.54383289843118,5.31574934764677,7.08766579686236,8.85958224607794,9.74554047068574,
10.6314986952935,11.5174569199013,12.4034151445091),.UNSPECIFIED.);
#293=B_SPLINE_CURVE_WITH_KNOTS('',3,(#6188,#6189,#6190,#6191,#6192,#6193,
#6194,#6195,#6196,#6197,#6198,#6199,#6200,#6201),.UNSPECIFIED.,.F.,.F.,
(4,1,1,1,1,1,1,1,1,1,1,4),(-12.4034151445091,-11.5174569199013,-10.6314986952935,
-9.74554047068574,-8.85958224607795,-7.08766579686236,-5.31574934764677,
-3.54383289843118,-2.65787467382338,-1.77191644921559,-0.885958224607795,
0.),.UNSPECIFIED.);
#294=B_SPLINE_CURVE_WITH_KNOTS('',3,(#6202,#6203,#6204,#6205,#6206,#6207,
#6208,#6209,#6210,#6211,#6212,#6213,#6214,#6215),.UNSPECIFIED.,.F.,.F.,
(4,1,1,1,1,1,1,1,1,1,1,4),(0.,0.885958224607795,1.77191644921559,2.65787467382338,
3.54383289843118,5.31574934764677,7.08766579686236,8.85958224607795,9.74554047068574,
10.6314986952935,11.5174569199013,12.4034151445091),.UNSPECIFIED.);
#295=B_SPLINE_CURVE_WITH_KNOTS('',3,(#6295,#6296,#6297,#6298,#6299,#6300,
#6301,#6302,#6303,#6304,#6305,#6306,#6307,#6308),.UNSPECIFIED.,.F.,.F.,
(4,1,1,1,1,1,1,1,1,1,1,4),(-12.4034151445091,-11.5174569199013,-10.6314986952935,
-9.74554047068574,-8.85958224607795,-7.08766579686236,-5.31574934764677,
-3.54383289843118,-2.65787467382338,-1.77191644921559,-0.885958224607795,
-1.11022302462516E-17),.UNSPECIFIED.);
#296=B_SPLINE_CURVE_WITH_KNOTS('',3,(#6309,#6310,#6311,#6312,#6313,#6314,
#6315,#6316,#6317,#6318,#6319,#6320,#6321,#6322),.UNSPECIFIED.,.F.,.F.,
(4,1,1,1,1,1,1,1,1,1,1,4),(1.11022302462516E-17,0.885958224607795,1.77191644921559,
2.65787467382338,3.54383289843118,5.31574934764677,7.08766579686236,8.85958224607795,
9.74554047068574,10.6314986952935,11.5174569199013,12.4034151445091),
 .UNSPECIFIED.);
#297=B_SPLINE_CURVE_WITH_KNOTS('',3,(#6392,#6393,#6394,#6395,#6396,#6397,
#6398,#6399,#6400,#6401,#6402,#6403),.UNSPECIFIED.,.F.,.F.,(4,1,1,1,1,1,
1,1,1,4),(-12.4034151445092,-10.6314986952936,-8.859582246078,-7.0876657968624,
-5.3157493476468,-3.5438328984312,-2.6578746738234,-1.7719164492156,-0.8859582246078,
0.),.UNSPECIFIED.);
#298=B_SPLINE_CURVE_WITH_KNOTS('',3,(#6404,#6405,#6406,#6407,#6408,#6409,
#6410,#6411,#6412,#6413,#6414,#6415),.UNSPECIFIED.,.F.,.F.,(4,1,1,1,1,1,
1,1,1,4),(0.,0.8859582246078,1.7719164492156,2.6578746738234,3.5438328984312,
5.3157493476468,7.0876657968624,8.859582246078,10.6314986952936,12.4034151445092),
 .UNSPECIFIED.);
#299=B_SPLINE_CURVE_WITH_KNOTS('',3,(#6467,#6468,#6469,#6470,#6471,#6472,
#6473,#6474,#6475,#6476,#6477,#6478),.UNSPECIFIED.,.F.,.F.,(4,1,1,1,1,1,
1,1,1,4),(-12.4034151445092,-10.6314986952936,-8.85958224607801,-7.08766579686242,
-5.31574934764682,-3.54383289843123,-2.65787467382343,-1.77191644921563,
-0.885958224607836,-3.86932101809967E-14),.UNSPECIFIED.);
#300=B_SPLINE_CURVE_WITH_KNOTS('',3,(#6525,#6526,#6527,#6528,#6529,#6530,
#6531,#6532,#6533,#6534,#6535,#6536,#6537),.UNSPECIFIED.,.F.,.F.,(4,1,1,
1,1,1,1,1,1,1,4),(-12.4034151445091,-11.5174569199013,-10.6314986952935,
-9.74554047068574,-8.85958224607795,-7.08766579686236,-5.31574934764677,
-3.54383289843118,-1.77191644921559,-0.885958224607794,0.),
 .UNSPECIFIED.);
#301=B_SPLINE_CURVE_WITH_KNOTS('',3,(#6619,#6620,#6621,#6622,#6623,#6624,
#6625,#6626,#6627,#6628,#6629,#6630,#6631,#6632),.UNSPECIFIED.,.F.,.F.,
(4,1,1,1,1,1,1,1,1,1,1,4),(-12.4034151445091,-11.5174569199013,-10.6314986952935,
-9.74554047068574,-8.85958224607795,-7.08766579686236,-5.31574934764677,
-3.54383289843118,-2.65787467382338,-1.77191644921559,-0.885958224607795,
0.),.UNSPECIFIED.);
#302=B_SPLINE_CURVE_WITH_KNOTS('',3,(#6635,#6636,#6637,#6638,#6639,#6640,
#6641,#6642,#6643,#6644,#6645,#6646,#6647,#6648),.UNSPECIFIED.,.F.,.F.,
(4,1,1,1,1,1,1,1,1,1,1,4),(0.,0.885958224607795,1.77191644921559,2.65787467382338,
3.54383289843118,5.31574934764677,7.08766579686236,8.85958224607795,9.74554047068574,
10.6314986952935,11.5174569199013,12.4034151445091),.UNSPECIFIED.);
#303=B_SPLINE_CURVE_WITH_KNOTS('',3,(#6721,#6722,#6723,#6724,#6725,#6726,
#6727,#6728,#6729,#6730,#6731,#6732,#6733),.UNSPECIFIED.,.F.,.F.,(4,1,1,
1,1,1,1,1,1,1,4),(0.,0.885958224607794,1.77191644921559,3.54383289843118,
5.31574934764677,7.08766579686236,8.85958224607795,9.74554047068574,10.6314986952935,
11.5174569199013,12.4034151445091),.UNSPECIFIED.);
#304=B_SPLINE_CURVE_WITH_KNOTS('',3,(#6800,#6801,#6802,#6803,#6804,#6805,
#6806,#6807,#6808,#6809,#6810,#6811),.UNSPECIFIED.,.F.,.F.,(4,1,1,1,1,1,
1,1,1,4),(3.86932101809967E-14,0.885958224607836,1.77191644921563,2.65787467382343,
3.54383289843123,5.31574934764682,7.08766579686242,8.85958224607801,10.6314986952936,
12.4034151445092),.UNSPECIFIED.);
#305=B_SPLINE_CURVE_WITH_KNOTS('',3,(#6889,#6890,#6891,#6892,#6893,#6894,
#6895,#6896,#6897,#6898,#6899,#6900,#6901,#6902),.UNSPECIFIED.,.F.,.F.,
(4,1,1,1,1,1,1,1,1,1,1,4),(-12.4034151445091,-11.5174569199013,-10.6314986952935,
-9.74554047068575,-8.85958224607795,-7.08766579686236,-5.31574934764678,
-3.54383289843119,-2.6578746738234,-1.7719164492156,-0.885958224607809,
-1.58248414372507E-14),.UNSPECIFIED.);
#306=B_SPLINE_CURVE_WITH_KNOTS('',3,(#6903,#6904,#6905,#6906,#6907,#6908,
#6909,#6910,#6911,#6912,#6913,#6914,#6915,#6916),.UNSPECIFIED.,.F.,.F.,
(4,1,1,1,1,1,1,1,1,1,1,4),(1.58248414372507E-14,0.885958224607809,1.7719164492156,
2.6578746738234,3.54383289843119,5.31574934764678,7.08766579686236,8.85958224607795,
9.74554047068575,10.6314986952935,11.5174569199013,12.4034151445091),
 .UNSPECIFIED.);
#307=LINE('',#5318,#596);
#308=LINE('',#5369,#597);
#309=LINE('',#5378,#598);
#310=LINE('',#5382,#599);
#311=LINE('',#5396,#600);
#312=LINE('',#5400,#601);
#313=LINE('',#5410,#602);
#314=LINE('',#5412,#603);
#315=LINE('',#5413,#604);
#316=LINE('',#5416,#605);
#317=LINE('',#5418,#606);
#318=LINE('',#5419,#607);
#319=LINE('',#5422,#608);
#320=LINE('',#5424,#609);
#321=LINE('',#5426,#610);
#322=LINE('',#5427,#611);
#323=LINE('',#5429,#612);
#324=LINE('',#5432,#613);
#325=LINE('',#5433,#614);
#326=LINE('',#5471,#615);
#327=LINE('',#5474,#616);
#328=LINE('',#5476,#617);
#329=LINE('',#5529,#618);
#330=LINE('',#5530,#619);
#331=LINE('',#5531,#620);
#332=LINE('',#5534,#621);
#333=LINE('',#5536,#622);
#334=LINE('',#5537,#623);
#335=LINE('',#5540,#624);
#336=LINE('',#5570,#625);
#337=LINE('',#5571,#626);
#338=LINE('',#5592,#627);
#339=LINE('',#5594,#628);
#340=LINE('',#5599,#629);
#341=LINE('',#5604,#630);
#342=LINE('',#5608,#631);
#343=LINE('',#5613,#632);
#344=LINE('',#5614,#633);
#345=LINE('',#5615,#634);
#346=LINE('',#5619,#635);
#347=LINE('',#5623,#636);
#348=LINE('',#5624,#637);
#349=LINE('',#5627,#638);
#350=LINE('',#5629,#639);
#351=LINE('',#5630,#640);
#352=LINE('',#5633,#641);
#353=LINE('',#5641,#642);
#354=LINE('',#5645,#643);
#355=LINE('',#5646,#644);
#356=LINE('',#5659,#645);
#357=LINE('',#5662,#646);
#358=LINE('',#5666,#647);
#359=LINE('',#5667,#648);
#360=LINE('',#5679,#649);
#361=LINE('',#5724,#650);
#362=LINE('',#5763,#651);
#363=LINE('',#5802,#652);
#364=LINE('',#5841,#653);
#365=LINE('',#5883,#654);
#366=LINE('',#5925,#655);
#367=LINE('',#5967,#656);
#368=LINE('',#6113,#657);
#369=LINE('',#6114,#658);
#370=LINE('',#6220,#659);
#371=LINE('',#6221,#660);
#372=LINE('',#6327,#661);
#373=LINE('',#6328,#662);
#374=LINE('',#6417,#663);
#375=LINE('',#6418,#664);
#376=LINE('',#6421,#665);
#377=LINE('',#6423,#666);
#378=LINE('',#6424,#667);
#379=LINE('',#6466,#668);
#380=LINE('',#6481,#669);
#381=LINE('',#6482,#670);
#382=LINE('',#6524,#671);
#383=LINE('',#6652,#672);
#384=LINE('',#6653,#673);
#385=LINE('',#6737,#674);
#386=LINE('',#6815,#675);
#387=LINE('',#6918,#676);
#388=LINE('',#6919,#677);
#389=LINE('',#6960,#678);
#390=LINE('',#6962,#679);
#391=LINE('',#7003,#680);
#392=LINE('',#7029,#681);
#393=LINE('',#7035,#682);
#394=LINE('',#7039,#683);
#395=LINE('',#7045,#684);
#396=LINE('',#7048,#685);
#397=LINE('',#7050,#686);
#398=LINE('',#7053,#687);
#399=LINE('',#7060,#688);
#400=LINE('',#7062,#689);
#401=LINE('',#7066,#690);
#402=LINE('',#7071,#691);
#403=LINE('',#7076,#692);
#404=LINE('',#7081,#693);
#405=LINE('',#7085,#694);
#406=LINE('',#7087,#695);
#407=LINE('',#7092,#696);
#408=LINE('',#7097,#697);
#409=LINE('',#7102,#698);
#410=LINE('',#7120,#699);
#411=LINE('',#7121,#700);
#412=LINE('',#7132,#701);
#413=LINE('',#7133,#702);
#414=LINE('',#7144,#703);
#415=LINE('',#7145,#704);
#416=LINE('',#7153,#705);
#417=LINE('',#7154,#706);
#418=LINE('',#7157,#707);
#419=LINE('',#7159,#708);
#420=LINE('',#7160,#709);
#421=LINE('',#7163,#710);
#422=LINE('',#7167,#711);
#423=LINE('',#7168,#712);
#424=LINE('',#7171,#713);
#425=LINE('',#7176,#714);
#426=LINE('',#7180,#715);
#427=LINE('',#7186,#716);
#428=LINE('',#7190,#717);
#429=LINE('',#7202,#718);
#430=LINE('',#7203,#719);
#431=LINE('',#7214,#720);
#432=LINE('',#7215,#721);
#433=LINE('',#7224,#722);
#434=LINE('',#7230,#723);
#435=LINE('',#7232,#724);
#436=LINE('',#7233,#725);
#437=LINE('',#7235,#726);
#438=LINE('',#7240,#727);
#439=LINE('',#7244,#728);
#440=LINE('',#7250,#729);
#441=LINE('',#7254,#730);
#442=LINE('',#7257,#731);
#443=LINE('',#7258,#732);
#444=LINE('',#7260,#733);
#445=LINE('',#7262,#734);
#446=LINE('',#7265,#735);
#447=LINE('',#7267,#736);
#448=LINE('',#7268,#737);
#449=LINE('',#7270,#738);
#450=LINE('',#7272,#739);
#451=LINE('',#7280,#740);
#452=LINE('',#7287,#741);
#453=LINE('',#7294,#742);
#454=LINE('',#7301,#743);
#455=LINE('',#7307,#744);
#456=LINE('',#7312,#745);
#457=LINE('',#7315,#746);
#458=LINE('',#7316,#747);
#459=LINE('',#7320,#748);
#460=LINE('',#7324,#749);
#461=LINE('',#7326,#750);
#462=LINE('',#7329,#751);
#463=LINE('',#7333,#752);
#464=LINE('',#7335,#753);
#465=LINE('',#7337,#754);
#466=LINE('',#7338,#755);
#467=LINE('',#7341,#756);
#468=LINE('',#7343,#757);
#469=LINE('',#7344,#758);
#470=LINE('',#7347,#759);
#471=LINE('',#7349,#760);
#472=LINE('',#7350,#761);
#473=LINE('',#7353,#762);
#474=LINE('',#7354,#763);
#475=LINE('',#7357,#764);
#476=LINE('',#7358,#765);
#477=LINE('',#7360,#766);
#478=LINE('',#7367,#767);
#479=LINE('',#7372,#768);
#480=LINE('',#7376,#769);
#481=LINE('',#7380,#770);
#482=LINE('',#7388,#771);
#483=LINE('',#7391,#772);
#484=LINE('',#7397,#773);
#485=LINE('',#7400,#774);
#486=LINE('',#7405,#775);
#487=LINE('',#7409,#776);
#488=LINE('',#7413,#777);
#489=LINE('',#7418,#778);
#490=LINE('',#7419,#779);
#491=LINE('',#7420,#780);
#492=LINE('',#7424,#781);
#493=LINE('',#7428,#782);
#494=LINE('',#7429,#783);
#495=LINE('',#7431,#784);
#496=LINE('',#7432,#785);
#497=LINE('',#7434,#786);
#498=LINE('',#7438,#787);
#499=LINE('',#7440,#788);
#500=LINE('',#7442,#789);
#501=LINE('',#7443,#790);
#502=LINE('',#7448,#791);
#503=LINE('',#7453,#792);
#504=LINE('',#7457,#793);
#505=LINE('',#7459,#794);
#506=LINE('',#7461,#795);
#507=LINE('',#7462,#796);
#508=LINE('',#7466,#797);
#509=LINE('',#7468,#798);
#510=LINE('',#7470,#799);
#511=LINE('',#7471,#800);
#512=LINE('',#7475,#801);
#513=LINE('',#7477,#802);
#514=LINE('',#7479,#803);
#515=LINE('',#7480,#804);
#516=LINE('',#7484,#805);
#517=LINE('',#7486,#806);
#518=LINE('',#7488,#807);
#519=LINE('',#7489,#808);
#520=LINE('',#7490,#809);
#521=LINE('',#7491,#810);
#522=LINE('',#7500,#811);
#523=LINE('',#7502,#812);
#524=LINE('',#7504,#813);
#525=LINE('',#7505,#814);
#526=LINE('',#7508,#815);
#527=LINE('',#7510,#816);
#528=LINE('',#7514,#817);
#529=LINE('',#7516,#818);
#530=LINE('',#7518,#819);
#531=LINE('',#7520,#820);
#532=LINE('',#7522,#821);
#533=LINE('',#7524,#822);
#534=LINE('',#7525,#823);
#535=LINE('',#7529,#824);
#536=LINE('',#7531,#825);
#537=LINE('',#7532,#826);
#538=LINE('',#7533,#827);
#539=LINE('',#7536,#828);
#540=LINE('',#7538,#829);
#541=LINE('',#7539,#830);
#542=LINE('',#7542,#831);
#543=LINE('',#7544,#832);
#544=LINE('',#7546,#833);
#545=LINE('',#7548,#834);
#546=LINE('',#7550,#835);
#547=LINE('',#7552,#836);
#548=LINE('',#7554,#837);
#549=LINE('',#7555,#838);
#550=LINE('',#7557,#839);
#551=LINE('',#7558,#840);
#552=LINE('',#7561,#841);
#553=LINE('',#7562,#842);
#554=LINE('',#7565,#843);
#555=LINE('',#7566,#844);
#556=LINE('',#7567,#845);
#557=LINE('',#7570,#846);
#558=LINE('',#7571,#847);
#559=LINE('',#7573,#848);
#560=LINE('',#7575,#849);
#561=LINE('',#7578,#850);
#562=LINE('',#7579,#851);
#563=LINE('',#7582,#852);
#564=LINE('',#7584,#853);
#565=LINE('',#7585,#854);
#566=LINE('',#7586,#855);
#567=LINE('',#7590,#856);
#568=LINE('',#7592,#857);
#569=LINE('',#7593,#858);
#570=LINE('',#7595,#859);
#571=LINE('',#7599,#860);
#572=LINE('',#7602,#861);
#573=LINE('',#7610,#862);
#574=LINE('',#7612,#863);
#575=LINE('',#7615,#864);
#576=LINE('',#7616,#865);
#577=LINE('',#7620,#866);
#578=LINE('',#7623,#867);
#579=LINE('',#7624,#868);
#580=LINE('',#7626,#869);
#581=LINE('',#7628,#870);
#582=LINE('',#7630,#871);
#583=LINE('',#7632,#872);
#584=LINE('',#7643,#873);
#585=LINE('',#7645,#874);
#586=LINE('',#7647,#875);
#587=LINE('',#7648,#876);
#588=LINE('',#7651,#877);
#589=LINE('',#7653,#878);
#590=LINE('',#7654,#879);
#591=LINE('',#7657,#880);
#592=LINE('',#7659,#881);
#593=LINE('',#7660,#882);
#594=LINE('',#7662,#883);
#595=LINE('',#7663,#884);
#596=VECTOR('',#4243,8.5);
#597=VECTOR('',#4250,10.);
#598=VECTOR('',#4251,10.);
#599=VECTOR('',#4254,10.);
#600=VECTOR('',#4255,10.);
#601=VECTOR('',#4258,10.);
#602=VECTOR('',#4263,10.);
#603=VECTOR('',#4264,10.);
#604=VECTOR('',#4265,10.);
#605=VECTOR('',#4268,10.);
#606=VECTOR('',#4269,10.);
#607=VECTOR('',#4270,10.);
#608=VECTOR('',#4273,10.);
#609=VECTOR('',#4274,10.);
#610=VECTOR('',#4275,10.);
#611=VECTOR('',#4276,10.);
#612=VECTOR('',#4279,10.);
#613=VECTOR('',#4282,10.);
#614=VECTOR('',#4283,10.);
#615=VECTOR('',#4294,10.);
#616=VECTOR('',#4297,10.);
#617=VECTOR('',#4298,10.);
#618=VECTOR('',#4307,10.);
#619=VECTOR('',#4308,10.);
#620=VECTOR('',#4309,10.);
#621=VECTOR('',#4312,10.);
#622=VECTOR('',#4313,10.);
#623=VECTOR('',#4314,10.);
#624=VECTOR('',#4317,10.);
#625=VECTOR('',#4338,10.);
#626=VECTOR('',#4339,10.);
#627=VECTOR('',#4348,10.);
#628=VECTOR('',#4351,10.);
#629=VECTOR('',#4358,6.5);
#630=VECTOR('',#4363,10.);
#631=VECTOR('',#4366,10.);
#632=VECTOR('',#4371,10.);
#633=VECTOR('',#4372,10.);
#634=VECTOR('',#4373,10.);
#635=VECTOR('',#4376,10.);
#636=VECTOR('',#4383,10.);
#637=VECTOR('',#4384,10.);
#638=VECTOR('',#4387,10.);
#639=VECTOR('',#4388,10.);
#640=VECTOR('',#4389,10.);
#641=VECTOR('',#4392,10.);
#642=VECTOR('',#4405,10.);
#643=VECTOR('',#4410,10.);
#644=VECTOR('',#4411,10.);
#645=VECTOR('',#4428,18.);
#646=VECTOR('',#4433,16.);
#647=VECTOR('',#4438,10.);
#648=VECTOR('',#4439,10.);
#649=VECTOR('',#4452,3.5);
#650=VECTOR('',#4457,3.5);
#651=VECTOR('',#4462,3.5);
#652=VECTOR('',#4467,3.5);
#653=VECTOR('',#4472,3.5);
#654=VECTOR('',#4477,3.5);
#655=VECTOR('',#4482,3.5);
#656=VECTOR('',#4487,3.5);
#657=VECTOR('',#4496,10.);
#658=VECTOR('',#4497,10.);
#659=VECTOR('',#4504,10.);
#660=VECTOR('',#4505,10.);
#661=VECTOR('',#4512,10.);
#662=VECTOR('',#4513,10.);
#663=VECTOR('',#4518,10.);
#664=VECTOR('',#4519,10.);
#665=VECTOR('',#4522,10.);
#666=VECTOR('',#4523,10.);
#667=VECTOR('',#4524,10.);
#668=VECTOR('',#4525,10.);
#669=VECTOR('',#4528,10.);
#670=VECTOR('',#4529,10.);
#671=VECTOR('',#4530,10.);
#672=VECTOR('',#4547,10.);
#673=VECTOR('',#4548,10.);
#674=VECTOR('',#4555,10.);
#675=VECTOR('',#4562,10.);
#676=VECTOR('',#4567,10.);
#677=VECTOR('',#4568,10.);
#678=VECTOR('',#4569,10.);
#679=VECTOR('',#4572,10.);
#680=VECTOR('',#4573,10.);
#681=VECTOR('',#4600,17.875);
#682=VECTOR('',#4607,15.);
#683=VECTOR('',#4612,17.875);
#684=VECTOR('',#4619,15.);
#685=VECTOR('',#4624,17.875);
#686=VECTOR('',#4627,17.875);
#687=VECTOR('',#4630,17.875);
#688=VECTOR('',#4639,15.);
#689=VECTOR('',#4642,17.875);
#690=VECTOR('',#4647,5.);
#691=VECTOR('',#4654,5.);
#692=VECTOR('',#4661,5.);
#693=VECTOR('',#4668,5.);
#694=VECTOR('',#4675,5.);
#695=VECTOR('',#4676,5.);
#696=VECTOR('',#4683,5.);
#697=VECTOR('',#4690,5.);
#698=VECTOR('',#4697,5.);
#699=VECTOR('',#4720,10.);
#700=VECTOR('',#4721,10.);
#701=VECTOR('',#4734,10.);
#702=VECTOR('',#4735,10.);
#703=VECTOR('',#4748,10.);
#704=VECTOR('',#4749,10.);
#705=VECTOR('',#4760,10.);
#706=VECTOR('',#4761,10.);
#707=VECTOR('',#4764,10.);
#708=VECTOR('',#4765,10.);
#709=VECTOR('',#4766,10.);
#710=VECTOR('',#4769,10.);
#711=VECTOR('',#4774,10.);
#712=VECTOR('',#4775,10.);
#713=VECTOR('',#4778,10.);
#714=VECTOR('',#4783,10.);
#715=VECTOR('',#4786,10.);
#716=VECTOR('',#4791,10.);
#717=VECTOR('',#4794,10.);
#718=VECTOR('',#4809,10.);
#719=VECTOR('',#4810,10.);
#720=VECTOR('',#4823,10.);
#721=VECTOR('',#4824,10.);
#722=VECTOR('',#4837,10.);
#723=VECTOR('',#4846,10.);
#724=VECTOR('',#4849,10.);
#725=VECTOR('',#4850,10.);
#726=VECTOR('',#4853,10.);
#727=VECTOR('',#4858,10.);
#728=VECTOR('',#4861,10.);
#729=VECTOR('',#4866,10.);
#730=VECTOR('',#4869,10.);
#731=VECTOR('',#4874,10.);
#732=VECTOR('',#4875,10.);
#733=VECTOR('',#4878,10.);
#734=VECTOR('',#4881,10.);
#735=VECTOR('',#4886,15.);
#736=VECTOR('',#4889,10.);
#737=VECTOR('',#4890,10.);
#738=VECTOR('',#4893,10.);
#739=VECTOR('',#4896,10.);
#740=VECTOR('',#4907,1.5);
#741=VECTOR('',#4916,1.5);
#742=VECTOR('',#4925,1.5);
#743=VECTOR('',#4934,1.5);
#744=VECTOR('',#4941,10.);
#745=VECTOR('',#4946,10.);
#746=VECTOR('',#4951,10.);
#747=VECTOR('',#4952,10.);
#748=VECTOR('',#4955,10.);
#749=VECTOR('',#4960,10.);
#750=VECTOR('',#4961,10.);
#751=VECTOR('',#4966,10.);
#752=VECTOR('',#4969,10.);
#753=VECTOR('',#4970,10.);
#754=VECTOR('',#4971,10.);
#755=VECTOR('',#4972,10.);
#756=VECTOR('',#4975,10.);
#757=VECTOR('',#4976,10.);
#758=VECTOR('',#4977,10.);
#759=VECTOR('',#4980,10.);
#760=VECTOR('',#4981,10.);
#761=VECTOR('',#4982,10.);
#762=VECTOR('',#4985,10.);
#763=VECTOR('',#4986,10.);
#764=VECTOR('',#4989,10.);
#765=VECTOR('',#4990,10.);
#766=VECTOR('',#4993,10.);
#767=VECTOR('',#5002,3.3);
#768=VECTOR('',#5007,10.);
#769=VECTOR('',#5010,10.);
#770=VECTOR('',#5013,10.);
#771=VECTOR('',#5020,10.);
#772=VECTOR('',#5023,10.);
#773=VECTOR('',#5030,2.25);
#774=VECTOR('',#5033,3.3);
#775=VECTOR('',#5040,2.25);
#776=VECTOR('',#5043,10.);
#777=VECTOR('',#5046,10.);
#778=VECTOR('',#5051,10.);
#779=VECTOR('',#5052,10.);
#780=VECTOR('',#5053,10.);
#781=VECTOR('',#5056,10.);
#782=VECTOR('',#5063,10.);
#783=VECTOR('',#5064,10.);
#784=VECTOR('',#5067,10.);
#785=VECTOR('',#5068,10.);
#786=VECTOR('',#5071,10.);
#787=VECTOR('',#5074,10.);
#788=VECTOR('',#5075,10.);
#789=VECTOR('',#5076,10.);
#790=VECTOR('',#5077,10.);
#791=VECTOR('',#5082,14.75);
#792=VECTOR('',#5089,15.);
#793=VECTOR('',#5092,10.);
#794=VECTOR('',#5093,10.);
#795=VECTOR('',#5094,10.);
#796=VECTOR('',#5095,10.);
#797=VECTOR('',#5098,10.);
#798=VECTOR('',#5099,10.);
#799=VECTOR('',#5100,10.);
#800=VECTOR('',#5101,10.);
#801=VECTOR('',#5104,10.);
#802=VECTOR('',#5105,10.);
#803=VECTOR('',#5106,10.);
#804=VECTOR('',#5107,10.);
#805=VECTOR('',#5110,10.);
#806=VECTOR('',#5111,10.);
#807=VECTOR('',#5112,10.);
#808=VECTOR('',#5113,10.);
#809=VECTOR('',#5114,10.);
#810=VECTOR('',#5115,10.);
#811=VECTOR('',#5128,10.);
#812=VECTOR('',#5129,10.);
#813=VECTOR('',#5130,10.);
#814=VECTOR('',#5131,10.);
#815=VECTOR('',#5134,10.);
#816=VECTOR('',#5135,10.);
#817=VECTOR('',#5138,10.);
#818=VECTOR('',#5139,10.);
#819=VECTOR('',#5140,10.);
#820=VECTOR('',#5141,10.);
#821=VECTOR('',#5142,10.);
#822=VECTOR('',#5143,10.);
#823=VECTOR('',#5144,10.);
#824=VECTOR('',#5147,10.);
#825=VECTOR('',#5148,10.);
#826=VECTOR('',#5149,10.);
#827=VECTOR('',#5150,10.);
#828=VECTOR('',#5153,10.);
#829=VECTOR('',#5154,10.);
#830=VECTOR('',#5155,10.);
#831=VECTOR('',#5158,10.);
#832=VECTOR('',#5159,10.);
#833=VECTOR('',#5160,10.);
#834=VECTOR('',#5161,10.);
#835=VECTOR('',#5162,10.);
#836=VECTOR('',#5163,10.);
#837=VECTOR('',#5164,10.);
#838=VECTOR('',#5165,10.);
#839=VECTOR('',#5166,10.);
#840=VECTOR('',#5167,10.);
#841=VECTOR('',#5170,10.);
#842=VECTOR('',#5171,10.);
#843=VECTOR('',#5174,10.);
#844=VECTOR('',#5175,10.);
#845=VECTOR('',#5176,10.);
#846=VECTOR('',#5179,10.);
#847=VECTOR('',#5180,10.);
#848=VECTOR('',#5183,10.);
#849=VECTOR('',#5186,10.);
#850=VECTOR('',#5189,10.);
#851=VECTOR('',#5190,10.);
#852=VECTOR('',#5193,10.);
#853=VECTOR('',#5194,10.);
#854=VECTOR('',#5195,10.);
#855=VECTOR('',#5196,10.);
#856=VECTOR('',#5201,10.);
#857=VECTOR('',#5202,10.);
#858=VECTOR('',#5203,10.);
#859=VECTOR('',#5204,10.);
#860=VECTOR('',#5207,10.);
#861=VECTOR('',#5210,10.);
#862=VECTOR('',#5225,10.);
#863=VECTOR('',#5228,10.);
#864=VECTOR('',#5233,10.);
#865=VECTOR('',#5234,10.);
#866=VECTOR('',#5241,10.);
#867=VECTOR('',#5246,10.);
#868=VECTOR('',#5247,10.);
#869=VECTOR('',#5250,10.);
#870=VECTOR('',#5253,10.);
#871=VECTOR('',#5256,10.);
#872=VECTOR('',#5259,10.);
#873=VECTOR('',#5276,10.);
#874=VECTOR('',#5277,10.);
#875=VECTOR('',#5278,10.);
#876=VECTOR('',#5279,10.);
#877=VECTOR('',#5282,10.);
#878=VECTOR('',#5283,10.);
#879=VECTOR('',#5284,10.);
#880=VECTOR('',#5287,10.);
#881=VECTOR('',#5288,10.);
#882=VECTOR('',#5289,10.);
#883=VECTOR('',#5292,10.);
#884=VECTOR('',#5293,10.);
#885=CYLINDRICAL_SURFACE('',#3839,8.5);
#886=CYLINDRICAL_SURFACE('',#3841,10.);
#887=CYLINDRICAL_SURFACE('',#3855,17.4);
#888=CYLINDRICAL_SURFACE('',#3860,17.4);
#889=CYLINDRICAL_SURFACE('',#3862,17.5);
#890=CYLINDRICAL_SURFACE('',#3871,17.4);
#891=CYLINDRICAL_SURFACE('',#3876,17.4);
#892=CYLINDRICAL_SURFACE('',#3879,17.5);
#893=CYLINDRICAL_SURFACE('',#3880,6.5);
#894=CYLINDRICAL_SURFACE('',#3891,42.5);
#895=CYLINDRICAL_SURFACE('',#3897,30.);
#896=CYLINDRICAL_SURFACE('',#3903,19.);
#897=CYLINDRICAL_SURFACE('',#3907,18.);
#898=CYLINDRICAL_SURFACE('',#3909,16.);
#899=CYLINDRICAL_SURFACE('',#3912,42.5);
#900=CYLINDRICAL_SURFACE('',#3916,3.5);
#901=CYLINDRICAL_SURFACE('',#3918,3.5);
#902=CYLINDRICAL_SURFACE('',#3920,3.5);
#903=CYLINDRICAL_SURFACE('',#3922,3.5);
#904=CYLINDRICAL_SURFACE('',#3924,3.5);
#905=CYLINDRICAL_SURFACE('',#3926,3.5);
#906=CYLINDRICAL_SURFACE('',#3928,3.5);
#907=CYLINDRICAL_SURFACE('',#3930,3.5);
#908=CYLINDRICAL_SURFACE('',#3934,2.);
#909=CYLINDRICAL_SURFACE('',#3937,2.);
#910=CYLINDRICAL_SURFACE('',#3940,2.);
#911=CYLINDRICAL_SURFACE('',#3943,2.);
#912=CYLINDRICAL_SURFACE('',#3952,2.);
#913=CYLINDRICAL_SURFACE('',#3955,2.);
#914=CYLINDRICAL_SURFACE('',#3958,2.);
#915=CYLINDRICAL_SURFACE('',#3961,2.);
#916=CYLINDRICAL_SURFACE('',#3978,15.);
#917=CYLINDRICAL_SURFACE('',#3983,15.);
#918=CYLINDRICAL_SURFACE('',#3989,15.);
#919=CYLINDRICAL_SURFACE('',#3994,5.);
#920=CYLINDRICAL_SURFACE('',#3997,5.);
#921=CYLINDRICAL_SURFACE('',#4000,5.);
#922=CYLINDRICAL_SURFACE('',#4003,5.);
#923=CYLINDRICAL_SURFACE('',#4006,5.);
#924=CYLINDRICAL_SURFACE('',#4009,5.);
#925=CYLINDRICAL_SURFACE('',#4012,5.);
#926=CYLINDRICAL_SURFACE('',#4015,5.);
#927=CYLINDRICAL_SURFACE('',#4025,2.);
#928=CYLINDRICAL_SURFACE('',#4031,2.);
#929=CYLINDRICAL_SURFACE('',#4037,2.);
#930=CYLINDRICAL_SURFACE('',#4043,2.);
#931=CYLINDRICAL_SURFACE('',#4045,32.);
#932=CYLINDRICAL_SURFACE('',#4048,32.);
#933=CYLINDRICAL_SURFACE('',#4060,2.);
#934=CYLINDRICAL_SURFACE('',#4066,2.);
#935=CYLINDRICAL_SURFACE('',#4072,2.);
#936=CYLINDRICAL_SURFACE('',#4077,2.);
#937=CYLINDRICAL_SURFACE('',#4079,32.);
#938=CYLINDRICAL_SURFACE('',#4088,5.);
#939=CYLINDRICAL_SURFACE('',#4090,5.);
#940=CYLINDRICAL_SURFACE('',#4091,15.);
#941=CYLINDRICAL_SURFACE('',#4093,5.);
#942=CYLINDRICAL_SURFACE('',#4095,5.);
#943=CYLINDRICAL_SURFACE('',#4096,32.);
#944=CYLINDRICAL_SURFACE('',#4098,1.5);
#945=CYLINDRICAL_SURFACE('',#4102,1.5);
#946=CYLINDRICAL_SURFACE('',#4106,1.5);
#947=CYLINDRICAL_SURFACE('',#4110,1.5);
#948=CYLINDRICAL_SURFACE('',#4118,50.);
#949=CYLINDRICAL_SURFACE('',#4121,50.);
#950=CYLINDRICAL_SURFACE('',#4143,2.25);
#951=CYLINDRICAL_SURFACE('',#4147,2.25);
#952=CYLINDRICAL_SURFACE('',#4158,5.);
#953=CYLINDRICAL_SURFACE('',#4164,15.);
#954=CYLINDRICAL_SURFACE('',#4171,50.);
#955=CYLINDRICAL_SURFACE('',#4191,5.);
#956=CYLINDRICAL_SURFACE('',#4194,3.);
#957=CYLINDRICAL_SURFACE('',#4203,5.);
#958=CYLINDRICAL_SURFACE('',#4205,12.5);
#959=CYLINDRICAL_SURFACE('',#4207,12.5);
#960=CYLINDRICAL_SURFACE('',#4209,25.);
#961=FACE_OUTER_BOUND('',#1178,.T.);
#962=FACE_OUTER_BOUND('',#1179,.T.);
#963=FACE_OUTER_BOUND('',#1180,.T.);
#964=FACE_OUTER_BOUND('',#1181,.T.);
#965=FACE_OUTER_BOUND('',#1183,.T.);
#966=FACE_OUTER_BOUND('',#1184,.T.);
#967=FACE_OUTER_BOUND('',#1185,.T.);
#968=FACE_OUTER_BOUND('',#1186,.T.);
#969=FACE_OUTER_BOUND('',#1187,.T.);
#970=FACE_OUTER_BOUND('',#1188,.T.);
#971=FACE_OUTER_BOUND('',#1189,.T.);
#972=FACE_OUTER_BOUND('',#1190,.T.);
#973=FACE_OUTER_BOUND('',#1191,.T.);
#974=FACE_OUTER_BOUND('',#1192,.T.);
#975=FACE_OUTER_BOUND('',#1193,.T.);
#976=FACE_OUTER_BOUND('',#1194,.T.);
#977=FACE_OUTER_BOUND('',#1195,.T.);
#978=FACE_OUTER_BOUND('',#1196,.T.);
#979=FACE_OUTER_BOUND('',#1197,.T.);
#980=FACE_OUTER_BOUND('',#1198,.T.);
#981=FACE_OUTER_BOUND('',#1199,.T.);
#982=FACE_OUTER_BOUND('',#1200,.T.);
#983=FACE_OUTER_BOUND('',#1201,.T.);
#984=FACE_OUTER_BOUND('',#1202,.T.);
#985=FACE_OUTER_BOUND('',#1203,.T.);
#986=FACE_OUTER_BOUND('',#1204,.T.);
#987=FACE_OUTER_BOUND('',#1205,.T.);
#988=FACE_OUTER_BOUND('',#1206,.T.);
#989=FACE_OUTER_BOUND('',#1207,.T.);
#990=FACE_OUTER_BOUND('',#1208,.T.);
#991=FACE_OUTER_BOUND('',#1209,.T.);
#992=FACE_OUTER_BOUND('',#1210,.T.);
#993=FACE_OUTER_BOUND('',#1211,.T.);
#994=FACE_OUTER_BOUND('',#1213,.T.);
#995=FACE_OUTER_BOUND('',#1214,.T.);
#996=FACE_OUTER_BOUND('',#1215,.T.);
#997=FACE_OUTER_BOUND('',#1216,.T.);
#998=FACE_OUTER_BOUND('',#1218,.T.);
#999=FACE_OUTER_BOUND('',#1219,.T.);
#1000=FACE_OUTER_BOUND('',#1221,.T.);
#1001=FACE_OUTER_BOUND('',#1222,.T.);
#1002=FACE_OUTER_BOUND('',#1223,.T.);
#1003=FACE_OUTER_BOUND('',#1225,.T.);
#1004=FACE_OUTER_BOUND('',#1226,.T.);
#1005=FACE_OUTER_BOUND('',#1227,.T.);
#1006=FACE_OUTER_BOUND('',#1228,.T.);
#1007=FACE_OUTER_BOUND('',#1229,.T.);
#1008=FACE_OUTER_BOUND('',#1230,.T.);
#1009=FACE_OUTER_BOUND('',#1231,.T.);
#1010=FACE_OUTER_BOUND('',#1232,.T.);
#1011=FACE_OUTER_BOUND('',#1233,.T.);
#1012=FACE_OUTER_BOUND('',#1234,.T.);
#1013=FACE_OUTER_BOUND('',#1235,.T.);
#1014=FACE_OUTER_BOUND('',#1236,.T.);
#1015=FACE_OUTER_BOUND('',#1237,.T.);
#1016=FACE_OUTER_BOUND('',#1238,.T.);
#1017=FACE_OUTER_BOUND('',#1239,.T.);
#1018=FACE_OUTER_BOUND('',#1240,.T.);
#1019=FACE_OUTER_BOUND('',#1241,.T.);
#1020=FACE_OUTER_BOUND('',#1242,.T.);
#1021=FACE_OUTER_BOUND('',#1243,.T.);
#1022=FACE_OUTER_BOUND('',#1244,.T.);
#1023=FACE_OUTER_BOUND('',#1248,.T.);
#1024=FACE_OUTER_BOUND('',#1249,.T.);
#1025=FACE_OUTER_BOUND('',#1251,.T.);
#1026=FACE_OUTER_BOUND('',#1252,.T.);
#1027=FACE_OUTER_BOUND('',#1256,.T.);
#1028=FACE_OUTER_BOUND('',#1257,.T.);
#1029=FACE_OUTER_BOUND('',#1258,.T.);
#1030=FACE_OUTER_BOUND('',#1259,.T.);
#1031=FACE_OUTER_BOUND('',#1260,.T.);
#1032=FACE_OUTER_BOUND('',#1261,.T.);
#1033=FACE_OUTER_BOUND('',#1262,.T.);
#1034=FACE_OUTER_BOUND('',#1263,.T.);
#1035=FACE_OUTER_BOUND('',#1264,.T.);
#1036=FACE_OUTER_BOUND('',#1265,.T.);
#1037=FACE_OUTER_BOUND('',#1267,.T.);
#1038=FACE_OUTER_BOUND('',#1268,.T.);
#1039=FACE_OUTER_BOUND('',#1280,.T.);
#1040=FACE_OUTER_BOUND('',#1281,.T.);
#1041=FACE_OUTER_BOUND('',#1282,.T.);
#1042=FACE_OUTER_BOUND('',#1283,.T.);
#1043=FACE_OUTER_BOUND('',#1284,.T.);
#1044=FACE_OUTER_BOUND('',#1285,.T.);
#1045=FACE_OUTER_BOUND('',#1286,.T.);
#1046=FACE_OUTER_BOUND('',#1287,.T.);
#1047=FACE_OUTER_BOUND('',#1288,.T.);
#1048=FACE_OUTER_BOUND('',#1289,.T.);
#1049=FACE_OUTER_BOUND('',#1293,.T.);
#1050=FACE_OUTER_BOUND('',#1295,.T.);
#1051=FACE_OUTER_BOUND('',#1296,.T.);
#1052=FACE_OUTER_BOUND('',#1298,.T.);
#1053=FACE_OUTER_BOUND('',#1299,.T.);
#1054=FACE_OUTER_BOUND('',#1301,.T.);
#1055=FACE_OUTER_BOUND('',#1302,.T.);
#1056=FACE_OUTER_BOUND('',#1304,.T.);
#1057=FACE_OUTER_BOUND('',#1305,.T.);
#1058=FACE_OUTER_BOUND('',#1306,.T.);
#1059=FACE_OUTER_BOUND('',#1307,.T.);
#1060=FACE_OUTER_BOUND('',#1309,.T.);
#1061=FACE_OUTER_BOUND('',#1310,.T.);
#1062=FACE_OUTER_BOUND('',#1312,.T.);
#1063=FACE_OUTER_BOUND('',#1313,.T.);
#1064=FACE_OUTER_BOUND('',#1315,.T.);
#1065=FACE_OUTER_BOUND('',#1316,.T.);
#1066=FACE_OUTER_BOUND('',#1317,.T.);
#1067=FACE_OUTER_BOUND('',#1318,.T.);
#1068=FACE_OUTER_BOUND('',#1319,.T.);
#1069=FACE_OUTER_BOUND('',#1320,.T.);
#1070=FACE_OUTER_BOUND('',#1321,.T.);
#1071=FACE_OUTER_BOUND('',#1322,.T.);
#1072=FACE_OUTER_BOUND('',#1323,.T.);
#1073=FACE_OUTER_BOUND('',#1324,.T.);
#1074=FACE_OUTER_BOUND('',#1325,.T.);
#1075=FACE_OUTER_BOUND('',#1326,.T.);
#1076=FACE_OUTER_BOUND('',#1327,.T.);
#1077=FACE_OUTER_BOUND('',#1328,.T.);
#1078=FACE_OUTER_BOUND('',#1332,.T.);
#1079=FACE_OUTER_BOUND('',#1333,.T.);
#1080=FACE_OUTER_BOUND('',#1334,.T.);
#1081=FACE_OUTER_BOUND('',#1335,.T.);
#1082=FACE_OUTER_BOUND('',#1336,.T.);
#1083=FACE_OUTER_BOUND('',#1337,.T.);
#1084=FACE_OUTER_BOUND('',#1338,.T.);
#1085=FACE_OUTER_BOUND('',#1339,.T.);
#1086=FACE_OUTER_BOUND('',#1340,.T.);
#1087=FACE_OUTER_BOUND('',#1341,.T.);
#1088=FACE_OUTER_BOUND('',#1342,.T.);
#1089=FACE_OUTER_BOUND('',#1343,.T.);
#1090=FACE_OUTER_BOUND('',#1347,.T.);
#1091=FACE_OUTER_BOUND('',#1348,.T.);
#1092=FACE_OUTER_BOUND('',#1349,.T.);
#1093=FACE_OUTER_BOUND('',#1350,.T.);
#1094=FACE_OUTER_BOUND('',#1351,.T.);
#1095=FACE_OUTER_BOUND('',#1352,.T.);
#1096=FACE_OUTER_BOUND('',#1353,.T.);
#1097=FACE_OUTER_BOUND('',#1354,.T.);
#1098=FACE_OUTER_BOUND('',#1355,.T.);
#1099=FACE_OUTER_BOUND('',#1356,.T.);
#1100=FACE_OUTER_BOUND('',#1357,.T.);
#1101=FACE_OUTER_BOUND('',#1358,.T.);
#1102=FACE_OUTER_BOUND('',#1359,.T.);
#1103=FACE_OUTER_BOUND('',#1360,.T.);
#1104=FACE_OUTER_BOUND('',#1361,.T.);
#1105=FACE_OUTER_BOUND('',#1362,.T.);
#1106=FACE_OUTER_BOUND('',#1363,.T.);
#1107=FACE_OUTER_BOUND('',#1364,.T.);
#1108=FACE_OUTER_BOUND('',#1365,.T.);
#1109=FACE_OUTER_BOUND('',#1366,.T.);
#1110=FACE_OUTER_BOUND('',#1367,.T.);
#1111=FACE_OUTER_BOUND('',#1368,.T.);
#1112=FACE_OUTER_BOUND('',#1369,.T.);
#1113=FACE_OUTER_BOUND('',#1370,.T.);
#1114=FACE_OUTER_BOUND('',#1371,.T.);
#1115=FACE_OUTER_BOUND('',#1372,.T.);
#1116=FACE_OUTER_BOUND('',#1373,.T.);
#1117=FACE_OUTER_BOUND('',#1374,.T.);
#1118=FACE_OUTER_BOUND('',#1378,.T.);
#1119=FACE_OUTER_BOUND('',#1379,.T.);
#1120=FACE_OUTER_BOUND('',#1383,.T.);
#1121=FACE_OUTER_BOUND('',#1384,.T.);
#1122=FACE_OUTER_BOUND('',#1385,.T.);
#1123=FACE_OUTER_BOUND('',#1390,.T.);
#1124=FACE_OUTER_BOUND('',#1391,.T.);
#1125=FACE_OUTER_BOUND('',#1392,.T.);
#1126=FACE_OUTER_BOUND('',#1393,.T.);
#1127=FACE_OUTER_BOUND('',#1394,.T.);
#1128=FACE_OUTER_BOUND('',#1395,.T.);
#1129=FACE_OUTER_BOUND('',#1396,.T.);
#1130=FACE_OUTER_BOUND('',#1397,.T.);
#1131=FACE_OUTER_BOUND('',#1398,.T.);
#1132=FACE_OUTER_BOUND('',#1399,.T.);
#1133=FACE_OUTER_BOUND('',#1401,.T.);
#1134=FACE_OUTER_BOUND('',#1402,.T.);
#1135=FACE_OUTER_BOUND('',#1403,.T.);
#1136=FACE_OUTER_BOUND('',#1405,.T.);
#1137=FACE_OUTER_BOUND('',#1406,.T.);
#1138=FACE_OUTER_BOUND('',#1407,.T.);
#1139=FACE_OUTER_BOUND('',#1411,.T.);
#1140=FACE_OUTER_BOUND('',#1412,.T.);
#1141=FACE_OUTER_BOUND('',#1413,.T.);
#1142=FACE_OUTER_BOUND('',#1414,.T.);
#1143=FACE_OUTER_BOUND('',#1415,.T.);
#1144=FACE_OUTER_BOUND('',#1416,.T.);
#1145=FACE_OUTER_BOUND('',#1417,.T.);
#1146=FACE_OUTER_BOUND('',#1418,.T.);
#1147=FACE_OUTER_BOUND('',#1419,.T.);
#1148=FACE_OUTER_BOUND('',#1420,.T.);
#1149=FACE_OUTER_BOUND('',#1421,.T.);
#1150=FACE_OUTER_BOUND('',#1422,.T.);
#1151=FACE_OUTER_BOUND('',#1423,.T.);
#1152=FACE_OUTER_BOUND('',#1424,.T.);
#1153=FACE_OUTER_BOUND('',#1425,.T.);
#1154=FACE_OUTER_BOUND('',#1426,.T.);
#1155=FACE_OUTER_BOUND('',#1427,.T.);
#1156=FACE_OUTER_BOUND('',#1428,.T.);
#1157=FACE_OUTER_BOUND('',#1429,.T.);
#1158=FACE_OUTER_BOUND('',#1430,.T.);
#1159=FACE_OUTER_BOUND('',#1431,.T.);
#1160=FACE_OUTER_BOUND('',#1432,.T.);
#1161=FACE_OUTER_BOUND('',#1433,.T.);
#1162=FACE_OUTER_BOUND('',#1434,.T.);
#1163=FACE_OUTER_BOUND('',#1435,.T.);
#1164=FACE_OUTER_BOUND('',#1436,.T.);
#1165=FACE_OUTER_BOUND('',#1437,.T.);
#1166=FACE_OUTER_BOUND('',#1438,.T.);
#1167=FACE_OUTER_BOUND('',#1439,.T.);
#1168=FACE_OUTER_BOUND('',#1440,.T.);
#1169=FACE_OUTER_BOUND('',#1441,.T.);
#1170=FACE_OUTER_BOUND('',#1442,.T.);
#1171=FACE_OUTER_BOUND('',#1443,.T.);
#1172=FACE_OUTER_BOUND('',#1444,.T.);
#1173=FACE_OUTER_BOUND('',#1445,.T.);
#1174=FACE_OUTER_BOUND('',#1446,.T.);
#1175=FACE_OUTER_BOUND('',#1447,.T.);
#1176=FACE_OUTER_BOUND('',#1448,.T.);
#1177=FACE_OUTER_BOUND('',#1449,.T.);
#1178=EDGE_LOOP('',(#2449,#2450,#2451,#2452,#2453));
#1179=EDGE_LOOP('',(#2454,#2455,#2456,#2457,#2458,#2459));
#1180=EDGE_LOOP('',(#2460));
#1181=EDGE_LOOP('',(#2461,#2462,#2463,#2464,#2465,#2466,#2467,#2468,#2469,
#2470,#2471,#2472));
#1182=EDGE_LOOP('',(#2473,#2474));
#1183=EDGE_LOOP('',(#2475));
#1184=EDGE_LOOP('',(#2476,#2477,#2478,#2479));
#1185=EDGE_LOOP('',(#2480,#2481,#2482,#2483));
#1186=EDGE_LOOP('',(#2484,#2485,#2486,#2487,#2488));
#1187=EDGE_LOOP('',(#2489,#2490,#2491,#2492));
#1188=EDGE_LOOP('',(#2493,#2494,#2495,#2496));
#1189=EDGE_LOOP('',(#2497,#2498,#2499,#2500));
#1190=EDGE_LOOP('',(#2501,#2502,#2503,#2504,#2505,#2506,#2507));
#1191=EDGE_LOOP('',(#2508,#2509,#2510,#2511));
#1192=EDGE_LOOP('',(#2512,#2513,#2514,#2515,#2516,#2517));
#1193=EDGE_LOOP('',(#2518,#2519,#2520,#2521));
#1194=EDGE_LOOP('',(#2522,#2523,#2524,#2525));
#1195=EDGE_LOOP('',(#2526,#2527,#2528,#2529));
#1196=EDGE_LOOP('',(#2530,#2531,#2532,#2533));
#1197=EDGE_LOOP('',(#2534,#2535,#2536,#2537));
#1198=EDGE_LOOP('',(#2538,#2539,#2540,#2541));
#1199=EDGE_LOOP('',(#2542,#2543,#2544,#2545));
#1200=EDGE_LOOP('',(#2546,#2547,#2548,#2549));
#1201=EDGE_LOOP('',(#2550,#2551,#2552,#2553));
#1202=EDGE_LOOP('',(#2554,#2555,#2556,#2557));
#1203=EDGE_LOOP('',(#2558,#2559,#2560,#2561));
#1204=EDGE_LOOP('',(#2562,#2563,#2564,#2565,#2566,#2567,#2568,#2569));
#1205=EDGE_LOOP('',(#2570,#2571,#2572,#2573));
#1206=EDGE_LOOP('',(#2574,#2575,#2576,#2577));
#1207=EDGE_LOOP('',(#2578,#2579,#2580,#2581));
#1208=EDGE_LOOP('',(#2582,#2583,#2584,#2585));
#1209=EDGE_LOOP('',(#2586,#2587,#2588,#2589));
#1210=EDGE_LOOP('',(#2590,#2591,#2592,#2593));
#1211=EDGE_LOOP('',(#2594,#2595,#2596,#2597));
#1212=EDGE_LOOP('',(#2598,#2599,#2600,#2601));
#1213=EDGE_LOOP('',(#2602,#2603));
#1214=EDGE_LOOP('',(#2604,#2605,#2606,#2607));
#1215=EDGE_LOOP('',(#2608,#2609,#2610,#2611,#2612));
#1216=EDGE_LOOP('',(#2613,#2614,#2615,#2616));
#1217=EDGE_LOOP('',(#2617));
#1218=EDGE_LOOP('',(#2618,#2619,#2620,#2621,#2622,#2623,#2624,#2625,#2626));
#1219=EDGE_LOOP('',(#2627));
#1220=EDGE_LOOP('',(#2628));
#1221=EDGE_LOOP('',(#2629,#2630,#2631,#2632));
#1222=EDGE_LOOP('',(#2633,#2634,#2635,#2636));
#1223=EDGE_LOOP('',(#2637));
#1224=EDGE_LOOP('',(#2638));
#1225=EDGE_LOOP('',(#2639,#2640,#2641,#2642));
#1226=EDGE_LOOP('',(#2643,#2644,#2645,#2646));
#1227=EDGE_LOOP('',(#2647,#2648,#2649,#2650));
#1228=EDGE_LOOP('',(#2651,#2652,#2653,#2654,#2655,#2656));
#1229=EDGE_LOOP('',(#2657,#2658,#2659,#2660));
#1230=EDGE_LOOP('',(#2661,#2662,#2663,#2664));
#1231=EDGE_LOOP('',(#2665,#2666,#2667,#2668));
#1232=EDGE_LOOP('',(#2669,#2670,#2671,#2672,#2673));
#1233=EDGE_LOOP('',(#2674,#2675,#2676,#2677,#2678));
#1234=EDGE_LOOP('',(#2679,#2680,#2681,#2682,#2683));
#1235=EDGE_LOOP('',(#2684,#2685,#2686,#2687,#2688));
#1236=EDGE_LOOP('',(#2689,#2690,#2691,#2692));
#1237=EDGE_LOOP('',(#2693,#2694,#2695,#2696));
#1238=EDGE_LOOP('',(#2697,#2698,#2699,#2700));
#1239=EDGE_LOOP('',(#2701,#2702,#2703,#2704));
#1240=EDGE_LOOP('',(#2705,#2706,#2707,#2708));
#1241=EDGE_LOOP('',(#2709,#2710,#2711,#2712));
#1242=EDGE_LOOP('',(#2713,#2714,#2715,#2716));
#1243=EDGE_LOOP('',(#2717,#2718,#2719,#2720));
#1244=EDGE_LOOP('',(#2721,#2722,#2723,#2724));
#1245=EDGE_LOOP('',(#2725));
#1246=EDGE_LOOP('',(#2726));
#1247=EDGE_LOOP('',(#2727));
#1248=EDGE_LOOP('',(#2728,#2729,#2730,#2731));
#1249=EDGE_LOOP('',(#2732,#2733,#2734,#2735));
#1250=EDGE_LOOP('',(#2736));
#1251=EDGE_LOOP('',(#2737,#2738,#2739,#2740));
#1252=EDGE_LOOP('',(#2741,#2742,#2743,#2744,#2745,#2746,#2747,#2748));
#1253=EDGE_LOOP('',(#2749));
#1254=EDGE_LOOP('',(#2750));
#1255=EDGE_LOOP('',(#2751));
#1256=EDGE_LOOP('',(#2752,#2753,#2754,#2755));
#1257=EDGE_LOOP('',(#2756,#2757,#2758,#2759));
#1258=EDGE_LOOP('',(#2760,#2761,#2762,#2763));
#1259=EDGE_LOOP('',(#2764,#2765,#2766,#2767));
#1260=EDGE_LOOP('',(#2768,#2769,#2770,#2771));
#1261=EDGE_LOOP('',(#2772,#2773,#2774,#2775));
#1262=EDGE_LOOP('',(#2776,#2777,#2778,#2779));
#1263=EDGE_LOOP('',(#2780,#2781,#2782,#2783));
#1264=EDGE_LOOP('',(#2784,#2785,#2786,#2787));
#1265=EDGE_LOOP('',(#2788,#2789,#2790,#2791));
#1266=EDGE_LOOP('',(#2792));
#1267=EDGE_LOOP('',(#2793,#2794,#2795,#2796));
#1268=EDGE_LOOP('',(#2797,#2798,#2799,#2800,#2801,#2802,#2803,#2804));
#1269=EDGE_LOOP('',(#2805));
#1270=EDGE_LOOP('',(#2806));
#1271=EDGE_LOOP('',(#2807));
#1272=EDGE_LOOP('',(#2808));
#1273=EDGE_LOOP('',(#2809));
#1274=EDGE_LOOP('',(#2810));
#1275=EDGE_LOOP('',(#2811));
#1276=EDGE_LOOP('',(#2812));
#1277=EDGE_LOOP('',(#2813));
#1278=EDGE_LOOP('',(#2814));
#1279=EDGE_LOOP('',(#2815));
#1280=EDGE_LOOP('',(#2816,#2817,#2818,#2819,#2820));
#1281=EDGE_LOOP('',(#2821,#2822,#2823,#2824,#2825));
#1282=EDGE_LOOP('',(#2826,#2827,#2828,#2829,#2830));
#1283=EDGE_LOOP('',(#2831,#2832,#2833,#2834,#2835));
#1284=EDGE_LOOP('',(#2836,#2837,#2838,#2839));
#1285=EDGE_LOOP('',(#2840,#2841,#2842,#2843));
#1286=EDGE_LOOP('',(#2844,#2845,#2846,#2847));
#1287=EDGE_LOOP('',(#2848,#2849,#2850,#2851,#2852));
#1288=EDGE_LOOP('',(#2853,#2854,#2855,#2856,#2857));
#1289=EDGE_LOOP('',(#2858,#2859,#2860,#2861));
#1290=EDGE_LOOP('',(#2862));
#1291=EDGE_LOOP('',(#2863));
#1292=EDGE_LOOP('',(#2864));
#1293=EDGE_LOOP('',(#2865,#2866,#2867,#2868));
#1294=EDGE_LOOP('',(#2869,#2870));
#1295=EDGE_LOOP('',(#2871));
#1296=EDGE_LOOP('',(#2872,#2873,#2874,#2875));
#1297=EDGE_LOOP('',(#2876,#2877));
#1298=EDGE_LOOP('',(#2878));
#1299=EDGE_LOOP('',(#2879,#2880,#2881,#2882));
#1300=EDGE_LOOP('',(#2883));
#1301=EDGE_LOOP('',(#2884));
#1302=EDGE_LOOP('',(#2885,#2886,#2887,#2888));
#1303=EDGE_LOOP('',(#2889));
#1304=EDGE_LOOP('',(#2890));
#1305=EDGE_LOOP('',(#2891,#2892,#2893,#2894,#2895,#2896,#2897,#2898,#2899));
#1306=EDGE_LOOP('',(#2900));
#1307=EDGE_LOOP('',(#2901,#2902,#2903,#2904));
#1308=EDGE_LOOP('',(#2905,#2906));
#1309=EDGE_LOOP('',(#2907));
#1310=EDGE_LOOP('',(#2908,#2909,#2910,#2911));
#1311=EDGE_LOOP('',(#2912,#2913));
#1312=EDGE_LOOP('',(#2914));
#1313=EDGE_LOOP('',(#2915,#2916,#2917,#2918));
#1314=EDGE_LOOP('',(#2919));
#1315=EDGE_LOOP('',(#2920));
#1316=EDGE_LOOP('',(#2921,#2922,#2923,#2924));
#1317=EDGE_LOOP('',(#2925,#2926,#2927,#2928));
#1318=EDGE_LOOP('',(#2929,#2930,#2931,#2932));
#1319=EDGE_LOOP('',(#2933,#2934,#2935,#2936));
#1320=EDGE_LOOP('',(#2937,#2938,#2939,#2940));
#1321=EDGE_LOOP('',(#2941,#2942,#2943,#2944));
#1322=EDGE_LOOP('',(#2945,#2946,#2947,#2948));
#1323=EDGE_LOOP('',(#2949,#2950,#2951,#2952));
#1324=EDGE_LOOP('',(#2953,#2954,#2955,#2956));
#1325=EDGE_LOOP('',(#2957,#2958,#2959,#2960));
#1326=EDGE_LOOP('',(#2961,#2962,#2963,#2964));
#1327=EDGE_LOOP('',(#2965,#2966,#2967,#2968));
#1328=EDGE_LOOP('',(#2969,#2970,#2971,#2972,#2973,#2974,#2975,#2976));
#1329=EDGE_LOOP('',(#2977,#2978,#2979,#2980));
#1330=EDGE_LOOP('',(#2981));
#1331=EDGE_LOOP('',(#2982,#2983,#2984,#2985));
#1332=EDGE_LOOP('',(#2986,#2987,#2988,#2989));
#1333=EDGE_LOOP('',(#2990,#2991,#2992,#2993));
#1334=EDGE_LOOP('',(#2994,#2995,#2996,#2997));
#1335=EDGE_LOOP('',(#2998,#2999,#3000,#3001));
#1336=EDGE_LOOP('',(#3002,#3003,#3004,#3005));
#1337=EDGE_LOOP('',(#3006,#3007,#3008,#3009));
#1338=EDGE_LOOP('',(#3010,#3011,#3012,#3013));
#1339=EDGE_LOOP('',(#3014,#3015,#3016,#3017));
#1340=EDGE_LOOP('',(#3018,#3019,#3020,#3021));
#1341=EDGE_LOOP('',(#3022,#3023,#3024,#3025));
#1342=EDGE_LOOP('',(#3026,#3027,#3028,#3029));
#1343=EDGE_LOOP('',(#3030,#3031,#3032,#3033,#3034,#3035,#3036,#3037));
#1344=EDGE_LOOP('',(#3038,#3039,#3040,#3041));
#1345=EDGE_LOOP('',(#3042));
#1346=EDGE_LOOP('',(#3043,#3044,#3045,#3046));
#1347=EDGE_LOOP('',(#3047,#3048,#3049,#3050));
#1348=EDGE_LOOP('',(#3051,#3052,#3053,#3054));
#1349=EDGE_LOOP('',(#3055,#3056,#3057,#3058));
#1350=EDGE_LOOP('',(#3059,#3060,#3061,#3062));
#1351=EDGE_LOOP('',(#3063,#3064,#3065,#3066));
#1352=EDGE_LOOP('',(#3067,#3068,#3069,#3070));
#1353=EDGE_LOOP('',(#3071,#3072,#3073,#3074));
#1354=EDGE_LOOP('',(#3075,#3076,#3077,#3078));
#1355=EDGE_LOOP('',(#3079,#3080,#3081,#3082));
#1356=EDGE_LOOP('',(#3083,#3084,#3085,#3086));
#1357=EDGE_LOOP('',(#3087,#3088,#3089,#3090));
#1358=EDGE_LOOP('',(#3091));
#1359=EDGE_LOOP('',(#3092,#3093,#3094,#3095));
#1360=EDGE_LOOP('',(#3096));
#1361=EDGE_LOOP('',(#3097,#3098,#3099,#3100));
#1362=EDGE_LOOP('',(#3101));
#1363=EDGE_LOOP('',(#3102,#3103,#3104,#3105));
#1364=EDGE_LOOP('',(#3106));
#1365=EDGE_LOOP('',(#3107,#3108));
#1366=EDGE_LOOP('',(#3109,#3110));
#1367=EDGE_LOOP('',(#3111,#3112,#3113,#3114));
#1368=EDGE_LOOP('',(#3115,#3116));
#1369=EDGE_LOOP('',(#3117,#3118,#3119,#3120));
#1370=EDGE_LOOP('',(#3121,#3122));
#1371=EDGE_LOOP('',(#3123,#3124,#3125,#3126));
#1372=EDGE_LOOP('',(#3127,#3128,#3129,#3130));
#1373=EDGE_LOOP('',(#3131,#3132,#3133,#3134,#3135));
#1374=EDGE_LOOP('',(#3136,#3137,#3138,#3139));
#1375=EDGE_LOOP('',(#3140));
#1376=EDGE_LOOP('',(#3141));
#1377=EDGE_LOOP('',(#3142,#3143,#3144,#3145));
#1378=EDGE_LOOP('',(#3146,#3147,#3148,#3149,#3150));
#1379=EDGE_LOOP('',(#3151,#3152,#3153,#3154));
#1380=EDGE_LOOP('',(#3155));
#1381=EDGE_LOOP('',(#3156));
#1382=EDGE_LOOP('',(#3157,#3158,#3159,#3160));
#1383=EDGE_LOOP('',(#3161,#3162,#3163,#3164));
#1384=EDGE_LOOP('',(#3165,#3166,#3167,#3168));
#1385=EDGE_LOOP('',(#3169,#3170,#3171,#3172,#3173,#3174));
#1386=EDGE_LOOP('',(#3175));
#1387=EDGE_LOOP('',(#3176,#3177,#3178,#3179));
#1388=EDGE_LOOP('',(#3180));
#1389=EDGE_LOOP('',(#3181));
#1390=EDGE_LOOP('',(#3182,#3183,#3184,#3185));
#1391=EDGE_LOOP('',(#3186,#3187,#3188,#3189));
#1392=EDGE_LOOP('',(#3190,#3191,#3192,#3193));
#1393=EDGE_LOOP('',(#3194,#3195,#3196,#3197));
#1394=EDGE_LOOP('',(#3198,#3199,#3200,#3201));
#1395=EDGE_LOOP('',(#3202,#3203,#3204,#3205));
#1396=EDGE_LOOP('',(#3206,#3207,#3208,#3209));
#1397=EDGE_LOOP('',(#3210,#3211,#3212,#3213));
#1398=EDGE_LOOP('',(#3214,#3215,#3216,#3217));
#1399=EDGE_LOOP('',(#3218,#3219,#3220,#3221));
#1400=EDGE_LOOP('',(#3222,#3223,#3224,#3225));
#1401=EDGE_LOOP('',(#3226,#3227,#3228,#3229,#3230));
#1402=EDGE_LOOP('',(#3231,#3232,#3233,#3234,#3235));
#1403=EDGE_LOOP('',(#3236));
#1404=EDGE_LOOP('',(#3237,#3238,#3239,#3240));
#1405=EDGE_LOOP('',(#3241,#3242,#3243,#3244));
#1406=EDGE_LOOP('',(#3245,#3246,#3247,#3248));
#1407=EDGE_LOOP('',(#3249,#3250,#3251,#3252));
#1408=EDGE_LOOP('',(#3253));
#1409=EDGE_LOOP('',(#3254));
#1410=EDGE_LOOP('',(#3255,#3256,#3257,#3258));
#1411=EDGE_LOOP('',(#3259,#3260,#3261,#3262));
#1412=EDGE_LOOP('',(#3263,#3264,#3265,#3266));
#1413=EDGE_LOOP('',(#3267,#3268,#3269,#3270));
#1414=EDGE_LOOP('',(#3271,#3272,#3273,#3274));
#1415=EDGE_LOOP('',(#3275,#3276,#3277,#3278,#3279,#3280,#3281,#3282,#3283,
#3284));
#1416=EDGE_LOOP('',(#3285,#3286,#3287,#3288));
#1417=EDGE_LOOP('',(#3289,#3290,#3291,#3292));
#1418=EDGE_LOOP('',(#3293,#3294,#3295,#3296,#3297,#3298,#3299,#3300,#3301,
#3302,#3303,#3304));
#1419=EDGE_LOOP('',(#3305,#3306,#3307,#3308));
#1420=EDGE_LOOP('',(#3309,#3310,#3311,#3312,#3313,#3314));
#1421=EDGE_LOOP('',(#3315,#3316,#3317,#3318));
#1422=EDGE_LOOP('',(#3319,#3320,#3321,#3322));
#1423=EDGE_LOOP('',(#3323,#3324,#3325,#3326));
#1424=EDGE_LOOP('',(#3327,#3328,#3329,#3330));
#1425=EDGE_LOOP('',(#3331,#3332,#3333,#3334,#3335,#3336,#3337,#3338,#3339,
#3340,#3341,#3342));
#1426=EDGE_LOOP('',(#3343,#3344,#3345,#3346,#3347,#3348));
#1427=EDGE_LOOP('',(#3349,#3350,#3351,#3352,#3353,#3354,#3355,#3356,#3357,
#3358,#3359,#3360));
#1428=EDGE_LOOP('',(#3361,#3362,#3363,#3364));
#1429=EDGE_LOOP('',(#3365,#3366,#3367,#3368));
#1430=EDGE_LOOP('',(#3369,#3370,#3371,#3372,#3373));
#1431=EDGE_LOOP('',(#3374,#3375,#3376,#3377));
#1432=EDGE_LOOP('',(#3378,#3379,#3380,#3381,#3382));
#1433=EDGE_LOOP('',(#3383,#3384,#3385,#3386));
#1434=EDGE_LOOP('',(#3387,#3388,#3389,#3390,#3391));
#1435=EDGE_LOOP('',(#3392,#3393,#3394,#3395,#3396));
#1436=EDGE_LOOP('',(#3397,#3398,#3399,#3400));
#1437=EDGE_LOOP('',(#3401,#3402,#3403,#3404));
#1438=EDGE_LOOP('',(#3405,#3406,#3407,#3408));
#1439=EDGE_LOOP('',(#3409,#3410,#3411,#3412));
#1440=EDGE_LOOP('',(#3413,#3414,#3415,#3416));
#1441=EDGE_LOOP('',(#3417,#3418,#3419,#3420,#3421,#3422));
#1442=EDGE_LOOP('',(#3423,#3424,#3425,#3426));
#1443=EDGE_LOOP('',(#3427,#3428,#3429,#3430,#3431,#3432));
#1444=EDGE_LOOP('',(#3433,#3434,#3435,#3436));
#1445=EDGE_LOOP('',(#3437,#3438,#3439,#3440));
#1446=EDGE_LOOP('',(#3441,#3442,#3443,#3444));
#1447=EDGE_LOOP('',(#3445,#3446,#3447,#3448));
#1448=EDGE_LOOP('',(#3449,#3450,#3451,#3452));
#1449=EDGE_LOOP('',(#3453,#3454,#3455,#3456));
#1450=CIRCLE('',#3835,5.5);
#1451=CIRCLE('',#3836,3.);
#1452=CIRCLE('',#3837,8.5);
#1453=CIRCLE('',#3838,8.5);
#1454=CIRCLE('',#3842,10.);
#1455=CIRCLE('',#3843,10.);
#1456=CIRCLE('',#3844,10.);
#1457=CIRCLE('',#3851,17.4);
#1458=CIRCLE('',#3852,0.0999999999999934);
#1459=CIRCLE('',#3853,17.4);
#1460=CIRCLE('',#3854,17.5);
#1461=CIRCLE('',#3856,17.4);
#1462=CIRCLE('',#3857,17.4);
#1463=CIRCLE('',#3858,17.5);
#1464=CIRCLE('',#3859,0.100000000000005);
#1465=CIRCLE('',#3863,17.5);
#1466=CIRCLE('',#3865,6.5);
#1467=CIRCLE('',#3867,6.5);
#1468=CIRCLE('',#3868,17.4);
#1469=CIRCLE('',#3869,17.4);
#1470=CIRCLE('',#3870,0.0999999999999934);
#1471=CIRCLE('',#3872,17.4);
#1472=CIRCLE('',#3873,17.4);
#1473=CIRCLE('',#3874,0.100000000000005);
#1474=CIRCLE('',#3875,17.5);
#1475=CIRCLE('',#3881,6.5);
#1476=CIRCLE('',#3883,32.5);
#1477=CIRCLE('',#3884,42.5);
#1478=CIRCLE('',#3887,32.5);
#1479=CIRCLE('',#3888,42.5);
#1480=CIRCLE('',#3892,42.5);
#1481=CIRCLE('',#3894,19.);
#1482=CIRCLE('',#3896,30.);
#1483=CIRCLE('',#3898,30.);
#1484=CIRCLE('',#3901,19.);
#1485=CIRCLE('',#3902,16.);
#1486=CIRCLE('',#3905,18.);
#1487=CIRCLE('',#3906,16.);
#1488=CIRCLE('',#3908,18.);
#1489=CIRCLE('',#3913,42.5);
#1490=CIRCLE('',#3917,3.5);
#1491=CIRCLE('',#3919,3.5);
#1492=CIRCLE('',#3921,3.5);
#1493=CIRCLE('',#3923,3.5);
#1494=CIRCLE('',#3925,3.5);
#1495=CIRCLE('',#3927,3.5);
#1496=CIRCLE('',#3929,3.5);
#1497=CIRCLE('',#3931,3.5);
#1498=CIRCLE('',#3932,2.);
#1499=CIRCLE('',#3933,2.);
#1500=CIRCLE('',#3935,2.);
#1501=CIRCLE('',#3936,2.);
#1502=CIRCLE('',#3938,2.);
#1503=CIRCLE('',#3939,2.);
#1504=CIRCLE('',#3941,2.);
#1505=CIRCLE('',#3942,2.);
#1506=CIRCLE('',#3947,20.75);
#1507=CIRCLE('',#3948,20.75);
#1508=CIRCLE('',#3949,20.75);
#1509=CIRCLE('',#3950,2.);
#1510=CIRCLE('',#3951,2.0000000000001);
#1511=CIRCLE('',#3953,2.);
#1512=CIRCLE('',#3954,2.);
#1513=CIRCLE('',#3956,2.);
#1514=CIRCLE('',#3957,2.);
#1515=CIRCLE('',#3959,2.);
#1516=CIRCLE('',#3960,2.);
#1517=CIRCLE('',#3964,20.75);
#1518=CIRCLE('',#3965,20.75);
#1519=CIRCLE('',#3966,5.);
#1520=CIRCLE('',#3967,5.);
#1521=CIRCLE('',#3968,5.);
#1522=CIRCLE('',#3969,5.);
#1523=CIRCLE('',#3970,5.);
#1524=CIRCLE('',#3971,5.);
#1525=CIRCLE('',#3972,5.);
#1526=CIRCLE('',#3973,5.);
#1527=CIRCLE('',#3974,20.75);
#1528=CIRCLE('',#3976,15.);
#1529=CIRCLE('',#3977,15.);
#1530=CIRCLE('',#3979,15.);
#1531=CIRCLE('',#3981,15.);
#1532=CIRCLE('',#3982,15.);
#1533=CIRCLE('',#3984,15.);
#1534=CIRCLE('',#3988,15.);
#1535=CIRCLE('',#3990,15.);
#1536=CIRCLE('',#3991,15.);
#1537=CIRCLE('',#3995,5.);
#1538=CIRCLE('',#3998,5.);
#1539=CIRCLE('',#4001,5.);
#1540=CIRCLE('',#4004,5.);
#1541=CIRCLE('',#4007,5.);
#1542=CIRCLE('',#4010,5.);
#1543=CIRCLE('',#4013,5.);
#1544=CIRCLE('',#4016,5.);
#1545=CIRCLE('',#4021,2.);
#1546=CIRCLE('',#4022,30.);
#1547=CIRCLE('',#4023,2.);
#1548=CIRCLE('',#4024,32.);
#1549=CIRCLE('',#4026,2.);
#1550=CIRCLE('',#4028,2.);
#1551=CIRCLE('',#4029,32.);
#1552=CIRCLE('',#4030,30.);
#1553=CIRCLE('',#4032,2.);
#1554=CIRCLE('',#4034,2.);
#1555=CIRCLE('',#4035,32.);
#1556=CIRCLE('',#4036,30.);
#1557=CIRCLE('',#4038,2.);
#1558=CIRCLE('',#4040,2.);
#1559=CIRCLE('',#4041,32.);
#1560=CIRCLE('',#4042,30.);
#1561=CIRCLE('',#4046,32.);
#1562=CIRCLE('',#4049,32.);
#1563=CIRCLE('',#4051,5.);
#1564=CIRCLE('',#4052,5.);
#1565=CIRCLE('',#4053,15.);
#1566=CIRCLE('',#4054,5.);
#1567=CIRCLE('',#4055,5.);
#1568=CIRCLE('',#4057,2.);
#1569=CIRCLE('',#4058,2.0000000000001);
#1570=CIRCLE('',#4059,30.);
#1571=CIRCLE('',#4061,2.00000000000003);
#1572=CIRCLE('',#4063,2.00000000000003);
#1573=CIRCLE('',#4064,30.);
#1574=CIRCLE('',#4065,32.);
#1575=CIRCLE('',#4067,2.00000000000003);
#1576=CIRCLE('',#4069,2.);
#1577=CIRCLE('',#4070,30.);
#1578=CIRCLE('',#4071,32.);
#1579=CIRCLE('',#4073,2.);
#1580=CIRCLE('',#4075,2.);
#1581=CIRCLE('',#4076,30.);
#1582=CIRCLE('',#4082,5.);
#1583=CIRCLE('',#4083,5.);
#1584=CIRCLE('',#4084,15.);
#1585=CIRCLE('',#4085,5.);
#1586=CIRCLE('',#4086,5.);
#1587=CIRCLE('',#4099,1.5);
#1588=CIRCLE('',#4100,1.5);
#1589=CIRCLE('',#4103,1.5);
#1590=CIRCLE('',#4104,1.5);
#1591=CIRCLE('',#4107,1.5);
#1592=CIRCLE('',#4108,1.5);
#1593=CIRCLE('',#4111,1.5);
#1594=CIRCLE('',#4112,1.5);
#1595=CIRCLE('',#4115,50.);
#1596=CIRCLE('',#4117,50.);
#1597=CIRCLE('',#4120,50.);
#1598=CIRCLE('',#4122,50.);
#1599=CIRCLE('',#4133,4.35);
#1600=CIRCLE('',#4134,2.25);
#1601=CIRCLE('',#4136,12.5);
#1602=CIRCLE('',#4137,12.5);
#1603=CIRCLE('',#4138,25.);
#1604=CIRCLE('',#4139,4.35000000000001);
#1605=CIRCLE('',#4140,5.);
#1606=CIRCLE('',#4141,5.);
#1607=CIRCLE('',#4142,15.);
#1608=CIRCLE('',#4144,2.25);
#1609=CIRCLE('',#4146,2.25);
#1610=CIRCLE('',#4148,2.25);
#1611=CIRCLE('',#4150,4.5);
#1612=CIRCLE('',#4151,5.);
#1613=CIRCLE('',#4154,4.5);
#1614=CIRCLE('',#4155,5.);
#1615=CIRCLE('',#4161,14.5);
#1616=CIRCLE('',#4162,15.);
#1617=CIRCLE('',#4163,15.);
#1618=CIRCLE('',#4170,50.);
#1619=CIRCLE('',#4172,50.);
#1620=CIRCLE('',#4176,25.);
#1621=CIRCLE('',#4189,12.5);
#1622=CIRCLE('',#4190,12.5);
#1623=CIRCLE('',#4192,5.);
#1624=CIRCLE('',#4193,5.);
#1625=CIRCLE('',#4195,3.);
#1626=CIRCLE('',#4196,3.);
#1627=VERTEX_POINT('',#5309);
#1628=VERTEX_POINT('',#5311);
#1629=VERTEX_POINT('',#5313);
#1630=VERTEX_POINT('',#5317);
#1631=VERTEX_POINT('',#5319);
#1632=VERTEX_POINT('',#5366);
#1633=VERTEX_POINT('',#5368);
#1634=VERTEX_POINT('',#5370);
#1635=VERTEX_POINT('',#5377);
#1636=VERTEX_POINT('',#5379);
#1637=VERTEX_POINT('',#5381);
#1638=VERTEX_POINT('',#5383);
#1639=VERTEX_POINT('',#5395);
#1640=VERTEX_POINT('',#5397);
#1641=VERTEX_POINT('',#5399);
#1642=VERTEX_POINT('',#5409);
#1643=VERTEX_POINT('',#5411);
#1644=VERTEX_POINT('',#5415);
#1645=VERTEX_POINT('',#5417);
#1646=VERTEX_POINT('',#5421);
#1647=VERTEX_POINT('',#5423);
#1648=VERTEX_POINT('',#5425);
#1649=VERTEX_POINT('',#5431);
#1650=VERTEX_POINT('',#5449);
#1651=VERTEX_POINT('',#5450);
#1652=VERTEX_POINT('',#5452);
#1653=VERTEX_POINT('',#5454);
#1654=VERTEX_POINT('',#5458);
#1655=VERTEX_POINT('',#5459);
#1656=VERTEX_POINT('',#5470);
#1657=VERTEX_POINT('',#5472);
#1658=VERTEX_POINT('',#5475);
#1659=VERTEX_POINT('',#5502);
#1660=VERTEX_POINT('',#5503);
#1661=VERTEX_POINT('',#5508);
#1662=VERTEX_POINT('',#5509);
#1663=VERTEX_POINT('',#5533);
#1664=VERTEX_POINT('',#5535);
#1665=VERTEX_POINT('',#5539);
#1666=VERTEX_POINT('',#5561);
#1667=VERTEX_POINT('',#5563);
#1668=VERTEX_POINT('',#5567);
#1669=VERTEX_POINT('',#5568);
#1670=VERTEX_POINT('',#5587);
#1671=VERTEX_POINT('',#5598);
#1672=VERTEX_POINT('',#5602);
#1673=VERTEX_POINT('',#5603);
#1674=VERTEX_POINT('',#5605);
#1675=VERTEX_POINT('',#5607);
#1676=VERTEX_POINT('',#5611);
#1677=VERTEX_POINT('',#5612);
#1678=VERTEX_POINT('',#5617);
#1679=VERTEX_POINT('',#5618);
#1680=VERTEX_POINT('',#5626);
#1681=VERTEX_POINT('',#5628);
#1682=VERTEX_POINT('',#5632);
#1683=VERTEX_POINT('',#5640);
#1684=VERTEX_POINT('',#5644);
#1685=VERTEX_POINT('',#5649);
#1686=VERTEX_POINT('',#5653);
#1687=VERTEX_POINT('',#5655);
#1688=VERTEX_POINT('',#5658);
#1689=VERTEX_POINT('',#5665);
#1690=VERTEX_POINT('',#5676);
#1691=VERTEX_POINT('',#5678);
#1692=VERTEX_POINT('',#5680);
#1693=VERTEX_POINT('',#5699);
#1694=VERTEX_POINT('',#5721);
#1695=VERTEX_POINT('',#5723);
#1696=VERTEX_POINT('',#5760);
#1697=VERTEX_POINT('',#5762);
#1698=VERTEX_POINT('',#5799);
#1699=VERTEX_POINT('',#5801);
#1700=VERTEX_POINT('',#5838);
#1701=VERTEX_POINT('',#5840);
#1702=VERTEX_POINT('',#5842);
#1703=VERTEX_POINT('',#5880);
#1704=VERTEX_POINT('',#5882);
#1705=VERTEX_POINT('',#5884);
#1706=VERTEX_POINT('',#5922);
#1707=VERTEX_POINT('',#5924);
#1708=VERTEX_POINT('',#5926);
#1709=VERTEX_POINT('',#5964);
#1710=VERTEX_POINT('',#5966);
#1711=VERTEX_POINT('',#5968);
#1712=VERTEX_POINT('',#6075);
#1713=VERTEX_POINT('',#6076);
#1714=VERTEX_POINT('',#6078);
#1715=VERTEX_POINT('',#6093);
#1716=VERTEX_POINT('',#6110);
#1717=VERTEX_POINT('',#6111);
#1718=VERTEX_POINT('',#6185);
#1719=VERTEX_POINT('',#6186);
#1720=VERTEX_POINT('',#6217);
#1721=VERTEX_POINT('',#6218);
#1722=VERTEX_POINT('',#6292);
#1723=VERTEX_POINT('',#6293);
#1724=VERTEX_POINT('',#6324);
#1725=VERTEX_POINT('',#6325);
#1726=VERTEX_POINT('',#6389);
#1727=VERTEX_POINT('',#6390);
#1728=VERTEX_POINT('',#6420);
#1729=VERTEX_POINT('',#6422);
#1730=VERTEX_POINT('',#6465);
#1731=VERTEX_POINT('',#6480);
#1732=VERTEX_POINT('',#6523);
#1733=VERTEX_POINT('',#6539);
#1734=VERTEX_POINT('',#6541);
#1735=VERTEX_POINT('',#6543);
#1736=VERTEX_POINT('',#6615);
#1737=VERTEX_POINT('',#6616);
#1738=VERTEX_POINT('',#6618);
#1739=VERTEX_POINT('',#6633);
#1740=VERTEX_POINT('',#6650);
#1741=VERTEX_POINT('',#6719);
#1742=VERTEX_POINT('',#6735);
#1743=VERTEX_POINT('',#6798);
#1744=VERTEX_POINT('',#6813);
#1745=VERTEX_POINT('',#6886);
#1746=VERTEX_POINT('',#6887);
#1747=VERTEX_POINT('',#7005);
#1748=VERTEX_POINT('',#7007);
#1749=VERTEX_POINT('',#7009);
#1750=VERTEX_POINT('',#7011);
#1751=VERTEX_POINT('',#7013);
#1752=VERTEX_POINT('',#7015);
#1753=VERTEX_POINT('',#7017);
#1754=VERTEX_POINT('',#7019);
#1755=VERTEX_POINT('',#7021);
#1756=VERTEX_POINT('',#7023);
#1757=VERTEX_POINT('',#7025);
#1758=VERTEX_POINT('',#7028);
#1759=VERTEX_POINT('',#7030);
#1760=VERTEX_POINT('',#7034);
#1761=VERTEX_POINT('',#7038);
#1762=VERTEX_POINT('',#7040);
#1763=VERTEX_POINT('',#7044);
#1764=VERTEX_POINT('',#7052);
#1765=VERTEX_POINT('',#7056);
#1766=VERTEX_POINT('',#7057);
#1767=VERTEX_POINT('',#7065);
#1768=VERTEX_POINT('',#7070);
#1769=VERTEX_POINT('',#7075);
#1770=VERTEX_POINT('',#7080);
#1771=VERTEX_POINT('',#7086);
#1772=VERTEX_POINT('',#7091);
#1773=VERTEX_POINT('',#7096);
#1774=VERTEX_POINT('',#7101);
#1775=VERTEX_POINT('',#7108);
#1776=VERTEX_POINT('',#7109);
#1777=VERTEX_POINT('',#7111);
#1778=VERTEX_POINT('',#7113);
#1779=VERTEX_POINT('',#7117);
#1780=VERTEX_POINT('',#7118);
#1781=VERTEX_POINT('',#7123);
#1782=VERTEX_POINT('',#7124);
#1783=VERTEX_POINT('',#7129);
#1784=VERTEX_POINT('',#7130);
#1785=VERTEX_POINT('',#7135);
#1786=VERTEX_POINT('',#7136);
#1787=VERTEX_POINT('',#7141);
#1788=VERTEX_POINT('',#7142);
#1789=VERTEX_POINT('',#7147);
#1790=VERTEX_POINT('',#7148);
#1791=VERTEX_POINT('',#7156);
#1792=VERTEX_POINT('',#7158);
#1793=VERTEX_POINT('',#7162);
#1794=VERTEX_POINT('',#7166);
#1795=VERTEX_POINT('',#7170);
#1796=VERTEX_POINT('',#7174);
#1797=VERTEX_POINT('',#7175);
#1798=VERTEX_POINT('',#7177);
#1799=VERTEX_POINT('',#7179);
#1800=VERTEX_POINT('',#7182);
#1801=VERTEX_POINT('',#7184);
#1802=VERTEX_POINT('',#7185);
#1803=VERTEX_POINT('',#7187);
#1804=VERTEX_POINT('',#7189);
#1805=VERTEX_POINT('',#7193);
#1806=VERTEX_POINT('',#7195);
#1807=VERTEX_POINT('',#7199);
#1808=VERTEX_POINT('',#7200);
#1809=VERTEX_POINT('',#7205);
#1810=VERTEX_POINT('',#7206);
#1811=VERTEX_POINT('',#7211);
#1812=VERTEX_POINT('',#7212);
#1813=VERTEX_POINT('',#7217);
#1814=VERTEX_POINT('',#7222);
#1815=VERTEX_POINT('',#7226);
#1816=VERTEX_POINT('',#7238);
#1817=VERTEX_POINT('',#7239);
#1818=VERTEX_POINT('',#7241);
#1819=VERTEX_POINT('',#7243);
#1820=VERTEX_POINT('',#7246);
#1821=VERTEX_POINT('',#7248);
#1822=VERTEX_POINT('',#7249);
#1823=VERTEX_POINT('',#7251);
#1824=VERTEX_POINT('',#7253);
#1825=VERTEX_POINT('',#7277);
#1826=VERTEX_POINT('',#7279);
#1827=VERTEX_POINT('',#7284);
#1828=VERTEX_POINT('',#7286);
#1829=VERTEX_POINT('',#7291);
#1830=VERTEX_POINT('',#7293);
#1831=VERTEX_POINT('',#7298);
#1832=VERTEX_POINT('',#7300);
#1833=VERTEX_POINT('',#7305);
#1834=VERTEX_POINT('',#7306);
#1835=VERTEX_POINT('',#7310);
#1836=VERTEX_POINT('',#7311);
#1837=VERTEX_POINT('',#7318);
#1838=VERTEX_POINT('',#7319);
#1839=VERTEX_POINT('',#7323);
#1840=VERTEX_POINT('',#7325);
#1841=VERTEX_POINT('',#7331);
#1842=VERTEX_POINT('',#7332);
#1843=VERTEX_POINT('',#7334);
#1844=VERTEX_POINT('',#7336);
#1845=VERTEX_POINT('',#7340);
#1846=VERTEX_POINT('',#7342);
#1847=VERTEX_POINT('',#7346);
#1848=VERTEX_POINT('',#7348);
#1849=VERTEX_POINT('',#7352);
#1850=VERTEX_POINT('',#7356);
#1851=VERTEX_POINT('',#7364);
#1852=VERTEX_POINT('',#7366);
#1853=VERTEX_POINT('',#7370);
#1854=VERTEX_POINT('',#7371);
#1855=VERTEX_POINT('',#7373);
#1856=VERTEX_POINT('',#7375);
#1857=VERTEX_POINT('',#7377);
#1858=VERTEX_POINT('',#7379);
#1859=VERTEX_POINT('',#7382);
#1860=VERTEX_POINT('',#7384);
#1861=VERTEX_POINT('',#7385);
#1862=VERTEX_POINT('',#7387);
#1863=VERTEX_POINT('',#7389);
#1864=VERTEX_POINT('',#7392);
#1865=VERTEX_POINT('',#7395);
#1866=VERTEX_POINT('',#7399);
#1867=VERTEX_POINT('',#7403);
#1868=VERTEX_POINT('',#7407);
#1869=VERTEX_POINT('',#7408);
#1870=VERTEX_POINT('',#7410);
#1871=VERTEX_POINT('',#7412);
#1872=VERTEX_POINT('',#7416);
#1873=VERTEX_POINT('',#7417);
#1874=VERTEX_POINT('',#7422);
#1875=VERTEX_POINT('',#7423);
#1876=VERTEX_POINT('',#7436);
#1877=VERTEX_POINT('',#7437);
#1878=VERTEX_POINT('',#7439);
#1879=VERTEX_POINT('',#7441);
#1880=VERTEX_POINT('',#7445);
#1881=VERTEX_POINT('',#7447);
#1882=VERTEX_POINT('',#7449);
#1883=VERTEX_POINT('',#7455);
#1884=VERTEX_POINT('',#7456);
#1885=VERTEX_POINT('',#7458);
#1886=VERTEX_POINT('',#7460);
#1887=VERTEX_POINT('',#7464);
#1888=VERTEX_POINT('',#7465);
#1889=VERTEX_POINT('',#7467);
#1890=VERTEX_POINT('',#7469);
#1891=VERTEX_POINT('',#7473);
#1892=VERTEX_POINT('',#7474);
#1893=VERTEX_POINT('',#7476);
#1894=VERTEX_POINT('',#7478);
#1895=VERTEX_POINT('',#7482);
#1896=VERTEX_POINT('',#7483);
#1897=VERTEX_POINT('',#7485);
#1898=VERTEX_POINT('',#7487);
#1899=VERTEX_POINT('',#7498);
#1900=VERTEX_POINT('',#7499);
#1901=VERTEX_POINT('',#7501);
#1902=VERTEX_POINT('',#7503);
#1903=VERTEX_POINT('',#7507);
#1904=VERTEX_POINT('',#7509);
#1905=VERTEX_POINT('',#7511);
#1906=VERTEX_POINT('',#7513);
#1907=VERTEX_POINT('',#7515);
#1908=VERTEX_POINT('',#7517);
#1909=VERTEX_POINT('',#7519);
#1910=VERTEX_POINT('',#7521);
#1911=VERTEX_POINT('',#7523);
#1912=VERTEX_POINT('',#7527);
#1913=VERTEX_POINT('',#7528);
#1914=VERTEX_POINT('',#7530);
#1915=VERTEX_POINT('',#7535);
#1916=VERTEX_POINT('',#7537);
#1917=VERTEX_POINT('',#7541);
#1918=VERTEX_POINT('',#7543);
#1919=VERTEX_POINT('',#7545);
#1920=VERTEX_POINT('',#7547);
#1921=VERTEX_POINT('',#7549);
#1922=VERTEX_POINT('',#7551);
#1923=VERTEX_POINT('',#7553);
#1924=VERTEX_POINT('',#7556);
#1925=VERTEX_POINT('',#7560);
#1926=VERTEX_POINT('',#7564);
#1927=VERTEX_POINT('',#7569);
#1928=VERTEX_POINT('',#7577);
#1929=VERTEX_POINT('',#7581);
#1930=VERTEX_POINT('',#7583);
#1931=VERTEX_POINT('',#7589);
#1932=VERTEX_POINT('',#7591);
#1933=VERTEX_POINT('',#7594);
#1934=VERTEX_POINT('',#7596);
#1935=VERTEX_POINT('',#7598);
#1936=VERTEX_POINT('',#7600);
#1937=VERTEX_POINT('',#7641);
#1938=VERTEX_POINT('',#7642);
#1939=VERTEX_POINT('',#7644);
#1940=VERTEX_POINT('',#7646);
#1941=VERTEX_POINT('',#7650);
#1942=VERTEX_POINT('',#7652);
#1943=VERTEX_POINT('',#7656);
#1944=VERTEX_POINT('',#7658);
#1945=EDGE_CURVE('',#1627,#1627,#1450,.T.);
#1946=EDGE_CURVE('',#1627,#1628,#1451,.T.);
#1947=EDGE_CURVE('',#1628,#1629,#1452,.T.);
#1948=EDGE_CURVE('',#1629,#1628,#1453,.T.);
#1949=EDGE_CURVE('',#1629,#1630,#307,.T.);
#1950=EDGE_CURVE('',#1631,#1630,#269,.T.);
#1951=EDGE_CURVE('',#1630,#1631,#270,.T.);
#1952=EDGE_CURVE('',#1632,#1632,#1454,.T.);
#1953=EDGE_CURVE('',#1632,#1633,#308,.T.);
#1954=EDGE_CURVE('',#1634,#1633,#271,.T.);
#1955=EDGE_CURVE('',#1635,#1634,#309,.T.);
#1956=EDGE_CURVE('',#1636,#1635,#1455,.T.);
#1957=EDGE_CURVE('',#1637,#1636,#310,.T.);
#1958=EDGE_CURVE('',#1638,#1637,#272,.T.);
#1959=EDGE_CURVE('',#1639,#1638,#311,.T.);
#1960=EDGE_CURVE('',#1640,#1639,#1456,.T.);
#1961=EDGE_CURVE('',#1641,#1640,#312,.T.);
#1962=EDGE_CURVE('',#1633,#1641,#273,.T.);
#1963=EDGE_CURVE('',#1642,#1634,#313,.T.);
#1964=EDGE_CURVE('',#1643,#1642,#314,.T.);
#1965=EDGE_CURVE('',#1643,#1635,#315,.T.);
#1966=EDGE_CURVE('',#1636,#1644,#316,.T.);
#1967=EDGE_CURVE('',#1645,#1644,#317,.T.);
#1968=EDGE_CURVE('',#1637,#1645,#318,.T.);
#1969=EDGE_CURVE('',#1646,#1638,#319,.T.);
#1970=EDGE_CURVE('',#1647,#1646,#320,.T.);
#1971=EDGE_CURVE('',#1647,#1648,#321,.T.);
#1972=EDGE_CURVE('',#1648,#1639,#322,.T.);
#1973=EDGE_CURVE('',#1644,#1643,#323,.T.);
#1974=EDGE_CURVE('',#1648,#1649,#324,.T.);
#1975=EDGE_CURVE('',#1640,#1649,#325,.T.);
#1976=EDGE_CURVE('',#1650,#1651,#1457,.T.);
#1977=EDGE_CURVE('',#1651,#1652,#1458,.T.);
#1978=EDGE_CURVE('',#1652,#1653,#1459,.T.);
#1979=EDGE_CURVE('',#1653,#1650,#1460,.T.);
#1980=EDGE_CURVE('',#1654,#1655,#274,.T.);
#1981=EDGE_CURVE('',#1654,#1656,#326,.T.);
#1982=EDGE_CURVE('',#1656,#1657,#1461,.T.);
#1983=EDGE_CURVE('',#1657,#1653,#327,.T.);
#1984=EDGE_CURVE('',#1652,#1658,#328,.T.);
#1985=EDGE_CURVE('',#1655,#1658,#275,.T.);
#1986=EDGE_CURVE('',#1659,#1660,#1462,.T.);
#1987=EDGE_CURVE('',#1660,#1657,#1463,.T.);
#1988=EDGE_CURVE('',#1656,#1659,#1464,.T.);
#1989=EDGE_CURVE('',#1661,#1662,#276,.T.);
#1990=EDGE_CURVE('',#1661,#1651,#329,.T.);
#1991=EDGE_CURVE('',#1650,#1660,#330,.T.);
#1992=EDGE_CURVE('',#1659,#1662,#331,.T.);
#1993=EDGE_CURVE('',#1650,#1663,#332,.T.);
#1994=EDGE_CURVE('',#1664,#1663,#333,.T.);
#1995=EDGE_CURVE('',#1660,#1664,#334,.T.);
#1996=EDGE_CURVE('',#1653,#1665,#335,.T.);
#1997=EDGE_CURVE('',#1663,#1665,#1465,.T.);
#1998=EDGE_CURVE('',#1661,#1658,#1466,.T.);
#1999=EDGE_CURVE('',#1654,#1662,#1467,.T.);
#2000=EDGE_CURVE('',#1666,#1663,#1468,.T.);
#2001=EDGE_CURVE('',#1665,#1667,#1469,.T.);
#2002=EDGE_CURVE('',#1667,#1666,#1470,.T.);
#2003=EDGE_CURVE('',#1668,#1669,#1471,.T.);
#2004=EDGE_CURVE('',#1669,#1667,#336,.T.);
#2005=EDGE_CURVE('',#1665,#1668,#337,.T.);
#2006=EDGE_CURVE('',#1664,#1670,#1472,.T.);
#2007=EDGE_CURVE('',#1670,#1669,#1473,.T.);
#2008=EDGE_CURVE('',#1668,#1664,#1474,.T.);
#2009=EDGE_CURVE('',#1666,#1670,#338,.T.);
#2010=EDGE_CURVE('',#1657,#1668,#339,.T.);
#2011=EDGE_CURVE('',#1655,#1671,#340,.T.);
#2012=EDGE_CURVE('',#1671,#1671,#1475,.T.);
#2013=EDGE_CURVE('',#1672,#1673,#341,.T.);
#2014=EDGE_CURVE('',#1673,#1674,#1476,.T.);
#2015=EDGE_CURVE('',#1674,#1675,#342,.T.);
#2016=EDGE_CURVE('',#1675,#1672,#1477,.T.);
#2017=EDGE_CURVE('',#1676,#1677,#343,.T.);
#2018=EDGE_CURVE('',#1677,#1673,#344,.T.);
#2019=EDGE_CURVE('',#1672,#1676,#345,.T.);
#2020=EDGE_CURVE('',#1678,#1679,#346,.T.);
#2021=EDGE_CURVE('',#1679,#1677,#1478,.T.);
#2022=EDGE_CURVE('',#1676,#1678,#1479,.T.);
#2023=EDGE_CURVE('',#1674,#1679,#347,.T.);
#2024=EDGE_CURVE('',#1678,#1675,#348,.T.);
#2025=EDGE_CURVE('',#1680,#1672,#349,.T.);
#2026=EDGE_CURVE('',#1680,#1681,#350,.T.);
#2027=EDGE_CURVE('',#1681,#1676,#351,.T.);
#2028=EDGE_CURVE('',#1682,#1675,#352,.T.);
#2029=EDGE_CURVE('',#1682,#1680,#1480,.T.);
#2030=EDGE_CURVE('',#1642,#1645,#1481,.T.);
#2031=EDGE_CURVE('',#1648,#1649,#1482,.T.);
#2032=EDGE_CURVE('',#1649,#1683,#353,.T.);
#2033=EDGE_CURVE('',#1683,#1647,#1483,.T.);
#2034=EDGE_CURVE('',#1684,#1683,#354,.T.);
#2035=EDGE_CURVE('',#1641,#1684,#355,.T.);
#2036=EDGE_CURVE('',#1646,#1684,#1484,.T.);
#2037=EDGE_CURVE('',#1685,#1685,#1485,.T.);
#2038=EDGE_CURVE('',#1686,#1686,#1486,.T.);
#2039=EDGE_CURVE('',#1687,#1687,#1487,.T.);
#2040=EDGE_CURVE('',#1686,#1688,#356,.T.);
#2041=EDGE_CURVE('',#1688,#1688,#1488,.T.);
#2042=EDGE_CURVE('',#1687,#1685,#357,.T.);
#2043=EDGE_CURVE('',#1689,#1678,#358,.T.);
#2044=EDGE_CURVE('',#1689,#1682,#359,.T.);
#2045=EDGE_CURVE('',#1681,#1689,#1489,.T.);
#2046=EDGE_CURVE('',#1690,#1690,#1490,.T.);
#2047=EDGE_CURVE('',#1690,#1691,#360,.T.);
#2048=EDGE_CURVE('',#1692,#1691,#277,.T.);
#2049=EDGE_CURVE('',#1693,#1692,#278,.T.);
#2050=EDGE_CURVE('',#1691,#1693,#279,.T.);
#2051=EDGE_CURVE('',#1694,#1694,#1491,.T.);
#2052=EDGE_CURVE('',#1694,#1695,#361,.T.);
#2053=EDGE_CURVE('',#1695,#1695,#280,.T.);
#2054=EDGE_CURVE('',#1696,#1696,#1492,.T.);
#2055=EDGE_CURVE('',#1696,#1697,#362,.T.);
#2056=EDGE_CURVE('',#1697,#1697,#281,.T.);
#2057=EDGE_CURVE('',#1698,#1698,#1493,.T.);
#2058=EDGE_CURVE('',#1698,#1699,#363,.T.);
#2059=EDGE_CURVE('',#1699,#1699,#282,.T.);
#2060=EDGE_CURVE('',#1700,#1700,#1494,.T.);
#2061=EDGE_CURVE('',#1700,#1701,#364,.T.);
#2062=EDGE_CURVE('',#1702,#1701,#283,.T.);
#2063=EDGE_CURVE('',#1701,#1702,#284,.T.);
#2064=EDGE_CURVE('',#1703,#1703,#1495,.T.);
#2065=EDGE_CURVE('',#1703,#1704,#365,.T.);
#2066=EDGE_CURVE('',#1705,#1704,#285,.T.);
#2067=EDGE_CURVE('',#1704,#1705,#286,.T.);
#2068=EDGE_CURVE('',#1706,#1706,#1496,.T.);
#2069=EDGE_CURVE('',#1706,#1707,#366,.T.);
#2070=EDGE_CURVE('',#1708,#1707,#287,.T.);
#2071=EDGE_CURVE('',#1707,#1708,#288,.T.);
#2072=EDGE_CURVE('',#1709,#1709,#1497,.T.);
#2073=EDGE_CURVE('',#1709,#1710,#367,.T.);
#2074=EDGE_CURVE('',#1711,#1710,#289,.T.);
#2075=EDGE_CURVE('',#1710,#1711,#290,.T.);
#2076=EDGE_CURVE('',#1712,#1713,#1498,.T.);
#2077=EDGE_CURVE('',#1713,#1714,#291,.T.);
#2078=EDGE_CURVE('',#1714,#1715,#1499,.T.);
#2079=EDGE_CURVE('',#1715,#1712,#292,.T.);
#2080=EDGE_CURVE('',#1716,#1717,#1500,.T.);
#2081=EDGE_CURVE('',#1717,#1713,#368,.T.);
#2082=EDGE_CURVE('',#1712,#1716,#369,.T.);
#2083=EDGE_CURVE('',#1718,#1719,#1501,.T.);
#2084=EDGE_CURVE('',#1719,#1717,#293,.T.);
#2085=EDGE_CURVE('',#1716,#1718,#294,.T.);
#2086=EDGE_CURVE('',#1720,#1721,#1502,.T.);
#2087=EDGE_CURVE('',#1721,#1719,#370,.T.);
#2088=EDGE_CURVE('',#1718,#1720,#371,.T.);
#2089=EDGE_CURVE('',#1722,#1723,#1503,.T.);
#2090=EDGE_CURVE('',#1723,#1721,#295,.T.);
#2091=EDGE_CURVE('',#1720,#1722,#296,.T.);
#2092=EDGE_CURVE('',#1724,#1725,#1504,.T.);
#2093=EDGE_CURVE('',#1725,#1723,#372,.T.);
#2094=EDGE_CURVE('',#1722,#1724,#373,.T.);
#2095=EDGE_CURVE('',#1726,#1727,#1505,.T.);
#2096=EDGE_CURVE('',#1727,#1725,#297,.T.);
#2097=EDGE_CURVE('',#1724,#1726,#298,.T.);
#2098=EDGE_CURVE('',#1726,#1715,#374,.T.);
#2099=EDGE_CURVE('',#1714,#1727,#375,.T.);
#2100=EDGE_CURVE('',#1728,#1725,#376,.T.);
#2101=EDGE_CURVE('',#1729,#1728,#377,.T.);
#2102=EDGE_CURVE('',#1723,#1729,#378,.T.);
#2103=EDGE_CURVE('',#1727,#1730,#379,.T.);
#2104=EDGE_CURVE('',#1728,#1730,#299,.T.);
#2105=EDGE_CURVE('',#1731,#1714,#380,.T.);
#2106=EDGE_CURVE('',#1730,#1731,#381,.T.);
#2107=EDGE_CURVE('',#1713,#1732,#382,.T.);
#2108=EDGE_CURVE('',#1731,#1732,#300,.T.);
#2109=EDGE_CURVE('',#1733,#1733,#1506,.T.);
#2110=EDGE_CURVE('',#1734,#1734,#1507,.T.);
#2111=EDGE_CURVE('',#1735,#1735,#1508,.T.);
#2112=EDGE_CURVE('',#1736,#1737,#1509,.T.);
#2113=EDGE_CURVE('',#1737,#1738,#301,.T.);
#2114=EDGE_CURVE('',#1738,#1739,#1510,.T.);
#2115=EDGE_CURVE('',#1739,#1736,#302,.T.);
#2116=EDGE_CURVE('',#1740,#1732,#1511,.T.);
#2117=EDGE_CURVE('',#1732,#1737,#383,.T.);
#2118=EDGE_CURVE('',#1736,#1740,#384,.T.);
#2119=EDGE_CURVE('',#1741,#1731,#1512,.T.);
#2120=EDGE_CURVE('',#1740,#1741,#303,.T.);
#2121=EDGE_CURVE('',#1742,#1730,#1513,.T.);
#2122=EDGE_CURVE('',#1741,#1742,#385,.T.);
#2123=EDGE_CURVE('',#1743,#1728,#1514,.T.);
#2124=EDGE_CURVE('',#1742,#1743,#304,.T.);
#2125=EDGE_CURVE('',#1744,#1729,#1515,.T.);
#2126=EDGE_CURVE('',#1743,#1744,#386,.T.);
#2127=EDGE_CURVE('',#1745,#1746,#1516,.T.);
#2128=EDGE_CURVE('',#1746,#1729,#305,.T.);
#2129=EDGE_CURVE('',#1744,#1745,#306,.T.);
#2130=EDGE_CURVE('',#1745,#1739,#387,.T.);
#2131=EDGE_CURVE('',#1738,#1746,#388,.T.);
#2132=EDGE_CURVE('',#1746,#1721,#389,.T.);
#2133=EDGE_CURVE('',#1719,#1738,#390,.T.);
#2134=EDGE_CURVE('',#1737,#1717,#391,.T.);
#2135=EDGE_CURVE('',#1747,#1747,#1517,.T.);
#2136=EDGE_CURVE('',#1748,#1748,#1518,.T.);
#2137=EDGE_CURVE('',#1749,#1749,#1519,.T.);
#2138=EDGE_CURVE('',#1750,#1750,#1520,.T.);
#2139=EDGE_CURVE('',#1751,#1751,#1521,.T.);
#2140=EDGE_CURVE('',#1752,#1752,#1522,.T.);
#2141=EDGE_CURVE('',#1753,#1753,#1523,.T.);
#2142=EDGE_CURVE('',#1754,#1754,#1524,.T.);
#2143=EDGE_CURVE('',#1755,#1755,#1525,.T.);
#2144=EDGE_CURVE('',#1756,#1756,#1526,.T.);
#2145=EDGE_CURVE('',#1757,#1757,#1527,.T.);
#2146=EDGE_CURVE('',#1747,#1758,#392,.T.);
#2147=EDGE_CURVE('',#1758,#1759,#1528,.T.);
#2148=EDGE_CURVE('',#1759,#1758,#1529,.T.);
#2149=EDGE_CURVE('',#1759,#1760,#393,.T.);
#2150=EDGE_CURVE('',#1760,#1760,#1530,.T.);
#2151=EDGE_CURVE('',#1757,#1761,#394,.T.);
#2152=EDGE_CURVE('',#1761,#1762,#1531,.T.);
#2153=EDGE_CURVE('',#1762,#1761,#1532,.T.);
#2154=EDGE_CURVE('',#1762,#1763,#395,.T.);
#2155=EDGE_CURVE('',#1763,#1763,#1533,.T.);
#2156=EDGE_CURVE('',#1733,#1760,#396,.T.);
#2157=EDGE_CURVE('',#1735,#1763,#397,.T.);
#2158=EDGE_CURVE('',#1734,#1764,#398,.T.);
#2159=EDGE_CURVE('',#1764,#1764,#1534,.T.);
#2160=EDGE_CURVE('',#1765,#1766,#1535,.T.);
#2161=EDGE_CURVE('',#1766,#1765,#1536,.T.);
#2162=EDGE_CURVE('',#1766,#1764,#399,.T.);
#2163=EDGE_CURVE('',#1748,#1765,#400,.T.);
#2164=EDGE_CURVE('',#1749,#1767,#401,.T.);
#2165=EDGE_CURVE('',#1767,#1767,#1537,.T.);
#2166=EDGE_CURVE('',#1750,#1768,#402,.T.);
#2167=EDGE_CURVE('',#1768,#1768,#1538,.T.);
#2168=EDGE_CURVE('',#1751,#1769,#403,.T.);
#2169=EDGE_CURVE('',#1769,#1769,#1539,.T.);
#2170=EDGE_CURVE('',#1752,#1770,#404,.T.);
#2171=EDGE_CURVE('',#1770,#1770,#1540,.T.);
#2172=EDGE_CURVE('',#1753,#1692,#405,.T.);
#2173=EDGE_CURVE('',#1691,#1771,#406,.T.);
#2174=EDGE_CURVE('',#1771,#1771,#1541,.T.);
#2175=EDGE_CURVE('',#1754,#1772,#407,.T.);
#2176=EDGE_CURVE('',#1772,#1772,#1542,.T.);
#2177=EDGE_CURVE('',#1755,#1773,#408,.T.);
#2178=EDGE_CURVE('',#1773,#1773,#1543,.T.);
#2179=EDGE_CURVE('',#1756,#1774,#409,.T.);
#2180=EDGE_CURVE('',#1774,#1774,#1544,.T.);
#2181=EDGE_CURVE('',#1775,#1776,#1545,.T.);
#2182=EDGE_CURVE('',#1776,#1777,#1546,.T.);
#2183=EDGE_CURVE('',#1777,#1778,#1547,.T.);
#2184=EDGE_CURVE('',#1778,#1775,#1548,.T.);
#2185=EDGE_CURVE('',#1779,#1780,#1549,.T.);
#2186=EDGE_CURVE('',#1780,#1778,#410,.T.);
#2187=EDGE_CURVE('',#1777,#1779,#411,.T.);
#2188=EDGE_CURVE('',#1781,#1782,#1550,.T.);
#2189=EDGE_CURVE('',#1782,#1780,#1551,.T.);
#2190=EDGE_CURVE('',#1779,#1781,#1552,.T.);
#2191=EDGE_CURVE('',#1783,#1784,#1553,.T.);
#2192=EDGE_CURVE('',#1784,#1782,#412,.T.);
#2193=EDGE_CURVE('',#1781,#1783,#413,.T.);
#2194=EDGE_CURVE('',#1785,#1786,#1554,.T.);
#2195=EDGE_CURVE('',#1786,#1784,#1555,.T.);
#2196=EDGE_CURVE('',#1783,#1785,#1556,.T.);
#2197=EDGE_CURVE('',#1787,#1788,#1557,.T.);
#2198=EDGE_CURVE('',#1788,#1786,#414,.T.);
#2199=EDGE_CURVE('',#1785,#1787,#415,.T.);
#2200=EDGE_CURVE('',#1789,#1790,#1558,.T.);
#2201=EDGE_CURVE('',#1790,#1788,#1559,.T.);
#2202=EDGE_CURVE('',#1787,#1789,#1560,.T.);
#2203=EDGE_CURVE('',#1775,#1790,#416,.T.);
#2204=EDGE_CURVE('',#1789,#1776,#417,.T.);
#2205=EDGE_CURVE('',#1788,#1791,#418,.T.);
#2206=EDGE_CURVE('',#1792,#1791,#419,.T.);
#2207=EDGE_CURVE('',#1786,#1792,#420,.T.);
#2208=EDGE_CURVE('',#1790,#1793,#421,.T.);
#2209=EDGE_CURVE('',#1791,#1793,#1561,.T.);
#2210=EDGE_CURVE('',#1775,#1794,#422,.T.);
#2211=EDGE_CURVE('',#1793,#1794,#423,.T.);
#2212=EDGE_CURVE('',#1778,#1795,#424,.T.);
#2213=EDGE_CURVE('',#1794,#1795,#1562,.T.);
#2214=EDGE_CURVE('',#1796,#1797,#425,.T.);
#2215=EDGE_CURVE('',#1797,#1798,#1563,.T.);
#2216=EDGE_CURVE('',#1798,#1799,#426,.T.);
#2217=EDGE_CURVE('',#1799,#1796,#1564,.T.);
#2218=EDGE_CURVE('',#1800,#1800,#1565,.T.);
#2219=EDGE_CURVE('',#1801,#1802,#427,.T.);
#2220=EDGE_CURVE('',#1802,#1803,#1566,.T.);
#2221=EDGE_CURVE('',#1803,#1804,#428,.T.);
#2222=EDGE_CURVE('',#1804,#1801,#1567,.T.);
#2223=EDGE_CURVE('',#1805,#1794,#1568,.T.);
#2224=EDGE_CURVE('',#1795,#1806,#1569,.T.);
#2225=EDGE_CURVE('',#1806,#1805,#1570,.T.);
#2226=EDGE_CURVE('',#1807,#1808,#1571,.T.);
#2227=EDGE_CURVE('',#1808,#1806,#429,.T.);
#2228=EDGE_CURVE('',#1795,#1807,#430,.T.);
#2229=EDGE_CURVE('',#1809,#1810,#1572,.T.);
#2230=EDGE_CURVE('',#1810,#1808,#1573,.T.);
#2231=EDGE_CURVE('',#1807,#1809,#1574,.T.);
#2232=EDGE_CURVE('',#1811,#1812,#1575,.T.);
#2233=EDGE_CURVE('',#1812,#1810,#431,.T.);
#2234=EDGE_CURVE('',#1809,#1811,#432,.T.);
#2235=EDGE_CURVE('',#1792,#1813,#1576,.T.);
#2236=EDGE_CURVE('',#1813,#1812,#1577,.T.);
#2237=EDGE_CURVE('',#1811,#1792,#1578,.T.);
#2238=EDGE_CURVE('',#1791,#1814,#1579,.T.);
#2239=EDGE_CURVE('',#1814,#1813,#433,.T.);
#2240=EDGE_CURVE('',#1793,#1815,#1580,.T.);
#2241=EDGE_CURVE('',#1815,#1814,#1581,.T.);
#2242=EDGE_CURVE('',#1805,#1815,#434,.T.);
#2243=EDGE_CURVE('',#1784,#1811,#435,.T.);
#2244=EDGE_CURVE('',#1782,#1809,#436,.T.);
#2245=EDGE_CURVE('',#1780,#1807,#437,.T.);
#2246=EDGE_CURVE('',#1816,#1817,#438,.T.);
#2247=EDGE_CURVE('',#1817,#1818,#1582,.T.);
#2248=EDGE_CURVE('',#1818,#1819,#439,.T.);
#2249=EDGE_CURVE('',#1819,#1816,#1583,.T.);
#2250=EDGE_CURVE('',#1820,#1820,#1584,.T.);
#2251=EDGE_CURVE('',#1821,#1822,#440,.T.);
#2252=EDGE_CURVE('',#1822,#1823,#1585,.T.);
#2253=EDGE_CURVE('',#1823,#1824,#441,.T.);
#2254=EDGE_CURVE('',#1824,#1821,#1586,.T.);
#2255=EDGE_CURVE('',#1824,#1803,#442,.T.);
#2256=EDGE_CURVE('',#1823,#1804,#443,.T.);
#2257=EDGE_CURVE('',#1822,#1801,#444,.T.);
#2258=EDGE_CURVE('',#1821,#1802,#445,.T.);
#2259=EDGE_CURVE('',#1820,#1800,#446,.T.);
#2260=EDGE_CURVE('',#1819,#1798,#447,.T.);
#2261=EDGE_CURVE('',#1818,#1799,#448,.T.);
#2262=EDGE_CURVE('',#1817,#1796,#449,.T.);
#2263=EDGE_CURVE('',#1816,#1797,#450,.T.);
#2264=EDGE_CURVE('',#1825,#1825,#1587,.T.);
#2265=EDGE_CURVE('',#1825,#1826,#451,.T.);
#2266=EDGE_CURVE('',#1826,#1826,#1588,.T.);
#2267=EDGE_CURVE('',#1827,#1827,#1589,.T.);
#2268=EDGE_CURVE('',#1827,#1828,#452,.T.);
#2269=EDGE_CURVE('',#1828,#1828,#1590,.T.);
#2270=EDGE_CURVE('',#1829,#1829,#1591,.T.);
#2271=EDGE_CURVE('',#1829,#1830,#453,.T.);
#2272=EDGE_CURVE('',#1830,#1830,#1592,.T.);
#2273=EDGE_CURVE('',#1831,#1831,#1593,.T.);
#2274=EDGE_CURVE('',#1831,#1832,#454,.T.);
#2275=EDGE_CURVE('',#1832,#1832,#1594,.T.);
#2276=EDGE_CURVE('',#1833,#1834,#455,.T.);
#2277=EDGE_CURVE('',#1834,#1833,#1595,.T.);
#2278=EDGE_CURVE('',#1835,#1836,#456,.T.);
#2279=EDGE_CURVE('',#1836,#1835,#1596,.T.);
#2280=EDGE_CURVE('',#1836,#1833,#457,.T.);
#2281=EDGE_CURVE('',#1834,#1835,#458,.T.);
#2282=EDGE_CURVE('',#1837,#1838,#459,.T.);
#2283=EDGE_CURVE('',#1838,#1837,#1597,.T.);
#2284=EDGE_CURVE('',#1838,#1839,#460,.T.);
#2285=EDGE_CURVE('',#1840,#1837,#461,.T.);
#2286=EDGE_CURVE('',#1840,#1839,#1598,.T.);
#2287=EDGE_CURVE('',#1839,#1840,#462,.T.);
#2288=EDGE_CURVE('',#1841,#1842,#463,.T.);
#2289=EDGE_CURVE('',#1843,#1841,#464,.T.);
#2290=EDGE_CURVE('',#1844,#1843,#465,.T.);
#2291=EDGE_CURVE('',#1842,#1844,#466,.T.);
#2292=EDGE_CURVE('',#1845,#1842,#467,.T.);
#2293=EDGE_CURVE('',#1846,#1845,#468,.T.);
#2294=EDGE_CURVE('',#1846,#1841,#469,.T.);
#2295=EDGE_CURVE('',#1844,#1847,#470,.T.);
#2296=EDGE_CURVE('',#1847,#1848,#471,.T.);
#2297=EDGE_CURVE('',#1848,#1845,#472,.T.);
#2298=EDGE_CURVE('',#1849,#1843,#473,.T.);
#2299=EDGE_CURVE('',#1847,#1849,#474,.T.);
#2300=EDGE_CURVE('',#1850,#1846,#475,.T.);
#2301=EDGE_CURVE('',#1849,#1850,#476,.T.);
#2302=EDGE_CURVE('',#1850,#1848,#477,.T.);
#2303=EDGE_CURVE('',#1851,#1851,#1599,.T.);
#2304=EDGE_CURVE('',#1851,#1852,#478,.T.);
#2305=EDGE_CURVE('',#1852,#1852,#1600,.T.);
#2306=EDGE_CURVE('',#1853,#1854,#479,.T.);
#2307=EDGE_CURVE('',#1855,#1853,#1601,.T.);
#2308=EDGE_CURVE('',#1856,#1855,#480,.T.);
#2309=EDGE_CURVE('',#1857,#1856,#1602,.T.);
#2310=EDGE_CURVE('',#1858,#1857,#481,.T.);
#2311=EDGE_CURVE('',#1854,#1858,#1603,.T.);
#2312=EDGE_CURVE('',#1859,#1859,#1604,.T.);
#2313=EDGE_CURVE('',#1860,#1861,#1605,.T.);
#2314=EDGE_CURVE('',#1861,#1862,#482,.T.);
#2315=EDGE_CURVE('',#1862,#1863,#1606,.T.);
#2316=EDGE_CURVE('',#1863,#1860,#483,.T.);
#2317=EDGE_CURVE('',#1864,#1864,#1607,.T.);
#2318=EDGE_CURVE('',#1865,#1865,#1608,.T.);
#2319=EDGE_CURVE('',#1865,#1852,#484,.T.);
#2320=EDGE_CURVE('',#1859,#1866,#485,.T.);
#2321=EDGE_CURVE('',#1866,#1866,#1609,.T.);
#2322=EDGE_CURVE('',#1867,#1867,#1610,.T.);
#2323=EDGE_CURVE('',#1867,#1866,#486,.T.);
#2324=EDGE_CURVE('',#1868,#1869,#487,.T.);
#2325=EDGE_CURVE('',#1869,#1870,#1611,.T.);
#2326=EDGE_CURVE('',#1870,#1871,#488,.T.);
#2327=EDGE_CURVE('',#1871,#1868,#1612,.T.);
#2328=EDGE_CURVE('',#1872,#1873,#489,.T.);
#2329=EDGE_CURVE('',#1873,#1869,#490,.T.);
#2330=EDGE_CURVE('',#1868,#1872,#491,.T.);
#2331=EDGE_CURVE('',#1874,#1875,#492,.T.);
#2332=EDGE_CURVE('',#1875,#1873,#1613,.T.);
#2333=EDGE_CURVE('',#1872,#1874,#1614,.T.);
#2334=EDGE_CURVE('',#1870,#1875,#493,.T.);
#2335=EDGE_CURVE('',#1874,#1871,#494,.T.);
#2336=EDGE_CURVE('',#1862,#1868,#495,.T.);
#2337=EDGE_CURVE('',#1861,#1872,#496,.T.);
#2338=EDGE_CURVE('',#1863,#1871,#497,.T.);
#2339=EDGE_CURVE('',#1876,#1877,#498,.T.);
#2340=EDGE_CURVE('',#1877,#1878,#499,.T.);
#2341=EDGE_CURVE('',#1878,#1879,#500,.T.);
#2342=EDGE_CURVE('',#1876,#1879,#501,.T.);
#2343=EDGE_CURVE('',#1880,#1880,#1615,.T.);
#2344=EDGE_CURVE('',#1880,#1881,#502,.T.);
#2345=EDGE_CURVE('',#1881,#1882,#1616,.T.);
#2346=EDGE_CURVE('',#1882,#1881,#1617,.T.);
#2347=EDGE_CURVE('',#1882,#1864,#503,.T.);
#2348=EDGE_CURVE('',#1883,#1884,#504,.T.);
#2349=EDGE_CURVE('',#1884,#1885,#505,.T.);
#2350=EDGE_CURVE('',#1885,#1886,#506,.T.);
#2351=EDGE_CURVE('',#1883,#1886,#507,.T.);
#2352=EDGE_CURVE('',#1887,#1888,#508,.T.);
#2353=EDGE_CURVE('',#1889,#1887,#509,.T.);
#2354=EDGE_CURVE('',#1890,#1889,#510,.T.);
#2355=EDGE_CURVE('',#1888,#1890,#511,.T.);
#2356=EDGE_CURVE('',#1891,#1892,#512,.T.);
#2357=EDGE_CURVE('',#1893,#1891,#513,.T.);
#2358=EDGE_CURVE('',#1894,#1893,#514,.T.);
#2359=EDGE_CURVE('',#1892,#1894,#515,.T.);
#2360=EDGE_CURVE('',#1895,#1896,#516,.T.);
#2361=EDGE_CURVE('',#1897,#1895,#517,.T.);
#2362=EDGE_CURVE('',#1898,#1897,#518,.T.);
#2363=EDGE_CURVE('',#1896,#1898,#519,.T.);
#2364=EDGE_CURVE('',#1889,#1894,#520,.T.);
#2365=EDGE_CURVE('',#1893,#1890,#521,.T.);
#2366=EDGE_CURVE('',#1887,#1892,#1618,.T.);
#2367=EDGE_CURVE('',#1891,#1888,#1619,.T.);
#2368=EDGE_CURVE('',#1899,#1900,#522,.T.);
#2369=EDGE_CURVE('',#1901,#1900,#523,.T.);
#2370=EDGE_CURVE('',#1901,#1902,#524,.T.);
#2371=EDGE_CURVE('',#1902,#1899,#525,.T.);
#2372=EDGE_CURVE('',#1903,#1899,#526,.T.);
#2373=EDGE_CURVE('',#1899,#1904,#527,.T.);
#2374=EDGE_CURVE('',#1904,#1905,#1620,.T.);
#2375=EDGE_CURVE('',#1905,#1906,#528,.T.);
#2376=EDGE_CURVE('',#1907,#1906,#529,.F.);
#2377=EDGE_CURVE('',#1907,#1908,#530,.T.);
#2378=EDGE_CURVE('',#1908,#1909,#531,.T.);
#2379=EDGE_CURVE('',#1909,#1910,#532,.T.);
#2380=EDGE_CURVE('',#1910,#1911,#533,.T.);
#2381=EDGE_CURVE('',#1911,#1903,#534,.T.);
#2382=EDGE_CURVE('',#1912,#1913,#535,.T.);
#2383=EDGE_CURVE('',#1914,#1913,#536,.T.);
#2384=EDGE_CURVE('',#1914,#1906,#537,.T.);
#2385=EDGE_CURVE('',#1906,#1912,#538,.T.);
#2386=EDGE_CURVE('',#1915,#1913,#539,.T.);
#2387=EDGE_CURVE('',#1916,#1912,#540,.T.);
#2388=EDGE_CURVE('',#1916,#1915,#541,.T.);
#2389=EDGE_CURVE('',#1917,#1916,#542,.T.);
#2390=EDGE_CURVE('',#1918,#1917,#543,.T.);
#2391=EDGE_CURVE('',#1919,#1918,#544,.T.);
#2392=EDGE_CURVE('',#1919,#1920,#545,.T.);
#2393=EDGE_CURVE('',#1921,#1920,#546,.T.);
#2394=EDGE_CURVE('',#1922,#1921,#547,.T.);
#2395=EDGE_CURVE('',#1923,#1922,#548,.T.);
#2396=EDGE_CURVE('',#1923,#1895,#549,.T.);
#2397=EDGE_CURVE('',#1896,#1924,#550,.T.);
#2398=EDGE_CURVE('',#1915,#1924,#551,.T.);
#2399=EDGE_CURVE('',#1925,#1900,#552,.T.);
#2400=EDGE_CURVE('',#1903,#1925,#553,.T.);
#2401=EDGE_CURVE('',#1925,#1926,#554,.T.);
#2402=EDGE_CURVE('',#1926,#1923,#555,.T.);
#2403=EDGE_CURVE('',#1901,#1922,#556,.T.);
#2404=EDGE_CURVE('',#1914,#1927,#557,.T.);
#2405=EDGE_CURVE('',#1927,#1907,#558,.T.);
#2406=EDGE_CURVE('',#1921,#1902,#559,.F.);
#2407=EDGE_CURVE('',#1897,#1926,#560,.T.);
#2408=EDGE_CURVE('',#1924,#1928,#561,.T.);
#2409=EDGE_CURVE('',#1928,#1898,#562,.T.);
#2410=EDGE_CURVE('',#1929,#1911,#563,.T.);
#2411=EDGE_CURVE('',#1930,#1929,#564,.T.);
#2412=EDGE_CURVE('',#1930,#1908,#565,.T.);
#2413=EDGE_CURVE('',#1928,#1927,#566,.T.);
#2414=EDGE_CURVE('',#1920,#1931,#567,.T.);
#2415=EDGE_CURVE('',#1931,#1932,#568,.T.);
#2416=EDGE_CURVE('',#1932,#1917,#569,.T.);
#2417=EDGE_CURVE('',#1912,#1933,#570,.T.);
#2418=EDGE_CURVE('',#1933,#1934,#1621,.T.);
#2419=EDGE_CURVE('',#1934,#1935,#571,.T.);
#2420=EDGE_CURVE('',#1935,#1936,#1622,.T.);
#2421=EDGE_CURVE('',#1936,#1902,#572,.T.);
#2422=EDGE_CURVE('',#1886,#1930,#1623,.F.);
#2423=EDGE_CURVE('',#1929,#1883,#1624,.F.);
#2424=EDGE_CURVE('',#1879,#1919,#1625,.F.);
#2425=EDGE_CURVE('',#1918,#1876,#1626,.F.);
#2426=EDGE_CURVE('',#1878,#1931,#573,.T.);
#2427=EDGE_CURVE('',#1877,#1932,#574,.T.);
#2428=EDGE_CURVE('',#1885,#1909,#575,.T.);
#2429=EDGE_CURVE('',#1884,#1910,#576,.T.);
#2430=EDGE_CURVE('',#1860,#1874,#577,.T.);
#2431=EDGE_CURVE('',#1853,#1936,#578,.T.);
#2432=EDGE_CURVE('',#1855,#1935,#579,.T.);
#2433=EDGE_CURVE('',#1856,#1934,#580,.T.);
#2434=EDGE_CURVE('',#1857,#1933,#581,.T.);
#2435=EDGE_CURVE('',#1858,#1905,#582,.T.);
#2436=EDGE_CURVE('',#1854,#1904,#583,.T.);
#2437=EDGE_CURVE('',#1937,#1938,#584,.T.);
#2438=EDGE_CURVE('',#1938,#1939,#585,.T.);
#2439=EDGE_CURVE('',#1940,#1939,#586,.T.);
#2440=EDGE_CURVE('',#1937,#1940,#587,.T.);
#2441=EDGE_CURVE('',#1941,#1937,#588,.T.);
#2442=EDGE_CURVE('',#1942,#1940,#589,.T.);
#2443=EDGE_CURVE('',#1941,#1942,#590,.T.);
#2444=EDGE_CURVE('',#1943,#1941,#591,.T.);
#2445=EDGE_CURVE('',#1944,#1942,#592,.T.);
#2446=EDGE_CURVE('',#1943,#1944,#593,.T.);
#2447=EDGE_CURVE('',#1938,#1943,#594,.T.);
#2448=EDGE_CURVE('',#1939,#1944,#595,.T.);
#2449=ORIENTED_EDGE('',*,*,#1945,.T.);
#2450=ORIENTED_EDGE('',*,*,#1946,.T.);
#2451=ORIENTED_EDGE('',*,*,#1947,.T.);
#2452=ORIENTED_EDGE('',*,*,#1948,.T.);
#2453=ORIENTED_EDGE('',*,*,#1946,.F.);
#2454=ORIENTED_EDGE('',*,*,#1947,.F.);
#2455=ORIENTED_EDGE('',*,*,#1948,.F.);
#2456=ORIENTED_EDGE('',*,*,#1949,.T.);
#2457=ORIENTED_EDGE('',*,*,#1950,.F.);
#2458=ORIENTED_EDGE('',*,*,#1951,.F.);
#2459=ORIENTED_EDGE('',*,*,#1949,.F.);
#2460=ORIENTED_EDGE('',*,*,#1945,.F.);
#2461=ORIENTED_EDGE('',*,*,#1952,.F.);
#2462=ORIENTED_EDGE('',*,*,#1953,.T.);
#2463=ORIENTED_EDGE('',*,*,#1954,.F.);
#2464=ORIENTED_EDGE('',*,*,#1955,.F.);
#2465=ORIENTED_EDGE('',*,*,#1956,.F.);
#2466=ORIENTED_EDGE('',*,*,#1957,.F.);
#2467=ORIENTED_EDGE('',*,*,#1958,.F.);
#2468=ORIENTED_EDGE('',*,*,#1959,.F.);
#2469=ORIENTED_EDGE('',*,*,#1960,.F.);
#2470=ORIENTED_EDGE('',*,*,#1961,.F.);
#2471=ORIENTED_EDGE('',*,*,#1962,.F.);
#2472=ORIENTED_EDGE('',*,*,#1953,.F.);
#2473=ORIENTED_EDGE('',*,*,#1950,.T.);
#2474=ORIENTED_EDGE('',*,*,#1951,.T.);
#2475=ORIENTED_EDGE('',*,*,#1952,.T.);
#2476=ORIENTED_EDGE('',*,*,#1955,.T.);
#2477=ORIENTED_EDGE('',*,*,#1963,.F.);
#2478=ORIENTED_EDGE('',*,*,#1964,.F.);
#2479=ORIENTED_EDGE('',*,*,#1965,.T.);
#2480=ORIENTED_EDGE('',*,*,#1957,.T.);
#2481=ORIENTED_EDGE('',*,*,#1966,.T.);
#2482=ORIENTED_EDGE('',*,*,#1967,.F.);
#2483=ORIENTED_EDGE('',*,*,#1968,.F.);
#2484=ORIENTED_EDGE('',*,*,#1959,.T.);
#2485=ORIENTED_EDGE('',*,*,#1969,.F.);
#2486=ORIENTED_EDGE('',*,*,#1970,.F.);
#2487=ORIENTED_EDGE('',*,*,#1971,.T.);
#2488=ORIENTED_EDGE('',*,*,#1972,.T.);
#2489=ORIENTED_EDGE('',*,*,#1956,.T.);
#2490=ORIENTED_EDGE('',*,*,#1965,.F.);
#2491=ORIENTED_EDGE('',*,*,#1973,.F.);
#2492=ORIENTED_EDGE('',*,*,#1966,.F.);
#2493=ORIENTED_EDGE('',*,*,#1960,.T.);
#2494=ORIENTED_EDGE('',*,*,#1972,.F.);
#2495=ORIENTED_EDGE('',*,*,#1974,.T.);
#2496=ORIENTED_EDGE('',*,*,#1975,.F.);
#2497=ORIENTED_EDGE('',*,*,#1976,.T.);
#2498=ORIENTED_EDGE('',*,*,#1977,.T.);
#2499=ORIENTED_EDGE('',*,*,#1978,.T.);
#2500=ORIENTED_EDGE('',*,*,#1979,.T.);
#2501=ORIENTED_EDGE('',*,*,#1980,.F.);
#2502=ORIENTED_EDGE('',*,*,#1981,.T.);
#2503=ORIENTED_EDGE('',*,*,#1982,.T.);
#2504=ORIENTED_EDGE('',*,*,#1983,.T.);
#2505=ORIENTED_EDGE('',*,*,#1978,.F.);
#2506=ORIENTED_EDGE('',*,*,#1984,.T.);
#2507=ORIENTED_EDGE('',*,*,#1985,.F.);
#2508=ORIENTED_EDGE('',*,*,#1986,.T.);
#2509=ORIENTED_EDGE('',*,*,#1987,.T.);
#2510=ORIENTED_EDGE('',*,*,#1982,.F.);
#2511=ORIENTED_EDGE('',*,*,#1988,.T.);
#2512=ORIENTED_EDGE('',*,*,#1989,.F.);
#2513=ORIENTED_EDGE('',*,*,#1990,.T.);
#2514=ORIENTED_EDGE('',*,*,#1976,.F.);
#2515=ORIENTED_EDGE('',*,*,#1991,.T.);
#2516=ORIENTED_EDGE('',*,*,#1986,.F.);
#2517=ORIENTED_EDGE('',*,*,#1992,.T.);
#2518=ORIENTED_EDGE('',*,*,#1991,.F.);
#2519=ORIENTED_EDGE('',*,*,#1993,.T.);
#2520=ORIENTED_EDGE('',*,*,#1994,.F.);
#2521=ORIENTED_EDGE('',*,*,#1995,.F.);
#2522=ORIENTED_EDGE('',*,*,#1979,.F.);
#2523=ORIENTED_EDGE('',*,*,#1996,.T.);
#2524=ORIENTED_EDGE('',*,*,#1997,.F.);
#2525=ORIENTED_EDGE('',*,*,#1993,.F.);
#2526=ORIENTED_EDGE('',*,*,#1984,.F.);
#2527=ORIENTED_EDGE('',*,*,#1977,.F.);
#2528=ORIENTED_EDGE('',*,*,#1990,.F.);
#2529=ORIENTED_EDGE('',*,*,#1998,.T.);
#2530=ORIENTED_EDGE('',*,*,#1992,.F.);
#2531=ORIENTED_EDGE('',*,*,#1988,.F.);
#2532=ORIENTED_EDGE('',*,*,#1981,.F.);
#2533=ORIENTED_EDGE('',*,*,#1999,.T.);
#2534=ORIENTED_EDGE('',*,*,#2000,.T.);
#2535=ORIENTED_EDGE('',*,*,#1997,.T.);
#2536=ORIENTED_EDGE('',*,*,#2001,.T.);
#2537=ORIENTED_EDGE('',*,*,#2002,.T.);
#2538=ORIENTED_EDGE('',*,*,#2003,.T.);
#2539=ORIENTED_EDGE('',*,*,#2004,.T.);
#2540=ORIENTED_EDGE('',*,*,#2001,.F.);
#2541=ORIENTED_EDGE('',*,*,#2005,.T.);
#2542=ORIENTED_EDGE('',*,*,#2006,.T.);
#2543=ORIENTED_EDGE('',*,*,#2007,.T.);
#2544=ORIENTED_EDGE('',*,*,#2003,.F.);
#2545=ORIENTED_EDGE('',*,*,#2008,.T.);
#2546=ORIENTED_EDGE('',*,*,#2000,.F.);
#2547=ORIENTED_EDGE('',*,*,#2009,.T.);
#2548=ORIENTED_EDGE('',*,*,#2006,.F.);
#2549=ORIENTED_EDGE('',*,*,#1994,.T.);
#2550=ORIENTED_EDGE('',*,*,#1983,.F.);
#2551=ORIENTED_EDGE('',*,*,#2010,.T.);
#2552=ORIENTED_EDGE('',*,*,#2005,.F.);
#2553=ORIENTED_EDGE('',*,*,#1996,.F.);
#2554=ORIENTED_EDGE('',*,*,#2002,.F.);
#2555=ORIENTED_EDGE('',*,*,#2004,.F.);
#2556=ORIENTED_EDGE('',*,*,#2007,.F.);
#2557=ORIENTED_EDGE('',*,*,#2009,.F.);
#2558=ORIENTED_EDGE('',*,*,#1987,.F.);
#2559=ORIENTED_EDGE('',*,*,#1995,.T.);
#2560=ORIENTED_EDGE('',*,*,#2008,.F.);
#2561=ORIENTED_EDGE('',*,*,#2010,.F.);
#2562=ORIENTED_EDGE('',*,*,#1999,.F.);
#2563=ORIENTED_EDGE('',*,*,#1980,.T.);
#2564=ORIENTED_EDGE('',*,*,#2011,.T.);
#2565=ORIENTED_EDGE('',*,*,#2012,.F.);
#2566=ORIENTED_EDGE('',*,*,#2011,.F.);
#2567=ORIENTED_EDGE('',*,*,#1985,.T.);
#2568=ORIENTED_EDGE('',*,*,#1998,.F.);
#2569=ORIENTED_EDGE('',*,*,#1989,.T.);
#2570=ORIENTED_EDGE('',*,*,#2013,.T.);
#2571=ORIENTED_EDGE('',*,*,#2014,.T.);
#2572=ORIENTED_EDGE('',*,*,#2015,.T.);
#2573=ORIENTED_EDGE('',*,*,#2016,.T.);
#2574=ORIENTED_EDGE('',*,*,#2017,.T.);
#2575=ORIENTED_EDGE('',*,*,#2018,.T.);
#2576=ORIENTED_EDGE('',*,*,#2013,.F.);
#2577=ORIENTED_EDGE('',*,*,#2019,.T.);
#2578=ORIENTED_EDGE('',*,*,#2020,.T.);
#2579=ORIENTED_EDGE('',*,*,#2021,.T.);
#2580=ORIENTED_EDGE('',*,*,#2017,.F.);
#2581=ORIENTED_EDGE('',*,*,#2022,.T.);
#2582=ORIENTED_EDGE('',*,*,#2015,.F.);
#2583=ORIENTED_EDGE('',*,*,#2023,.T.);
#2584=ORIENTED_EDGE('',*,*,#2020,.F.);
#2585=ORIENTED_EDGE('',*,*,#2024,.T.);
#2586=ORIENTED_EDGE('',*,*,#2019,.F.);
#2587=ORIENTED_EDGE('',*,*,#2025,.F.);
#2588=ORIENTED_EDGE('',*,*,#2026,.T.);
#2589=ORIENTED_EDGE('',*,*,#2027,.T.);
#2590=ORIENTED_EDGE('',*,*,#2016,.F.);
#2591=ORIENTED_EDGE('',*,*,#2028,.F.);
#2592=ORIENTED_EDGE('',*,*,#2029,.T.);
#2593=ORIENTED_EDGE('',*,*,#2025,.T.);
#2594=ORIENTED_EDGE('',*,*,#2014,.F.);
#2595=ORIENTED_EDGE('',*,*,#2018,.F.);
#2596=ORIENTED_EDGE('',*,*,#2021,.F.);
#2597=ORIENTED_EDGE('',*,*,#2023,.F.);
#2598=ORIENTED_EDGE('',*,*,#1964,.T.);
#2599=ORIENTED_EDGE('',*,*,#2030,.T.);
#2600=ORIENTED_EDGE('',*,*,#1967,.T.);
#2601=ORIENTED_EDGE('',*,*,#1973,.T.);
#2602=ORIENTED_EDGE('',*,*,#2031,.T.);
#2603=ORIENTED_EDGE('',*,*,#1974,.F.);
#2604=ORIENTED_EDGE('',*,*,#2032,.F.);
#2605=ORIENTED_EDGE('',*,*,#2031,.F.);
#2606=ORIENTED_EDGE('',*,*,#1971,.F.);
#2607=ORIENTED_EDGE('',*,*,#2033,.F.);
#2608=ORIENTED_EDGE('',*,*,#1961,.T.);
#2609=ORIENTED_EDGE('',*,*,#1975,.T.);
#2610=ORIENTED_EDGE('',*,*,#2032,.T.);
#2611=ORIENTED_EDGE('',*,*,#2034,.F.);
#2612=ORIENTED_EDGE('',*,*,#2035,.F.);
#2613=ORIENTED_EDGE('',*,*,#2033,.T.);
#2614=ORIENTED_EDGE('',*,*,#1970,.T.);
#2615=ORIENTED_EDGE('',*,*,#2036,.T.);
#2616=ORIENTED_EDGE('',*,*,#2034,.T.);
#2617=ORIENTED_EDGE('',*,*,#2037,.F.);
#2618=ORIENTED_EDGE('',*,*,#1954,.T.);
#2619=ORIENTED_EDGE('',*,*,#1962,.T.);
#2620=ORIENTED_EDGE('',*,*,#2035,.T.);
#2621=ORIENTED_EDGE('',*,*,#2036,.F.);
#2622=ORIENTED_EDGE('',*,*,#1969,.T.);
#2623=ORIENTED_EDGE('',*,*,#1958,.T.);
#2624=ORIENTED_EDGE('',*,*,#1968,.T.);
#2625=ORIENTED_EDGE('',*,*,#2030,.F.);
#2626=ORIENTED_EDGE('',*,*,#1963,.T.);
#2627=ORIENTED_EDGE('',*,*,#2038,.T.);
#2628=ORIENTED_EDGE('',*,*,#2039,.F.);
#2629=ORIENTED_EDGE('',*,*,#2038,.F.);
#2630=ORIENTED_EDGE('',*,*,#2040,.T.);
#2631=ORIENTED_EDGE('',*,*,#2041,.F.);
#2632=ORIENTED_EDGE('',*,*,#2040,.F.);
#2633=ORIENTED_EDGE('',*,*,#2039,.T.);
#2634=ORIENTED_EDGE('',*,*,#2042,.T.);
#2635=ORIENTED_EDGE('',*,*,#2037,.T.);
#2636=ORIENTED_EDGE('',*,*,#2042,.F.);
#2637=ORIENTED_EDGE('',*,*,#2041,.T.);
#2638=ORIENTED_EDGE('',*,*,#2012,.T.);
#2639=ORIENTED_EDGE('',*,*,#2024,.F.);
#2640=ORIENTED_EDGE('',*,*,#2043,.F.);
#2641=ORIENTED_EDGE('',*,*,#2044,.T.);
#2642=ORIENTED_EDGE('',*,*,#2028,.T.);
#2643=ORIENTED_EDGE('',*,*,#2022,.F.);
#2644=ORIENTED_EDGE('',*,*,#2027,.F.);
#2645=ORIENTED_EDGE('',*,*,#2045,.T.);
#2646=ORIENTED_EDGE('',*,*,#2043,.T.);
#2647=ORIENTED_EDGE('',*,*,#2045,.F.);
#2648=ORIENTED_EDGE('',*,*,#2026,.F.);
#2649=ORIENTED_EDGE('',*,*,#2029,.F.);
#2650=ORIENTED_EDGE('',*,*,#2044,.F.);
#2651=ORIENTED_EDGE('',*,*,#2046,.F.);
#2652=ORIENTED_EDGE('',*,*,#2047,.T.);
#2653=ORIENTED_EDGE('',*,*,#2048,.F.);
#2654=ORIENTED_EDGE('',*,*,#2049,.F.);
#2655=ORIENTED_EDGE('',*,*,#2050,.F.);
#2656=ORIENTED_EDGE('',*,*,#2047,.F.);
#2657=ORIENTED_EDGE('',*,*,#2051,.F.);
#2658=ORIENTED_EDGE('',*,*,#2052,.T.);
#2659=ORIENTED_EDGE('',*,*,#2053,.F.);
#2660=ORIENTED_EDGE('',*,*,#2052,.F.);
#2661=ORIENTED_EDGE('',*,*,#2054,.F.);
#2662=ORIENTED_EDGE('',*,*,#2055,.T.);
#2663=ORIENTED_EDGE('',*,*,#2056,.F.);
#2664=ORIENTED_EDGE('',*,*,#2055,.F.);
#2665=ORIENTED_EDGE('',*,*,#2057,.F.);
#2666=ORIENTED_EDGE('',*,*,#2058,.T.);
#2667=ORIENTED_EDGE('',*,*,#2059,.F.);
#2668=ORIENTED_EDGE('',*,*,#2058,.F.);
#2669=ORIENTED_EDGE('',*,*,#2060,.F.);
#2670=ORIENTED_EDGE('',*,*,#2061,.T.);
#2671=ORIENTED_EDGE('',*,*,#2062,.F.);
#2672=ORIENTED_EDGE('',*,*,#2063,.F.);
#2673=ORIENTED_EDGE('',*,*,#2061,.F.);
#2674=ORIENTED_EDGE('',*,*,#2064,.F.);
#2675=ORIENTED_EDGE('',*,*,#2065,.T.);
#2676=ORIENTED_EDGE('',*,*,#2066,.F.);
#2677=ORIENTED_EDGE('',*,*,#2067,.F.);
#2678=ORIENTED_EDGE('',*,*,#2065,.F.);
#2679=ORIENTED_EDGE('',*,*,#2068,.F.);
#2680=ORIENTED_EDGE('',*,*,#2069,.T.);
#2681=ORIENTED_EDGE('',*,*,#2070,.F.);
#2682=ORIENTED_EDGE('',*,*,#2071,.F.);
#2683=ORIENTED_EDGE('',*,*,#2069,.F.);
#2684=ORIENTED_EDGE('',*,*,#2072,.F.);
#2685=ORIENTED_EDGE('',*,*,#2073,.T.);
#2686=ORIENTED_EDGE('',*,*,#2074,.F.);
#2687=ORIENTED_EDGE('',*,*,#2075,.F.);
#2688=ORIENTED_EDGE('',*,*,#2073,.F.);
#2689=ORIENTED_EDGE('',*,*,#2076,.T.);
#2690=ORIENTED_EDGE('',*,*,#2077,.T.);
#2691=ORIENTED_EDGE('',*,*,#2078,.T.);
#2692=ORIENTED_EDGE('',*,*,#2079,.T.);
#2693=ORIENTED_EDGE('',*,*,#2080,.T.);
#2694=ORIENTED_EDGE('',*,*,#2081,.T.);
#2695=ORIENTED_EDGE('',*,*,#2076,.F.);
#2696=ORIENTED_EDGE('',*,*,#2082,.T.);
#2697=ORIENTED_EDGE('',*,*,#2083,.T.);
#2698=ORIENTED_EDGE('',*,*,#2084,.T.);
#2699=ORIENTED_EDGE('',*,*,#2080,.F.);
#2700=ORIENTED_EDGE('',*,*,#2085,.T.);
#2701=ORIENTED_EDGE('',*,*,#2086,.T.);
#2702=ORIENTED_EDGE('',*,*,#2087,.T.);
#2703=ORIENTED_EDGE('',*,*,#2083,.F.);
#2704=ORIENTED_EDGE('',*,*,#2088,.T.);
#2705=ORIENTED_EDGE('',*,*,#2089,.T.);
#2706=ORIENTED_EDGE('',*,*,#2090,.T.);
#2707=ORIENTED_EDGE('',*,*,#2086,.F.);
#2708=ORIENTED_EDGE('',*,*,#2091,.T.);
#2709=ORIENTED_EDGE('',*,*,#2092,.T.);
#2710=ORIENTED_EDGE('',*,*,#2093,.T.);
#2711=ORIENTED_EDGE('',*,*,#2089,.F.);
#2712=ORIENTED_EDGE('',*,*,#2094,.T.);
#2713=ORIENTED_EDGE('',*,*,#2095,.T.);
#2714=ORIENTED_EDGE('',*,*,#2096,.T.);
#2715=ORIENTED_EDGE('',*,*,#2092,.F.);
#2716=ORIENTED_EDGE('',*,*,#2097,.T.);
#2717=ORIENTED_EDGE('',*,*,#2095,.F.);
#2718=ORIENTED_EDGE('',*,*,#2098,.T.);
#2719=ORIENTED_EDGE('',*,*,#2078,.F.);
#2720=ORIENTED_EDGE('',*,*,#2099,.T.);
#2721=ORIENTED_EDGE('',*,*,#2093,.F.);
#2722=ORIENTED_EDGE('',*,*,#2100,.F.);
#2723=ORIENTED_EDGE('',*,*,#2101,.F.);
#2724=ORIENTED_EDGE('',*,*,#2102,.F.);
#2725=ORIENTED_EDGE('',*,*,#2051,.T.);
#2726=ORIENTED_EDGE('',*,*,#2054,.T.);
#2727=ORIENTED_EDGE('',*,*,#2057,.T.);
#2728=ORIENTED_EDGE('',*,*,#2096,.F.);
#2729=ORIENTED_EDGE('',*,*,#2103,.T.);
#2730=ORIENTED_EDGE('',*,*,#2104,.F.);
#2731=ORIENTED_EDGE('',*,*,#2100,.T.);
#2732=ORIENTED_EDGE('',*,*,#2099,.F.);
#2733=ORIENTED_EDGE('',*,*,#2105,.F.);
#2734=ORIENTED_EDGE('',*,*,#2106,.F.);
#2735=ORIENTED_EDGE('',*,*,#2103,.F.);
#2736=ORIENTED_EDGE('',*,*,#2046,.T.);
#2737=ORIENTED_EDGE('',*,*,#2077,.F.);
#2738=ORIENTED_EDGE('',*,*,#2107,.T.);
#2739=ORIENTED_EDGE('',*,*,#2108,.F.);
#2740=ORIENTED_EDGE('',*,*,#2105,.T.);
#2741=ORIENTED_EDGE('',*,*,#2079,.F.);
#2742=ORIENTED_EDGE('',*,*,#2098,.F.);
#2743=ORIENTED_EDGE('',*,*,#2097,.F.);
#2744=ORIENTED_EDGE('',*,*,#2094,.F.);
#2745=ORIENTED_EDGE('',*,*,#2091,.F.);
#2746=ORIENTED_EDGE('',*,*,#2088,.F.);
#2747=ORIENTED_EDGE('',*,*,#2085,.F.);
#2748=ORIENTED_EDGE('',*,*,#2082,.F.);
#2749=ORIENTED_EDGE('',*,*,#2109,.F.);
#2750=ORIENTED_EDGE('',*,*,#2110,.F.);
#2751=ORIENTED_EDGE('',*,*,#2111,.F.);
#2752=ORIENTED_EDGE('',*,*,#2112,.T.);
#2753=ORIENTED_EDGE('',*,*,#2113,.T.);
#2754=ORIENTED_EDGE('',*,*,#2114,.T.);
#2755=ORIENTED_EDGE('',*,*,#2115,.T.);
#2756=ORIENTED_EDGE('',*,*,#2116,.T.);
#2757=ORIENTED_EDGE('',*,*,#2117,.T.);
#2758=ORIENTED_EDGE('',*,*,#2112,.F.);
#2759=ORIENTED_EDGE('',*,*,#2118,.T.);
#2760=ORIENTED_EDGE('',*,*,#2119,.T.);
#2761=ORIENTED_EDGE('',*,*,#2108,.T.);
#2762=ORIENTED_EDGE('',*,*,#2116,.F.);
#2763=ORIENTED_EDGE('',*,*,#2120,.T.);
#2764=ORIENTED_EDGE('',*,*,#2121,.T.);
#2765=ORIENTED_EDGE('',*,*,#2106,.T.);
#2766=ORIENTED_EDGE('',*,*,#2119,.F.);
#2767=ORIENTED_EDGE('',*,*,#2122,.T.);
#2768=ORIENTED_EDGE('',*,*,#2123,.T.);
#2769=ORIENTED_EDGE('',*,*,#2104,.T.);
#2770=ORIENTED_EDGE('',*,*,#2121,.F.);
#2771=ORIENTED_EDGE('',*,*,#2124,.T.);
#2772=ORIENTED_EDGE('',*,*,#2125,.T.);
#2773=ORIENTED_EDGE('',*,*,#2101,.T.);
#2774=ORIENTED_EDGE('',*,*,#2123,.F.);
#2775=ORIENTED_EDGE('',*,*,#2126,.T.);
#2776=ORIENTED_EDGE('',*,*,#2127,.T.);
#2777=ORIENTED_EDGE('',*,*,#2128,.T.);
#2778=ORIENTED_EDGE('',*,*,#2125,.F.);
#2779=ORIENTED_EDGE('',*,*,#2129,.T.);
#2780=ORIENTED_EDGE('',*,*,#2127,.F.);
#2781=ORIENTED_EDGE('',*,*,#2130,.T.);
#2782=ORIENTED_EDGE('',*,*,#2114,.F.);
#2783=ORIENTED_EDGE('',*,*,#2131,.T.);
#2784=ORIENTED_EDGE('',*,*,#2090,.F.);
#2785=ORIENTED_EDGE('',*,*,#2102,.T.);
#2786=ORIENTED_EDGE('',*,*,#2128,.F.);
#2787=ORIENTED_EDGE('',*,*,#2132,.T.);
#2788=ORIENTED_EDGE('',*,*,#2087,.F.);
#2789=ORIENTED_EDGE('',*,*,#2132,.F.);
#2790=ORIENTED_EDGE('',*,*,#2131,.F.);
#2791=ORIENTED_EDGE('',*,*,#2133,.F.);
#2792=ORIENTED_EDGE('',*,*,#2060,.T.);
#2793=ORIENTED_EDGE('',*,*,#2084,.F.);
#2794=ORIENTED_EDGE('',*,*,#2133,.T.);
#2795=ORIENTED_EDGE('',*,*,#2113,.F.);
#2796=ORIENTED_EDGE('',*,*,#2134,.T.);
#2797=ORIENTED_EDGE('',*,*,#2115,.F.);
#2798=ORIENTED_EDGE('',*,*,#2130,.F.);
#2799=ORIENTED_EDGE('',*,*,#2129,.F.);
#2800=ORIENTED_EDGE('',*,*,#2126,.F.);
#2801=ORIENTED_EDGE('',*,*,#2124,.F.);
#2802=ORIENTED_EDGE('',*,*,#2122,.F.);
#2803=ORIENTED_EDGE('',*,*,#2120,.F.);
#2804=ORIENTED_EDGE('',*,*,#2118,.F.);
#2805=ORIENTED_EDGE('',*,*,#2135,.F.);
#2806=ORIENTED_EDGE('',*,*,#2136,.F.);
#2807=ORIENTED_EDGE('',*,*,#2137,.T.);
#2808=ORIENTED_EDGE('',*,*,#2138,.T.);
#2809=ORIENTED_EDGE('',*,*,#2139,.T.);
#2810=ORIENTED_EDGE('',*,*,#2140,.T.);
#2811=ORIENTED_EDGE('',*,*,#2141,.T.);
#2812=ORIENTED_EDGE('',*,*,#2142,.T.);
#2813=ORIENTED_EDGE('',*,*,#2143,.T.);
#2814=ORIENTED_EDGE('',*,*,#2144,.T.);
#2815=ORIENTED_EDGE('',*,*,#2145,.F.);
#2816=ORIENTED_EDGE('',*,*,#2135,.T.);
#2817=ORIENTED_EDGE('',*,*,#2146,.T.);
#2818=ORIENTED_EDGE('',*,*,#2147,.T.);
#2819=ORIENTED_EDGE('',*,*,#2148,.T.);
#2820=ORIENTED_EDGE('',*,*,#2146,.F.);
#2821=ORIENTED_EDGE('',*,*,#2147,.F.);
#2822=ORIENTED_EDGE('',*,*,#2148,.F.);
#2823=ORIENTED_EDGE('',*,*,#2149,.T.);
#2824=ORIENTED_EDGE('',*,*,#2150,.F.);
#2825=ORIENTED_EDGE('',*,*,#2149,.F.);
#2826=ORIENTED_EDGE('',*,*,#2145,.T.);
#2827=ORIENTED_EDGE('',*,*,#2151,.T.);
#2828=ORIENTED_EDGE('',*,*,#2152,.T.);
#2829=ORIENTED_EDGE('',*,*,#2153,.T.);
#2830=ORIENTED_EDGE('',*,*,#2151,.F.);
#2831=ORIENTED_EDGE('',*,*,#2152,.F.);
#2832=ORIENTED_EDGE('',*,*,#2153,.F.);
#2833=ORIENTED_EDGE('',*,*,#2154,.T.);
#2834=ORIENTED_EDGE('',*,*,#2155,.F.);
#2835=ORIENTED_EDGE('',*,*,#2154,.F.);
#2836=ORIENTED_EDGE('',*,*,#2109,.T.);
#2837=ORIENTED_EDGE('',*,*,#2156,.T.);
#2838=ORIENTED_EDGE('',*,*,#2150,.T.);
#2839=ORIENTED_EDGE('',*,*,#2156,.F.);
#2840=ORIENTED_EDGE('',*,*,#2111,.T.);
#2841=ORIENTED_EDGE('',*,*,#2157,.T.);
#2842=ORIENTED_EDGE('',*,*,#2155,.T.);
#2843=ORIENTED_EDGE('',*,*,#2157,.F.);
#2844=ORIENTED_EDGE('',*,*,#2110,.T.);
#2845=ORIENTED_EDGE('',*,*,#2158,.T.);
#2846=ORIENTED_EDGE('',*,*,#2159,.T.);
#2847=ORIENTED_EDGE('',*,*,#2158,.F.);
#2848=ORIENTED_EDGE('',*,*,#2160,.F.);
#2849=ORIENTED_EDGE('',*,*,#2161,.F.);
#2850=ORIENTED_EDGE('',*,*,#2162,.T.);
#2851=ORIENTED_EDGE('',*,*,#2159,.F.);
#2852=ORIENTED_EDGE('',*,*,#2162,.F.);
#2853=ORIENTED_EDGE('',*,*,#2136,.T.);
#2854=ORIENTED_EDGE('',*,*,#2163,.T.);
#2855=ORIENTED_EDGE('',*,*,#2160,.T.);
#2856=ORIENTED_EDGE('',*,*,#2161,.T.);
#2857=ORIENTED_EDGE('',*,*,#2163,.F.);
#2858=ORIENTED_EDGE('',*,*,#2081,.F.);
#2859=ORIENTED_EDGE('',*,*,#2134,.F.);
#2860=ORIENTED_EDGE('',*,*,#2117,.F.);
#2861=ORIENTED_EDGE('',*,*,#2107,.F.);
#2862=ORIENTED_EDGE('',*,*,#2064,.T.);
#2863=ORIENTED_EDGE('',*,*,#2068,.T.);
#2864=ORIENTED_EDGE('',*,*,#2072,.T.);
#2865=ORIENTED_EDGE('',*,*,#2137,.F.);
#2866=ORIENTED_EDGE('',*,*,#2164,.T.);
#2867=ORIENTED_EDGE('',*,*,#2165,.T.);
#2868=ORIENTED_EDGE('',*,*,#2164,.F.);
#2869=ORIENTED_EDGE('',*,*,#2066,.T.);
#2870=ORIENTED_EDGE('',*,*,#2067,.T.);
#2871=ORIENTED_EDGE('',*,*,#2165,.F.);
#2872=ORIENTED_EDGE('',*,*,#2138,.F.);
#2873=ORIENTED_EDGE('',*,*,#2166,.T.);
#2874=ORIENTED_EDGE('',*,*,#2167,.T.);
#2875=ORIENTED_EDGE('',*,*,#2166,.F.);
#2876=ORIENTED_EDGE('',*,*,#2070,.T.);
#2877=ORIENTED_EDGE('',*,*,#2071,.T.);
#2878=ORIENTED_EDGE('',*,*,#2167,.F.);
#2879=ORIENTED_EDGE('',*,*,#2139,.F.);
#2880=ORIENTED_EDGE('',*,*,#2168,.T.);
#2881=ORIENTED_EDGE('',*,*,#2169,.T.);
#2882=ORIENTED_EDGE('',*,*,#2168,.F.);
#2883=ORIENTED_EDGE('',*,*,#2056,.T.);
#2884=ORIENTED_EDGE('',*,*,#2169,.F.);
#2885=ORIENTED_EDGE('',*,*,#2140,.F.);
#2886=ORIENTED_EDGE('',*,*,#2170,.T.);
#2887=ORIENTED_EDGE('',*,*,#2171,.T.);
#2888=ORIENTED_EDGE('',*,*,#2170,.F.);
#2889=ORIENTED_EDGE('',*,*,#2059,.T.);
#2890=ORIENTED_EDGE('',*,*,#2171,.F.);
#2891=ORIENTED_EDGE('',*,*,#2141,.F.);
#2892=ORIENTED_EDGE('',*,*,#2172,.T.);
#2893=ORIENTED_EDGE('',*,*,#2048,.T.);
#2894=ORIENTED_EDGE('',*,*,#2173,.T.);
#2895=ORIENTED_EDGE('',*,*,#2174,.T.);
#2896=ORIENTED_EDGE('',*,*,#2173,.F.);
#2897=ORIENTED_EDGE('',*,*,#2050,.T.);
#2898=ORIENTED_EDGE('',*,*,#2049,.T.);
#2899=ORIENTED_EDGE('',*,*,#2172,.F.);
#2900=ORIENTED_EDGE('',*,*,#2174,.F.);
#2901=ORIENTED_EDGE('',*,*,#2142,.F.);
#2902=ORIENTED_EDGE('',*,*,#2175,.T.);
#2903=ORIENTED_EDGE('',*,*,#2176,.T.);
#2904=ORIENTED_EDGE('',*,*,#2175,.F.);
#2905=ORIENTED_EDGE('',*,*,#2074,.T.);
#2906=ORIENTED_EDGE('',*,*,#2075,.T.);
#2907=ORIENTED_EDGE('',*,*,#2176,.F.);
#2908=ORIENTED_EDGE('',*,*,#2143,.F.);
#2909=ORIENTED_EDGE('',*,*,#2177,.T.);
#2910=ORIENTED_EDGE('',*,*,#2178,.T.);
#2911=ORIENTED_EDGE('',*,*,#2177,.F.);
#2912=ORIENTED_EDGE('',*,*,#2062,.T.);
#2913=ORIENTED_EDGE('',*,*,#2063,.T.);
#2914=ORIENTED_EDGE('',*,*,#2178,.F.);
#2915=ORIENTED_EDGE('',*,*,#2144,.F.);
#2916=ORIENTED_EDGE('',*,*,#2179,.T.);
#2917=ORIENTED_EDGE('',*,*,#2180,.T.);
#2918=ORIENTED_EDGE('',*,*,#2179,.F.);
#2919=ORIENTED_EDGE('',*,*,#2053,.T.);
#2920=ORIENTED_EDGE('',*,*,#2180,.F.);
#2921=ORIENTED_EDGE('',*,*,#2181,.T.);
#2922=ORIENTED_EDGE('',*,*,#2182,.T.);
#2923=ORIENTED_EDGE('',*,*,#2183,.T.);
#2924=ORIENTED_EDGE('',*,*,#2184,.T.);
#2925=ORIENTED_EDGE('',*,*,#2185,.T.);
#2926=ORIENTED_EDGE('',*,*,#2186,.T.);
#2927=ORIENTED_EDGE('',*,*,#2183,.F.);
#2928=ORIENTED_EDGE('',*,*,#2187,.T.);
#2929=ORIENTED_EDGE('',*,*,#2188,.T.);
#2930=ORIENTED_EDGE('',*,*,#2189,.T.);
#2931=ORIENTED_EDGE('',*,*,#2185,.F.);
#2932=ORIENTED_EDGE('',*,*,#2190,.T.);
#2933=ORIENTED_EDGE('',*,*,#2191,.T.);
#2934=ORIENTED_EDGE('',*,*,#2192,.T.);
#2935=ORIENTED_EDGE('',*,*,#2188,.F.);
#2936=ORIENTED_EDGE('',*,*,#2193,.T.);
#2937=ORIENTED_EDGE('',*,*,#2194,.T.);
#2938=ORIENTED_EDGE('',*,*,#2195,.T.);
#2939=ORIENTED_EDGE('',*,*,#2191,.F.);
#2940=ORIENTED_EDGE('',*,*,#2196,.T.);
#2941=ORIENTED_EDGE('',*,*,#2197,.T.);
#2942=ORIENTED_EDGE('',*,*,#2198,.T.);
#2943=ORIENTED_EDGE('',*,*,#2194,.F.);
#2944=ORIENTED_EDGE('',*,*,#2199,.T.);
#2945=ORIENTED_EDGE('',*,*,#2200,.T.);
#2946=ORIENTED_EDGE('',*,*,#2201,.T.);
#2947=ORIENTED_EDGE('',*,*,#2197,.F.);
#2948=ORIENTED_EDGE('',*,*,#2202,.T.);
#2949=ORIENTED_EDGE('',*,*,#2181,.F.);
#2950=ORIENTED_EDGE('',*,*,#2203,.T.);
#2951=ORIENTED_EDGE('',*,*,#2200,.F.);
#2952=ORIENTED_EDGE('',*,*,#2204,.T.);
#2953=ORIENTED_EDGE('',*,*,#2198,.F.);
#2954=ORIENTED_EDGE('',*,*,#2205,.T.);
#2955=ORIENTED_EDGE('',*,*,#2206,.F.);
#2956=ORIENTED_EDGE('',*,*,#2207,.F.);
#2957=ORIENTED_EDGE('',*,*,#2201,.F.);
#2958=ORIENTED_EDGE('',*,*,#2208,.T.);
#2959=ORIENTED_EDGE('',*,*,#2209,.F.);
#2960=ORIENTED_EDGE('',*,*,#2205,.F.);
#2961=ORIENTED_EDGE('',*,*,#2203,.F.);
#2962=ORIENTED_EDGE('',*,*,#2210,.T.);
#2963=ORIENTED_EDGE('',*,*,#2211,.F.);
#2964=ORIENTED_EDGE('',*,*,#2208,.F.);
#2965=ORIENTED_EDGE('',*,*,#2184,.F.);
#2966=ORIENTED_EDGE('',*,*,#2212,.T.);
#2967=ORIENTED_EDGE('',*,*,#2213,.F.);
#2968=ORIENTED_EDGE('',*,*,#2210,.F.);
#2969=ORIENTED_EDGE('',*,*,#2182,.F.);
#2970=ORIENTED_EDGE('',*,*,#2204,.F.);
#2971=ORIENTED_EDGE('',*,*,#2202,.F.);
#2972=ORIENTED_EDGE('',*,*,#2199,.F.);
#2973=ORIENTED_EDGE('',*,*,#2196,.F.);
#2974=ORIENTED_EDGE('',*,*,#2193,.F.);
#2975=ORIENTED_EDGE('',*,*,#2190,.F.);
#2976=ORIENTED_EDGE('',*,*,#2187,.F.);
#2977=ORIENTED_EDGE('',*,*,#2214,.T.);
#2978=ORIENTED_EDGE('',*,*,#2215,.T.);
#2979=ORIENTED_EDGE('',*,*,#2216,.T.);
#2980=ORIENTED_EDGE('',*,*,#2217,.T.);
#2981=ORIENTED_EDGE('',*,*,#2218,.T.);
#2982=ORIENTED_EDGE('',*,*,#2219,.T.);
#2983=ORIENTED_EDGE('',*,*,#2220,.T.);
#2984=ORIENTED_EDGE('',*,*,#2221,.T.);
#2985=ORIENTED_EDGE('',*,*,#2222,.T.);
#2986=ORIENTED_EDGE('',*,*,#2223,.T.);
#2987=ORIENTED_EDGE('',*,*,#2213,.T.);
#2988=ORIENTED_EDGE('',*,*,#2224,.T.);
#2989=ORIENTED_EDGE('',*,*,#2225,.T.);
#2990=ORIENTED_EDGE('',*,*,#2226,.T.);
#2991=ORIENTED_EDGE('',*,*,#2227,.T.);
#2992=ORIENTED_EDGE('',*,*,#2224,.F.);
#2993=ORIENTED_EDGE('',*,*,#2228,.T.);
#2994=ORIENTED_EDGE('',*,*,#2229,.T.);
#2995=ORIENTED_EDGE('',*,*,#2230,.T.);
#2996=ORIENTED_EDGE('',*,*,#2226,.F.);
#2997=ORIENTED_EDGE('',*,*,#2231,.T.);
#2998=ORIENTED_EDGE('',*,*,#2232,.T.);
#2999=ORIENTED_EDGE('',*,*,#2233,.T.);
#3000=ORIENTED_EDGE('',*,*,#2229,.F.);
#3001=ORIENTED_EDGE('',*,*,#2234,.T.);
#3002=ORIENTED_EDGE('',*,*,#2235,.T.);
#3003=ORIENTED_EDGE('',*,*,#2236,.T.);
#3004=ORIENTED_EDGE('',*,*,#2232,.F.);
#3005=ORIENTED_EDGE('',*,*,#2237,.T.);
#3006=ORIENTED_EDGE('',*,*,#2238,.T.);
#3007=ORIENTED_EDGE('',*,*,#2239,.T.);
#3008=ORIENTED_EDGE('',*,*,#2235,.F.);
#3009=ORIENTED_EDGE('',*,*,#2206,.T.);
#3010=ORIENTED_EDGE('',*,*,#2240,.T.);
#3011=ORIENTED_EDGE('',*,*,#2241,.T.);
#3012=ORIENTED_EDGE('',*,*,#2238,.F.);
#3013=ORIENTED_EDGE('',*,*,#2209,.T.);
#3014=ORIENTED_EDGE('',*,*,#2223,.F.);
#3015=ORIENTED_EDGE('',*,*,#2242,.T.);
#3016=ORIENTED_EDGE('',*,*,#2240,.F.);
#3017=ORIENTED_EDGE('',*,*,#2211,.T.);
#3018=ORIENTED_EDGE('',*,*,#2192,.F.);
#3019=ORIENTED_EDGE('',*,*,#2243,.T.);
#3020=ORIENTED_EDGE('',*,*,#2234,.F.);
#3021=ORIENTED_EDGE('',*,*,#2244,.F.);
#3022=ORIENTED_EDGE('',*,*,#2189,.F.);
#3023=ORIENTED_EDGE('',*,*,#2244,.T.);
#3024=ORIENTED_EDGE('',*,*,#2231,.F.);
#3025=ORIENTED_EDGE('',*,*,#2245,.F.);
#3026=ORIENTED_EDGE('',*,*,#2186,.F.);
#3027=ORIENTED_EDGE('',*,*,#2245,.T.);
#3028=ORIENTED_EDGE('',*,*,#2228,.F.);
#3029=ORIENTED_EDGE('',*,*,#2212,.F.);
#3030=ORIENTED_EDGE('',*,*,#2225,.F.);
#3031=ORIENTED_EDGE('',*,*,#2227,.F.);
#3032=ORIENTED_EDGE('',*,*,#2230,.F.);
#3033=ORIENTED_EDGE('',*,*,#2233,.F.);
#3034=ORIENTED_EDGE('',*,*,#2236,.F.);
#3035=ORIENTED_EDGE('',*,*,#2239,.F.);
#3036=ORIENTED_EDGE('',*,*,#2241,.F.);
#3037=ORIENTED_EDGE('',*,*,#2242,.F.);
#3038=ORIENTED_EDGE('',*,*,#2246,.T.);
#3039=ORIENTED_EDGE('',*,*,#2247,.T.);
#3040=ORIENTED_EDGE('',*,*,#2248,.T.);
#3041=ORIENTED_EDGE('',*,*,#2249,.T.);
#3042=ORIENTED_EDGE('',*,*,#2250,.T.);
#3043=ORIENTED_EDGE('',*,*,#2251,.T.);
#3044=ORIENTED_EDGE('',*,*,#2252,.T.);
#3045=ORIENTED_EDGE('',*,*,#2253,.T.);
#3046=ORIENTED_EDGE('',*,*,#2254,.T.);
#3047=ORIENTED_EDGE('',*,*,#2221,.F.);
#3048=ORIENTED_EDGE('',*,*,#2255,.F.);
#3049=ORIENTED_EDGE('',*,*,#2253,.F.);
#3050=ORIENTED_EDGE('',*,*,#2256,.T.);
#3051=ORIENTED_EDGE('',*,*,#2222,.F.);
#3052=ORIENTED_EDGE('',*,*,#2256,.F.);
#3053=ORIENTED_EDGE('',*,*,#2252,.F.);
#3054=ORIENTED_EDGE('',*,*,#2257,.T.);
#3055=ORIENTED_EDGE('',*,*,#2219,.F.);
#3056=ORIENTED_EDGE('',*,*,#2257,.F.);
#3057=ORIENTED_EDGE('',*,*,#2251,.F.);
#3058=ORIENTED_EDGE('',*,*,#2258,.T.);
#3059=ORIENTED_EDGE('',*,*,#2220,.F.);
#3060=ORIENTED_EDGE('',*,*,#2258,.F.);
#3061=ORIENTED_EDGE('',*,*,#2254,.F.);
#3062=ORIENTED_EDGE('',*,*,#2255,.T.);
#3063=ORIENTED_EDGE('',*,*,#2250,.F.);
#3064=ORIENTED_EDGE('',*,*,#2259,.T.);
#3065=ORIENTED_EDGE('',*,*,#2218,.F.);
#3066=ORIENTED_EDGE('',*,*,#2259,.F.);
#3067=ORIENTED_EDGE('',*,*,#2216,.F.);
#3068=ORIENTED_EDGE('',*,*,#2260,.F.);
#3069=ORIENTED_EDGE('',*,*,#2248,.F.);
#3070=ORIENTED_EDGE('',*,*,#2261,.T.);
#3071=ORIENTED_EDGE('',*,*,#2217,.F.);
#3072=ORIENTED_EDGE('',*,*,#2261,.F.);
#3073=ORIENTED_EDGE('',*,*,#2247,.F.);
#3074=ORIENTED_EDGE('',*,*,#2262,.T.);
#3075=ORIENTED_EDGE('',*,*,#2214,.F.);
#3076=ORIENTED_EDGE('',*,*,#2262,.F.);
#3077=ORIENTED_EDGE('',*,*,#2246,.F.);
#3078=ORIENTED_EDGE('',*,*,#2263,.T.);
#3079=ORIENTED_EDGE('',*,*,#2215,.F.);
#3080=ORIENTED_EDGE('',*,*,#2263,.F.);
#3081=ORIENTED_EDGE('',*,*,#2249,.F.);
#3082=ORIENTED_EDGE('',*,*,#2260,.T.);
#3083=ORIENTED_EDGE('',*,*,#2195,.F.);
#3084=ORIENTED_EDGE('',*,*,#2207,.T.);
#3085=ORIENTED_EDGE('',*,*,#2237,.F.);
#3086=ORIENTED_EDGE('',*,*,#2243,.F.);
#3087=ORIENTED_EDGE('',*,*,#2264,.F.);
#3088=ORIENTED_EDGE('',*,*,#2265,.T.);
#3089=ORIENTED_EDGE('',*,*,#2266,.T.);
#3090=ORIENTED_EDGE('',*,*,#2265,.F.);
#3091=ORIENTED_EDGE('',*,*,#2266,.F.);
#3092=ORIENTED_EDGE('',*,*,#2267,.F.);
#3093=ORIENTED_EDGE('',*,*,#2268,.T.);
#3094=ORIENTED_EDGE('',*,*,#2269,.T.);
#3095=ORIENTED_EDGE('',*,*,#2268,.F.);
#3096=ORIENTED_EDGE('',*,*,#2269,.F.);
#3097=ORIENTED_EDGE('',*,*,#2270,.F.);
#3098=ORIENTED_EDGE('',*,*,#2271,.T.);
#3099=ORIENTED_EDGE('',*,*,#2272,.T.);
#3100=ORIENTED_EDGE('',*,*,#2271,.F.);
#3101=ORIENTED_EDGE('',*,*,#2272,.F.);
#3102=ORIENTED_EDGE('',*,*,#2273,.F.);
#3103=ORIENTED_EDGE('',*,*,#2274,.T.);
#3104=ORIENTED_EDGE('',*,*,#2275,.T.);
#3105=ORIENTED_EDGE('',*,*,#2274,.F.);
#3106=ORIENTED_EDGE('',*,*,#2275,.F.);
#3107=ORIENTED_EDGE('',*,*,#2276,.F.);
#3108=ORIENTED_EDGE('',*,*,#2277,.F.);
#3109=ORIENTED_EDGE('',*,*,#2278,.F.);
#3110=ORIENTED_EDGE('',*,*,#2279,.F.);
#3111=ORIENTED_EDGE('',*,*,#2280,.F.);
#3112=ORIENTED_EDGE('',*,*,#2279,.T.);
#3113=ORIENTED_EDGE('',*,*,#2281,.F.);
#3114=ORIENTED_EDGE('',*,*,#2277,.T.);
#3115=ORIENTED_EDGE('',*,*,#2282,.F.);
#3116=ORIENTED_EDGE('',*,*,#2283,.F.);
#3117=ORIENTED_EDGE('',*,*,#2284,.F.);
#3118=ORIENTED_EDGE('',*,*,#2283,.T.);
#3119=ORIENTED_EDGE('',*,*,#2285,.F.);
#3120=ORIENTED_EDGE('',*,*,#2286,.T.);
#3121=ORIENTED_EDGE('',*,*,#2287,.F.);
#3122=ORIENTED_EDGE('',*,*,#2286,.F.);
#3123=ORIENTED_EDGE('',*,*,#2288,.F.);
#3124=ORIENTED_EDGE('',*,*,#2289,.F.);
#3125=ORIENTED_EDGE('',*,*,#2290,.F.);
#3126=ORIENTED_EDGE('',*,*,#2291,.F.);
#3127=ORIENTED_EDGE('',*,*,#2288,.T.);
#3128=ORIENTED_EDGE('',*,*,#2292,.F.);
#3129=ORIENTED_EDGE('',*,*,#2293,.F.);
#3130=ORIENTED_EDGE('',*,*,#2294,.T.);
#3131=ORIENTED_EDGE('',*,*,#2291,.T.);
#3132=ORIENTED_EDGE('',*,*,#2295,.T.);
#3133=ORIENTED_EDGE('',*,*,#2296,.T.);
#3134=ORIENTED_EDGE('',*,*,#2297,.T.);
#3135=ORIENTED_EDGE('',*,*,#2292,.T.);
#3136=ORIENTED_EDGE('',*,*,#2290,.T.);
#3137=ORIENTED_EDGE('',*,*,#2298,.F.);
#3138=ORIENTED_EDGE('',*,*,#2299,.F.);
#3139=ORIENTED_EDGE('',*,*,#2295,.F.);
#3140=ORIENTED_EDGE('',*,*,#2270,.T.);
#3141=ORIENTED_EDGE('',*,*,#2273,.T.);
#3142=ORIENTED_EDGE('',*,*,#2278,.T.);
#3143=ORIENTED_EDGE('',*,*,#2280,.T.);
#3144=ORIENTED_EDGE('',*,*,#2276,.T.);
#3145=ORIENTED_EDGE('',*,*,#2281,.T.);
#3146=ORIENTED_EDGE('',*,*,#2289,.T.);
#3147=ORIENTED_EDGE('',*,*,#2294,.F.);
#3148=ORIENTED_EDGE('',*,*,#2300,.F.);
#3149=ORIENTED_EDGE('',*,*,#2301,.F.);
#3150=ORIENTED_EDGE('',*,*,#2298,.T.);
#3151=ORIENTED_EDGE('',*,*,#2300,.T.);
#3152=ORIENTED_EDGE('',*,*,#2293,.T.);
#3153=ORIENTED_EDGE('',*,*,#2297,.F.);
#3154=ORIENTED_EDGE('',*,*,#2302,.F.);
#3155=ORIENTED_EDGE('',*,*,#2264,.T.);
#3156=ORIENTED_EDGE('',*,*,#2267,.T.);
#3157=ORIENTED_EDGE('',*,*,#2282,.T.);
#3158=ORIENTED_EDGE('',*,*,#2284,.T.);
#3159=ORIENTED_EDGE('',*,*,#2287,.T.);
#3160=ORIENTED_EDGE('',*,*,#2285,.T.);
#3161=ORIENTED_EDGE('',*,*,#2299,.T.);
#3162=ORIENTED_EDGE('',*,*,#2301,.T.);
#3163=ORIENTED_EDGE('',*,*,#2302,.T.);
#3164=ORIENTED_EDGE('',*,*,#2296,.F.);
#3165=ORIENTED_EDGE('',*,*,#2303,.T.);
#3166=ORIENTED_EDGE('',*,*,#2304,.T.);
#3167=ORIENTED_EDGE('',*,*,#2305,.T.);
#3168=ORIENTED_EDGE('',*,*,#2304,.F.);
#3169=ORIENTED_EDGE('',*,*,#2306,.F.);
#3170=ORIENTED_EDGE('',*,*,#2307,.F.);
#3171=ORIENTED_EDGE('',*,*,#2308,.F.);
#3172=ORIENTED_EDGE('',*,*,#2309,.F.);
#3173=ORIENTED_EDGE('',*,*,#2310,.F.);
#3174=ORIENTED_EDGE('',*,*,#2311,.F.);
#3175=ORIENTED_EDGE('',*,*,#2312,.F.);
#3176=ORIENTED_EDGE('',*,*,#2313,.T.);
#3177=ORIENTED_EDGE('',*,*,#2314,.T.);
#3178=ORIENTED_EDGE('',*,*,#2315,.T.);
#3179=ORIENTED_EDGE('',*,*,#2316,.T.);
#3180=ORIENTED_EDGE('',*,*,#2317,.T.);
#3181=ORIENTED_EDGE('',*,*,#2303,.F.);
#3182=ORIENTED_EDGE('',*,*,#2318,.F.);
#3183=ORIENTED_EDGE('',*,*,#2319,.T.);
#3184=ORIENTED_EDGE('',*,*,#2305,.F.);
#3185=ORIENTED_EDGE('',*,*,#2319,.F.);
#3186=ORIENTED_EDGE('',*,*,#2312,.T.);
#3187=ORIENTED_EDGE('',*,*,#2320,.T.);
#3188=ORIENTED_EDGE('',*,*,#2321,.T.);
#3189=ORIENTED_EDGE('',*,*,#2320,.F.);
#3190=ORIENTED_EDGE('',*,*,#2322,.F.);
#3191=ORIENTED_EDGE('',*,*,#2323,.T.);
#3192=ORIENTED_EDGE('',*,*,#2321,.F.);
#3193=ORIENTED_EDGE('',*,*,#2323,.F.);
#3194=ORIENTED_EDGE('',*,*,#2324,.T.);
#3195=ORIENTED_EDGE('',*,*,#2325,.T.);
#3196=ORIENTED_EDGE('',*,*,#2326,.T.);
#3197=ORIENTED_EDGE('',*,*,#2327,.T.);
#3198=ORIENTED_EDGE('',*,*,#2328,.T.);
#3199=ORIENTED_EDGE('',*,*,#2329,.T.);
#3200=ORIENTED_EDGE('',*,*,#2324,.F.);
#3201=ORIENTED_EDGE('',*,*,#2330,.T.);
#3202=ORIENTED_EDGE('',*,*,#2331,.T.);
#3203=ORIENTED_EDGE('',*,*,#2332,.T.);
#3204=ORIENTED_EDGE('',*,*,#2328,.F.);
#3205=ORIENTED_EDGE('',*,*,#2333,.T.);
#3206=ORIENTED_EDGE('',*,*,#2326,.F.);
#3207=ORIENTED_EDGE('',*,*,#2334,.T.);
#3208=ORIENTED_EDGE('',*,*,#2331,.F.);
#3209=ORIENTED_EDGE('',*,*,#2335,.T.);
#3210=ORIENTED_EDGE('',*,*,#2330,.F.);
#3211=ORIENTED_EDGE('',*,*,#2336,.F.);
#3212=ORIENTED_EDGE('',*,*,#2314,.F.);
#3213=ORIENTED_EDGE('',*,*,#2337,.T.);
#3214=ORIENTED_EDGE('',*,*,#2327,.F.);
#3215=ORIENTED_EDGE('',*,*,#2338,.F.);
#3216=ORIENTED_EDGE('',*,*,#2315,.F.);
#3217=ORIENTED_EDGE('',*,*,#2336,.T.);
#3218=ORIENTED_EDGE('',*,*,#2325,.F.);
#3219=ORIENTED_EDGE('',*,*,#2329,.F.);
#3220=ORIENTED_EDGE('',*,*,#2332,.F.);
#3221=ORIENTED_EDGE('',*,*,#2334,.F.);
#3222=ORIENTED_EDGE('',*,*,#2339,.T.);
#3223=ORIENTED_EDGE('',*,*,#2340,.T.);
#3224=ORIENTED_EDGE('',*,*,#2341,.T.);
#3225=ORIENTED_EDGE('',*,*,#2342,.F.);
#3226=ORIENTED_EDGE('',*,*,#2343,.T.);
#3227=ORIENTED_EDGE('',*,*,#2344,.T.);
#3228=ORIENTED_EDGE('',*,*,#2345,.T.);
#3229=ORIENTED_EDGE('',*,*,#2346,.T.);
#3230=ORIENTED_EDGE('',*,*,#2344,.F.);
#3231=ORIENTED_EDGE('',*,*,#2345,.F.);
#3232=ORIENTED_EDGE('',*,*,#2346,.F.);
#3233=ORIENTED_EDGE('',*,*,#2347,.T.);
#3234=ORIENTED_EDGE('',*,*,#2317,.F.);
#3235=ORIENTED_EDGE('',*,*,#2347,.F.);
#3236=ORIENTED_EDGE('',*,*,#2343,.F.);
#3237=ORIENTED_EDGE('',*,*,#2348,.T.);
#3238=ORIENTED_EDGE('',*,*,#2349,.T.);
#3239=ORIENTED_EDGE('',*,*,#2350,.T.);
#3240=ORIENTED_EDGE('',*,*,#2351,.F.);
#3241=ORIENTED_EDGE('',*,*,#2352,.F.);
#3242=ORIENTED_EDGE('',*,*,#2353,.F.);
#3243=ORIENTED_EDGE('',*,*,#2354,.F.);
#3244=ORIENTED_EDGE('',*,*,#2355,.F.);
#3245=ORIENTED_EDGE('',*,*,#2356,.F.);
#3246=ORIENTED_EDGE('',*,*,#2357,.F.);
#3247=ORIENTED_EDGE('',*,*,#2358,.F.);
#3248=ORIENTED_EDGE('',*,*,#2359,.F.);
#3249=ORIENTED_EDGE('',*,*,#2360,.F.);
#3250=ORIENTED_EDGE('',*,*,#2361,.F.);
#3251=ORIENTED_EDGE('',*,*,#2362,.F.);
#3252=ORIENTED_EDGE('',*,*,#2363,.F.);
#3253=ORIENTED_EDGE('',*,*,#2318,.T.);
#3254=ORIENTED_EDGE('',*,*,#2322,.T.);
#3255=ORIENTED_EDGE('',*,*,#2364,.T.);
#3256=ORIENTED_EDGE('',*,*,#2358,.T.);
#3257=ORIENTED_EDGE('',*,*,#2365,.T.);
#3258=ORIENTED_EDGE('',*,*,#2354,.T.);
#3259=ORIENTED_EDGE('',*,*,#2353,.T.);
#3260=ORIENTED_EDGE('',*,*,#2366,.T.);
#3261=ORIENTED_EDGE('',*,*,#2359,.T.);
#3262=ORIENTED_EDGE('',*,*,#2364,.F.);
#3263=ORIENTED_EDGE('',*,*,#2352,.T.);
#3264=ORIENTED_EDGE('',*,*,#2367,.F.);
#3265=ORIENTED_EDGE('',*,*,#2356,.T.);
#3266=ORIENTED_EDGE('',*,*,#2366,.F.);
#3267=ORIENTED_EDGE('',*,*,#2355,.T.);
#3268=ORIENTED_EDGE('',*,*,#2365,.F.);
#3269=ORIENTED_EDGE('',*,*,#2357,.T.);
#3270=ORIENTED_EDGE('',*,*,#2367,.T.);
#3271=ORIENTED_EDGE('',*,*,#2368,.T.);
#3272=ORIENTED_EDGE('',*,*,#2369,.F.);
#3273=ORIENTED_EDGE('',*,*,#2370,.T.);
#3274=ORIENTED_EDGE('',*,*,#2371,.T.);
#3275=ORIENTED_EDGE('',*,*,#2372,.T.);
#3276=ORIENTED_EDGE('',*,*,#2373,.T.);
#3277=ORIENTED_EDGE('',*,*,#2374,.T.);
#3278=ORIENTED_EDGE('',*,*,#2375,.T.);
#3279=ORIENTED_EDGE('',*,*,#2376,.F.);
#3280=ORIENTED_EDGE('',*,*,#2377,.T.);
#3281=ORIENTED_EDGE('',*,*,#2378,.T.);
#3282=ORIENTED_EDGE('',*,*,#2379,.T.);
#3283=ORIENTED_EDGE('',*,*,#2380,.T.);
#3284=ORIENTED_EDGE('',*,*,#2381,.T.);
#3285=ORIENTED_EDGE('',*,*,#2382,.T.);
#3286=ORIENTED_EDGE('',*,*,#2383,.F.);
#3287=ORIENTED_EDGE('',*,*,#2384,.T.);
#3288=ORIENTED_EDGE('',*,*,#2385,.T.);
#3289=ORIENTED_EDGE('',*,*,#2386,.T.);
#3290=ORIENTED_EDGE('',*,*,#2382,.F.);
#3291=ORIENTED_EDGE('',*,*,#2387,.F.);
#3292=ORIENTED_EDGE('',*,*,#2388,.T.);
#3293=ORIENTED_EDGE('',*,*,#2388,.F.);
#3294=ORIENTED_EDGE('',*,*,#2389,.F.);
#3295=ORIENTED_EDGE('',*,*,#2390,.F.);
#3296=ORIENTED_EDGE('',*,*,#2391,.F.);
#3297=ORIENTED_EDGE('',*,*,#2392,.T.);
#3298=ORIENTED_EDGE('',*,*,#2393,.F.);
#3299=ORIENTED_EDGE('',*,*,#2394,.F.);
#3300=ORIENTED_EDGE('',*,*,#2395,.F.);
#3301=ORIENTED_EDGE('',*,*,#2396,.T.);
#3302=ORIENTED_EDGE('',*,*,#2360,.T.);
#3303=ORIENTED_EDGE('',*,*,#2397,.T.);
#3304=ORIENTED_EDGE('',*,*,#2398,.F.);
#3305=ORIENTED_EDGE('',*,*,#2399,.T.);
#3306=ORIENTED_EDGE('',*,*,#2368,.F.);
#3307=ORIENTED_EDGE('',*,*,#2372,.F.);
#3308=ORIENTED_EDGE('',*,*,#2400,.T.);
#3309=ORIENTED_EDGE('',*,*,#2399,.F.);
#3310=ORIENTED_EDGE('',*,*,#2401,.T.);
#3311=ORIENTED_EDGE('',*,*,#2402,.T.);
#3312=ORIENTED_EDGE('',*,*,#2395,.T.);
#3313=ORIENTED_EDGE('',*,*,#2403,.F.);
#3314=ORIENTED_EDGE('',*,*,#2369,.T.);
#3315=ORIENTED_EDGE('',*,*,#2404,.T.);
#3316=ORIENTED_EDGE('',*,*,#2405,.T.);
#3317=ORIENTED_EDGE('',*,*,#2376,.T.);
#3318=ORIENTED_EDGE('',*,*,#2384,.F.);
#3319=ORIENTED_EDGE('',*,*,#2403,.T.);
#3320=ORIENTED_EDGE('',*,*,#2394,.T.);
#3321=ORIENTED_EDGE('',*,*,#2406,.T.);
#3322=ORIENTED_EDGE('',*,*,#2370,.F.);
#3323=ORIENTED_EDGE('',*,*,#2402,.F.);
#3324=ORIENTED_EDGE('',*,*,#2407,.F.);
#3325=ORIENTED_EDGE('',*,*,#2361,.T.);
#3326=ORIENTED_EDGE('',*,*,#2396,.F.);
#3327=ORIENTED_EDGE('',*,*,#2408,.F.);
#3328=ORIENTED_EDGE('',*,*,#2397,.F.);
#3329=ORIENTED_EDGE('',*,*,#2363,.T.);
#3330=ORIENTED_EDGE('',*,*,#2409,.F.);
#3331=ORIENTED_EDGE('',*,*,#2381,.F.);
#3332=ORIENTED_EDGE('',*,*,#2410,.F.);
#3333=ORIENTED_EDGE('',*,*,#2411,.F.);
#3334=ORIENTED_EDGE('',*,*,#2412,.T.);
#3335=ORIENTED_EDGE('',*,*,#2377,.F.);
#3336=ORIENTED_EDGE('',*,*,#2405,.F.);
#3337=ORIENTED_EDGE('',*,*,#2413,.F.);
#3338=ORIENTED_EDGE('',*,*,#2409,.T.);
#3339=ORIENTED_EDGE('',*,*,#2362,.T.);
#3340=ORIENTED_EDGE('',*,*,#2407,.T.);
#3341=ORIENTED_EDGE('',*,*,#2401,.F.);
#3342=ORIENTED_EDGE('',*,*,#2400,.F.);
#3343=ORIENTED_EDGE('',*,*,#2386,.F.);
#3344=ORIENTED_EDGE('',*,*,#2398,.T.);
#3345=ORIENTED_EDGE('',*,*,#2408,.T.);
#3346=ORIENTED_EDGE('',*,*,#2413,.T.);
#3347=ORIENTED_EDGE('',*,*,#2404,.F.);
#3348=ORIENTED_EDGE('',*,*,#2383,.T.);
#3349=ORIENTED_EDGE('',*,*,#2406,.F.);
#3350=ORIENTED_EDGE('',*,*,#2393,.T.);
#3351=ORIENTED_EDGE('',*,*,#2414,.T.);
#3352=ORIENTED_EDGE('',*,*,#2415,.T.);
#3353=ORIENTED_EDGE('',*,*,#2416,.T.);
#3354=ORIENTED_EDGE('',*,*,#2389,.T.);
#3355=ORIENTED_EDGE('',*,*,#2387,.T.);
#3356=ORIENTED_EDGE('',*,*,#2417,.T.);
#3357=ORIENTED_EDGE('',*,*,#2418,.T.);
#3358=ORIENTED_EDGE('',*,*,#2419,.T.);
#3359=ORIENTED_EDGE('',*,*,#2420,.T.);
#3360=ORIENTED_EDGE('',*,*,#2421,.T.);
#3361=ORIENTED_EDGE('',*,*,#2422,.T.);
#3362=ORIENTED_EDGE('',*,*,#2411,.T.);
#3363=ORIENTED_EDGE('',*,*,#2423,.T.);
#3364=ORIENTED_EDGE('',*,*,#2351,.T.);
#3365=ORIENTED_EDGE('',*,*,#2424,.T.);
#3366=ORIENTED_EDGE('',*,*,#2391,.T.);
#3367=ORIENTED_EDGE('',*,*,#2425,.T.);
#3368=ORIENTED_EDGE('',*,*,#2342,.T.);
#3369=ORIENTED_EDGE('',*,*,#2414,.F.);
#3370=ORIENTED_EDGE('',*,*,#2392,.F.);
#3371=ORIENTED_EDGE('',*,*,#2424,.F.);
#3372=ORIENTED_EDGE('',*,*,#2341,.F.);
#3373=ORIENTED_EDGE('',*,*,#2426,.T.);
#3374=ORIENTED_EDGE('',*,*,#2415,.F.);
#3375=ORIENTED_EDGE('',*,*,#2426,.F.);
#3376=ORIENTED_EDGE('',*,*,#2340,.F.);
#3377=ORIENTED_EDGE('',*,*,#2427,.T.);
#3378=ORIENTED_EDGE('',*,*,#2416,.F.);
#3379=ORIENTED_EDGE('',*,*,#2427,.F.);
#3380=ORIENTED_EDGE('',*,*,#2339,.F.);
#3381=ORIENTED_EDGE('',*,*,#2425,.F.);
#3382=ORIENTED_EDGE('',*,*,#2390,.T.);
#3383=ORIENTED_EDGE('',*,*,#2379,.F.);
#3384=ORIENTED_EDGE('',*,*,#2428,.F.);
#3385=ORIENTED_EDGE('',*,*,#2349,.F.);
#3386=ORIENTED_EDGE('',*,*,#2429,.T.);
#3387=ORIENTED_EDGE('',*,*,#2380,.F.);
#3388=ORIENTED_EDGE('',*,*,#2429,.F.);
#3389=ORIENTED_EDGE('',*,*,#2348,.F.);
#3390=ORIENTED_EDGE('',*,*,#2423,.F.);
#3391=ORIENTED_EDGE('',*,*,#2410,.T.);
#3392=ORIENTED_EDGE('',*,*,#2378,.F.);
#3393=ORIENTED_EDGE('',*,*,#2412,.F.);
#3394=ORIENTED_EDGE('',*,*,#2422,.F.);
#3395=ORIENTED_EDGE('',*,*,#2350,.F.);
#3396=ORIENTED_EDGE('',*,*,#2428,.T.);
#3397=ORIENTED_EDGE('',*,*,#2333,.F.);
#3398=ORIENTED_EDGE('',*,*,#2337,.F.);
#3399=ORIENTED_EDGE('',*,*,#2313,.F.);
#3400=ORIENTED_EDGE('',*,*,#2430,.T.);
#3401=ORIENTED_EDGE('',*,*,#2335,.F.);
#3402=ORIENTED_EDGE('',*,*,#2430,.F.);
#3403=ORIENTED_EDGE('',*,*,#2316,.F.);
#3404=ORIENTED_EDGE('',*,*,#2338,.T.);
#3405=ORIENTED_EDGE('',*,*,#2307,.T.);
#3406=ORIENTED_EDGE('',*,*,#2431,.T.);
#3407=ORIENTED_EDGE('',*,*,#2420,.F.);
#3408=ORIENTED_EDGE('',*,*,#2432,.F.);
#3409=ORIENTED_EDGE('',*,*,#2308,.T.);
#3410=ORIENTED_EDGE('',*,*,#2432,.T.);
#3411=ORIENTED_EDGE('',*,*,#2419,.F.);
#3412=ORIENTED_EDGE('',*,*,#2433,.F.);
#3413=ORIENTED_EDGE('',*,*,#2309,.T.);
#3414=ORIENTED_EDGE('',*,*,#2433,.T.);
#3415=ORIENTED_EDGE('',*,*,#2418,.F.);
#3416=ORIENTED_EDGE('',*,*,#2434,.F.);
#3417=ORIENTED_EDGE('',*,*,#2310,.T.);
#3418=ORIENTED_EDGE('',*,*,#2434,.T.);
#3419=ORIENTED_EDGE('',*,*,#2417,.F.);
#3420=ORIENTED_EDGE('',*,*,#2385,.F.);
#3421=ORIENTED_EDGE('',*,*,#2375,.F.);
#3422=ORIENTED_EDGE('',*,*,#2435,.F.);
#3423=ORIENTED_EDGE('',*,*,#2311,.T.);
#3424=ORIENTED_EDGE('',*,*,#2435,.T.);
#3425=ORIENTED_EDGE('',*,*,#2374,.F.);
#3426=ORIENTED_EDGE('',*,*,#2436,.F.);
#3427=ORIENTED_EDGE('',*,*,#2306,.T.);
#3428=ORIENTED_EDGE('',*,*,#2436,.T.);
#3429=ORIENTED_EDGE('',*,*,#2373,.F.);
#3430=ORIENTED_EDGE('',*,*,#2371,.F.);
#3431=ORIENTED_EDGE('',*,*,#2421,.F.);
#3432=ORIENTED_EDGE('',*,*,#2431,.F.);
#3433=ORIENTED_EDGE('',*,*,#2437,.T.);
#3434=ORIENTED_EDGE('',*,*,#2438,.T.);
#3435=ORIENTED_EDGE('',*,*,#2439,.F.);
#3436=ORIENTED_EDGE('',*,*,#2440,.F.);
#3437=ORIENTED_EDGE('',*,*,#2441,.T.);
#3438=ORIENTED_EDGE('',*,*,#2440,.T.);
#3439=ORIENTED_EDGE('',*,*,#2442,.F.);
#3440=ORIENTED_EDGE('',*,*,#2443,.F.);
#3441=ORIENTED_EDGE('',*,*,#2444,.T.);
#3442=ORIENTED_EDGE('',*,*,#2443,.T.);
#3443=ORIENTED_EDGE('',*,*,#2445,.F.);
#3444=ORIENTED_EDGE('',*,*,#2446,.F.);
#3445=ORIENTED_EDGE('',*,*,#2447,.T.);
#3446=ORIENTED_EDGE('',*,*,#2446,.T.);
#3447=ORIENTED_EDGE('',*,*,#2448,.F.);
#3448=ORIENTED_EDGE('',*,*,#2438,.F.);
#3449=ORIENTED_EDGE('',*,*,#2448,.T.);
#3450=ORIENTED_EDGE('',*,*,#2445,.T.);
#3451=ORIENTED_EDGE('',*,*,#2442,.T.);
#3452=ORIENTED_EDGE('',*,*,#2439,.T.);
#3453=ORIENTED_EDGE('',*,*,#2447,.F.);
#3454=ORIENTED_EDGE('',*,*,#2437,.F.);
#3455=ORIENTED_EDGE('',*,*,#2441,.F.);
#3456=ORIENTED_EDGE('',*,*,#2444,.F.);
#3457=TOROIDAL_SURFACE('',#3834,5.5,3.);
#3458=TOROIDAL_SURFACE('',#4020,30.,2.);
#3459=TOROIDAL_SURFACE('',#4027,30.,2.);
#3460=TOROIDAL_SURFACE('',#4033,30.,2.);
#3461=TOROIDAL_SURFACE('',#4039,30.,2.);
#3462=TOROIDAL_SURFACE('',#4056,30.,2.);
#3463=TOROIDAL_SURFACE('',#4062,30.,2.);
#3464=TOROIDAL_SURFACE('',#4068,30.,2.);
#3465=TOROIDAL_SURFACE('',#4074,30.,2.);
#3466=ADVANCED_FACE('',(#961),#3457,.T.);
#3467=ADVANCED_FACE('',(#962),#885,.T.);
#3468=ADVANCED_FACE('',(#963),#166,.F.);
#3469=ADVANCED_FACE('',(#964,#111),#886,.T.);
#3470=ADVANCED_FACE('',(#965),#167,.T.);
#3471=ADVANCED_FACE('',(#966),#168,.T.);
#3472=ADVANCED_FACE('',(#967),#169,.T.);
#3473=ADVANCED_FACE('',(#968),#170,.T.);
#3474=ADVANCED_FACE('',(#969),#171,.F.);
#3475=ADVANCED_FACE('',(#970),#172,.F.);
#3476=ADVANCED_FACE('',(#971),#107,.F.);
#3477=ADVANCED_FACE('',(#972),#887,.T.);
#3478=ADVANCED_FACE('',(#973),#108,.F.);
#3479=ADVANCED_FACE('',(#974),#888,.T.);
#3480=ADVANCED_FACE('',(#975),#173,.T.);
#3481=ADVANCED_FACE('',(#976),#889,.T.);
#3482=ADVANCED_FACE('',(#977),#174,.F.);
#3483=ADVANCED_FACE('',(#978),#175,.F.);
#3484=ADVANCED_FACE('',(#979),#109,.F.);
#3485=ADVANCED_FACE('',(#980),#890,.T.);
#3486=ADVANCED_FACE('',(#981),#110,.F.);
#3487=ADVANCED_FACE('',(#982),#891,.T.);
#3488=ADVANCED_FACE('',(#983),#176,.T.);
#3489=ADVANCED_FACE('',(#984),#177,.T.);
#3490=ADVANCED_FACE('',(#985),#892,.T.);
#3491=ADVANCED_FACE('',(#986),#893,.T.);
#3492=ADVANCED_FACE('',(#987),#94,.T.);
#3493=ADVANCED_FACE('',(#988),#178,.T.);
#3494=ADVANCED_FACE('',(#989),#95,.T.);
#3495=ADVANCED_FACE('',(#990),#179,.T.);
#3496=ADVANCED_FACE('',(#991),#180,.T.);
#3497=ADVANCED_FACE('',(#992),#894,.T.);
#3498=ADVANCED_FACE('',(#993,#112),#181,.T.);
#3499=ADVANCED_FACE('',(#994),#182,.F.);
#3500=ADVANCED_FACE('',(#995),#895,.T.);
#3501=ADVANCED_FACE('',(#996),#183,.T.);
#3502=ADVANCED_FACE('',(#997,#113),#184,.T.);
#3503=ADVANCED_FACE('',(#998),#896,.T.);
#3504=ADVANCED_FACE('',(#999,#114),#185,.F.);
#3505=ADVANCED_FACE('',(#1000),#897,.T.);
#3506=ADVANCED_FACE('',(#1001),#898,.T.);
#3507=ADVANCED_FACE('',(#1002,#115),#186,.T.);
#3508=ADVANCED_FACE('',(#1003),#187,.T.);
#3509=ADVANCED_FACE('',(#1004),#899,.T.);
#3510=ADVANCED_FACE('',(#1005),#188,.F.);
#3511=ADVANCED_FACE('',(#1006),#900,.F.);
#3512=ADVANCED_FACE('',(#1007),#901,.F.);
#3513=ADVANCED_FACE('',(#1008),#902,.F.);
#3514=ADVANCED_FACE('',(#1009),#903,.F.);
#3515=ADVANCED_FACE('',(#1010),#904,.F.);
#3516=ADVANCED_FACE('',(#1011),#905,.F.);
#3517=ADVANCED_FACE('',(#1012),#906,.F.);
#3518=ADVANCED_FACE('',(#1013),#907,.F.);
#3519=ADVANCED_FACE('',(#1014),#47,.F.);
#3520=ADVANCED_FACE('',(#1015),#908,.T.);
#3521=ADVANCED_FACE('',(#1016),#48,.F.);
#3522=ADVANCED_FACE('',(#1017),#909,.T.);
#3523=ADVANCED_FACE('',(#1018),#49,.F.);
#3524=ADVANCED_FACE('',(#1019),#910,.T.);
#3525=ADVANCED_FACE('',(#1020),#50,.F.);
#3526=ADVANCED_FACE('',(#1021),#911,.T.);
#3527=ADVANCED_FACE('',(#1022,#116,#117,#118),#189,.F.);
#3528=ADVANCED_FACE('',(#1023),#51,.F.);
#3529=ADVANCED_FACE('',(#1024,#119),#190,.F.);
#3530=ADVANCED_FACE('',(#1025),#52,.F.);
#3531=ADVANCED_FACE('',(#1026,#120,#121,#122),#191,.F.);
#3532=ADVANCED_FACE('',(#1027),#53,.F.);
#3533=ADVANCED_FACE('',(#1028),#912,.T.);
#3534=ADVANCED_FACE('',(#1029),#54,.F.);
#3535=ADVANCED_FACE('',(#1030),#913,.T.);
#3536=ADVANCED_FACE('',(#1031),#55,.F.);
#3537=ADVANCED_FACE('',(#1032),#914,.T.);
#3538=ADVANCED_FACE('',(#1033),#56,.F.);
#3539=ADVANCED_FACE('',(#1034),#915,.T.);
#3540=ADVANCED_FACE('',(#1035),#57,.F.);
#3541=ADVANCED_FACE('',(#1036,#123),#192,.F.);
#3542=ADVANCED_FACE('',(#1037),#58,.F.);
#3543=ADVANCED_FACE('',(#1038,#124,#125,#126,#127,#128,#129,#130,#131,#132,
#133,#134),#193,.T.);
#3544=ADVANCED_FACE('',(#1039),#96,.F.);
#3545=ADVANCED_FACE('',(#1040),#916,.F.);
#3546=ADVANCED_FACE('',(#1041),#97,.F.);
#3547=ADVANCED_FACE('',(#1042),#917,.F.);
#3548=ADVANCED_FACE('',(#1043),#98,.F.);
#3549=ADVANCED_FACE('',(#1044),#99,.F.);
#3550=ADVANCED_FACE('',(#1045),#100,.F.);
#3551=ADVANCED_FACE('',(#1046),#918,.F.);
#3552=ADVANCED_FACE('',(#1047),#101,.F.);
#3553=ADVANCED_FACE('',(#1048,#135,#136,#137),#194,.F.);
#3554=ADVANCED_FACE('',(#1049,#138),#919,.F.);
#3555=ADVANCED_FACE('',(#1050),#195,.T.);
#3556=ADVANCED_FACE('',(#1051,#139),#920,.F.);
#3557=ADVANCED_FACE('',(#1052),#196,.T.);
#3558=ADVANCED_FACE('',(#1053,#140),#921,.F.);
#3559=ADVANCED_FACE('',(#1054),#197,.T.);
#3560=ADVANCED_FACE('',(#1055,#141),#922,.F.);
#3561=ADVANCED_FACE('',(#1056),#198,.T.);
#3562=ADVANCED_FACE('',(#1057),#923,.F.);
#3563=ADVANCED_FACE('',(#1058),#199,.T.);
#3564=ADVANCED_FACE('',(#1059,#142),#924,.F.);
#3565=ADVANCED_FACE('',(#1060),#200,.T.);
#3566=ADVANCED_FACE('',(#1061,#143),#925,.F.);
#3567=ADVANCED_FACE('',(#1062),#201,.T.);
#3568=ADVANCED_FACE('',(#1063,#144),#926,.F.);
#3569=ADVANCED_FACE('',(#1064),#202,.T.);
#3570=ADVANCED_FACE('',(#1065),#3458,.T.);
#3571=ADVANCED_FACE('',(#1066),#927,.T.);
#3572=ADVANCED_FACE('',(#1067),#3459,.T.);
#3573=ADVANCED_FACE('',(#1068),#928,.T.);
#3574=ADVANCED_FACE('',(#1069),#3460,.T.);
#3575=ADVANCED_FACE('',(#1070),#929,.T.);
#3576=ADVANCED_FACE('',(#1071),#3461,.T.);
#3577=ADVANCED_FACE('',(#1072),#930,.T.);
#3578=ADVANCED_FACE('',(#1073),#203,.T.);
#3579=ADVANCED_FACE('',(#1074),#931,.T.);
#3580=ADVANCED_FACE('',(#1075),#204,.T.);
#3581=ADVANCED_FACE('',(#1076),#932,.T.);
#3582=ADVANCED_FACE('',(#1077,#145,#146,#147),#205,.F.);
#3583=ADVANCED_FACE('',(#1078),#3462,.T.);
#3584=ADVANCED_FACE('',(#1079),#933,.T.);
#3585=ADVANCED_FACE('',(#1080),#3463,.T.);
#3586=ADVANCED_FACE('',(#1081),#934,.T.);
#3587=ADVANCED_FACE('',(#1082),#3464,.T.);
#3588=ADVANCED_FACE('',(#1083),#935,.T.);
#3589=ADVANCED_FACE('',(#1084),#3465,.T.);
#3590=ADVANCED_FACE('',(#1085),#936,.T.);
#3591=ADVANCED_FACE('',(#1086),#206,.T.);
#3592=ADVANCED_FACE('',(#1087),#937,.T.);
#3593=ADVANCED_FACE('',(#1088),#207,.T.);
#3594=ADVANCED_FACE('',(#1089,#148,#149,#150),#208,.T.);
#3595=ADVANCED_FACE('',(#1090),#209,.F.);
#3596=ADVANCED_FACE('',(#1091),#938,.F.);
#3597=ADVANCED_FACE('',(#1092),#210,.F.);
#3598=ADVANCED_FACE('',(#1093),#939,.F.);
#3599=ADVANCED_FACE('',(#1094),#940,.F.);
#3600=ADVANCED_FACE('',(#1095),#211,.F.);
#3601=ADVANCED_FACE('',(#1096),#941,.F.);
#3602=ADVANCED_FACE('',(#1097),#212,.F.);
#3603=ADVANCED_FACE('',(#1098),#942,.F.);
#3604=ADVANCED_FACE('',(#1099),#943,.T.);
#3605=ADVANCED_FACE('',(#1100),#944,.F.);
#3606=ADVANCED_FACE('',(#1101),#213,.T.);
#3607=ADVANCED_FACE('',(#1102),#945,.F.);
#3608=ADVANCED_FACE('',(#1103),#214,.T.);
#3609=ADVANCED_FACE('',(#1104),#946,.F.);
#3610=ADVANCED_FACE('',(#1105),#215,.T.);
#3611=ADVANCED_FACE('',(#1106),#947,.F.);
#3612=ADVANCED_FACE('',(#1107),#216,.T.);
#3613=ADVANCED_FACE('',(#1108),#217,.F.);
#3614=ADVANCED_FACE('',(#1109),#218,.T.);
#3615=ADVANCED_FACE('',(#1110),#948,.F.);
#3616=ADVANCED_FACE('',(#1111),#219,.T.);
#3617=ADVANCED_FACE('',(#1112),#949,.F.);
#3618=ADVANCED_FACE('',(#1113),#220,.F.);
#3619=ADVANCED_FACE('',(#1114),#221,.F.);
#3620=ADVANCED_FACE('',(#1115),#222,.T.);
#3621=ADVANCED_FACE('',(#1116),#223,.T.);
#3622=ADVANCED_FACE('',(#1117,#151,#152,#153),#224,.F.);
#3623=ADVANCED_FACE('',(#1118),#225,.F.);
#3624=ADVANCED_FACE('',(#1119,#154,#155,#156),#226,.T.);
#3625=ADVANCED_FACE('',(#1120),#227,.T.);
#3626=ADVANCED_FACE('',(#1121),#102,.F.);
#3627=ADVANCED_FACE('',(#1122,#157,#158,#159,#160),#228,.F.);
#3628=ADVANCED_FACE('',(#1123),#950,.F.);
#3629=ADVANCED_FACE('',(#1124),#103,.F.);
#3630=ADVANCED_FACE('',(#1125),#951,.F.);
#3631=ADVANCED_FACE('',(#1126),#104,.T.);
#3632=ADVANCED_FACE('',(#1127),#229,.T.);
#3633=ADVANCED_FACE('',(#1128),#105,.T.);
#3634=ADVANCED_FACE('',(#1129),#230,.T.);
#3635=ADVANCED_FACE('',(#1130),#231,.T.);
#3636=ADVANCED_FACE('',(#1131),#952,.T.);
#3637=ADVANCED_FACE('',(#1132,#161),#232,.T.);
#3638=ADVANCED_FACE('',(#1133),#106,.T.);
#3639=ADVANCED_FACE('',(#1134),#953,.T.);
#3640=ADVANCED_FACE('',(#1135,#162),#233,.T.);
#3641=ADVANCED_FACE('',(#1136),#234,.F.);
#3642=ADVANCED_FACE('',(#1137),#235,.F.);
#3643=ADVANCED_FACE('',(#1138,#163,#164,#165),#236,.F.);
#3644=ADVANCED_FACE('',(#1139),#237,.F.);
#3645=ADVANCED_FACE('',(#1140),#954,.T.);
#3646=ADVANCED_FACE('',(#1141),#238,.T.);
#3647=ADVANCED_FACE('',(#1142),#239,.T.);
#3648=ADVANCED_FACE('',(#1143),#240,.T.);
#3649=ADVANCED_FACE('',(#1144),#241,.T.);
#3650=ADVANCED_FACE('',(#1145),#242,.T.);
#3651=ADVANCED_FACE('',(#1146),#243,.F.);
#3652=ADVANCED_FACE('',(#1147),#244,.T.);
#3653=ADVANCED_FACE('',(#1148),#245,.T.);
#3654=ADVANCED_FACE('',(#1149),#246,.T.);
#3655=ADVANCED_FACE('',(#1150),#247,.T.);
#3656=ADVANCED_FACE('',(#1151),#248,.F.);
#3657=ADVANCED_FACE('',(#1152),#249,.F.);
#3658=ADVANCED_FACE('',(#1153),#250,.F.);
#3659=ADVANCED_FACE('',(#1154),#251,.T.);
#3660=ADVANCED_FACE('',(#1155),#252,.T.);
#3661=ADVANCED_FACE('',(#1156),#955,.T.);
#3662=ADVANCED_FACE('',(#1157),#956,.T.);
#3663=ADVANCED_FACE('',(#1158),#253,.F.);
#3664=ADVANCED_FACE('',(#1159),#254,.F.);
#3665=ADVANCED_FACE('',(#1160),#255,.F.);
#3666=ADVANCED_FACE('',(#1161),#256,.F.);
#3667=ADVANCED_FACE('',(#1162),#257,.F.);
#3668=ADVANCED_FACE('',(#1163),#258,.F.);
#3669=ADVANCED_FACE('',(#1164),#957,.T.);
#3670=ADVANCED_FACE('',(#1165),#259,.T.);
#3671=ADVANCED_FACE('',(#1166),#958,.T.);
#3672=ADVANCED_FACE('',(#1167),#260,.T.);
#3673=ADVANCED_FACE('',(#1168),#959,.T.);
#3674=ADVANCED_FACE('',(#1169),#261,.T.);
#3675=ADVANCED_FACE('',(#1170),#960,.T.);
#3676=ADVANCED_FACE('',(#1171),#262,.T.);
#3677=ADVANCED_FACE('',(#1172),#263,.T.);
#3678=ADVANCED_FACE('',(#1173),#264,.T.);
#3679=ADVANCED_FACE('',(#1174),#265,.T.);
#3680=ADVANCED_FACE('',(#1175),#266,.T.);
#3681=ADVANCED_FACE('',(#1176),#267,.T.);
#3682=ADVANCED_FACE('',(#1177),#268,.F.);
#3683=CLOSED_SHELL('',(#3466,#3467,#3468,#3469,#3470,#3471,#3472,#3473,
#3474,#3475,#3476,#3477,#3478,#3479,#3480,#3481,#3482,#3483,#3484,#3485,
#3486,#3487,#3488,#3489,#3490,#3491,#3492,#3493,#3494,#3495,#3496,#3497,
#3498,#3499,#3500,#3501,#3502,#3503,#3504,#3505,#3506,#3507,#3508,#3509,
#3510));
#3684=CLOSED_SHELL('',(#3511,#3512,#3513,#3514,#3515,#3516,#3517,#3518,
#3519,#3520,#3521,#3522,#3523,#3524,#3525,#3526,#3527,#3528,#3529,#3530,
#3531,#3532,#3533,#3534,#3535,#3536,#3537,#3538,#3539,#3540,#3541,#3542,
#3543,#3544,#3545,#3546,#3547,#3548,#3549,#3550,#3551,#3552,#3553,#3554,
#3555,#3556,#3557,#3558,#3559,#3560,#3561,#3562,#3563,#3564,#3565,#3566,
#3567,#3568,#3569));
#3685=CLOSED_SHELL('',(#3570,#3571,#3572,#3573,#3574,#3575,#3576,#3577,
#3578,#3579,#3580,#3581,#3582,#3583,#3584,#3585,#3586,#3587,#3588,#3589,
#3590,#3591,#3592,#3593,#3594,#3595,#3596,#3597,#3598,#3599,#3600,#3601,
#3602,#3603,#3604));
#3686=CLOSED_SHELL('',(#3605,#3606,#3607,#3608,#3609,#3610,#3611,#3612,
#3613,#3614,#3615,#3616,#3617,#3618,#3619,#3620,#3621,#3622,#3623,#3624,
#3625));
#3687=CLOSED_SHELL('',(#3626,#3627,#3628,#3629,#3630,#3631,#3632,#3633,
#3634,#3635,#3636,#3637,#3638,#3639,#3640,#3641,#3642,#3643,#3644,#3645,
#3646,#3647,#3648,#3649,#3650,#3651,#3652,#3653,#3654,#3655,#3656,#3657,
#3658,#3659,#3660,#3661,#3662,#3663,#3664,#3665,#3666,#3667,#3668,#3669,
#3670,#3671,#3672,#3673,#3674,#3675,#3676));
#3688=CLOSED_SHELL('',(#3677,#3678,#3679,#3680,#3681,#3682));
#3689=DERIVED_UNIT_ELEMENT(#3702,1.);
#3690=DERIVED_UNIT_ELEMENT(#7689,-3.);
#3691=DERIVED_UNIT_ELEMENT(#3702,1.);
#3692=DERIVED_UNIT_ELEMENT(#7689,-3.);
#3693=DERIVED_UNIT_ELEMENT(#3702,1.);
#3694=DERIVED_UNIT_ELEMENT(#7689,-3.);
#3695=DERIVED_UNIT_ELEMENT(#3702,1.);
#3696=DERIVED_UNIT_ELEMENT(#7689,-3.);
#3697=DERIVED_UNIT_ELEMENT(#3702,1.);
#3698=DERIVED_UNIT_ELEMENT(#7689,-3.);
#3699=DERIVED_UNIT_ELEMENT(#3702,1.);
#3700=DERIVED_UNIT_ELEMENT(#7689,-3.);
#3701=DIMENSIONAL_EXPONENTS(0.,1.,0.,0.,0.,0.,0.);
#3702=(
CONVERSION_BASED_UNIT('gram',#3704)
MASS_UNIT()
NAMED_UNIT(#3701)
);
#3703=(
MASS_UNIT()
NAMED_UNIT(*)
SI_UNIT(.KILO.,.GRAM.)
);
#3704=MASS_MEASURE_WITH_UNIT(MASS_MEASURE(0.001),#3703);
#3705=DERIVED_UNIT((#3689,#3690));
#3706=DERIVED_UNIT((#3691,#3692));
#3707=DERIVED_UNIT((#3693,#3694));
#3708=DERIVED_UNIT((#3695,#3696));
#3709=DERIVED_UNIT((#3697,#3698));
#3710=DERIVED_UNIT((#3699,#3700));
#3711=MEASURE_REPRESENTATION_ITEM('density measure',
POSITIVE_RATIO_MEASURE(1.),#3705);
#3712=MEASURE_REPRESENTATION_ITEM('density measure',
POSITIVE_RATIO_MEASURE(1.),#3706);
#3713=MEASURE_REPRESENTATION_ITEM('density measure',
POSITIVE_RATIO_MEASURE(1.),#3707);
#3714=MEASURE_REPRESENTATION_ITEM('density measure',
POSITIVE_RATIO_MEASURE(1.),#3708);
#3715=MEASURE_REPRESENTATION_ITEM('density measure',
POSITIVE_RATIO_MEASURE(1.),#3709);
#3716=MEASURE_REPRESENTATION_ITEM('density measure',
POSITIVE_RATIO_MEASURE(1.),#3710);
#3717=PROPERTY_DEFINITION_REPRESENTATION(#3747,#3729);
#3718=PROPERTY_DEFINITION_REPRESENTATION(#3748,#3730);
#3719=PROPERTY_DEFINITION_REPRESENTATION(#3749,#3731);
#3720=PROPERTY_DEFINITION_REPRESENTATION(#3750,#3732);
#3721=PROPERTY_DEFINITION_REPRESENTATION(#3751,#3733);
#3722=PROPERTY_DEFINITION_REPRESENTATION(#3752,#3734);
#3723=PROPERTY_DEFINITION_REPRESENTATION(#3753,#3735);
#3724=PROPERTY_DEFINITION_REPRESENTATION(#3754,#3736);
#3725=PROPERTY_DEFINITION_REPRESENTATION(#3755,#3737);
#3726=PROPERTY_DEFINITION_REPRESENTATION(#3756,#3738);
#3727=PROPERTY_DEFINITION_REPRESENTATION(#3757,#3739);
#3728=PROPERTY_DEFINITION_REPRESENTATION(#3758,#3740);
#3729=REPRESENTATION('material name',(#3741),#7680);
#3730=REPRESENTATION('density',(#3711),#7680);
#3731=REPRESENTATION('material name',(#3742),#7681);
#3732=REPRESENTATION('density',(#3712),#7681);
#3733=REPRESENTATION('material name',(#3743),#7683);
#3734=REPRESENTATION('density',(#3713),#7683);
#3735=REPRESENTATION('material name',(#3744),#7684);
#3736=REPRESENTATION('density',(#3714),#7684);
#3737=REPRESENTATION('material name',(#3745),#7685);
#3738=REPRESENTATION('density',(#3715),#7685);
#3739=REPRESENTATION('material name',(#3746),#7686);
#3740=REPRESENTATION('density',(#3716),#7686);
#3741=DESCRIPTIVE_REPRESENTATION_ITEM('Allgemein','Allgemein');
#3742=DESCRIPTIVE_REPRESENTATION_ITEM('Generisch','Generisch');
#3743=DESCRIPTIVE_REPRESENTATION_ITEM('Generisch','Generisch');
#3744=DESCRIPTIVE_REPRESENTATION_ITEM('Allgemein','Allgemein');
#3745=DESCRIPTIVE_REPRESENTATION_ITEM('Allgemein','Allgemein');
#3746=DESCRIPTIVE_REPRESENTATION_ITEM('Generisch','Generisch');
#3747=PROPERTY_DEFINITION('material property','material name',#7727);
#3748=PROPERTY_DEFINITION('material property','density of part',#7727);
#3749=PROPERTY_DEFINITION('material property','material name',#7728);
#3750=PROPERTY_DEFINITION('material property','density of part',#7728);
#3751=PROPERTY_DEFINITION('material property','material name',#7730);
#3752=PROPERTY_DEFINITION('material property','density of part',#7730);
#3753=PROPERTY_DEFINITION('material property','material name',#7731);
#3754=PROPERTY_DEFINITION('material property','density of part',#7731);
#3755=PROPERTY_DEFINITION('material property','material name',#7732);
#3756=PROPERTY_DEFINITION('material property','density of part',#7732);
#3757=PROPERTY_DEFINITION('material property','material name',#7733);
#3758=PROPERTY_DEFINITION('material property','density of part',#7733);
#3759=PRESENTATION_STYLE_ASSIGNMENT((#3762));
#3760=PRESENTATION_STYLE_ASSIGNMENT((#3763));
#3761=PRESENTATION_STYLE_ASSIGNMENT((#3764));
#3762=SURFACE_STYLE_USAGE(.BOTH.,#3769);
#3763=SURFACE_STYLE_USAGE(.BOTH.,#3770);
#3764=SURFACE_STYLE_USAGE(.BOTH.,#3771);
#3765=SURFACE_STYLE_RENDERING_WITH_PROPERTIES($,#3781,(#3767));
#3766=SURFACE_STYLE_RENDERING_WITH_PROPERTIES($,#3783,(#3768));
#3767=SURFACE_STYLE_TRANSPARENT(0.);
#3768=SURFACE_STYLE_TRANSPARENT(0.);
#3769=SURFACE_SIDE_STYLE('',(#3772,#3765));
#3770=SURFACE_SIDE_STYLE('',(#3773));
#3771=SURFACE_SIDE_STYLE('',(#3774,#3766));
#3772=SURFACE_STYLE_FILL_AREA(#3775);
#3773=SURFACE_STYLE_FILL_AREA(#3776);
#3774=SURFACE_STYLE_FILL_AREA(#3777);
#3775=FILL_AREA_STYLE('',(#3778));
#3776=FILL_AREA_STYLE('',(#3779));
#3777=FILL_AREA_STYLE('',(#3780));
#3778=FILL_AREA_STYLE_COLOUR('',#3781);
#3779=FILL_AREA_STYLE_COLOUR('',#3782);
#3780=FILL_AREA_STYLE_COLOUR('',#3783);
#3781=COLOUR_RGB('',0.749019607843137,0.749019607843137,0.749019607843137);
#3782=COLOUR_RGB('',1.,1.,0.);
#3783=COLOUR_RGB('',0.866666666666667,0.866666666666667,0.0509803921568627);
#3784=DATE_TIME_ROLE('creation_date');
#3785=DATE_TIME_ROLE('creation_date');
#3786=DATE_TIME_ROLE('creation_date');
#3787=DATE_TIME_ROLE('creation_date');
#3788=DATE_TIME_ROLE('creation_date');
#3789=DATE_TIME_ROLE('creation_date');
#3790=DATE_TIME_ROLE('creation_date');
#3791=DATE_TIME_ROLE('creation_date');
#3792=APPLIED_DATE_AND_TIME_ASSIGNMENT(#3800,#3784,(#7726));
#3793=APPLIED_DATE_AND_TIME_ASSIGNMENT(#3801,#3785,(#7727));
#3794=APPLIED_DATE_AND_TIME_ASSIGNMENT(#3802,#3786,(#7728));
#3795=APPLIED_DATE_AND_TIME_ASSIGNMENT(#3803,#3787,(#7729));
#3796=APPLIED_DATE_AND_TIME_ASSIGNMENT(#3804,#3788,(#7730));
#3797=APPLIED_DATE_AND_TIME_ASSIGNMENT(#3805,#3789,(#7731));
#3798=APPLIED_DATE_AND_TIME_ASSIGNMENT(#3806,#3790,(#7732));
#3799=APPLIED_DATE_AND_TIME_ASSIGNMENT(#3807,#3791,(#7733));
#3800=DATE_AND_TIME(#3808,#3816);
#3801=DATE_AND_TIME(#3809,#3817);
#3802=DATE_AND_TIME(#3810,#3818);
#3803=DATE_AND_TIME(#3811,#3819);
#3804=DATE_AND_TIME(#3812,#3820);
#3805=DATE_AND_TIME(#3813,#3821);
#3806=DATE_AND_TIME(#3814,#3822);
#3807=DATE_AND_TIME(#3815,#3823);
#3808=CALENDAR_DATE(2026,26,3);
#3809=CALENDAR_DATE(2026,26,3);
#3810=CALENDAR_DATE(2024,14,11);
#3811=CALENDAR_DATE(2025,18,8);
#3812=CALENDAR_DATE(2024,9,12);
#3813=CALENDAR_DATE(2025,18,8);
#3814=CALENDAR_DATE(2025,18,8);
#3815=CALENDAR_DATE(2026,11,2);
#3816=LOCAL_TIME(0,0,0.,#3824);
#3817=LOCAL_TIME(0,0,0.,#3825);
#3818=LOCAL_TIME(0,0,0.,#3826);
#3819=LOCAL_TIME(0,0,0.,#3827);
#3820=LOCAL_TIME(0,0,0.,#3828);
#3821=LOCAL_TIME(0,0,0.,#3829);
#3822=LOCAL_TIME(0,0,0.,#3830);
#3823=LOCAL_TIME(0,0,0.,#3831);
#3824=COORDINATED_UNIVERSAL_TIME_OFFSET(0,0,.BEHIND.);
#3825=COORDINATED_UNIVERSAL_TIME_OFFSET(0,0,.BEHIND.);
#3826=COORDINATED_UNIVERSAL_TIME_OFFSET(0,0,.BEHIND.);
#3827=COORDINATED_UNIVERSAL_TIME_OFFSET(0,0,.BEHIND.);
#3828=COORDINATED_UNIVERSAL_TIME_OFFSET(0,0,.BEHIND.);
#3829=COORDINATED_UNIVERSAL_TIME_OFFSET(0,0,.BEHIND.);
#3830=COORDINATED_UNIVERSAL_TIME_OFFSET(0,0,.BEHIND.);
#3831=COORDINATED_UNIVERSAL_TIME_OFFSET(0,0,.BEHIND.);
#3832=AXIS2_PLACEMENT_3D('',#5306,#4227,#4228);
#3833=AXIS2_PLACEMENT_3D('',#5307,#4229,#4230);
#3834=AXIS2_PLACEMENT_3D('',#5308,#4231,#4232);
#3835=AXIS2_PLACEMENT_3D('',#5310,#4233,#4234);
#3836=AXIS2_PLACEMENT_3D('',#5312,#4235,#4236);
#3837=AXIS2_PLACEMENT_3D('',#5314,#4237,#4238);
#3838=AXIS2_PLACEMENT_3D('',#5315,#4239,#4240);
#3839=AXIS2_PLACEMENT_3D('',#5316,#4241,#4242);
#3840=AXIS2_PLACEMENT_3D('',#5364,#4244,#4245);
#3841=AXIS2_PLACEMENT_3D('',#5365,#4246,#4247);
#3842=AXIS2_PLACEMENT_3D('',#5367,#4248,#4249);
#3843=AXIS2_PLACEMENT_3D('',#5380,#4252,#4253);
#3844=AXIS2_PLACEMENT_3D('',#5398,#4256,#4257);
#3845=AXIS2_PLACEMENT_3D('',#5407,#4259,#4260);
#3846=AXIS2_PLACEMENT_3D('',#5408,#4261,#4262);
#3847=AXIS2_PLACEMENT_3D('',#5414,#4266,#4267);
#3848=AXIS2_PLACEMENT_3D('',#5420,#4271,#4272);
#3849=AXIS2_PLACEMENT_3D('',#5428,#4277,#4278);
#3850=AXIS2_PLACEMENT_3D('',#5430,#4280,#4281);
#3851=AXIS2_PLACEMENT_3D('',#5451,#4284,#4285);
#3852=AXIS2_PLACEMENT_3D('',#5453,#4286,#4287);
#3853=AXIS2_PLACEMENT_3D('',#5455,#4288,#4289);
#3854=AXIS2_PLACEMENT_3D('',#5456,#4290,#4291);
#3855=AXIS2_PLACEMENT_3D('',#5457,#4292,#4293);
#3856=AXIS2_PLACEMENT_3D('',#5473,#4295,#4296);
#3857=AXIS2_PLACEMENT_3D('',#5504,#4299,#4300);
#3858=AXIS2_PLACEMENT_3D('',#5505,#4301,#4302);
#3859=AXIS2_PLACEMENT_3D('',#5506,#4303,#4304);
#3860=AXIS2_PLACEMENT_3D('',#5507,#4305,#4306);
#3861=AXIS2_PLACEMENT_3D('',#5532,#4310,#4311);
#3862=AXIS2_PLACEMENT_3D('',#5538,#4315,#4316);
#3863=AXIS2_PLACEMENT_3D('',#5541,#4318,#4319);
#3864=AXIS2_PLACEMENT_3D('',#5542,#4320,#4321);
#3865=AXIS2_PLACEMENT_3D('',#5543,#4322,#4323);
#3866=AXIS2_PLACEMENT_3D('',#5544,#4324,#4325);
#3867=AXIS2_PLACEMENT_3D('',#5545,#4326,#4327);
#3868=AXIS2_PLACEMENT_3D('',#5562,#4328,#4329);
#3869=AXIS2_PLACEMENT_3D('',#5564,#4330,#4331);
#3870=AXIS2_PLACEMENT_3D('',#5565,#4332,#4333);
#3871=AXIS2_PLACEMENT_3D('',#5566,#4334,#4335);
#3872=AXIS2_PLACEMENT_3D('',#5569,#4336,#4337);
#3873=AXIS2_PLACEMENT_3D('',#5588,#4340,#4341);
#3874=AXIS2_PLACEMENT_3D('',#5589,#4342,#4343);
#3875=AXIS2_PLACEMENT_3D('',#5590,#4344,#4345);
#3876=AXIS2_PLACEMENT_3D('',#5591,#4346,#4347);
#3877=AXIS2_PLACEMENT_3D('',#5593,#4349,#4350);
#3878=AXIS2_PLACEMENT_3D('',#5595,#4352,#4353);
#3879=AXIS2_PLACEMENT_3D('',#5596,#4354,#4355);
#3880=AXIS2_PLACEMENT_3D('',#5597,#4356,#4357);
#3881=AXIS2_PLACEMENT_3D('',#5600,#4359,#4360);
#3882=AXIS2_PLACEMENT_3D('',#5601,#4361,#4362);
#3883=AXIS2_PLACEMENT_3D('',#5606,#4364,#4365);
#3884=AXIS2_PLACEMENT_3D('',#5609,#4367,#4368);
#3885=AXIS2_PLACEMENT_3D('',#5610,#4369,#4370);
#3886=AXIS2_PLACEMENT_3D('',#5616,#4374,#4375);
#3887=AXIS2_PLACEMENT_3D('',#5620,#4377,#4378);
#3888=AXIS2_PLACEMENT_3D('',#5621,#4379,#4380);
#3889=AXIS2_PLACEMENT_3D('',#5622,#4381,#4382);
#3890=AXIS2_PLACEMENT_3D('',#5625,#4385,#4386);
#3891=AXIS2_PLACEMENT_3D('',#5631,#4390,#4391);
#3892=AXIS2_PLACEMENT_3D('',#5634,#4393,#4394);
#3893=AXIS2_PLACEMENT_3D('',#5635,#4395,#4396);
#3894=AXIS2_PLACEMENT_3D('',#5636,#4397,#4398);
#3895=AXIS2_PLACEMENT_3D('',#5637,#4399,#4400);
#3896=AXIS2_PLACEMENT_3D('',#5638,#4401,#4402);
#3897=AXIS2_PLACEMENT_3D('',#5639,#4403,#4404);
#3898=AXIS2_PLACEMENT_3D('',#5642,#4406,#4407);
#3899=AXIS2_PLACEMENT_3D('',#5643,#4408,#4409);
#3900=AXIS2_PLACEMENT_3D('',#5647,#4412,#4413);
#3901=AXIS2_PLACEMENT_3D('',#5648,#4414,#4415);
#3902=AXIS2_PLACEMENT_3D('',#5650,#4416,#4417);
#3903=AXIS2_PLACEMENT_3D('',#5651,#4418,#4419);
#3904=AXIS2_PLACEMENT_3D('',#5652,#4420,#4421);
#3905=AXIS2_PLACEMENT_3D('',#5654,#4422,#4423);
#3906=AXIS2_PLACEMENT_3D('',#5656,#4424,#4425);
#3907=AXIS2_PLACEMENT_3D('',#5657,#4426,#4427);
#3908=AXIS2_PLACEMENT_3D('',#5660,#4429,#4430);
#3909=AXIS2_PLACEMENT_3D('',#5661,#4431,#4432);
#3910=AXIS2_PLACEMENT_3D('',#5663,#4434,#4435);
#3911=AXIS2_PLACEMENT_3D('',#5664,#4436,#4437);
#3912=AXIS2_PLACEMENT_3D('',#5668,#4440,#4441);
#3913=AXIS2_PLACEMENT_3D('',#5669,#4442,#4443);
#3914=AXIS2_PLACEMENT_3D('',#5670,#4444,#4445);
#3915=AXIS2_PLACEMENT_3D('',#5674,#4446,#4447);
#3916=AXIS2_PLACEMENT_3D('',#5675,#4448,#4449);
#3917=AXIS2_PLACEMENT_3D('',#5677,#4450,#4451);
#3918=AXIS2_PLACEMENT_3D('',#5720,#4453,#4454);
#3919=AXIS2_PLACEMENT_3D('',#5722,#4455,#4456);
#3920=AXIS2_PLACEMENT_3D('',#5759,#4458,#4459);
#3921=AXIS2_PLACEMENT_3D('',#5761,#4460,#4461);
#3922=AXIS2_PLACEMENT_3D('',#5798,#4463,#4464);
#3923=AXIS2_PLACEMENT_3D('',#5800,#4465,#4466);
#3924=AXIS2_PLACEMENT_3D('',#5837,#4468,#4469);
#3925=AXIS2_PLACEMENT_3D('',#5839,#4470,#4471);
#3926=AXIS2_PLACEMENT_3D('',#5879,#4473,#4474);
#3927=AXIS2_PLACEMENT_3D('',#5881,#4475,#4476);
#3928=AXIS2_PLACEMENT_3D('',#5921,#4478,#4479);
#3929=AXIS2_PLACEMENT_3D('',#5923,#4480,#4481);
#3930=AXIS2_PLACEMENT_3D('',#5963,#4483,#4484);
#3931=AXIS2_PLACEMENT_3D('',#5965,#4485,#4486);
#3932=AXIS2_PLACEMENT_3D('',#6077,#4488,#4489);
#3933=AXIS2_PLACEMENT_3D('',#6094,#4490,#4491);
#3934=AXIS2_PLACEMENT_3D('',#6109,#4492,#4493);
#3935=AXIS2_PLACEMENT_3D('',#6112,#4494,#4495);
#3936=AXIS2_PLACEMENT_3D('',#6187,#4498,#4499);
#3937=AXIS2_PLACEMENT_3D('',#6216,#4500,#4501);
#3938=AXIS2_PLACEMENT_3D('',#6219,#4502,#4503);
#3939=AXIS2_PLACEMENT_3D('',#6294,#4506,#4507);
#3940=AXIS2_PLACEMENT_3D('',#6323,#4508,#4509);
#3941=AXIS2_PLACEMENT_3D('',#6326,#4510,#4511);
#3942=AXIS2_PLACEMENT_3D('',#6391,#4514,#4515);
#3943=AXIS2_PLACEMENT_3D('',#6416,#4516,#4517);
#3944=AXIS2_PLACEMENT_3D('',#6419,#4520,#4521);
#3945=AXIS2_PLACEMENT_3D('',#6479,#4526,#4527);
#3946=AXIS2_PLACEMENT_3D('',#6538,#4531,#4532);
#3947=AXIS2_PLACEMENT_3D('',#6540,#4533,#4534);
#3948=AXIS2_PLACEMENT_3D('',#6542,#4535,#4536);
#3949=AXIS2_PLACEMENT_3D('',#6544,#4537,#4538);
#3950=AXIS2_PLACEMENT_3D('',#6617,#4539,#4540);
#3951=AXIS2_PLACEMENT_3D('',#6634,#4541,#4542);
#3952=AXIS2_PLACEMENT_3D('',#6649,#4543,#4544);
#3953=AXIS2_PLACEMENT_3D('',#6651,#4545,#4546);
#3954=AXIS2_PLACEMENT_3D('',#6720,#4549,#4550);
#3955=AXIS2_PLACEMENT_3D('',#6734,#4551,#4552);
#3956=AXIS2_PLACEMENT_3D('',#6736,#4553,#4554);
#3957=AXIS2_PLACEMENT_3D('',#6799,#4556,#4557);
#3958=AXIS2_PLACEMENT_3D('',#6812,#4558,#4559);
#3959=AXIS2_PLACEMENT_3D('',#6814,#4560,#4561);
#3960=AXIS2_PLACEMENT_3D('',#6888,#4563,#4564);
#3961=AXIS2_PLACEMENT_3D('',#6917,#4565,#4566);
#3962=AXIS2_PLACEMENT_3D('',#6961,#4570,#4571);
#3963=AXIS2_PLACEMENT_3D('',#7004,#4574,#4575);
#3964=AXIS2_PLACEMENT_3D('',#7006,#4576,#4577);
#3965=AXIS2_PLACEMENT_3D('',#7008,#4578,#4579);
#3966=AXIS2_PLACEMENT_3D('',#7010,#4580,#4581);
#3967=AXIS2_PLACEMENT_3D('',#7012,#4582,#4583);
#3968=AXIS2_PLACEMENT_3D('',#7014,#4584,#4585);
#3969=AXIS2_PLACEMENT_3D('',#7016,#4586,#4587);
#3970=AXIS2_PLACEMENT_3D('',#7018,#4588,#4589);
#3971=AXIS2_PLACEMENT_3D('',#7020,#4590,#4591);
#3972=AXIS2_PLACEMENT_3D('',#7022,#4592,#4593);
#3973=AXIS2_PLACEMENT_3D('',#7024,#4594,#4595);
#3974=AXIS2_PLACEMENT_3D('',#7026,#4596,#4597);
#3975=AXIS2_PLACEMENT_3D('',#7027,#4598,#4599);
#3976=AXIS2_PLACEMENT_3D('',#7031,#4601,#4602);
#3977=AXIS2_PLACEMENT_3D('',#7032,#4603,#4604);
#3978=AXIS2_PLACEMENT_3D('',#7033,#4605,#4606);
#3979=AXIS2_PLACEMENT_3D('',#7036,#4608,#4609);
#3980=AXIS2_PLACEMENT_3D('',#7037,#4610,#4611);
#3981=AXIS2_PLACEMENT_3D('',#7041,#4613,#4614);
#3982=AXIS2_PLACEMENT_3D('',#7042,#4615,#4616);
#3983=AXIS2_PLACEMENT_3D('',#7043,#4617,#4618);
#3984=AXIS2_PLACEMENT_3D('',#7046,#4620,#4621);
#3985=AXIS2_PLACEMENT_3D('',#7047,#4622,#4623);
#3986=AXIS2_PLACEMENT_3D('',#7049,#4625,#4626);
#3987=AXIS2_PLACEMENT_3D('',#7051,#4628,#4629);
#3988=AXIS2_PLACEMENT_3D('',#7054,#4631,#4632);
#3989=AXIS2_PLACEMENT_3D('',#7055,#4633,#4634);
#3990=AXIS2_PLACEMENT_3D('',#7058,#4635,#4636);
#3991=AXIS2_PLACEMENT_3D('',#7059,#4637,#4638);
#3992=AXIS2_PLACEMENT_3D('',#7061,#4640,#4641);
#3993=AXIS2_PLACEMENT_3D('',#7063,#4643,#4644);
#3994=AXIS2_PLACEMENT_3D('',#7064,#4645,#4646);
#3995=AXIS2_PLACEMENT_3D('',#7067,#4648,#4649);
#3996=AXIS2_PLACEMENT_3D('',#7068,#4650,#4651);
#3997=AXIS2_PLACEMENT_3D('',#7069,#4652,#4653);
#3998=AXIS2_PLACEMENT_3D('',#7072,#4655,#4656);
#3999=AXIS2_PLACEMENT_3D('',#7073,#4657,#4658);
#4000=AXIS2_PLACEMENT_3D('',#7074,#4659,#4660);
#4001=AXIS2_PLACEMENT_3D('',#7077,#4662,#4663);
#4002=AXIS2_PLACEMENT_3D('',#7078,#4664,#4665);
#4003=AXIS2_PLACEMENT_3D('',#7079,#4666,#4667);
#4004=AXIS2_PLACEMENT_3D('',#7082,#4669,#4670);
#4005=AXIS2_PLACEMENT_3D('',#7083,#4671,#4672);
#4006=AXIS2_PLACEMENT_3D('',#7084,#4673,#4674);
#4007=AXIS2_PLACEMENT_3D('',#7088,#4677,#4678);
#4008=AXIS2_PLACEMENT_3D('',#7089,#4679,#4680);
#4009=AXIS2_PLACEMENT_3D('',#7090,#4681,#4682);
#4010=AXIS2_PLACEMENT_3D('',#7093,#4684,#4685);
#4011=AXIS2_PLACEMENT_3D('',#7094,#4686,#4687);
#4012=AXIS2_PLACEMENT_3D('',#7095,#4688,#4689);
#4013=AXIS2_PLACEMENT_3D('',#7098,#4691,#4692);
#4014=AXIS2_PLACEMENT_3D('',#7099,#4693,#4694);
#4015=AXIS2_PLACEMENT_3D('',#7100,#4695,#4696);
#4016=AXIS2_PLACEMENT_3D('',#7103,#4698,#4699);
#4017=AXIS2_PLACEMENT_3D('',#7104,#4700,#4701);
#4018=AXIS2_PLACEMENT_3D('',#7105,#4702,#4703);
#4019=AXIS2_PLACEMENT_3D('',#7106,#4704,#4705);
#4020=AXIS2_PLACEMENT_3D('',#7107,#4706,#4707);
#4021=AXIS2_PLACEMENT_3D('',#7110,#4708,#4709);
#4022=AXIS2_PLACEMENT_3D('',#7112,#4710,#4711);
#4023=AXIS2_PLACEMENT_3D('',#7114,#4712,#4713);
#4024=AXIS2_PLACEMENT_3D('',#7115,#4714,#4715);
#4025=AXIS2_PLACEMENT_3D('',#7116,#4716,#4717);
#4026=AXIS2_PLACEMENT_3D('',#7119,#4718,#4719);
#4027=AXIS2_PLACEMENT_3D('',#7122,#4722,#4723);
#4028=AXIS2_PLACEMENT_3D('',#7125,#4724,#4725);
#4029=AXIS2_PLACEMENT_3D('',#7126,#4726,#4727);
#4030=AXIS2_PLACEMENT_3D('',#7127,#4728,#4729);
#4031=AXIS2_PLACEMENT_3D('',#7128,#4730,#4731);
#4032=AXIS2_PLACEMENT_3D('',#7131,#4732,#4733);
#4033=AXIS2_PLACEMENT_3D('',#7134,#4736,#4737);
#4034=AXIS2_PLACEMENT_3D('',#7137,#4738,#4739);
#4035=AXIS2_PLACEMENT_3D('',#7138,#4740,#4741);
#4036=AXIS2_PLACEMENT_3D('',#7139,#4742,#4743);
#4037=AXIS2_PLACEMENT_3D('',#7140,#4744,#4745);
#4038=AXIS2_PLACEMENT_3D('',#7143,#4746,#4747);
#4039=AXIS2_PLACEMENT_3D('',#7146,#4750,#4751);
#4040=AXIS2_PLACEMENT_3D('',#7149,#4752,#4753);
#4041=AXIS2_PLACEMENT_3D('',#7150,#4754,#4755);
#4042=AXIS2_PLACEMENT_3D('',#7151,#4756,#4757);
#4043=AXIS2_PLACEMENT_3D('',#7152,#4758,#4759);
#4044=AXIS2_PLACEMENT_3D('',#7155,#4762,#4763);
#4045=AXIS2_PLACEMENT_3D('',#7161,#4767,#4768);
#4046=AXIS2_PLACEMENT_3D('',#7164,#4770,#4771);
#4047=AXIS2_PLACEMENT_3D('',#7165,#4772,#4773);
#4048=AXIS2_PLACEMENT_3D('',#7169,#4776,#4777);
#4049=AXIS2_PLACEMENT_3D('',#7172,#4779,#4780);
#4050=AXIS2_PLACEMENT_3D('',#7173,#4781,#4782);
#4051=AXIS2_PLACEMENT_3D('',#7178,#4784,#4785);
#4052=AXIS2_PLACEMENT_3D('',#7181,#4787,#4788);
#4053=AXIS2_PLACEMENT_3D('',#7183,#4789,#4790);
#4054=AXIS2_PLACEMENT_3D('',#7188,#4792,#4793);
#4055=AXIS2_PLACEMENT_3D('',#7191,#4795,#4796);
#4056=AXIS2_PLACEMENT_3D('',#7192,#4797,#4798);
#4057=AXIS2_PLACEMENT_3D('',#7194,#4799,#4800);
#4058=AXIS2_PLACEMENT_3D('',#7196,#4801,#4802);
#4059=AXIS2_PLACEMENT_3D('',#7197,#4803,#4804);
#4060=AXIS2_PLACEMENT_3D('',#7198,#4805,#4806);
#4061=AXIS2_PLACEMENT_3D('',#7201,#4807,#4808);
#4062=AXIS2_PLACEMENT_3D('',#7204,#4811,#4812);
#4063=AXIS2_PLACEMENT_3D('',#7207,#4813,#4814);
#4064=AXIS2_PLACEMENT_3D('',#7208,#4815,#4816);
#4065=AXIS2_PLACEMENT_3D('',#7209,#4817,#4818);
#4066=AXIS2_PLACEMENT_3D('',#7210,#4819,#4820);
#4067=AXIS2_PLACEMENT_3D('',#7213,#4821,#4822);
#4068=AXIS2_PLACEMENT_3D('',#7216,#4825,#4826);
#4069=AXIS2_PLACEMENT_3D('',#7218,#4827,#4828);
#4070=AXIS2_PLACEMENT_3D('',#7219,#4829,#4830);
#4071=AXIS2_PLACEMENT_3D('',#7220,#4831,#4832);
#4072=AXIS2_PLACEMENT_3D('',#7221,#4833,#4834);
#4073=AXIS2_PLACEMENT_3D('',#7223,#4835,#4836);
#4074=AXIS2_PLACEMENT_3D('',#7225,#4838,#4839);
#4075=AXIS2_PLACEMENT_3D('',#7227,#4840,#4841);
#4076=AXIS2_PLACEMENT_3D('',#7228,#4842,#4843);
#4077=AXIS2_PLACEMENT_3D('',#7229,#4844,#4845);
#4078=AXIS2_PLACEMENT_3D('',#7231,#4847,#4848);
#4079=AXIS2_PLACEMENT_3D('',#7234,#4851,#4852);
#4080=AXIS2_PLACEMENT_3D('',#7236,#4854,#4855);
#4081=AXIS2_PLACEMENT_3D('',#7237,#4856,#4857);
#4082=AXIS2_PLACEMENT_3D('',#7242,#4859,#4860);
#4083=AXIS2_PLACEMENT_3D('',#7245,#4862,#4863);
#4084=AXIS2_PLACEMENT_3D('',#7247,#4864,#4865);
#4085=AXIS2_PLACEMENT_3D('',#7252,#4867,#4868);
#4086=AXIS2_PLACEMENT_3D('',#7255,#4870,#4871);
#4087=AXIS2_PLACEMENT_3D('',#7256,#4872,#4873);
#4088=AXIS2_PLACEMENT_3D('',#7259,#4876,#4877);
#4089=AXIS2_PLACEMENT_3D('',#7261,#4879,#4880);
#4090=AXIS2_PLACEMENT_3D('',#7263,#4882,#4883);
#4091=AXIS2_PLACEMENT_3D('',#7264,#4884,#4885);
#4092=AXIS2_PLACEMENT_3D('',#7266,#4887,#4888);
#4093=AXIS2_PLACEMENT_3D('',#7269,#4891,#4892);
#4094=AXIS2_PLACEMENT_3D('',#7271,#4894,#4895);
#4095=AXIS2_PLACEMENT_3D('',#7273,#4897,#4898);
#4096=AXIS2_PLACEMENT_3D('',#7274,#4899,#4900);
#4097=AXIS2_PLACEMENT_3D('',#7275,#4901,#4902);
#4098=AXIS2_PLACEMENT_3D('',#7276,#4903,#4904);
#4099=AXIS2_PLACEMENT_3D('',#7278,#4905,#4906);
#4100=AXIS2_PLACEMENT_3D('',#7281,#4908,#4909);
#4101=AXIS2_PLACEMENT_3D('',#7282,#4910,#4911);
#4102=AXIS2_PLACEMENT_3D('',#7283,#4912,#4913);
#4103=AXIS2_PLACEMENT_3D('',#7285,#4914,#4915);
#4104=AXIS2_PLACEMENT_3D('',#7288,#4917,#4918);
#4105=AXIS2_PLACEMENT_3D('',#7289,#4919,#4920);
#4106=AXIS2_PLACEMENT_3D('',#7290,#4921,#4922);
#4107=AXIS2_PLACEMENT_3D('',#7292,#4923,#4924);
#4108=AXIS2_PLACEMENT_3D('',#7295,#4926,#4927);
#4109=AXIS2_PLACEMENT_3D('',#7296,#4928,#4929);
#4110=AXIS2_PLACEMENT_3D('',#7297,#4930,#4931);
#4111=AXIS2_PLACEMENT_3D('',#7299,#4932,#4933);
#4112=AXIS2_PLACEMENT_3D('',#7302,#4935,#4936);
#4113=AXIS2_PLACEMENT_3D('',#7303,#4937,#4938);
#4114=AXIS2_PLACEMENT_3D('',#7304,#4939,#4940);
#4115=AXIS2_PLACEMENT_3D('',#7308,#4942,#4943);
#4116=AXIS2_PLACEMENT_3D('',#7309,#4944,#4945);
#4117=AXIS2_PLACEMENT_3D('',#7313,#4947,#4948);
#4118=AXIS2_PLACEMENT_3D('',#7314,#4949,#4950);
#4119=AXIS2_PLACEMENT_3D('',#7317,#4953,#4954);
#4120=AXIS2_PLACEMENT_3D('',#7321,#4956,#4957);
#4121=AXIS2_PLACEMENT_3D('',#7322,#4958,#4959);
#4122=AXIS2_PLACEMENT_3D('',#7327,#4962,#4963);
#4123=AXIS2_PLACEMENT_3D('',#7328,#4964,#4965);
#4124=AXIS2_PLACEMENT_3D('',#7330,#4967,#4968);
#4125=AXIS2_PLACEMENT_3D('',#7339,#4973,#4974);
#4126=AXIS2_PLACEMENT_3D('',#7345,#4978,#4979);
#4127=AXIS2_PLACEMENT_3D('',#7351,#4983,#4984);
#4128=AXIS2_PLACEMENT_3D('',#7355,#4987,#4988);
#4129=AXIS2_PLACEMENT_3D('',#7359,#4991,#4992);
#4130=AXIS2_PLACEMENT_3D('',#7361,#4994,#4995);
#4131=AXIS2_PLACEMENT_3D('',#7362,#4996,#4997);
#4132=AXIS2_PLACEMENT_3D('',#7363,#4998,#4999);
#4133=AXIS2_PLACEMENT_3D('',#7365,#5000,#5001);
#4134=AXIS2_PLACEMENT_3D('',#7368,#5003,#5004);
#4135=AXIS2_PLACEMENT_3D('',#7369,#5005,#5006);
#4136=AXIS2_PLACEMENT_3D('',#7374,#5008,#5009);
#4137=AXIS2_PLACEMENT_3D('',#7378,#5011,#5012);
#4138=AXIS2_PLACEMENT_3D('',#7381,#5014,#5015);
#4139=AXIS2_PLACEMENT_3D('',#7383,#5016,#5017);
#4140=AXIS2_PLACEMENT_3D('',#7386,#5018,#5019);
#4141=AXIS2_PLACEMENT_3D('',#7390,#5021,#5022);
#4142=AXIS2_PLACEMENT_3D('',#7393,#5024,#5025);
#4143=AXIS2_PLACEMENT_3D('',#7394,#5026,#5027);
#4144=AXIS2_PLACEMENT_3D('',#7396,#5028,#5029);
#4145=AXIS2_PLACEMENT_3D('',#7398,#5031,#5032);
#4146=AXIS2_PLACEMENT_3D('',#7401,#5034,#5035);
#4147=AXIS2_PLACEMENT_3D('',#7402,#5036,#5037);
#4148=AXIS2_PLACEMENT_3D('',#7404,#5038,#5039);
#4149=AXIS2_PLACEMENT_3D('',#7406,#5041,#5042);
#4150=AXIS2_PLACEMENT_3D('',#7411,#5044,#5045);
#4151=AXIS2_PLACEMENT_3D('',#7414,#5047,#5048);
#4152=AXIS2_PLACEMENT_3D('',#7415,#5049,#5050);
#4153=AXIS2_PLACEMENT_3D('',#7421,#5054,#5055);
#4154=AXIS2_PLACEMENT_3D('',#7425,#5057,#5058);
#4155=AXIS2_PLACEMENT_3D('',#7426,#5059,#5060);
#4156=AXIS2_PLACEMENT_3D('',#7427,#5061,#5062);
#4157=AXIS2_PLACEMENT_3D('',#7430,#5065,#5066);
#4158=AXIS2_PLACEMENT_3D('',#7433,#5069,#5070);
#4159=AXIS2_PLACEMENT_3D('',#7435,#5072,#5073);
#4160=AXIS2_PLACEMENT_3D('',#7444,#5078,#5079);
#4161=AXIS2_PLACEMENT_3D('',#7446,#5080,#5081);
#4162=AXIS2_PLACEMENT_3D('',#7450,#5083,#5084);
#4163=AXIS2_PLACEMENT_3D('',#7451,#5085,#5086);
#4164=AXIS2_PLACEMENT_3D('',#7452,#5087,#5088);
#4165=AXIS2_PLACEMENT_3D('',#7454,#5090,#5091);
#4166=AXIS2_PLACEMENT_3D('',#7463,#5096,#5097);
#4167=AXIS2_PLACEMENT_3D('',#7472,#5102,#5103);
#4168=AXIS2_PLACEMENT_3D('',#7481,#5108,#5109);
#4169=AXIS2_PLACEMENT_3D('',#7492,#5116,#5117);
#4170=AXIS2_PLACEMENT_3D('',#7493,#5118,#5119);
#4171=AXIS2_PLACEMENT_3D('',#7494,#5120,#5121);
#4172=AXIS2_PLACEMENT_3D('',#7495,#5122,#5123);
#4173=AXIS2_PLACEMENT_3D('',#7496,#5124,#5125);
#4174=AXIS2_PLACEMENT_3D('',#7497,#5126,#5127);
#4175=AXIS2_PLACEMENT_3D('',#7506,#5132,#5133);
#4176=AXIS2_PLACEMENT_3D('',#7512,#5136,#5137);
#4177=AXIS2_PLACEMENT_3D('',#7526,#5145,#5146);
#4178=AXIS2_PLACEMENT_3D('',#7534,#5151,#5152);
#4179=AXIS2_PLACEMENT_3D('',#7540,#5156,#5157);
#4180=AXIS2_PLACEMENT_3D('',#7559,#5168,#5169);
#4181=AXIS2_PLACEMENT_3D('',#7563,#5172,#5173);
#4182=AXIS2_PLACEMENT_3D('',#7568,#5177,#5178);
#4183=AXIS2_PLACEMENT_3D('',#7572,#5181,#5182);
#4184=AXIS2_PLACEMENT_3D('',#7574,#5184,#5185);
#4185=AXIS2_PLACEMENT_3D('',#7576,#5187,#5188);
#4186=AXIS2_PLACEMENT_3D('',#7580,#5191,#5192);
#4187=AXIS2_PLACEMENT_3D('',#7587,#5197,#5198);
#4188=AXIS2_PLACEMENT_3D('',#7588,#5199,#5200);
#4189=AXIS2_PLACEMENT_3D('',#7597,#5205,#5206);
#4190=AXIS2_PLACEMENT_3D('',#7601,#5208,#5209);
#4191=AXIS2_PLACEMENT_3D('',#7603,#5211,#5212);
#4192=AXIS2_PLACEMENT_3D('',#7604,#5213,#5214);
#4193=AXIS2_PLACEMENT_3D('',#7605,#5215,#5216);
#4194=AXIS2_PLACEMENT_3D('',#7606,#5217,#5218);
#4195=AXIS2_PLACEMENT_3D('',#7607,#5219,#5220);
#4196=AXIS2_PLACEMENT_3D('',#7608,#5221,#5222);
#4197=AXIS2_PLACEMENT_3D('',#7609,#5223,#5224);
#4198=AXIS2_PLACEMENT_3D('',#7611,#5226,#5227);
#4199=AXIS2_PLACEMENT_3D('',#7613,#5229,#5230);
#4200=AXIS2_PLACEMENT_3D('',#7614,#5231,#5232);
#4201=AXIS2_PLACEMENT_3D('',#7617,#5235,#5236);
#4202=AXIS2_PLACEMENT_3D('',#7618,#5237,#5238);
#4203=AXIS2_PLACEMENT_3D('',#7619,#5239,#5240);
#4204=AXIS2_PLACEMENT_3D('',#7621,#5242,#5243);
#4205=AXIS2_PLACEMENT_3D('',#7622,#5244,#5245);
#4206=AXIS2_PLACEMENT_3D('',#7625,#5248,#5249);
#4207=AXIS2_PLACEMENT_3D('',#7627,#5251,#5252);
#4208=AXIS2_PLACEMENT_3D('',#7629,#5254,#5255);
#4209=AXIS2_PLACEMENT_3D('',#7631,#5257,#5258);
#4210=AXIS2_PLACEMENT_3D('',#7633,#5260,#5261);
#4211=AXIS2_PLACEMENT_3D('',#7634,#5262,#5263);
#4212=AXIS2_PLACEMENT_3D('',#7635,#5264,#5265);
#4213=AXIS2_PLACEMENT_3D('',#7636,#5266,#5267);
#4214=AXIS2_PLACEMENT_3D('',#7637,#5268,#5269);
#4215=AXIS2_PLACEMENT_3D('',#7638,#5270,#5271);
#4216=AXIS2_PLACEMENT_3D('',#7639,#5272,#5273);
#4217=AXIS2_PLACEMENT_3D('',#7640,#5274,#5275);
#4218=AXIS2_PLACEMENT_3D('',#7649,#5280,#5281);
#4219=AXIS2_PLACEMENT_3D('',#7655,#5285,#5286);
#4220=AXIS2_PLACEMENT_3D('',#7661,#5290,#5291);
#4221=AXIS2_PLACEMENT_3D('',#7664,#5294,#5295);
#4222=AXIS2_PLACEMENT_3D('',#7665,#5296,#5297);
#4223=AXIS2_PLACEMENT_3D('',#7666,#5298,#5299);
#4224=AXIS2_PLACEMENT_3D('',#7667,#5300,#5301);
#4225=AXIS2_PLACEMENT_3D('',#7668,#5302,#5303);
#4226=AXIS2_PLACEMENT_3D('',#7669,#5304,#5305);
#4227=DIRECTION('axis',(0.,0.,1.));
#4228=DIRECTION('refdir',(1.,0.,0.));
#4229=DIRECTION('axis',(0.,0.,1.));
#4230=DIRECTION('refdir',(1.,0.,0.));
#4231=DIRECTION('center_axis',(0.,0.,-1.));
#4232=DIRECTION('ref_axis',(-1.,0.,0.));
#4233=DIRECTION('center_axis',(0.,0.,1.));
#4234=DIRECTION('ref_axis',(-1.,0.,0.));
#4235=DIRECTION('center_axis',(0.,-1.,0.));
#4236=DIRECTION('ref_axis',(1.,0.,0.));
#4237=DIRECTION('center_axis',(0.,0.,-1.));
#4238=DIRECTION('ref_axis',(-1.,0.,0.));
#4239=DIRECTION('center_axis',(0.,0.,-1.));
#4240=DIRECTION('ref_axis',(-1.,0.,0.));
#4241=DIRECTION('center_axis',(0.,0.,-1.));
#4242=DIRECTION('ref_axis',(1.,0.,0.));
#4243=DIRECTION('',(0.,0.,1.));
#4244=DIRECTION('center_axis',(0.,0.,1.));
#4245=DIRECTION('ref_axis',(1.,0.,0.));
#4246=DIRECTION('center_axis',(1.,4.44089209850063E-16,0.));
#4247=DIRECTION('ref_axis',(0.,0.,-1.));
#4248=DIRECTION('center_axis',(1.,3.11277483539764E-16,0.));
#4249=DIRECTION('ref_axis',(0.,0.,-1.));
#4250=DIRECTION('',(-1.,-4.44089209850063E-16,0.));
#4251=DIRECTION('',(-1.,-4.44089209850063E-16,0.));
#4252=DIRECTION('center_axis',(-1.,-3.11277483539764E-16,0.));
#4253=DIRECTION('ref_axis',(0.,0.,-1.));
#4254=DIRECTION('',(1.,4.44089209850063E-16,0.));
#4255=DIRECTION('',(-1.,-4.44089209850063E-16,0.));
#4256=DIRECTION('center_axis',(-1.,-3.11277483539764E-16,0.));
#4257=DIRECTION('ref_axis',(0.,0.,-1.));
#4258=DIRECTION('',(1.,4.44089209850063E-16,0.));
#4259=DIRECTION('center_axis',(1.,3.11277483539764E-16,0.));
#4260=DIRECTION('ref_axis',(0.,0.,-1.));
#4261=DIRECTION('center_axis',(0.,0.,1.));
#4262=DIRECTION('ref_axis',(1.,0.,0.));
#4263=DIRECTION('',(0.,1.,0.));
#4264=DIRECTION('',(-1.,0.,0.));
#4265=DIRECTION('',(-3.11277483539764E-16,1.,0.));
#4266=DIRECTION('center_axis',(-1.00929365875014E-16,0.,-1.));
#4267=DIRECTION('ref_axis',(-1.,0.,1.00929365875014E-16));
#4268=DIRECTION('',(3.11277483539764E-16,-1.,-3.14170390248385E-32));
#4269=DIRECTION('',(1.,0.,-1.00929365875014E-16));
#4270=DIRECTION('',(0.,-1.,0.));
#4271=DIRECTION('center_axis',(-1.00929365875014E-16,0.,-1.));
#4272=DIRECTION('ref_axis',(-1.,0.,1.00929365875014E-16));
#4273=DIRECTION('',(0.,-1.,0.));
#4274=DIRECTION('',(-1.,0.,1.00929365875014E-16));
#4275=DIRECTION('',(0.,-1.,0.));
#4276=DIRECTION('',(3.11277483539764E-16,-1.,-3.14170390248385E-32));
#4277=DIRECTION('center_axis',(-1.,-3.11277483539764E-16,0.));
#4278=DIRECTION('ref_axis',(3.11277483539764E-16,-1.,0.));
#4279=DIRECTION('',(0.,0.,1.));
#4280=DIRECTION('center_axis',(-1.,-3.11277483539764E-16,0.));
#4281=DIRECTION('ref_axis',(3.11277483539764E-16,-1.,0.));
#4282=DIRECTION('',(0.,0.,1.));
#4283=DIRECTION('',(-3.11277483539764E-16,1.,0.));
#4284=DIRECTION('center_axis',(0.,0.,-1.));
#4285=DIRECTION('ref_axis',(1.,0.,0.));
#4286=DIRECTION('center_axis',(0.,1.,0.));
#4287=DIRECTION('ref_axis',(6.12323399573676E-17,0.,-1.));
#4288=DIRECTION('center_axis',(0.,0.,-1.));
#4289=DIRECTION('ref_axis',(0.,-1.,0.));
#4290=DIRECTION('center_axis',(0.,-1.,0.));
#4291=DIRECTION('ref_axis',(6.12323399573676E-17,0.,-1.));
#4292=DIRECTION('center_axis',(-6.66133814775094E-17,0.,1.));
#4293=DIRECTION('ref_axis',(-0.707106781186546,-0.707106781186549,0.));
#4294=DIRECTION('',(-6.66133814775094E-17,0.,1.));
#4295=DIRECTION('center_axis',(0.,0.,-1.));
#4296=DIRECTION('ref_axis',(0.,-1.,0.));
#4297=DIRECTION('',(6.66133814775094E-17,0.,-1.));
#4298=DIRECTION('',(-6.66133814775094E-17,0.,1.));
#4299=DIRECTION('center_axis',(0.,0.,1.));
#4300=DIRECTION('ref_axis',(0.,-1.,0.));
#4301=DIRECTION('center_axis',(0.,-1.,0.));
#4302=DIRECTION('ref_axis',(-6.12323399573677E-17,0.,1.));
#4303=DIRECTION('center_axis',(0.,1.,0.));
#4304=DIRECTION('ref_axis',(-6.12323399573677E-17,0.,1.));
#4305=DIRECTION('center_axis',(-7.7715611723761E-17,0.,-1.));
#4306=DIRECTION('ref_axis',(0.707106781186546,-0.707106781186549,0.));
#4307=DIRECTION('',(-7.7715611723761E-17,0.,-1.));
#4308=DIRECTION('',(7.7715611723761E-17,0.,1.));
#4309=DIRECTION('',(-7.7715611723761E-17,0.,-1.));
#4310=DIRECTION('center_axis',(1.,0.,-7.7715611723761E-17));
#4311=DIRECTION('ref_axis',(-7.7715611723761E-17,0.,-1.));
#4312=DIRECTION('',(0.,1.,0.));
#4313=DIRECTION('',(-7.7715611723761E-17,0.,-1.));
#4314=DIRECTION('',(0.,1.,0.));
#4315=DIRECTION('center_axis',(0.,1.,0.));
#4316=DIRECTION('ref_axis',(1.,0.,0.));
#4317=DIRECTION('',(0.,1.,0.));
#4318=DIRECTION('center_axis',(0.,1.,0.));
#4319=DIRECTION('ref_axis',(6.12323399573676E-17,0.,-1.));
#4320=DIRECTION('center_axis',(0.,1.,0.));
#4321=DIRECTION('ref_axis',(0.,0.,1.));
#4322=DIRECTION('center_axis',(0.,1.,0.));
#4323=DIRECTION('ref_axis',(1.,0.,0.));
#4324=DIRECTION('center_axis',(0.,1.,0.));
#4325=DIRECTION('ref_axis',(0.,0.,1.));
#4326=DIRECTION('center_axis',(0.,1.,0.));
#4327=DIRECTION('ref_axis',(1.,0.,0.));
#4328=DIRECTION('center_axis',(0.,0.,-1.));
#4329=DIRECTION('ref_axis',(0.,1.,0.));
#4330=DIRECTION('center_axis',(0.,0.,-1.));
#4331=DIRECTION('ref_axis',(-1.,0.,0.));
#4332=DIRECTION('center_axis',(0.,-1.,0.));
#4333=DIRECTION('ref_axis',(6.12323399573676E-17,0.,-1.));
#4334=DIRECTION('center_axis',(-6.66133814775094E-17,0.,1.));
#4335=DIRECTION('ref_axis',(-0.707106781186546,0.707106781186549,0.));
#4336=DIRECTION('center_axis',(0.,0.,-1.));
#4337=DIRECTION('ref_axis',(-1.,0.,0.));
#4338=DIRECTION('',(6.66133814775094E-17,0.,-1.));
#4339=DIRECTION('',(-6.66133814775094E-17,0.,1.));
#4340=DIRECTION('center_axis',(0.,0.,1.));
#4341=DIRECTION('ref_axis',(1.,0.,0.));
#4342=DIRECTION('center_axis',(0.,-1.,0.));
#4343=DIRECTION('ref_axis',(-6.12323399573677E-17,0.,1.));
#4344=DIRECTION('center_axis',(0.,1.,0.));
#4345=DIRECTION('ref_axis',(-6.12323399573677E-17,0.,1.));
#4346=DIRECTION('center_axis',(-7.7715611723761E-17,0.,-1.));
#4347=DIRECTION('ref_axis',(0.707106781186546,0.707106781186549,0.));
#4348=DIRECTION('',(7.7715611723761E-17,0.,1.));
#4349=DIRECTION('center_axis',(-1.,0.,-6.66133814775094E-17));
#4350=DIRECTION('ref_axis',(-6.66133814775094E-17,0.,1.));
#4351=DIRECTION('',(0.,1.,0.));
#4352=DIRECTION('center_axis',(0.,1.,0.));
#4353=DIRECTION('ref_axis',(0.,0.,1.));
#4354=DIRECTION('center_axis',(0.,1.,0.));
#4355=DIRECTION('ref_axis',(-1.,0.,0.));
#4356=DIRECTION('center_axis',(0.,1.,0.));
#4357=DIRECTION('ref_axis',(1.,0.,0.));
#4358=DIRECTION('',(0.,-1.,0.));
#4359=DIRECTION('center_axis',(0.,-1.,0.));
#4360=DIRECTION('ref_axis',(1.,0.,0.));
#4361=DIRECTION('center_axis',(0.,-1.,0.));
#4362=DIRECTION('ref_axis',(-1.,0.,2.089831575765E-16));
#4363=DIRECTION('',(-0.707106781186547,0.707106781186548,0.));
#4364=DIRECTION('center_axis',(0.,-1.,0.));
#4365=DIRECTION('ref_axis',(-1.,0.,2.089831575765E-16));
#4366=DIRECTION('',(-0.707106781186547,-0.707106781186547,0.));
#4367=DIRECTION('center_axis',(0.,1.,0.));
#4368=DIRECTION('ref_axis',(-1.,0.,2.089831575765E-16));
#4369=DIRECTION('center_axis',(0.707106781186548,0.707106781186548,0.));
#4370=DIRECTION('ref_axis',(0.,0.,-1.));
#4371=DIRECTION('',(-0.707106781186547,0.707106781186547,6.2803698347351E-16));
#4372=DIRECTION('',(0.,0.,1.));
#4373=DIRECTION('',(0.,0.,-1.));
#4374=DIRECTION('center_axis',(0.,-1.,0.));
#4375=DIRECTION('ref_axis',(1.,0.,-2.089831575765E-16));
#4376=DIRECTION('',(0.707106781186547,0.707106781186548,0.));
#4377=DIRECTION('center_axis',(0.,-1.,0.));
#4378=DIRECTION('ref_axis',(1.,0.,-2.089831575765E-16));
#4379=DIRECTION('center_axis',(0.,1.,0.));
#4380=DIRECTION('ref_axis',(1.,0.,-2.089831575765E-16));
#4381=DIRECTION('center_axis',(-0.707106781186548,0.707106781186547,8.97195690676443E-17));
#4382=DIRECTION('ref_axis',(1.26882631385732E-16,0.,1.));
#4383=DIRECTION('',(-1.26882631385732E-16,0.,-1.));
#4384=DIRECTION('',(1.26882631385732E-16,0.,1.));
#4385=DIRECTION('center_axis',(1.,0.,0.));
#4386=DIRECTION('ref_axis',(0.,0.,-1.));
#4387=DIRECTION('',(0.,1.,0.));
#4388=DIRECTION('',(0.,0.,-1.));
#4389=DIRECTION('',(0.,1.,0.));
#4390=DIRECTION('center_axis',(0.,1.,0.));
#4391=DIRECTION('ref_axis',(-1.,0.,2.089831575765E-16));
#4392=DIRECTION('',(0.,1.,0.));
#4393=DIRECTION('center_axis',(0.,1.,0.));
#4394=DIRECTION('ref_axis',(-1.,0.,2.089831575765E-16));
#4395=DIRECTION('center_axis',(0.,1.,0.));
#4396=DIRECTION('ref_axis',(0.,0.,1.));
#4397=DIRECTION('center_axis',(0.,-1.,0.));
#4398=DIRECTION('ref_axis',(1.,0.,0.));
#4399=DIRECTION('center_axis',(0.,1.,0.));
#4400=DIRECTION('ref_axis',(0.,0.,1.));
#4401=DIRECTION('center_axis',(0.,-1.,0.));
#4402=DIRECTION('ref_axis',(1.,0.,0.));
#4403=DIRECTION('center_axis',(0.,-1.,0.));
#4404=DIRECTION('ref_axis',(1.,0.,0.));
#4405=DIRECTION('',(0.,1.,0.));
#4406=DIRECTION('center_axis',(0.,1.,0.));
#4407=DIRECTION('ref_axis',(1.,0.,0.));
#4408=DIRECTION('center_axis',(0.,0.,1.));
#4409=DIRECTION('ref_axis',(1.,0.,0.));
#4410=DIRECTION('',(1.,0.,0.));
#4411=DIRECTION('',(0.,1.,0.));
#4412=DIRECTION('center_axis',(0.,1.,0.));
#4413=DIRECTION('ref_axis',(0.,0.,1.));
#4414=DIRECTION('center_axis',(0.,1.,0.));
#4415=DIRECTION('ref_axis',(1.,0.,0.));
#4416=DIRECTION('center_axis',(0.,1.,0.));
#4417=DIRECTION('ref_axis',(1.,0.,0.));
#4418=DIRECTION('center_axis',(0.,1.,0.));
#4419=DIRECTION('ref_axis',(-1.,0.,1.22464679914735E-16));
#4420=DIRECTION('center_axis',(0.,1.,0.));
#4421=DIRECTION('ref_axis',(0.,0.,1.));
#4422=DIRECTION('center_axis',(0.,-1.,0.));
#4423=DIRECTION('ref_axis',(1.,0.,0.));
#4424=DIRECTION('center_axis',(0.,-1.,0.));
#4425=DIRECTION('ref_axis',(1.,0.,0.));
#4426=DIRECTION('center_axis',(0.,-1.,0.));
#4427=DIRECTION('ref_axis',(1.,0.,0.));
#4428=DIRECTION('',(0.,1.,0.));
#4429=DIRECTION('center_axis',(0.,1.,0.));
#4430=DIRECTION('ref_axis',(1.,0.,0.));
#4431=DIRECTION('center_axis',(0.,1.,0.));
#4432=DIRECTION('ref_axis',(1.,0.,0.));
#4433=DIRECTION('',(0.,-1.,0.));
#4434=DIRECTION('center_axis',(0.,1.,0.));
#4435=DIRECTION('ref_axis',(0.,0.,1.));
#4436=DIRECTION('center_axis',(-1.,0.,1.26882631385732E-16));
#4437=DIRECTION('ref_axis',(1.26882631385732E-16,0.,1.));
#4438=DIRECTION('',(0.,1.,0.));
#4439=DIRECTION('',(1.26882631385732E-16,0.,1.));
#4440=DIRECTION('center_axis',(0.,1.,0.));
#4441=DIRECTION('ref_axis',(1.,0.,-2.089831575765E-16));
#4442=DIRECTION('center_axis',(0.,1.,0.));
#4443=DIRECTION('ref_axis',(1.,0.,-2.089831575765E-16));
#4444=DIRECTION('center_axis',(0.,1.,0.));
#4445=DIRECTION('ref_axis',(0.,0.,1.));
#4446=DIRECTION('axis',(0.,0.,1.));
#4447=DIRECTION('refdir',(1.,0.,0.));
#4448=DIRECTION('center_axis',(1.,0.,0.));
#4449=DIRECTION('ref_axis',(0.,0.,1.));
#4450=DIRECTION('center_axis',(1.,-7.50150692314294E-18,0.));
#4451=DIRECTION('ref_axis',(0.,0.,1.));
#4452=DIRECTION('',(1.,0.,0.));
#4453=DIRECTION('center_axis',(0.,-1.,0.));
#4454=DIRECTION('ref_axis',(1.,0.,0.));
#4455=DIRECTION('center_axis',(2.32964831396754E-16,-1.,0.));
#4456=DIRECTION('ref_axis',(1.,0.,0.));
#4457=DIRECTION('',(0.,-1.,0.));
#4458=DIRECTION('center_axis',(0.,-1.,0.));
#4459=DIRECTION('ref_axis',(1.,0.,0.));
#4460=DIRECTION('center_axis',(2.32964831396754E-16,-1.,0.));
#4461=DIRECTION('ref_axis',(1.,0.,0.));
#4462=DIRECTION('',(0.,-1.,0.));
#4463=DIRECTION('center_axis',(0.,-1.,0.));
#4464=DIRECTION('ref_axis',(1.,0.,0.));
#4465=DIRECTION('center_axis',(2.32964831396754E-16,-1.,0.));
#4466=DIRECTION('ref_axis',(1.,0.,0.));
#4467=DIRECTION('',(0.,-1.,0.));
#4468=DIRECTION('center_axis',(-1.,0.,0.));
#4469=DIRECTION('ref_axis',(0.,0.,-1.));
#4470=DIRECTION('center_axis',(-1.,0.,0.));
#4471=DIRECTION('ref_axis',(0.,0.,-1.));
#4472=DIRECTION('',(-1.,0.,0.));
#4473=DIRECTION('center_axis',(0.,1.,0.));
#4474=DIRECTION('ref_axis',(1.,0.,0.));
#4475=DIRECTION('center_axis',(-1.74723623547566E-16,1.,0.));
#4476=DIRECTION('ref_axis',(1.,0.,0.));
#4477=DIRECTION('',(0.,1.,0.));
#4478=DIRECTION('center_axis',(0.,1.,0.));
#4479=DIRECTION('ref_axis',(1.,0.,0.));
#4480=DIRECTION('center_axis',(-1.74723623547566E-16,1.,0.));
#4481=DIRECTION('ref_axis',(1.,0.,0.));
#4482=DIRECTION('',(0.,1.,0.));
#4483=DIRECTION('center_axis',(0.,1.,0.));
#4484=DIRECTION('ref_axis',(1.,0.,0.));
#4485=DIRECTION('center_axis',(-1.74723623547566E-16,1.,0.));
#4486=DIRECTION('ref_axis',(1.,0.,0.));
#4487=DIRECTION('',(0.,1.,0.));
#4488=DIRECTION('center_axis',(-1.,-2.66453525910037E-14,-2.95822839457879E-29));
#4489=DIRECTION('ref_axis',(0.,1.11022302462516E-15,-1.));
#4490=DIRECTION('center_axis',(0.,-1.,0.));
#4491=DIRECTION('ref_axis',(-1.,0.,0.));
#4492=DIRECTION('center_axis',(-1.,-1.74723623547566E-16,0.));
#4493=DIRECTION('ref_axis',(0.,-0.707106781186548,-0.707106781186547));
#4494=DIRECTION('center_axis',(-1.,0.,0.));
#4495=DIRECTION('ref_axis',(0.,0.,-1.));
#4496=DIRECTION('',(-1.,-1.74723623547566E-16,0.));
#4497=DIRECTION('',(1.,1.74723623547566E-16,0.));
#4498=DIRECTION('center_axis',(8.88178419700113E-15,-1.,0.));
#4499=DIRECTION('ref_axis',(0.,0.,-1.));
#4500=DIRECTION('center_axis',(0.,-1.,0.));
#4501=DIRECTION('ref_axis',(0.707106781186553,0.,-0.707106781186542));
#4502=DIRECTION('center_axis',(0.,-1.,0.));
#4503=DIRECTION('ref_axis',(0.,0.,-1.));
#4504=DIRECTION('',(0.,-1.,0.));
#4505=DIRECTION('',(0.,1.,0.));
#4506=DIRECTION('center_axis',(1.,3.55271367880045E-14,0.));
#4507=DIRECTION('ref_axis',(0.,0.,-1.));
#4508=DIRECTION('center_axis',(1.,2.32964831396754E-16,0.));
#4509=DIRECTION('ref_axis',(0.,0.707106781186553,-0.707106781186542));
#4510=DIRECTION('center_axis',(1.,-8.88178419700144E-15,0.));
#4511=DIRECTION('ref_axis',(0.,0.,-1.));
#4512=DIRECTION('',(1.,2.32964831396754E-16,0.));
#4513=DIRECTION('',(-1.,-2.32964831396754E-16,0.));
#4514=DIRECTION('center_axis',(8.88178419700125E-14,1.,-1.97215226305253E-28));
#4515=DIRECTION('ref_axis',(-2.22044604925031E-15,0.,-1.));
#4516=DIRECTION('center_axis',(7.50150692314294E-18,1.,0.));
#4517=DIRECTION('ref_axis',(-0.707106781186546,0.,-0.707106781186549));
#4518=DIRECTION('',(-7.50150692314294E-18,-1.,0.));
#4519=DIRECTION('',(7.50150692314294E-18,1.,0.));
#4520=DIRECTION('center_axis',(2.32964831396754E-16,-1.,0.));
#4521=DIRECTION('ref_axis',(-1.,-2.32964831396754E-16,0.));
#4522=DIRECTION('',(0.,0.,-1.));
#4523=DIRECTION('',(-1.,-2.32964831396754E-16,0.));
#4524=DIRECTION('',(0.,0.,1.));
#4525=DIRECTION('',(0.,0.,1.));
#4526=DIRECTION('center_axis',(1.,-7.50150692314294E-18,0.));
#4527=DIRECTION('ref_axis',(-7.50150692314294E-18,-1.,0.));
#4528=DIRECTION('',(0.,0.,-1.));
#4529=DIRECTION('',(-7.50150692314294E-18,-1.,0.));
#4530=DIRECTION('',(0.,0.,1.));
#4531=DIRECTION('center_axis',(0.,0.,1.));
#4532=DIRECTION('ref_axis',(1.,0.,0.));
#4533=DIRECTION('center_axis',(0.,0.,-1.));
#4534=DIRECTION('ref_axis',(1.,0.,0.));
#4535=DIRECTION('center_axis',(0.,0.,-1.));
#4536=DIRECTION('ref_axis',(1.,0.,0.));
#4537=DIRECTION('center_axis',(0.,0.,-1.));
#4538=DIRECTION('ref_axis',(1.,0.,0.));
#4539=DIRECTION('center_axis',(1.,3.5527136788005E-14,-3.94430452610506E-29));
#4540=DIRECTION('ref_axis',(0.,1.11022302462516E-15,1.));
#4541=DIRECTION('center_axis',(4.44089209850041E-14,-1.,0.));
#4542=DIRECTION('ref_axis',(1.,4.44089209850041E-14,0.));
#4543=DIRECTION('center_axis',(1.,1.74723623547566E-16,0.));
#4544=DIRECTION('ref_axis',(0.,-0.707106781186548,0.707106781186548));
#4545=DIRECTION('center_axis',(1.,0.,0.));
#4546=DIRECTION('ref_axis',(0.,0.,1.));
#4547=DIRECTION('',(1.,1.74723623547566E-16,0.));
#4548=DIRECTION('',(-1.,-1.74723623547566E-16,0.));
#4549=DIRECTION('center_axis',(8.88178419700125E-15,-1.,9.86076131526264E-30));
#4550=DIRECTION('ref_axis',(-1.11022302462516E-15,0.,1.));
#4551=DIRECTION('center_axis',(-7.50150692314294E-18,-1.,0.));
#4552=DIRECTION('ref_axis',(-0.707106781186546,0.,0.707106781186549));
#4553=DIRECTION('center_axis',(0.,-1.,0.));
#4554=DIRECTION('ref_axis',(0.,0.,1.));
#4555=DIRECTION('',(7.50150692314294E-18,1.,0.));
#4556=DIRECTION('center_axis',(-1.,0.,0.));
#4557=DIRECTION('ref_axis',(0.,0.,1.));
#4558=DIRECTION('center_axis',(-1.,-2.32964831396754E-16,0.));
#4559=DIRECTION('ref_axis',(0.,0.707106781186552,0.707106781186543));
#4560=DIRECTION('center_axis',(-1.,0.,0.));
#4561=DIRECTION('ref_axis',(0.,0.,1.));
#4562=DIRECTION('',(1.,2.32964831396754E-16,0.));
#4563=DIRECTION('center_axis',(0.,1.,0.));
#4564=DIRECTION('ref_axis',(0.,0.,1.));
#4565=DIRECTION('center_axis',(0.,1.,0.));
#4566=DIRECTION('ref_axis',(0.707106781186552,0.,0.707106781186543));
#4567=DIRECTION('',(0.,-1.,0.));
#4568=DIRECTION('',(0.,1.,0.));
#4569=DIRECTION('',(0.,0.,-1.));
#4570=DIRECTION('center_axis',(-1.,0.,0.));
#4571=DIRECTION('ref_axis',(0.,1.,0.));
#4572=DIRECTION('',(0.,0.,1.));
#4573=DIRECTION('',(0.,0.,-1.));
#4574=DIRECTION('center_axis',(0.,0.,1.));
#4575=DIRECTION('ref_axis',(1.,0.,0.));
#4576=DIRECTION('center_axis',(0.,0.,1.));
#4577=DIRECTION('ref_axis',(-1.,0.,0.));
#4578=DIRECTION('center_axis',(0.,0.,1.));
#4579=DIRECTION('ref_axis',(-1.,0.,0.));
#4580=DIRECTION('center_axis',(0.,0.,-1.));
#4581=DIRECTION('ref_axis',(1.,0.,0.));
#4582=DIRECTION('center_axis',(0.,0.,-1.));
#4583=DIRECTION('ref_axis',(1.,0.,0.));
#4584=DIRECTION('center_axis',(0.,0.,-1.));
#4585=DIRECTION('ref_axis',(1.,0.,0.));
#4586=DIRECTION('center_axis',(0.,0.,-1.));
#4587=DIRECTION('ref_axis',(1.,0.,0.));
#4588=DIRECTION('center_axis',(0.,0.,-1.));
#4589=DIRECTION('ref_axis',(1.,0.,0.));
#4590=DIRECTION('center_axis',(0.,0.,-1.));
#4591=DIRECTION('ref_axis',(1.,0.,0.));
#4592=DIRECTION('center_axis',(0.,0.,-1.));
#4593=DIRECTION('ref_axis',(1.,0.,0.));
#4594=DIRECTION('center_axis',(0.,0.,-1.));
#4595=DIRECTION('ref_axis',(1.,0.,0.));
#4596=DIRECTION('center_axis',(0.,0.,1.));
#4597=DIRECTION('ref_axis',(-1.,0.,0.));
#4598=DIRECTION('center_axis',(0.,0.,1.));
#4599=DIRECTION('ref_axis',(-1.,0.,0.));
#4600=DIRECTION('',(-0.707106781186549,-8.65956056235496E-17,-0.707106781186546));
#4601=DIRECTION('center_axis',(0.,0.,-1.));
#4602=DIRECTION('ref_axis',(-1.,0.,0.));
#4603=DIRECTION('center_axis',(0.,0.,-1.));
#4604=DIRECTION('ref_axis',(-1.,0.,0.));
#4605=DIRECTION('center_axis',(0.,0.,-1.));
#4606=DIRECTION('ref_axis',(1.,0.,0.));
#4607=DIRECTION('',(0.,0.,-1.));
#4608=DIRECTION('center_axis',(0.,0.,1.));
#4609=DIRECTION('ref_axis',(1.,0.,0.));
#4610=DIRECTION('center_axis',(0.,0.,1.));
#4611=DIRECTION('ref_axis',(-1.,0.,0.));
#4612=DIRECTION('',(-0.707106781186547,-8.65956056235493E-17,-0.707106781186548));
#4613=DIRECTION('center_axis',(0.,0.,-1.));
#4614=DIRECTION('ref_axis',(-1.,0.,0.));
#4615=DIRECTION('center_axis',(0.,0.,-1.));
#4616=DIRECTION('ref_axis',(-1.,0.,0.));
#4617=DIRECTION('center_axis',(0.,0.,-1.));
#4618=DIRECTION('ref_axis',(1.,0.,0.));
#4619=DIRECTION('',(0.,0.,-1.));
#4620=DIRECTION('center_axis',(0.,0.,1.));
#4621=DIRECTION('ref_axis',(1.,0.,0.));
#4622=DIRECTION('center_axis',(0.,0.,-1.));
#4623=DIRECTION('ref_axis',(1.,0.,0.));
#4624=DIRECTION('',(0.707106781186549,-8.65956056235495E-17,0.707106781186546));
#4625=DIRECTION('center_axis',(0.,0.,-1.));
#4626=DIRECTION('ref_axis',(1.,0.,0.));
#4627=DIRECTION('',(0.707106781186549,-8.65956056235495E-17,0.707106781186546));
#4628=DIRECTION('center_axis',(0.,0.,-1.));
#4629=DIRECTION('ref_axis',(1.,0.,0.));
#4630=DIRECTION('',(0.707106781186547,-8.65956056235493E-17,0.707106781186548));
#4631=DIRECTION('center_axis',(0.,0.,1.));
#4632=DIRECTION('ref_axis',(1.,0.,0.));
#4633=DIRECTION('center_axis',(0.,0.,-1.));
#4634=DIRECTION('ref_axis',(1.,0.,0.));
#4635=DIRECTION('center_axis',(0.,0.,-1.));
#4636=DIRECTION('ref_axis',(-1.,0.,0.));
#4637=DIRECTION('center_axis',(0.,0.,-1.));
#4638=DIRECTION('ref_axis',(-1.,0.,0.));
#4639=DIRECTION('',(0.,0.,-1.));
#4640=DIRECTION('center_axis',(0.,0.,1.));
#4641=DIRECTION('ref_axis',(-1.,0.,0.));
#4642=DIRECTION('',(-0.707106781186547,-8.65956056235493E-17,-0.707106781186548));
#4643=DIRECTION('center_axis',(-1.74723623547566E-16,1.,0.));
#4644=DIRECTION('ref_axis',(1.,1.74723623547566E-16,0.));
#4645=DIRECTION('center_axis',(0.,0.,-1.));
#4646=DIRECTION('ref_axis',(1.,0.,0.));
#4647=DIRECTION('',(0.,0.,-1.));
#4648=DIRECTION('center_axis',(0.,0.,-1.));
#4649=DIRECTION('ref_axis',(1.,0.,0.));
#4650=DIRECTION('center_axis',(0.,0.,1.));
#4651=DIRECTION('ref_axis',(1.,0.,0.));
#4652=DIRECTION('center_axis',(0.,0.,-1.));
#4653=DIRECTION('ref_axis',(1.,0.,0.));
#4654=DIRECTION('',(0.,0.,-1.));
#4655=DIRECTION('center_axis',(0.,0.,-1.));
#4656=DIRECTION('ref_axis',(1.,0.,0.));
#4657=DIRECTION('center_axis',(0.,0.,1.));
#4658=DIRECTION('ref_axis',(1.,0.,0.));
#4659=DIRECTION('center_axis',(0.,0.,-1.));
#4660=DIRECTION('ref_axis',(1.,0.,0.));
#4661=DIRECTION('',(0.,0.,-1.));
#4662=DIRECTION('center_axis',(0.,0.,-1.));
#4663=DIRECTION('ref_axis',(1.,0.,0.));
#4664=DIRECTION('center_axis',(0.,0.,1.));
#4665=DIRECTION('ref_axis',(1.,0.,0.));
#4666=DIRECTION('center_axis',(0.,0.,-1.));
#4667=DIRECTION('ref_axis',(1.,0.,0.));
#4668=DIRECTION('',(0.,0.,-1.));
#4669=DIRECTION('center_axis',(0.,0.,-1.));
#4670=DIRECTION('ref_axis',(1.,0.,0.));
#4671=DIRECTION('center_axis',(0.,0.,1.));
#4672=DIRECTION('ref_axis',(1.,0.,0.));
#4673=DIRECTION('center_axis',(0.,0.,-1.));
#4674=DIRECTION('ref_axis',(1.,0.,0.));
#4675=DIRECTION('',(0.,0.,-1.));
#4676=DIRECTION('',(0.,0.,-1.));
#4677=DIRECTION('center_axis',(0.,0.,-1.));
#4678=DIRECTION('ref_axis',(1.,0.,0.));
#4679=DIRECTION('center_axis',(0.,0.,1.));
#4680=DIRECTION('ref_axis',(1.,0.,0.));
#4681=DIRECTION('center_axis',(0.,0.,-1.));
#4682=DIRECTION('ref_axis',(1.,0.,0.));
#4683=DIRECTION('',(0.,0.,-1.));
#4684=DIRECTION('center_axis',(0.,0.,-1.));
#4685=DIRECTION('ref_axis',(1.,0.,0.));
#4686=DIRECTION('center_axis',(0.,0.,1.));
#4687=DIRECTION('ref_axis',(1.,0.,0.));
#4688=DIRECTION('center_axis',(0.,0.,-1.));
#4689=DIRECTION('ref_axis',(1.,0.,0.));
#4690=DIRECTION('',(0.,0.,-1.));
#4691=DIRECTION('center_axis',(0.,0.,-1.));
#4692=DIRECTION('ref_axis',(1.,0.,0.));
#4693=DIRECTION('center_axis',(0.,0.,1.));
#4694=DIRECTION('ref_axis',(1.,0.,0.));
#4695=DIRECTION('center_axis',(0.,0.,-1.));
#4696=DIRECTION('ref_axis',(1.,0.,0.));
#4697=DIRECTION('',(0.,0.,-1.));
#4698=DIRECTION('center_axis',(0.,0.,-1.));
#4699=DIRECTION('ref_axis',(1.,0.,0.));
#4700=DIRECTION('center_axis',(0.,0.,1.));
#4701=DIRECTION('ref_axis',(1.,0.,0.));
#4702=DIRECTION('axis',(0.,0.,1.));
#4703=DIRECTION('refdir',(1.,0.,0.));
#4704=DIRECTION('axis',(0.,0.,1.));
#4705=DIRECTION('refdir',(1.,0.,0.));
#4706=DIRECTION('center_axis',(0.,0.,1.));
#4707=DIRECTION('ref_axis',(1.,0.,0.));
#4708=DIRECTION('center_axis',(1.,0.,0.));
#4709=DIRECTION('ref_axis',(0.,-1.,0.));
#4710=DIRECTION('center_axis',(0.,0.,1.));
#4711=DIRECTION('ref_axis',(0.707106781186548,-0.707106781186547,0.));
#4712=DIRECTION('center_axis',(0.,-1.,0.));
#4713=DIRECTION('ref_axis',(0.,0.,-1.));
#4714=DIRECTION('center_axis',(0.,0.,-1.));
#4715=DIRECTION('ref_axis',(0.707106781186548,-0.707106781186547,0.));
#4716=DIRECTION('center_axis',(0.,1.,0.));
#4717=DIRECTION('ref_axis',(0.707106781186553,0.,-0.707106781186543));
#4718=DIRECTION('center_axis',(0.,-1.,0.));
#4719=DIRECTION('ref_axis',(0.,0.,-1.));
#4720=DIRECTION('',(0.,-1.,0.));
#4721=DIRECTION('',(0.,1.,0.));
#4722=DIRECTION('center_axis',(0.,0.,1.));
#4723=DIRECTION('ref_axis',(1.,0.,0.));
#4724=DIRECTION('center_axis',(1.,0.,0.));
#4725=DIRECTION('ref_axis',(0.,0.,-1.));
#4726=DIRECTION('center_axis',(0.,0.,-1.));
#4727=DIRECTION('ref_axis',(0.707106781186548,0.707106781186547,0.));
#4728=DIRECTION('center_axis',(0.,0.,1.));
#4729=DIRECTION('ref_axis',(0.707106781186548,0.707106781186547,0.));
#4730=DIRECTION('center_axis',(-1.,-2.29949105423981E-16,0.));
#4731=DIRECTION('ref_axis',(0.,0.707106781186553,-0.707106781186543));
#4732=DIRECTION('center_axis',(1.,-2.22044604925028E-15,0.));
#4733=DIRECTION('ref_axis',(0.,0.,-1.));
#4734=DIRECTION('',(1.,2.29949105423981E-16,0.));
#4735=DIRECTION('',(-1.,-2.29949105423981E-16,0.));
#4736=DIRECTION('center_axis',(0.,0.,1.));
#4737=DIRECTION('ref_axis',(1.,0.,0.));
#4738=DIRECTION('center_axis',(0.,1.,0.));
#4739=DIRECTION('ref_axis',(0.,0.,-1.));
#4740=DIRECTION('center_axis',(0.,0.,-1.));
#4741=DIRECTION('ref_axis',(-0.707106781186548,0.707106781186547,0.));
#4742=DIRECTION('center_axis',(0.,0.,1.));
#4743=DIRECTION('ref_axis',(-0.707106781186548,0.707106781186547,0.));
#4744=DIRECTION('center_axis',(2.96394441399925E-16,-1.,0.));
#4745=DIRECTION('ref_axis',(-0.707106781186547,0.,-0.707106781186548));
#4746=DIRECTION('center_axis',(0.,1.,0.));
#4747=DIRECTION('ref_axis',(0.,0.,-1.));
#4748=DIRECTION('',(-2.96394441399925E-16,1.,0.));
#4749=DIRECTION('',(2.96394441399925E-16,-1.,0.));
#4750=DIRECTION('center_axis',(0.,0.,1.));
#4751=DIRECTION('ref_axis',(1.,0.,0.));
#4752=DIRECTION('center_axis',(-1.,0.,0.));
#4753=DIRECTION('ref_axis',(0.,0.,-1.));
#4754=DIRECTION('center_axis',(0.,0.,-1.));
#4755=DIRECTION('ref_axis',(-0.707106781186547,-0.707106781186548,0.));
#4756=DIRECTION('center_axis',(0.,0.,1.));
#4757=DIRECTION('ref_axis',(-0.707106781186547,-0.707106781186548,0.));
#4758=DIRECTION('center_axis',(1.,9.10971254272329E-19,0.));
#4759=DIRECTION('ref_axis',(0.,-0.707106781186546,-0.707106781186549));
#4760=DIRECTION('',(-1.,-9.10971254272329E-19,0.));
#4761=DIRECTION('',(1.,9.10971254272329E-19,0.));
#4762=DIRECTION('center_axis',(-1.,-2.96394441399925E-16,0.));
#4763=DIRECTION('ref_axis',(2.96394441399925E-16,-1.,0.));
#4764=DIRECTION('',(0.,0.,1.));
#4765=DIRECTION('',(2.96394441399925E-16,-1.,0.));
#4766=DIRECTION('',(0.,0.,1.));
#4767=DIRECTION('center_axis',(0.,0.,1.));
#4768=DIRECTION('ref_axis',(-1.,-2.77555756156289E-16,0.));
#4769=DIRECTION('',(0.,0.,1.));
#4770=DIRECTION('center_axis',(0.,0.,1.));
#4771=DIRECTION('ref_axis',(-0.707106781186547,-0.707106781186548,0.));
#4772=DIRECTION('center_axis',(9.10971254272329E-19,-1.,0.));
#4773=DIRECTION('ref_axis',(1.,9.10971254272329E-19,0.));
#4774=DIRECTION('',(0.,0.,1.));
#4775=DIRECTION('',(1.,9.10971254272329E-19,0.));
#4776=DIRECTION('center_axis',(0.,0.,1.));
#4777=DIRECTION('ref_axis',(0.,-1.,0.));
#4778=DIRECTION('',(0.,0.,1.));
#4779=DIRECTION('center_axis',(0.,0.,1.));
#4780=DIRECTION('ref_axis',(0.707106781186548,-0.707106781186547,0.));
#4781=DIRECTION('center_axis',(0.,0.,1.));
#4782=DIRECTION('ref_axis',(1.,0.,0.));
#4783=DIRECTION('',(-7.105427357601E-16,1.,0.));
#4784=DIRECTION('center_axis',(0.,0.,1.));
#4785=DIRECTION('ref_axis',(1.,0.,0.));
#4786=DIRECTION('',(7.105427357601E-16,-1.,0.));
#4787=DIRECTION('center_axis',(0.,0.,1.));
#4788=DIRECTION('ref_axis',(-1.,0.,0.));
#4789=DIRECTION('center_axis',(0.,0.,1.));
#4790=DIRECTION('ref_axis',(1.,0.,0.));
#4791=DIRECTION('',(0.,1.,0.));
#4792=DIRECTION('center_axis',(0.,0.,1.));
#4793=DIRECTION('ref_axis',(1.,0.,0.));
#4794=DIRECTION('',(0.,-1.,0.));
#4795=DIRECTION('center_axis',(0.,0.,1.));
#4796=DIRECTION('ref_axis',(-1.,0.,0.));
#4797=DIRECTION('center_axis',(0.,0.,1.));
#4798=DIRECTION('ref_axis',(1.,0.,0.));
#4799=DIRECTION('center_axis',(1.,0.,0.));
#4800=DIRECTION('ref_axis',(0.,0.,1.));
#4801=DIRECTION('center_axis',(0.,-1.,0.));
#4802=DIRECTION('ref_axis',(1.,0.,0.));
#4803=DIRECTION('center_axis',(0.,0.,-1.));
#4804=DIRECTION('ref_axis',(0.707106781186548,-0.707106781186547,0.));
#4805=DIRECTION('center_axis',(0.,1.,0.));
#4806=DIRECTION('ref_axis',(0.707106781186552,0.,0.707106781186543));
#4807=DIRECTION('center_axis',(0.,-1.,0.));
#4808=DIRECTION('ref_axis',(1.,0.,0.));
#4809=DIRECTION('',(0.,-1.,0.));
#4810=DIRECTION('',(0.,1.,0.));
#4811=DIRECTION('center_axis',(0.,0.,1.));
#4812=DIRECTION('ref_axis',(1.,0.,0.));
#4813=DIRECTION('center_axis',(1.,0.,0.));
#4814=DIRECTION('ref_axis',(0.,1.,0.));
#4815=DIRECTION('center_axis',(0.,0.,-1.));
#4816=DIRECTION('ref_axis',(0.707106781186548,0.707106781186547,0.));
#4817=DIRECTION('center_axis',(0.,0.,1.));
#4818=DIRECTION('ref_axis',(0.707106781186548,0.707106781186547,0.));
#4819=DIRECTION('center_axis',(-1.,-2.29949105423981E-16,0.));
#4820=DIRECTION('ref_axis',(0.,0.707106781186552,0.707106781186543));
#4821=DIRECTION('center_axis',(1.,-2.22044604925028E-15,0.));
#4822=DIRECTION('ref_axis',(2.22044604925028E-15,1.,0.));
#4823=DIRECTION('',(1.,2.29949105423981E-16,0.));
#4824=DIRECTION('',(-1.,-2.29949105423981E-16,0.));
#4825=DIRECTION('center_axis',(0.,0.,1.));
#4826=DIRECTION('ref_axis',(1.,0.,0.));
#4827=DIRECTION('center_axis',(0.,1.,0.));
#4828=DIRECTION('ref_axis',(-1.,0.,0.));
#4829=DIRECTION('center_axis',(0.,0.,-1.));
#4830=DIRECTION('ref_axis',(-0.707106781186548,0.707106781186547,0.));
#4831=DIRECTION('center_axis',(0.,0.,1.));
#4832=DIRECTION('ref_axis',(-0.707106781186548,0.707106781186547,0.));
#4833=DIRECTION('center_axis',(2.96394441399925E-16,-1.,0.));
#4834=DIRECTION('ref_axis',(-0.707106781186546,0.,0.707106781186549));
#4835=DIRECTION('center_axis',(0.,1.,0.));
#4836=DIRECTION('ref_axis',(-1.,0.,0.));
#4837=DIRECTION('',(-2.96394441399925E-16,1.,0.));
#4838=DIRECTION('center_axis',(0.,0.,1.));
#4839=DIRECTION('ref_axis',(1.,0.,0.));
#4840=DIRECTION('center_axis',(-1.,0.,0.));
#4841=DIRECTION('ref_axis',(0.,-1.,0.));
#4842=DIRECTION('center_axis',(0.,0.,-1.));
#4843=DIRECTION('ref_axis',(-0.707106781186547,-0.707106781186548,0.));
#4844=DIRECTION('center_axis',(1.,9.10971254272329E-19,0.));
#4845=DIRECTION('ref_axis',(0.,-0.707106781186548,0.707106781186547));
#4846=DIRECTION('',(-1.,-9.10971254272329E-19,0.));
#4847=DIRECTION('center_axis',(-2.29949105423981E-16,1.,0.));
#4848=DIRECTION('ref_axis',(-1.,-2.29949105423981E-16,0.));
#4849=DIRECTION('',(0.,0.,1.));
#4850=DIRECTION('',(0.,0.,1.));
#4851=DIRECTION('center_axis',(0.,0.,1.));
#4852=DIRECTION('ref_axis',(1.,0.,0.));
#4853=DIRECTION('',(0.,0.,1.));
#4854=DIRECTION('center_axis',(1.,0.,0.));
#4855=DIRECTION('ref_axis',(0.,1.,0.));
#4856=DIRECTION('center_axis',(0.,0.,1.));
#4857=DIRECTION('ref_axis',(1.,0.,0.));
#4858=DIRECTION('',(7.105427357601E-16,-1.,0.));
#4859=DIRECTION('center_axis',(0.,0.,-1.));
#4860=DIRECTION('ref_axis',(-1.,0.,0.));
#4861=DIRECTION('',(-7.105427357601E-16,1.,0.));
#4862=DIRECTION('center_axis',(0.,0.,-1.));
#4863=DIRECTION('ref_axis',(1.,0.,0.));
#4864=DIRECTION('center_axis',(0.,0.,-1.));
#4865=DIRECTION('ref_axis',(1.,0.,0.));
#4866=DIRECTION('',(0.,-1.,0.));
#4867=DIRECTION('center_axis',(0.,0.,-1.));
#4868=DIRECTION('ref_axis',(-1.,0.,0.));
#4869=DIRECTION('',(0.,1.,0.));
#4870=DIRECTION('center_axis',(0.,0.,-1.));
#4871=DIRECTION('ref_axis',(1.,0.,0.));
#4872=DIRECTION('center_axis',(-1.,0.,0.));
#4873=DIRECTION('ref_axis',(0.,1.,0.));
#4874=DIRECTION('',(0.,0.,-1.));
#4875=DIRECTION('',(0.,0.,-1.));
#4876=DIRECTION('center_axis',(0.,0.,-1.));
#4877=DIRECTION('ref_axis',(-1.,0.,0.));
#4878=DIRECTION('',(0.,0.,-1.));
#4879=DIRECTION('center_axis',(1.,0.,0.));
#4880=DIRECTION('ref_axis',(0.,-1.,0.));
#4881=DIRECTION('',(0.,0.,-1.));
#4882=DIRECTION('center_axis',(0.,0.,-1.));
#4883=DIRECTION('ref_axis',(1.,0.,0.));
#4884=DIRECTION('center_axis',(0.,0.,-1.));
#4885=DIRECTION('ref_axis',(1.,0.,0.));
#4886=DIRECTION('',(0.,0.,-1.));
#4887=DIRECTION('center_axis',(-1.,-7.105427357601E-16,0.));
#4888=DIRECTION('ref_axis',(-7.105427357601E-16,1.,0.));
#4889=DIRECTION('',(0.,0.,-1.));
#4890=DIRECTION('',(0.,0.,-1.));
#4891=DIRECTION('center_axis',(0.,0.,-1.));
#4892=DIRECTION('ref_axis',(-1.,0.,0.));
#4893=DIRECTION('',(0.,0.,-1.));
#4894=DIRECTION('center_axis',(1.,7.105427357601E-16,0.));
#4895=DIRECTION('ref_axis',(7.105427357601E-16,-1.,0.));
#4896=DIRECTION('',(0.,0.,-1.));
#4897=DIRECTION('center_axis',(0.,0.,-1.));
#4898=DIRECTION('ref_axis',(1.,0.,0.));
#4899=DIRECTION('center_axis',(0.,0.,1.));
#4900=DIRECTION('ref_axis',(-1.38777878078145E-16,1.,0.));
#4901=DIRECTION('axis',(0.,0.,1.));
#4902=DIRECTION('refdir',(1.,0.,0.));
#4903=DIRECTION('center_axis',(0.,0.,1.));
#4904=DIRECTION('ref_axis',(-1.,0.,0.));
#4905=DIRECTION('center_axis',(0.,0.,1.));
#4906=DIRECTION('ref_axis',(-1.,0.,0.));
#4907=DIRECTION('',(0.,0.,1.));
#4908=DIRECTION('center_axis',(0.,0.,1.));
#4909=DIRECTION('ref_axis',(-1.,0.,0.));
#4910=DIRECTION('center_axis',(0.,0.,-1.));
#4911=DIRECTION('ref_axis',(-1.,0.,0.));
#4912=DIRECTION('center_axis',(0.,0.,1.));
#4913=DIRECTION('ref_axis',(-1.,0.,0.));
#4914=DIRECTION('center_axis',(0.,0.,1.));
#4915=DIRECTION('ref_axis',(-1.,0.,0.));
#4916=DIRECTION('',(0.,0.,1.));
#4917=DIRECTION('center_axis',(0.,0.,1.));
#4918=DIRECTION('ref_axis',(-1.,0.,0.));
#4919=DIRECTION('center_axis',(0.,0.,-1.));
#4920=DIRECTION('ref_axis',(-1.,0.,0.));
#4921=DIRECTION('center_axis',(-0.5,0.,-0.866025403784439));
#4922=DIRECTION('ref_axis',(0.866025403784439,0.,-0.5));
#4923=DIRECTION('center_axis',(-0.500000000000001,0.,-0.866025403784438));
#4924=DIRECTION('ref_axis',(0.866025403784439,0.,-0.5));
#4925=DIRECTION('',(-0.5,0.,-0.866025403784439));
#4926=DIRECTION('center_axis',(-0.500000000000001,0.,-0.866025403784438));
#4927=DIRECTION('ref_axis',(0.866025403784438,0.,-0.500000000000001));
#4928=DIRECTION('center_axis',(0.500000000000001,0.,0.866025403784438));
#4929=DIRECTION('ref_axis',(0.866025403784438,0.,-0.500000000000001));
#4930=DIRECTION('center_axis',(-0.5,0.,-0.866025403784439));
#4931=DIRECTION('ref_axis',(0.866025403784439,0.,-0.5));
#4932=DIRECTION('center_axis',(-0.500000000000001,0.,-0.866025403784438));
#4933=DIRECTION('ref_axis',(0.866025403784439,0.,-0.5));
#4934=DIRECTION('',(-0.5,0.,-0.866025403784439));
#4935=DIRECTION('center_axis',(-0.500000000000001,0.,-0.866025403784438));
#4936=DIRECTION('ref_axis',(0.866025403784438,0.,-0.500000000000001));
#4937=DIRECTION('center_axis',(0.500000000000001,0.,0.866025403784438));
#4938=DIRECTION('ref_axis',(0.866025403784438,0.,-0.500000000000001));
#4939=DIRECTION('center_axis',(0.,1.,0.));
#4940=DIRECTION('ref_axis',(0.,0.,1.));
#4941=DIRECTION('',(0.866025403784438,0.,-0.500000000000001));
#4942=DIRECTION('center_axis',(0.,1.,0.));
#4943=DIRECTION('ref_axis',(-1.,0.,0.));
#4944=DIRECTION('center_axis',(0.,1.,0.));
#4945=DIRECTION('ref_axis',(0.,0.,1.));
#4946=DIRECTION('',(-0.866025403784438,0.,0.500000000000001));
#4947=DIRECTION('center_axis',(0.,-1.,0.));
#4948=DIRECTION('ref_axis',(-1.,0.,0.));
#4949=DIRECTION('center_axis',(0.,1.,0.));
#4950=DIRECTION('ref_axis',(-1.,0.,0.));
#4951=DIRECTION('',(0.,1.,0.));
#4952=DIRECTION('',(0.,-1.,0.));
#4953=DIRECTION('center_axis',(0.,1.,0.));
#4954=DIRECTION('ref_axis',(0.,0.,1.));
#4955=DIRECTION('',(1.,0.,0.));
#4956=DIRECTION('center_axis',(0.,-1.,0.));
#4957=DIRECTION('ref_axis',(-1.,0.,0.));
#4958=DIRECTION('center_axis',(0.,1.,0.));
#4959=DIRECTION('ref_axis',(-1.,0.,0.));
#4960=DIRECTION('',(0.,1.,0.));
#4961=DIRECTION('',(0.,-1.,0.));
#4962=DIRECTION('center_axis',(0.,1.,0.));
#4963=DIRECTION('ref_axis',(-1.,0.,0.));
#4964=DIRECTION('center_axis',(0.,1.,0.));
#4965=DIRECTION('ref_axis',(0.,0.,1.));
#4966=DIRECTION('',(-1.,0.,0.));
#4967=DIRECTION('center_axis',(0.866025403784439,0.,-0.499999999999999));
#4968=DIRECTION('ref_axis',(0.499999999999999,0.,0.866025403784439));
#4969=DIRECTION('',(0.,1.,0.));
#4970=DIRECTION('',(-0.499999999999999,0.,-0.866025403784439));
#4971=DIRECTION('',(0.,-1.,0.));
#4972=DIRECTION('',(0.499999999999999,0.,0.866025403784439));
#4973=DIRECTION('center_axis',(-1.,0.,1.8808484181885E-16));
#4974=DIRECTION('ref_axis',(1.8808484181885E-16,0.,1.));
#4975=DIRECTION('',(1.8808484181885E-16,0.,1.));
#4976=DIRECTION('',(0.,1.,0.));
#4977=DIRECTION('',(1.8808484181885E-16,0.,1.));
#4978=DIRECTION('center_axis',(0.,1.,0.));
#4979=DIRECTION('ref_axis',(0.,0.,1.));
#4980=DIRECTION('',(0.866025403784438,0.,-0.500000000000001));
#4981=DIRECTION('',(-3.03025578485925E-16,0.,-1.));
#4982=DIRECTION('',(-1.,0.,0.));
#4983=DIRECTION('center_axis',(-0.500000000000001,0.,-0.866025403784438));
#4984=DIRECTION('ref_axis',(0.866025403784438,0.,-0.500000000000001));
#4985=DIRECTION('',(-0.866025403784438,0.,0.500000000000001));
#4986=DIRECTION('',(0.,-1.,0.));
#4987=DIRECTION('center_axis',(0.,1.,0.));
#4988=DIRECTION('ref_axis',(0.,0.,1.));
#4989=DIRECTION('',(-1.,0.,0.));
#4990=DIRECTION('',(-3.03025578485925E-16,0.,-1.));
#4991=DIRECTION('center_axis',(0.,0.,-1.));
#4992=DIRECTION('ref_axis',(-1.,0.,0.));
#4993=DIRECTION('',(0.,1.,0.));
#4994=DIRECTION('center_axis',(1.,0.,-3.03025578485925E-16));
#4995=DIRECTION('ref_axis',(-3.03025578485925E-16,0.,-1.));
#4996=DIRECTION('axis',(0.,0.,1.));
#4997=DIRECTION('refdir',(1.,0.,0.));
#4998=DIRECTION('center_axis',(0.,0.,-1.));
#4999=DIRECTION('ref_axis',(1.,0.,0.));
#5000=DIRECTION('center_axis',(0.,0.,-1.));
#5001=DIRECTION('ref_axis',(1.,0.,0.));
#5002=DIRECTION('',(0.707106781186547,-8.65956056235493E-17,0.707106781186548));
#5003=DIRECTION('center_axis',(0.,0.,1.));
#5004=DIRECTION('ref_axis',(1.,0.,0.));
#5005=DIRECTION('center_axis',(0.,0.,1.));
#5006=DIRECTION('ref_axis',(1.,0.,0.));
#5007=DIRECTION('',(-1.,-1.16482415698377E-16,0.));
#5008=DIRECTION('center_axis',(0.,0.,1.));
#5009=DIRECTION('ref_axis',(1.,0.,0.));
#5010=DIRECTION('',(0.,1.,0.));
#5011=DIRECTION('center_axis',(0.,0.,1.));
#5012=DIRECTION('ref_axis',(0.,-1.,0.));
#5013=DIRECTION('',(1.,0.,0.));
#5014=DIRECTION('center_axis',(0.,0.,1.));
#5015=DIRECTION('ref_axis',(-1.22464679914735E-16,1.,0.));
#5016=DIRECTION('center_axis',(0.,0.,-1.));
#5017=DIRECTION('ref_axis',(1.,0.,0.));
#5018=DIRECTION('center_axis',(0.,0.,1.));
#5019=DIRECTION('ref_axis',(-1.,8.88178419700125E-16,0.));
#5020=DIRECTION('',(-1.4210854715202E-15,-1.,0.));
#5021=DIRECTION('center_axis',(0.,0.,1.));
#5022=DIRECTION('ref_axis',(1.,-8.88178419700128E-16,0.));
#5023=DIRECTION('',(0.,1.,0.));
#5024=DIRECTION('center_axis',(0.,0.,1.));
#5025=DIRECTION('ref_axis',(-1.,0.,0.));
#5026=DIRECTION('center_axis',(0.,0.,-1.));
#5027=DIRECTION('ref_axis',(1.,0.,0.));
#5028=DIRECTION('center_axis',(0.,0.,-1.));
#5029=DIRECTION('ref_axis',(1.,0.,0.));
#5030=DIRECTION('',(0.,0.,-1.));
#5031=DIRECTION('center_axis',(0.,0.,-1.));
#5032=DIRECTION('ref_axis',(1.,0.,0.));
#5033=DIRECTION('',(0.707106781186549,-8.65956056235495E-17,0.707106781186546));
#5034=DIRECTION('center_axis',(0.,0.,1.));
#5035=DIRECTION('ref_axis',(1.,0.,0.));
#5036=DIRECTION('center_axis',(0.,0.,-1.));
#5037=DIRECTION('ref_axis',(1.,0.,0.));
#5038=DIRECTION('center_axis',(0.,0.,-1.));
#5039=DIRECTION('ref_axis',(1.,0.,0.));
#5040=DIRECTION('',(0.,0.,-1.));
#5041=DIRECTION('center_axis',(0.,0.,1.));
#5042=DIRECTION('ref_axis',(1.,-8.88178419700128E-16,0.));
#5043=DIRECTION('',(0.707106781186577,0.,-0.707106781186518));
#5044=DIRECTION('center_axis',(0.,0.,1.));
#5045=DIRECTION('ref_axis',(1.,-8.88178419700128E-16,0.));
#5046=DIRECTION('',(0.70710678118654,0.,0.707106781186555));
#5047=DIRECTION('center_axis',(0.,0.,-1.));
#5048=DIRECTION('ref_axis',(1.,-8.88178419700128E-16,0.));
#5049=DIRECTION('center_axis',(-0.707106781186543,1.00485917355761E-15,
-0.707106781186552));
#5050=DIRECTION('ref_axis',(-0.707106781186552,0.,0.707106781186543));
#5051=DIRECTION('',(0.707106781186552,-3.14018491736753E-15,-0.707106781186543));
#5052=DIRECTION('',(-1.4210854715202E-15,-1.,0.));
#5053=DIRECTION('',(1.4210854715202E-15,1.,0.));
#5054=DIRECTION('center_axis',(0.,0.,1.));
#5055=DIRECTION('ref_axis',(-1.,8.88178419700125E-16,0.));
#5056=DIRECTION('',(-0.70710678118654,0.,-0.707106781186555));
#5057=DIRECTION('center_axis',(0.,0.,1.));
#5058=DIRECTION('ref_axis',(-1.,8.88178419700125E-16,0.));
#5059=DIRECTION('center_axis',(0.,0.,-1.));
#5060=DIRECTION('ref_axis',(-1.,8.88178419700125E-16,0.));
#5061=DIRECTION('center_axis',(0.707106781186543,0.,-0.707106781186552));
#5062=DIRECTION('ref_axis',(-0.707106781186552,0.,-0.707106781186543));
#5063=DIRECTION('',(0.,1.,0.));
#5064=DIRECTION('',(0.,-1.,0.));
#5065=DIRECTION('center_axis',(-1.,1.4210854715202E-15,0.));
#5066=DIRECTION('ref_axis',(1.4210854715202E-15,1.,0.));
#5067=DIRECTION('',(0.,0.,-1.));
#5068=DIRECTION('',(0.,0.,-1.));
#5069=DIRECTION('center_axis',(0.,0.,-1.));
#5070=DIRECTION('ref_axis',(1.,-8.88178419700128E-16,0.));
#5071=DIRECTION('',(0.,0.,-1.));
#5072=DIRECTION('center_axis',(0.,0.,-1.));
#5073=DIRECTION('ref_axis',(-1.,0.,0.));
#5074=DIRECTION('',(1.,0.,0.));
#5075=DIRECTION('',(0.,1.,0.));
#5076=DIRECTION('',(-1.,0.,0.));
#5077=DIRECTION('',(0.,1.,0.));
#5078=DIRECTION('center_axis',(0.,0.,1.));
#5079=DIRECTION('ref_axis',(1.,0.,0.));
#5080=DIRECTION('center_axis',(0.,0.,1.));
#5081=DIRECTION('ref_axis',(1.,0.,0.));
#5082=DIRECTION('',(-0.707106781186548,8.65956056235493E-17,0.707106781186548));
#5083=DIRECTION('center_axis',(0.,0.,-1.));
#5084=DIRECTION('ref_axis',(1.,0.,0.));
#5085=DIRECTION('center_axis',(0.,0.,-1.));
#5086=DIRECTION('ref_axis',(1.,0.,0.));
#5087=DIRECTION('center_axis',(0.,0.,-1.));
#5088=DIRECTION('ref_axis',(-1.,0.,0.));
#5089=DIRECTION('',(0.,0.,1.));
#5090=DIRECTION('center_axis',(0.,0.,-1.));
#5091=DIRECTION('ref_axis',(-1.,0.,0.));
#5092=DIRECTION('',(-1.,0.,0.));
#5093=DIRECTION('',(0.,-1.,0.));
#5094=DIRECTION('',(1.,0.,0.));
#5095=DIRECTION('',(0.,-1.,0.));
#5096=DIRECTION('center_axis',(-1.,0.,0.));
#5097=DIRECTION('ref_axis',(0.,-1.,0.));
#5098=DIRECTION('',(0.,1.,0.));
#5099=DIRECTION('',(0.,0.,1.));
#5100=DIRECTION('',(0.,-1.,0.));
#5101=DIRECTION('',(0.,0.,-1.));
#5102=DIRECTION('center_axis',(1.,0.,0.));
#5103=DIRECTION('ref_axis',(0.,1.,0.));
#5104=DIRECTION('',(0.,-1.,0.));
#5105=DIRECTION('',(0.,0.,1.));
#5106=DIRECTION('',(0.,1.,0.));
#5107=DIRECTION('',(0.,0.,-1.));
#5108=DIRECTION('center_axis',(0.,0.,-1.));
#5109=DIRECTION('ref_axis',(-1.,0.,0.));
#5110=DIRECTION('',(0.,-1.,0.));
#5111=DIRECTION('',(1.,0.,0.));
#5112=DIRECTION('',(0.,1.,0.));
#5113=DIRECTION('',(-1.,0.,0.));
#5114=DIRECTION('',(-1.,0.,0.));
#5115=DIRECTION('',(1.,0.,0.));
#5116=DIRECTION('center_axis',(0.,1.,0.));
#5117=DIRECTION('ref_axis',(0.,0.,1.));
#5118=DIRECTION('center_axis',(0.,-1.,0.));
#5119=DIRECTION('ref_axis',(-1.,0.,0.));
#5120=DIRECTION('center_axis',(0.,1.,0.));
#5121=DIRECTION('ref_axis',(-1.,0.,0.));
#5122=DIRECTION('center_axis',(0.,1.,0.));
#5123=DIRECTION('ref_axis',(-1.,0.,0.));
#5124=DIRECTION('center_axis',(0.,1.,0.));
#5125=DIRECTION('ref_axis',(0.,0.,1.));
#5126=DIRECTION('center_axis',(0.,0.707106781186548,0.707106781186547));
#5127=DIRECTION('ref_axis',(1.,0.,0.));
#5128=DIRECTION('',(-0.577350269189626,-0.577350269189626,0.577350269189626));
#5129=DIRECTION('',(-1.,0.,0.));
#5130=DIRECTION('',(-0.577350269189625,0.577350269189626,-0.577350269189626));
#5131=DIRECTION('',(-1.,-1.16482415698377E-16,0.));
#5132=DIRECTION('center_axis',(0.,0.,1.));
#5133=DIRECTION('ref_axis',(1.,0.,0.));
#5134=DIRECTION('',(0.707106781186548,0.707106781186547,0.));
#5135=DIRECTION('',(-1.,-1.16482415698377E-16,0.));
#5136=DIRECTION('center_axis',(0.,0.,1.));
#5137=DIRECTION('ref_axis',(-1.22464679914735E-16,1.,0.));
#5138=DIRECTION('',(1.,0.,0.));
#5139=DIRECTION('',(-0.707106781186548,0.707106781186547,0.));
#5140=DIRECTION('',(0.,-1.,0.));
#5141=DIRECTION('',(-1.,0.,0.));
#5142=DIRECTION('',(0.,1.,0.));
#5143=DIRECTION('',(1.,0.,0.));
#5144=DIRECTION('',(0.,-1.,0.));
#5145=DIRECTION('center_axis',(0.,-0.707106781186548,0.707106781186547));
#5146=DIRECTION('ref_axis',(1.,0.,0.));
#5147=DIRECTION('',(0.577350269189625,0.577350269189626,0.577350269189626));
#5148=DIRECTION('',(1.,0.,0.));
#5149=DIRECTION('',(0.577350269189627,-0.577350269189625,-0.577350269189625));
#5150=DIRECTION('',(1.,0.,0.));
#5151=DIRECTION('center_axis',(0.707106781186549,-0.707106781186546,0.));
#5152=DIRECTION('ref_axis',(0.,0.,-1.));
#5153=DIRECTION('',(-0.707106781186546,-0.707106781186549,0.));
#5154=DIRECTION('',(-0.707106781186546,-0.707106781186549,0.));
#5155=DIRECTION('',(0.,0.,1.));
#5156=DIRECTION('center_axis',(-1.,0.,0.));
#5157=DIRECTION('ref_axis',(0.,-1.,0.));
#5158=DIRECTION('',(0.,1.,0.));
#5159=DIRECTION('',(0.,0.,1.));
#5160=DIRECTION('',(0.,-1.,0.));
#5161=DIRECTION('',(0.,0.,1.));
#5162=DIRECTION('',(0.,1.,0.));
#5163=DIRECTION('',(0.,0.,-1.));
#5164=DIRECTION('',(0.,1.,0.));
#5165=DIRECTION('',(0.,0.,-1.));
#5166=DIRECTION('',(0.,0.,1.));
#5167=DIRECTION('',(0.,1.,0.));
#5168=DIRECTION('center_axis',(-0.707106781186547,0.707106781186548,0.));
#5169=DIRECTION('ref_axis',(0.,0.,1.));
#5170=DIRECTION('',(0.707106781186548,0.707106781186547,0.));
#5171=DIRECTION('',(0.,0.,1.));
#5172=DIRECTION('center_axis',(0.,0.,1.));
#5173=DIRECTION('ref_axis',(1.,0.,0.));
#5174=DIRECTION('',(0.,-1.,0.));
#5175=DIRECTION('',(1.,0.,0.));
#5176=DIRECTION('',(0.707106781186546,-0.707106781186549,0.));
#5177=DIRECTION('center_axis',(-0.707106781186547,-0.707106781186548,0.));
#5178=DIRECTION('ref_axis',(0.,0.,1.));
#5179=DIRECTION('',(-0.707106781186548,0.707106781186547,0.));
#5180=DIRECTION('',(0.,0.,-1.));
#5181=DIRECTION('center_axis',(0.707106781186549,0.707106781186546,0.));
#5182=DIRECTION('ref_axis',(0.,0.,-1.));
#5183=DIRECTION('',(0.707106781186546,-0.707106781186549,0.));
#5184=DIRECTION('center_axis',(0.,1.,0.));
#5185=DIRECTION('ref_axis',(1.,0.,0.));
#5186=DIRECTION('',(0.,0.,1.));
#5187=DIRECTION('center_axis',(0.,-1.,0.));
#5188=DIRECTION('ref_axis',(-1.,0.,0.));
#5189=DIRECTION('',(-1.,0.,0.));
#5190=DIRECTION('',(0.,0.,-1.));
#5191=DIRECTION('center_axis',(1.,0.,0.));
#5192=DIRECTION('ref_axis',(0.,1.,0.));
#5193=DIRECTION('',(0.,0.,1.));
#5194=DIRECTION('',(0.,1.,0.));
#5195=DIRECTION('',(0.,0.,1.));
#5196=DIRECTION('',(0.,-1.,0.));
#5197=DIRECTION('center_axis',(0.,0.,1.));
#5198=DIRECTION('ref_axis',(1.,0.,0.));
#5199=DIRECTION('center_axis',(0.,0.,1.));
#5200=DIRECTION('ref_axis',(1.,0.,0.));
#5201=DIRECTION('',(1.,0.,0.));
#5202=DIRECTION('',(0.,-1.,0.));
#5203=DIRECTION('',(-1.,0.,0.));
#5204=DIRECTION('',(1.,0.,0.));
#5205=DIRECTION('center_axis',(0.,0.,1.));
#5206=DIRECTION('ref_axis',(0.,-1.,0.));
#5207=DIRECTION('',(0.,1.,0.));
#5208=DIRECTION('center_axis',(0.,0.,1.));
#5209=DIRECTION('ref_axis',(1.,0.,0.));
#5210=DIRECTION('',(-1.,-1.16482415698377E-16,0.));
#5211=DIRECTION('center_axis',(0.,1.,0.));
#5212=DIRECTION('ref_axis',(-0.707106781186547,0.,-0.707106781186547));
#5213=DIRECTION('center_axis',(0.,-1.,0.));
#5214=DIRECTION('ref_axis',(-0.707106781186547,0.,-0.707106781186547));
#5215=DIRECTION('center_axis',(0.,1.,0.));
#5216=DIRECTION('ref_axis',(-0.707106781186547,0.,-0.707106781186547));
#5217=DIRECTION('center_axis',(0.,-1.,0.));
#5218=DIRECTION('ref_axis',(0.707106781186549,0.,-0.707106781186546));
#5219=DIRECTION('center_axis',(0.,1.,0.));
#5220=DIRECTION('ref_axis',(0.707106781186549,0.,-0.707106781186546));
#5221=DIRECTION('center_axis',(0.,-1.,0.));
#5222=DIRECTION('ref_axis',(0.707106781186549,0.,-0.707106781186546));
#5223=DIRECTION('center_axis',(0.,1.,0.));
#5224=DIRECTION('ref_axis',(-1.,0.,0.));
#5225=DIRECTION('',(0.,0.,1.));
#5226=DIRECTION('center_axis',(1.,0.,0.));
#5227=DIRECTION('ref_axis',(0.,1.,0.));
#5228=DIRECTION('',(0.,0.,1.));
#5229=DIRECTION('center_axis',(0.,-1.,0.));
#5230=DIRECTION('ref_axis',(1.,0.,0.));
#5231=DIRECTION('center_axis',(-1.,0.,0.));
#5232=DIRECTION('ref_axis',(0.,-1.,0.));
#5233=DIRECTION('',(0.,0.,1.));
#5234=DIRECTION('',(0.,0.,1.));
#5235=DIRECTION('center_axis',(0.,1.,0.));
#5236=DIRECTION('ref_axis',(-1.,0.,0.));
#5237=DIRECTION('center_axis',(0.,-1.,0.));
#5238=DIRECTION('ref_axis',(1.,0.,0.));
#5239=DIRECTION('center_axis',(0.,0.,-1.));
#5240=DIRECTION('ref_axis',(-1.,8.88178419700125E-16,0.));
#5241=DIRECTION('',(0.,0.,-1.));
#5242=DIRECTION('center_axis',(1.,0.,0.));
#5243=DIRECTION('ref_axis',(0.,-1.,0.));
#5244=DIRECTION('center_axis',(0.,0.,1.));
#5245=DIRECTION('ref_axis',(1.,0.,0.));
#5246=DIRECTION('',(0.,0.,1.));
#5247=DIRECTION('',(0.,0.,1.));
#5248=DIRECTION('center_axis',(1.,0.,0.));
#5249=DIRECTION('ref_axis',(0.,1.,0.));
#5250=DIRECTION('',(0.,0.,1.));
#5251=DIRECTION('center_axis',(0.,0.,1.));
#5252=DIRECTION('ref_axis',(0.,-1.,0.));
#5253=DIRECTION('',(0.,0.,1.));
#5254=DIRECTION('center_axis',(0.,-1.,0.));
#5255=DIRECTION('ref_axis',(1.,0.,0.));
#5256=DIRECTION('',(0.,0.,1.));
#5257=DIRECTION('center_axis',(0.,0.,1.));
#5258=DIRECTION('ref_axis',(-1.22464679914735E-16,1.,0.));
#5259=DIRECTION('',(0.,0.,1.));
#5260=DIRECTION('center_axis',(-1.16482415698377E-16,1.,0.));
#5261=DIRECTION('ref_axis',(-1.,-1.16482415698377E-16,0.));
#5262=DIRECTION('',(-4.03093693515108E-17,6.82204793610255E-18,1.));
#5263=DIRECTION('',(1.,-4.13720093803499E-17,4.03093693515108E-17));
#5264=DIRECTION('',(0.499999999999994,5.91710322946322E-16,0.866025403784442));
#5265=DIRECTION('',(0.866025403784442,1.60526434872991E-17,-0.499999999999994));
#5266=DIRECTION('',(-9.31505641097947E-15,2.02610360082998E-16,1.));
#5267=DIRECTION('',(1.,1.95691555220393E-15,9.31505641097947E-15));
#5268=DIRECTION('',(-7.43849426498853E-15,2.02610360082998E-16,1.));
#5269=DIRECTION('',(1.,1.95691555220393E-15,7.43849426498853E-15));
#5270=DIRECTION('',(-0.499999999999994,-8.67151546519051E-16,-0.866025403784442));
#5271=DIRECTION('',(0.866025403784442,1.61180211477432E-15,-0.499999999999994));
#5272=DIRECTION('axis',(0.,0.,1.));
#5273=DIRECTION('refdir',(1.,0.,0.));
#5274=DIRECTION('center_axis',(1.,0.,-1.83697019872103E-16));
#5275=DIRECTION('ref_axis',(-1.83697019872103E-16,0.,-1.));
#5276=DIRECTION('',(-1.83697019872103E-16,0.,-1.));
#5277=DIRECTION('',(0.,1.,0.));
#5278=DIRECTION('',(-1.83697019872103E-16,0.,-1.));
#5279=DIRECTION('',(0.,1.,0.));
#5280=DIRECTION('center_axis',(-2.30407573952611E-33,0.,1.));
#5281=DIRECTION('ref_axis',(1.,0.,2.30407573952611E-33));
#5282=DIRECTION('',(1.,0.,2.30407573952611E-33));
#5283=DIRECTION('',(1.,0.,2.30407573952611E-33));
#5284=DIRECTION('',(0.,1.,0.));
#5285=DIRECTION('center_axis',(-1.,0.,0.));
#5286=DIRECTION('ref_axis',(0.,0.,1.));
#5287=DIRECTION('',(0.,0.,1.));
#5288=DIRECTION('',(0.,0.,1.));
#5289=DIRECTION('',(0.,1.,0.));
#5290=DIRECTION('center_axis',(-1.19619989185202E-16,0.,-1.));
#5291=DIRECTION('ref_axis',(-1.,0.,1.19619989185202E-16));
#5292=DIRECTION('',(-1.,0.,1.19619989185202E-16));
#5293=DIRECTION('',(-1.,0.,1.19619989185202E-16));
#5294=DIRECTION('center_axis',(0.,1.,0.));
#5295=DIRECTION('ref_axis',(0.,0.,1.));
#5296=DIRECTION('center_axis',(0.,1.,0.));
#5297=DIRECTION('ref_axis',(0.,0.,1.));
#5298=DIRECTION('',(6.56502914283644E-17,-1.,0.));
#5299=DIRECTION('',(1.,6.56502914283644E-17,0.));
#5300=DIRECTION('',(0.,0.,-1.));
#5301=DIRECTION('',(-2.98615122825119E-16,1.,0.));
#5302=DIRECTION('',(6.877256710323E-15,1.51354762625702E-16,1.));
#5303=DIRECTION('',(-0.86480693322599,-0.502104539159185,6.02349519800003E-15));
#5304=DIRECTION('',(0.499998025978531,-0.866025403784443,-0.00140499735408381));
#5305=DIRECTION('',(0.750352727774501,0.432403466612992,0.499998025978536));
#5306=CARTESIAN_POINT('',(0.,0.,0.));
#5307=CARTESIAN_POINT('',(0.,0.,0.));
#5308=CARTESIAN_POINT('Origin',(36.3818239574916,42.0262332497887,-17.));
#5309=CARTESIAN_POINT('',(41.8818239574916,42.0262332497887,-20.));
#5310=CARTESIAN_POINT('Origin',(36.3818239574916,42.0262332497887,-20.));
#5311=CARTESIAN_POINT('',(44.8818239574916,42.0262332497887,-17.));
#5312=CARTESIAN_POINT('Origin',(41.8818239574916,42.0262332497887,-17.));
#5313=CARTESIAN_POINT('',(27.8818239574916,42.0262332497887,-17.));
#5314=CARTESIAN_POINT('Origin',(36.3818239574916,42.0262332497887,-17.));
#5315=CARTESIAN_POINT('Origin',(36.3818239574916,42.0262332497887,-17.));
#5316=CARTESIAN_POINT('Origin',(36.3818239574916,42.0262332497887,0.));
#5317=CARTESIAN_POINT('',(27.8818239574916,42.0262332497887,-10.));
#5318=CARTESIAN_POINT('',(27.8818239574916,42.0262332497887,0.));
#5319=CARTESIAN_POINT('',(36.3818239574916,50.5262332497887,-5.26782687642636));
#5320=CARTESIAN_POINT('Ctrl Pts',(36.3818239574916,50.5262332497887,-5.26782687642636));
#5321=CARTESIAN_POINT('Ctrl Pts',(35.7863440062233,50.5262332497887,-5.26782687642636));
#5322=CARTESIAN_POINT('Ctrl Pts',(35.2075975799093,50.4639108532577,-5.37114375217041));
#5323=CARTESIAN_POINT('Ctrl Pts',(34.0943872637908,50.2323799899289,-5.71863132305471));
#5324=CARTESIAN_POINT('Ctrl Pts',(33.5593337775587,50.0630188327094,-5.96080832441408));
#5325=CARTESIAN_POINT('Ctrl Pts',(32.0316735107046,49.4121454575843,-6.77738438978536));
#5326=CARTESIAN_POINT('Ctrl Pts',(31.1149595822254,48.7801841546938,-7.43301258420325));
#5327=CARTESIAN_POINT('Ctrl Pts',(29.6625332080403,47.3277577805087,-8.52528910384725));
#5328=CARTESIAN_POINT('Ctrl Pts',(29.0140178226085,46.4134501010056,-9.05386471544869));
#5329=CARTESIAN_POINT('Ctrl Pts',(28.1224366327527,44.3316111551336,-9.79312908792621));
#5330=CARTESIAN_POINT('Ctrl Pts',(27.8818239574916,43.1616767388036,-10.));
#5331=CARTESIAN_POINT('Ctrl Pts',(27.8818239574916,42.0262332497887,-10.));
#5332=CARTESIAN_POINT('Ctrl Pts',(27.8818239574916,42.0262332497887,-10.));
#5333=CARTESIAN_POINT('Ctrl Pts',(27.8818239574916,40.8907897607739,-10.));
#5334=CARTESIAN_POINT('Ctrl Pts',(28.1224366327527,39.7208553444439,-9.79312908792621));
#5335=CARTESIAN_POINT('Ctrl Pts',(29.0140178226085,37.6390163985718,-9.05386471544869));
#5336=CARTESIAN_POINT('Ctrl Pts',(29.6625332080403,36.7247087190688,-8.52528910384725));
#5337=CARTESIAN_POINT('Ctrl Pts',(31.1149595822254,35.2722823448837,-7.43301258420326));
#5338=CARTESIAN_POINT('Ctrl Pts',(32.0316735107046,34.6403210419932,-6.77738438978537));
#5339=CARTESIAN_POINT('Ctrl Pts',(33.5593337775587,33.9894476668681,-5.96080832441409));
#5340=CARTESIAN_POINT('Ctrl Pts',(34.0943872637908,33.8200865096486,-5.71863132305474));
#5341=CARTESIAN_POINT('Ctrl Pts',(35.2075975799094,33.5885556463198,-5.37114375217044));
#5342=CARTESIAN_POINT('Ctrl Pts',(35.7863440062233,33.5262332497887,-5.26782687642638));
#5343=CARTESIAN_POINT('Ctrl Pts',(36.97730390876,33.5262332497887,-5.26782687642638));
#5344=CARTESIAN_POINT('Ctrl Pts',(37.5560503350739,33.5885556463198,-5.37114375217042));
#5345=CARTESIAN_POINT('Ctrl Pts',(38.6692606511925,33.8200865096486,-5.71863132305473));
#5346=CARTESIAN_POINT('Ctrl Pts',(39.2043141374246,33.9894476668681,-5.96080832441408));
#5347=CARTESIAN_POINT('Ctrl Pts',(40.7319744042786,34.6403210419932,-6.77738438978536));
#5348=CARTESIAN_POINT('Ctrl Pts',(41.6486883327579,35.2722823448837,-7.43301258420326));
#5349=CARTESIAN_POINT('Ctrl Pts',(43.101114706943,36.7247087190688,-8.52528910384725));
#5350=CARTESIAN_POINT('Ctrl Pts',(43.7496300923747,37.6390163985719,-9.05386471544869));
#5351=CARTESIAN_POINT('Ctrl Pts',(44.6412112822306,39.7208553444439,-9.79312908792621));
#5352=CARTESIAN_POINT('Ctrl Pts',(44.8818239574916,40.8907897607739,-10.));
#5353=CARTESIAN_POINT('Ctrl Pts',(44.8818239574916,43.1616767388036,-10.));
#5354=CARTESIAN_POINT('Ctrl Pts',(44.6412112822306,44.3316111551336,-9.79312908792621));
#5355=CARTESIAN_POINT('Ctrl Pts',(43.7496300923747,46.4134501010056,-9.05386471544869));
#5356=CARTESIAN_POINT('Ctrl Pts',(43.101114706943,47.3277577805087,-8.52528910384725));
#5357=CARTESIAN_POINT('Ctrl Pts',(41.6486883327579,48.7801841546938,-7.43301258420325));
#5358=CARTESIAN_POINT('Ctrl Pts',(40.7319744042786,49.4121454575843,-6.77738438978536));
#5359=CARTESIAN_POINT('Ctrl Pts',(39.2043141374246,50.0630188327094,-5.96080832441408));
#5360=CARTESIAN_POINT('Ctrl Pts',(38.6692606511924,50.2323799899289,-5.71863132305474));
#5361=CARTESIAN_POINT('Ctrl Pts',(37.5560503350739,50.4639108532577,-5.37114375217043));
#5362=CARTESIAN_POINT('Ctrl Pts',(36.97730390876,50.5262332497887,-5.26782687642637));
#5363=CARTESIAN_POINT('Ctrl Pts',(36.3818239574916,50.5262332497887,-5.26782687642637));
#5364=CARTESIAN_POINT('Origin',(36.3818239574916,42.0262332497887,-20.));
#5365=CARTESIAN_POINT('Origin',(26.3818239574916,42.0262332497887,0.));
#5366=CARTESIAN_POINT('',(46.3818239574916,42.0262332497887,10.));
#5367=CARTESIAN_POINT('Origin',(46.3818239574916,42.0262332497887,0.));
#5368=CARTESIAN_POINT('',(16.1554944214035,42.0262332497887,10.));
#5369=CARTESIAN_POINT('',(26.3818239574916,42.0262332497887,10.));
#5370=CARTESIAN_POINT('',(16.7332005306815,37.6673343062481,9.));
#5371=CARTESIAN_POINT('Ctrl Pts',(16.7332005306815,37.6673343062481,9.));
#5372=CARTESIAN_POINT('Ctrl Pts',(16.6907045351448,37.8304704615657,9.07901044611861));
#5373=CARTESIAN_POINT('Ctrl Pts',(16.6497840983917,37.9961040152118,9.15375025615033));
#5374=CARTESIAN_POINT('Ctrl Pts',(16.3255969954013,39.3903358524563,9.73755438165305));
#5375=CARTESIAN_POINT('Ctrl Pts',(16.1554944214035,40.7394530734915,10.));
#5376=CARTESIAN_POINT('Ctrl Pts',(16.1554944214035,42.0262332497887,10.));
#5377=CARTESIAN_POINT('',(26.3818239574916,37.6673343062481,9.));
#5378=CARTESIAN_POINT('',(26.3818239574916,37.6673343062481,9.));
#5379=CARTESIAN_POINT('',(26.3818239574916,37.6673343062481,-9.));
#5380=CARTESIAN_POINT('Origin',(26.3818239574916,42.0262332497887,0.));
#5381=CARTESIAN_POINT('',(16.7332005306815,37.6673343062481,-9.));
#5382=CARTESIAN_POINT('',(26.3818239574916,37.6673343062481,-9.));
#5383=CARTESIAN_POINT('',(16.7332005306815,46.3851321933294,-9.));
#5384=CARTESIAN_POINT('Ctrl Pts',(16.7332005306815,46.3851321933294,-9.));
#5385=CARTESIAN_POINT('Ctrl Pts',(16.6907045351448,46.2219960380117,-9.07901044611862));
#5386=CARTESIAN_POINT('Ctrl Pts',(16.6497840983917,46.0563624843657,-9.15375025615033));
#5387=CARTESIAN_POINT('Ctrl Pts',(16.3255969954013,44.6621306471212,-9.73755438165306));
#5388=CARTESIAN_POINT('Ctrl Pts',(16.1554944214035,43.313013426086,-10.));
#5389=CARTESIAN_POINT('Ctrl Pts',(16.1554944214035,42.0262332497887,-10.));
#5390=CARTESIAN_POINT('Ctrl Pts',(16.1554944214035,40.7394530734915,-10.));
#5391=CARTESIAN_POINT('Ctrl Pts',(16.3255969954013,39.3903358524563,-9.73755438165305));
#5392=CARTESIAN_POINT('Ctrl Pts',(16.6497840983917,37.9961040152118,-9.15375025615033));
#5393=CARTESIAN_POINT('Ctrl Pts',(16.6907045351448,37.8304704615658,-9.07901044611861));
#5394=CARTESIAN_POINT('Ctrl Pts',(16.7332005306815,37.6673343062481,-9.));
#5395=CARTESIAN_POINT('',(26.3818239574916,46.3851321933294,-9.));
#5396=CARTESIAN_POINT('',(26.3818239574916,46.3851321933294,-9.));
#5397=CARTESIAN_POINT('',(26.3818239574916,46.3851321933294,9.));
#5398=CARTESIAN_POINT('Origin',(26.3818239574916,42.0262332497887,0.));
#5399=CARTESIAN_POINT('',(16.7332005306815,46.3851321933294,9.));
#5400=CARTESIAN_POINT('',(26.3818239574916,46.3851321933294,9.));
#5401=CARTESIAN_POINT('Ctrl Pts',(16.1554944214035,42.0262332497887,10.));
#5402=CARTESIAN_POINT('Ctrl Pts',(16.1554944214035,43.313013426086,10.));
#5403=CARTESIAN_POINT('Ctrl Pts',(16.3255969954013,44.6621306471212,9.73755438165306));
#5404=CARTESIAN_POINT('Ctrl Pts',(16.6497840983917,46.0563624843657,9.15375025615033));
#5405=CARTESIAN_POINT('Ctrl Pts',(16.6907045351448,46.2219960380117,9.07901044611861));
#5406=CARTESIAN_POINT('Ctrl Pts',(16.7332005306815,46.3851321933294,9.));
#5407=CARTESIAN_POINT('Origin',(46.3818239574916,42.0262332497887,0.));
#5408=CARTESIAN_POINT('Origin',(0.,20.,9.));
#5409=CARTESIAN_POINT('',(16.7332005306815,20.,9.));
#5410=CARTESIAN_POINT('',(16.7332005306815,20.,9.));
#5411=CARTESIAN_POINT('',(26.3818239574916,20.,9.));
#5412=CARTESIAN_POINT('',(-2.22044604925031E-15,20.,9.));
#5413=CARTESIAN_POINT('',(26.3818239574916,73.5,9.));
#5414=CARTESIAN_POINT('Origin',(55.,20.,-9.00000000000001));
#5415=CARTESIAN_POINT('',(26.3818239574916,20.,-9.00000000000001));
#5416=CARTESIAN_POINT('',(26.3818239574916,73.5,-9.));
#5417=CARTESIAN_POINT('',(16.7332005306815,20.,-9.));
#5418=CARTESIAN_POINT('',(27.5,20.,-9.));
#5419=CARTESIAN_POINT('',(16.7332005306815,20.,-9.));
#5420=CARTESIAN_POINT('Origin',(55.,20.,-9.00000000000001));
#5421=CARTESIAN_POINT('',(16.7332005306815,170.,-9.));
#5422=CARTESIAN_POINT('',(16.7332005306815,20.,-9.));
#5423=CARTESIAN_POINT('',(26.3818239574916,170.,-9.));
#5424=CARTESIAN_POINT('',(55.,170.,-9.00000000000001));
#5425=CARTESIAN_POINT('',(26.3818239574916,127.,-9.));
#5426=CARTESIAN_POINT('',(26.3818239574916,170.,-9.));
#5427=CARTESIAN_POINT('',(26.3818239574916,73.5,-9.));
#5428=CARTESIAN_POINT('Origin',(26.3818239574916,127.,9.));
#5429=CARTESIAN_POINT('',(26.3818239574916,20.,9.));
#5430=CARTESIAN_POINT('Origin',(26.3818239574916,127.,9.));
#5431=CARTESIAN_POINT('',(26.3818239574916,127.,9.));
#5432=CARTESIAN_POINT('',(26.3818239574916,127.,9.));
#5433=CARTESIAN_POINT('',(26.3818239574916,73.5,9.));
#5434=CARTESIAN_POINT('Ctrl Pts',(0.0999999999999979,550.,-100.));
#5435=CARTESIAN_POINT('Ctrl Pts',(0.1,550.,-100.1));
#5436=CARTESIAN_POINT('Ctrl Pts',(1.12246949261652E-15,550.,-100.1));
#5437=CARTESIAN_POINT('Ctrl Pts',(-0.0999999999999978,550.,-100.1));
#5438=CARTESIAN_POINT('Ctrl Pts',(-0.0999999999999979,550.,-100.));
#5439=CARTESIAN_POINT('Ctrl Pts',(17.5,550.,-99.9999999999998));
#5440=CARTESIAN_POINT('Ctrl Pts',(17.5000000000004,550.,-117.5));
#5441=CARTESIAN_POINT('Ctrl Pts',(1.9643216120791E-13,550.,-117.5));
#5442=CARTESIAN_POINT('Ctrl Pts',(-17.5,550.,-117.5));
#5443=CARTESIAN_POINT('Ctrl Pts',(-17.5,550.,-100.));
#5444=CARTESIAN_POINT('Ctrl Pts',(17.5,567.4,-99.9999999999998));
#5445=CARTESIAN_POINT('Ctrl Pts',(17.5000000000004,567.4,-117.5));
#5446=CARTESIAN_POINT('Ctrl Pts',(1.9643216120791E-13,567.4,-117.5));
#5447=CARTESIAN_POINT('Ctrl Pts',(-17.5,567.4,-117.5));
#5448=CARTESIAN_POINT('Ctrl Pts',(-17.5,567.4,-100.));
#5449=CARTESIAN_POINT('',(17.5,567.4,-100.));
#5450=CARTESIAN_POINT('',(0.0999999999999934,550.,-100.));
#5451=CARTESIAN_POINT('Origin',(0.0999999999999934,567.4,-100.));
#5452=CARTESIAN_POINT('',(-0.0999999999999934,550.,-100.));
#5453=CARTESIAN_POINT('Origin',(0.,550.,-100.));
#5454=CARTESIAN_POINT('',(-17.5,567.4,-100.));
#5455=CARTESIAN_POINT('Origin',(-0.0999999999999934,567.4,-100.));
#5456=CARTESIAN_POINT('Origin',(0.,567.4,-100.));
#5457=CARTESIAN_POINT('Origin',(-0.0999999999999968,567.4,-50.));
#5458=CARTESIAN_POINT('',(-0.100000000000001,550.,6.49923072370877));
#5459=CARTESIAN_POINT('',(-6.5,551.219765143855,7.9602041944578E-16));
#5460=CARTESIAN_POINT('Ctrl Pts',(-0.0999999999999726,550.,6.49923072370877));
#5461=CARTESIAN_POINT('Ctrl Pts',(-0.894304384121031,550.,6.48700920984216));
#5462=CARTESIAN_POINT('Ctrl Pts',(-1.73004799974854,550.059208099336,6.32041272354384));
#5463=CARTESIAN_POINT('Ctrl Pts',(-3.29689382652722,550.27716332911,5.66837694686098));
#5464=CARTESIAN_POINT('Ctrl Pts',(-4.02267048415463,550.437573688332,5.16947352306742));
#5465=CARTESIAN_POINT('Ctrl Pts',(-5.16859522398815,550.744021505442,4.02403701866798));
#5466=CARTESIAN_POINT('Ctrl Pts',(-5.66760895988461,550.911004362827,3.29823090406743));
#5467=CARTESIAN_POINT('Ctrl Pts',(-6.33348297375074,551.15103251828,1.69914764878008));
#5468=CARTESIAN_POINT('Ctrl Pts',(-6.5,551.219765143855,0.82508325012205));
#5469=CARTESIAN_POINT('Ctrl Pts',(-6.5,551.219765143855,6.93889390390723E-16));
#5470=CARTESIAN_POINT('',(-0.100000000000007,550.,100.));
#5471=CARTESIAN_POINT('',(-0.0999999999999968,550.,-50.));
#5472=CARTESIAN_POINT('',(-17.5,567.4,100.));
#5473=CARTESIAN_POINT('Origin',(-0.100000000000007,567.4,100.));
#5474=CARTESIAN_POINT('',(-17.5,567.4,-50.));
#5475=CARTESIAN_POINT('',(-0.0999999999999997,550.,-6.49923072370877));
#5476=CARTESIAN_POINT('',(-0.0999999999999968,550.,-50.));
#5477=CARTESIAN_POINT('Ctrl Pts',(-6.5,551.219765143855,-9.71445146547012E-16));
#5478=CARTESIAN_POINT('Ctrl Pts',(-6.5,551.219765143855,-0.82508325012205));
#5479=CARTESIAN_POINT('Ctrl Pts',(-6.33348297375074,551.15103251828,-1.69914764878008));
#5480=CARTESIAN_POINT('Ctrl Pts',(-5.66760895988461,550.911004362827,-3.29823090406743));
#5481=CARTESIAN_POINT('Ctrl Pts',(-5.16859522398815,550.744021505442,-4.02403701866798));
#5482=CARTESIAN_POINT('Ctrl Pts',(-4.02267048415463,550.437573688332,-5.16947352306742));
#5483=CARTESIAN_POINT('Ctrl Pts',(-3.29689382652722,550.27716332911,-5.66837694686098));
#5484=CARTESIAN_POINT('Ctrl Pts',(-1.73004799974854,550.059208099336,-6.32041272354384));
#5485=CARTESIAN_POINT('Ctrl Pts',(-0.894304384121031,550.,-6.48700920984216));
#5486=CARTESIAN_POINT('Ctrl Pts',(-0.0999999999999707,550.,-6.49923072370877));
#5487=CARTESIAN_POINT('Ctrl Pts',(-0.0999999999999979,550.,100.));
#5488=CARTESIAN_POINT('Ctrl Pts',(-0.0999999999999979,550.,100.1));
#5489=CARTESIAN_POINT('Ctrl Pts',(0.,550.,100.1));
#5490=CARTESIAN_POINT('Ctrl Pts',(0.0999999999999979,550.,100.1));
#5491=CARTESIAN_POINT('Ctrl Pts',(0.0999999999999979,550.,100.));
#5492=CARTESIAN_POINT('Ctrl Pts',(-17.5,550.,100.));
#5493=CARTESIAN_POINT('Ctrl Pts',(-17.5,550.,117.5));
#5494=CARTESIAN_POINT('Ctrl Pts',(0.,550.,117.5));
#5495=CARTESIAN_POINT('Ctrl Pts',(17.5,550.,117.5));
#5496=CARTESIAN_POINT('Ctrl Pts',(17.5,550.,100.));
#5497=CARTESIAN_POINT('Ctrl Pts',(-17.5,567.4,100.));
#5498=CARTESIAN_POINT('Ctrl Pts',(-17.5,567.4,117.5));
#5499=CARTESIAN_POINT('Ctrl Pts',(0.,567.4,117.5));
#5500=CARTESIAN_POINT('Ctrl Pts',(17.5,567.4,117.5));
#5501=CARTESIAN_POINT('Ctrl Pts',(17.5,567.4,100.));
#5502=CARTESIAN_POINT('',(0.100000000000005,550.,100.));
#5503=CARTESIAN_POINT('',(17.5,567.4,100.));
#5504=CARTESIAN_POINT('Origin',(0.100000000000005,567.4,100.));
#5505=CARTESIAN_POINT('Origin',(0.,567.4,100.));
#5506=CARTESIAN_POINT('Origin',(0.,550.,100.));
#5507=CARTESIAN_POINT('Origin',(0.100000000000005,567.4,50.));
#5508=CARTESIAN_POINT('',(0.100000000000001,550.,-6.49923072370877));
#5509=CARTESIAN_POINT('',(0.100000000000002,550.,6.49923072370877));
#5510=CARTESIAN_POINT('Ctrl Pts',(0.0999999999999709,550.,-6.49923072370877));
#5511=CARTESIAN_POINT('Ctrl Pts',(0.89430438412103,550.,-6.48700920984216));
#5512=CARTESIAN_POINT('Ctrl Pts',(1.73004799974854,550.059208099336,-6.32041272354384));
#5513=CARTESIAN_POINT('Ctrl Pts',(3.29689382652722,550.27716332911,-5.66837694686098));
#5514=CARTESIAN_POINT('Ctrl Pts',(4.02267048415463,550.437573688332,-5.16947352306742));
#5515=CARTESIAN_POINT('Ctrl Pts',(5.16859522398815,550.744021505442,-4.02403701866798));
#5516=CARTESIAN_POINT('Ctrl Pts',(5.66760895988461,550.911004362827,-3.29823090406743));
#5517=CARTESIAN_POINT('Ctrl Pts',(6.33348297375074,551.15103251828,-1.69914764878008));
#5518=CARTESIAN_POINT('Ctrl Pts',(6.5,551.219765143855,-0.825083250122048));
#5519=CARTESIAN_POINT('Ctrl Pts',(6.5,551.219765143855,0.));
#5520=CARTESIAN_POINT('Ctrl Pts',(6.5,551.219765143855,0.825083250122049));
#5521=CARTESIAN_POINT('Ctrl Pts',(6.33348297375074,551.15103251828,1.69914764878008));
#5522=CARTESIAN_POINT('Ctrl Pts',(5.66760895988461,550.911004362827,3.29823090406743));
#5523=CARTESIAN_POINT('Ctrl Pts',(5.16859522398815,550.744021505442,4.02403701866798));
#5524=CARTESIAN_POINT('Ctrl Pts',(4.02267048415463,550.437573688332,5.16947352306742));
#5525=CARTESIAN_POINT('Ctrl Pts',(3.29689382652722,550.27716332911,5.66837694686098));
#5526=CARTESIAN_POINT('Ctrl Pts',(1.73004799974854,550.059208099336,6.32041272354384));
#5527=CARTESIAN_POINT('Ctrl Pts',(0.894304384121036,550.,6.48700920984216));
#5528=CARTESIAN_POINT('Ctrl Pts',(0.0999999999999791,550.,6.49923072370877));
#5529=CARTESIAN_POINT('',(0.100000000000005,550.,50.));
#5530=CARTESIAN_POINT('',(17.5,567.4,50.));
#5531=CARTESIAN_POINT('',(0.100000000000005,550.,50.));
#5532=CARTESIAN_POINT('Origin',(17.5,550.,100.));
#5533=CARTESIAN_POINT('',(17.5,567.6,-100.));
#5534=CARTESIAN_POINT('',(17.5,550.,-100.));
#5535=CARTESIAN_POINT('',(17.5,567.6,100.));
#5536=CARTESIAN_POINT('',(17.5,567.6,50.));
#5537=CARTESIAN_POINT('',(17.5,550.,100.));
#5538=CARTESIAN_POINT('Origin',(0.,550.,-100.));
#5539=CARTESIAN_POINT('',(-17.5,567.6,-100.));
#5540=CARTESIAN_POINT('',(-17.5,550.,-100.));
#5541=CARTESIAN_POINT('Origin',(0.,567.6,-100.));
#5542=CARTESIAN_POINT('Origin',(1.11022302462516E-15,550.,0.));
#5543=CARTESIAN_POINT('Origin',(0.,550.,0.));
#5544=CARTESIAN_POINT('Origin',(1.11022302462516E-15,550.,0.));
#5545=CARTESIAN_POINT('Origin',(0.,550.,0.));
#5546=CARTESIAN_POINT('Ctrl Pts',(17.5,567.6,-99.9999999999998));
#5547=CARTESIAN_POINT('Ctrl Pts',(17.5000000000004,567.6,-117.5));
#5548=CARTESIAN_POINT('Ctrl Pts',(1.9643216120791E-13,567.6,-117.5));
#5549=CARTESIAN_POINT('Ctrl Pts',(-17.5,567.6,-117.5));
#5550=CARTESIAN_POINT('Ctrl Pts',(-17.5,567.6,-100.));
#5551=CARTESIAN_POINT('Ctrl Pts',(17.5,585.,-99.9999999999998));
#5552=CARTESIAN_POINT('Ctrl Pts',(17.5000000000004,585.,-117.5));
#5553=CARTESIAN_POINT('Ctrl Pts',(1.9643216120791E-13,585.,-117.5));
#5554=CARTESIAN_POINT('Ctrl Pts',(-17.5,585.,-117.5));
#5555=CARTESIAN_POINT('Ctrl Pts',(-17.5,585.,-100.));
#5556=CARTESIAN_POINT('Ctrl Pts',(0.0999999999999979,585.,-100.));
#5557=CARTESIAN_POINT('Ctrl Pts',(0.1,585.,-100.1));
#5558=CARTESIAN_POINT('Ctrl Pts',(1.12246949261652E-15,585.,-100.1));
#5559=CARTESIAN_POINT('Ctrl Pts',(-0.0999999999999978,585.,-100.1));
#5560=CARTESIAN_POINT('Ctrl Pts',(-0.0999999999999979,585.,-100.));
#5561=CARTESIAN_POINT('',(0.0999999999999934,585.,-100.));
#5562=CARTESIAN_POINT('Origin',(0.0999999999999934,567.6,-100.));
#5563=CARTESIAN_POINT('',(-0.0999999999999934,585.,-100.));
#5564=CARTESIAN_POINT('Origin',(-0.0999999999999934,567.6,-100.));
#5565=CARTESIAN_POINT('Origin',(0.,585.,-100.));
#5566=CARTESIAN_POINT('Origin',(-0.0999999999999968,567.6,-50.));
#5567=CARTESIAN_POINT('',(-17.5,567.6,100.));
#5568=CARTESIAN_POINT('',(-0.100000000000007,585.,100.));
#5569=CARTESIAN_POINT('Origin',(-0.100000000000007,567.6,100.));
#5570=CARTESIAN_POINT('',(-0.0999999999999968,585.,-50.));
#5571=CARTESIAN_POINT('',(-17.5,567.6,-50.));
#5572=CARTESIAN_POINT('Ctrl Pts',(-17.5,567.6,100.));
#5573=CARTESIAN_POINT('Ctrl Pts',(-17.5,567.6,117.5));
#5574=CARTESIAN_POINT('Ctrl Pts',(0.,567.6,117.5));
#5575=CARTESIAN_POINT('Ctrl Pts',(17.5,567.6,117.5));
#5576=CARTESIAN_POINT('Ctrl Pts',(17.5,567.6,100.));
#5577=CARTESIAN_POINT('Ctrl Pts',(-17.5,585.,100.));
#5578=CARTESIAN_POINT('Ctrl Pts',(-17.5,585.,117.5));
#5579=CARTESIAN_POINT('Ctrl Pts',(0.,585.,117.5));
#5580=CARTESIAN_POINT('Ctrl Pts',(17.5,585.,117.5));
#5581=CARTESIAN_POINT('Ctrl Pts',(17.5,585.,100.));
#5582=CARTESIAN_POINT('Ctrl Pts',(-0.0999999999999979,585.,100.));
#5583=CARTESIAN_POINT('Ctrl Pts',(-0.0999999999999979,585.,100.1));
#5584=CARTESIAN_POINT('Ctrl Pts',(0.,585.,100.1));
#5585=CARTESIAN_POINT('Ctrl Pts',(0.0999999999999979,585.,100.1));
#5586=CARTESIAN_POINT('Ctrl Pts',(0.0999999999999979,585.,100.));
#5587=CARTESIAN_POINT('',(0.100000000000005,585.,100.));
#5588=CARTESIAN_POINT('Origin',(0.100000000000005,567.6,100.));
#5589=CARTESIAN_POINT('Origin',(0.,585.,100.));
#5590=CARTESIAN_POINT('Origin',(0.,567.6,100.));
#5591=CARTESIAN_POINT('Origin',(0.100000000000005,567.6,50.));
#5592=CARTESIAN_POINT('',(0.100000000000005,585.,50.));
#5593=CARTESIAN_POINT('Origin',(-17.5,550.,-100.));
#5594=CARTESIAN_POINT('',(-17.5,550.,100.));
#5595=CARTESIAN_POINT('Origin',(1.11022302462516E-15,585.,0.));
#5596=CARTESIAN_POINT('Origin',(0.,550.,100.));
#5597=CARTESIAN_POINT('Origin',(0.,520.,0.));
#5598=CARTESIAN_POINT('',(-6.5,520.,7.9602041944578E-16));
#5599=CARTESIAN_POINT('',(-6.5,520.,7.9602041944578E-16));
#5600=CARTESIAN_POINT('Origin',(0.,520.,0.));
#5601=CARTESIAN_POINT('Origin',(8.57252759403147E-15,15.,70.));
#5602=CARTESIAN_POINT('',(42.5,10.,70.));
#5603=CARTESIAN_POINT('',(32.5,20.,70.));
#5604=CARTESIAN_POINT('',(42.5,10.,70.));
#5605=CARTESIAN_POINT('',(-32.5,20.,70.));
#5606=CARTESIAN_POINT('Origin',(8.57252759403147E-15,20.,70.));
#5607=CARTESIAN_POINT('',(-42.5,10.,70.));
#5608=CARTESIAN_POINT('',(-32.5,20.,70.));
#5609=CARTESIAN_POINT('Origin',(8.57252759403147E-15,10.,70.));
#5610=CARTESIAN_POINT('Origin',(37.5,15.,35.));
#5611=CARTESIAN_POINT('',(42.5,10.,-70.));
#5612=CARTESIAN_POINT('',(32.5,20.,-70.));
#5613=CARTESIAN_POINT('',(42.5,10.,-70.));
#5614=CARTESIAN_POINT('',(32.5,20.,35.));
#5615=CARTESIAN_POINT('',(42.5,10.,35.));
#5616=CARTESIAN_POINT('Origin',(-1.71450551880629E-14,15.,-70.));
#5617=CARTESIAN_POINT('',(-42.5,10.,-70.));
#5618=CARTESIAN_POINT('',(-32.5,20.,-70.));
#5619=CARTESIAN_POINT('',(-42.5,10.,-70.));
#5620=CARTESIAN_POINT('Origin',(-1.71450551880629E-14,20.,-70.));
#5621=CARTESIAN_POINT('Origin',(-1.71450551880629E-14,10.,-70.));
#5622=CARTESIAN_POINT('Origin',(-37.5,15.,-35.));
#5623=CARTESIAN_POINT('',(-32.5,20.,-35.));
#5624=CARTESIAN_POINT('',(-42.5,10.,-35.));
#5625=CARTESIAN_POINT('Origin',(42.5,0.,70.));
#5626=CARTESIAN_POINT('',(42.5,0.,70.));
#5627=CARTESIAN_POINT('',(42.5,0.,70.));
#5628=CARTESIAN_POINT('',(42.5,0.,-70.));
#5629=CARTESIAN_POINT('',(42.5,0.,70.));
#5630=CARTESIAN_POINT('',(42.5,0.,-70.));
#5631=CARTESIAN_POINT('Origin',(8.57252759403147E-15,0.,70.));
#5632=CARTESIAN_POINT('',(-42.5,0.,70.));
#5633=CARTESIAN_POINT('',(-42.5,0.,70.));
#5634=CARTESIAN_POINT('Origin',(8.57252759403147E-15,0.,70.));
#5635=CARTESIAN_POINT('Origin',(-4.44089209850063E-15,20.,0.));
#5636=CARTESIAN_POINT('Origin',(0.,20.,0.));
#5637=CARTESIAN_POINT('Origin',(55.,127.,0.));
#5638=CARTESIAN_POINT('Origin',(55.,127.,0.));
#5639=CARTESIAN_POINT('Origin',(55.,170.,0.));
#5640=CARTESIAN_POINT('',(26.3818239574916,170.,9.));
#5641=CARTESIAN_POINT('',(26.3818239574916,170.,9.));
#5642=CARTESIAN_POINT('Origin',(55.,170.,0.));
#5643=CARTESIAN_POINT('Origin',(0.,20.,9.));
#5644=CARTESIAN_POINT('',(16.7332005306815,170.,9.));
#5645=CARTESIAN_POINT('',(0.,170.,9.));
#5646=CARTESIAN_POINT('',(16.7332005306815,20.,9.));
#5647=CARTESIAN_POINT('Origin',(0.,170.,0.));
#5648=CARTESIAN_POINT('Origin',(0.,170.,0.));
#5649=CARTESIAN_POINT('',(-16.,170.,1.95943487863577E-15));
#5650=CARTESIAN_POINT('Origin',(0.,170.,0.));
#5651=CARTESIAN_POINT('Origin',(0.,20.,0.));
#5652=CARTESIAN_POINT('Origin',(0.,480.,0.));
#5653=CARTESIAN_POINT('',(-18.,480.,-2.20436423846524E-15));
#5654=CARTESIAN_POINT('Origin',(0.,480.,0.));
#5655=CARTESIAN_POINT('',(-16.,480.,-1.95943487863577E-15));
#5656=CARTESIAN_POINT('Origin',(0.,480.,0.));
#5657=CARTESIAN_POINT('Origin',(0.,520.,0.));
#5658=CARTESIAN_POINT('',(-18.,520.,-2.20436423846524E-15));
#5659=CARTESIAN_POINT('',(-18.,520.,-2.20436423846524E-15));
#5660=CARTESIAN_POINT('Origin',(0.,520.,0.));
#5661=CARTESIAN_POINT('Origin',(0.,20.,0.));
#5662=CARTESIAN_POINT('',(-16.,20.,1.95943487863577E-15));
#5663=CARTESIAN_POINT('Origin',(0.,520.,0.));
#5664=CARTESIAN_POINT('Origin',(-42.5,0.,-70.));
#5665=CARTESIAN_POINT('',(-42.5,0.,-70.));
#5666=CARTESIAN_POINT('',(-42.5,0.,-70.));
#5667=CARTESIAN_POINT('',(-42.5,0.,-70.));
#5668=CARTESIAN_POINT('Origin',(-1.71450551880629E-14,0.,-70.));
#5669=CARTESIAN_POINT('Origin',(-1.71450551880629E-14,0.,-70.));
#5670=CARTESIAN_POINT('Origin',(-4.44089209850063E-15,0.,0.));
#5671=CARTESIAN_POINT('',(0.,520.,0.));
#5672=CARTESIAN_POINT('',(0.,0.,9.));
#5673=CARTESIAN_POINT('',(0.,0.,9.));
#5674=CARTESIAN_POINT('',(0.,0.,0.));
#5675=CARTESIAN_POINT('Origin',(9.00000000000006,157.,9.));
#5676=CARTESIAN_POINT('',(9.00000000000006,157.,5.5));
#5677=CARTESIAN_POINT('Origin',(9.00000000000006,157.,9.));
#5678=CARTESIAN_POINT('',(21.,157.,5.5));
#5679=CARTESIAN_POINT('',(9.00000000000006,157.,5.5));
#5680=CARTESIAN_POINT('',(21.,157.,12.5));
#5681=CARTESIAN_POINT('Ctrl Pts',(21.,157.,12.5));
#5682=CARTESIAN_POINT('Ctrl Pts',(21.,157.45707798332,12.5));
#5683=CARTESIAN_POINT('Ctrl Pts',(21.0677499612788,157.933806360356,12.4051790297385));
#5684=CARTESIAN_POINT('Ctrl Pts',(21.3110290453875,158.792382664168,12.0421377301674));
#5685=CARTESIAN_POINT('Ctrl Pts',(21.4846840756547,159.175078159413,11.7746693088923));
#5686=CARTESIAN_POINT('Ctrl Pts',(21.8287150784375,159.779010122101,11.1707373462045));
#5687=CARTESIAN_POINT('Ctrl Pts',(22.0261620390455,160.043705815988,10.788833995622));
#5688=CARTESIAN_POINT('Ctrl Pts',(22.3300548424851,160.403974358924,9.93649540870833));
#5689=CARTESIAN_POINT('Ctrl Pts',(22.4292857857284,160.5,9.46369612686475));
#5690=CARTESIAN_POINT('Ctrl Pts',(22.4292857857284,160.5,8.53630387313525));
#5691=CARTESIAN_POINT('Ctrl Pts',(22.3300548424851,160.403974358924,8.06350459129167));
#5692=CARTESIAN_POINT('Ctrl Pts',(22.0261620390455,160.043705815988,7.21116600437804));
#5693=CARTESIAN_POINT('Ctrl Pts',(21.8287150784375,159.779010122101,6.82926265379546));
#5694=CARTESIAN_POINT('Ctrl Pts',(21.4846840756547,159.175078159413,6.22533069110771));
#5695=CARTESIAN_POINT('Ctrl Pts',(21.3110290453875,158.792382664168,5.95786226983256));
#5696=CARTESIAN_POINT('Ctrl Pts',(21.0677499612788,157.933806360356,5.59482097026146));
#5697=CARTESIAN_POINT('Ctrl Pts',(21.,157.45707798332,5.5));
#5698=CARTESIAN_POINT('Ctrl Pts',(21.,157.,5.5));
#5699=CARTESIAN_POINT('',(22.4292857857288,153.5,9.));
#5700=CARTESIAN_POINT('Ctrl Pts',(22.4292857857288,153.5,9.));
#5701=CARTESIAN_POINT('Ctrl Pts',(22.4292857857288,153.5,9.46369612686476));
#5702=CARTESIAN_POINT('Ctrl Pts',(22.3300548424855,153.596025641076,9.93649540870834));
#5703=CARTESIAN_POINT('Ctrl Pts',(22.0261620390458,153.956294184012,10.788833995622));
#5704=CARTESIAN_POINT('Ctrl Pts',(21.8287150784378,154.220989877899,11.1707373462045));
#5705=CARTESIAN_POINT('Ctrl Pts',(21.4846840756549,154.824921840586,11.7746693088923));
#5706=CARTESIAN_POINT('Ctrl Pts',(21.3110290453876,155.207617335831,12.0421377301674));
#5707=CARTESIAN_POINT('Ctrl Pts',(21.0677499612789,156.066193639644,12.4051790297385));
#5708=CARTESIAN_POINT('Ctrl Pts',(21.,156.542922016679,12.5));
#5709=CARTESIAN_POINT('Ctrl Pts',(21.,157.,12.5));
#5710=CARTESIAN_POINT('Ctrl Pts',(21.,157.,5.5));
#5711=CARTESIAN_POINT('Ctrl Pts',(21.,156.542922016679,5.5));
#5712=CARTESIAN_POINT('Ctrl Pts',(21.0677499612789,156.066193639644,5.59482097026145));
#5713=CARTESIAN_POINT('Ctrl Pts',(21.3110290453876,155.207617335831,5.95786226983254));
#5714=CARTESIAN_POINT('Ctrl Pts',(21.4846840756549,154.824921840586,6.22533069110772));
#5715=CARTESIAN_POINT('Ctrl Pts',(21.8287150784378,154.220989877899,6.82926265379547));
#5716=CARTESIAN_POINT('Ctrl Pts',(22.0261620390458,153.956294184012,7.21116600437804));
#5717=CARTESIAN_POINT('Ctrl Pts',(22.3300548424855,153.596025641076,8.06350459129166));
#5718=CARTESIAN_POINT('Ctrl Pts',(22.4292857857288,153.5,8.53630387313524));
#5719=CARTESIAN_POINT('Ctrl Pts',(22.4292857857288,153.5,9.));
#5720=CARTESIAN_POINT('Origin',(471.,305.,9.));
#5721=CARTESIAN_POINT('',(467.5,305.,9.));
#5722=CARTESIAN_POINT('Origin',(471.,305.,9.));
#5723=CARTESIAN_POINT('',(467.5,291.570714214272,9.));
#5724=CARTESIAN_POINT('',(467.5,305.,9.));
#5725=CARTESIAN_POINT('Ctrl Pts',(467.5,291.570714214272,9.));
#5726=CARTESIAN_POINT('Ctrl Pts',(467.5,291.570714214272,9.46369612686475));
#5727=CARTESIAN_POINT('Ctrl Pts',(467.596025641076,291.669945157516,9.93649540870834));
#5728=CARTESIAN_POINT('Ctrl Pts',(467.956294184012,291.973837960955,10.788833995622));
#5729=CARTESIAN_POINT('Ctrl Pts',(468.220989877899,292.171284921563,11.1707373462045));
#5730=CARTESIAN_POINT('Ctrl Pts',(468.824921840587,292.515315924346,11.7746693088923));
#5731=CARTESIAN_POINT('Ctrl Pts',(469.207617335832,292.688970954613,12.0421377301675));
#5732=CARTESIAN_POINT('Ctrl Pts',(470.066193639644,292.932250038722,12.4051790297385));
#5733=CARTESIAN_POINT('Ctrl Pts',(470.54292201668,293.,12.5));
#5734=CARTESIAN_POINT('Ctrl Pts',(471.457077983321,293.,12.5));
#5735=CARTESIAN_POINT('Ctrl Pts',(471.933806360356,292.932250038721,12.4051790297385));
#5736=CARTESIAN_POINT('Ctrl Pts',(472.792382664169,292.688970954613,12.0421377301674));
#5737=CARTESIAN_POINT('Ctrl Pts',(473.175078159414,292.515315924345,11.7746693088923));
#5738=CARTESIAN_POINT('Ctrl Pts',(473.779010122102,292.171284921562,11.1707373462045));
#5739=CARTESIAN_POINT('Ctrl Pts',(474.043705815988,291.973837960954,10.7888339956219));
#5740=CARTESIAN_POINT('Ctrl Pts',(474.403974358924,291.669945157515,9.93649540870834));
#5741=CARTESIAN_POINT('Ctrl Pts',(474.5,291.570714214271,9.46369612686476));
#5742=CARTESIAN_POINT('Ctrl Pts',(474.5,291.570714214271,8.53630387313524));
#5743=CARTESIAN_POINT('Ctrl Pts',(474.403974358924,291.669945157515,8.06350459129166));
#5744=CARTESIAN_POINT('Ctrl Pts',(474.043705815988,291.973837960954,7.21116600437806));
#5745=CARTESIAN_POINT('Ctrl Pts',(473.779010122102,292.171284921562,6.82926265379548));
#5746=CARTESIAN_POINT('Ctrl Pts',(473.175078159414,292.515315924345,6.22533069110773));
#5747=CARTESIAN_POINT('Ctrl Pts',(472.792382664169,292.688970954613,5.95786226983258));
#5748=CARTESIAN_POINT('Ctrl Pts',(471.933806360356,292.932250038721,5.59482097026148));
#5749=CARTESIAN_POINT('Ctrl Pts',(471.457077983321,293.,5.5));
#5750=CARTESIAN_POINT('Ctrl Pts',(470.54292201668,293.,5.5));
#5751=CARTESIAN_POINT('Ctrl Pts',(470.066193639644,292.932250038722,5.59482097026148));
#5752=CARTESIAN_POINT('Ctrl Pts',(469.207617335832,292.688970954613,5.95786226983254));
#5753=CARTESIAN_POINT('Ctrl Pts',(468.824921840587,292.515315924346,6.22533069110769));
#5754=CARTESIAN_POINT('Ctrl Pts',(468.220989877899,292.171284921563,6.82926265379545));
#5755=CARTESIAN_POINT('Ctrl Pts',(467.956294184012,291.973837960955,7.21116600437803));
#5756=CARTESIAN_POINT('Ctrl Pts',(467.596025641076,291.669945157516,8.06350459129166));
#5757=CARTESIAN_POINT('Ctrl Pts',(467.5,291.570714214272,8.53630387313525));
#5758=CARTESIAN_POINT('Ctrl Pts',(467.5,291.570714214272,9.));
#5759=CARTESIAN_POINT('Origin',(314.,305.,9.));
#5760=CARTESIAN_POINT('',(310.5,305.,9.));
#5761=CARTESIAN_POINT('Origin',(314.,305.,9.));
#5762=CARTESIAN_POINT('',(310.5,291.570714214272,9.));
#5763=CARTESIAN_POINT('',(310.5,305.,9.));
#5764=CARTESIAN_POINT('Ctrl Pts',(310.5,291.570714214272,9.));
#5765=CARTESIAN_POINT('Ctrl Pts',(310.5,291.570714214272,9.46369612686476));
#5766=CARTESIAN_POINT('Ctrl Pts',(310.596025641076,291.669945157515,9.93649540870833));
#5767=CARTESIAN_POINT('Ctrl Pts',(310.956294184012,291.973837960955,10.788833995622));
#5768=CARTESIAN_POINT('Ctrl Pts',(311.220989877899,292.171284921563,11.1707373462045));
#5769=CARTESIAN_POINT('Ctrl Pts',(311.824921840587,292.515315924346,11.7746693088923));
#5770=CARTESIAN_POINT('Ctrl Pts',(312.207617335832,292.688970954613,12.0421377301675));
#5771=CARTESIAN_POINT('Ctrl Pts',(313.066193639644,292.932250038722,12.4051790297386));
#5772=CARTESIAN_POINT('Ctrl Pts',(313.54292201668,293.,12.5));
#5773=CARTESIAN_POINT('Ctrl Pts',(314.457077983321,293.,12.5));
#5774=CARTESIAN_POINT('Ctrl Pts',(314.933806360356,292.932250038722,12.4051790297386));
#5775=CARTESIAN_POINT('Ctrl Pts',(315.792382664169,292.688970954613,12.0421377301674));
#5776=CARTESIAN_POINT('Ctrl Pts',(316.175078159414,292.515315924345,11.7746693088923));
#5777=CARTESIAN_POINT('Ctrl Pts',(316.779010122101,292.171284921563,11.1707373462045));
#5778=CARTESIAN_POINT('Ctrl Pts',(317.043705815988,291.973837960955,10.788833995622));
#5779=CARTESIAN_POINT('Ctrl Pts',(317.403974358924,291.669945157515,9.93649540870833));
#5780=CARTESIAN_POINT('Ctrl Pts',(317.5,291.570714214272,9.46369612686476));
#5781=CARTESIAN_POINT('Ctrl Pts',(317.5,291.570714214272,8.53630387313524));
#5782=CARTESIAN_POINT('Ctrl Pts',(317.403974358924,291.669945157515,8.06350459129166));
#5783=CARTESIAN_POINT('Ctrl Pts',(317.043705815988,291.973837960955,7.21116600437804));
#5784=CARTESIAN_POINT('Ctrl Pts',(316.779010122101,292.171284921563,6.82926265379548));
#5785=CARTESIAN_POINT('Ctrl Pts',(316.175078159414,292.515315924345,6.22533069110772));
#5786=CARTESIAN_POINT('Ctrl Pts',(315.792382664169,292.688970954613,5.95786226983256));
#5787=CARTESIAN_POINT('Ctrl Pts',(314.933806360356,292.932250038722,5.59482097026145));
#5788=CARTESIAN_POINT('Ctrl Pts',(314.457077983321,293.,5.5));
#5789=CARTESIAN_POINT('Ctrl Pts',(313.54292201668,293.,5.5));
#5790=CARTESIAN_POINT('Ctrl Pts',(313.066193639644,292.932250038722,5.59482097026145));
#5791=CARTESIAN_POINT('Ctrl Pts',(312.207617335832,292.688970954613,5.95786226983254));
#5792=CARTESIAN_POINT('Ctrl Pts',(311.824921840587,292.515315924346,6.2253306911077));
#5793=CARTESIAN_POINT('Ctrl Pts',(311.220989877899,292.171284921563,6.82926265379546));
#5794=CARTESIAN_POINT('Ctrl Pts',(310.956294184012,291.973837960955,7.211166004378));
#5795=CARTESIAN_POINT('Ctrl Pts',(310.596025641076,291.669945157515,8.06350459129164));
#5796=CARTESIAN_POINT('Ctrl Pts',(310.5,291.570714214272,8.53630387313524));
#5797=CARTESIAN_POINT('Ctrl Pts',(310.5,291.570714214272,9.));
#5798=CARTESIAN_POINT('Origin',(157.,305.,9.));
#5799=CARTESIAN_POINT('',(153.5,305.,9.));
#5800=CARTESIAN_POINT('Origin',(157.,305.,9.));
#5801=CARTESIAN_POINT('',(153.5,291.570714214272,9.));
#5802=CARTESIAN_POINT('',(153.5,305.,9.));
#5803=CARTESIAN_POINT('Ctrl Pts',(153.5,291.570714214272,9.));
#5804=CARTESIAN_POINT('Ctrl Pts',(153.5,291.570714214272,9.46369612686475));
#5805=CARTESIAN_POINT('Ctrl Pts',(153.596025641076,291.669945157516,9.93649540870833));
#5806=CARTESIAN_POINT('Ctrl Pts',(153.956294184012,291.973837960955,10.788833995622));
#5807=CARTESIAN_POINT('Ctrl Pts',(154.220989877899,292.171284921563,11.1707373462046));
#5808=CARTESIAN_POINT('Ctrl Pts',(154.824921840587,292.515315924346,11.7746693088923));
#5809=CARTESIAN_POINT('Ctrl Pts',(155.207617335832,292.688970954613,12.0421377301675));
#5810=CARTESIAN_POINT('Ctrl Pts',(156.066193639644,292.932250038722,12.4051790297385));
#5811=CARTESIAN_POINT('Ctrl Pts',(156.54292201668,293.,12.5));
#5812=CARTESIAN_POINT('Ctrl Pts',(157.457077983321,293.,12.5));
#5813=CARTESIAN_POINT('Ctrl Pts',(157.933806360356,292.932250038721,12.4051790297385));
#5814=CARTESIAN_POINT('Ctrl Pts',(158.792382664169,292.688970954613,12.0421377301674));
#5815=CARTESIAN_POINT('Ctrl Pts',(159.175078159414,292.515315924345,11.7746693088923));
#5816=CARTESIAN_POINT('Ctrl Pts',(159.779010122102,292.171284921562,11.1707373462045));
#5817=CARTESIAN_POINT('Ctrl Pts',(160.043705815988,291.973837960954,10.788833995622));
#5818=CARTESIAN_POINT('Ctrl Pts',(160.403974358924,291.669945157515,9.93649540870834));
#5819=CARTESIAN_POINT('Ctrl Pts',(160.5,291.570714214271,9.46369612686476));
#5820=CARTESIAN_POINT('Ctrl Pts',(160.5,291.570714214271,8.53630387313524));
#5821=CARTESIAN_POINT('Ctrl Pts',(160.403974358924,291.669945157515,8.06350459129166));
#5822=CARTESIAN_POINT('Ctrl Pts',(160.043705815988,291.973837960954,7.21116600437804));
#5823=CARTESIAN_POINT('Ctrl Pts',(159.779010122102,292.171284921562,6.82926265379548));
#5824=CARTESIAN_POINT('Ctrl Pts',(159.175078159414,292.515315924345,6.22533069110773));
#5825=CARTESIAN_POINT('Ctrl Pts',(158.792382664169,292.688970954613,5.95786226983257));
#5826=CARTESIAN_POINT('Ctrl Pts',(157.933806360356,292.932250038721,5.59482097026146));
#5827=CARTESIAN_POINT('Ctrl Pts',(157.457077983321,293.,5.5));
#5828=CARTESIAN_POINT('Ctrl Pts',(156.54292201668,293.,5.5));
#5829=CARTESIAN_POINT('Ctrl Pts',(156.066193639644,292.932250038722,5.59482097026145));
#5830=CARTESIAN_POINT('Ctrl Pts',(155.207617335832,292.688970954613,5.95786226983254));
#5831=CARTESIAN_POINT('Ctrl Pts',(154.824921840587,292.515315924346,6.22533069110769));
#5832=CARTESIAN_POINT('Ctrl Pts',(154.220989877899,292.171284921563,6.82926265379545));
#5833=CARTESIAN_POINT('Ctrl Pts',(153.956294184012,291.973837960955,7.21116600437802));
#5834=CARTESIAN_POINT('Ctrl Pts',(153.596025641076,291.669945157516,8.06350459129167));
#5835=CARTESIAN_POINT('Ctrl Pts',(153.5,291.570714214272,8.53630387313525));
#5836=CARTESIAN_POINT('Ctrl Pts',(153.5,291.570714214272,9.));
#5837=CARTESIAN_POINT('Origin',(619.,157.,9.));
#5838=CARTESIAN_POINT('',(619.,157.,12.5));
#5839=CARTESIAN_POINT('Origin',(619.,157.,9.));
#5840=CARTESIAN_POINT('',(607.,157.,12.5));
#5841=CARTESIAN_POINT('',(619.,157.,12.5));
#5842=CARTESIAN_POINT('',(605.570714214272,160.5,9.));
#5843=CARTESIAN_POINT('Ctrl Pts',(605.570714214272,160.5,9.));
#5844=CARTESIAN_POINT('Ctrl Pts',(605.570714214272,160.5,9.46369612686475));
#5845=CARTESIAN_POINT('Ctrl Pts',(605.669945157515,160.403974358924,9.9364954087083));
#5846=CARTESIAN_POINT('Ctrl Pts',(605.973837960954,160.043705815988,10.788833995622));
#5847=CARTESIAN_POINT('Ctrl Pts',(606.171284921562,159.779010122101,11.1707373462045));
#5848=CARTESIAN_POINT('Ctrl Pts',(606.515315924345,159.175078159414,11.7746693088923));
#5849=CARTESIAN_POINT('Ctrl Pts',(606.688970954613,158.792382664169,12.0421377301674));
#5850=CARTESIAN_POINT('Ctrl Pts',(606.932250038721,157.933806360356,12.4051790297385));
#5851=CARTESIAN_POINT('Ctrl Pts',(607.,157.457077983321,12.5));
#5852=CARTESIAN_POINT('Ctrl Pts',(607.,157.,12.5));
#5853=CARTESIAN_POINT('Ctrl Pts',(607.,157.,12.5));
#5854=CARTESIAN_POINT('Ctrl Pts',(607.,156.542922016679,12.5));
#5855=CARTESIAN_POINT('Ctrl Pts',(606.932250038721,156.066193639644,12.4051790297385));
#5856=CARTESIAN_POINT('Ctrl Pts',(606.688970954612,155.207617335831,12.0421377301674));
#5857=CARTESIAN_POINT('Ctrl Pts',(606.515315924345,154.824921840586,11.7746693088923));
#5858=CARTESIAN_POINT('Ctrl Pts',(606.171284921562,154.220989877899,11.1707373462045));
#5859=CARTESIAN_POINT('Ctrl Pts',(605.973837960954,153.956294184012,10.788833995622));
#5860=CARTESIAN_POINT('Ctrl Pts',(605.669945157514,153.596025641076,9.93649540870837));
#5861=CARTESIAN_POINT('Ctrl Pts',(605.570714214271,153.5,9.46369612686476));
#5862=CARTESIAN_POINT('Ctrl Pts',(605.570714214271,153.5,8.53630387313524));
#5863=CARTESIAN_POINT('Ctrl Pts',(605.669945157514,153.596025641076,8.06350459129163));
#5864=CARTESIAN_POINT('Ctrl Pts',(605.973837960954,153.956294184012,7.21116600437801));
#5865=CARTESIAN_POINT('Ctrl Pts',(606.171284921562,154.220989877899,6.82926265379548));
#5866=CARTESIAN_POINT('Ctrl Pts',(606.515315924345,154.824921840586,6.22533069110773));
#5867=CARTESIAN_POINT('Ctrl Pts',(606.688970954612,155.207617335831,5.95786226983256));
#5868=CARTESIAN_POINT('Ctrl Pts',(606.932250038721,156.066193639644,5.59482097026145));
#5869=CARTESIAN_POINT('Ctrl Pts',(607.,156.542922016679,5.5));
#5870=CARTESIAN_POINT('Ctrl Pts',(607.,157.457077983321,5.5));
#5871=CARTESIAN_POINT('Ctrl Pts',(606.932250038721,157.933806360356,5.59482097026147));
#5872=CARTESIAN_POINT('Ctrl Pts',(606.688970954613,158.792382664169,5.95786226983256));
#5873=CARTESIAN_POINT('Ctrl Pts',(606.515315924345,159.175078159414,6.22533069110771));
#5874=CARTESIAN_POINT('Ctrl Pts',(606.171284921562,159.779010122101,6.82926265379547));
#5875=CARTESIAN_POINT('Ctrl Pts',(605.973837960954,160.043705815988,7.21116600437803));
#5876=CARTESIAN_POINT('Ctrl Pts',(605.669945157515,160.403974358924,8.06350459129169));
#5877=CARTESIAN_POINT('Ctrl Pts',(605.570714214272,160.5,8.53630387313525));
#5878=CARTESIAN_POINT('Ctrl Pts',(605.570714214272,160.5,9.));
#5879=CARTESIAN_POINT('Origin',(157.,8.99999999999994,9.));
#5880=CARTESIAN_POINT('',(153.5,8.99999999999991,9.));
#5881=CARTESIAN_POINT('Origin',(157.,8.99999999999991,9.));
#5882=CARTESIAN_POINT('',(153.5,22.4292857857285,9.));
#5883=CARTESIAN_POINT('',(153.5,8.99999999999994,9.));
#5884=CARTESIAN_POINT('',(160.5,22.4292857857285,9.));
#5885=CARTESIAN_POINT('Ctrl Pts',(160.5,22.4292857857285,9.));
#5886=CARTESIAN_POINT('Ctrl Pts',(160.5,22.4292857857285,9.46369612686476));
#5887=CARTESIAN_POINT('Ctrl Pts',(160.403974358924,22.3300548424852,9.93649540870833));
#5888=CARTESIAN_POINT('Ctrl Pts',(160.043705815988,22.0261620390456,10.788833995622));
#5889=CARTESIAN_POINT('Ctrl Pts',(159.779010122101,21.8287150784376,11.1707373462045));
#5890=CARTESIAN_POINT('Ctrl Pts',(159.175078159413,21.4846840756548,11.7746693088923));
#5891=CARTESIAN_POINT('Ctrl Pts',(158.792382664168,21.3110290453875,12.0421377301674));
#5892=CARTESIAN_POINT('Ctrl Pts',(157.933806360356,21.0677499612788,12.4051790297385));
#5893=CARTESIAN_POINT('Ctrl Pts',(157.45707798332,20.9999999999999,12.5));
#5894=CARTESIAN_POINT('Ctrl Pts',(156.542922016679,20.9999999999999,12.5));
#5895=CARTESIAN_POINT('Ctrl Pts',(156.066193639644,21.0677499612788,12.4051790297385));
#5896=CARTESIAN_POINT('Ctrl Pts',(155.207617335831,21.3110290453874,12.0421377301674));
#5897=CARTESIAN_POINT('Ctrl Pts',(154.824921840586,21.4846840756547,11.7746693088923));
#5898=CARTESIAN_POINT('Ctrl Pts',(154.220989877899,21.8287150784375,11.1707373462045));
#5899=CARTESIAN_POINT('Ctrl Pts',(153.956294184012,22.0261620390455,10.788833995622));
#5900=CARTESIAN_POINT('Ctrl Pts',(153.596025641076,22.3300548424852,9.93649540870834));
#5901=CARTESIAN_POINT('Ctrl Pts',(153.5,22.4292857857285,9.46369612686476));
#5902=CARTESIAN_POINT('Ctrl Pts',(153.5,22.4292857857285,9.));
#5903=CARTESIAN_POINT('Ctrl Pts',(153.5,22.4292857857285,9.));
#5904=CARTESIAN_POINT('Ctrl Pts',(153.5,22.4292857857285,8.53630387313525));
#5905=CARTESIAN_POINT('Ctrl Pts',(153.596025641076,22.3300548424852,8.06350459129166));
#5906=CARTESIAN_POINT('Ctrl Pts',(153.956294184012,22.0261620390455,7.21116600437803));
#5907=CARTESIAN_POINT('Ctrl Pts',(154.220989877899,21.8287150784375,6.82926265379546));
#5908=CARTESIAN_POINT('Ctrl Pts',(154.824921840586,21.4846840756547,6.22533069110771));
#5909=CARTESIAN_POINT('Ctrl Pts',(155.207617335831,21.3110290453874,5.95786226983255));
#5910=CARTESIAN_POINT('Ctrl Pts',(156.066193639644,21.0677499612788,5.59482097026146));
#5911=CARTESIAN_POINT('Ctrl Pts',(156.542922016679,20.9999999999999,5.5));
#5912=CARTESIAN_POINT('Ctrl Pts',(157.45707798332,20.9999999999999,5.5));
#5913=CARTESIAN_POINT('Ctrl Pts',(157.933806360356,21.0677499612788,5.59482097026146));
#5914=CARTESIAN_POINT('Ctrl Pts',(158.792382664168,21.3110290453875,5.95786226983255));
#5915=CARTESIAN_POINT('Ctrl Pts',(159.175078159413,21.4846840756548,6.22533069110771));
#5916=CARTESIAN_POINT('Ctrl Pts',(159.779010122101,21.8287150784376,6.82926265379547));
#5917=CARTESIAN_POINT('Ctrl Pts',(160.043705815988,22.0261620390456,7.21116600437803));
#5918=CARTESIAN_POINT('Ctrl Pts',(160.403974358924,22.3300548424852,8.06350459129166));
#5919=CARTESIAN_POINT('Ctrl Pts',(160.5,22.4292857857285,8.53630387313524));
#5920=CARTESIAN_POINT('Ctrl Pts',(160.5,22.4292857857285,9.));
#5921=CARTESIAN_POINT('Origin',(471.,8.99999999999999,9.));
#5922=CARTESIAN_POINT('',(467.5,8.99999999999991,9.));
#5923=CARTESIAN_POINT('Origin',(471.,8.99999999999991,9.));
#5924=CARTESIAN_POINT('',(467.5,22.4292857857285,9.));
#5925=CARTESIAN_POINT('',(467.5,8.99999999999999,9.));
#5926=CARTESIAN_POINT('',(474.5,22.4292857857285,9.));
#5927=CARTESIAN_POINT('Ctrl Pts',(474.5,22.4292857857285,9.));
#5928=CARTESIAN_POINT('Ctrl Pts',(474.5,22.4292857857285,9.46369612686476));
#5929=CARTESIAN_POINT('Ctrl Pts',(474.403974358924,22.3300548424852,9.93649540870834));
#5930=CARTESIAN_POINT('Ctrl Pts',(474.043705815988,22.0261620390456,10.788833995622));
#5931=CARTESIAN_POINT('Ctrl Pts',(473.779010122101,21.8287150784376,11.1707373462045));
#5932=CARTESIAN_POINT('Ctrl Pts',(473.175078159413,21.4846840756547,11.7746693088923));
#5933=CARTESIAN_POINT('Ctrl Pts',(472.792382664168,21.3110290453874,12.0421377301675));
#5934=CARTESIAN_POINT('Ctrl Pts',(471.933806360356,21.0677499612788,12.4051790297385));
#5935=CARTESIAN_POINT('Ctrl Pts',(471.45707798332,20.9999999999999,12.5));
#5936=CARTESIAN_POINT('Ctrl Pts',(470.542922016679,20.9999999999999,12.5));
#5937=CARTESIAN_POINT('Ctrl Pts',(470.066193639644,21.0677499612788,12.4051790297385));
#5938=CARTESIAN_POINT('Ctrl Pts',(469.207617335831,21.3110290453874,12.0421377301675));
#5939=CARTESIAN_POINT('Ctrl Pts',(468.824921840586,21.4846840756547,11.7746693088923));
#5940=CARTESIAN_POINT('Ctrl Pts',(468.220989877899,21.8287150784376,11.1707373462045));
#5941=CARTESIAN_POINT('Ctrl Pts',(467.956294184012,22.0261620390456,10.788833995622));
#5942=CARTESIAN_POINT('Ctrl Pts',(467.596025641076,22.3300548424852,9.93649540870834));
#5943=CARTESIAN_POINT('Ctrl Pts',(467.5,22.4292857857285,9.46369612686476));
#5944=CARTESIAN_POINT('Ctrl Pts',(467.5,22.4292857857285,9.));
#5945=CARTESIAN_POINT('Ctrl Pts',(467.5,22.4292857857285,9.));
#5946=CARTESIAN_POINT('Ctrl Pts',(467.5,22.4292857857285,8.53630387313524));
#5947=CARTESIAN_POINT('Ctrl Pts',(467.596025641076,22.3300548424852,8.06350459129166));
#5948=CARTESIAN_POINT('Ctrl Pts',(467.956294184012,22.0261620390456,7.21116600437803));
#5949=CARTESIAN_POINT('Ctrl Pts',(468.220989877899,21.8287150784376,6.82926265379547));
#5950=CARTESIAN_POINT('Ctrl Pts',(468.824921840586,21.4846840756547,6.22533069110772));
#5951=CARTESIAN_POINT('Ctrl Pts',(469.207617335831,21.3110290453874,5.95786226983255));
#5952=CARTESIAN_POINT('Ctrl Pts',(470.066193639644,21.0677499612788,5.59482097026148));
#5953=CARTESIAN_POINT('Ctrl Pts',(470.542922016679,20.9999999999999,5.5));
#5954=CARTESIAN_POINT('Ctrl Pts',(471.45707798332,20.9999999999999,5.5));
#5955=CARTESIAN_POINT('Ctrl Pts',(471.933806360356,21.0677499612788,5.59482097026148));
#5956=CARTESIAN_POINT('Ctrl Pts',(472.792382664168,21.3110290453874,5.95786226983255));
#5957=CARTESIAN_POINT('Ctrl Pts',(473.175078159413,21.4846840756547,6.22533069110772));
#5958=CARTESIAN_POINT('Ctrl Pts',(473.779010122101,21.8287150784376,6.82926265379547));
#5959=CARTESIAN_POINT('Ctrl Pts',(474.043705815988,22.0261620390456,7.21116600437803));
#5960=CARTESIAN_POINT('Ctrl Pts',(474.403974358924,22.3300548424852,8.06350459129166));
#5961=CARTESIAN_POINT('Ctrl Pts',(474.5,22.4292857857285,8.53630387313524));
#5962=CARTESIAN_POINT('Ctrl Pts',(474.5,22.4292857857285,9.));
#5963=CARTESIAN_POINT('Origin',(314.,8.99999999999997,9.));
#5964=CARTESIAN_POINT('',(310.5,8.99999999999991,9.));
#5965=CARTESIAN_POINT('Origin',(314.,8.99999999999991,9.));
#5966=CARTESIAN_POINT('',(310.5,22.4292857857285,9.));
#5967=CARTESIAN_POINT('',(310.5,8.99999999999997,9.));
#5968=CARTESIAN_POINT('',(317.5,22.4292857857285,9.));
#5969=CARTESIAN_POINT('Ctrl Pts',(317.5,22.4292857857285,9.));
#5970=CARTESIAN_POINT('Ctrl Pts',(317.5,22.4292857857285,9.46369612686475));
#5971=CARTESIAN_POINT('Ctrl Pts',(317.403974358924,22.3300548424852,9.93649540870834));
#5972=CARTESIAN_POINT('Ctrl Pts',(317.043705815988,22.0261620390456,10.788833995622));
#5973=CARTESIAN_POINT('Ctrl Pts',(316.779010122101,21.8287150784376,11.1707373462045));
#5974=CARTESIAN_POINT('Ctrl Pts',(316.175078159413,21.4846840756548,11.7746693088923));
#5975=CARTESIAN_POINT('Ctrl Pts',(315.792382664168,21.3110290453875,12.0421377301675));
#5976=CARTESIAN_POINT('Ctrl Pts',(314.933806360356,21.0677499612788,12.4051790297386));
#5977=CARTESIAN_POINT('Ctrl Pts',(314.457077983321,20.9999999999999,12.5));
#5978=CARTESIAN_POINT('Ctrl Pts',(313.542922016679,20.9999999999999,12.5));
#5979=CARTESIAN_POINT('Ctrl Pts',(313.066193639644,21.0677499612788,12.4051790297386));
#5980=CARTESIAN_POINT('Ctrl Pts',(312.207617335831,21.3110290453874,12.0421377301675));
#5981=CARTESIAN_POINT('Ctrl Pts',(311.824921840586,21.4846840756547,11.7746693088923));
#5982=CARTESIAN_POINT('Ctrl Pts',(311.220989877899,21.8287150784376,11.1707373462045));
#5983=CARTESIAN_POINT('Ctrl Pts',(310.956294184012,22.0261620390456,10.788833995622));
#5984=CARTESIAN_POINT('Ctrl Pts',(310.596025641076,22.3300548424852,9.93649540870834));
#5985=CARTESIAN_POINT('Ctrl Pts',(310.5,22.4292857857285,9.46369612686475));
#5986=CARTESIAN_POINT('Ctrl Pts',(310.5,22.4292857857285,9.));
#5987=CARTESIAN_POINT('Ctrl Pts',(310.5,22.4292857857285,9.));
#5988=CARTESIAN_POINT('Ctrl Pts',(310.5,22.4292857857285,8.53630387313525));
#5989=CARTESIAN_POINT('Ctrl Pts',(310.596025641076,22.3300548424852,8.06350459129166));
#5990=CARTESIAN_POINT('Ctrl Pts',(310.956294184012,22.0261620390456,7.21116600437804));
#5991=CARTESIAN_POINT('Ctrl Pts',(311.220989877899,21.8287150784376,6.82926265379547));
#5992=CARTESIAN_POINT('Ctrl Pts',(311.824921840586,21.4846840756547,6.22533069110771));
#5993=CARTESIAN_POINT('Ctrl Pts',(312.207617335831,21.3110290453874,5.95786226983255));
#5994=CARTESIAN_POINT('Ctrl Pts',(313.066193639644,21.0677499612788,5.59482097026145));
#5995=CARTESIAN_POINT('Ctrl Pts',(313.542922016679,20.9999999999999,5.5));
#5996=CARTESIAN_POINT('Ctrl Pts',(314.457077983321,20.9999999999999,5.5));
#5997=CARTESIAN_POINT('Ctrl Pts',(314.933806360356,21.0677499612788,5.59482097026145));
#5998=CARTESIAN_POINT('Ctrl Pts',(315.792382664168,21.3110290453875,5.95786226983255));
#5999=CARTESIAN_POINT('Ctrl Pts',(316.175078159413,21.4846840756548,6.22533069110771));
#6000=CARTESIAN_POINT('Ctrl Pts',(316.779010122101,21.8287150784376,6.82926265379547));
#6001=CARTESIAN_POINT('Ctrl Pts',(317.043705815988,22.0261620390456,7.21116600437804));
#6002=CARTESIAN_POINT('Ctrl Pts',(317.403974358924,22.3300548424852,8.06350459129166));
#6003=CARTESIAN_POINT('Ctrl Pts',(317.5,22.4292857857285,8.53630387313524));
#6004=CARTESIAN_POINT('Ctrl Pts',(317.5,22.4292857857285,9.));
#6005=CARTESIAN_POINT('Ctrl Pts',(11.0000000000001,87.4999999999999,0.));
#6006=CARTESIAN_POINT('Ctrl Pts',(11.0000000000001,84.546805917974,0.));
#6007=CARTESIAN_POINT('Ctrl Pts',(11.0026231635414,78.6575016718857,0.));
#6008=CARTESIAN_POINT('Ctrl Pts',(11.5612418257149,69.7957483911956,0.));
#6009=CARTESIAN_POINT('Ctrl Pts',(13.1101796432788,61.0446915080727,0.));
#6010=CARTESIAN_POINT('Ctrl Pts',(16.7455759758968,49.769158562332,0.));
#6011=CARTESIAN_POINT('Ctrl Pts',(24.297955693918,36.9189704479045,0.));
#6012=CARTESIAN_POINT('Ctrl Pts',(36.9237322914231,24.294359518453,0.));
#6013=CARTESIAN_POINT('Ctrl Pts',(49.7657747826671,16.7454660439967,0.));
#6014=CARTESIAN_POINT('Ctrl Pts',(61.050980090254,13.108566730673,0.));
#6015=CARTESIAN_POINT('Ctrl Pts',(69.7876974346298,11.5629272722328,0.));
#6016=CARTESIAN_POINT('Ctrl Pts',(78.6453282933219,11.0025053529558,0.));
#6017=CARTESIAN_POINT('Ctrl Pts',(84.546805917974,11.0000000000002,0.));
#6018=CARTESIAN_POINT('Ctrl Pts',(87.5,11.0000000000002,0.));
#6019=CARTESIAN_POINT('Ctrl Pts',(10.4016013993163,87.4999999999999,1.32871180876519E-15));
#6020=CARTESIAN_POINT('Ctrl Pts',(10.4016013993163,84.546805917974,1.32871180876519E-15));
#6021=CARTESIAN_POINT('Ctrl Pts',(10.4040308849242,78.6442255712327,1.50261580032664E-15));
#6022=CARTESIAN_POINT('Ctrl Pts',(10.9653376036121,69.7284029027777,-2.89836453043126E-16));
#6023=CARTESIAN_POINT('Ctrl Pts',(12.5271874830283,60.9014818365626,-4.69755108821577E-16));
#6024=CARTESIAN_POINT('Ctrl Pts',(16.1979697806333,49.5152586846667,1.0156759808999E-16));
#6025=CARTESIAN_POINT('Ctrl Pts',(23.822557402737,36.5454027354904,2.0520658837453E-15));
#6026=CARTESIAN_POINT('Ctrl Pts',(36.5502653569703,23.818891954115,-1.15096822345238E-15));
#6027=CARTESIAN_POINT('Ctrl Pts',(49.5118018520648,16.1978166608015,3.48532161751817E-16));
#6028=CARTESIAN_POINT('Ctrl Pts',(60.907804866578,12.5255801616774,3.74400166826867E-16));
#6029=CARTESIAN_POINT('Ctrl Pts',(69.7202810995865,10.9670274081731,3.33550048975801E-16));
#6030=CARTESIAN_POINT('Ctrl Pts',(78.6320076242197,10.4039150486254,-5.68293499144097E-16));
#6031=CARTESIAN_POINT('Ctrl Pts',(84.5468059179741,10.4016013993164,-6.64355904382597E-16));
#6032=CARTESIAN_POINT('Ctrl Pts',(87.5,10.4016013993165,-6.64355904382597E-16));
#6033=CARTESIAN_POINT('Ctrl Pts',(9.36552376512477,87.4999999999999,0.502026350906078));
#6034=CARTESIAN_POINT('Ctrl Pts',(9.36552376512477,84.5468059179739,0.502026350906078));
#6035=CARTESIAN_POINT('Ctrl Pts',(9.36762843352007,78.6211432424298,0.502026350906078));
#6036=CARTESIAN_POINT('Ctrl Pts',(9.93363649919589,69.6115672810318,0.502026350906075));
#6037=CARTESIAN_POINT('Ctrl Pts',(11.5178340708608,60.6535840266308,0.502026350906075));
#6038=CARTESIAN_POINT('Ctrl Pts',(15.2497685791158,49.0758058279958,0.502026350906076));
#6039=CARTESIAN_POINT('Ctrl Pts',(22.9995767503168,35.8986255816682,0.502026350906079));
#6040=CARTESIAN_POINT('Ctrl Pts',(35.9036258565043,22.9956339053557,0.502026350906074));
#6041=CARTESIAN_POINT('Ctrl Pts',(49.0721386319403,15.2496987384553,0.502026350906076));
#6042=CARTESIAN_POINT('Ctrl Pts',(60.6600444282558,11.5161656629982,0.502026350906076));
#6043=CARTESIAN_POINT('Ctrl Pts',(69.6032897909137,9.93536883116492,0.502026350906076));
#6044=CARTESIAN_POINT('Ctrl Pts',(78.6088676157147,9.36749690520106,0.502026350906075));
#6045=CARTESIAN_POINT('Ctrl Pts',(84.5468059179741,9.36552376512493,0.502026350906074));
#6046=CARTESIAN_POINT('Ctrl Pts',(87.5,9.36552376512495,0.502026350906074));
#6047=CARTESIAN_POINT('Ctrl Pts',(9.00000000000006,87.4999999999999,1.55120104948717));
#6048=CARTESIAN_POINT('Ctrl Pts',(9.00000000000006,84.5468059179739,1.55120104948717));
#6049=CARTESIAN_POINT('Ctrl Pts',(9.00198517558422,78.6130445324893,1.55120104948717));
#6050=CARTESIAN_POINT('Ctrl Pts',(9.56962987785199,69.570456428961,1.55120104948717));
#6051=CARTESIAN_POINT('Ctrl Pts',(11.1617155657546,60.5660997861906,1.55120104948717));
#6052=CARTESIAN_POINT('Ctrl Pts',(14.9152781690023,48.9206971380595,1.55120104948717));
#6053=CARTESIAN_POINT('Ctrl Pts',(22.7091711643161,35.6704339963567,1.55120104948717));
#6054=CARTESIAN_POINT('Ctrl Pts',(35.6754999870983,22.7052037743692,1.55120104948717));
#6055=CARTESIAN_POINT('Ctrl Pts',(48.9169947846556,14.9151641102777,1.55120104948717));
#6056=CARTESIAN_POINT('Ctrl Pts',(60.5725724578446,11.1600585596534,1.55120104948717));
#6057=CARTESIAN_POINT('Ctrl Pts',(69.562139389801,9.57136092401325,1.55120104948717));
#6058=CARTESIAN_POINT('Ctrl Pts',(78.6007394825501,9.00185700992156,1.55120104948717));
#6059=CARTESIAN_POINT('Ctrl Pts',(84.5468059179742,9.00000000000021,1.55120104948717));
#6060=CARTESIAN_POINT('Ctrl Pts',(87.5,9.00000000000023,1.55120104948717));
#6061=CARTESIAN_POINT('Ctrl Pts',(9.00000000000006,87.4999999999999,2.));
#6062=CARTESIAN_POINT('Ctrl Pts',(9.00000000000006,84.5468059179739,2.));
#6063=CARTESIAN_POINT('Ctrl Pts',(9.0019871152781,78.6130268578904,2.));
#6064=CARTESIAN_POINT('Ctrl Pts',(9.56964052021896,69.5704135635381,2.));
#6065=CARTESIAN_POINT('Ctrl Pts',(11.1617246457182,60.5661104580268,2.));
#6066=CARTESIAN_POINT('Ctrl Pts',(14.915265923949,48.9207254884073,2.));
#6067=CARTESIAN_POINT('Ctrl Pts',(22.7091955263154,35.6704384973711,2.));
#6068=CARTESIAN_POINT('Ctrl Pts',(35.6754976964164,22.7051991047201,2.));
#6069=CARTESIAN_POINT('Ctrl Pts',(48.9170076695231,14.9151810074817,2.));
#6070=CARTESIAN_POINT('Ctrl Pts',(60.5725974611686,11.160054591548,2.));
#6071=CARTESIAN_POINT('Ctrl Pts',(69.5620904358108,9.5713780163242,2.));
#6072=CARTESIAN_POINT('Ctrl Pts',(78.6007254009398,9.00185542605389,2.));
#6073=CARTESIAN_POINT('Ctrl Pts',(84.5468059179742,9.00000000000021,2.));
#6074=CARTESIAN_POINT('Ctrl Pts',(87.5,9.00000000000023,2.));
#6075=CARTESIAN_POINT('',(87.5,11.0000000000002,0.));
#6076=CARTESIAN_POINT('',(87.5000000000001,9.00000000000023,2.));
#6077=CARTESIAN_POINT('Origin',(87.5,11.0000000000002,2.));
#6078=CARTESIAN_POINT('',(9.00000000000006,87.4999999999999,2.));
#6079=CARTESIAN_POINT('Ctrl Pts',(87.5,9.00000000000023,2.));
#6080=CARTESIAN_POINT('Ctrl Pts',(84.5468059179742,9.00000000000021,2.));
#6081=CARTESIAN_POINT('Ctrl Pts',(78.6007254009398,9.00185542605389,2.));
#6082=CARTESIAN_POINT('Ctrl Pts',(69.5620904358108,9.5713780163242,2.));
#6083=CARTESIAN_POINT('Ctrl Pts',(60.5725974611686,11.160054591548,2.));
#6084=CARTESIAN_POINT('Ctrl Pts',(48.9170076695231,14.9151810074817,2.));
#6085=CARTESIAN_POINT('Ctrl Pts',(35.6754976964164,22.7051991047201,2.));
#6086=CARTESIAN_POINT('Ctrl Pts',(22.7091955263154,35.6704384973711,2.));
#6087=CARTESIAN_POINT('Ctrl Pts',(14.915265923949,48.9207254884073,2.));
#6088=CARTESIAN_POINT('Ctrl Pts',(11.1617246457182,60.5661104580268,2.));
#6089=CARTESIAN_POINT('Ctrl Pts',(9.56964052021896,69.5704135635381,2.));
#6090=CARTESIAN_POINT('Ctrl Pts',(9.0019871152781,78.6130268578904,2.));
#6091=CARTESIAN_POINT('Ctrl Pts',(9.00000000000006,84.5468059179739,2.));
#6092=CARTESIAN_POINT('Ctrl Pts',(9.00000000000006,87.4999999999999,2.));
#6093=CARTESIAN_POINT('',(11.0000000000001,87.4999999999999,0.));
#6094=CARTESIAN_POINT('Origin',(11.0000000000001,87.4999999999999,2.));
#6095=CARTESIAN_POINT('Ctrl Pts',(11.0000000000001,87.4999999999999,0.));
#6096=CARTESIAN_POINT('Ctrl Pts',(11.0000000000001,84.546805917974,0.));
#6097=CARTESIAN_POINT('Ctrl Pts',(11.0026231635414,78.6575016718857,0.));
#6098=CARTESIAN_POINT('Ctrl Pts',(11.5612418257149,69.7957483911956,0.));
#6099=CARTESIAN_POINT('Ctrl Pts',(13.1101796432788,61.0446915080727,0.));
#6100=CARTESIAN_POINT('Ctrl Pts',(16.7455759758968,49.769158562332,0.));
#6101=CARTESIAN_POINT('Ctrl Pts',(24.297955693918,36.9189704479045,0.));
#6102=CARTESIAN_POINT('Ctrl Pts',(36.9237322914231,24.294359518453,0.));
#6103=CARTESIAN_POINT('Ctrl Pts',(49.7657747826671,16.7454660439967,0.));
#6104=CARTESIAN_POINT('Ctrl Pts',(61.050980090254,13.108566730673,0.));
#6105=CARTESIAN_POINT('Ctrl Pts',(69.7876974346298,11.5629272722328,0.));
#6106=CARTESIAN_POINT('Ctrl Pts',(78.6453282933219,11.0025053529558,0.));
#6107=CARTESIAN_POINT('Ctrl Pts',(84.546805917974,11.0000000000002,0.));
#6108=CARTESIAN_POINT('Ctrl Pts',(87.5,11.0000000000002,0.));
#6109=CARTESIAN_POINT('Origin',(161.5,10.9999999999999,2.));
#6110=CARTESIAN_POINT('',(540.5,11.,0.));
#6111=CARTESIAN_POINT('',(540.5,9.,2.));
#6112=CARTESIAN_POINT('Origin',(540.5,11.,2.));
#6113=CARTESIAN_POINT('',(161.5,8.99999999999994,2.));
#6114=CARTESIAN_POINT('',(161.5,10.9999999999999,0.));
#6115=CARTESIAN_POINT('Ctrl Pts',(540.5,11.,0.));
#6116=CARTESIAN_POINT('Ctrl Pts',(543.453194082026,11.,0.));
#6117=CARTESIAN_POINT('Ctrl Pts',(549.342876860938,11.0023975112262,0.));
#6118=CARTESIAN_POINT('Ctrl Pts',(558.204007946878,11.5619531777983,0.));
#6119=CARTESIAN_POINT('Ctrl Pts',(566.955804540867,13.1097844712631,0.));
#6120=CARTESIAN_POINT('Ctrl Pts',(578.228346198235,16.7474244408737,0.));
#6121=CARTESIAN_POINT('Ctrl Pts',(591.081714130196,24.2974272842623,0.));
#6122=CARTESIAN_POINT('Ctrl Pts',(603.705847067742,36.9240244929402,0.));
#6123=CARTESIAN_POINT('Ctrl Pts',(611.254024392416,49.7659627757105,0.));
#6124=CARTESIAN_POINT('Ctrl Pts',(614.892242825164,61.0497820455146,0.));
#6125=CARTESIAN_POINT('Ctrl Pts',(616.437154115767,69.7877593321741,0.));
#6126=CARTESIAN_POINT('Ctrl Pts',(616.99778576163,78.6448364250627,0.));
#6127=CARTESIAN_POINT('Ctrl Pts',(617.,84.546805917974,0.));
#6128=CARTESIAN_POINT('Ctrl Pts',(617.,87.5,0.));
#6129=CARTESIAN_POINT('Ctrl Pts',(540.5,10.4016013993162,1.99306771314779E-15));
#6130=CARTESIAN_POINT('Ctrl Pts',(543.453194082026,10.4016013993162,1.99306771314779E-15));
#6131=CARTESIAN_POINT('Ctrl Pts',(549.356056111755,10.4037600380588,1.73375744637702E-15));
#6132=CARTESIAN_POINT('Ctrl Pts',(558.271313704959,10.9660308366987,1.05912014531062E-15));
#6133=CARTESIAN_POINT('Ctrl Pts',(567.098943775389,12.5267080683551,5.55696458540695E-16));
#6134=CARTESIAN_POINT('Ctrl Pts',(578.482261132517,16.1998294100912,2.35834119460574E-16));
#6135=CARTESIAN_POINT('Ctrl Pts',(591.45539621474,23.821960056638,6.49184958509583E-16));
#6136=CARTESIAN_POINT('Ctrl Pts',(604.181403362136,36.5505553725998,1.66516090921249E-16));
#6137=CARTESIAN_POINT('Ctrl Pts',(611.801709118678,49.5119249224165,1.03712198902449E-16));
#6138=CARTESIAN_POINT('Ctrl Pts',(615.475287810519,60.9065243914819,1.08653274406954E-16));
#6139=CARTESIAN_POINT('Ctrl Pts',(617.033109076204,69.720412032179,1.75756290765197E-16));
#6140=CARTESIAN_POINT('Ctrl Pts',(617.596413848836,78.6315724821698,-1.29521646800851E-16));
#6141=CARTESIAN_POINT('Ctrl Pts',(617.598398600684,84.546805917974,0.));
#6142=CARTESIAN_POINT('Ctrl Pts',(617.598398600684,87.5,0.));
#6143=CARTESIAN_POINT('Ctrl Pts',(540.5,9.36572376614732,0.502266448368808));
#6144=CARTESIAN_POINT('Ctrl Pts',(543.453194082026,9.36572376614732,0.502266448368808));
#6145=CARTESIAN_POINT('Ctrl Pts',(549.379293133378,9.3675823746441,0.502266448368807));
#6146=CARTESIAN_POINT('Ctrl Pts',(558.388103254842,9.93460291320118,0.502266448368806));
#6147=CARTESIAN_POINT('Ctrl Pts',(567.346986587766,11.5176442144929,0.502266448368805));
#6148=CARTESIAN_POINT('Ctrl Pts',(578.921081194038,15.2518119907101,0.502266448368805));
#6149=CARTESIAN_POINT('Ctrl Pts',(592.102158496386,22.9993180168441,0.502266448368805));
#6150=CARTESIAN_POINT('Ctrl Pts',(605.004525716061,35.9042198286241,0.502266448368805));
#6151=CARTESIAN_POINT('Ctrl Pts',(612.7495361,49.072451600486,0.502266448368805));
#6152=CARTESIAN_POINT('Ctrl Pts',(616.484468592322,60.6586884168081,0.502266448368805));
#6153=CARTESIAN_POINT('Ctrl Pts',(618.064513837324,69.6033657064751,0.502266448368805));
#6154=CARTESIAN_POINT('Ctrl Pts',(618.632617997887,78.6082905655169,0.502266448368804));
#6155=CARTESIAN_POINT('Ctrl Pts',(618.634276233853,84.546805917974,0.502266448368804));
#6156=CARTESIAN_POINT('Ctrl Pts',(618.634276233853,87.5,0.502266448368804));
#6157=CARTESIAN_POINT('Ctrl Pts',(540.5,9.,1.55120104948717));
#6158=CARTESIAN_POINT('Ctrl Pts',(543.453194082026,9.,1.55120104948717));
#6159=CARTESIAN_POINT('Ctrl Pts',(549.387309473884,9.00170229753014,1.55120104948717));
#6160=CARTESIAN_POINT('Ctrl Pts',(558.429213318153,9.57037773332045,1.55120104948717));
#6161=CARTESIAN_POINT('Ctrl Pts',(567.434445748831,11.161258577216,1.55120104948717));
#6162=CARTESIAN_POINT('Ctrl Pts',(579.07633277238,14.9171456120253,1.55120104948717));
#6163=CARTESIAN_POINT('Ctrl Pts',(592.330552306514,22.7086871095807,1.55120104948717));
#6164=CARTESIAN_POINT('Ctrl Pts',(605.295181401604,35.6759508946099,1.55120104948717));
#6165=CARTESIAN_POINT('Ctrl Pts',(613.084288734832,48.9171649523098,1.55120104948717));
#6166=CARTESIAN_POINT('Ctrl Pts',(616.84081944969,60.5711194313999,1.55120104948717));
#6167=CARTESIAN_POINT('Ctrl Pts',(618.428766194246,69.5622470644476,1.55120104948717));
#6168=CARTESIAN_POINT('Ctrl Pts',(618.998488452617,78.6002132143546,1.55120104948717));
#6169=CARTESIAN_POINT('Ctrl Pts',(619.,84.5468059179739,1.55120104948717));
#6170=CARTESIAN_POINT('Ctrl Pts',(619.,87.5,1.55120104948717));
#6171=CARTESIAN_POINT('Ctrl Pts',(540.5,9.,2.));
#6172=CARTESIAN_POINT('Ctrl Pts',(543.453194082026,9.,2.));
#6173=CARTESIAN_POINT('Ctrl Pts',(549.387389326553,9.00172373753837,2.));
#6174=CARTESIAN_POINT('Ctrl Pts',(558.429265785121,9.57040854850454,2.));
#6175=CARTESIAN_POINT('Ctrl Pts',(567.434494290109,11.1613133276469,2.));
#6176=CARTESIAN_POINT('Ctrl Pts',(579.076195272643,14.9171295560082,2.));
#6177=CARTESIAN_POINT('Ctrl Pts',(592.330531067314,22.7087685759245,2.));
#6178=CARTESIAN_POINT('Ctrl Pts',(605.295161553247,35.6759831069955,2.));
#6179=CARTESIAN_POINT('Ctrl Pts',(613.084239474219,48.9172192301716,2.));
#6180=CARTESIAN_POINT('Ctrl Pts',(616.84079706664,60.5711486998041,2.));
#6181=CARTESIAN_POINT('Ctrl Pts',(618.428720334276,69.5621596702118,2.));
#6182=CARTESIAN_POINT('Ctrl Pts',(618.998475086492,78.6001525790807,2.));
#6183=CARTESIAN_POINT('Ctrl Pts',(619.,84.546805917974,2.));
#6184=CARTESIAN_POINT('Ctrl Pts',(619.,87.5,2.));
#6185=CARTESIAN_POINT('',(617.,87.5,0.));
#6186=CARTESIAN_POINT('',(619.,87.5,2.));
#6187=CARTESIAN_POINT('Origin',(617.,87.5,2.));
#6188=CARTESIAN_POINT('Ctrl Pts',(619.,87.5,2.));
#6189=CARTESIAN_POINT('Ctrl Pts',(619.,84.546805917974,2.));
#6190=CARTESIAN_POINT('Ctrl Pts',(618.998475086492,78.6001525790807,2.));
#6191=CARTESIAN_POINT('Ctrl Pts',(618.428720334276,69.5621596702118,2.));
#6192=CARTESIAN_POINT('Ctrl Pts',(616.84079706664,60.5711486998041,2.));
#6193=CARTESIAN_POINT('Ctrl Pts',(613.084239474219,48.9172192301716,2.));
#6194=CARTESIAN_POINT('Ctrl Pts',(605.295161553247,35.6759831069955,2.));
#6195=CARTESIAN_POINT('Ctrl Pts',(592.330531067314,22.7087685759245,2.));
#6196=CARTESIAN_POINT('Ctrl Pts',(579.076195272643,14.9171295560082,2.));
#6197=CARTESIAN_POINT('Ctrl Pts',(567.434494290109,11.1613133276469,2.));
#6198=CARTESIAN_POINT('Ctrl Pts',(558.429265785121,9.57040854850454,2.));
#6199=CARTESIAN_POINT('Ctrl Pts',(549.387389326553,9.00172373753837,2.));
#6200=CARTESIAN_POINT('Ctrl Pts',(543.453194082026,9.,2.));
#6201=CARTESIAN_POINT('Ctrl Pts',(540.5,9.,2.));
#6202=CARTESIAN_POINT('Ctrl Pts',(540.5,11.,0.));
#6203=CARTESIAN_POINT('Ctrl Pts',(543.453194082026,11.,0.));
#6204=CARTESIAN_POINT('Ctrl Pts',(549.342876860938,11.0023975112262,0.));
#6205=CARTESIAN_POINT('Ctrl Pts',(558.204007946878,11.5619531777983,0.));
#6206=CARTESIAN_POINT('Ctrl Pts',(566.955804540867,13.1097844712631,0.));
#6207=CARTESIAN_POINT('Ctrl Pts',(578.228346198235,16.7474244408737,0.));
#6208=CARTESIAN_POINT('Ctrl Pts',(591.081714130196,24.2974272842623,0.));
#6209=CARTESIAN_POINT('Ctrl Pts',(603.705847067742,36.9240244929402,0.));
#6210=CARTESIAN_POINT('Ctrl Pts',(611.254024392416,49.7659627757105,0.));
#6211=CARTESIAN_POINT('Ctrl Pts',(614.892242825164,61.0497820455146,0.));
#6212=CARTESIAN_POINT('Ctrl Pts',(616.437154115767,69.7877593321741,0.));
#6213=CARTESIAN_POINT('Ctrl Pts',(616.99778576163,78.6448364250627,0.));
#6214=CARTESIAN_POINT('Ctrl Pts',(617.,84.546805917974,0.));
#6215=CARTESIAN_POINT('Ctrl Pts',(617.,87.5,0.));
#6216=CARTESIAN_POINT('Origin',(617.,83.0000000000001,2.));
#6217=CARTESIAN_POINT('',(617.,226.5,0.));
#6218=CARTESIAN_POINT('',(619.,226.5,2.));
#6219=CARTESIAN_POINT('Origin',(617.,226.5,2.));
#6220=CARTESIAN_POINT('',(619.,83.0000000000001,2.));
#6221=CARTESIAN_POINT('',(617.,83.0000000000001,0.));
#6222=CARTESIAN_POINT('Ctrl Pts',(617.,226.5,0.));
#6223=CARTESIAN_POINT('Ctrl Pts',(617.,229.453194082026,0.));
#6224=CARTESIAN_POINT('Ctrl Pts',(616.997589315068,235.342887705986,0.));
#6225=CARTESIAN_POINT('Ctrl Pts',(616.437989290837,244.203961968444,0.));
#6226=CARTESIAN_POINT('Ctrl Pts',(614.890172676211,252.955768669595,0.));
#6227=CARTESIAN_POINT('Ctrl Pts',(611.252405632779,264.228144832959,0.));
#6228=CARTESIAN_POINT('Ctrl Pts',(603.702540172329,277.081684220042,0.));
#6229=CARTESIAN_POINT('Ctrl Pts',(591.075952718639,289.705893355691,0.));
#6230=CARTESIAN_POINT('Ctrl Pts',(578.234069030875,297.254019566375,0.));
#6231=CARTESIAN_POINT('Ctrl Pts',(566.950359696445,300.892337728926,0.));
#6232=CARTESIAN_POINT('Ctrl Pts',(558.212305271978,302.437202813751,0.));
#6233=CARTESIAN_POINT('Ctrl Pts',(549.355222055841,302.997825157342,0.));
#6234=CARTESIAN_POINT('Ctrl Pts',(543.453194082026,303.,0.));
#6235=CARTESIAN_POINT('Ctrl Pts',(540.5,303.,0.));
#6236=CARTESIAN_POINT('Ctrl Pts',(617.598398600684,226.5,0.));
#6237=CARTESIAN_POINT('Ctrl Pts',(617.598398600684,229.453194082026,1.26436965229171E-17));
#6238=CARTESIAN_POINT('Ctrl Pts',(617.59623249576,235.356059242469,5.06591676533695E-18));
#6239=CARTESIAN_POINT('Ctrl Pts',(617.033919697765,244.271258648876,-2.56653129286728E-18));
#6240=CARTESIAN_POINT('Ctrl Pts',(615.473260430581,253.098906100649,-3.18697240728649E-19));
#6241=CARTESIAN_POINT('Ctrl Pts',(611.800008318487,264.482060618206,-7.5370016950163E-19));
#6242=CARTESIAN_POINT('Ctrl Pts',(604.178018197866,277.455386173622,4.87074890150687E-20));
#6243=CARTESIAN_POINT('Ctrl Pts',(591.449429750607,290.181471580024,-9.53750885602326E-20));
#6244=CARTESIAN_POINT('Ctrl Pts',(578.488117971661,297.801718490971,1.3826047291914E-20));
#6245=CARTESIAN_POINT('Ctrl Pts',(567.093625868419,301.475396190724,-7.88826280238559E-21));
#6246=CARTESIAN_POINT('Ctrl Pts',(558.279651758109,303.033169237569,1.17502994781753E-21));
#6247=CARTESIAN_POINT('Ctrl Pts',(549.368481801321,303.596459927356,-1.98360878723608E-21));
#6248=CARTESIAN_POINT('Ctrl Pts',(543.453194082026,303.598398600684,0.));
#6249=CARTESIAN_POINT('Ctrl Pts',(540.5,303.598398600684,0.));
#6250=CARTESIAN_POINT('Ctrl Pts',(618.634269125376,226.5,0.502274981960804));
#6251=CARTESIAN_POINT('Ctrl Pts',(618.634269125376,229.453194082026,0.502274981960804));
#6252=CARTESIAN_POINT('Ctrl Pts',(618.632395961142,235.379304559499,0.502274981960804));
#6253=CARTESIAN_POINT('Ctrl Pts',(618.065327560737,244.388047727166,0.502274981960804));
#6254=CARTESIAN_POINT('Ctrl Pts',(616.482299508256,253.346942053881,0.502274981960804));
#6255=CARTESIAN_POINT('Ctrl Pts',(612.748001620962,264.920837552816,0.502274981960804));
#6256=CARTESIAN_POINT('Ctrl Pts',(605.000623071107,278.102128735093,0.502274981960804));
#6257=CARTESIAN_POINT('Ctrl Pts',(592.095718618584,291.004591563352,0.502274981960804));
#6258=CARTESIAN_POINT('Ctrl Pts',(578.927576195005,298.749522276642,0.502274981960804));
#6259=CARTESIAN_POINT('Ctrl Pts',(567.341474044797,302.484559315952,0.502274981960804));
#6260=CARTESIAN_POINT('Ctrl Pts',(558.396709015928,304.064556731799,0.502274981960804));
#6261=CARTESIAN_POINT('Ctrl Pts',(549.391778154363,304.632652503879,0.502274981960804));
#6262=CARTESIAN_POINT('Ctrl Pts',(543.453194082026,304.634269125376,0.502274981960804));
#6263=CARTESIAN_POINT('Ctrl Pts',(540.5,304.634269125376,0.502274981960804));
#6264=CARTESIAN_POINT('Ctrl Pts',(619.,226.5,1.55120104948717));
#6265=CARTESIAN_POINT('Ctrl Pts',(619.,229.453194082026,1.55120104948717));
#6266=CARTESIAN_POINT('Ctrl Pts',(618.998288076556,235.387314713903,1.55120104948717));
#6267=CARTESIAN_POINT('Ctrl Pts',(618.429567047665,244.429151817846,1.55120104948717));
#6268=CARTESIAN_POINT('Ctrl Pts',(616.838702158344,253.434402201952,1.55120104948717));
#6269=CARTESIAN_POINT('Ctrl Pts',(613.082682032951,265.076095834221,1.55120104948717));
#6270=CARTESIAN_POINT('Ctrl Pts',(605.291270407233,278.330543515608,1.55120104948717));
#6271=CARTESIAN_POINT('Ctrl Pts',(592.324001730066,291.295269343601,1.55120104948717));
#6272=CARTESIAN_POINT('Ctrl Pts',(579.082875226783,299.084293606671,1.55120104948717));
#6273=CARTESIAN_POINT('Ctrl Pts',(567.42904989009,302.840928311261,1.55120104948717));
#6274=CARTESIAN_POINT('Ctrl Pts',(558.437827145694,304.428825687339,1.55120104948717));
#6275=CARTESIAN_POINT('Ctrl Pts',(549.399851383775,304.998535542551,1.55120104948717));
#6276=CARTESIAN_POINT('Ctrl Pts',(543.453194082026,305.,1.55120104948717));
#6277=CARTESIAN_POINT('Ctrl Pts',(540.5,305.,1.55120104948717));
#6278=CARTESIAN_POINT('Ctrl Pts',(619.,226.5,2.));
#6279=CARTESIAN_POINT('Ctrl Pts',(619.,229.453194082026,2.));
#6280=CARTESIAN_POINT('Ctrl Pts',(618.998263409243,235.387398760316,2.));
#6281=CARTESIAN_POINT('Ctrl Pts',(618.429531110242,244.4292073645,2.));
#6282=CARTESIAN_POINT('Ctrl Pts',(616.838640268492,253.434450400727,2.));
#6283=CARTESIAN_POINT('Ctrl Pts',(613.082692266806,265.075950350079,2.));
#6284=CARTESIAN_POINT('Ctrl Pts',(605.29117937442,278.33051286395,2.));
#6285=CARTESIAN_POINT('Ctrl Pts',(592.323958911947,291.295242919057,2.));
#6286=CARTESIAN_POINT('Ctrl Pts',(579.082814987234,299.084236498923,2.));
#6287=CARTESIAN_POINT('Ctrl Pts',(567.429020436797,302.840899467891,2.));
#6288=CARTESIAN_POINT('Ctrl Pts',(558.437917101732,304.428774108078,2.));
#6289=CARTESIAN_POINT('Ctrl Pts',(549.399916206103,304.998519133427,2.));
#6290=CARTESIAN_POINT('Ctrl Pts',(543.453194082026,305.,2.));
#6291=CARTESIAN_POINT('Ctrl Pts',(540.5,305.,2.));
#6292=CARTESIAN_POINT('',(540.5,303.,0.));
#6293=CARTESIAN_POINT('',(540.5,305.,2.));
#6294=CARTESIAN_POINT('Origin',(540.5,303.,2.));
#6295=CARTESIAN_POINT('Ctrl Pts',(540.5,305.,2.));
#6296=CARTESIAN_POINT('Ctrl Pts',(543.453194082026,305.,2.));
#6297=CARTESIAN_POINT('Ctrl Pts',(549.399916206103,304.998519133427,2.));
#6298=CARTESIAN_POINT('Ctrl Pts',(558.437917101732,304.428774108078,2.));
#6299=CARTESIAN_POINT('Ctrl Pts',(567.429020436797,302.840899467891,2.));
#6300=CARTESIAN_POINT('Ctrl Pts',(579.082814987234,299.084236498923,2.));
#6301=CARTESIAN_POINT('Ctrl Pts',(592.323958911947,291.295242919057,2.));
#6302=CARTESIAN_POINT('Ctrl Pts',(605.29117937442,278.33051286395,2.));
#6303=CARTESIAN_POINT('Ctrl Pts',(613.082692266806,265.075950350079,2.));
#6304=CARTESIAN_POINT('Ctrl Pts',(616.838640268492,253.434450400727,2.));
#6305=CARTESIAN_POINT('Ctrl Pts',(618.429531110242,244.4292073645,2.));
#6306=CARTESIAN_POINT('Ctrl Pts',(618.998263409243,235.387398760316,2.));
#6307=CARTESIAN_POINT('Ctrl Pts',(619.,229.453194082026,2.));
#6308=CARTESIAN_POINT('Ctrl Pts',(619.,226.5,2.));
#6309=CARTESIAN_POINT('Ctrl Pts',(617.,226.5,0.));
#6310=CARTESIAN_POINT('Ctrl Pts',(617.,229.453194082026,0.));
#6311=CARTESIAN_POINT('Ctrl Pts',(616.997589315068,235.342887705986,0.));
#6312=CARTESIAN_POINT('Ctrl Pts',(616.437989290837,244.203961968444,0.));
#6313=CARTESIAN_POINT('Ctrl Pts',(614.890172676211,252.955768669595,0.));
#6314=CARTESIAN_POINT('Ctrl Pts',(611.252405632779,264.228144832959,0.));
#6315=CARTESIAN_POINT('Ctrl Pts',(603.702540172329,277.081684220042,0.));
#6316=CARTESIAN_POINT('Ctrl Pts',(591.075952718639,289.705893355691,0.));
#6317=CARTESIAN_POINT('Ctrl Pts',(578.234069030875,297.254019566375,0.));
#6318=CARTESIAN_POINT('Ctrl Pts',(566.950359696445,300.892337728926,0.));
#6319=CARTESIAN_POINT('Ctrl Pts',(558.212305271978,302.437202813751,0.));
#6320=CARTESIAN_POINT('Ctrl Pts',(549.355222055841,302.997825157342,0.));
#6321=CARTESIAN_POINT('Ctrl Pts',(543.453194082026,303.,0.));
#6322=CARTESIAN_POINT('Ctrl Pts',(540.5,303.,0.));
#6323=CARTESIAN_POINT('Origin',(466.5,303.,2.));
#6324=CARTESIAN_POINT('',(87.5,303.,0.));
#6325=CARTESIAN_POINT('',(87.5,305.,2.));
#6326=CARTESIAN_POINT('Origin',(87.5,303.,2.));
#6327=CARTESIAN_POINT('',(466.5,305.,2.));
#6328=CARTESIAN_POINT('',(466.5,303.,0.));
#6329=CARTESIAN_POINT('Ctrl Pts',(87.5,303.,0.));
#6330=CARTESIAN_POINT('Ctrl Pts',(84.546805917974,303.,0.));
#6331=CARTESIAN_POINT('Ctrl Pts',(78.65702244534,302.997484356507,0.));
#6332=CARTESIAN_POINT('Ctrl Pts',(69.7963781255195,302.438564279109,0.));
#6333=CARTESIAN_POINT('Ctrl Pts',(61.0437725772984,300.889828416844,0.));
#6334=CARTESIAN_POINT('Ctrl Pts',(49.7719642420661,297.253644069974,0.));
#6335=CARTESIAN_POINT('Ctrl Pts',(36.9129410090994,289.701287344587,0.));
#6336=CARTESIAN_POINT('Ctrl Pts',(24.3026697732958,277.078131927285,0.));
#6337=CARTESIAN_POINT('Ctrl Pts',(15.2124083593286,261.661634799594,0.));
#6338=CARTESIAN_POINT('Ctrl Pts',(11.0361160198569,244.249167735186,0.));
#6339=CARTESIAN_POINT('Ctrl Pts',(10.9999999999993,232.406388164052,0.));
#6340=CARTESIAN_POINT('Ctrl Pts',(10.9999999999992,226.5,0.));
#6341=CARTESIAN_POINT('Ctrl Pts',(87.5,303.598398600684,0.));
#6342=CARTESIAN_POINT('Ctrl Pts',(84.546805917974,303.598398600684,0.));
#6343=CARTESIAN_POINT('Ctrl Pts',(78.6437981905606,303.596105382407,6.15779922298644E-17));
#6344=CARTESIAN_POINT('Ctrl Pts',(69.7291299930448,303.034500131193,1.26255450113918E-16));
#6345=CARTESIAN_POINT('Ctrl Pts',(60.9005285240392,301.472866853727,-2.25239599143186E-17));
#6346=CARTESIAN_POINT('Ctrl Pts',(49.5181248514446,297.801217178348,2.14420950267455E-17));
#6347=CARTESIAN_POINT('Ctrl Pts',(36.5390247709942,290.176790880815,-4.98933831025164E-16));
#6348=CARTESIAN_POINT('Ctrl Pts',(23.8275365643083,277.451501556986,-2.13379917965325E-15));
#6349=CARTESIAN_POINT('Ctrl Pts',(14.6492320213343,261.89200854222,1.17921688847902E-16));
#6350=CARTESIAN_POINT('Ctrl Pts',(10.4344941439894,244.305012122759,4.79708621336721E-16));
#6351=CARTESIAN_POINT('Ctrl Pts',(10.4016013993155,232.406388164052,1.32871180876519E-15));
#6352=CARTESIAN_POINT('Ctrl Pts',(10.4016013993154,226.5,1.32871180876519E-15));
#6353=CARTESIAN_POINT('Ctrl Pts',(87.5,304.634304117366,0.502232974735936));
#6354=CARTESIAN_POINT('Ctrl Pts',(84.546805917974,304.634304117366,0.502232974735936));
#6355=CARTESIAN_POINT('Ctrl Pts',(78.6206020907277,304.632326698275,0.502232974735936));
#6356=CARTESIAN_POINT('Ctrl Pts',(69.6123148668425,304.065988562245,0.502232974735936));
#6357=CARTESIAN_POINT('Ctrl Pts',(60.6525782243449,302.482019484221,0.502232974735936));
#6358=CARTESIAN_POINT('Ctrl Pts',(49.0791399122293,298.749209730922,0.502232974735936));
#6359=CARTESIAN_POINT('Ctrl Pts',(35.8918746909132,290.99961285037,0.502232974735935));
#6360=CARTESIAN_POINT('Ctrl Pts',(23.0050584820894,278.097840746025,0.502232974735932));
#6361=CARTESIAN_POINT('Ctrl Pts',(13.6746458084131,262.290672500347,0.502232974735936));
#6362=CARTESIAN_POINT('Ctrl Pts',(9.39310971025678,244.402190640567,0.502232974735936));
#6363=CARTESIAN_POINT('Ctrl Pts',(9.36569588263328,232.406388164052,0.502232974735938));
#6364=CARTESIAN_POINT('Ctrl Pts',(9.36569588263317,226.5,0.502232974735938));
#6365=CARTESIAN_POINT('Ctrl Pts',(87.5,305.,1.55120104948717));
#6366=CARTESIAN_POINT('Ctrl Pts',(84.546805917974,305.,1.55120104948717));
#6367=CARTESIAN_POINT('Ctrl Pts',(78.6125489459749,304.998165023471,1.55120104948717));
#6368=CARTESIAN_POINT('Ctrl Pts',(69.571255516143,304.430193860448,1.55120104948717));
#6369=CARTESIAN_POINT('Ctrl Pts',(60.5650360821624,302.838343678146,1.55120104948717));
#6370=CARTESIAN_POINT('Ctrl Pts',(48.9239707559283,299.083838100205,1.55120104948717));
#6371=CARTESIAN_POINT('Ctrl Pts',(35.663351556903,291.290236209332,1.55120104948717));
#6372=CARTESIAN_POINT('Ctrl Pts',(22.714689392088,278.326017103149,1.55120104948717));
#6373=CARTESIAN_POINT('Ctrl Pts',(13.3304426544375,262.431472910897,1.55120104948717));
#6374=CARTESIAN_POINT('Ctrl Pts',(9.02543450740842,244.436271034002,1.55120104948717));
#6375=CARTESIAN_POINT('Ctrl Pts',(8.9999999999993,232.406388164052,1.55120104948717));
#6376=CARTESIAN_POINT('Ctrl Pts',(8.99999999999919,226.5,1.55120104948717));
#6377=CARTESIAN_POINT('Ctrl Pts',(87.5,305.,2.));
#6378=CARTESIAN_POINT('Ctrl Pts',(84.546805917974,305.,2.));
#6379=CARTESIAN_POINT('Ctrl Pts',(78.612491857114,304.99815198503,2.));
#6380=CARTESIAN_POINT('Ctrl Pts',(69.5711802210925,304.430164911565,2.));
#6381=CARTESIAN_POINT('Ctrl Pts',(60.565040547894,302.838313090481,2.));
#6382=CARTESIAN_POINT('Ctrl Pts',(48.9240543436532,299.083851760224,2.));
#6383=CARTESIAN_POINT('Ctrl Pts',(35.6633793064849,291.290172894781,2.));
#6384=CARTESIAN_POINT('Ctrl Pts',(22.7146967482805,278.326014839898,2.));
#6385=CARTESIAN_POINT('Ctrl Pts',(13.3305076140335,262.431446015682,2.));
#6386=CARTESIAN_POINT('Ctrl Pts',(9.02545352250689,244.436366052438,2.));
#6387=CARTESIAN_POINT('Ctrl Pts',(8.9999999999993,232.406388164052,2.));
#6388=CARTESIAN_POINT('Ctrl Pts',(8.99999999999919,226.5,2.));
#6389=CARTESIAN_POINT('',(10.9999999999992,226.5,0.));
#6390=CARTESIAN_POINT('',(8.99999999999919,226.5,2.));
#6391=CARTESIAN_POINT('Origin',(10.9999999999992,226.5,2.));
#6392=CARTESIAN_POINT('Ctrl Pts',(8.99999999999919,226.5,2.));
#6393=CARTESIAN_POINT('Ctrl Pts',(8.9999999999993,232.406388164052,2.));
#6394=CARTESIAN_POINT('Ctrl Pts',(9.02545352250689,244.436366052438,2.));
#6395=CARTESIAN_POINT('Ctrl Pts',(13.3305076140335,262.431446015682,2.));
#6396=CARTESIAN_POINT('Ctrl Pts',(22.7146967482805,278.326014839898,2.));
#6397=CARTESIAN_POINT('Ctrl Pts',(35.6633793064849,291.290172894781,2.));
#6398=CARTESIAN_POINT('Ctrl Pts',(48.9240543436532,299.083851760224,2.));
#6399=CARTESIAN_POINT('Ctrl Pts',(60.565040547894,302.838313090481,2.));
#6400=CARTESIAN_POINT('Ctrl Pts',(69.5711802210925,304.430164911565,2.));
#6401=CARTESIAN_POINT('Ctrl Pts',(78.612491857114,304.99815198503,2.));
#6402=CARTESIAN_POINT('Ctrl Pts',(84.546805917974,305.,2.));
#6403=CARTESIAN_POINT('Ctrl Pts',(87.5,305.,2.));
#6404=CARTESIAN_POINT('Ctrl Pts',(87.5,303.,0.));
#6405=CARTESIAN_POINT('Ctrl Pts',(84.546805917974,303.,0.));
#6406=CARTESIAN_POINT('Ctrl Pts',(78.65702244534,302.997484356507,0.));
#6407=CARTESIAN_POINT('Ctrl Pts',(69.7963781255195,302.438564279109,0.));
#6408=CARTESIAN_POINT('Ctrl Pts',(61.0437725772984,300.889828416844,0.));
#6409=CARTESIAN_POINT('Ctrl Pts',(49.7719642420661,297.253644069974,0.));
#6410=CARTESIAN_POINT('Ctrl Pts',(36.9129410090994,289.701287344587,0.));
#6411=CARTESIAN_POINT('Ctrl Pts',(24.3026697732958,277.078131927285,0.));
#6412=CARTESIAN_POINT('Ctrl Pts',(15.2124083593286,261.661634799594,0.));
#6413=CARTESIAN_POINT('Ctrl Pts',(11.0361160198569,244.249167735186,0.));
#6414=CARTESIAN_POINT('Ctrl Pts',(10.9999999999993,232.406388164052,0.));
#6415=CARTESIAN_POINT('Ctrl Pts',(10.9999999999992,226.5,0.));
#6416=CARTESIAN_POINT('Origin',(11.,231.,2.));
#6417=CARTESIAN_POINT('',(11.,231.,0.));
#6418=CARTESIAN_POINT('',(9.00000000000006,231.,2.));
#6419=CARTESIAN_POINT('Origin',(619.,305.,18.));
#6420=CARTESIAN_POINT('',(87.5,305.,16.));
#6421=CARTESIAN_POINT('',(87.5,305.,18.));
#6422=CARTESIAN_POINT('',(540.5,305.,16.));
#6423=CARTESIAN_POINT('',(466.5,305.,16.));
#6424=CARTESIAN_POINT('',(540.5,305.,18.));
#6425=CARTESIAN_POINT('Ctrl Pts',(87.5,305.,16.));
#6426=CARTESIAN_POINT('Ctrl Pts',(87.5,305.,11.3333333333333));
#6427=CARTESIAN_POINT('Ctrl Pts',(87.5,305.,6.66666666666667));
#6428=CARTESIAN_POINT('Ctrl Pts',(87.5,305.,2.));
#6429=CARTESIAN_POINT('Ctrl Pts',(81.6282137307905,305.,16.));
#6430=CARTESIAN_POINT('Ctrl Pts',(81.6282137307905,305.,11.3333333333333));
#6431=CARTESIAN_POINT('Ctrl Pts',(81.6282137307905,305.,6.66666666666667));
#6432=CARTESIAN_POINT('Ctrl Pts',(81.6282137307905,305.,2.));
#6433=CARTESIAN_POINT('Ctrl Pts',(70.0096382296501,304.943069869072,16.));
#6434=CARTESIAN_POINT('Ctrl Pts',(70.0096382296501,304.943069869072,11.3333333333333));
#6435=CARTESIAN_POINT('Ctrl Pts',(70.0096382296501,304.943069869072,6.66666666666665));
#6436=CARTESIAN_POINT('Ctrl Pts',(70.0096382296501,304.943069869072,2.));
#6437=CARTESIAN_POINT('Ctrl Pts',(52.7092104300037,301.074539877942,16.));
#6438=CARTESIAN_POINT('Ctrl Pts',(52.7092104300037,301.074539877942,11.3333333333333));
#6439=CARTESIAN_POINT('Ctrl Pts',(52.7092104300037,301.074539877942,6.66666666666668));
#6440=CARTESIAN_POINT('Ctrl Pts',(52.7092104300037,301.074539877942,2.));
#6441=CARTESIAN_POINT('Ctrl Pts',(36.2069453862351,291.845789049898,16.));
#6442=CARTESIAN_POINT('Ctrl Pts',(36.2069453862351,291.845789049898,11.3333333333333));
#6443=CARTESIAN_POINT('Ctrl Pts',(36.2069453862351,291.845789049898,6.66666666666665));
#6444=CARTESIAN_POINT('Ctrl Pts',(36.2069453862351,291.845789049898,2.));
#6445=CARTESIAN_POINT('Ctrl Pts',(22.1497301721016,277.791946816635,16.));
#6446=CARTESIAN_POINT('Ctrl Pts',(22.1497301721016,277.791946816635,11.3333333333333));
#6447=CARTESIAN_POINT('Ctrl Pts',(22.1497301721016,277.791946816635,6.66666666666668));
#6448=CARTESIAN_POINT('Ctrl Pts',(22.1497301721016,277.791946816635,2.));
#6449=CARTESIAN_POINT('Ctrl Pts',(12.9305955649941,261.292728375141,16.));
#6450=CARTESIAN_POINT('Ctrl Pts',(12.9305955649941,261.292728375141,11.3333333333333));
#6451=CARTESIAN_POINT('Ctrl Pts',(12.9305955649941,261.292728375141,6.66666666666667));
#6452=CARTESIAN_POINT('Ctrl Pts',(12.9305955649941,261.292728375141,2.));
#6453=CARTESIAN_POINT('Ctrl Pts',(9.05387519292497,243.98938175982,16.));
#6454=CARTESIAN_POINT('Ctrl Pts',(9.05387519292497,243.98938175982,11.3333333333333));
#6455=CARTESIAN_POINT('Ctrl Pts',(9.05387519292497,243.98938175982,6.66666666666666));
#6456=CARTESIAN_POINT('Ctrl Pts',(9.05387519292497,243.98938175982,2.));
#6457=CARTESIAN_POINT('Ctrl Pts',(8.99999999999933,232.371786269209,16.));
#6458=CARTESIAN_POINT('Ctrl Pts',(8.99999999999933,232.371786269209,11.3333333333333));
#6459=CARTESIAN_POINT('Ctrl Pts',(8.99999999999933,232.371786269209,6.66666666666667));
#6460=CARTESIAN_POINT('Ctrl Pts',(8.99999999999933,232.371786269209,2.));
#6461=CARTESIAN_POINT('Ctrl Pts',(8.99999999999922,226.5,16.));
#6462=CARTESIAN_POINT('Ctrl Pts',(8.99999999999922,226.5,11.3333333333333));
#6463=CARTESIAN_POINT('Ctrl Pts',(8.99999999999922,226.5,6.66666666666667));
#6464=CARTESIAN_POINT('Ctrl Pts',(8.99999999999922,226.5,2.));
#6465=CARTESIAN_POINT('',(9.00000000000006,226.5,16.));
#6466=CARTESIAN_POINT('',(9.00000000000006,226.5,18.));
#6467=CARTESIAN_POINT('Ctrl Pts',(87.5,305.,16.));
#6468=CARTESIAN_POINT('Ctrl Pts',(81.593611835948,305.,16.));
#6469=CARTESIAN_POINT('Ctrl Pts',(69.5635770574789,304.974496169771,16.));
#6470=CARTESIAN_POINT('Ctrl Pts',(51.5685500873602,300.669566841246,16.));
#6471=CARTESIAN_POINT('Ctrl Pts',(35.6739821980844,291.285351712073,16.));
#6472=CARTESIAN_POINT('Ctrl Pts',(22.7098267705379,278.336638947226,16.));
#6473=CARTESIAN_POINT('Ctrl Pts',(14.9161807310719,265.075925027251,16.));
#6474=CARTESIAN_POINT('Ctrl Pts',(11.1616904589002,253.434960464175,16.));
#6475=CARTESIAN_POINT('Ctrl Pts',(9.56984304102203,244.428813396574,16.));
#6476=CARTESIAN_POINT('Ctrl Pts',(9.00184672646279,235.387512100608,16.));
#6477=CARTESIAN_POINT('Ctrl Pts',(8.99999999999931,229.453194082026,16.));
#6478=CARTESIAN_POINT('Ctrl Pts',(8.99999999999926,226.5,16.));
#6479=CARTESIAN_POINT('Origin',(9.00000000000006,305.,18.));
#6480=CARTESIAN_POINT('',(9.00000000000006,87.4999999999999,16.));
#6481=CARTESIAN_POINT('',(9.00000000000006,87.4999999999999,18.));
#6482=CARTESIAN_POINT('',(9.00000000000006,231.,16.));
#6483=CARTESIAN_POINT('Ctrl Pts',(9.00000000000006,87.4999999999999,16.));
#6484=CARTESIAN_POINT('Ctrl Pts',(9.00000000000006,87.4999999999999,11.3333333333333));
#6485=CARTESIAN_POINT('Ctrl Pts',(9.00000000000006,87.4999999999999,6.66666666666667));
#6486=CARTESIAN_POINT('Ctrl Pts',(9.00000000000006,87.4999999999999,2.));
#6487=CARTESIAN_POINT('Ctrl Pts',(9.00000000000006,81.6282137307904,16.));
#6488=CARTESIAN_POINT('Ctrl Pts',(9.00000000000006,81.6282137307904,11.3333333333333));
#6489=CARTESIAN_POINT('Ctrl Pts',(9.00000000000006,81.6282137307904,6.66666666666667));
#6490=CARTESIAN_POINT('Ctrl Pts',(9.00000000000006,81.6282137307904,2.));
#6491=CARTESIAN_POINT('Ctrl Pts',(9.05590248616854,70.0101482034543,16.));
#6492=CARTESIAN_POINT('Ctrl Pts',(9.05590248616854,70.0101482034543,11.3333333333333));
#6493=CARTESIAN_POINT('Ctrl Pts',(9.05590248616854,70.0101482034543,6.66666666666666));
#6494=CARTESIAN_POINT('Ctrl Pts',(9.05590248616854,70.0101482034543,2.));
#6495=CARTESIAN_POINT('Ctrl Pts',(12.9249050400351,52.7094192051905,16.));
#6496=CARTESIAN_POINT('Ctrl Pts',(12.9249050400351,52.7094192051905,11.3333333333333));
#6497=CARTESIAN_POINT('Ctrl Pts',(12.9249050400351,52.7094192051905,6.66666666666666));
#6498=CARTESIAN_POINT('Ctrl Pts',(12.9249050400351,52.7094192051905,2.));
#6499=CARTESIAN_POINT('Ctrl Pts',(22.1523239526584,36.2078976024672,16.));
#6500=CARTESIAN_POINT('Ctrl Pts',(22.1523239526584,36.2078976024672,11.3333333333333));
#6501=CARTESIAN_POINT('Ctrl Pts',(22.1523239526584,36.2078976024672,6.66666666666667));
#6502=CARTESIAN_POINT('Ctrl Pts',(22.1523239526584,36.2078976024672,2.));
#6503=CARTESIAN_POINT('Ctrl Pts',(36.2092710674401,22.1485040433781,16.));
#6504=CARTESIAN_POINT('Ctrl Pts',(36.2092710674401,22.1485040433781,11.3333333333333));
#6505=CARTESIAN_POINT('Ctrl Pts',(36.2092710674401,22.1485040433781,6.66666666666666));
#6506=CARTESIAN_POINT('Ctrl Pts',(36.2092710674401,22.1485040433781,2.));
#6507=CARTESIAN_POINT('Ctrl Pts',(52.707919046425,12.9288741417584,16.));
#6508=CARTESIAN_POINT('Ctrl Pts',(52.707919046425,12.9288741417584,11.3333333333333));
#6509=CARTESIAN_POINT('Ctrl Pts',(52.707919046425,12.9288741417584,6.66666666666668));
#6510=CARTESIAN_POINT('Ctrl Pts',(52.707919046425,12.9288741417584,2.));
#6511=CARTESIAN_POINT('Ctrl Pts',(70.0105973852065,9.05448694170921,16.));
#6512=CARTESIAN_POINT('Ctrl Pts',(70.0105973852065,9.05448694170921,11.3333333333334));
#6513=CARTESIAN_POINT('Ctrl Pts',(70.0105973852065,9.05448694170921,6.66666666666665));
#6514=CARTESIAN_POINT('Ctrl Pts',(70.0105973852065,9.05448694170921,2.));
#6515=CARTESIAN_POINT('Ctrl Pts',(81.6282137307905,9.00000000000014,16.));
#6516=CARTESIAN_POINT('Ctrl Pts',(81.6282137307905,9.00000000000014,11.3333333333333));
#6517=CARTESIAN_POINT('Ctrl Pts',(81.6282137307905,9.00000000000014,6.66666666666668));
#6518=CARTESIAN_POINT('Ctrl Pts',(81.6282137307905,9.00000000000014,2.));
#6519=CARTESIAN_POINT('Ctrl Pts',(87.5,9.00000000000019,16.));
#6520=CARTESIAN_POINT('Ctrl Pts',(87.5,9.00000000000019,11.3333333333333));
#6521=CARTESIAN_POINT('Ctrl Pts',(87.5,9.00000000000019,6.66666666666667));
#6522=CARTESIAN_POINT('Ctrl Pts',(87.5,9.00000000000019,2.));
#6523=CARTESIAN_POINT('',(87.5000000000001,8.99999999999993,16.));
#6524=CARTESIAN_POINT('',(87.5000000000001,8.99999999999993,18.));
#6525=CARTESIAN_POINT('Ctrl Pts',(9.00000000000006,87.4999999999999,16.));
#6526=CARTESIAN_POINT('Ctrl Pts',(9.00000000000006,84.546805917974,16.));
#6527=CARTESIAN_POINT('Ctrl Pts',(9.00184141171071,78.6004412382132,16.));
#6528=CARTESIAN_POINT('Ctrl Pts',(9.57139768449772,69.5626226371774,16.));
#6529=CARTESIAN_POINT('Ctrl Pts',(11.1601373875271,60.5718189720782,16.));
#6530=CARTESIAN_POINT('Ctrl Pts',(14.9158354492334,48.9205192740254,16.));
#6531=CARTESIAN_POINT('Ctrl Pts',(22.7071881674727,35.6699452937747,16.));
#6532=CARTESIAN_POINT('Ctrl Pts',(35.6692560702861,22.7170731735511,16.));
#6533=CARTESIAN_POINT('Ctrl Pts',(51.5697999616322,13.3347200048096,16.));
#6534=CARTESIAN_POINT('Ctrl Pts',(66.5598608112245,9.74042085135603,16.));
#6535=CARTESIAN_POINT('Ctrl Pts',(78.6115378825543,9.00968983341478,16.));
#6536=CARTESIAN_POINT('Ctrl Pts',(84.546805917974,9.00000000000018,16.));
#6537=CARTESIAN_POINT('Ctrl Pts',(87.5,9.00000000000021,16.));
#6538=CARTESIAN_POINT('Origin',(314.,157.,0.));
#6539=CARTESIAN_POINT('',(450.25,157.,0.));
#6540=CARTESIAN_POINT('Origin',(471.,157.,0.));
#6541=CARTESIAN_POINT('',(136.25,157.,0.));
#6542=CARTESIAN_POINT('Origin',(157.,157.,0.));
#6543=CARTESIAN_POINT('',(293.25,157.,0.));
#6544=CARTESIAN_POINT('Origin',(314.,157.,0.));
#6545=CARTESIAN_POINT('Ctrl Pts',(617.,87.5,18.));
#6546=CARTESIAN_POINT('Ctrl Pts',(617.,84.546805917974,18.));
#6547=CARTESIAN_POINT('Ctrl Pts',(616.997601538796,78.6571217292084,18.));
#6548=CARTESIAN_POINT('Ctrl Pts',(616.438041718744,69.7959960437527,18.));
#6549=CARTESIAN_POINT('Ctrl Pts',(614.890212286065,61.0441979955606,18.));
#6550=CARTESIAN_POINT('Ctrl Pts',(611.252559724472,49.7716727443687,18.));
#6551=CARTESIAN_POINT('Ctrl Pts',(603.70257027274,36.9182881224439,18.));
#6552=CARTESIAN_POINT('Ctrl Pts',(591.075973325101,24.2941485534351,18.));
#6553=CARTESIAN_POINT('Ctrl Pts',(578.234039774787,16.7459765618849,18.));
#6554=CARTESIAN_POINT('Ctrl Pts',(566.950231130155,13.1077483595091,18.));
#6555=CARTESIAN_POINT('Ctrl Pts',(558.21224626886,11.5628415900349,18.));
#6556=CARTESIAN_POINT('Ctrl Pts',(549.355168953129,11.0022106260806,18.));
#6557=CARTESIAN_POINT('Ctrl Pts',(543.453194082026,11.,18.));
#6558=CARTESIAN_POINT('Ctrl Pts',(540.5,11.,18.));
#6559=CARTESIAN_POINT('Ctrl Pts',(617.598398600684,87.5,18.));
#6560=CARTESIAN_POINT('Ctrl Pts',(617.598398600684,84.546805917974,18.));
#6561=CARTESIAN_POINT('Ctrl Pts',(617.59623952837,78.6439432259,18.));
#6562=CARTESIAN_POINT('Ctrl Pts',(617.033964775484,69.728691170906,18.));
#6563=CARTESIAN_POINT('Ctrl Pts',(615.473289696172,60.9010589421683,18.));
#6564=CARTESIAN_POINT('Ctrl Pts',(611.800155383626,49.5177577587033,18.));
#6565=CARTESIAN_POINT('Ctrl Pts',(604.178038440104,36.5446042398806,18.));
#6566=CARTESIAN_POINT('Ctrl Pts',(591.449443089318,23.8185903624098,18.));
#6567=CARTESIAN_POINT('Ctrl Pts',(578.488078623606,16.1982906300879,18.));
#6568=CARTESIAN_POINT('Ctrl Pts',(567.093489565499,12.5247022017693,18.));
#6569=CARTESIAN_POINT('Ctrl Pts',(558.279593429281,10.9668856231763,18.));
#6570=CARTESIAN_POINT('Ctrl Pts',(549.368432460634,10.4035819428048,18.));
#6571=CARTESIAN_POINT('Ctrl Pts',(543.453194082026,10.4016013993162,18.));
#6572=CARTESIAN_POINT('Ctrl Pts',(540.5,10.4016013993162,18.));
#6573=CARTESIAN_POINT('Ctrl Pts',(618.634275506361,87.5,17.4977326782914));
#6574=CARTESIAN_POINT('Ctrl Pts',(618.634275506361,84.5468059179741,17.4977326782914));
#6575=CARTESIAN_POINT('Ctrl Pts',(618.632415850055,78.6207053386947,17.4977326782914));
#6576=CARTESIAN_POINT('Ctrl Pts',(618.065390839814,69.6119015804202,17.4977326782914));
#6577=CARTESIAN_POINT('Ctrl Pts',(616.482351305173,60.6530166313926,17.4977326782914));
#6578=CARTESIAN_POINT('Ctrl Pts',(612.74817066452,49.0789417827576,17.4977326782914));
#6579=CARTESIAN_POINT('Ctrl Pts',(605.000677132093,35.8978436946543,17.4977326782914));
#6580=CARTESIAN_POINT('Ctrl Pts',(592.095774422041,22.9954681521247,17.4977326782914));
#6581=CARTESIAN_POINT('Ctrl Pts',(578.927550561478,15.2504658338871,17.4977326782914));
#6582=CARTESIAN_POINT('Ctrl Pts',(567.341326713564,11.5155230638582,17.4977326782914));
#6583=CARTESIAN_POINT('Ctrl Pts',(558.396640801087,9.93548249491838,17.4977326782914));
#6584=CARTESIAN_POINT('Ctrl Pts',(549.391715768762,9.36737890900972,17.4977326782914));
#6585=CARTESIAN_POINT('Ctrl Pts',(543.453194082026,9.36572449363875,17.4977326782914));
#6586=CARTESIAN_POINT('Ctrl Pts',(540.5,9.36572449363875,17.4977326782914));
#6587=CARTESIAN_POINT('Ctrl Pts',(619.,87.5,16.4487989505128));
#6588=CARTESIAN_POINT('Ctrl Pts',(619.,84.5468059179741,16.4487989505128));
#6589=CARTESIAN_POINT('Ctrl Pts',(618.998297098289,78.6126896021484,16.4487989505128));
#6590=CARTESIAN_POINT('Ctrl Pts',(618.42961738387,69.5707921039695,16.4487989505128));
#6591=CARTESIAN_POINT('Ctrl Pts',(616.838738541164,60.5655573847419,16.4487989505128));
#6592=CARTESIAN_POINT('Ctrl Pts',(613.082838332551,48.9236895725614,16.4487989505128));
#6593=CARTESIAN_POINT('Ctrl Pts',(605.291309555945,35.6694479412484,16.4487989505128));
#6594=CARTESIAN_POINT('Ctrl Pts',(592.324044632301,22.7048104790341,16.4487989505128));
#6595=CARTESIAN_POINT('Ctrl Pts',(579.082838357716,14.9157114901013,16.4487989505128));
#6596=CARTESIAN_POINT('Ctrl Pts',(567.428896338444,11.1591705214771,16.4487989505128));
#6597=CARTESIAN_POINT('Ctrl Pts',(558.437759353051,9.5712285774033,16.4487989505128));
#6598=CARTESIAN_POINT('Ctrl Pts',(549.399792699816,9.0015072390393,16.4487989505128));
#6599=CARTESIAN_POINT('Ctrl Pts',(543.453194082026,9.,16.4487989505128));
#6600=CARTESIAN_POINT('Ctrl Pts',(540.5,9.,16.4487989505128));
#6601=CARTESIAN_POINT('Ctrl Pts',(619.,87.5,16.));
#6602=CARTESIAN_POINT('Ctrl Pts',(619.,84.5468059179741,16.));
#6603=CARTESIAN_POINT('Ctrl Pts',(618.998275371433,78.6126093312159,16.));
#6604=CARTESIAN_POINT('Ctrl Pts',(618.429586117434,69.5707393195991,16.));
#6605=CARTESIAN_POINT('Ctrl Pts',(616.838683166134,60.565508841752,16.));
#6606=CARTESIAN_POINT('Ctrl Pts',(613.082853906194,48.9238278151165,16.));
#6607=CARTESIAN_POINT('Ctrl Pts',(605.291227251543,35.6694700127368,16.));
#6608=CARTESIAN_POINT('Ctrl Pts',(592.324011496478,22.7048308674483,16.));
#6609=CARTESIAN_POINT('Ctrl Pts',(579.082783546182,14.9157614365362,16.));
#6610=CARTESIAN_POINT('Ctrl Pts',(567.428867066472,11.1591934667,16.));
#6611=CARTESIAN_POINT('Ctrl Pts',(558.43784701393,9.57127494232081,16.));
#6612=CARTESIAN_POINT('Ctrl Pts',(549.399853748922,9.00152087455175,16.));
#6613=CARTESIAN_POINT('Ctrl Pts',(543.453194082026,9.,16.));
#6614=CARTESIAN_POINT('Ctrl Pts',(540.5,9.,16.));
#6615=CARTESIAN_POINT('',(540.5,11.,18.));
#6616=CARTESIAN_POINT('',(540.5,9.,16.));
#6617=CARTESIAN_POINT('Origin',(540.5,11.,16.));
#6618=CARTESIAN_POINT('',(619.,87.5000000000001,16.));
#6619=CARTESIAN_POINT('Ctrl Pts',(540.5,9.,16.));
#6620=CARTESIAN_POINT('Ctrl Pts',(543.453194082026,9.,16.));
#6621=CARTESIAN_POINT('Ctrl Pts',(549.399853748922,9.00152087455175,16.));
#6622=CARTESIAN_POINT('Ctrl Pts',(558.43784701393,9.57127494232081,16.));
#6623=CARTESIAN_POINT('Ctrl Pts',(567.428867066472,11.1591934667,16.));
#6624=CARTESIAN_POINT('Ctrl Pts',(579.082783546182,14.9157614365362,16.));
#6625=CARTESIAN_POINT('Ctrl Pts',(592.324011496478,22.7048308674483,16.));
#6626=CARTESIAN_POINT('Ctrl Pts',(605.291227251543,35.6694700127368,16.));
#6627=CARTESIAN_POINT('Ctrl Pts',(613.082853906194,48.9238278151165,16.));
#6628=CARTESIAN_POINT('Ctrl Pts',(616.838683166134,60.565508841752,16.));
#6629=CARTESIAN_POINT('Ctrl Pts',(618.429586117434,69.5707393195991,16.));
#6630=CARTESIAN_POINT('Ctrl Pts',(618.998275371433,78.6126093312159,16.));
#6631=CARTESIAN_POINT('Ctrl Pts',(619.,84.5468059179741,16.));
#6632=CARTESIAN_POINT('Ctrl Pts',(619.,87.5,16.));
#6633=CARTESIAN_POINT('',(617.,87.5,18.));
#6634=CARTESIAN_POINT('Origin',(617.,87.5,16.));
#6635=CARTESIAN_POINT('Ctrl Pts',(617.,87.5,18.));
#6636=CARTESIAN_POINT('Ctrl Pts',(617.,84.546805917974,18.));
#6637=CARTESIAN_POINT('Ctrl Pts',(616.997601538796,78.6571217292084,18.));
#6638=CARTESIAN_POINT('Ctrl Pts',(616.438041718744,69.7959960437527,18.));
#6639=CARTESIAN_POINT('Ctrl Pts',(614.890212286065,61.0441979955606,18.));
#6640=CARTESIAN_POINT('Ctrl Pts',(611.252559724472,49.7716727443687,18.));
#6641=CARTESIAN_POINT('Ctrl Pts',(603.70257027274,36.9182881224439,18.));
#6642=CARTESIAN_POINT('Ctrl Pts',(591.075973325101,24.2941485534351,18.));
#6643=CARTESIAN_POINT('Ctrl Pts',(578.234039774787,16.7459765618849,18.));
#6644=CARTESIAN_POINT('Ctrl Pts',(566.950231130155,13.1077483595091,18.));
#6645=CARTESIAN_POINT('Ctrl Pts',(558.21224626886,11.5628415900349,18.));
#6646=CARTESIAN_POINT('Ctrl Pts',(549.355168953129,11.0022106260806,18.));
#6647=CARTESIAN_POINT('Ctrl Pts',(543.453194082026,11.,18.));
#6648=CARTESIAN_POINT('Ctrl Pts',(540.5,11.,18.));
#6649=CARTESIAN_POINT('Origin',(161.5,10.9999999999999,16.));
#6650=CARTESIAN_POINT('',(87.5000000000001,10.9999999999999,18.));
#6651=CARTESIAN_POINT('Origin',(87.5000000000001,10.9999999999999,16.));
#6652=CARTESIAN_POINT('',(161.5,8.99999999999994,16.));
#6653=CARTESIAN_POINT('',(161.5,10.9999999999999,18.));
#6654=CARTESIAN_POINT('Ctrl Pts',(87.5,11.0000000000002,18.));
#6655=CARTESIAN_POINT('Ctrl Pts',(84.546805917974,11.0000000000002,18.));
#6656=CARTESIAN_POINT('Ctrl Pts',(78.656170363462,11.0094623534942,18.));
#6657=CARTESIAN_POINT('Ctrl Pts',(66.8450780679663,11.731094008686,18.));
#6658=CARTESIAN_POINT('Ctrl Pts',(52.3388404780809,15.2153863181763,18.));
#6659=CARTESIAN_POINT('Ctrl Pts',(36.9175738006069,24.3052469125781,18.));
#6660=CARTESIAN_POINT('Ctrl Pts',(24.2960460637738,36.9189331497186,18.));
#6661=CARTESIAN_POINT('Ctrl Pts',(16.746113248151,49.7687734786634,18.));
#6662=CARTESIAN_POINT('Ctrl Pts',(13.1086445019939,61.0502914298144,18.));
#6663=CARTESIAN_POINT('Ctrl Pts',(11.562949937558,69.7881587629588,18.));
#6664=CARTESIAN_POINT('Ctrl Pts',(11.0024939323329,78.6450790894071,18.));
#6665=CARTESIAN_POINT('Ctrl Pts',(11.0000000000001,84.546805917974,18.));
#6666=CARTESIAN_POINT('Ctrl Pts',(11.0000000000001,87.4999999999999,18.));
#6667=CARTESIAN_POINT('Ctrl Pts',(87.5,10.4016013993164,18.));
#6668=CARTESIAN_POINT('Ctrl Pts',(84.546805917974,10.4016013993164,18.));
#6669=CARTESIAN_POINT('Ctrl Pts',(78.6428974257992,10.4111139016799,18.));
#6670=CARTESIAN_POINT('Ctrl Pts',(66.7597004678474,11.1354951709143,18.));
#6671=CARTESIAN_POINT('Ctrl Pts',(52.1087633323734,14.6526308782032,18.));
#6672=CARTESIAN_POINT('Ctrl Pts',(36.544069190121,23.830078083176,18.));
#6673=CARTESIAN_POINT('Ctrl Pts',(23.8206180855703,36.5452246472488,18.));
#6674=CARTESIAN_POINT('Ctrl Pts',(16.1985166854465,49.514916065495,18.));
#6675=CARTESIAN_POINT('Ctrl Pts',(12.5256339551517,60.9071146565583,18.));
#6676=CARTESIAN_POINT('Ctrl Pts',(10.9670566574165,69.7207619204958,18.));
#6677=CARTESIAN_POINT('Ctrl Pts',(10.403895210166,78.6317630808939,18.));
#6678=CARTESIAN_POINT('Ctrl Pts',(10.4016013993163,84.546805917974,18.));
#6679=CARTESIAN_POINT('Ctrl Pts',(10.4016013993163,87.4999999999999,18.));
#6680=CARTESIAN_POINT('Ctrl Pts',(87.5,9.36555697321755,17.4979337834038));
#6681=CARTESIAN_POINT('Ctrl Pts',(84.546805917974,9.36555697321753,17.4979337834038));
#6682=CARTESIAN_POINT('Ctrl Pts',(78.6196653140644,9.37521195103316,17.4979337834039));
#6683=CARTESIAN_POINT('Ctrl Pts',(66.6120077009075,10.1042696337883,17.4979337834039));
#6684=CARTESIAN_POINT('Ctrl Pts',(51.7103568029582,13.6784883892126,17.4979337834038));
#6685=CARTESIAN_POINT('Ctrl Pts',(35.8974250056501,23.0073527966825,17.4979337834038));
#6686=CARTESIAN_POINT('Ctrl Pts',(22.9976132750122,35.8982379862973,17.4979337834039));
#6687=CARTESIAN_POINT('Ctrl Pts',(15.2503628710792,49.0755845429905,17.4979337834038));
#6688=CARTESIAN_POINT('Ctrl Pts',(11.5162895427912,60.6592802550852,17.4979337834038));
#6689=CARTESIAN_POINT('Ctrl Pts',(9.93541893789871,69.6038144852138,17.4979337834039));
#6690=CARTESIAN_POINT('Ctrl Pts',(9.36751948606742,78.6085852129943,17.4979337834038));
#6691=CARTESIAN_POINT('Ctrl Pts',(9.3655569732174,84.546805917974,17.4979337834038));
#6692=CARTESIAN_POINT('Ctrl Pts',(9.3655569732174,87.4999999999999,17.4979337834038));
#6693=CARTESIAN_POINT('Ctrl Pts',(87.5,9.00000000000021,16.4487989505128));
#6694=CARTESIAN_POINT('Ctrl Pts',(84.546805917974,9.00000000000018,16.4487989505128));
#6695=CARTESIAN_POINT('Ctrl Pts',(78.6115845063396,9.00967953149817,16.4487989505128));
#6696=CARTESIAN_POINT('Ctrl Pts',(66.5598373487925,9.74042612977531,16.4487989505128));
#6697=CARTESIAN_POINT('Ctrl Pts',(51.5698110260205,13.3346846960519,16.4487989505128));
#6698=CARTESIAN_POINT('Ctrl Pts',(35.6692509984123,22.7170798690549,16.4487989505128));
#6699=CARTESIAN_POINT('Ctrl Pts',(22.7071635485925,35.6699382717814,16.4487989505128));
#6700=CARTESIAN_POINT('Ctrl Pts',(14.9158476842078,48.9204845669522,16.4487989505128));
#6701=CARTESIAN_POINT('Ctrl Pts',(11.1601267011389,60.5718085346054,16.4487989505128));
#6702=CARTESIAN_POINT('Ctrl Pts',(9.57138489438808,69.5626706062448,16.4487989505128));
#6703=CARTESIAN_POINT('Ctrl Pts',(9.00183860070776,78.6004640156187,16.4487989505128));
#6704=CARTESIAN_POINT('Ctrl Pts',(9.00000000000006,84.546805917974,16.4487989505128));
#6705=CARTESIAN_POINT('Ctrl Pts',(9.00000000000006,87.4999999999999,16.4487989505128));
#6706=CARTESIAN_POINT('Ctrl Pts',(87.5,9.00000000000021,16.));
#6707=CARTESIAN_POINT('Ctrl Pts',(84.546805917974,9.00000000000018,16.));
#6708=CARTESIAN_POINT('Ctrl Pts',(78.6115378825543,9.00968983341478,16.));
#6709=CARTESIAN_POINT('Ctrl Pts',(66.5598608112245,9.74042085135603,16.));
#6710=CARTESIAN_POINT('Ctrl Pts',(51.5697999616322,13.3347200048096,16.));
#6711=CARTESIAN_POINT('Ctrl Pts',(35.6692560702861,22.7170731735511,16.));
#6712=CARTESIAN_POINT('Ctrl Pts',(22.7071881674727,35.6699452937747,16.));
#6713=CARTESIAN_POINT('Ctrl Pts',(14.9158354492334,48.9205192740254,16.));
#6714=CARTESIAN_POINT('Ctrl Pts',(11.1601373875271,60.5718189720782,16.));
#6715=CARTESIAN_POINT('Ctrl Pts',(9.57139768449772,69.5626226371774,16.));
#6716=CARTESIAN_POINT('Ctrl Pts',(9.00184141171071,78.6004412382132,16.));
#6717=CARTESIAN_POINT('Ctrl Pts',(9.00000000000006,84.546805917974,16.));
#6718=CARTESIAN_POINT('Ctrl Pts',(9.00000000000006,87.4999999999999,16.));
#6719=CARTESIAN_POINT('',(11.0000000000001,87.4999999999999,18.));
#6720=CARTESIAN_POINT('Origin',(11.0000000000001,87.4999999999999,16.));
#6721=CARTESIAN_POINT('Ctrl Pts',(87.5,11.0000000000002,18.));
#6722=CARTESIAN_POINT('Ctrl Pts',(84.546805917974,11.0000000000002,18.));
#6723=CARTESIAN_POINT('Ctrl Pts',(78.656170363462,11.0094623534942,18.));
#6724=CARTESIAN_POINT('Ctrl Pts',(66.8450780679663,11.731094008686,18.));
#6725=CARTESIAN_POINT('Ctrl Pts',(52.3388404780809,15.2153863181763,18.));
#6726=CARTESIAN_POINT('Ctrl Pts',(36.9175738006069,24.3052469125781,18.));
#6727=CARTESIAN_POINT('Ctrl Pts',(24.2960460637738,36.9189331497186,18.));
#6728=CARTESIAN_POINT('Ctrl Pts',(16.746113248151,49.7687734786634,18.));
#6729=CARTESIAN_POINT('Ctrl Pts',(13.1086445019939,61.0502914298144,18.));
#6730=CARTESIAN_POINT('Ctrl Pts',(11.562949937558,69.7881587629588,18.));
#6731=CARTESIAN_POINT('Ctrl Pts',(11.0024939323329,78.6450790894071,18.));
#6732=CARTESIAN_POINT('Ctrl Pts',(11.0000000000001,84.546805917974,18.));
#6733=CARTESIAN_POINT('Ctrl Pts',(11.0000000000001,87.4999999999999,18.));
#6734=CARTESIAN_POINT('Origin',(11.,231.,16.));
#6735=CARTESIAN_POINT('',(11.,226.5,18.));
#6736=CARTESIAN_POINT('Origin',(11.,226.5,16.));
#6737=CARTESIAN_POINT('',(11.,231.,18.));
#6738=CARTESIAN_POINT('Ctrl Pts',(10.9999999999992,226.5,18.));
#6739=CARTESIAN_POINT('Ctrl Pts',(10.9999999999993,229.453194082026,18.));
#6740=CARTESIAN_POINT('Ctrl Pts',(11.0025148898297,235.342981531398,18.));
#6741=CARTESIAN_POINT('Ctrl Pts',(11.5614438750491,244.203617255811,18.));
#6742=CARTESIAN_POINT('Ctrl Pts',(13.1101751533868,252.956228690644,18.));
#6743=CARTESIAN_POINT('Ctrl Pts',(16.7463872281531,264.22801949602,18.));
#6744=CARTESIAN_POINT('Ctrl Pts',(24.2987104048625,277.087073064206,18.));
#6745=CARTESIAN_POINT('Ctrl Pts',(36.9218641884881,289.697368859426,18.));
#6746=CARTESIAN_POINT('Ctrl Pts',(52.3383663829535,298.787659415344,18.));
#6747=CARTESIAN_POINT('Ctrl Pts',(69.750779946921,302.963832926232,18.));
#6748=CARTESIAN_POINT('Ctrl Pts',(81.593611835948,303.,18.));
#6749=CARTESIAN_POINT('Ctrl Pts',(87.5,303.,18.));
#6750=CARTESIAN_POINT('Ctrl Pts',(10.4016013993155,226.5,18.));
#6751=CARTESIAN_POINT('Ctrl Pts',(10.4016013993155,229.453194082026,18.));
#6752=CARTESIAN_POINT('Ctrl Pts',(10.4038930019345,235.356204140132,18.));
#6753=CARTESIAN_POINT('Ctrl Pts',(10.96550678649,244.270863739471,18.));
#6754=CARTESIAN_POINT('Ctrl Pts',(12.5271353445467,253.099472375505,18.));
#6755=CARTESIAN_POINT('Ctrl Pts',(16.1988137001897,264.48186028645,18.));
#6756=CARTESIAN_POINT('Ctrl Pts',(23.8232056403465,277.460992517635,18.));
#6757=CARTESIAN_POINT('Ctrl Pts',(36.5484936771589,290.172506512183,18.));
#6758=CARTESIAN_POINT('Ctrl Pts',(52.1079910553669,299.350840124209,18.));
#6759=CARTESIAN_POINT('Ctrl Pts',(69.6949374646354,303.565456882018,18.));
#6760=CARTESIAN_POINT('Ctrl Pts',(81.593611835948,303.598398600684,18.));
#6761=CARTESIAN_POINT('Ctrl Pts',(87.5,303.598398600684,18.));
#6762=CARTESIAN_POINT('Ctrl Pts',(9.36569813564199,226.5,17.4977643205694));
#6763=CARTESIAN_POINT('Ctrl Pts',(9.36569813564204,229.453194082026,17.4977643205694));
#6764=CARTESIAN_POINT('Ctrl Pts',(9.36767457200687,235.379402265522,17.4977643205695));
#6765=CARTESIAN_POINT('Ctrl Pts',(9.93402200755043,244.387679070706,17.4977643205695));
#6766=CARTESIAN_POINT('Ctrl Pts',(11.5179866594734,253.347422395872,17.4977643205695));
#6767=CARTESIAN_POINT('Ctrl Pts',(15.2508248743901,264.920838551911,17.4977643205695));
#6768=CARTESIAN_POINT('Ctrl Pts',(23.0003887425714,278.108140797994,17.4977643205695));
#6769=CARTESIAN_POINT('Ctrl Pts',(35.9021578990193,290.994985918456,17.4977643205695));
#6770=CARTESIAN_POINT('Ctrl Pts',(51.7093253802443,300.325424635747,17.4977643205695));
#6771=CARTESIAN_POINT('Ctrl Pts',(69.5977526001161,304.606837009756,17.4977643205695));
#6772=CARTESIAN_POINT('Ctrl Pts',(81.593611835948,304.634301864357,17.4977643205695));
#6773=CARTESIAN_POINT('Ctrl Pts',(87.5,304.634301864357,17.4977643205695));
#6774=CARTESIAN_POINT('Ctrl Pts',(8.99999999999926,226.5,16.4487989505128));
#6775=CARTESIAN_POINT('Ctrl Pts',(8.99999999999931,229.453194082026,16.4487989505128));
#6776=CARTESIAN_POINT('Ctrl Pts',(9.00183328431231,235.387454068363,16.4487989505128));
#6777=CARTESIAN_POINT('Ctrl Pts',(9.56981341571511,244.428737456752,16.4487989505128));
#6778=CARTESIAN_POINT('Ctrl Pts',(11.161659085798,253.434964762066,16.4487989505128));
#6779=CARTESIAN_POINT('Ctrl Pts',(14.9161939444696,265.07601017149,16.4487989505128));
#6780=CARTESIAN_POINT('Ctrl Pts',(22.7097624199182,278.336667826639,16.4487989505128));
#6781=CARTESIAN_POINT('Ctrl Pts',(35.673979269114,291.285359932855,16.4487989505128));
#6782=CARTESIAN_POINT('Ctrl Pts',(51.5685231546613,300.669633165024,16.4487989505128));
#6783=CARTESIAN_POINT('Ctrl Pts',(69.5636739584115,304.974516252652,16.4487989505128));
#6784=CARTESIAN_POINT('Ctrl Pts',(81.593611835948,305.,16.4487989505128));
#6785=CARTESIAN_POINT('Ctrl Pts',(87.5,305.,16.4487989505128));
#6786=CARTESIAN_POINT('Ctrl Pts',(8.99999999999926,226.5,16.));
#6787=CARTESIAN_POINT('Ctrl Pts',(8.99999999999931,229.453194082026,16.));
#6788=CARTESIAN_POINT('Ctrl Pts',(9.00184672646279,235.387512100608,16.));
#6789=CARTESIAN_POINT('Ctrl Pts',(9.56984304102203,244.428813396574,16.));
#6790=CARTESIAN_POINT('Ctrl Pts',(11.1616904589002,253.434960464175,16.));
#6791=CARTESIAN_POINT('Ctrl Pts',(14.9161807310719,265.075925027251,16.));
#6792=CARTESIAN_POINT('Ctrl Pts',(22.7098267705379,278.336638947226,16.));
#6793=CARTESIAN_POINT('Ctrl Pts',(35.6739821980844,291.285351712073,16.));
#6794=CARTESIAN_POINT('Ctrl Pts',(51.5685500873602,300.669566841246,16.));
#6795=CARTESIAN_POINT('Ctrl Pts',(69.5635770574789,304.974496169771,16.));
#6796=CARTESIAN_POINT('Ctrl Pts',(81.593611835948,305.,16.));
#6797=CARTESIAN_POINT('Ctrl Pts',(87.5,305.,16.));
#6798=CARTESIAN_POINT('',(87.5,303.,18.));
#6799=CARTESIAN_POINT('Origin',(87.5,303.,16.));
#6800=CARTESIAN_POINT('Ctrl Pts',(10.9999999999992,226.5,18.));
#6801=CARTESIAN_POINT('Ctrl Pts',(10.9999999999993,229.453194082026,18.));
#6802=CARTESIAN_POINT('Ctrl Pts',(11.0025148898297,235.342981531398,18.));
#6803=CARTESIAN_POINT('Ctrl Pts',(11.5614438750491,244.203617255811,18.));
#6804=CARTESIAN_POINT('Ctrl Pts',(13.1101751533868,252.956228690644,18.));
#6805=CARTESIAN_POINT('Ctrl Pts',(16.7463872281531,264.22801949602,18.));
#6806=CARTESIAN_POINT('Ctrl Pts',(24.2987104048625,277.087073064206,18.));
#6807=CARTESIAN_POINT('Ctrl Pts',(36.9218641884881,289.697368859426,18.));
#6808=CARTESIAN_POINT('Ctrl Pts',(52.3383663829535,298.787659415344,18.));
#6809=CARTESIAN_POINT('Ctrl Pts',(69.750779946921,302.963832926232,18.));
#6810=CARTESIAN_POINT('Ctrl Pts',(81.593611835948,303.,18.));
#6811=CARTESIAN_POINT('Ctrl Pts',(87.5,303.,18.));
#6812=CARTESIAN_POINT('Origin',(466.5,303.,16.));
#6813=CARTESIAN_POINT('',(540.5,303.,18.));
#6814=CARTESIAN_POINT('Origin',(540.5,303.,16.));
#6815=CARTESIAN_POINT('',(466.5,303.,18.));
#6816=CARTESIAN_POINT('Ctrl Pts',(540.5,303.,18.));
#6817=CARTESIAN_POINT('Ctrl Pts',(543.453194082026,303.,18.));
#6818=CARTESIAN_POINT('Ctrl Pts',(549.343119625423,302.997720864877,18.));
#6819=CARTESIAN_POINT('Ctrl Pts',(558.204345264238,302.438945567115,18.));
#6820=CARTESIAN_POINT('Ctrl Pts',(566.956678610849,300.890776206048,18.));
#6821=CARTESIAN_POINT('Ctrl Pts',(578.231378900051,297.254862298663,18.));
#6822=CARTESIAN_POINT('Ctrl Pts',(591.082113869324,289.702506739622,18.));
#6823=CARTESIAN_POINT('Ctrl Pts',(603.704270336353,277.076945131911,18.));
#6824=CARTESIAN_POINT('Ctrl Pts',(611.252212749279,264.230260917194,18.));
#6825=CARTESIAN_POINT('Ctrl Pts',(614.891613223469,252.949463648729,18.));
#6826=CARTESIAN_POINT('Ctrl Pts',(616.436305493403,244.212115921329,18.));
#6827=CARTESIAN_POINT('Ctrl Pts',(616.997666412705,235.354989104932,18.));
#6828=CARTESIAN_POINT('Ctrl Pts',(617.,229.453194082026,18.));
#6829=CARTESIAN_POINT('Ctrl Pts',(617.,226.5,18.));
#6830=CARTESIAN_POINT('Ctrl Pts',(540.5,303.598398600684,18.));
#6831=CARTESIAN_POINT('Ctrl Pts',(543.453194082026,303.598398600684,18.));
#6832=CARTESIAN_POINT('Ctrl Pts',(549.356337223651,303.596352773138,18.));
#6833=CARTESIAN_POINT('Ctrl Pts',(558.271614409074,303.034927448477,18.));
#6834=CARTESIAN_POINT('Ctrl Pts',(567.100003803496,301.473821672222,18.));
#6835=CARTESIAN_POINT('Ctrl Pts',(578.48540467333,297.802568628176,18.));
#6836=CARTESIAN_POINT('Ctrl Pts',(591.455645479012,290.178057651189,18.));
#6837=CARTESIAN_POINT('Ctrl Pts',(604.179762975329,277.450607457523,18.));
#6838=CARTESIAN_POINT('Ctrl Pts',(611.799815780959,264.484195644847,18.));
#6839=CARTESIAN_POINT('Ctrl Pts',(615.474714437478,253.092542653611,18.));
#6840=CARTESIAN_POINT('Ctrl Pts',(617.032222735703,244.279491626761,18.));
#6841=CARTESIAN_POINT('Ctrl Pts',(617.596313051625,235.368201914674,18.));
#6842=CARTESIAN_POINT('Ctrl Pts',(617.598398600684,229.453194082026,18.));
#6843=CARTESIAN_POINT('Ctrl Pts',(617.598398600684,226.5,18.));
#6844=CARTESIAN_POINT('Ctrl Pts',(540.5,304.634268660816,17.4977244603426));
#6845=CARTESIAN_POINT('Ctrl Pts',(543.453194082026,304.634268660816,17.4977244603426));
#6846=CARTESIAN_POINT('Ctrl Pts',(549.379562499378,304.632538729111,17.4977244603426));
#6847=CARTESIAN_POINT('Ctrl Pts',(558.388539506381,304.066338677525,17.4977244603426));
#6848=CARTESIAN_POINT('Ctrl Pts',(567.347953157823,302.482959291467,17.4977244603426));
#6849=CARTESIAN_POINT('Ctrl Pts',(578.924820632749,298.750381365947,17.4977244603426));
#6850=CARTESIAN_POINT('Ctrl Pts',(592.102023703211,291.001127204417,17.4977244603426));
#6851=CARTESIAN_POINT('Ctrl Pts',(605.002388849358,278.097277572642,17.4977244603426));
#6852=CARTESIAN_POINT('Ctrl Pts',(612.747806761919,264.923001761905,17.4977244603426));
#6853=CARTESIAN_POINT('Ctrl Pts',(616.48377330649,253.340477704583,17.4977244603426));
#6854=CARTESIAN_POINT('Ctrl Pts',(618.063605433138,244.396417525008,17.4977244603426));
#6855=CARTESIAN_POINT('Ctrl Pts',(618.632480690679,235.391519700197,17.4977244603426));
#6856=CARTESIAN_POINT('Ctrl Pts',(618.634268660816,229.453194082026,17.4977244603426));
#6857=CARTESIAN_POINT('Ctrl Pts',(618.634268660816,226.5,17.4977244603426));
#6858=CARTESIAN_POINT('Ctrl Pts',(540.5,305.,16.4487989505128));
#6859=CARTESIAN_POINT('Ctrl Pts',(543.453194082026,305.,16.4487989505128));
#6860=CARTESIAN_POINT('Ctrl Pts',(549.387609826784,304.998420587208,16.4487989505128));
#6861=CARTESIAN_POINT('Ctrl Pts',(558.429610283676,304.430617759544,16.4487989505128));
#6862=CARTESIAN_POINT('Ctrl Pts',(567.435565257911,302.839321019088,16.4487989505128));
#6863=CARTESIAN_POINT('Ctrl Pts',(579.080105862261,299.085157941145,16.4487989505128));
#6864=CARTESIAN_POINT('Ctrl Pts',(592.330340885059,291.291788903946,16.4487989505128));
#6865=CARTESIAN_POINT('Ctrl Pts',(605.293045814702,278.325668735309,16.4487989505128));
#6866=CARTESIAN_POINT('Ctrl Pts',(613.082488038099,265.078272084789,16.4487989505128));
#6867=CARTESIAN_POINT('Ctrl Pts',(616.840184893711,253.427902236579,16.4487989505128));
#6868=CARTESIAN_POINT('Ctrl Pts',(618.427837499195,244.437569975362,16.4487989505128));
#6869=CARTESIAN_POINT('Ctrl Pts',(618.998375499071,235.399555020643,16.4487989505128));
#6870=CARTESIAN_POINT('Ctrl Pts',(619.,229.453194082026,16.4487989505128));
#6871=CARTESIAN_POINT('Ctrl Pts',(619.,226.5,16.4487989505128));
#6872=CARTESIAN_POINT('Ctrl Pts',(540.5,305.,16.));
#6873=CARTESIAN_POINT('Ctrl Pts',(543.453194082026,305.,16.));
#6874=CARTESIAN_POINT('Ctrl Pts',(549.387675010795,304.998403949845,16.));
#6875=CARTESIAN_POINT('Ctrl Pts',(558.429700580555,304.430565693077,16.));
#6876=CARTESIAN_POINT('Ctrl Pts',(567.435535636552,302.839291690502,16.));
#6877=CARTESIAN_POINT('Ctrl Pts',(579.080045248191,299.085100179354,16.));
#6878=CARTESIAN_POINT('Ctrl Pts',(592.330297150745,291.291761952042,16.));
#6879=CARTESIAN_POINT('Ctrl Pts',(605.292954034021,278.325637409136,16.));
#6880=CARTESIAN_POINT('Ctrl Pts',(613.082497800651,265.078125947214,16.));
#6881=CARTESIAN_POINT('Ctrl Pts',(616.840122422458,253.427950504061,16.));
#6882=CARTESIAN_POINT('Ctrl Pts',(618.427801197746,244.437625539271,16.));
#6883=CARTESIAN_POINT('Ctrl Pts',(618.998350575415,235.399639267011,16.));
#6884=CARTESIAN_POINT('Ctrl Pts',(619.,229.453194082026,16.));
#6885=CARTESIAN_POINT('Ctrl Pts',(619.,226.5,16.));
#6886=CARTESIAN_POINT('',(617.,226.5,18.));
#6887=CARTESIAN_POINT('',(619.,226.5,16.));
#6888=CARTESIAN_POINT('Origin',(617.,226.5,16.));
#6889=CARTESIAN_POINT('Ctrl Pts',(619.,226.5,16.));
#6890=CARTESIAN_POINT('Ctrl Pts',(619.,229.453194082026,16.));
#6891=CARTESIAN_POINT('Ctrl Pts',(618.998350575415,235.399639267011,16.));
#6892=CARTESIAN_POINT('Ctrl Pts',(618.427801197746,244.437625539271,16.));
#6893=CARTESIAN_POINT('Ctrl Pts',(616.840122422458,253.427950504061,16.));
#6894=CARTESIAN_POINT('Ctrl Pts',(613.082497800651,265.078125947214,16.));
#6895=CARTESIAN_POINT('Ctrl Pts',(605.292954034021,278.325637409136,16.));
#6896=CARTESIAN_POINT('Ctrl Pts',(592.330297150745,291.291761952042,16.));
#6897=CARTESIAN_POINT('Ctrl Pts',(579.080045248191,299.085100179354,16.));
#6898=CARTESIAN_POINT('Ctrl Pts',(567.435535636552,302.839291690502,16.));
#6899=CARTESIAN_POINT('Ctrl Pts',(558.429700580555,304.430565693077,16.));
#6900=CARTESIAN_POINT('Ctrl Pts',(549.387675010795,304.998403949845,16.));
#6901=CARTESIAN_POINT('Ctrl Pts',(543.453194082026,305.,16.));
#6902=CARTESIAN_POINT('Ctrl Pts',(540.5,305.,16.));
#6903=CARTESIAN_POINT('Ctrl Pts',(540.5,303.,18.));
#6904=CARTESIAN_POINT('Ctrl Pts',(543.453194082026,303.,18.));
#6905=CARTESIAN_POINT('Ctrl Pts',(549.343119625423,302.997720864877,18.));
#6906=CARTESIAN_POINT('Ctrl Pts',(558.204345264238,302.438945567115,18.));
#6907=CARTESIAN_POINT('Ctrl Pts',(566.956678610849,300.890776206048,18.));
#6908=CARTESIAN_POINT('Ctrl Pts',(578.231378900051,297.254862298663,18.));
#6909=CARTESIAN_POINT('Ctrl Pts',(591.082113869324,289.702506739622,18.));
#6910=CARTESIAN_POINT('Ctrl Pts',(603.704270336353,277.076945131911,18.));
#6911=CARTESIAN_POINT('Ctrl Pts',(611.252212749279,264.230260917194,18.));
#6912=CARTESIAN_POINT('Ctrl Pts',(614.891613223469,252.949463648729,18.));
#6913=CARTESIAN_POINT('Ctrl Pts',(616.436305493403,244.212115921329,18.));
#6914=CARTESIAN_POINT('Ctrl Pts',(616.997666412705,235.354989104932,18.));
#6915=CARTESIAN_POINT('Ctrl Pts',(617.,229.453194082026,18.));
#6916=CARTESIAN_POINT('Ctrl Pts',(617.,226.5,18.));
#6917=CARTESIAN_POINT('Origin',(617.,83.0000000000001,16.));
#6918=CARTESIAN_POINT('',(617.,83.0000000000001,18.));
#6919=CARTESIAN_POINT('',(619.,83.0000000000001,16.));
#6920=CARTESIAN_POINT('Ctrl Pts',(619.,226.5,16.));
#6921=CARTESIAN_POINT('Ctrl Pts',(619.,226.5,11.3333333333333));
#6922=CARTESIAN_POINT('Ctrl Pts',(619.,226.5,6.66666666666667));
#6923=CARTESIAN_POINT('Ctrl Pts',(619.,226.5,2.));
#6924=CARTESIAN_POINT('Ctrl Pts',(619.,232.37178626921,16.));
#6925=CARTESIAN_POINT('Ctrl Pts',(619.,232.37178626921,11.3333333333333));
#6926=CARTESIAN_POINT('Ctrl Pts',(619.,232.37178626921,6.66666666666667));
#6927=CARTESIAN_POINT('Ctrl Pts',(619.,232.37178626921,2.));
#6928=CARTESIAN_POINT('Ctrl Pts',(618.942909165902,243.990378559144,16.));
#6929=CARTESIAN_POINT('Ctrl Pts',(618.942909165902,243.990378559144,11.3333333333333));
#6930=CARTESIAN_POINT('Ctrl Pts',(618.942909165902,243.990378559144,6.66666666666666));
#6931=CARTESIAN_POINT('Ctrl Pts',(618.942909165902,243.990378559144,2.));
#6932=CARTESIAN_POINT('Ctrl Pts',(615.074367954749,261.29073501148,16.));
#6933=CARTESIAN_POINT('Ctrl Pts',(615.074367954749,261.29073501148,11.3333333333333));
#6934=CARTESIAN_POINT('Ctrl Pts',(615.074367954749,261.29073501148,6.66666666666667));
#6935=CARTESIAN_POINT('Ctrl Pts',(615.074367954749,261.29073501148,2.));
#6936=CARTESIAN_POINT('Ctrl Pts',(605.846302808259,277.792604112528,16.));
#6937=CARTESIAN_POINT('Ctrl Pts',(605.846302808259,277.792604112528,11.3333333333333));
#6938=CARTESIAN_POINT('Ctrl Pts',(605.846302808259,277.792604112528,6.66666666666667));
#6939=CARTESIAN_POINT('Ctrl Pts',(605.846302808259,277.792604112528,2.));
#6940=CARTESIAN_POINT('Ctrl Pts',(591.790571141605,291.850512829632,16.));
#6941=CARTESIAN_POINT('Ctrl Pts',(591.790571141605,291.850512829632,11.3333333333333));
#6942=CARTESIAN_POINT('Ctrl Pts',(591.790571141605,291.850512829632,6.66666666666666));
#6943=CARTESIAN_POINT('Ctrl Pts',(591.790571141605,291.850512829632,2.));
#6944=CARTESIAN_POINT('Ctrl Pts',(575.292763494788,301.068817103607,16.));
#6945=CARTESIAN_POINT('Ctrl Pts',(575.292763494788,301.068817103607,11.3333333333333));
#6946=CARTESIAN_POINT('Ctrl Pts',(575.292763494788,301.068817103607,6.66666666666668));
#6947=CARTESIAN_POINT('Ctrl Pts',(575.292763494788,301.068817103607,2.));
#6948=CARTESIAN_POINT('Ctrl Pts',(557.989022174545,304.945872635646,16.));
#6949=CARTESIAN_POINT('Ctrl Pts',(557.989022174545,304.945872635646,11.3333333333334));
#6950=CARTESIAN_POINT('Ctrl Pts',(557.989022174545,304.945872635646,6.66666666666665));
#6951=CARTESIAN_POINT('Ctrl Pts',(557.989022174545,304.945872635646,2.));
#6952=CARTESIAN_POINT('Ctrl Pts',(546.37178626921,305.,16.));
#6953=CARTESIAN_POINT('Ctrl Pts',(546.37178626921,305.,11.3333333333333));
#6954=CARTESIAN_POINT('Ctrl Pts',(546.37178626921,305.,6.66666666666668));
#6955=CARTESIAN_POINT('Ctrl Pts',(546.37178626921,305.,2.));
#6956=CARTESIAN_POINT('Ctrl Pts',(540.5,305.,16.));
#6957=CARTESIAN_POINT('Ctrl Pts',(540.5,305.,11.3333333333333));
#6958=CARTESIAN_POINT('Ctrl Pts',(540.5,305.,6.66666666666667));
#6959=CARTESIAN_POINT('Ctrl Pts',(540.5,305.,2.));
#6960=CARTESIAN_POINT('',(619.,226.5,18.));
#6961=CARTESIAN_POINT('Origin',(619.,9.00000000000002,18.));
#6962=CARTESIAN_POINT('',(619.,87.5,18.));
#6963=CARTESIAN_POINT('Ctrl Pts',(540.5,9.,16.));
#6964=CARTESIAN_POINT('Ctrl Pts',(540.5,9.,11.3333333333333));
#6965=CARTESIAN_POINT('Ctrl Pts',(540.5,9.,6.66666666666667));
#6966=CARTESIAN_POINT('Ctrl Pts',(540.5,9.,2.));
#6967=CARTESIAN_POINT('Ctrl Pts',(546.37178626921,9.,16.));
#6968=CARTESIAN_POINT('Ctrl Pts',(546.37178626921,9.,11.3333333333333));
#6969=CARTESIAN_POINT('Ctrl Pts',(546.37178626921,9.,6.66666666666667));
#6970=CARTESIAN_POINT('Ctrl Pts',(546.37178626921,9.,2.));
#6971=CARTESIAN_POINT('Ctrl Pts',(557.990353854519,9.05700067920053,16.));
#6972=CARTESIAN_POINT('Ctrl Pts',(557.990353854519,9.05700067920053,11.3333333333333));
#6973=CARTESIAN_POINT('Ctrl Pts',(557.990353854519,9.05700067920053,6.66666666666666));
#6974=CARTESIAN_POINT('Ctrl Pts',(557.990353854519,9.05700067920053,2.));
#6975=CARTESIAN_POINT('Ctrl Pts',(575.290731858256,12.9255393037732,16.));
#6976=CARTESIAN_POINT('Ctrl Pts',(575.290731858256,12.9255393037732,11.3333333333333));
#6977=CARTESIAN_POINT('Ctrl Pts',(575.290731858256,12.9255393037732,6.66666666666667));
#6978=CARTESIAN_POINT('Ctrl Pts',(575.290731858256,12.9255393037732,2.));
#6979=CARTESIAN_POINT('Ctrl Pts',(591.792601214721,22.1535730646546,16.));
#6980=CARTESIAN_POINT('Ctrl Pts',(591.792601214721,22.1535730646546,11.3333333333333));
#6981=CARTESIAN_POINT('Ctrl Pts',(591.792601214721,22.1535730646546,6.66666666666667));
#6982=CARTESIAN_POINT('Ctrl Pts',(591.792601214721,22.1535730646546,2.));
#6983=CARTESIAN_POINT('Ctrl Pts',(605.850593266474,36.2093791574685,16.));
#6984=CARTESIAN_POINT('Ctrl Pts',(605.850593266474,36.2093791574685,11.3333333333333));
#6985=CARTESIAN_POINT('Ctrl Pts',(605.850593266474,36.2093791574685,6.66666666666666));
#6986=CARTESIAN_POINT('Ctrl Pts',(605.850593266474,36.2093791574685,2.));
#6987=CARTESIAN_POINT('Ctrl Pts',(615.068957870866,52.7072365657645,16.));
#6988=CARTESIAN_POINT('Ctrl Pts',(615.068957870866,52.7072365657645,11.3333333333333));
#6989=CARTESIAN_POINT('Ctrl Pts',(615.068957870866,52.7072365657645,6.66666666666668));
#6990=CARTESIAN_POINT('Ctrl Pts',(615.068957870866,52.7072365657645,2.));
#6991=CARTESIAN_POINT('Ctrl Pts',(618.945977526299,70.0109803578871,16.));
#6992=CARTESIAN_POINT('Ctrl Pts',(618.945977526299,70.0109803578871,11.3333333333334));
#6993=CARTESIAN_POINT('Ctrl Pts',(618.945977526299,70.0109803578871,6.66666666666665));
#6994=CARTESIAN_POINT('Ctrl Pts',(618.945977526299,70.0109803578871,2.));
#6995=CARTESIAN_POINT('Ctrl Pts',(619.,81.6282137307905,16.));
#6996=CARTESIAN_POINT('Ctrl Pts',(619.,81.6282137307905,11.3333333333333));
#6997=CARTESIAN_POINT('Ctrl Pts',(619.,81.6282137307905,6.66666666666668));
#6998=CARTESIAN_POINT('Ctrl Pts',(619.,81.6282137307905,2.));
#6999=CARTESIAN_POINT('Ctrl Pts',(619.,87.5,16.));
#7000=CARTESIAN_POINT('Ctrl Pts',(619.,87.5,11.3333333333333));
#7001=CARTESIAN_POINT('Ctrl Pts',(619.,87.5,6.66666666666667));
#7002=CARTESIAN_POINT('Ctrl Pts',(619.,87.5,2.));
#7003=CARTESIAN_POINT('',(540.5,9.,18.));
#7004=CARTESIAN_POINT('Origin',(314.,157.,18.));
#7005=CARTESIAN_POINT('',(491.75,157.,18.));
#7006=CARTESIAN_POINT('Origin',(471.,157.,18.));
#7007=CARTESIAN_POINT('',(177.75,157.,18.));
#7008=CARTESIAN_POINT('Origin',(157.,157.,18.));
#7009=CARTESIAN_POINT('',(152.,25.9999999999999,18.));
#7010=CARTESIAN_POINT('Origin',(157.,25.9999999999999,18.));
#7011=CARTESIAN_POINT('',(466.,25.9999999999999,18.));
#7012=CARTESIAN_POINT('Origin',(471.,25.9999999999999,18.));
#7013=CARTESIAN_POINT('',(309.,288.,18.));
#7014=CARTESIAN_POINT('Origin',(314.,288.,18.));
#7015=CARTESIAN_POINT('',(152.,288.,18.));
#7016=CARTESIAN_POINT('Origin',(157.,288.,18.));
#7017=CARTESIAN_POINT('',(21.,157.,18.));
#7018=CARTESIAN_POINT('Origin',(26.,157.,18.));
#7019=CARTESIAN_POINT('',(309.,25.9999999999999,18.));
#7020=CARTESIAN_POINT('Origin',(314.,25.9999999999999,18.));
#7021=CARTESIAN_POINT('',(597.,157.,18.));
#7022=CARTESIAN_POINT('Origin',(602.,157.,18.));
#7023=CARTESIAN_POINT('',(466.,288.,18.));
#7024=CARTESIAN_POINT('Origin',(471.,288.,18.));
#7025=CARTESIAN_POINT('',(334.75,157.,18.));
#7026=CARTESIAN_POINT('Origin',(314.,157.,18.));
#7027=CARTESIAN_POINT('Origin',(471.,157.,15.125));
#7028=CARTESIAN_POINT('',(486.,157.,12.25));
#7029=CARTESIAN_POINT('',(488.875,157.,15.125));
#7030=CARTESIAN_POINT('',(456.,157.,12.25));
#7031=CARTESIAN_POINT('Origin',(471.,157.,12.25));
#7032=CARTESIAN_POINT('Origin',(471.,157.,12.25));
#7033=CARTESIAN_POINT('Origin',(471.,157.,18.));
#7034=CARTESIAN_POINT('',(456.,157.,5.75));
#7035=CARTESIAN_POINT('',(456.,157.,18.));
#7036=CARTESIAN_POINT('Origin',(471.,157.,5.75));
#7037=CARTESIAN_POINT('Origin',(314.,157.,15.125));
#7038=CARTESIAN_POINT('',(329.,157.,12.25));
#7039=CARTESIAN_POINT('',(331.875,157.,15.125));
#7040=CARTESIAN_POINT('',(299.,157.,12.25));
#7041=CARTESIAN_POINT('Origin',(314.,157.,12.25));
#7042=CARTESIAN_POINT('Origin',(314.,157.,12.25));
#7043=CARTESIAN_POINT('Origin',(314.,157.,18.));
#7044=CARTESIAN_POINT('',(299.,157.,5.75));
#7045=CARTESIAN_POINT('',(299.,157.,18.));
#7046=CARTESIAN_POINT('Origin',(314.,157.,5.75));
#7047=CARTESIAN_POINT('Origin',(471.,157.,2.875));
#7048=CARTESIAN_POINT('',(453.125,157.,2.875));
#7049=CARTESIAN_POINT('Origin',(314.,157.,2.875));
#7050=CARTESIAN_POINT('',(296.125,157.,2.875));
#7051=CARTESIAN_POINT('Origin',(157.,157.,2.875));
#7052=CARTESIAN_POINT('',(142.,157.,5.75));
#7053=CARTESIAN_POINT('',(139.125,157.,2.875));
#7054=CARTESIAN_POINT('Origin',(157.,157.,5.75));
#7055=CARTESIAN_POINT('Origin',(157.,157.,18.));
#7056=CARTESIAN_POINT('',(172.,157.,12.25));
#7057=CARTESIAN_POINT('',(142.,157.,12.25));
#7058=CARTESIAN_POINT('Origin',(157.,157.,12.25));
#7059=CARTESIAN_POINT('Origin',(157.,157.,12.25));
#7060=CARTESIAN_POINT('',(142.,157.,18.));
#7061=CARTESIAN_POINT('Origin',(157.,157.,15.125));
#7062=CARTESIAN_POINT('',(174.875,157.,15.125));
#7063=CARTESIAN_POINT('Origin',(9.00000000000006,8.99999999999991,18.));
#7064=CARTESIAN_POINT('Origin',(157.,25.9999999999999,18.));
#7065=CARTESIAN_POINT('',(152.,25.9999999999999,3.));
#7066=CARTESIAN_POINT('',(152.,25.9999999999999,18.));
#7067=CARTESIAN_POINT('Origin',(157.,25.9999999999999,3.));
#7068=CARTESIAN_POINT('Origin',(157.,25.9999999999999,3.));
#7069=CARTESIAN_POINT('Origin',(471.,25.9999999999999,18.));
#7070=CARTESIAN_POINT('',(466.,25.9999999999999,3.));
#7071=CARTESIAN_POINT('',(466.,25.9999999999999,18.));
#7072=CARTESIAN_POINT('Origin',(471.,25.9999999999999,3.));
#7073=CARTESIAN_POINT('Origin',(471.,25.9999999999999,3.));
#7074=CARTESIAN_POINT('Origin',(314.,288.,18.));
#7075=CARTESIAN_POINT('',(309.,288.,3.));
#7076=CARTESIAN_POINT('',(309.,288.,18.));
#7077=CARTESIAN_POINT('Origin',(314.,288.,3.));
#7078=CARTESIAN_POINT('Origin',(314.,288.,3.));
#7079=CARTESIAN_POINT('Origin',(157.,288.,18.));
#7080=CARTESIAN_POINT('',(152.,288.,3.));
#7081=CARTESIAN_POINT('',(152.,288.,18.));
#7082=CARTESIAN_POINT('Origin',(157.,288.,3.));
#7083=CARTESIAN_POINT('Origin',(157.,288.,3.));
#7084=CARTESIAN_POINT('Origin',(26.,157.,18.));
#7085=CARTESIAN_POINT('',(21.,157.,18.));
#7086=CARTESIAN_POINT('',(21.,157.,3.));
#7087=CARTESIAN_POINT('',(21.,157.,18.));
#7088=CARTESIAN_POINT('Origin',(26.,157.,3.));
#7089=CARTESIAN_POINT('Origin',(26.,157.,3.));
#7090=CARTESIAN_POINT('Origin',(314.,25.9999999999999,18.));
#7091=CARTESIAN_POINT('',(309.,25.9999999999999,3.));
#7092=CARTESIAN_POINT('',(309.,25.9999999999999,18.));
#7093=CARTESIAN_POINT('Origin',(314.,25.9999999999999,3.));
#7094=CARTESIAN_POINT('Origin',(314.,25.9999999999999,3.));
#7095=CARTESIAN_POINT('Origin',(602.,157.,18.));
#7096=CARTESIAN_POINT('',(597.,157.,3.));
#7097=CARTESIAN_POINT('',(597.,157.,18.));
#7098=CARTESIAN_POINT('Origin',(602.,157.,3.));
#7099=CARTESIAN_POINT('Origin',(602.,157.,3.));
#7100=CARTESIAN_POINT('Origin',(471.,288.,18.));
#7101=CARTESIAN_POINT('',(466.,288.,3.));
#7102=CARTESIAN_POINT('',(466.,288.,18.));
#7103=CARTESIAN_POINT('Origin',(471.,288.,3.));
#7104=CARTESIAN_POINT('Origin',(471.,288.,3.));
#7105=CARTESIAN_POINT('',(0.,0.,0.));
#7106=CARTESIAN_POINT('',(0.,0.,0.));
#7107=CARTESIAN_POINT('Origin',(341.,32.,2.));
#7108=CARTESIAN_POINT('',(341.,0.,2.));
#7109=CARTESIAN_POINT('',(341.,2.,0.));
#7110=CARTESIAN_POINT('Origin',(341.,2.,2.));
#7111=CARTESIAN_POINT('',(371.,32.,0.));
#7112=CARTESIAN_POINT('Origin',(341.,32.,0.));
#7113=CARTESIAN_POINT('',(373.,32.,2.));
#7114=CARTESIAN_POINT('Origin',(371.,32.,2.));
#7115=CARTESIAN_POINT('Origin',(341.,32.,2.));
#7116=CARTESIAN_POINT('Origin',(371.,84.5,2.));
#7117=CARTESIAN_POINT('',(371.,242.,0.));
#7118=CARTESIAN_POINT('',(373.,242.,2.));
#7119=CARTESIAN_POINT('Origin',(371.,242.,2.));
#7120=CARTESIAN_POINT('',(373.,84.5,2.));
#7121=CARTESIAN_POINT('',(371.,84.5,0.));
#7122=CARTESIAN_POINT('Origin',(341.,242.,2.));
#7123=CARTESIAN_POINT('',(341.,272.,0.));
#7124=CARTESIAN_POINT('',(341.,274.,2.));
#7125=CARTESIAN_POINT('Origin',(341.,272.,2.));
#7126=CARTESIAN_POINT('Origin',(341.,242.,2.));
#7127=CARTESIAN_POINT('Origin',(341.,242.,0.));
#7128=CARTESIAN_POINT('Origin',(263.75,272.,2.));
#7129=CARTESIAN_POINT('',(31.9999999999999,272.,0.));
#7130=CARTESIAN_POINT('',(31.9999999999999,274.,2.));
#7131=CARTESIAN_POINT('Origin',(31.9999999999999,272.,2.));
#7132=CARTESIAN_POINT('',(263.75,274.,2.));
#7133=CARTESIAN_POINT('',(263.75,272.,0.));
#7134=CARTESIAN_POINT('Origin',(31.9999999999999,242.,2.));
#7135=CARTESIAN_POINT('',(1.99999999999993,242.,0.));
#7136=CARTESIAN_POINT('',(-7.11206825295733E-14,242.,2.));
#7137=CARTESIAN_POINT('Origin',(1.99999999999993,242.,2.));
#7138=CARTESIAN_POINT('Origin',(31.9999999999999,242.,2.));
#7139=CARTESIAN_POINT('Origin',(31.9999999999999,242.,0.));
#7140=CARTESIAN_POINT('Origin',(1.99999999999994,189.5,2.));
#7141=CARTESIAN_POINT('',(1.99999999999999,32.,0.));
#7142=CARTESIAN_POINT('',(-8.87784983558901E-15,32.,2.));
#7143=CARTESIAN_POINT('Origin',(1.99999999999999,32.,2.));
#7144=CARTESIAN_POINT('',(-5.55111512312578E-14,189.5,2.));
#7145=CARTESIAN_POINT('',(1.99999999999994,189.5,0.));
#7146=CARTESIAN_POINT('Origin',(32.,32.,2.));
#7147=CARTESIAN_POINT('',(32.,2.,0.));
#7148=CARTESIAN_POINT('',(32.,-2.8149011757015E-16,2.));
#7149=CARTESIAN_POINT('Origin',(32.,2.,2.));
#7150=CARTESIAN_POINT('Origin',(32.,32.,2.));
#7151=CARTESIAN_POINT('Origin',(32.,32.,0.));
#7152=CARTESIAN_POINT('Origin',(109.25,1.99999999999999,2.));
#7153=CARTESIAN_POINT('',(109.25,-2.77555756156289E-16,2.));
#7154=CARTESIAN_POINT('',(109.25,1.99999999999999,0.));
#7155=CARTESIAN_POINT('Origin',(-7.11206825295733E-14,242.,0.));
#7156=CARTESIAN_POINT('',(-8.87784983558901E-15,32.,16.));
#7157=CARTESIAN_POINT('',(-8.87784983558901E-15,32.,0.));
#7158=CARTESIAN_POINT('',(-7.11206825295733E-14,242.,16.));
#7159=CARTESIAN_POINT('',(-5.55111512312578E-14,189.5,16.));
#7160=CARTESIAN_POINT('',(-7.11206825295733E-14,242.,0.));
#7161=CARTESIAN_POINT('Origin',(32.,32.,0.));
#7162=CARTESIAN_POINT('',(32.,-2.8149011757015E-16,16.));
#7163=CARTESIAN_POINT('',(32.,-2.8149011757015E-16,0.));
#7164=CARTESIAN_POINT('Origin',(32.,32.,16.));
#7165=CARTESIAN_POINT('Origin',(32.,-2.8149011757015E-16,0.));
#7166=CARTESIAN_POINT('',(341.,0.,16.));
#7167=CARTESIAN_POINT('',(341.,0.,0.));
#7168=CARTESIAN_POINT('',(109.25,-2.77555756156289E-16,16.));
#7169=CARTESIAN_POINT('Origin',(341.,32.,0.));
#7170=CARTESIAN_POINT('',(373.,32.,16.));
#7171=CARTESIAN_POINT('',(373.,32.,0.));
#7172=CARTESIAN_POINT('Origin',(341.,32.,16.));
#7173=CARTESIAN_POINT('Origin',(186.5,137.,0.));
#7174=CARTESIAN_POINT('',(39.,124.5,0.));
#7175=CARTESIAN_POINT('',(39.,149.5,0.));
#7176=CARTESIAN_POINT('',(39.,143.25,0.));
#7177=CARTESIAN_POINT('',(29.,149.5,0.));
#7178=CARTESIAN_POINT('Origin',(34.,149.5,0.));
#7179=CARTESIAN_POINT('',(29.,124.5,0.));
#7180=CARTESIAN_POINT('',(29.,130.75,0.));
#7181=CARTESIAN_POINT('Origin',(34.,124.5,0.));
#7182=CARTESIAN_POINT('',(171.5,137.,0.));
#7183=CARTESIAN_POINT('Origin',(186.5,137.,0.));
#7184=CARTESIAN_POINT('',(344.,124.5,0.));
#7185=CARTESIAN_POINT('',(344.,149.5,0.));
#7186=CARTESIAN_POINT('',(344.,143.25,0.));
#7187=CARTESIAN_POINT('',(334.,149.5,0.));
#7188=CARTESIAN_POINT('Origin',(339.,149.5,0.));
#7189=CARTESIAN_POINT('',(334.,124.5,0.));
#7190=CARTESIAN_POINT('',(334.,130.75,0.));
#7191=CARTESIAN_POINT('Origin',(339.,124.5,0.));
#7192=CARTESIAN_POINT('Origin',(341.,32.,16.));
#7193=CARTESIAN_POINT('',(341.,2.,18.));
#7194=CARTESIAN_POINT('Origin',(341.,2.,16.));
#7195=CARTESIAN_POINT('',(371.,32.,18.));
#7196=CARTESIAN_POINT('Origin',(371.,32.,16.));
#7197=CARTESIAN_POINT('Origin',(341.,32.,18.));
#7198=CARTESIAN_POINT('Origin',(371.,84.5,16.));
#7199=CARTESIAN_POINT('',(373.,242.,16.));
#7200=CARTESIAN_POINT('',(371.,242.,18.));
#7201=CARTESIAN_POINT('Origin',(371.,242.,16.));
#7202=CARTESIAN_POINT('',(371.,84.5,18.));
#7203=CARTESIAN_POINT('',(373.,84.5,16.));
#7204=CARTESIAN_POINT('Origin',(341.,242.,16.));
#7205=CARTESIAN_POINT('',(341.,274.,16.));
#7206=CARTESIAN_POINT('',(341.,272.,18.));
#7207=CARTESIAN_POINT('Origin',(341.,272.,16.));
#7208=CARTESIAN_POINT('Origin',(341.,242.,18.));
#7209=CARTESIAN_POINT('Origin',(341.,242.,16.));
#7210=CARTESIAN_POINT('Origin',(263.75,272.,16.));
#7211=CARTESIAN_POINT('',(31.9999999999999,274.,16.));
#7212=CARTESIAN_POINT('',(31.9999999999999,272.,18.));
#7213=CARTESIAN_POINT('Origin',(31.9999999999999,272.,16.));
#7214=CARTESIAN_POINT('',(263.75,272.,18.));
#7215=CARTESIAN_POINT('',(263.75,274.,16.));
#7216=CARTESIAN_POINT('Origin',(31.9999999999999,242.,16.));
#7217=CARTESIAN_POINT('',(1.99999999999993,242.,18.));
#7218=CARTESIAN_POINT('Origin',(1.99999999999993,242.,16.));
#7219=CARTESIAN_POINT('Origin',(31.9999999999999,242.,18.));
#7220=CARTESIAN_POINT('Origin',(31.9999999999999,242.,16.));
#7221=CARTESIAN_POINT('Origin',(1.99999999999994,189.5,16.));
#7222=CARTESIAN_POINT('',(1.99999999999999,32.,18.));
#7223=CARTESIAN_POINT('Origin',(1.99999999999999,32.,16.));
#7224=CARTESIAN_POINT('',(1.99999999999994,189.5,18.));
#7225=CARTESIAN_POINT('Origin',(32.,32.,16.));
#7226=CARTESIAN_POINT('',(32.,2.,18.));
#7227=CARTESIAN_POINT('Origin',(32.,2.,16.));
#7228=CARTESIAN_POINT('Origin',(32.,32.,18.));
#7229=CARTESIAN_POINT('Origin',(109.25,2.,16.));
#7230=CARTESIAN_POINT('',(109.25,2.,18.));
#7231=CARTESIAN_POINT('Origin',(341.,274.,0.));
#7232=CARTESIAN_POINT('',(31.9999999999999,274.,0.));
#7233=CARTESIAN_POINT('',(341.,274.,0.));
#7234=CARTESIAN_POINT('Origin',(341.,242.,0.));
#7235=CARTESIAN_POINT('',(373.,242.,0.));
#7236=CARTESIAN_POINT('Origin',(373.,32.,0.));
#7237=CARTESIAN_POINT('Origin',(186.5,137.,18.));
#7238=CARTESIAN_POINT('',(39.,149.5,18.));
#7239=CARTESIAN_POINT('',(39.,124.5,18.));
#7240=CARTESIAN_POINT('',(39.,143.25,18.));
#7241=CARTESIAN_POINT('',(29.,124.5,18.));
#7242=CARTESIAN_POINT('Origin',(34.,124.5,18.));
#7243=CARTESIAN_POINT('',(29.,149.5,18.));
#7244=CARTESIAN_POINT('',(29.,130.75,18.));
#7245=CARTESIAN_POINT('Origin',(34.,149.5,18.));
#7246=CARTESIAN_POINT('',(171.5,137.,18.));
#7247=CARTESIAN_POINT('Origin',(186.5,137.,18.));
#7248=CARTESIAN_POINT('',(344.,149.5,18.));
#7249=CARTESIAN_POINT('',(344.,124.5,18.));
#7250=CARTESIAN_POINT('',(344.,143.25,18.));
#7251=CARTESIAN_POINT('',(334.,124.5,18.));
#7252=CARTESIAN_POINT('Origin',(339.,124.5,18.));
#7253=CARTESIAN_POINT('',(334.,149.5,18.));
#7254=CARTESIAN_POINT('',(334.,130.75,18.));
#7255=CARTESIAN_POINT('Origin',(339.,149.5,18.));
#7256=CARTESIAN_POINT('Origin',(334.,124.5,18.));
#7257=CARTESIAN_POINT('',(334.,149.5,18.));
#7258=CARTESIAN_POINT('',(334.,124.5,18.));
#7259=CARTESIAN_POINT('Origin',(339.,124.5,18.));
#7260=CARTESIAN_POINT('',(344.,124.5,18.));
#7261=CARTESIAN_POINT('Origin',(344.,149.5,18.));
#7262=CARTESIAN_POINT('',(344.,149.5,18.));
#7263=CARTESIAN_POINT('Origin',(339.,149.5,18.));
#7264=CARTESIAN_POINT('Origin',(186.5,137.,18.));
#7265=CARTESIAN_POINT('',(171.5,137.,18.));
#7266=CARTESIAN_POINT('Origin',(29.,124.5,18.));
#7267=CARTESIAN_POINT('',(29.,149.5,18.));
#7268=CARTESIAN_POINT('',(29.,124.5,18.));
#7269=CARTESIAN_POINT('Origin',(34.,124.5,18.));
#7270=CARTESIAN_POINT('',(39.,124.5,18.));
#7271=CARTESIAN_POINT('Origin',(39.,149.5,18.));
#7272=CARTESIAN_POINT('',(39.,149.5,18.));
#7273=CARTESIAN_POINT('Origin',(34.,149.5,18.));
#7274=CARTESIAN_POINT('Origin',(31.9999999999999,242.,0.));
#7275=CARTESIAN_POINT('',(0.,0.,0.));
#7276=CARTESIAN_POINT('Origin',(-27.,8.99999999999999,0.));
#7277=CARTESIAN_POINT('',(-25.5,8.99999999999999,0.));
#7278=CARTESIAN_POINT('Origin',(-27.,8.99999999999999,0.));
#7279=CARTESIAN_POINT('',(-25.5,8.99999999999999,20.));
#7280=CARTESIAN_POINT('',(-25.5,8.99999999999999,0.));
#7281=CARTESIAN_POINT('Origin',(-27.,8.99999999999999,20.));
#7282=CARTESIAN_POINT('Origin',(-27.,8.99999999999999,20.));
#7283=CARTESIAN_POINT('Origin',(-123.,8.99999999999999,0.));
#7284=CARTESIAN_POINT('',(-121.5,8.99999999999999,0.));
#7285=CARTESIAN_POINT('Origin',(-123.,8.99999999999999,0.));
#7286=CARTESIAN_POINT('',(-121.5,8.99999999999999,20.));
#7287=CARTESIAN_POINT('',(-121.5,8.99999999999999,0.));
#7288=CARTESIAN_POINT('Origin',(-123.,8.99999999999999,20.));
#7289=CARTESIAN_POINT('Origin',(-123.,8.99999999999999,20.));
#7290=CARTESIAN_POINT('Origin',(-106.521124665486,8.99999999999999,824.897459621556));
#7291=CARTESIAN_POINT('',(-107.820162771162,8.99999999999999,825.647459621556));
#7292=CARTESIAN_POINT('Origin',(-106.521124665486,8.99999999999999,824.897459621556));
#7293=CARTESIAN_POINT('',(-117.820162771163,8.99999999999999,808.326951545867));
#7294=CARTESIAN_POINT('',(-107.820162771163,8.99999999999999,825.647459621556));
#7295=CARTESIAN_POINT('Origin',(-116.521124665486,8.99999999999999,807.576951545867));
#7296=CARTESIAN_POINT('Origin',(-116.521124665486,8.99999999999999,807.576951545867));
#7297=CARTESIAN_POINT('Origin',(-23.3826859021798,9.,776.897459621556));
#7298=CARTESIAN_POINT('',(-24.6817240078563,9.,777.647459621556));
#7299=CARTESIAN_POINT('Origin',(-23.3826859021796,9.,776.897459621556));
#7300=CARTESIAN_POINT('',(-34.6817240078565,9.,760.326951545867));
#7301=CARTESIAN_POINT('',(-24.6817240078564,9.,777.647459621556));
#7302=CARTESIAN_POINT('Origin',(-33.3826859021798,9.,759.576951545867));
#7303=CARTESIAN_POINT('Origin',(-33.3826859021798,9.,759.576951545867));
#7304=CARTESIAN_POINT('Origin',(-45.9519052838325,11.,833.806424965365));
#7305=CARTESIAN_POINT('',(-93.0943998427731,11.,817.145536430828));
#7306=CARTESIAN_POINT('',(-36.8094107248921,11.,784.649382812284));
#7307=CARTESIAN_POINT('',(-107.475952641916,11.,825.448729810778));
#7308=CARTESIAN_POINT('Origin',(-45.9519052838325,11.,833.806424965365));
#7309=CARTESIAN_POINT('Origin',(-45.9519052838325,7.,833.806424965365));
#7310=CARTESIAN_POINT('',(-36.8094107248921,7.,784.649382812284));
#7311=CARTESIAN_POINT('',(-93.0943998427731,7.,817.145536430828));
#7312=CARTESIAN_POINT('',(-107.475952641916,7.,825.448729810778));
#7313=CARTESIAN_POINT('Origin',(-45.9519052838325,7.,833.806424965365));
#7314=CARTESIAN_POINT('Origin',(-45.9519052838325,9.,833.806424965365));
#7315=CARTESIAN_POINT('',(-93.0943998427731,9.,817.145536430828));
#7316=CARTESIAN_POINT('',(-36.8094107248921,9.,784.649382812284));
#7317=CARTESIAN_POINT('Origin',(-75.,7.,6.));
#7318=CARTESIAN_POINT('',(-107.496153618544,7.,0.));
#7319=CARTESIAN_POINT('',(-42.5038463814562,7.,0.));
#7320=CARTESIAN_POINT('',(-37.5,7.,0.));
#7321=CARTESIAN_POINT('Origin',(-75.,7.,-38.));
#7322=CARTESIAN_POINT('Origin',(-75.,9.,-38.));
#7323=CARTESIAN_POINT('',(-42.5038463814562,11.,0.));
#7324=CARTESIAN_POINT('',(-42.5038463814562,9.,0.));
#7325=CARTESIAN_POINT('',(-107.496153618544,11.,0.));
#7326=CARTESIAN_POINT('',(-107.496153618544,9.,0.));
#7327=CARTESIAN_POINT('Origin',(-75.,11.,-38.));
#7328=CARTESIAN_POINT('Origin',(-75.,11.,6.));
#7329=CARTESIAN_POINT('',(-37.5,11.,0.));
#7330=CARTESIAN_POINT('Origin',(-225.,18.,673.686027918558));
#7331=CARTESIAN_POINT('',(-150.,0.,803.589838486224));
#7332=CARTESIAN_POINT('',(-150.,18.,803.589838486224));
#7333=CARTESIAN_POINT('',(-150.,9.,803.589838486224));
#7334=CARTESIAN_POINT('',(-129.903810567666,0.,838.397459621556));
#7335=CARTESIAN_POINT('',(-260.092104435929,0.,612.904720091015));
#7336=CARTESIAN_POINT('',(-129.903810567666,18.,838.397459621556));
#7337=CARTESIAN_POINT('',(-129.903810567665,18.,838.397459621556));
#7338=CARTESIAN_POINT('',(-260.092104435929,18.,612.904720091015));
#7339=CARTESIAN_POINT('Origin',(-150.,0.,0.));
#7340=CARTESIAN_POINT('',(-150.,18.,0.));
#7341=CARTESIAN_POINT('',(-150.,18.,0.));
#7342=CARTESIAN_POINT('',(-150.,0.,0.));
#7343=CARTESIAN_POINT('',(-150.,0.,0.));
#7344=CARTESIAN_POINT('',(-150.,0.,0.));
#7345=CARTESIAN_POINT('Origin',(-74.9999999999999,18.,425.));
#7346=CARTESIAN_POINT('',(2.48689957516035E-13,18.,763.397459621556));
#7347=CARTESIAN_POINT('',(-29.8598008479032,18.,780.637023679042));
#7348=CARTESIAN_POINT('',(0.,18.,0.));
#7349=CARTESIAN_POINT('',(2.57571741713036E-13,18.,850.));
#7350=CARTESIAN_POINT('',(0.,18.,0.));
#7351=CARTESIAN_POINT('Origin',(-150.,18.,850.));
#7352=CARTESIAN_POINT('',(2.48689957516035E-13,0.,763.397459621556));
#7353=CARTESIAN_POINT('',(-29.8598008479032,1.11022302462516E-15,780.637023679042));
#7354=CARTESIAN_POINT('',(2.48689957516035E-13,9.,763.397459621556));
#7355=CARTESIAN_POINT('Origin',(-74.9999999999999,0.,425.));
#7356=CARTESIAN_POINT('',(0.,0.,0.));
#7357=CARTESIAN_POINT('',(0.,0.,0.));
#7358=CARTESIAN_POINT('',(2.57571741713036E-13,0.,850.));
#7359=CARTESIAN_POINT('Origin',(0.,0.,0.));
#7360=CARTESIAN_POINT('',(0.,0.,0.));
#7361=CARTESIAN_POINT('Origin',(2.57571741713036E-13,0.,850.));
#7362=CARTESIAN_POINT('',(0.,0.,0.));
#7363=CARTESIAN_POINT('Origin',(28.25,4.86624816615746E-16,1.05));
#7364=CARTESIAN_POINT('',(23.9,1.01934617424484E-15,0.));
#7365=CARTESIAN_POINT('Origin',(28.25,4.86624816615746E-16,0.));
#7366=CARTESIAN_POINT('',(26.,2.11079286807591E-16,2.1));
#7367=CARTESIAN_POINT('',(24.95,8.90758260334372E-16,1.05));
#7368=CARTESIAN_POINT('Origin',(28.25,4.86624816615746E-16,2.1));
#7369=CARTESIAN_POINT('Origin',(70.,8.88178419700125E-15,0.));
#7370=CARTESIAN_POINT('',(152.5,25.,0.));
#7371=CARTESIAN_POINT('',(-3.06161699786838E-15,25.,0.));
#7372=CARTESIAN_POINT('',(152.5,25.,0.));
#7373=CARTESIAN_POINT('',(165.,12.5,0.));
#7374=CARTESIAN_POINT('Origin',(152.5,12.5,0.));
#7375=CARTESIAN_POINT('',(165.,-12.5,0.));
#7376=CARTESIAN_POINT('',(165.,-12.5,0.));
#7377=CARTESIAN_POINT('',(152.5,-25.,0.));
#7378=CARTESIAN_POINT('Origin',(152.5,-12.5,0.));
#7379=CARTESIAN_POINT('',(0.,-25.,0.));
#7380=CARTESIAN_POINT('',(0.,-25.,0.));
#7381=CARTESIAN_POINT('Origin',(0.,0.,0.));
#7382=CARTESIAN_POINT('',(119.9,1.01934617424485E-15,0.));
#7383=CARTESIAN_POINT('Origin',(124.25,4.86624816615746E-16,0.));
#7384=CARTESIAN_POINT('',(157.5,12.5,0.));
#7385=CARTESIAN_POINT('',(147.5,12.5,0.));
#7386=CARTESIAN_POINT('Origin',(152.5,12.5,0.));
#7387=CARTESIAN_POINT('',(147.5,-12.5,0.));
#7388=CARTESIAN_POINT('',(147.5,-6.25000000000005,0.));
#7389=CARTESIAN_POINT('',(157.5,-12.5,0.));
#7390=CARTESIAN_POINT('Origin',(152.5,-12.5,0.));
#7391=CARTESIAN_POINT('',(157.5,6.25,0.));
#7392=CARTESIAN_POINT('',(15.,-1.83697019872103E-15,0.));
#7393=CARTESIAN_POINT('Origin',(0.,0.,0.));
#7394=CARTESIAN_POINT('Origin',(28.25,4.86624816615746E-16,5.));
#7395=CARTESIAN_POINT('',(26.,7.621703464239E-16,5.));
#7396=CARTESIAN_POINT('Origin',(28.25,4.86624816615746E-16,5.));
#7397=CARTESIAN_POINT('',(26.,7.621703464239E-16,5.));
#7398=CARTESIAN_POINT('Origin',(124.25,4.86624816615746E-16,1.05));
#7399=CARTESIAN_POINT('',(122.,2.11079286807591E-16,2.1));
#7400=CARTESIAN_POINT('',(120.95,8.90758260334373E-16,1.05));
#7401=CARTESIAN_POINT('Origin',(124.25,4.86624816615746E-16,2.1));
#7402=CARTESIAN_POINT('Origin',(124.25,4.86624816615746E-16,5.));
#7403=CARTESIAN_POINT('',(122.,7.621703464239E-16,5.));
#7404=CARTESIAN_POINT('Origin',(124.25,4.86624816615746E-16,5.));
#7405=CARTESIAN_POINT('',(122.,7.621703464239E-16,5.));
#7406=CARTESIAN_POINT('Origin',(152.5,-12.5,-17.25));
#7407=CARTESIAN_POINT('',(147.5,-12.5,-17.));
#7408=CARTESIAN_POINT('',(148.,-12.5,-17.5));
#7409=CARTESIAN_POINT('',(147.5,-12.5,-17.));
#7410=CARTESIAN_POINT('',(157.,-12.5,-17.5));
#7411=CARTESIAN_POINT('Origin',(152.5,-12.5,-17.5));
#7412=CARTESIAN_POINT('',(157.5,-12.5,-17.));
#7413=CARTESIAN_POINT('',(157.,-12.5,-17.5));
#7414=CARTESIAN_POINT('Origin',(152.5,-12.5,-17.));
#7415=CARTESIAN_POINT('Origin',(147.75,-6.24999999999999,-17.25));
#7416=CARTESIAN_POINT('',(147.5,12.5,-17.));
#7417=CARTESIAN_POINT('',(148.,12.5,-17.5));
#7418=CARTESIAN_POINT('',(147.5,12.5,-17.));
#7419=CARTESIAN_POINT('',(148.,-6.24999999999999,-17.5));
#7420=CARTESIAN_POINT('',(147.5,-6.24999999999999,-17.));
#7421=CARTESIAN_POINT('Origin',(152.5,12.5,-17.25));
#7422=CARTESIAN_POINT('',(157.5,12.5,-17.));
#7423=CARTESIAN_POINT('',(157.,12.5,-17.5));
#7424=CARTESIAN_POINT('',(157.5,12.5,-17.));
#7425=CARTESIAN_POINT('Origin',(152.5,12.5,-17.5));
#7426=CARTESIAN_POINT('Origin',(152.5,12.5,-17.));
#7427=CARTESIAN_POINT('Origin',(157.25,6.25,-17.25));
#7428=CARTESIAN_POINT('',(157.,6.25,-17.5));
#7429=CARTESIAN_POINT('',(157.5,6.25,-17.));
#7430=CARTESIAN_POINT('Origin',(147.5,-12.5,0.));
#7431=CARTESIAN_POINT('',(147.5,-12.5,0.));
#7432=CARTESIAN_POINT('',(147.5,12.5,0.));
#7433=CARTESIAN_POINT('Origin',(152.5,-12.5,0.));
#7434=CARTESIAN_POINT('',(157.5,-12.5,0.));
#7435=CARTESIAN_POINT('Origin',(152.5,2.22044604925031E-15,-17.5));
#7436=CARTESIAN_POINT('',(148.25,-12.9999999998406,-17.5));
#7437=CARTESIAN_POINT('',(153.75,-12.9999999998406,-17.5));
#7438=CARTESIAN_POINT('',(151.875,-12.9999999998406,-17.5));
#7439=CARTESIAN_POINT('',(153.75,13.0000000001594,-17.5));
#7440=CARTESIAN_POINT('',(153.75,-6.49999999992031,-17.5));
#7441=CARTESIAN_POINT('',(148.25,13.0000000001594,-17.5));
#7442=CARTESIAN_POINT('',(153.125,13.0000000001594,-17.5));
#7443=CARTESIAN_POINT('',(148.25,6.50000000007969,-17.5));
#7444=CARTESIAN_POINT('Origin',(0.,0.,-17.25));
#7445=CARTESIAN_POINT('',(-14.5,-1.77573785876366E-15,-17.5));
#7446=CARTESIAN_POINT('Origin',(0.,0.,-17.5));
#7447=CARTESIAN_POINT('',(-15.,1.83697019872103E-15,-17.));
#7448=CARTESIAN_POINT('',(-14.75,1.80635402874235E-15,-17.25));
#7449=CARTESIAN_POINT('',(15.,-1.83697019872103E-15,-17.));
#7450=CARTESIAN_POINT('Origin',(0.,0.,-17.));
#7451=CARTESIAN_POINT('Origin',(0.,0.,-17.));
#7452=CARTESIAN_POINT('Origin',(0.,0.,0.));
#7453=CARTESIAN_POINT('',(15.,-1.83697019872103E-15,0.));
#7454=CARTESIAN_POINT('Origin',(0.,0.,-17.5));
#7455=CARTESIAN_POINT('',(6.25,13.,-17.5));
#7456=CARTESIAN_POINT('',(-1.25,13.,-17.5));
#7457=CARTESIAN_POINT('',(0.625,13.,-17.5));
#7458=CARTESIAN_POINT('',(-1.25,-13.,-17.5));
#7459=CARTESIAN_POINT('',(-1.25,6.5,-17.5));
#7460=CARTESIAN_POINT('',(6.25,-13.,-17.5));
#7461=CARTESIAN_POINT('',(-0.625,-13.,-17.5));
#7462=CARTESIAN_POINT('',(6.25,-6.5,-17.5));
#7463=CARTESIAN_POINT('Origin',(101.25,2.05,5.));
#7464=CARTESIAN_POINT('',(101.25,-2.05,8.30127018922194));
#7465=CARTESIAN_POINT('',(101.25,2.05,8.30127018922194));
#7466=CARTESIAN_POINT('',(101.25,0.,8.30127018922194));
#7467=CARTESIAN_POINT('',(101.25,-2.05,5.));
#7468=CARTESIAN_POINT('',(101.25,-2.05,7.));
#7469=CARTESIAN_POINT('',(101.25,2.05,5.));
#7470=CARTESIAN_POINT('',(101.25,2.04999999999999,5.));
#7471=CARTESIAN_POINT('',(101.25,2.05,7.));
#7472=CARTESIAN_POINT('Origin',(51.25,-2.05,5.));
#7473=CARTESIAN_POINT('',(51.25,2.05,8.30127018922192));
#7474=CARTESIAN_POINT('',(51.25,-2.05,8.30127018922192));
#7475=CARTESIAN_POINT('',(51.25,0.,8.30127018922192));
#7476=CARTESIAN_POINT('',(51.25,2.05,5.));
#7477=CARTESIAN_POINT('',(51.25,2.05,7.));
#7478=CARTESIAN_POINT('',(51.25,-2.05,5.));
#7479=CARTESIAN_POINT('',(51.25,-2.05,5.));
#7480=CARTESIAN_POINT('',(51.25,-2.05,7.));
#7481=CARTESIAN_POINT('Origin',(76.25,1.5937695607704E-10,5.));
#7482=CARTESIAN_POINT('',(151.25,9.00000000015938,5.));
#7483=CARTESIAN_POINT('',(151.25,-8.99999999984062,5.));
#7484=CARTESIAN_POINT('',(151.25,6.50000000015938,5.));
#7485=CARTESIAN_POINT('',(1.25,9.00000000015938,5.));
#7486=CARTESIAN_POINT('',(151.25,9.00000000015938,5.));
#7487=CARTESIAN_POINT('',(1.25,-8.99999999984062,5.));
#7488=CARTESIAN_POINT('',(1.25,-6.49999999992031,5.));
#7489=CARTESIAN_POINT('',(1.25,-8.99999999984062,5.));
#7490=CARTESIAN_POINT('',(76.25,-2.05,5.));
#7491=CARTESIAN_POINT('',(76.25,2.05,5.));
#7492=CARTESIAN_POINT('Origin',(76.25,-2.05,9.));
#7493=CARTESIAN_POINT('Origin',(76.25,-2.05,-35.));
#7494=CARTESIAN_POINT('Origin',(76.25,0.,-35.));
#7495=CARTESIAN_POINT('Origin',(76.25,2.05,-35.));
#7496=CARTESIAN_POINT('Origin',(76.25,2.05,9.));
#7497=CARTESIAN_POINT('Origin',(110.625,19.,9.));
#7498=CARTESIAN_POINT('',(15.25,25.,3.));
#7499=CARTESIAN_POINT('',(3.24999999999999,13.,15.));
#7500=CARTESIAN_POINT('',(26.5208333333334,36.2708333333333,-8.27083333333333));
#7501=CARTESIAN_POINT('',(149.25,13.,15.));
#7502=CARTESIAN_POINT('',(151.25,13.,15.));
#7503=CARTESIAN_POINT('',(137.25,25.,3.));
#7504=CARTESIAN_POINT('',(137.4375,24.8125,3.18749999999999));
#7505=CARTESIAN_POINT('',(152.5,25.,3.));
#7506=CARTESIAN_POINT('Origin',(70.,8.88178419700125E-15,3.));
#7507=CARTESIAN_POINT('',(1.25,11.,3.));
#7508=CARTESIAN_POINT('',(16.1875,25.9375,3.));
#7509=CARTESIAN_POINT('',(0.,25.,3.));
#7510=CARTESIAN_POINT('',(152.5,25.,3.));
#7511=CARTESIAN_POINT('',(0.,-25.,3.));
#7512=CARTESIAN_POINT('Origin',(0.,0.,3.));
#7513=CARTESIAN_POINT('',(15.25,-25.,3.));
#7514=CARTESIAN_POINT('',(0.,-25.,3.));
#7515=CARTESIAN_POINT('',(1.25,-11.,3.));
#7516=CARTESIAN_POINT('',(16.1875,-25.9375,3.));
#7517=CARTESIAN_POINT('',(1.25,-13.,3.));
#7518=CARTESIAN_POINT('',(1.25,-6.5,3.));
#7519=CARTESIAN_POINT('',(-1.25,-13.,3.));
#7520=CARTESIAN_POINT('',(34.375,-13.,3.));
#7521=CARTESIAN_POINT('',(-1.25,13.,3.));
#7522=CARTESIAN_POINT('',(-1.25,6.5,3.));
#7523=CARTESIAN_POINT('',(1.25,13.,3.));
#7524=CARTESIAN_POINT('',(35.625,13.,3.));
#7525=CARTESIAN_POINT('',(1.25,-6.5,3.));
#7526=CARTESIAN_POINT('Origin',(35.625,-19.,9.));
#7527=CARTESIAN_POINT('',(137.25,-25.,3.));
#7528=CARTESIAN_POINT('',(149.25,-13.,15.));
#7529=CARTESIAN_POINT('',(124.9375,-37.3125,-9.3125));
#7530=CARTESIAN_POINT('',(3.25,-13.,15.));
#7531=CARTESIAN_POINT('',(1.25,-13.,15.));
#7532=CARTESIAN_POINT('',(14.0208333333334,-23.7708333333333,4.22916666666667));
#7533=CARTESIAN_POINT('',(0.,-25.,3.));
#7534=CARTESIAN_POINT('Origin',(150.25,-12.,-7.25));
#7535=CARTESIAN_POINT('',(151.25,-11.,15.));
#7536=CARTESIAN_POINT('',(134.75,-27.5,15.));
#7537=CARTESIAN_POINT('',(151.25,-11.,3.));
#7538=CARTESIAN_POINT('',(133.1875,-29.0625,3.));
#7539=CARTESIAN_POINT('',(151.25,-11.,-7.25));
#7540=CARTESIAN_POINT('Origin',(151.25,13.0000000001594,-17.5));
#7541=CARTESIAN_POINT('',(151.25,-12.9999999998406,3.));
#7542=CARTESIAN_POINT('',(151.25,6.50000000007969,3.));
#7543=CARTESIAN_POINT('',(151.25,-12.9999999998406,-14.5));
#7544=CARTESIAN_POINT('',(151.25,-12.9999999998406,-17.5));
#7545=CARTESIAN_POINT('',(151.25,13.0000000001594,-14.5));
#7546=CARTESIAN_POINT('',(151.25,6.50000000007969,-14.5));
#7547=CARTESIAN_POINT('',(151.25,13.0000000001594,3.));
#7548=CARTESIAN_POINT('',(151.25,13.0000000001594,-17.5));
#7549=CARTESIAN_POINT('',(151.25,11.,3.));
#7550=CARTESIAN_POINT('',(151.25,6.50000000007969,3.));
#7551=CARTESIAN_POINT('',(151.25,11.,15.));
#7552=CARTESIAN_POINT('',(151.25,11.,-7.25));
#7553=CARTESIAN_POINT('',(151.25,9.00000000015938,15.));
#7554=CARTESIAN_POINT('',(151.25,-13.,15.));
#7555=CARTESIAN_POINT('',(151.25,9.00000000015938,-1.25));
#7556=CARTESIAN_POINT('',(151.25,-8.99999999984062,15.));
#7557=CARTESIAN_POINT('',(151.25,-8.99999999984063,-1.25));
#7558=CARTESIAN_POINT('',(151.25,-13.,15.));
#7559=CARTESIAN_POINT('Origin',(2.25,12.,-7.25));
#7560=CARTESIAN_POINT('',(1.25,11.,15.));
#7561=CARTESIAN_POINT('',(17.75,27.5,15.));
#7562=CARTESIAN_POINT('',(1.25,11.,-7.25));
#7563=CARTESIAN_POINT('Origin',(76.25,0.,15.));
#7564=CARTESIAN_POINT('',(1.25,9.00000000015938,15.));
#7565=CARTESIAN_POINT('',(1.25,13.,15.));
#7566=CARTESIAN_POINT('',(38.75,9.00000000015938,15.));
#7567=CARTESIAN_POINT('',(134.75,27.5,15.));
#7568=CARTESIAN_POINT('Origin',(2.25,-12.,-7.25));
#7569=CARTESIAN_POINT('',(1.25,-11.,15.));
#7570=CARTESIAN_POINT('',(17.75,-27.5,15.));
#7571=CARTESIAN_POINT('',(1.25,-11.,-7.25));
#7572=CARTESIAN_POINT('Origin',(150.25,12.,-7.25));
#7573=CARTESIAN_POINT('',(133.1875,29.0625,3.));
#7574=CARTESIAN_POINT('Origin',(1.25,9.00000000015938,15.));
#7575=CARTESIAN_POINT('',(1.25,9.00000000015938,-1.25));
#7576=CARTESIAN_POINT('Origin',(151.25,-8.99999999984062,15.));
#7577=CARTESIAN_POINT('',(1.25,-8.99999999984062,15.));
#7578=CARTESIAN_POINT('',(113.75,-8.99999999984062,15.));
#7579=CARTESIAN_POINT('',(1.25,-8.99999999984062,-1.25));
#7580=CARTESIAN_POINT('Origin',(1.25,-13.,-17.5));
#7581=CARTESIAN_POINT('',(1.25,13.,-12.5));
#7582=CARTESIAN_POINT('',(1.25,13.,-17.5));
#7583=CARTESIAN_POINT('',(1.25,-13.,-12.5));
#7584=CARTESIAN_POINT('',(1.25,-6.5,-12.5));
#7585=CARTESIAN_POINT('',(1.25,-13.,-17.5));
#7586=CARTESIAN_POINT('',(1.25,13.,15.));
#7587=CARTESIAN_POINT('Origin',(76.25,0.,15.));
#7588=CARTESIAN_POINT('Origin',(70.,8.88178419700125E-15,3.));
#7589=CARTESIAN_POINT('',(153.75,13.0000000001594,3.));
#7590=CARTESIAN_POINT('',(111.875,13.0000000001594,3.));
#7591=CARTESIAN_POINT('',(153.75,-12.9999999998406,3.));
#7592=CARTESIAN_POINT('',(153.75,-6.49999999992031,3.));
#7593=CARTESIAN_POINT('',(110.625,-12.9999999998406,3.));
#7594=CARTESIAN_POINT('',(152.5,-25.,3.));
#7595=CARTESIAN_POINT('',(0.,-25.,3.));
#7596=CARTESIAN_POINT('',(165.,-12.5,3.));
#7597=CARTESIAN_POINT('Origin',(152.5,-12.5,3.));
#7598=CARTESIAN_POINT('',(165.,12.5,3.));
#7599=CARTESIAN_POINT('',(165.,-12.5,3.));
#7600=CARTESIAN_POINT('',(152.5,25.,3.));
#7601=CARTESIAN_POINT('Origin',(152.5,12.5,3.));
#7602=CARTESIAN_POINT('',(152.5,25.,3.));
#7603=CARTESIAN_POINT('Origin',(6.25,-6.5,-12.5));
#7604=CARTESIAN_POINT('Origin',(6.25,-13.,-12.5));
#7605=CARTESIAN_POINT('Origin',(6.25,13.,-12.5));
#7606=CARTESIAN_POINT('Origin',(148.25,6.50000000007969,-14.5));
#7607=CARTESIAN_POINT('Origin',(148.25,13.0000000001594,-14.5));
#7608=CARTESIAN_POINT('Origin',(148.25,-12.9999999998406,-14.5));
#7609=CARTESIAN_POINT('Origin',(153.75,13.0000000001594,-17.5));
#7610=CARTESIAN_POINT('',(153.75,13.0000000001594,-17.5));
#7611=CARTESIAN_POINT('Origin',(153.75,-12.9999999998406,-17.5));
#7612=CARTESIAN_POINT('',(153.75,-12.9999999998406,-17.5));
#7613=CARTESIAN_POINT('Origin',(151.25,-12.9999999998406,-17.5));
#7614=CARTESIAN_POINT('Origin',(-1.25,13.,-17.5));
#7615=CARTESIAN_POINT('',(-1.25,-13.,-17.5));
#7616=CARTESIAN_POINT('',(-1.25,13.,-17.5));
#7617=CARTESIAN_POINT('Origin',(1.25,13.,-17.5));
#7618=CARTESIAN_POINT('Origin',(-1.25,-13.,-17.5));
#7619=CARTESIAN_POINT('Origin',(152.5,12.5,0.));
#7620=CARTESIAN_POINT('',(157.5,12.5,0.));
#7621=CARTESIAN_POINT('Origin',(157.5,12.5,0.));
#7622=CARTESIAN_POINT('Origin',(152.5,12.5,0.));
#7623=CARTESIAN_POINT('',(152.5,25.,0.));
#7624=CARTESIAN_POINT('',(165.,12.5,0.));
#7625=CARTESIAN_POINT('Origin',(165.,-12.5,0.));
#7626=CARTESIAN_POINT('',(165.,-12.5,0.));
#7627=CARTESIAN_POINT('Origin',(152.5,-12.5,0.));
#7628=CARTESIAN_POINT('',(152.5,-25.,0.));
#7629=CARTESIAN_POINT('Origin',(0.,-25.,0.));
#7630=CARTESIAN_POINT('',(0.,-25.,0.));
#7631=CARTESIAN_POINT('Origin',(0.,0.,0.));
#7632=CARTESIAN_POINT('',(-3.06161699786838E-15,25.,0.));
#7633=CARTESIAN_POINT('Origin',(152.5,25.,0.));
#7634=CARTESIAN_POINT('',(-373.,1.77635683940025E-14,-493.661993878766));
#7635=CARTESIAN_POINT('',(-326.250080128201,1.77635683940025E-14,464.208541954145));
#7636=CARTESIAN_POINT('',(-186.5,137.,-475.661993878764));
#7637=CARTESIAN_POINT('',(-35.2500000000004,128.00000000016,-470.661993878763));
#7638=CARTESIAN_POINT('',(-164.736342322402,137.000000000001,370.958541954146));
#7639=CARTESIAN_POINT('',(0.,0.,0.));
#7640=CARTESIAN_POINT('Origin',(0.,0.,0.));
#7641=CARTESIAN_POINT('',(0.,0.,0.));
#7642=CARTESIAN_POINT('',(-3.85763741731416E-14,0.,-210.));
#7643=CARTESIAN_POINT('',(0.,0.,0.));
#7644=CARTESIAN_POINT('',(-3.85763741731416E-14,0.1,-210.));
#7645=CARTESIAN_POINT('',(-3.85763741731416E-14,0.,-210.));
#7646=CARTESIAN_POINT('',(0.,0.1,0.));
#7647=CARTESIAN_POINT('',(0.,0.1,0.));
#7648=CARTESIAN_POINT('',(0.,0.,0.));
#7649=CARTESIAN_POINT('Origin',(-297.,0.,-6.84310494639254E-31));
#7650=CARTESIAN_POINT('',(-297.,0.,-6.84310494639254E-31));
#7651=CARTESIAN_POINT('',(-297.,0.,-6.84310494639254E-31));
#7652=CARTESIAN_POINT('',(-297.,0.1,0.));
#7653=CARTESIAN_POINT('',(-297.,0.1,-6.84310494639254E-31));
#7654=CARTESIAN_POINT('',(-297.,0.,-6.84310494639254E-31));
#7655=CARTESIAN_POINT('Origin',(-297.,0.,-210.));
#7656=CARTESIAN_POINT('',(-297.,0.,-210.));
#7657=CARTESIAN_POINT('',(-297.,0.,-210.));
#7658=CARTESIAN_POINT('',(-297.,0.1,-210.));
#7659=CARTESIAN_POINT('',(-297.,0.1,-210.));
#7660=CARTESIAN_POINT('',(-297.,0.,-210.));
#7661=CARTESIAN_POINT('Origin',(-3.85763741731416E-14,0.,-210.));
#7662=CARTESIAN_POINT('',(-3.5527136788005E-14,0.,-210.));
#7663=CARTESIAN_POINT('',(-3.5527136788005E-14,0.1,-210.));
#7664=CARTESIAN_POINT('Origin',(-148.5,0.1,-105.));
#7665=CARTESIAN_POINT('Origin',(-148.5,0.,-105.));
#7666=CARTESIAN_POINT('',(-256.894440158506,-66.3037160277246,0.));
#7667=CARTESIAN_POINT('',(-413.894440158506,-380.303716027724,0.));
#7668=CARTESIAN_POINT('',(-307.202211627881,694.172868935879,521.775861100873));
#7669=CARTESIAN_POINT('',(69.3435042696998,632.455681562065,988.525197882055));
#7670=UNCERTAINTY_MEASURE_WITH_UNIT(LENGTH_MEASURE(0.01),#7688,
'DISTANCE_ACCURACY_VALUE',
'Maximum model space distance between geometric entities at asserted c
onnectivities');
#7671=UNCERTAINTY_MEASURE_WITH_UNIT(LENGTH_MEASURE(0.01),#7688,
'DISTANCE_ACCURACY_VALUE',
'Maximum model space distance between geometric entities at asserted c
onnectivities');
#7672=UNCERTAINTY_MEASURE_WITH_UNIT(LENGTH_MEASURE(0.01),#7688,
'DISTANCE_ACCURACY_VALUE',
'Maximum model space distance between geometric entities at asserted c
onnectivities');
#7673=UNCERTAINTY_MEASURE_WITH_UNIT(LENGTH_MEASURE(0.01),#7688,
'DISTANCE_ACCURACY_VALUE',
'Maximum model space distance between geometric entities at asserted c
onnectivities');
#7674=UNCERTAINTY_MEASURE_WITH_UNIT(LENGTH_MEASURE(0.01),#7688,
'DISTANCE_ACCURACY_VALUE',
'Maximum model space distance between geometric entities at asserted c
onnectivities');
#7675=UNCERTAINTY_MEASURE_WITH_UNIT(LENGTH_MEASURE(0.01),#7688,
'DISTANCE_ACCURACY_VALUE',
'Maximum model space distance between geometric entities at asserted c
onnectivities');
#7676=UNCERTAINTY_MEASURE_WITH_UNIT(LENGTH_MEASURE(0.01),#7688,
'DISTANCE_ACCURACY_VALUE',
'Maximum model space distance between geometric entities at asserted c
onnectivities');
#7677=UNCERTAINTY_MEASURE_WITH_UNIT(LENGTH_MEASURE(0.01),#7688,
'DISTANCE_ACCURACY_VALUE',
'Maximum model space distance between geometric entities at asserted c
onnectivities');
#7678=UNCERTAINTY_MEASURE_WITH_UNIT(LENGTH_MEASURE(0.01),#7688,
'DISTANCE_ACCURACY_VALUE',
'Maximum model space distance between geometric entities at asserted c
onnectivities');
#7679=(
GEOMETRIC_REPRESENTATION_CONTEXT(3)
GLOBAL_UNCERTAINTY_ASSIGNED_CONTEXT((#7670))
GLOBAL_UNIT_ASSIGNED_CONTEXT((#7688,#7690,#7691))
REPRESENTATION_CONTEXT('','3D')
);
#7680=(
GEOMETRIC_REPRESENTATION_CONTEXT(3)
GLOBAL_UNCERTAINTY_ASSIGNED_CONTEXT((#7671))
GLOBAL_UNIT_ASSIGNED_CONTEXT((#7688,#7690,#7691))
REPRESENTATION_CONTEXT('','3D')
);
#7681=(
GEOMETRIC_REPRESENTATION_CONTEXT(3)
GLOBAL_UNCERTAINTY_ASSIGNED_CONTEXT((#7672))
GLOBAL_UNIT_ASSIGNED_CONTEXT((#7688,#7690,#7691))
REPRESENTATION_CONTEXT('','3D')
);
#7682=(
GEOMETRIC_REPRESENTATION_CONTEXT(3)
GLOBAL_UNCERTAINTY_ASSIGNED_CONTEXT((#7673))
GLOBAL_UNIT_ASSIGNED_CONTEXT((#7688,#7690,#7691))
REPRESENTATION_CONTEXT('','3D')
);
#7683=(
GEOMETRIC_REPRESENTATION_CONTEXT(3)
GLOBAL_UNCERTAINTY_ASSIGNED_CONTEXT((#7674))
GLOBAL_UNIT_ASSIGNED_CONTEXT((#7688,#7690,#7691))
REPRESENTATION_CONTEXT('','3D')
);
#7684=(
GEOMETRIC_REPRESENTATION_CONTEXT(3)
GLOBAL_UNCERTAINTY_ASSIGNED_CONTEXT((#7675))
GLOBAL_UNIT_ASSIGNED_CONTEXT((#7688,#7690,#7691))
REPRESENTATION_CONTEXT('','3D')
);
#7685=(
GEOMETRIC_REPRESENTATION_CONTEXT(3)
GLOBAL_UNCERTAINTY_ASSIGNED_CONTEXT((#7676))
GLOBAL_UNIT_ASSIGNED_CONTEXT((#7688,#7690,#7691))
REPRESENTATION_CONTEXT('','3D')
);
#7686=(
GEOMETRIC_REPRESENTATION_CONTEXT(3)
GLOBAL_UNCERTAINTY_ASSIGNED_CONTEXT((#7677))
GLOBAL_UNIT_ASSIGNED_CONTEXT((#7688,#7690,#7691))
REPRESENTATION_CONTEXT('','3D')
);
#7687=(
GEOMETRIC_REPRESENTATION_CONTEXT(3)
GLOBAL_UNCERTAINTY_ASSIGNED_CONTEXT((#7678))
GLOBAL_UNIT_ASSIGNED_CONTEXT((#7688,#7690,#7691))
REPRESENTATION_CONTEXT('','3D')
);
#7688=(
LENGTH_UNIT()
NAMED_UNIT(*)
SI_UNIT(.MILLI.,.METRE.)
);
#7689=(
LENGTH_UNIT()
NAMED_UNIT(*)
SI_UNIT(.CENTI.,.METRE.)
);
#7690=(
NAMED_UNIT(*)
PLANE_ANGLE_UNIT()
SI_UNIT($,.RADIAN.)
);
#7691=(
NAMED_UNIT(*)
SI_UNIT($,.STERADIAN.)
SOLID_ANGLE_UNIT()
);
#7692=SHAPE_DEFINITION_REPRESENTATION(#7700,#7717);
#7693=SHAPE_DEFINITION_REPRESENTATION(#7701,#7718);
#7694=SHAPE_DEFINITION_REPRESENTATION(#7702,#7719);
#7695=SHAPE_DEFINITION_REPRESENTATION(#7703,#7720);
#7696=SHAPE_DEFINITION_REPRESENTATION(#7704,#7721);
#7697=SHAPE_DEFINITION_REPRESENTATION(#7705,#7722);
#7698=SHAPE_DEFINITION_REPRESENTATION(#7706,#7723);
#7699=SHAPE_DEFINITION_REPRESENTATION(#7712,#7724);
#7700=PRODUCT_DEFINITION_SHAPE('',$,#7726);
#7701=PRODUCT_DEFINITION_SHAPE('',$,#7727);
#7702=PRODUCT_DEFINITION_SHAPE('',$,#7728);
#7703=PRODUCT_DEFINITION_SHAPE('',$,#7729);
#7704=PRODUCT_DEFINITION_SHAPE('',$,#7730);
#7705=PRODUCT_DEFINITION_SHAPE('',$,#7731);
#7706=PRODUCT_DEFINITION_SHAPE('',$,#7732);
#7707=PRODUCT_DEFINITION_SHAPE($,$,#38);
#7708=PRODUCT_DEFINITION_SHAPE($,$,#39);
#7709=PRODUCT_DEFINITION_SHAPE($,$,#40);
#7710=PRODUCT_DEFINITION_SHAPE($,$,#41);
#7711=PRODUCT_DEFINITION_SHAPE($,$,#42);
#7712=PRODUCT_DEFINITION_SHAPE('',$,#7733);
#7713=PRODUCT_DEFINITION_SHAPE($,$,#43);
#7714=PRODUCT_DEFINITION_SHAPE($,$,#44);
#7715=PRODUCT_DEFINITION_SHAPE($,$,#45);
#7716=PRODUCT_DEFINITION_SHAPE($,$,#46);
#7717=SHAPE_REPRESENTATION('',(#3832,#4223,#4224,#4225,#4226),#7679);
#7718=SHAPE_REPRESENTATION('',(#3833),#7680);
#7719=SHAPE_REPRESENTATION('',(#3915),#7681);
#7720=SHAPE_REPRESENTATION('',(#4018,#4211,#4212,#4213,#4214,#4215),#7682);
#7721=SHAPE_REPRESENTATION('',(#4019),#7683);
#7722=SHAPE_REPRESENTATION('',(#4097),#7684);
#7723=SHAPE_REPRESENTATION('',(#4131),#7685);
#7724=SHAPE_REPRESENTATION('',(#4216),#7686);
#7725=PRODUCT_DEFINITION_CONTEXT('part definition',#7751,'design');
#7726=PRODUCT_DEFINITION('041_Bim Bam Bum','041_Bim Bam Bum',#7734,#7725);
#7727=PRODUCT_DEFINITION('260326_Fahradpumpe','260326_Fahradpumpe',#7735,
#7725);
#7728=PRODUCT_DEFINITION('7x15_1238x2494_006','1x3_296x610_006',#7736,#7725);
#7729=PRODUCT_DEFINITION('250818_Textst\X\E4nder','997_Textst\X\E4nder',
#7737,#7725);
#7730=PRODUCT_DEFINITION('250908_Abdeckplatte Druckknopf_Holz_Goba',
'250908_Harassen Systemplatte_Goba',#7738,#7725);
#7731=PRODUCT_DEFINITION('250818_St\X\E4nder Textst\X\E4nder',
'250818_Textst\X\E4nder Mittelteil',#7739,#7725);
#7732=PRODUCT_DEFINITION('250819_Textst\X\E4nder verbinder_002',
'250819_Textst\X\E4nder verbinder_002',#7740,#7725);
#7733=PRODUCT_DEFINITION('260211_A4 Papier','260211_A4 Papier',#7741,#7725);
#7734=PRODUCT_DEFINITION_FORMATION('',$,#7753);
#7735=PRODUCT_DEFINITION_FORMATION('',$,#7754);
#7736=PRODUCT_DEFINITION_FORMATION('',$,#7755);
#7737=PRODUCT_DEFINITION_FORMATION('',$,#7756);
#7738=PRODUCT_DEFINITION_FORMATION('',$,#7757);
#7739=PRODUCT_DEFINITION_FORMATION('',$,#7758);
#7740=PRODUCT_DEFINITION_FORMATION('',$,#7759);
#7741=PRODUCT_DEFINITION_FORMATION('',$,#7760);
#7742=PRODUCT_RELATED_PRODUCT_CATEGORY('041_Bim Bam Bum',
'041_Bim Bam Bum',(#7753));
#7743=PRODUCT_RELATED_PRODUCT_CATEGORY('260326_Fahradpumpe',
'260326_Fahradpumpe',(#7754));
#7744=PRODUCT_RELATED_PRODUCT_CATEGORY('1x3_296x610_006',
'1x3_296x610_006',(#7755));
#7745=PRODUCT_RELATED_PRODUCT_CATEGORY('997_Textst\X\E4nder',
'997_Textst\X\E4nder',(#7756));
#7746=PRODUCT_RELATED_PRODUCT_CATEGORY(
'250908_Harassen Systemplatte_Goba','250908_Harassen Systemplatte_Goba',
(#7757));
#7747=PRODUCT_RELATED_PRODUCT_CATEGORY('250818_Textst\X\E4nder Mittelt
eil','250818_Textst\X\E4nder Mittelteil',(#7758));
#7748=PRODUCT_RELATED_PRODUCT_CATEGORY(
'250819_Textst\X\E4nder verbinder_002',
'250819_Textst\X\E4nder verbinder_002',(#7759));
#7749=PRODUCT_RELATED_PRODUCT_CATEGORY('260211_A4 Papier',
'260211_A4 Papier',(#7760));
#7750=APPLICATION_PROTOCOL_DEFINITION('international standard',
'automotive_design',2009,#7751);
#7751=APPLICATION_CONTEXT(
'Core Data for Automotive Mechanical Design Process');
#7752=PRODUCT_CONTEXT('part definition',#7751,'mechanical');
#7753=PRODUCT('041_Bim Bam Bum','041_Bim Bam Bum',$,(#7752));
#7754=PRODUCT('260326_Fahradpumpe','260326_Fahradpumpe',$,(#7752));
#7755=PRODUCT('7x15_1238x2494_006','1x3_296x610_006',$,(#7752));
#7756=PRODUCT('250818_Textst\X\E4nder','997_Textst\X\E4nder',$,(#7752));
#7757=PRODUCT('250908_Abdeckplatte Druckknopf_Holz_Goba',
'250908_Harassen Systemplatte_Goba',$,(#7752));
#7758=PRODUCT('250818_St\X\E4nder Textst\X\E4nder',
'250818_Textst\X\E4nder Mittelteil',$,(#7752));
#7759=PRODUCT('250819_Textst\X\E4nder verbinder_002',
'250819_Textst\X\E4nder verbinder_002',$,(#7752));
#7760=PRODUCT('260211_A4 Papier','260211_A4 Papier',$,(#7752));
ENDSEC;
END-ISO-10303-21;
