ISO-10303-21;
HEADER;
/* Generated by software containing ST-Developer
 * from STEP Tools, Inc. (www.steptools.com) 
 */

FILE_DESCRIPTION(
/* description */ (''),
/* implementation_level */ '2;1');

FILE_NAME(
/* name */ 'traffif light_assembly.stp',
/* time_stamp */ '2025-06-04T12:38:10+02:00',
/* author */ ('clehmann'),
/* organization */ (''),
/* preprocessor_version */ 'ST-DEVELOPER v20',
/* originating_system */ 'Autodesk Inventor 2025',
/* authorisation */ '');

FILE_SCHEMA (('AUTOMOTIVE_DESIGN { 1 0 10303 214 3 1 1 }'));
ENDSEC;

DATA;
#10=MECHANICAL_DESIGN_GEOMETRIC_PRESENTATION_REPRESENTATION('',(#134,#135,
#136,#137,#138,#139,#140,#141,#142,#143,#144,#145,#146,#147,#148,#149,#150,
#151,#152,#153,#154,#155,#156,#157,#158,#159,#160,#161,#162,#163,#164,#165,
#166,#167,#168,#169,#170,#171,#172,#173,#174,#175,#176,#177,#178,#179,#180,
#181,#182,#183,#184,#185,#186,#187,#188,#189,#190,#191,#192,#193,#194,#195,
#196,#197,#198,#199,#200,#201,#202,#203,#204,#205,#206),#13691);
#11=ITEM_DEFINED_TRANSFORMATION($,$,#6537,#7290);
#12=ITEM_DEFINED_TRANSFORMATION($,$,#6688,#7291);
#13=ITEM_DEFINED_TRANSFORMATION($,$,#6780,#7292);
#14=ITEM_DEFINED_TRANSFORMATION($,$,#6771,#7293);
#15=ITEM_DEFINED_TRANSFORMATION($,$,#6780,#7294);
#16=ITEM_DEFINED_TRANSFORMATION($,$,#6780,#7295);
#17=ITEM_DEFINED_TRANSFORMATION($,$,#6856,#7296);
#18=ITEM_DEFINED_TRANSFORMATION($,$,#6910,#7297);
#19=ITEM_DEFINED_TRANSFORMATION($,$,#7110,#7298);
#20=ITEM_DEFINED_TRANSFORMATION($,$,#6856,#7299);
#21=ITEM_DEFINED_TRANSFORMATION($,$,#6910,#7300);
#22=ITEM_DEFINED_TRANSFORMATION($,$,#7110,#7301);
#23=(
REPRESENTATION_RELATIONSHIP($,$,#13725,#13724)
REPRESENTATION_RELATIONSHIP_WITH_TRANSFORMATION(#11)
SHAPE_REPRESENTATION_RELATIONSHIP()
);
#24=(
REPRESENTATION_RELATIONSHIP($,$,#13726,#13724)
REPRESENTATION_RELATIONSHIP_WITH_TRANSFORMATION(#12)
SHAPE_REPRESENTATION_RELATIONSHIP()
);
#25=(
REPRESENTATION_RELATIONSHIP($,$,#13728,#13724)
REPRESENTATION_RELATIONSHIP_WITH_TRANSFORMATION(#13)
SHAPE_REPRESENTATION_RELATIONSHIP()
);
#26=(
REPRESENTATION_RELATIONSHIP($,$,#13727,#13724)
REPRESENTATION_RELATIONSHIP_WITH_TRANSFORMATION(#14)
SHAPE_REPRESENTATION_RELATIONSHIP()
);
#27=(
REPRESENTATION_RELATIONSHIP($,$,#13728,#13724)
REPRESENTATION_RELATIONSHIP_WITH_TRANSFORMATION(#15)
SHAPE_REPRESENTATION_RELATIONSHIP()
);
#28=(
REPRESENTATION_RELATIONSHIP($,$,#13728,#13724)
REPRESENTATION_RELATIONSHIP_WITH_TRANSFORMATION(#16)
SHAPE_REPRESENTATION_RELATIONSHIP()
);
#29=(
REPRESENTATION_RELATIONSHIP($,$,#13729,#13724)
REPRESENTATION_RELATIONSHIP_WITH_TRANSFORMATION(#17)
SHAPE_REPRESENTATION_RELATIONSHIP()
);
#30=(
REPRESENTATION_RELATIONSHIP($,$,#13730,#13724)
REPRESENTATION_RELATIONSHIP_WITH_TRANSFORMATION(#18)
SHAPE_REPRESENTATION_RELATIONSHIP()
);
#31=(
REPRESENTATION_RELATIONSHIP($,$,#13731,#13724)
REPRESENTATION_RELATIONSHIP_WITH_TRANSFORMATION(#19)
SHAPE_REPRESENTATION_RELATIONSHIP()
);
#32=(
REPRESENTATION_RELATIONSHIP($,$,#13729,#13724)
REPRESENTATION_RELATIONSHIP_WITH_TRANSFORMATION(#20)
SHAPE_REPRESENTATION_RELATIONSHIP()
);
#33=(
REPRESENTATION_RELATIONSHIP($,$,#13730,#13724)
REPRESENTATION_RELATIONSHIP_WITH_TRANSFORMATION(#21)
SHAPE_REPRESENTATION_RELATIONSHIP()
);
#34=(
REPRESENTATION_RELATIONSHIP($,$,#13731,#13724)
REPRESENTATION_RELATIONSHIP_WITH_TRANSFORMATION(#22)
SHAPE_REPRESENTATION_RELATIONSHIP()
);
#35=CONTEXT_DEPENDENT_SHAPE_REPRESENTATION(#23,#13712);
#36=CONTEXT_DEPENDENT_SHAPE_REPRESENTATION(#24,#13713);
#37=CONTEXT_DEPENDENT_SHAPE_REPRESENTATION(#25,#13714);
#38=CONTEXT_DEPENDENT_SHAPE_REPRESENTATION(#26,#13715);
#39=CONTEXT_DEPENDENT_SHAPE_REPRESENTATION(#27,#13716);
#40=CONTEXT_DEPENDENT_SHAPE_REPRESENTATION(#28,#13717);
#41=CONTEXT_DEPENDENT_SHAPE_REPRESENTATION(#29,#13718);
#42=CONTEXT_DEPENDENT_SHAPE_REPRESENTATION(#30,#13719);
#43=CONTEXT_DEPENDENT_SHAPE_REPRESENTATION(#31,#13720);
#44=CONTEXT_DEPENDENT_SHAPE_REPRESENTATION(#32,#13721);
#45=CONTEXT_DEPENDENT_SHAPE_REPRESENTATION(#33,#13722);
#46=CONTEXT_DEPENDENT_SHAPE_REPRESENTATION(#34,#13723);
#47=NEXT_ASSEMBLY_USAGE_OCCURRENCE('60x60_005:1','60x60_005:1',
'60x60_005:1',#13733,#13734,'60x60_005:1');
#48=NEXT_ASSEMBLY_USAGE_OCCURRENCE('30x45_005:1','30x45_005:1',
'30x45_005:1',#13733,#13735,'30x45_005:1');
#49=NEXT_ASSEMBLY_USAGE_OCCURRENCE('Verbinder_006:2','Verbinder_006:2',
'Verbinder_006:2',#13733,#13737,'Verbinder_006:2');
#50=NEXT_ASSEMBLY_USAGE_OCCURRENCE('250430_Item Rohr Ampel:1',
'250430_Item Rohr Ampel:1','250430_Item Rohr Ampel:1',#13733,#13736,
'250430_Item Rohr Ampel:1');
#51=NEXT_ASSEMBLY_USAGE_OCCURRENCE('Verbinder_006:1','Verbinder_006:1',
'Verbinder_006:1',#13733,#13737,'Verbinder_006:1');
#52=NEXT_ASSEMBLY_USAGE_OCCURRENCE('Verbinder_006:3','Verbinder_006:3',
'Verbinder_006:3',#13733,#13737,'Verbinder_006:3');
#53=NEXT_ASSEMBLY_USAGE_OCCURRENCE('250430_Ampel_LED Verbinder:1',
'250430_Ampel_LED Verbinder:1','250430_Ampel_LED Verbinder:1',#13733,#13738,
'250430_Ampel_LED Verbinder:1');
#54=NEXT_ASSEMBLY_USAGE_OCCURRENCE('item_69:1','item_69:1','item_69:1',
#13733,#13739,'item_69:1');
#55=NEXT_ASSEMBLY_USAGE_OCCURRENCE(
'item_63061_rohradapter-d30-63061__high.step:1',
'item_63061_rohradapter-d30-63061__high.step:1',
'item_63061_rohradapter-d30-63061__high.step:1',#13733,#13740,
'item_63061_rohradapter-d30-63061__high.step:1');
#56=NEXT_ASSEMBLY_USAGE_OCCURRENCE('250430_Ampel_LED Verbinder:2',
'250430_Ampel_LED Verbinder:2','250430_Ampel_LED Verbinder:2',#13733,#13738,
'250430_Ampel_LED Verbinder:2');
#57=NEXT_ASSEMBLY_USAGE_OCCURRENCE('item_69:2','item_69:2','item_69:2',
#13733,#13739,'item_69:2');
#58=NEXT_ASSEMBLY_USAGE_OCCURRENCE(
'item_63061_rohradapter-d30-63061__high.step:2',
'item_63061_rohradapter-d30-63061__high.step:2',
'item_63061_rohradapter-d30-63061__high.step:2',#13733,#13740,
'item_63061_rohradapter-d30-63061__high.step:2');
#59=(
BOUNDED_CURVE()
B_SPLINE_CURVE(2,(#12737,#12738,#12739),.UNSPECIFIED.,.F.,.F.)
B_SPLINE_CURVE_WITH_KNOTS((3,3),(0.,2.37454066538309),.UNSPECIFIED.)
CURVE()
GEOMETRIC_REPRESENTATION_ITEM()
RATIONAL_B_SPLINE_CURVE((1.,1.02591422643416,1.))
REPRESENTATION_ITEM('')
);
#60=(
BOUNDED_CURVE()
B_SPLINE_CURVE(2,(#12743,#12744,#12745),.UNSPECIFIED.,.F.,.F.)
B_SPLINE_CURVE_WITH_KNOTS((3,3),(2.37454066542455,4.74908133084911),
 .UNSPECIFIED.)
CURVE()
GEOMETRIC_REPRESENTATION_ITEM()
RATIONAL_B_SPLINE_CURVE((1.,1.02591422658934,1.))
REPRESENTATION_ITEM('')
);
#61=(
BOUNDED_CURVE()
B_SPLINE_CURVE(2,(#12750,#12751,#12752),.UNSPECIFIED.,.F.,.F.)
B_SPLINE_CURVE_WITH_KNOTS((3,3),(0.,2.37454066542456),.UNSPECIFIED.)
CURVE()
GEOMETRIC_REPRESENTATION_ITEM()
RATIONAL_B_SPLINE_CURVE((1.,1.02591422658934,1.))
REPRESENTATION_ITEM('')
);
#62=(
BOUNDED_CURVE()
B_SPLINE_CURVE(2,(#12755,#12756,#12757),.UNSPECIFIED.,.F.,.F.)
B_SPLINE_CURVE_WITH_KNOTS((3,3),(2.37454066538309,4.74908133076618),
 .UNSPECIFIED.)
CURVE()
GEOMETRIC_REPRESENTATION_ITEM()
RATIONAL_B_SPLINE_CURVE((1.,1.02591422643416,1.))
REPRESENTATION_ITEM('')
);
#63=(
BOUNDED_CURVE()
B_SPLINE_CURVE(2,(#12762,#12763,#12764),.UNSPECIFIED.,.F.,.F.)
B_SPLINE_CURVE_WITH_KNOTS((3,3),(2.37454066542456,4.74908133084911),
 .UNSPECIFIED.)
CURVE()
GEOMETRIC_REPRESENTATION_ITEM()
RATIONAL_B_SPLINE_CURVE((1.,1.02591422658935,1.))
REPRESENTATION_ITEM('')
);
#64=(
BOUNDED_CURVE()
B_SPLINE_CURVE(2,(#12767,#12768,#12769),.UNSPECIFIED.,.F.,.F.)
B_SPLINE_CURVE_WITH_KNOTS((3,3),(0.,2.37454066542455),.UNSPECIFIED.)
CURVE()
GEOMETRIC_REPRESENTATION_ITEM()
RATIONAL_B_SPLINE_CURVE((1.,1.02591422658935,1.))
REPRESENTATION_ITEM('')
);
#65=(
BOUNDED_CURVE()
B_SPLINE_CURVE(2,(#12774,#12775,#12776),.UNSPECIFIED.,.F.,.F.)
B_SPLINE_CURVE_WITH_KNOTS((3,3),(0.,2.37454066542455),.UNSPECIFIED.)
CURVE()
GEOMETRIC_REPRESENTATION_ITEM()
RATIONAL_B_SPLINE_CURVE((1.,1.02591422658935,1.))
REPRESENTATION_ITEM('')
);
#66=(
BOUNDED_CURVE()
B_SPLINE_CURVE(2,(#12779,#12780,#12781),.UNSPECIFIED.,.F.,.F.)
B_SPLINE_CURVE_WITH_KNOTS((3,3),(2.37454066542456,4.74908133084911),
 .UNSPECIFIED.)
CURVE()
GEOMETRIC_REPRESENTATION_ITEM()
RATIONAL_B_SPLINE_CURVE((1.,1.02591422658935,1.))
REPRESENTATION_ITEM('')
);
#67=(
BOUNDED_CURVE()
B_SPLINE_CURVE(2,(#12786,#12787,#12788),.UNSPECIFIED.,.F.,.F.)
B_SPLINE_CURVE_WITH_KNOTS((3,3),(2.37454066538309,4.74908133076618),
 .UNSPECIFIED.)
CURVE()
GEOMETRIC_REPRESENTATION_ITEM()
RATIONAL_B_SPLINE_CURVE((1.,1.02591422643416,1.))
REPRESENTATION_ITEM('')
);
#68=(
BOUNDED_CURVE()
B_SPLINE_CURVE(2,(#12791,#12792,#12793),.UNSPECIFIED.,.F.,.F.)
B_SPLINE_CURVE_WITH_KNOTS((3,3),(0.,2.37454066542456),.UNSPECIFIED.)
CURVE()
GEOMETRIC_REPRESENTATION_ITEM()
RATIONAL_B_SPLINE_CURVE((1.,1.02591422658934,1.))
REPRESENTATION_ITEM('')
);
#69=(
BOUNDED_CURVE()
B_SPLINE_CURVE(2,(#12797,#12798,#12799),.UNSPECIFIED.,.F.,.F.)
B_SPLINE_CURVE_WITH_KNOTS((3,3),(0.,2.37454066538309),.UNSPECIFIED.)
CURVE()
GEOMETRIC_REPRESENTATION_ITEM()
RATIONAL_B_SPLINE_CURVE((1.,1.02591422643416,1.))
REPRESENTATION_ITEM('')
);
#70=(
BOUNDED_CURVE()
B_SPLINE_CURVE(2,(#12802,#12803,#12804),.UNSPECIFIED.,.F.,.F.)
B_SPLINE_CURVE_WITH_KNOTS((3,3),(2.37454066542455,4.74908133084911),
 .UNSPECIFIED.)
CURVE()
GEOMETRIC_REPRESENTATION_ITEM()
RATIONAL_B_SPLINE_CURVE((1.,1.02591422658934,1.))
REPRESENTATION_ITEM('')
);
#71=(
BOUNDED_CURVE()
B_SPLINE_CURVE(2,(#12810,#12811,#12812),.UNSPECIFIED.,.F.,.F.)
B_SPLINE_CURVE_WITH_KNOTS((3,3),(0.,2.37454066538309),.UNSPECIFIED.)
CURVE()
GEOMETRIC_REPRESENTATION_ITEM()
RATIONAL_B_SPLINE_CURVE((1.,1.02591422643417,1.))
REPRESENTATION_ITEM('')
);
#72=(
BOUNDED_CURVE()
B_SPLINE_CURVE(2,(#12814,#12815,#12816),.UNSPECIFIED.,.F.,.F.)
B_SPLINE_CURVE_WITH_KNOTS((3,3),(2.37454066538309,4.74908133076618),
 .UNSPECIFIED.)
CURVE()
GEOMETRIC_REPRESENTATION_ITEM()
RATIONAL_B_SPLINE_CURVE((1.,1.02591422643417,1.))
REPRESENTATION_ITEM('')
);
#73=(
BOUNDED_CURVE()
B_SPLINE_CURVE(2,(#12826,#12827,#12828),.UNSPECIFIED.,.F.,.F.)
B_SPLINE_CURVE_WITH_KNOTS((3,3),(0.,2.37454066542456),.UNSPECIFIED.)
CURVE()
GEOMETRIC_REPRESENTATION_ITEM()
RATIONAL_B_SPLINE_CURVE((1.,1.02591422658938,1.))
REPRESENTATION_ITEM('')
);
#74=(
BOUNDED_CURVE()
B_SPLINE_CURVE(2,(#12829,#12830,#12831),.UNSPECIFIED.,.F.,.F.)
B_SPLINE_CURVE_WITH_KNOTS((3,3),(2.37454066542456,4.74908133084911),
 .UNSPECIFIED.)
CURVE()
GEOMETRIC_REPRESENTATION_ITEM()
RATIONAL_B_SPLINE_CURVE((1.,1.02591422658938,1.))
REPRESENTATION_ITEM('')
);
#75=(
BOUNDED_CURVE()
B_SPLINE_CURVE(2,(#12840,#12841,#12842),.UNSPECIFIED.,.F.,.F.)
B_SPLINE_CURVE_WITH_KNOTS((3,3),(0.,2.37454066538309),.UNSPECIFIED.)
CURVE()
GEOMETRIC_REPRESENTATION_ITEM()
RATIONAL_B_SPLINE_CURVE((1.,1.02591422643417,1.))
REPRESENTATION_ITEM('')
);
#76=(
BOUNDED_CURVE()
B_SPLINE_CURVE(2,(#12844,#12845,#12846),.UNSPECIFIED.,.F.,.F.)
B_SPLINE_CURVE_WITH_KNOTS((3,3),(2.37454066538309,4.74908133076618),
 .UNSPECIFIED.)
CURVE()
GEOMETRIC_REPRESENTATION_ITEM()
RATIONAL_B_SPLINE_CURVE((1.,1.02591422643417,1.))
REPRESENTATION_ITEM('')
);
#77=(
BOUNDED_CURVE()
B_SPLINE_CURVE(2,(#12852,#12853,#12854),.UNSPECIFIED.,.F.,.F.)
B_SPLINE_CURVE_WITH_KNOTS((3,3),(0.,2.37454066542456),.UNSPECIFIED.)
CURVE()
GEOMETRIC_REPRESENTATION_ITEM()
RATIONAL_B_SPLINE_CURVE((1.,1.02591422658938,1.))
REPRESENTATION_ITEM('')
);
#78=(
BOUNDED_CURVE()
B_SPLINE_CURVE(2,(#12855,#12856,#12857),.UNSPECIFIED.,.F.,.F.)
B_SPLINE_CURVE_WITH_KNOTS((3,3),(2.37454066542456,4.74908133084911),
 .UNSPECIFIED.)
CURVE()
GEOMETRIC_REPRESENTATION_ITEM()
RATIONAL_B_SPLINE_CURVE((1.,1.02591422658938,1.))
REPRESENTATION_ITEM('')
);
#79=(
BOUNDED_CURVE()
B_SPLINE_CURVE(2,(#12862,#12863,#12864),.UNSPECIFIED.,.F.,.F.)
B_SPLINE_CURVE_WITH_KNOTS((3,3),(2.37454066542456,4.74908133084911),
 .UNSPECIFIED.)
CURVE()
GEOMETRIC_REPRESENTATION_ITEM()
RATIONAL_B_SPLINE_CURVE((1.,1.02591422658938,1.))
REPRESENTATION_ITEM('')
);
#80=(
BOUNDED_CURVE()
B_SPLINE_CURVE(2,(#12872,#12873,#12874),.UNSPECIFIED.,.F.,.F.)
B_SPLINE_CURVE_WITH_KNOTS((3,3),(2.37454066542456,4.74908133084911),
 .UNSPECIFIED.)
CURVE()
GEOMETRIC_REPRESENTATION_ITEM()
RATIONAL_B_SPLINE_CURVE((1.,1.02591422658938,1.))
REPRESENTATION_ITEM('')
);
#81=(
BOUNDED_CURVE()
B_SPLINE_CURVE(2,(#12877,#12878,#12879),.UNSPECIFIED.,.F.,.F.)
B_SPLINE_CURVE_WITH_KNOTS((3,3),(0.,2.37454066542456),.UNSPECIFIED.)
CURVE()
GEOMETRIC_REPRESENTATION_ITEM()
RATIONAL_B_SPLINE_CURVE((1.,1.02591422658938,1.))
REPRESENTATION_ITEM('')
);
#82=(
BOUNDED_CURVE()
B_SPLINE_CURVE(2,(#12886,#12887,#12888),.UNSPECIFIED.,.F.,.F.)
B_SPLINE_CURVE_WITH_KNOTS((3,3),(0.,2.37454066542456),.UNSPECIFIED.)
CURVE()
GEOMETRIC_REPRESENTATION_ITEM()
RATIONAL_B_SPLINE_CURVE((1.,1.02591422658938,1.))
REPRESENTATION_ITEM('')
);
#83=(
BOUNDED_CURVE()
B_SPLINE_CURVE(2,(#13005,#13006,#13007),.UNSPECIFIED.,.F.,.F.)
B_SPLINE_CURVE_WITH_KNOTS((3,3),(1.19575254199761,1.55520144765386),
 .UNSPECIFIED.)
CURVE()
GEOMETRIC_REPRESENTATION_ITEM()
RATIONAL_B_SPLINE_CURVE((1.25700100545778,1.27997582295053,1.29353988062069))
REPRESENTATION_ITEM('')
);
#84=(
BOUNDED_CURVE()
B_SPLINE_CURVE(2,(#13008,#13009,#13010),.UNSPECIFIED.,.F.,.F.)
B_SPLINE_CURVE_WITH_KNOTS((3,3),(2.59137403684216,2.95082294252232),
 .UNSPECIFIED.)
CURVE()
GEOMETRIC_REPRESENTATION_ITEM()
RATIONAL_B_SPLINE_CURVE((1.29353988062069,1.27997582294962,1.25700100545472))
REPRESENTATION_ITEM('')
);
#85=(
BOUNDED_CURVE()
B_SPLINE_CURVE(2,(#13123,#13124,#13125),.UNSPECIFIED.,.F.,.F.)
B_SPLINE_CURVE_WITH_KNOTS((3,3),(1.19575254199761,1.55520144765386),
 .UNSPECIFIED.)
CURVE()
GEOMETRIC_REPRESENTATION_ITEM()
RATIONAL_B_SPLINE_CURVE((1.25700100545778,1.27997582295053,1.29353988062069))
REPRESENTATION_ITEM('')
);
#86=(
BOUNDED_CURVE()
B_SPLINE_CURVE(2,(#13126,#13127,#13128),.UNSPECIFIED.,.F.,.F.)
B_SPLINE_CURVE_WITH_KNOTS((3,3),(2.59137403684216,2.95082294252232),
 .UNSPECIFIED.)
CURVE()
GEOMETRIC_REPRESENTATION_ITEM()
RATIONAL_B_SPLINE_CURVE((1.29353988062069,1.27997582294962,1.25700100545472))
REPRESENTATION_ITEM('')
);
#87=TOROIDAL_SURFACE('',#6823,13.,0.25);
#88=TOROIDAL_SURFACE('',#6832,15.35,0.25);
#89=TOROIDAL_SURFACE('',#6839,18.0357864376269,1.);
#90=TOROIDAL_SURFACE('',#6843,4.,0.5);
#91=TOROIDAL_SURFACE('',#6852,14.45,0.5);
#92=TOROIDAL_SURFACE('',#6895,4.25,0.5);
#93=TOROIDAL_SURFACE('',#6904,14.45,0.5);
#94=TOROIDAL_SURFACE('',#6954,4.4,0.600000000000003);
#95=TOROIDAL_SURFACE('',#6957,3.25,0.25);
#96=SPHERICAL_SURFACE('',#6811,0.5);
#97=SPHERICAL_SURFACE('',#6813,0.5);
#98=ELLIPSE('',#6787,2.82842712474619,2.);
#99=ELLIPSE('',#6788,2.5,1.5);
#100=ELLIPSE('',#6792,2.82842712474619,2.);
#101=ELLIPSE('',#6793,2.5,1.5);
#102=ELLIPSE('',#6802,2.82842712474619,2.);
#103=ELLIPSE('',#6803,2.5,1.5);
#104=ELLIPSE('',#6807,2.82842712474619,2.);
#105=ELLIPSE('',#6808,2.5,1.5);
#106=ELLIPSE('',#7059,21.2132038351694,15.);
#107=ELLIPSE('',#7060,21.2132034355964,15.);
#108=ELLIPSE('',#7061,18.6962342531049,15.);
#109=ELLIPSE('',#7062,21.2132034355964,15.);
#110=ELLIPSE('',#7063,18.6962342531049,15.);
#111=ELLIPSE('',#7064,21.2132034355964,15.);
#112=ELLIPSE('',#7065,21.2132038351694,15.);
#113=ELLIPSE('',#7089,21.2132038351694,15.);
#114=ELLIPSE('',#7090,21.2132034355964,15.);
#115=ELLIPSE('',#7091,18.6962342531049,15.);
#116=ELLIPSE('',#7092,21.2132034355964,15.);
#117=ELLIPSE('',#7093,18.6962342531049,15.);
#118=ELLIPSE('',#7094,21.2132034355964,15.);
#119=ELLIPSE('',#7095,21.2132038351694,15.);
#120=SHAPE_REPRESENTATION_RELATIONSHIP('SRR','None',#13725,#127);
#121=SHAPE_REPRESENTATION_RELATIONSHIP('SRR','None',#13726,#128);
#122=SHAPE_REPRESENTATION_RELATIONSHIP('SRR','None',#13727,#129);
#123=SHAPE_REPRESENTATION_RELATIONSHIP('SRR','None',#13728,#130);
#124=SHAPE_REPRESENTATION_RELATIONSHIP('SRR','None',#13729,#131);
#125=SHAPE_REPRESENTATION_RELATIONSHIP('SRR','None',#13730,#132);
#126=SHAPE_REPRESENTATION_RELATIONSHIP('SRR','None',#13731,#133);
#127=ADVANCED_BREP_SHAPE_REPRESENTATION('',(#207),#13684);
#128=ADVANCED_BREP_SHAPE_REPRESENTATION('',(#208),#13685);
#129=ADVANCED_BREP_SHAPE_REPRESENTATION('',(#209),#13686);
#130=ADVANCED_BREP_SHAPE_REPRESENTATION('',(#210),#13687);
#131=ADVANCED_BREP_SHAPE_REPRESENTATION('',(#211),#13688);
#132=ADVANCED_BREP_SHAPE_REPRESENTATION('',(#212),#13689);
#133=ADVANCED_BREP_SHAPE_REPRESENTATION('',(#213,#214),#13690);
#134=STYLED_ITEM('',(#6443),#207);
#135=STYLED_ITEM('',(#6443),#208);
#136=STYLED_ITEM('',(#6443),#209);
#137=STYLED_ITEM('',(#6444),#210);
#138=STYLED_ITEM('',(#6444),#211);
#139=STYLED_ITEM('',(#6446),#6174);
#140=STYLED_ITEM('',(#6446),#6175);
#141=STYLED_ITEM('',(#6446),#6176);
#142=STYLED_ITEM('',(#6446),#6177);
#143=STYLED_ITEM('',(#6446),#6178);
#144=STYLED_ITEM('',(#6446),#6179);
#145=STYLED_ITEM('',(#6446),#6180);
#146=STYLED_ITEM('',(#6446),#6181);
#147=STYLED_ITEM('',(#6446),#6182);
#148=STYLED_ITEM('',(#6446),#6183);
#149=STYLED_ITEM('',(#6446),#6184);
#150=STYLED_ITEM('',(#6446),#6185);
#151=STYLED_ITEM('',(#6446),#6186);
#152=STYLED_ITEM('',(#6446),#6187);
#153=STYLED_ITEM('',(#6446),#6188);
#154=STYLED_ITEM('',(#6446),#6189);
#155=STYLED_ITEM('',(#6446),#6190);
#156=STYLED_ITEM('',(#6446),#6191);
#157=STYLED_ITEM('',(#6446),#6192);
#158=STYLED_ITEM('',(#6446),#6193);
#159=STYLED_ITEM('',(#6446),#6194);
#160=STYLED_ITEM('',(#6446),#6195);
#161=STYLED_ITEM('',(#6446),#6196);
#162=STYLED_ITEM('',(#6446),#6197);
#163=STYLED_ITEM('',(#6446),#6198);
#164=STYLED_ITEM('',(#6446),#6199);
#165=STYLED_ITEM('',(#6446),#6200);
#166=STYLED_ITEM('',(#6446),#6201);
#167=STYLED_ITEM('',(#6446),#6202);
#168=STYLED_ITEM('',(#6446),#6203);
#169=STYLED_ITEM('',(#6446),#6204);
#170=STYLED_ITEM('',(#6446),#6205);
#171=STYLED_ITEM('',(#6446),#6206);
#172=STYLED_ITEM('',(#6446),#6207);
#173=STYLED_ITEM('',(#6446),#6208);
#174=STYLED_ITEM('',(#6446),#6209);
#175=STYLED_ITEM('',(#6446),#6210);
#176=STYLED_ITEM('',(#6446),#6211);
#177=STYLED_ITEM('',(#6446),#6212);
#178=STYLED_ITEM('',(#6446),#6213);
#179=STYLED_ITEM('',(#6446),#6214);
#180=STYLED_ITEM('',(#6446),#6215);
#181=STYLED_ITEM('',(#6446),#6216);
#182=STYLED_ITEM('',(#6446),#6217);
#183=STYLED_ITEM('',(#6446),#6218);
#184=STYLED_ITEM('',(#6446),#6219);
#185=STYLED_ITEM('',(#6446),#6220);
#186=STYLED_ITEM('',(#6446),#6221);
#187=STYLED_ITEM('',(#6446),#6222);
#188=STYLED_ITEM('',(#6446),#6223);
#189=STYLED_ITEM('',(#6446),#6224);
#190=STYLED_ITEM('',(#6446),#6225);
#191=STYLED_ITEM('',(#6446),#6226);
#192=STYLED_ITEM('',(#6446),#6227);
#193=STYLED_ITEM('',(#6446),#6228);
#194=STYLED_ITEM('',(#6446),#6229);
#195=STYLED_ITEM('',(#6446),#6230);
#196=STYLED_ITEM('',(#6446),#6231);
#197=STYLED_ITEM('',(#6446),#6232);
#198=STYLED_ITEM('',(#6446),#6233);
#199=STYLED_ITEM('',(#6446),#6234);
#200=STYLED_ITEM('',(#6446),#6235);
#201=STYLED_ITEM('',(#6446),#6236);
#202=STYLED_ITEM('',(#6446),#6237);
#203=STYLED_ITEM('',(#6446),#6238);
#204=STYLED_ITEM('',(#6445),#212);
#205=STYLED_ITEM('',(#6447),#213);
#206=STYLED_ITEM('',(#6447),#214);
#207=MANIFOLD_SOLID_BREP('Volumenk\X\F6rper1',#6354);
#208=MANIFOLD_SOLID_BREP('Volumenk\X\F6rper1',#6355);
#209=MANIFOLD_SOLID_BREP('Volumenk\X\F6rper1',#6356);
#210=MANIFOLD_SOLID_BREP('Volumenk\X\F6rper1',#6357);
#211=MANIFOLD_SOLID_BREP('Volumenk\X\F6rper1',#6358);
#212=MANIFOLD_SOLID_BREP('Volumenk\X\F6rper1',#6359);
#213=MANIFOLD_SOLID_BREP('Volumenk\X\F6rper1',#6360);
#214=MANIFOLD_SOLID_BREP('Volumenk\X\F6rper2',#6361);
#215=CONICAL_SURFACE('',#6597,17.875,0.785398163397451);
#216=CONICAL_SURFACE('',#6602,17.875,0.785398163397451);
#217=CONICAL_SURFACE('',#6607,17.875,0.785398163397451);
#218=CONICAL_SURFACE('',#6612,17.875,0.785398163397448);
#219=CONICAL_SURFACE('',#6617,17.875,0.785398163397448);
#220=CONICAL_SURFACE('',#6622,17.875,0.785398163397448);
#221=CONICAL_SURFACE('',#6627,17.875,0.785398163397448);
#222=CONICAL_SURFACE('',#6632,17.875,0.785398163397448);
#223=CONICAL_SURFACE('',#6637,17.875,0.785398163397451);
#224=CONICAL_SURFACE('',#6638,17.875,0.785398163397451);
#225=CONICAL_SURFACE('',#6639,17.875,0.785398163397448);
#226=CONICAL_SURFACE('',#6640,17.875,0.785398163397451);
#227=CONICAL_SURFACE('',#6641,17.875,0.785398163397451);
#228=CONICAL_SURFACE('',#6642,17.875,0.785398163397451);
#229=CONICAL_SURFACE('',#6643,17.875,0.785398163397451);
#230=CONICAL_SURFACE('',#6644,17.875,0.785398163397448);
#231=CONICAL_SURFACE('',#6645,17.875,0.785398163397448);
#232=CONICAL_SURFACE('',#6650,17.875,0.785398163397448);
#233=CONICAL_SURFACE('',#6740,17.875,0.785398163397448);
#234=CONICAL_SURFACE('',#6745,17.875,0.785398163397451);
#235=CONICAL_SURFACE('',#6746,17.875,0.785398163397448);
#236=CONICAL_SURFACE('',#6751,17.875,0.785398163397448);
#237=CONICAL_SURFACE('',#6841,17.7,0.785398163397448);
#238=CONICAL_SURFACE('',#6855,5.,0.785398163397448);
#239=CONICAL_SURFACE('',#6893,17.7,0.785398163397448);
#240=CONICAL_SURFACE('',#6909,6.,0.785398163397448);
#241=CONICAL_SURFACE('',#6931,4.875,0.785398163397448);
#242=CONICAL_SURFACE('',#6938,9.825,1.04719742700187);
#243=CONICAL_SURFACE('',#6963,2.693275,0.785398163397448);
#244=CONICAL_SURFACE('',#6971,2.693275,0.785398163397448);
#245=CONICAL_SURFACE('',#6973,4.5,0.785398163397448);
#246=CONICAL_SURFACE('',#6977,5.2625,1.04719755123167);
#247=CONICAL_SURFACE('',#6980,5.2625,1.04719755123167);
#248=CONICAL_SURFACE('',#6983,5.2625,1.04719755123167);
#249=CONICAL_SURFACE('',#6986,5.2625,1.04719755123167);
#250=CONICAL_SURFACE('',#6989,5.2625,1.04719755123167);
#251=CONICAL_SURFACE('',#6992,5.2625,1.04719755123167);
#252=CONICAL_SURFACE('',#7003,5.2625,1.04719755123167);
#253=CONICAL_SURFACE('',#7006,5.2625,1.04719755123167);
#254=CONICAL_SURFACE('',#7009,5.2625,1.04719755123167);
#255=CONICAL_SURFACE('',#7012,5.2625,1.04719755123167);
#256=CONICAL_SURFACE('',#7014,5.2625,1.04719755123167);
#257=CONICAL_SURFACE('',#7017,5.2625,1.04719755123167);
#258=CONICAL_SURFACE('',#7053,10.125,1.05165021254837);
#259=CONICAL_SURFACE('',#7056,14.85,0.78539816339745);
#260=CONICAL_SURFACE('',#7083,10.125,1.05165021254837);
#261=CONICAL_SURFACE('',#7086,14.85,0.78539816339745);
#262=FACE_BOUND('',#1802,.T.);
#263=FACE_BOUND('',#1803,.T.);
#264=FACE_BOUND('',#1804,.T.);
#265=FACE_BOUND('',#1805,.T.);
#266=FACE_BOUND('',#1806,.T.);
#267=FACE_BOUND('',#1807,.T.);
#268=FACE_BOUND('',#1808,.T.);
#269=FACE_BOUND('',#1809,.T.);
#270=FACE_BOUND('',#1810,.T.);
#271=FACE_BOUND('',#1823,.T.);
#272=FACE_BOUND('',#1824,.T.);
#273=FACE_BOUND('',#1825,.T.);
#274=FACE_BOUND('',#1826,.T.);
#275=FACE_BOUND('',#1827,.T.);
#276=FACE_BOUND('',#1828,.T.);
#277=FACE_BOUND('',#1829,.T.);
#278=FACE_BOUND('',#1830,.T.);
#279=FACE_BOUND('',#1831,.T.);
#280=FACE_BOUND('',#1832,.T.);
#281=FACE_BOUND('',#1833,.T.);
#282=FACE_BOUND('',#1834,.T.);
#283=FACE_BOUND('',#1835,.T.);
#284=FACE_BOUND('',#1836,.T.);
#285=FACE_BOUND('',#1837,.T.);
#286=FACE_BOUND('',#1838,.T.);
#287=FACE_BOUND('',#1839,.T.);
#288=FACE_BOUND('',#1840,.T.);
#289=FACE_BOUND('',#1841,.T.);
#290=FACE_BOUND('',#1842,.T.);
#291=FACE_BOUND('',#1843,.T.);
#292=FACE_BOUND('',#1911,.T.);
#293=FACE_BOUND('',#1912,.T.);
#294=FACE_BOUND('',#1915,.T.);
#295=FACE_BOUND('',#1918,.T.);
#296=FACE_BOUND('',#1919,.T.);
#297=FACE_BOUND('',#1930,.T.);
#298=FACE_BOUND('',#1933,.T.);
#299=FACE_BOUND('',#1934,.T.);
#300=FACE_BOUND('',#1935,.T.);
#301=FACE_BOUND('',#1936,.T.);
#302=FACE_BOUND('',#1937,.T.);
#303=FACE_BOUND('',#1938,.T.);
#304=FACE_BOUND('',#1939,.T.);
#305=FACE_BOUND('',#1940,.T.);
#306=FACE_BOUND('',#1948,.T.);
#307=FACE_BOUND('',#1949,.T.);
#308=FACE_BOUND('',#1951,.T.);
#309=FACE_BOUND('',#1956,.T.);
#310=FACE_BOUND('',#1959,.T.);
#311=FACE_BOUND('',#1962,.T.);
#312=FACE_BOUND('',#1965,.T.);
#313=FACE_BOUND('',#1970,.T.);
#314=FACE_BOUND('',#1972,.T.);
#315=FACE_BOUND('',#1996,.T.);
#316=FACE_BOUND('',#2001,.T.);
#317=FACE_BOUND('',#2005,.T.);
#318=FACE_BOUND('',#2010,.T.);
#319=FACE_BOUND('',#2017,.T.);
#320=FACE_BOUND('',#2020,.T.);
#321=FACE_BOUND('',#2023,.T.);
#322=FACE_BOUND('',#2029,.T.);
#323=FACE_BOUND('',#2032,.T.);
#324=FACE_BOUND('',#2036,.T.);
#325=FACE_BOUND('',#2040,.T.);
#326=FACE_BOUND('',#2041,.T.);
#327=FACE_BOUND('',#2070,.T.);
#328=FACE_BOUND('',#2096,.T.);
#329=FACE_BOUND('',#2106,.T.);
#330=FACE_BOUND('',#2108,.T.);
#331=FACE_BOUND('',#2118,.T.);
#332=FACE_BOUND('',#2120,.T.);
#333=FACE_BOUND('',#2122,.T.);
#334=FACE_BOUND('',#2124,.T.);
#335=FACE_BOUND('',#2129,.T.);
#336=FACE_BOUND('',#2132,.T.);
#337=FACE_BOUND('',#2140,.T.);
#338=FACE_BOUND('',#2142,.T.);
#339=FACE_BOUND('',#2144,.T.);
#340=FACE_BOUND('',#2154,.T.);
#341=FACE_BOUND('',#2157,.T.);
#342=FACE_BOUND('',#2165,.T.);
#343=FACE_BOUND('',#2167,.T.);
#344=FACE_BOUND('',#2169,.T.);
#345=PLANE('',#6550);
#346=PLANE('',#6551);
#347=PLANE('',#6552);
#348=PLANE('',#6574);
#349=PLANE('',#6575);
#350=PLANE('',#6651);
#351=PLANE('',#6654);
#352=PLANE('',#6657);
#353=PLANE('',#6660);
#354=PLANE('',#6663);
#355=PLANE('',#6666);
#356=PLANE('',#6669);
#357=PLANE('',#6672);
#358=PLANE('',#6675);
#359=PLANE('',#6678);
#360=PLANE('',#6681);
#361=PLANE('',#6684);
#362=PLANE('',#6687);
#363=PLANE('',#6713);
#364=PLANE('',#6714);
#365=PLANE('',#6715);
#366=PLANE('',#6730);
#367=PLANE('',#6731);
#368=PLANE('',#6752);
#369=PLANE('',#6755);
#370=PLANE('',#6758);
#371=PLANE('',#6761);
#372=PLANE('',#6764);
#373=PLANE('',#6767);
#374=PLANE('',#6770);
#375=PLANE('',#6778);
#376=PLANE('',#6779);
#377=PLANE('',#6816);
#378=PLANE('',#6817);
#379=PLANE('',#6819);
#380=PLANE('',#6822);
#381=PLANE('',#6830);
#382=PLANE('',#6838);
#383=PLANE('',#6848);
#384=PLANE('',#6860);
#385=PLANE('',#6864);
#386=PLANE('',#6868);
#387=PLANE('',#6870);
#388=PLANE('',#6874);
#389=PLANE('',#6875);
#390=PLANE('',#6877);
#391=PLANE('',#6884);
#392=PLANE('',#6891);
#393=PLANE('',#6900);
#394=PLANE('',#6976);
#395=PLANE('',#6995);
#396=PLANE('',#6998);
#397=PLANE('',#7001);
#398=PLANE('',#7002);
#399=PLANE('',#7020);
#400=PLANE('',#7022);
#401=PLANE('',#7025);
#402=PLANE('',#7026);
#403=PLANE('',#7027);
#404=PLANE('',#7028);
#405=PLANE('',#7029);
#406=PLANE('',#7030);
#407=PLANE('',#7031);
#408=PLANE('',#7032);
#409=PLANE('',#7033);
#410=PLANE('',#7034);
#411=PLANE('',#7035);
#412=PLANE('',#7036);
#413=PLANE('',#7037);
#414=PLANE('',#7038);
#415=PLANE('',#7039);
#416=PLANE('',#7040);
#417=PLANE('',#7041);
#418=PLANE('',#7042);
#419=PLANE('',#7043);
#420=PLANE('',#7044);
#421=PLANE('',#7045);
#422=PLANE('',#7048);
#423=PLANE('',#7049);
#424=PLANE('',#7054);
#425=PLANE('',#7055);
#426=PLANE('',#7066);
#427=PLANE('',#7067);
#428=PLANE('',#7068);
#429=PLANE('',#7069);
#430=PLANE('',#7070);
#431=PLANE('',#7071);
#432=PLANE('',#7072);
#433=PLANE('',#7073);
#434=PLANE('',#7074);
#435=PLANE('',#7076);
#436=PLANE('',#7077);
#437=PLANE('',#7078);
#438=PLANE('',#7084);
#439=PLANE('',#7085);
#440=PLANE('',#7096);
#441=PLANE('',#7097);
#442=PLANE('',#7098);
#443=PLANE('',#7099);
#444=PLANE('',#7100);
#445=PLANE('',#7101);
#446=PLANE('',#7102);
#447=PLANE('',#7103);
#448=PLANE('',#7104);
#449=PLANE('',#7106);
#450=PLANE('',#7107);
#451=PLANE('',#7108);
#452=PLANE('',#7114);
#453=PLANE('',#7124);
#454=PLANE('',#7134);
#455=PLANE('',#7144);
#456=PLANE('',#7148);
#457=PLANE('',#7158);
#458=PLANE('',#7168);
#459=PLANE('',#7178);
#460=PLANE('',#7188);
#461=PLANE('',#7198);
#462=PLANE('',#7205);
#463=PLANE('',#7206);
#464=PLANE('',#7213);
#465=PLANE('',#7223);
#466=PLANE('',#7233);
#467=PLANE('',#7243);
#468=PLANE('',#7253);
#469=PLANE('',#7263);
#470=PLANE('',#7270);
#471=PLANE('',#7280);
#472=PLANE('',#7287);
#473=PLANE('',#7288);
#474=PLANE('',#7289);
#475=LINE('',#9334,#865);
#476=LINE('',#9335,#866);
#477=LINE('',#9441,#867);
#478=LINE('',#9442,#868);
#479=LINE('',#9548,#869);
#480=LINE('',#9549,#870);
#481=LINE('',#9652,#871);
#482=LINE('',#9653,#872);
#483=LINE('',#9656,#873);
#484=LINE('',#9658,#874);
#485=LINE('',#9659,#875);
#486=LINE('',#9701,#876);
#487=LINE('',#9718,#877);
#488=LINE('',#9719,#878);
#489=LINE('',#9761,#879);
#490=LINE('',#9901,#880);
#491=LINE('',#9902,#881);
#492=LINE('',#9986,#882);
#493=LINE('',#10076,#883);
#494=LINE('',#10179,#884);
#495=LINE('',#10180,#885);
#496=LINE('',#10221,#886);
#497=LINE('',#10223,#887);
#498=LINE('',#10264,#888);
#499=LINE('',#10310,#889);
#500=LINE('',#10316,#890);
#501=LINE('',#10320,#891);
#502=LINE('',#10326,#892);
#503=LINE('',#10330,#893);
#504=LINE('',#10336,#894);
#505=LINE('',#10340,#895);
#506=LINE('',#10346,#896);
#507=LINE('',#10350,#897);
#508=LINE('',#10356,#898);
#509=LINE('',#10360,#899);
#510=LINE('',#10366,#900);
#511=LINE('',#10370,#901);
#512=LINE('',#10376,#902);
#513=LINE('',#10380,#903);
#514=LINE('',#10386,#904);
#515=LINE('',#10389,#905);
#516=LINE('',#10391,#906);
#517=LINE('',#10393,#907);
#518=LINE('',#10395,#908);
#519=LINE('',#10397,#909);
#520=LINE('',#10399,#910);
#521=LINE('',#10401,#911);
#522=LINE('',#10403,#912);
#523=LINE('',#10406,#913);
#524=LINE('',#10413,#914);
#525=LINE('',#10415,#915);
#526=LINE('',#10419,#916);
#527=LINE('',#10424,#917);
#528=LINE('',#10429,#918);
#529=LINE('',#10434,#919);
#530=LINE('',#10439,#920);
#531=LINE('',#10444,#921);
#532=LINE('',#10449,#922);
#533=LINE('',#10454,#923);
#534=LINE('',#10459,#924);
#535=LINE('',#10464,#925);
#536=LINE('',#10469,#926);
#537=LINE('',#10474,#927);
#538=LINE('',#10482,#928);
#539=LINE('',#10521,#929);
#540=LINE('',#10560,#930);
#541=LINE('',#10605,#931);
#542=LINE('',#10647,#932);
#543=LINE('',#10689,#933);
#544=LINE('',#10835,#934);
#545=LINE('',#10836,#935);
#546=LINE('',#10935,#936);
#547=LINE('',#10936,#937);
#548=LINE('',#11042,#938);
#549=LINE('',#11043,#939);
#550=LINE('',#11132,#940);
#551=LINE('',#11133,#941);
#552=LINE('',#11136,#942);
#553=LINE('',#11138,#943);
#554=LINE('',#11139,#944);
#555=LINE('',#11181,#945);
#556=LINE('',#11196,#946);
#557=LINE('',#11197,#947);
#558=LINE('',#11239,#948);
#559=LINE('',#11358,#949);
#560=LINE('',#11359,#950);
#561=LINE('',#11443,#951);
#562=LINE('',#11521,#952);
#563=LINE('',#11624,#953);
#564=LINE('',#11625,#954);
#565=LINE('',#11666,#955);
#566=LINE('',#11668,#956);
#567=LINE('',#11709,#957);
#568=LINE('',#11729,#958);
#569=LINE('',#11735,#959);
#570=LINE('',#11738,#960);
#571=LINE('',#11741,#961);
#572=LINE('',#11748,#962);
#573=LINE('',#11750,#963);
#574=LINE('',#11754,#964);
#575=LINE('',#11758,#965);
#576=LINE('',#11760,#966);
#577=LINE('',#11765,#967);
#578=LINE('',#11770,#968);
#579=LINE('',#11775,#969);
#580=LINE('',#11780,#970);
#581=LINE('',#11788,#971);
#582=LINE('',#11794,#972);
#583=LINE('',#11802,#973);
#584=LINE('',#11806,#974);
#585=LINE('',#12038,#975);
#586=LINE('',#12039,#976);
#587=LINE('',#12263,#977);
#588=LINE('',#12267,#978);
#589=LINE('',#12276,#979);
#590=LINE('',#12279,#980);
#591=LINE('',#12314,#981);
#592=LINE('',#12315,#982);
#593=LINE('',#12349,#983);
#594=LINE('',#12350,#984);
#595=LINE('',#12356,#985);
#596=LINE('',#12357,#986);
#597=LINE('',#12359,#987);
#598=LINE('',#12361,#988);
#599=LINE('',#12378,#989);
#600=LINE('',#12391,#990);
#601=LINE('',#12411,#991);
#602=LINE('',#12416,#992);
#603=LINE('',#12422,#993);
#604=LINE('',#12430,#994);
#605=LINE('',#12437,#995);
#606=LINE('',#12444,#996);
#607=LINE('',#12446,#997);
#608=LINE('',#12448,#998);
#609=LINE('',#12449,#999);
#610=LINE('',#12454,#1000);
#611=LINE('',#12458,#1001);
#612=LINE('',#12460,#1002);
#613=LINE('',#12461,#1003);
#614=LINE('',#12474,#1004);
#615=LINE('',#12483,#1005);
#616=LINE('',#12486,#1006);
#617=LINE('',#12493,#1007);
#618=LINE('',#12509,#1008);
#619=LINE('',#12517,#1009);
#620=LINE('',#12519,#1010);
#621=LINE('',#12525,#1011);
#622=LINE('',#12531,#1012);
#623=LINE('',#12576,#1013);
#624=LINE('',#12582,#1014);
#625=LINE('',#12588,#1015);
#626=LINE('',#12633,#1016);
#627=LINE('',#12639,#1017);
#628=LINE('',#12649,#1018);
#629=LINE('',#12655,#1019);
#630=LINE('',#12659,#1020);
#631=LINE('',#12671,#1021);
#632=LINE('',#12674,#1022);
#633=LINE('',#12679,#1023);
#634=LINE('',#12685,#1024);
#635=LINE('',#12686,#1025);
#636=LINE('',#12691,#1026);
#637=LINE('',#12706,#1027);
#638=LINE('',#12711,#1028);
#639=LINE('',#12715,#1029);
#640=LINE('',#12721,#1030);
#641=LINE('',#12725,#1031);
#642=LINE('',#12728,#1032);
#643=LINE('',#12731,#1033);
#644=LINE('',#12808,#1034);
#645=LINE('',#12817,#1035);
#646=LINE('',#12820,#1036);
#647=LINE('',#12824,#1037);
#648=LINE('',#12834,#1038);
#649=LINE('',#12838,#1039);
#650=LINE('',#12847,#1040);
#651=LINE('',#12850,#1041);
#652=LINE('',#12893,#1042);
#653=LINE('',#12895,#1043);
#654=LINE('',#12897,#1044);
#655=LINE('',#12899,#1045);
#656=LINE('',#12906,#1046);
#657=LINE('',#12908,#1047);
#658=LINE('',#12910,#1048);
#659=LINE('',#12911,#1049);
#660=LINE('',#12914,#1050);
#661=LINE('',#12916,#1051);
#662=LINE('',#12917,#1052);
#663=LINE('',#12920,#1053);
#664=LINE('',#12922,#1054);
#665=LINE('',#12923,#1055);
#666=LINE('',#12926,#1056);
#667=LINE('',#12928,#1057);
#668=LINE('',#12929,#1058);
#669=LINE('',#12932,#1059);
#670=LINE('',#12934,#1060);
#671=LINE('',#12935,#1061);
#672=LINE('',#12937,#1062);
#673=LINE('',#12938,#1063);
#674=LINE('',#12947,#1064);
#675=LINE('',#12949,#1065);
#676=LINE('',#12951,#1066);
#677=LINE('',#12952,#1067);
#678=LINE('',#12955,#1068);
#679=LINE('',#12957,#1069);
#680=LINE('',#12958,#1070);
#681=LINE('',#12961,#1071);
#682=LINE('',#12963,#1072);
#683=LINE('',#12964,#1073);
#684=LINE('',#12967,#1074);
#685=LINE('',#12969,#1075);
#686=LINE('',#12970,#1076);
#687=LINE('',#12973,#1077);
#688=LINE('',#12975,#1078);
#689=LINE('',#12976,#1079);
#690=LINE('',#12978,#1080);
#691=LINE('',#12979,#1081);
#692=LINE('',#12984,#1082);
#693=LINE('',#12987,#1083);
#694=LINE('',#12989,#1084);
#695=LINE('',#12992,#1085);
#696=LINE('',#12998,#1086);
#697=LINE('',#13002,#1087);
#698=LINE('',#13012,#1088);
#699=LINE('',#13015,#1089);
#700=LINE('',#13017,#1090);
#701=LINE('',#13019,#1091);
#702=LINE('',#13021,#1092);
#703=LINE('',#13022,#1093);
#704=LINE('',#13068,#1094);
#705=LINE('',#13070,#1095);
#706=LINE('',#13072,#1096);
#707=LINE('',#13073,#1097);
#708=LINE('',#13076,#1098);
#709=LINE('',#13078,#1099);
#710=LINE('',#13079,#1100);
#711=LINE('',#13082,#1101);
#712=LINE('',#13084,#1102);
#713=LINE('',#13085,#1103);
#714=LINE('',#13088,#1104);
#715=LINE('',#13090,#1105);
#716=LINE('',#13091,#1106);
#717=LINE('',#13094,#1107);
#718=LINE('',#13096,#1108);
#719=LINE('',#13097,#1109);
#720=LINE('',#13099,#1110);
#721=LINE('',#13100,#1111);
#722=LINE('',#13105,#1112);
#723=LINE('',#13107,#1113);
#724=LINE('',#13108,#1114);
#725=LINE('',#13110,#1115);
#726=LINE('',#13116,#1116);
#727=LINE('',#13120,#1117);
#728=LINE('',#13130,#1118);
#729=LINE('',#13133,#1119);
#730=LINE('',#13135,#1120);
#731=LINE('',#13137,#1121);
#732=LINE('',#13139,#1122);
#733=LINE('',#13140,#1123);
#734=LINE('',#13186,#1124);
#735=LINE('',#13188,#1125);
#736=LINE('',#13190,#1126);
#737=LINE('',#13191,#1127);
#738=LINE('',#13194,#1128);
#739=LINE('',#13196,#1129);
#740=LINE('',#13197,#1130);
#741=LINE('',#13200,#1131);
#742=LINE('',#13202,#1132);
#743=LINE('',#13203,#1133);
#744=LINE('',#13206,#1134);
#745=LINE('',#13208,#1135);
#746=LINE('',#13209,#1136);
#747=LINE('',#13212,#1137);
#748=LINE('',#13214,#1138);
#749=LINE('',#13215,#1139);
#750=LINE('',#13217,#1140);
#751=LINE('',#13218,#1141);
#752=LINE('',#13223,#1142);
#753=LINE('',#13225,#1143);
#754=LINE('',#13226,#1144);
#755=LINE('',#13228,#1145);
#756=LINE('',#13237,#1146);
#757=LINE('',#13240,#1147);
#758=LINE('',#13243,#1148);
#759=LINE('',#13245,#1149);
#760=LINE('',#13246,#1150);
#761=LINE('',#13251,#1151);
#762=LINE('',#13257,#1152);
#763=LINE('',#13263,#1153);
#764=LINE('',#13267,#1154);
#765=LINE('',#13269,#1155);
#766=LINE('',#13270,#1156);
#767=LINE('',#13275,#1157);
#768=LINE('',#13281,#1158);
#769=LINE('',#13287,#1159);
#770=LINE('',#13291,#1160);
#771=LINE('',#13293,#1161);
#772=LINE('',#13294,#1162);
#773=LINE('',#13299,#1163);
#774=LINE('',#13305,#1164);
#775=LINE('',#13311,#1165);
#776=LINE('',#13315,#1166);
#777=LINE('',#13317,#1167);
#778=LINE('',#13318,#1168);
#779=LINE('',#13323,#1169);
#780=LINE('',#13327,#1170);
#781=LINE('',#13329,#1171);
#782=LINE('',#13330,#1172);
#783=LINE('',#13335,#1173);
#784=LINE('',#13341,#1174);
#785=LINE('',#13347,#1175);
#786=LINE('',#13351,#1176);
#787=LINE('',#13353,#1177);
#788=LINE('',#13354,#1178);
#789=LINE('',#13359,#1179);
#790=LINE('',#13365,#1180);
#791=LINE('',#13371,#1181);
#792=LINE('',#13375,#1182);
#793=LINE('',#13377,#1183);
#794=LINE('',#13378,#1184);
#795=LINE('',#13383,#1185);
#796=LINE('',#13389,#1186);
#797=LINE('',#13395,#1187);
#798=LINE('',#13399,#1188);
#799=LINE('',#13401,#1189);
#800=LINE('',#13402,#1190);
#801=LINE('',#13407,#1191);
#802=LINE('',#13413,#1192);
#803=LINE('',#13419,#1193);
#804=LINE('',#13423,#1194);
#805=LINE('',#13425,#1195);
#806=LINE('',#13426,#1196);
#807=LINE('',#13431,#1197);
#808=LINE('',#13437,#1198);
#809=LINE('',#13443,#1199);
#810=LINE('',#13447,#1200);
#811=LINE('',#13449,#1201);
#812=LINE('',#13450,#1202);
#813=LINE('',#13455,#1203);
#814=LINE('',#13467,#1204);
#815=LINE('',#13470,#1205);
#816=LINE('',#13476,#1206);
#817=LINE('',#13479,#1207);
#818=LINE('',#13482,#1208);
#819=LINE('',#13484,#1209);
#820=LINE('',#13485,#1210);
#821=LINE('',#13490,#1211);
#822=LINE('',#13496,#1212);
#823=LINE('',#13502,#1213);
#824=LINE('',#13506,#1214);
#825=LINE('',#13508,#1215);
#826=LINE('',#13509,#1216);
#827=LINE('',#13514,#1217);
#828=LINE('',#13520,#1218);
#829=LINE('',#13526,#1219);
#830=LINE('',#13530,#1220);
#831=LINE('',#13532,#1221);
#832=LINE('',#13533,#1222);
#833=LINE('',#13538,#1223);
#834=LINE('',#13544,#1224);
#835=LINE('',#13550,#1225);
#836=LINE('',#13554,#1226);
#837=LINE('',#13556,#1227);
#838=LINE('',#13557,#1228);
#839=LINE('',#13562,#1229);
#840=LINE('',#13568,#1230);
#841=LINE('',#13574,#1231);
#842=LINE('',#13578,#1232);
#843=LINE('',#13580,#1233);
#844=LINE('',#13581,#1234);
#845=LINE('',#13586,#1235);
#846=LINE('',#13592,#1236);
#847=LINE('',#13598,#1237);
#848=LINE('',#13602,#1238);
#849=LINE('',#13604,#1239);
#850=LINE('',#13605,#1240);
#851=LINE('',#13610,#1241);
#852=LINE('',#13616,#1242);
#853=LINE('',#13620,#1243);
#854=LINE('',#13622,#1244);
#855=LINE('',#13623,#1245);
#856=LINE('',#13628,#1246);
#857=LINE('',#13634,#1247);
#858=LINE('',#13640,#1248);
#859=LINE('',#13644,#1249);
#860=LINE('',#13646,#1250);
#861=LINE('',#13647,#1251);
#862=LINE('',#13655,#1252);
#863=LINE('',#13658,#1253);
#864=LINE('',#13659,#1254);
#865=VECTOR('',#7314,10.);
#866=VECTOR('',#7315,10.);
#867=VECTOR('',#7322,10.);
#868=VECTOR('',#7323,10.);
#869=VECTOR('',#7330,10.);
#870=VECTOR('',#7331,10.);
#871=VECTOR('',#7336,10.);
#872=VECTOR('',#7337,10.);
#873=VECTOR('',#7340,10.);
#874=VECTOR('',#7341,10.);
#875=VECTOR('',#7342,10.);
#876=VECTOR('',#7343,10.);
#877=VECTOR('',#7346,10.);
#878=VECTOR('',#7347,10.);
#879=VECTOR('',#7348,10.);
#880=VECTOR('',#7377,10.);
#881=VECTOR('',#7378,10.);
#882=VECTOR('',#7385,10.);
#883=VECTOR('',#7392,10.);
#884=VECTOR('',#7397,10.);
#885=VECTOR('',#7398,10.);
#886=VECTOR('',#7399,10.);
#887=VECTOR('',#7402,10.);
#888=VECTOR('',#7403,10.);
#889=VECTOR('',#7450,17.875);
#890=VECTOR('',#7457,15.);
#891=VECTOR('',#7462,17.875);
#892=VECTOR('',#7469,15.);
#893=VECTOR('',#7474,17.875);
#894=VECTOR('',#7481,15.);
#895=VECTOR('',#7486,17.875);
#896=VECTOR('',#7493,15.);
#897=VECTOR('',#7498,17.875);
#898=VECTOR('',#7505,15.);
#899=VECTOR('',#7510,17.875);
#900=VECTOR('',#7517,15.);
#901=VECTOR('',#7522,17.875);
#902=VECTOR('',#7529,15.);
#903=VECTOR('',#7534,17.875);
#904=VECTOR('',#7541,15.);
#905=VECTOR('',#7546,17.875);
#906=VECTOR('',#7549,17.875);
#907=VECTOR('',#7552,17.875);
#908=VECTOR('',#7555,17.875);
#909=VECTOR('',#7558,17.875);
#910=VECTOR('',#7561,17.875);
#911=VECTOR('',#7564,17.875);
#912=VECTOR('',#7567,17.875);
#913=VECTOR('',#7570,17.875);
#914=VECTOR('',#7579,15.);
#915=VECTOR('',#7582,17.875);
#916=VECTOR('',#7587,5.25);
#917=VECTOR('',#7594,5.25);
#918=VECTOR('',#7601,5.25);
#919=VECTOR('',#7608,5.25);
#920=VECTOR('',#7615,5.25);
#921=VECTOR('',#7622,5.25);
#922=VECTOR('',#7629,5.25);
#923=VECTOR('',#7636,5.25);
#924=VECTOR('',#7643,5.25);
#925=VECTOR('',#7650,5.25);
#926=VECTOR('',#7657,5.25);
#927=VECTOR('',#7664,5.25);
#928=VECTOR('',#7675,3.5);
#929=VECTOR('',#7680,3.5);
#930=VECTOR('',#7685,3.5);
#931=VECTOR('',#7690,3.5);
#932=VECTOR('',#7695,3.5);
#933=VECTOR('',#7700,3.5);
#934=VECTOR('',#7709,10.);
#935=VECTOR('',#7710,10.);
#936=VECTOR('',#7717,10.);
#937=VECTOR('',#7718,10.);
#938=VECTOR('',#7725,10.);
#939=VECTOR('',#7726,10.);
#940=VECTOR('',#7731,10.);
#941=VECTOR('',#7732,10.);
#942=VECTOR('',#7735,10.);
#943=VECTOR('',#7736,10.);
#944=VECTOR('',#7737,10.);
#945=VECTOR('',#7738,10.);
#946=VECTOR('',#7741,10.);
#947=VECTOR('',#7742,10.);
#948=VECTOR('',#7743,10.);
#949=VECTOR('',#7758,10.);
#950=VECTOR('',#7759,10.);
#951=VECTOR('',#7766,10.);
#952=VECTOR('',#7773,10.);
#953=VECTOR('',#7778,10.);
#954=VECTOR('',#7779,10.);
#955=VECTOR('',#7780,10.);
#956=VECTOR('',#7783,10.);
#957=VECTOR('',#7784,10.);
#958=VECTOR('',#7805,17.875);
#959=VECTOR('',#7812,15.);
#960=VECTOR('',#7817,17.875);
#961=VECTOR('',#7820,17.875);
#962=VECTOR('',#7829,15.);
#963=VECTOR('',#7832,17.875);
#964=VECTOR('',#7837,5.25);
#965=VECTOR('',#7844,5.25);
#966=VECTOR('',#7845,5.25);
#967=VECTOR('',#7852,5.25);
#968=VECTOR('',#7859,5.25);
#969=VECTOR('',#7866,5.25);
#970=VECTOR('',#7873,5.25);
#971=VECTOR('',#7884,13.5);
#972=VECTOR('',#7891,15.);
#973=VECTOR('',#7902,10.);
#974=VECTOR('',#7905,10.);
#975=VECTOR('',#7922,10.);
#976=VECTOR('',#7923,10.);
#977=VECTOR('',#7936,10.);
#978=VECTOR('',#7939,10.);
#979=VECTOR('',#7944,10.);
#980=VECTOR('',#7947,10.);
#981=VECTOR('',#7958,10.);
#982=VECTOR('',#7959,10.);
#983=VECTOR('',#7970,10.);
#984=VECTOR('',#7971,10.);
#985=VECTOR('',#7982,10.);
#986=VECTOR('',#7983,10.);
#987=VECTOR('',#7986,10.);
#988=VECTOR('',#7989,10.);
#989=VECTOR('',#8012,13.25);
#990=VECTOR('',#8029,15.1);
#991=VECTOR('',#8060,3.5);
#992=VECTOR('',#8069,5.);
#993=VECTOR('',#8076,40.);
#994=VECTOR('',#8087,56.);
#995=VECTOR('',#8096,58.);
#996=VECTOR('',#8103,10.);
#997=VECTOR('',#8104,10.);
#998=VECTOR('',#8105,10.);
#999=VECTOR('',#8106,10.);
#1000=VECTOR('',#8111,10.);
#1001=VECTOR('',#8116,10.);
#1002=VECTOR('',#8117,10.);
#1003=VECTOR('',#8118,10.);
#1004=VECTOR('',#8135,2.);
#1005=VECTOR('',#8148,31.5);
#1006=VECTOR('',#8151,60.);
#1007=VECTOR('',#8160,17.7);
#1008=VECTOR('',#8181,3.75);
#1009=VECTOR('',#8192,14.95);
#1010=VECTOR('',#8195,6.);
#1011=VECTOR('',#8202,3.3);
#1012=VECTOR('',#8209,5.);
#1013=VECTOR('',#8214,6.5);
#1014=VECTOR('',#8221,3.3);
#1015=VECTOR('',#8228,5.);
#1016=VECTOR('',#8233,6.5);
#1017=VECTOR('',#8240,3.2);
#1018=VECTOR('',#8251,4.875);
#1019=VECTOR('',#8258,10.4);
#1020=VECTOR('',#8263,9.825);
#1021=VECTOR('',#8276,1.);
#1022=VECTOR('',#8279,1.);
#1023=VECTOR('',#8284,15.);
#1024=VECTOR('',#8291,1.);
#1025=VECTOR('',#8292,1.);
#1026=VECTOR('',#8297,5.);
#1027=VECTOR('',#8318,3.);
#1028=VECTOR('',#8323,2.693275);
#1029=VECTOR('',#8328,6.);
#1030=VECTOR('',#8335,3.);
#1031=VECTOR('',#8340,2.693275);
#1032=VECTOR('',#8345,4.5);
#1033=VECTOR('',#8348,3.);
#1034=VECTOR('',#8391,1.);
#1035=VECTOR('',#8392,1.);
#1036=VECTOR('',#8395,1.);
#1037=VECTOR('',#8400,1.);
#1038=VECTOR('',#8403,1.);
#1039=VECTOR('',#8408,1.);
#1040=VECTOR('',#8409,1.);
#1041=VECTOR('',#8412,1.);
#1042=VECTOR('',#8447,1.);
#1043=VECTOR('',#8450,1.);
#1044=VECTOR('',#8453,1.);
#1045=VECTOR('',#8456,1.);
#1046=VECTOR('',#8465,1.);
#1047=VECTOR('',#8466,1.);
#1048=VECTOR('',#8467,1.);
#1049=VECTOR('',#8468,1.);
#1050=VECTOR('',#8471,1.);
#1051=VECTOR('',#8472,1.);
#1052=VECTOR('',#8473,1.);
#1053=VECTOR('',#8476,1.);
#1054=VECTOR('',#8477,1.);
#1055=VECTOR('',#8478,1.);
#1056=VECTOR('',#8481,1.);
#1057=VECTOR('',#8482,1.);
#1058=VECTOR('',#8483,1.);
#1059=VECTOR('',#8486,1.);
#1060=VECTOR('',#8487,1.);
#1061=VECTOR('',#8488,1.);
#1062=VECTOR('',#8491,1.);
#1063=VECTOR('',#8492,1.);
#1064=VECTOR('',#8505,1.);
#1065=VECTOR('',#8506,1.);
#1066=VECTOR('',#8507,1.);
#1067=VECTOR('',#8508,1.);
#1068=VECTOR('',#8511,1.);
#1069=VECTOR('',#8512,1.);
#1070=VECTOR('',#8513,1.);
#1071=VECTOR('',#8516,1.);
#1072=VECTOR('',#8517,1.);
#1073=VECTOR('',#8518,1.);
#1074=VECTOR('',#8521,1.);
#1075=VECTOR('',#8522,1.);
#1076=VECTOR('',#8523,1.);
#1077=VECTOR('',#8526,1.);
#1078=VECTOR('',#8527,1.);
#1079=VECTOR('',#8528,1.);
#1080=VECTOR('',#8531,1.);
#1081=VECTOR('',#8532,1.);
#1082=VECTOR('',#8539,1.);
#1083=VECTOR('',#8542,1.);
#1084=VECTOR('',#8543,1.);
#1085=VECTOR('',#8546,1.);
#1086=VECTOR('',#8553,1.);
#1087=VECTOR('',#8556,1.);
#1088=VECTOR('',#8563,1.);
#1089=VECTOR('',#8566,10.);
#1090=VECTOR('',#8567,1.);
#1091=VECTOR('',#8568,1.);
#1092=VECTOR('',#8569,1.);
#1093=VECTOR('',#8570,10.);
#1094=VECTOR('',#8593,1.);
#1095=VECTOR('',#8594,1.);
#1096=VECTOR('',#8595,1.);
#1097=VECTOR('',#8596,1.);
#1098=VECTOR('',#8599,1.);
#1099=VECTOR('',#8600,1.);
#1100=VECTOR('',#8601,1.);
#1101=VECTOR('',#8604,1.);
#1102=VECTOR('',#8605,1.);
#1103=VECTOR('',#8606,1.);
#1104=VECTOR('',#8609,1.);
#1105=VECTOR('',#8610,1.);
#1106=VECTOR('',#8611,1.);
#1107=VECTOR('',#8614,1.);
#1108=VECTOR('',#8615,1.);
#1109=VECTOR('',#8616,1.);
#1110=VECTOR('',#8619,1.);
#1111=VECTOR('',#8620,1.);
#1112=VECTOR('',#8629,1.);
#1113=VECTOR('',#8632,1.);
#1114=VECTOR('',#8633,1.);
#1115=VECTOR('',#8636,1.);
#1116=VECTOR('',#8643,1.);
#1117=VECTOR('',#8646,1.);
#1118=VECTOR('',#8653,1.);
#1119=VECTOR('',#8656,10.);
#1120=VECTOR('',#8657,1.);
#1121=VECTOR('',#8658,1.);
#1122=VECTOR('',#8659,1.);
#1123=VECTOR('',#8660,10.);
#1124=VECTOR('',#8683,1.);
#1125=VECTOR('',#8684,1.);
#1126=VECTOR('',#8685,1.);
#1127=VECTOR('',#8686,1.);
#1128=VECTOR('',#8689,1.);
#1129=VECTOR('',#8690,1.);
#1130=VECTOR('',#8691,1.);
#1131=VECTOR('',#8694,1.);
#1132=VECTOR('',#8695,1.);
#1133=VECTOR('',#8696,1.);
#1134=VECTOR('',#8699,1.);
#1135=VECTOR('',#8700,1.);
#1136=VECTOR('',#8701,1.);
#1137=VECTOR('',#8704,1.);
#1138=VECTOR('',#8705,1.);
#1139=VECTOR('',#8706,1.);
#1140=VECTOR('',#8709,1.);
#1141=VECTOR('',#8710,1.);
#1142=VECTOR('',#8719,1.);
#1143=VECTOR('',#8722,1.);
#1144=VECTOR('',#8723,1.);
#1145=VECTOR('',#8726,1.);
#1146=VECTOR('',#8737,1.);
#1147=VECTOR('',#8740,1.);
#1148=VECTOR('',#8743,1.);
#1149=VECTOR('',#8744,1.);
#1150=VECTOR('',#8745,1.);
#1151=VECTOR('',#8750,1.);
#1152=VECTOR('',#8757,1.);
#1153=VECTOR('',#8764,1.);
#1154=VECTOR('',#8769,1.);
#1155=VECTOR('',#8770,1.);
#1156=VECTOR('',#8771,1.);
#1157=VECTOR('',#8776,1.);
#1158=VECTOR('',#8783,1.);
#1159=VECTOR('',#8790,1.);
#1160=VECTOR('',#8795,1.);
#1161=VECTOR('',#8796,1.);
#1162=VECTOR('',#8797,1.);
#1163=VECTOR('',#8802,1.);
#1164=VECTOR('',#8809,1.);
#1165=VECTOR('',#8816,1.);
#1166=VECTOR('',#8821,0.999999999999999);
#1167=VECTOR('',#8822,1.);
#1168=VECTOR('',#8823,1.);
#1169=VECTOR('',#8828,1.);
#1170=VECTOR('',#8833,1.);
#1171=VECTOR('',#8834,1.);
#1172=VECTOR('',#8835,1.);
#1173=VECTOR('',#8840,1.);
#1174=VECTOR('',#8847,1.);
#1175=VECTOR('',#8854,1.);
#1176=VECTOR('',#8859,1.);
#1177=VECTOR('',#8860,1.);
#1178=VECTOR('',#8861,1.);
#1179=VECTOR('',#8866,1.);
#1180=VECTOR('',#8873,1.);
#1181=VECTOR('',#8880,1.);
#1182=VECTOR('',#8885,1.);
#1183=VECTOR('',#8886,1.);
#1184=VECTOR('',#8887,1.);
#1185=VECTOR('',#8892,1.);
#1186=VECTOR('',#8899,1.);
#1187=VECTOR('',#8906,1.);
#1188=VECTOR('',#8911,1.);
#1189=VECTOR('',#8912,1.);
#1190=VECTOR('',#8913,1.);
#1191=VECTOR('',#8918,1.);
#1192=VECTOR('',#8925,1.);
#1193=VECTOR('',#8932,1.);
#1194=VECTOR('',#8937,1.);
#1195=VECTOR('',#8938,1.);
#1196=VECTOR('',#8939,1.);
#1197=VECTOR('',#8944,1.);
#1198=VECTOR('',#8951,1.);
#1199=VECTOR('',#8958,1.);
#1200=VECTOR('',#8963,1.);
#1201=VECTOR('',#8964,1.);
#1202=VECTOR('',#8965,1.);
#1203=VECTOR('',#8970,1.);
#1204=VECTOR('',#8987,1.);
#1205=VECTOR('',#8990,1.);
#1206=VECTOR('',#8995,1.);
#1207=VECTOR('',#8998,1.);
#1208=VECTOR('',#9001,1.);
#1209=VECTOR('',#9002,1.);
#1210=VECTOR('',#9003,1.);
#1211=VECTOR('',#9008,1.);
#1212=VECTOR('',#9015,1.);
#1213=VECTOR('',#9022,1.);
#1214=VECTOR('',#9027,1.);
#1215=VECTOR('',#9028,1.);
#1216=VECTOR('',#9029,1.);
#1217=VECTOR('',#9034,1.);
#1218=VECTOR('',#9041,1.);
#1219=VECTOR('',#9048,1.);
#1220=VECTOR('',#9053,1.);
#1221=VECTOR('',#9054,1.);
#1222=VECTOR('',#9055,1.);
#1223=VECTOR('',#9060,1.);
#1224=VECTOR('',#9067,1.);
#1225=VECTOR('',#9074,1.);
#1226=VECTOR('',#9079,1.);
#1227=VECTOR('',#9080,1.);
#1228=VECTOR('',#9081,1.);
#1229=VECTOR('',#9086,1.);
#1230=VECTOR('',#9093,1.);
#1231=VECTOR('',#9100,1.);
#1232=VECTOR('',#9105,1.);
#1233=VECTOR('',#9106,1.);
#1234=VECTOR('',#9107,1.);
#1235=VECTOR('',#9112,1.);
#1236=VECTOR('',#9119,1.);
#1237=VECTOR('',#9126,1.);
#1238=VECTOR('',#9131,1.);
#1239=VECTOR('',#9132,1.);
#1240=VECTOR('',#9133,1.);
#1241=VECTOR('',#9138,1.);
#1242=VECTOR('',#9145,1.);
#1243=VECTOR('',#9150,1.);
#1244=VECTOR('',#9151,1.);
#1245=VECTOR('',#9152,1.);
#1246=VECTOR('',#9157,1.);
#1247=VECTOR('',#9164,1.);
#1248=VECTOR('',#9171,1.);
#1249=VECTOR('',#9176,1.);
#1250=VECTOR('',#9177,1.);
#1251=VECTOR('',#9178,1.);
#1252=VECTOR('',#9189,1.);
#1253=VECTOR('',#9194,1.);
#1254=VECTOR('',#9195,1.);
#1255=CYLINDRICAL_SURFACE('',#6540,2.);
#1256=CYLINDRICAL_SURFACE('',#6543,2.);
#1257=CYLINDRICAL_SURFACE('',#6546,2.);
#1258=CYLINDRICAL_SURFACE('',#6549,2.);
#1259=CYLINDRICAL_SURFACE('',#6564,2.);
#1260=CYLINDRICAL_SURFACE('',#6567,2.);
#1261=CYLINDRICAL_SURFACE('',#6570,2.);
#1262=CYLINDRICAL_SURFACE('',#6573,2.);
#1263=CYLINDRICAL_SURFACE('',#6600,15.);
#1264=CYLINDRICAL_SURFACE('',#6605,15.);
#1265=CYLINDRICAL_SURFACE('',#6610,15.);
#1266=CYLINDRICAL_SURFACE('',#6615,15.);
#1267=CYLINDRICAL_SURFACE('',#6620,15.);
#1268=CYLINDRICAL_SURFACE('',#6625,15.);
#1269=CYLINDRICAL_SURFACE('',#6630,15.);
#1270=CYLINDRICAL_SURFACE('',#6635,15.);
#1271=CYLINDRICAL_SURFACE('',#6647,15.);
#1272=CYLINDRICAL_SURFACE('',#6652,5.25);
#1273=CYLINDRICAL_SURFACE('',#6655,5.25);
#1274=CYLINDRICAL_SURFACE('',#6658,5.25);
#1275=CYLINDRICAL_SURFACE('',#6661,5.25);
#1276=CYLINDRICAL_SURFACE('',#6664,5.25);
#1277=CYLINDRICAL_SURFACE('',#6667,5.25);
#1278=CYLINDRICAL_SURFACE('',#6670,5.25);
#1279=CYLINDRICAL_SURFACE('',#6673,5.25);
#1280=CYLINDRICAL_SURFACE('',#6676,5.25);
#1281=CYLINDRICAL_SURFACE('',#6679,5.25);
#1282=CYLINDRICAL_SURFACE('',#6682,5.25);
#1283=CYLINDRICAL_SURFACE('',#6685,5.25);
#1284=CYLINDRICAL_SURFACE('',#6689,3.5);
#1285=CYLINDRICAL_SURFACE('',#6691,3.5);
#1286=CYLINDRICAL_SURFACE('',#6693,3.5);
#1287=CYLINDRICAL_SURFACE('',#6695,3.5);
#1288=CYLINDRICAL_SURFACE('',#6697,3.5);
#1289=CYLINDRICAL_SURFACE('',#6699,3.5);
#1290=CYLINDRICAL_SURFACE('',#6703,2.);
#1291=CYLINDRICAL_SURFACE('',#6706,2.);
#1292=CYLINDRICAL_SURFACE('',#6709,2.);
#1293=CYLINDRICAL_SURFACE('',#6712,2.);
#1294=CYLINDRICAL_SURFACE('',#6720,2.);
#1295=CYLINDRICAL_SURFACE('',#6723,2.);
#1296=CYLINDRICAL_SURFACE('',#6726,2.);
#1297=CYLINDRICAL_SURFACE('',#6729,2.);
#1298=CYLINDRICAL_SURFACE('',#6743,15.);
#1299=CYLINDRICAL_SURFACE('',#6748,15.);
#1300=CYLINDRICAL_SURFACE('',#6753,5.25);
#1301=CYLINDRICAL_SURFACE('',#6756,5.25);
#1302=CYLINDRICAL_SURFACE('',#6759,5.25);
#1303=CYLINDRICAL_SURFACE('',#6762,5.25);
#1304=CYLINDRICAL_SURFACE('',#6765,5.25);
#1305=CYLINDRICAL_SURFACE('',#6768,5.25);
#1306=CYLINDRICAL_SURFACE('',#6772,13.5);
#1307=CYLINDRICAL_SURFACE('',#6775,15.);
#1308=CYLINDRICAL_SURFACE('',#6781,0.5);
#1309=CYLINDRICAL_SURFACE('',#6789,0.5);
#1310=CYLINDRICAL_SURFACE('',#6796,0.5);
#1311=CYLINDRICAL_SURFACE('',#6798,0.5);
#1312=CYLINDRICAL_SURFACE('',#6804,0.5);
#1313=CYLINDRICAL_SURFACE('',#6809,0.5);
#1314=CYLINDRICAL_SURFACE('',#6815,1.5);
#1315=CYLINDRICAL_SURFACE('',#6818,1.5);
#1316=CYLINDRICAL_SURFACE('',#6828,13.25);
#1317=CYLINDRICAL_SURFACE('',#6836,15.1);
#1318=CYLINDRICAL_SURFACE('',#6850,3.5);
#1319=CYLINDRICAL_SURFACE('',#6854,14.95);
#1320=CYLINDRICAL_SURFACE('',#6857,40.);
#1321=CYLINDRICAL_SURFACE('',#6862,56.);
#1322=CYLINDRICAL_SURFACE('',#6866,58.);
#1323=CYLINDRICAL_SURFACE('',#6871,34.9999999999999);
#1324=CYLINDRICAL_SURFACE('',#6880,2.);
#1325=CYLINDRICAL_SURFACE('',#6888,31.5);
#1326=CYLINDRICAL_SURFACE('',#6889,60.);
#1327=CYLINDRICAL_SURFACE('',#6902,3.75);
#1328=CYLINDRICAL_SURFACE('',#6908,14.95);
#1329=CYLINDRICAL_SURFACE('',#6911,3.3);
#1330=CYLINDRICAL_SURFACE('',#6914,5.);
#1331=CYLINDRICAL_SURFACE('',#6917,6.5);
#1332=CYLINDRICAL_SURFACE('',#6919,3.3);
#1333=CYLINDRICAL_SURFACE('',#6922,5.);
#1334=CYLINDRICAL_SURFACE('',#6925,6.5);
#1335=CYLINDRICAL_SURFACE('',#6927,3.2);
#1336=CYLINDRICAL_SURFACE('',#6935,10.4);
#1337=CYLINDRICAL_SURFACE('',#6944,9.25);
#1338=CYLINDRICAL_SURFACE('',#6946,15.);
#1339=CYLINDRICAL_SURFACE('',#6949,9.25);
#1340=CYLINDRICAL_SURFACE('',#6951,5.);
#1341=CYLINDRICAL_SURFACE('',#6961,3.);
#1342=CYLINDRICAL_SURFACE('',#6966,6.);
#1343=CYLINDRICAL_SURFACE('',#6968,3.);
#1344=CYLINDRICAL_SURFACE('',#6974,3.);
#1345=CYLINDRICAL_SURFACE('',#6996,5.525);
#1346=CYLINDRICAL_SURFACE('',#6999,5.525);
#1347=CYLINDRICAL_SURFACE('',#7019,5.525);
#1348=CYLINDRICAL_SURFACE('',#7021,5.525);
#1349=CYLINDRICAL_SURFACE('',#7023,5.525);
#1350=CYLINDRICAL_SURFACE('',#7024,5.525);
#1351=CYLINDRICAL_SURFACE('',#7050,11.);
#1352=CYLINDRICAL_SURFACE('',#7058,15.);
#1353=CYLINDRICAL_SURFACE('',#7075,15.0000005650815);
#1354=CYLINDRICAL_SURFACE('',#7079,0.799999999909787);
#1355=CYLINDRICAL_SURFACE('',#7080,11.);
#1356=CYLINDRICAL_SURFACE('',#7088,15.);
#1357=CYLINDRICAL_SURFACE('',#7105,15.0000005650815);
#1358=CYLINDRICAL_SURFACE('',#7109,0.799999999909787);
#1359=CYLINDRICAL_SURFACE('',#7111,0.499999998513625);
#1360=CYLINDRICAL_SURFACE('',#7115,0.600000005328716);
#1361=CYLINDRICAL_SURFACE('',#7118,17.199999979869);
#1362=CYLINDRICAL_SURFACE('',#7121,0.599999994188033);
#1363=CYLINDRICAL_SURFACE('',#7125,0.499999998513621);
#1364=CYLINDRICAL_SURFACE('',#7128,20.0000000516789);
#1365=CYLINDRICAL_SURFACE('',#7131,0.499999991509887);
#1366=CYLINDRICAL_SURFACE('',#7135,1.00000000480411);
#1367=CYLINDRICAL_SURFACE('',#7138,16.8999984321355);
#1368=CYLINDRICAL_SURFACE('',#7141,1.00000004697109);
#1369=CYLINDRICAL_SURFACE('',#7145,0.500000011413728);
#1370=CYLINDRICAL_SURFACE('',#7149,0.199999990027626);
#1371=CYLINDRICAL_SURFACE('',#7152,15.0000000011302);
#1372=CYLINDRICAL_SURFACE('',#7155,0.200000012074163);
#1373=CYLINDRICAL_SURFACE('',#7159,1.9999999888089);
#1374=CYLINDRICAL_SURFACE('',#7162,18.2000001999647);
#1375=CYLINDRICAL_SURFACE('',#7165,0.200000000396169);
#1376=CYLINDRICAL_SURFACE('',#7169,0.19999999656187);
#1377=CYLINDRICAL_SURFACE('',#7172,16.6000014346373);
#1378=CYLINDRICAL_SURFACE('',#7175,0.499999968092007);
#1379=CYLINDRICAL_SURFACE('',#7179,0.499999998513622);
#1380=CYLINDRICAL_SURFACE('',#7182,20.0000000061947);
#1381=CYLINDRICAL_SURFACE('',#7185,0.499999998513625);
#1382=CYLINDRICAL_SURFACE('',#7189,0.600000005328719);
#1383=CYLINDRICAL_SURFACE('',#7192,17.199999979869);
#1384=CYLINDRICAL_SURFACE('',#7195,0.599999994188037);
#1385=CYLINDRICAL_SURFACE('',#7199,0.499999998513621);
#1386=CYLINDRICAL_SURFACE('',#7202,20.0000000061948);
#1387=CYLINDRICAL_SURFACE('',#7207,14.9999999986124);
#1388=CYLINDRICAL_SURFACE('',#7210,0.199999985850121);
#1389=CYLINDRICAL_SURFACE('',#7214,0.200000096453932);
#1390=CYLINDRICAL_SURFACE('',#7217,16.8000011268371);
#1391=CYLINDRICAL_SURFACE('',#7220,1.99999999589839);
#1392=CYLINDRICAL_SURFACE('',#7224,0.200000006324083);
#1393=CYLINDRICAL_SURFACE('',#7227,19.9999988697448);
#1394=CYLINDRICAL_SURFACE('',#7230,0.199999996814319);
#1395=CYLINDRICAL_SURFACE('',#7234,0.600000007180751);
#1396=CYLINDRICAL_SURFACE('',#7237,17.1999999407365);
#1397=CYLINDRICAL_SURFACE('',#7240,0.599999992163889);
#1398=CYLINDRICAL_SURFACE('',#7244,0.600000003624639);
#1399=CYLINDRICAL_SURFACE('',#7247,20.0000000557447);
#1400=CYLINDRICAL_SURFACE('',#7250,0.600000001734783);
#1401=CYLINDRICAL_SURFACE('',#7254,0.600000002986291);
#1402=CYLINDRICAL_SURFACE('',#7257,17.2000000322371);
#1403=CYLINDRICAL_SURFACE('',#7260,0.200000002538666);
#1404=CYLINDRICAL_SURFACE('',#7264,16.3999996764778);
#1405=CYLINDRICAL_SURFACE('',#7267,0.199999995245605);
#1406=CYLINDRICAL_SURFACE('',#7271,0.199999999319345);
#1407=CYLINDRICAL_SURFACE('',#7274,18.1949992361115);
#1408=CYLINDRICAL_SURFACE('',#7277,2.00000000810226);
#1409=CYLINDRICAL_SURFACE('',#7281,0.199999989003059);
#1410=CYLINDRICAL_SURFACE('',#7284,0.199999989003057);
#1411=FACE_OUTER_BOUND('',#1789,.T.);
#1412=FACE_OUTER_BOUND('',#1790,.T.);
#1413=FACE_OUTER_BOUND('',#1791,.T.);
#1414=FACE_OUTER_BOUND('',#1792,.T.);
#1415=FACE_OUTER_BOUND('',#1793,.T.);
#1416=FACE_OUTER_BOUND('',#1794,.T.);
#1417=FACE_OUTER_BOUND('',#1795,.T.);
#1418=FACE_OUTER_BOUND('',#1796,.T.);
#1419=FACE_OUTER_BOUND('',#1797,.T.);
#1420=FACE_OUTER_BOUND('',#1798,.T.);
#1421=FACE_OUTER_BOUND('',#1799,.T.);
#1422=FACE_OUTER_BOUND('',#1800,.T.);
#1423=FACE_OUTER_BOUND('',#1801,.T.);
#1424=FACE_OUTER_BOUND('',#1811,.T.);
#1425=FACE_OUTER_BOUND('',#1812,.T.);
#1426=FACE_OUTER_BOUND('',#1813,.T.);
#1427=FACE_OUTER_BOUND('',#1814,.T.);
#1428=FACE_OUTER_BOUND('',#1815,.T.);
#1429=FACE_OUTER_BOUND('',#1816,.T.);
#1430=FACE_OUTER_BOUND('',#1817,.T.);
#1431=FACE_OUTER_BOUND('',#1818,.T.);
#1432=FACE_OUTER_BOUND('',#1819,.T.);
#1433=FACE_OUTER_BOUND('',#1820,.T.);
#1434=FACE_OUTER_BOUND('',#1821,.T.);
#1435=FACE_OUTER_BOUND('',#1822,.T.);
#1436=FACE_OUTER_BOUND('',#1844,.T.);
#1437=FACE_OUTER_BOUND('',#1845,.T.);
#1438=FACE_OUTER_BOUND('',#1846,.T.);
#1439=FACE_OUTER_BOUND('',#1847,.T.);
#1440=FACE_OUTER_BOUND('',#1848,.T.);
#1441=FACE_OUTER_BOUND('',#1849,.T.);
#1442=FACE_OUTER_BOUND('',#1850,.T.);
#1443=FACE_OUTER_BOUND('',#1851,.T.);
#1444=FACE_OUTER_BOUND('',#1852,.T.);
#1445=FACE_OUTER_BOUND('',#1853,.T.);
#1446=FACE_OUTER_BOUND('',#1854,.T.);
#1447=FACE_OUTER_BOUND('',#1855,.T.);
#1448=FACE_OUTER_BOUND('',#1856,.T.);
#1449=FACE_OUTER_BOUND('',#1857,.T.);
#1450=FACE_OUTER_BOUND('',#1858,.T.);
#1451=FACE_OUTER_BOUND('',#1859,.T.);
#1452=FACE_OUTER_BOUND('',#1860,.T.);
#1453=FACE_OUTER_BOUND('',#1861,.T.);
#1454=FACE_OUTER_BOUND('',#1862,.T.);
#1455=FACE_OUTER_BOUND('',#1863,.T.);
#1456=FACE_OUTER_BOUND('',#1864,.T.);
#1457=FACE_OUTER_BOUND('',#1865,.T.);
#1458=FACE_OUTER_BOUND('',#1866,.T.);
#1459=FACE_OUTER_BOUND('',#1867,.T.);
#1460=FACE_OUTER_BOUND('',#1868,.T.);
#1461=FACE_OUTER_BOUND('',#1869,.T.);
#1462=FACE_OUTER_BOUND('',#1870,.T.);
#1463=FACE_OUTER_BOUND('',#1871,.T.);
#1464=FACE_OUTER_BOUND('',#1872,.T.);
#1465=FACE_OUTER_BOUND('',#1873,.T.);
#1466=FACE_OUTER_BOUND('',#1874,.T.);
#1467=FACE_OUTER_BOUND('',#1875,.T.);
#1468=FACE_OUTER_BOUND('',#1876,.T.);
#1469=FACE_OUTER_BOUND('',#1877,.T.);
#1470=FACE_OUTER_BOUND('',#1878,.T.);
#1471=FACE_OUTER_BOUND('',#1879,.T.);
#1472=FACE_OUTER_BOUND('',#1880,.T.);
#1473=FACE_OUTER_BOUND('',#1881,.T.);
#1474=FACE_OUTER_BOUND('',#1882,.T.);
#1475=FACE_OUTER_BOUND('',#1883,.T.);
#1476=FACE_OUTER_BOUND('',#1884,.T.);
#1477=FACE_OUTER_BOUND('',#1885,.T.);
#1478=FACE_OUTER_BOUND('',#1886,.T.);
#1479=FACE_OUTER_BOUND('',#1887,.T.);
#1480=FACE_OUTER_BOUND('',#1888,.T.);
#1481=FACE_OUTER_BOUND('',#1889,.T.);
#1482=FACE_OUTER_BOUND('',#1890,.T.);
#1483=FACE_OUTER_BOUND('',#1891,.T.);
#1484=FACE_OUTER_BOUND('',#1892,.T.);
#1485=FACE_OUTER_BOUND('',#1893,.T.);
#1486=FACE_OUTER_BOUND('',#1894,.T.);
#1487=FACE_OUTER_BOUND('',#1895,.T.);
#1488=FACE_OUTER_BOUND('',#1896,.T.);
#1489=FACE_OUTER_BOUND('',#1897,.T.);
#1490=FACE_OUTER_BOUND('',#1898,.T.);
#1491=FACE_OUTER_BOUND('',#1899,.T.);
#1492=FACE_OUTER_BOUND('',#1900,.T.);
#1493=FACE_OUTER_BOUND('',#1901,.T.);
#1494=FACE_OUTER_BOUND('',#1902,.T.);
#1495=FACE_OUTER_BOUND('',#1903,.T.);
#1496=FACE_OUTER_BOUND('',#1904,.T.);
#1497=FACE_OUTER_BOUND('',#1905,.T.);
#1498=FACE_OUTER_BOUND('',#1906,.T.);
#1499=FACE_OUTER_BOUND('',#1907,.T.);
#1500=FACE_OUTER_BOUND('',#1908,.T.);
#1501=FACE_OUTER_BOUND('',#1909,.T.);
#1502=FACE_OUTER_BOUND('',#1910,.T.);
#1503=FACE_OUTER_BOUND('',#1913,.T.);
#1504=FACE_OUTER_BOUND('',#1914,.T.);
#1505=FACE_OUTER_BOUND('',#1916,.T.);
#1506=FACE_OUTER_BOUND('',#1917,.T.);
#1507=FACE_OUTER_BOUND('',#1920,.T.);
#1508=FACE_OUTER_BOUND('',#1921,.T.);
#1509=FACE_OUTER_BOUND('',#1922,.T.);
#1510=FACE_OUTER_BOUND('',#1923,.T.);
#1511=FACE_OUTER_BOUND('',#1924,.T.);
#1512=FACE_OUTER_BOUND('',#1925,.T.);
#1513=FACE_OUTER_BOUND('',#1926,.T.);
#1514=FACE_OUTER_BOUND('',#1927,.T.);
#1515=FACE_OUTER_BOUND('',#1928,.T.);
#1516=FACE_OUTER_BOUND('',#1929,.T.);
#1517=FACE_OUTER_BOUND('',#1931,.T.);
#1518=FACE_OUTER_BOUND('',#1932,.T.);
#1519=FACE_OUTER_BOUND('',#1941,.T.);
#1520=FACE_OUTER_BOUND('',#1942,.T.);
#1521=FACE_OUTER_BOUND('',#1943,.T.);
#1522=FACE_OUTER_BOUND('',#1944,.T.);
#1523=FACE_OUTER_BOUND('',#1945,.T.);
#1524=FACE_OUTER_BOUND('',#1946,.T.);
#1525=FACE_OUTER_BOUND('',#1947,.T.);
#1526=FACE_OUTER_BOUND('',#1950,.T.);
#1527=FACE_OUTER_BOUND('',#1952,.T.);
#1528=FACE_OUTER_BOUND('',#1953,.T.);
#1529=FACE_OUTER_BOUND('',#1954,.T.);
#1530=FACE_OUTER_BOUND('',#1955,.T.);
#1531=FACE_OUTER_BOUND('',#1957,.T.);
#1532=FACE_OUTER_BOUND('',#1958,.T.);
#1533=FACE_OUTER_BOUND('',#1960,.T.);
#1534=FACE_OUTER_BOUND('',#1961,.T.);
#1535=FACE_OUTER_BOUND('',#1963,.T.);
#1536=FACE_OUTER_BOUND('',#1964,.T.);
#1537=FACE_OUTER_BOUND('',#1966,.T.);
#1538=FACE_OUTER_BOUND('',#1967,.T.);
#1539=FACE_OUTER_BOUND('',#1968,.T.);
#1540=FACE_OUTER_BOUND('',#1969,.T.);
#1541=FACE_OUTER_BOUND('',#1971,.T.);
#1542=FACE_OUTER_BOUND('',#1973,.T.);
#1543=FACE_OUTER_BOUND('',#1974,.T.);
#1544=FACE_OUTER_BOUND('',#1975,.T.);
#1545=FACE_OUTER_BOUND('',#1976,.T.);
#1546=FACE_OUTER_BOUND('',#1977,.T.);
#1547=FACE_OUTER_BOUND('',#1978,.T.);
#1548=FACE_OUTER_BOUND('',#1979,.T.);
#1549=FACE_OUTER_BOUND('',#1980,.T.);
#1550=FACE_OUTER_BOUND('',#1981,.T.);
#1551=FACE_OUTER_BOUND('',#1982,.T.);
#1552=FACE_OUTER_BOUND('',#1983,.T.);
#1553=FACE_OUTER_BOUND('',#1984,.T.);
#1554=FACE_OUTER_BOUND('',#1985,.T.);
#1555=FACE_OUTER_BOUND('',#1986,.T.);
#1556=FACE_OUTER_BOUND('',#1987,.T.);
#1557=FACE_OUTER_BOUND('',#1988,.T.);
#1558=FACE_OUTER_BOUND('',#1989,.T.);
#1559=FACE_OUTER_BOUND('',#1990,.T.);
#1560=FACE_OUTER_BOUND('',#1991,.T.);
#1561=FACE_OUTER_BOUND('',#1992,.T.);
#1562=FACE_OUTER_BOUND('',#1993,.T.);
#1563=FACE_OUTER_BOUND('',#1994,.T.);
#1564=FACE_OUTER_BOUND('',#1995,.T.);
#1565=FACE_OUTER_BOUND('',#1997,.T.);
#1566=FACE_OUTER_BOUND('',#1998,.T.);
#1567=FACE_OUTER_BOUND('',#1999,.T.);
#1568=FACE_OUTER_BOUND('',#2000,.T.);
#1569=FACE_OUTER_BOUND('',#2002,.T.);
#1570=FACE_OUTER_BOUND('',#2003,.T.);
#1571=FACE_OUTER_BOUND('',#2004,.T.);
#1572=FACE_OUTER_BOUND('',#2006,.T.);
#1573=FACE_OUTER_BOUND('',#2007,.T.);
#1574=FACE_OUTER_BOUND('',#2008,.T.);
#1575=FACE_OUTER_BOUND('',#2009,.T.);
#1576=FACE_OUTER_BOUND('',#2011,.T.);
#1577=FACE_OUTER_BOUND('',#2012,.T.);
#1578=FACE_OUTER_BOUND('',#2013,.T.);
#1579=FACE_OUTER_BOUND('',#2014,.T.);
#1580=FACE_OUTER_BOUND('',#2015,.T.);
#1581=FACE_OUTER_BOUND('',#2016,.T.);
#1582=FACE_OUTER_BOUND('',#2018,.T.);
#1583=FACE_OUTER_BOUND('',#2019,.T.);
#1584=FACE_OUTER_BOUND('',#2021,.T.);
#1585=FACE_OUTER_BOUND('',#2022,.T.);
#1586=FACE_OUTER_BOUND('',#2024,.T.);
#1587=FACE_OUTER_BOUND('',#2025,.T.);
#1588=FACE_OUTER_BOUND('',#2026,.T.);
#1589=FACE_OUTER_BOUND('',#2027,.T.);
#1590=FACE_OUTER_BOUND('',#2028,.T.);
#1591=FACE_OUTER_BOUND('',#2030,.T.);
#1592=FACE_OUTER_BOUND('',#2031,.T.);
#1593=FACE_OUTER_BOUND('',#2033,.T.);
#1594=FACE_OUTER_BOUND('',#2034,.T.);
#1595=FACE_OUTER_BOUND('',#2035,.T.);
#1596=FACE_OUTER_BOUND('',#2037,.T.);
#1597=FACE_OUTER_BOUND('',#2038,.T.);
#1598=FACE_OUTER_BOUND('',#2039,.T.);
#1599=FACE_OUTER_BOUND('',#2042,.T.);
#1600=FACE_OUTER_BOUND('',#2043,.T.);
#1601=FACE_OUTER_BOUND('',#2044,.T.);
#1602=FACE_OUTER_BOUND('',#2045,.T.);
#1603=FACE_OUTER_BOUND('',#2046,.T.);
#1604=FACE_OUTER_BOUND('',#2047,.T.);
#1605=FACE_OUTER_BOUND('',#2048,.T.);
#1606=FACE_OUTER_BOUND('',#2049,.T.);
#1607=FACE_OUTER_BOUND('',#2050,.T.);
#1608=FACE_OUTER_BOUND('',#2051,.T.);
#1609=FACE_OUTER_BOUND('',#2052,.T.);
#1610=FACE_OUTER_BOUND('',#2053,.T.);
#1611=FACE_OUTER_BOUND('',#2054,.T.);
#1612=FACE_OUTER_BOUND('',#2055,.T.);
#1613=FACE_OUTER_BOUND('',#2056,.T.);
#1614=FACE_OUTER_BOUND('',#2057,.T.);
#1615=FACE_OUTER_BOUND('',#2058,.T.);
#1616=FACE_OUTER_BOUND('',#2059,.T.);
#1617=FACE_OUTER_BOUND('',#2060,.T.);
#1618=FACE_OUTER_BOUND('',#2061,.T.);
#1619=FACE_OUTER_BOUND('',#2062,.T.);
#1620=FACE_OUTER_BOUND('',#2063,.T.);
#1621=FACE_OUTER_BOUND('',#2064,.T.);
#1622=FACE_OUTER_BOUND('',#2065,.T.);
#1623=FACE_OUTER_BOUND('',#2066,.T.);
#1624=FACE_OUTER_BOUND('',#2067,.T.);
#1625=FACE_OUTER_BOUND('',#2068,.T.);
#1626=FACE_OUTER_BOUND('',#2069,.T.);
#1627=FACE_OUTER_BOUND('',#2071,.T.);
#1628=FACE_OUTER_BOUND('',#2072,.T.);
#1629=FACE_OUTER_BOUND('',#2073,.T.);
#1630=FACE_OUTER_BOUND('',#2074,.T.);
#1631=FACE_OUTER_BOUND('',#2075,.T.);
#1632=FACE_OUTER_BOUND('',#2076,.T.);
#1633=FACE_OUTER_BOUND('',#2077,.T.);
#1634=FACE_OUTER_BOUND('',#2078,.T.);
#1635=FACE_OUTER_BOUND('',#2079,.T.);
#1636=FACE_OUTER_BOUND('',#2080,.T.);
#1637=FACE_OUTER_BOUND('',#2081,.T.);
#1638=FACE_OUTER_BOUND('',#2082,.T.);
#1639=FACE_OUTER_BOUND('',#2083,.T.);
#1640=FACE_OUTER_BOUND('',#2084,.T.);
#1641=FACE_OUTER_BOUND('',#2085,.T.);
#1642=FACE_OUTER_BOUND('',#2086,.T.);
#1643=FACE_OUTER_BOUND('',#2087,.T.);
#1644=FACE_OUTER_BOUND('',#2088,.T.);
#1645=FACE_OUTER_BOUND('',#2089,.T.);
#1646=FACE_OUTER_BOUND('',#2090,.T.);
#1647=FACE_OUTER_BOUND('',#2091,.T.);
#1648=FACE_OUTER_BOUND('',#2092,.T.);
#1649=FACE_OUTER_BOUND('',#2093,.T.);
#1650=FACE_OUTER_BOUND('',#2094,.T.);
#1651=FACE_OUTER_BOUND('',#2095,.T.);
#1652=FACE_OUTER_BOUND('',#2097,.T.);
#1653=FACE_OUTER_BOUND('',#2098,.T.);
#1654=FACE_OUTER_BOUND('',#2099,.T.);
#1655=FACE_OUTER_BOUND('',#2100,.T.);
#1656=FACE_OUTER_BOUND('',#2101,.T.);
#1657=FACE_OUTER_BOUND('',#2102,.T.);
#1658=FACE_OUTER_BOUND('',#2103,.T.);
#1659=FACE_OUTER_BOUND('',#2104,.T.);
#1660=FACE_OUTER_BOUND('',#2105,.T.);
#1661=FACE_OUTER_BOUND('',#2107,.T.);
#1662=FACE_OUTER_BOUND('',#2109,.T.);
#1663=FACE_OUTER_BOUND('',#2110,.T.);
#1664=FACE_OUTER_BOUND('',#2111,.T.);
#1665=FACE_OUTER_BOUND('',#2112,.T.);
#1666=FACE_OUTER_BOUND('',#2113,.T.);
#1667=FACE_OUTER_BOUND('',#2114,.T.);
#1668=FACE_OUTER_BOUND('',#2115,.T.);
#1669=FACE_OUTER_BOUND('',#2116,.T.);
#1670=FACE_OUTER_BOUND('',#2117,.T.);
#1671=FACE_OUTER_BOUND('',#2119,.T.);
#1672=FACE_OUTER_BOUND('',#2121,.T.);
#1673=FACE_OUTER_BOUND('',#2123,.T.);
#1674=FACE_OUTER_BOUND('',#2125,.T.);
#1675=FACE_OUTER_BOUND('',#2126,.T.);
#1676=FACE_OUTER_BOUND('',#2127,.T.);
#1677=FACE_OUTER_BOUND('',#2128,.T.);
#1678=FACE_OUTER_BOUND('',#2130,.T.);
#1679=FACE_OUTER_BOUND('',#2131,.T.);
#1680=FACE_OUTER_BOUND('',#2133,.T.);
#1681=FACE_OUTER_BOUND('',#2134,.T.);
#1682=FACE_OUTER_BOUND('',#2135,.T.);
#1683=FACE_OUTER_BOUND('',#2136,.T.);
#1684=FACE_OUTER_BOUND('',#2137,.T.);
#1685=FACE_OUTER_BOUND('',#2138,.T.);
#1686=FACE_OUTER_BOUND('',#2139,.T.);
#1687=FACE_OUTER_BOUND('',#2141,.T.);
#1688=FACE_OUTER_BOUND('',#2143,.T.);
#1689=FACE_OUTER_BOUND('',#2145,.T.);
#1690=FACE_OUTER_BOUND('',#2146,.T.);
#1691=FACE_OUTER_BOUND('',#2147,.T.);
#1692=FACE_OUTER_BOUND('',#2148,.T.);
#1693=FACE_OUTER_BOUND('',#2149,.T.);
#1694=FACE_OUTER_BOUND('',#2150,.T.);
#1695=FACE_OUTER_BOUND('',#2151,.T.);
#1696=FACE_OUTER_BOUND('',#2152,.T.);
#1697=FACE_OUTER_BOUND('',#2153,.T.);
#1698=FACE_OUTER_BOUND('',#2155,.T.);
#1699=FACE_OUTER_BOUND('',#2156,.T.);
#1700=FACE_OUTER_BOUND('',#2158,.T.);
#1701=FACE_OUTER_BOUND('',#2159,.T.);
#1702=FACE_OUTER_BOUND('',#2160,.T.);
#1703=FACE_OUTER_BOUND('',#2161,.T.);
#1704=FACE_OUTER_BOUND('',#2162,.T.);
#1705=FACE_OUTER_BOUND('',#2163,.T.);
#1706=FACE_OUTER_BOUND('',#2164,.T.);
#1707=FACE_OUTER_BOUND('',#2166,.T.);
#1708=FACE_OUTER_BOUND('',#2168,.T.);
#1709=FACE_OUTER_BOUND('',#2170,.T.);
#1710=FACE_OUTER_BOUND('',#2171,.T.);
#1711=FACE_OUTER_BOUND('',#2172,.T.);
#1712=FACE_OUTER_BOUND('',#2173,.T.);
#1713=FACE_OUTER_BOUND('',#2174,.T.);
#1714=FACE_OUTER_BOUND('',#2175,.T.);
#1715=FACE_OUTER_BOUND('',#2176,.T.);
#1716=FACE_OUTER_BOUND('',#2177,.T.);
#1717=FACE_OUTER_BOUND('',#2178,.T.);
#1718=FACE_OUTER_BOUND('',#2179,.T.);
#1719=FACE_OUTER_BOUND('',#2180,.T.);
#1720=FACE_OUTER_BOUND('',#2181,.T.);
#1721=FACE_OUTER_BOUND('',#2182,.T.);
#1722=FACE_OUTER_BOUND('',#2183,.T.);
#1723=FACE_OUTER_BOUND('',#2184,.T.);
#1724=FACE_OUTER_BOUND('',#2185,.T.);
#1725=FACE_OUTER_BOUND('',#2186,.T.);
#1726=FACE_OUTER_BOUND('',#2187,.T.);
#1727=FACE_OUTER_BOUND('',#2188,.T.);
#1728=FACE_OUTER_BOUND('',#2189,.T.);
#1729=FACE_OUTER_BOUND('',#2190,.T.);
#1730=FACE_OUTER_BOUND('',#2191,.T.);
#1731=FACE_OUTER_BOUND('',#2192,.T.);
#1732=FACE_OUTER_BOUND('',#2193,.T.);
#1733=FACE_OUTER_BOUND('',#2194,.T.);
#1734=FACE_OUTER_BOUND('',#2195,.T.);
#1735=FACE_OUTER_BOUND('',#2196,.T.);
#1736=FACE_OUTER_BOUND('',#2197,.T.);
#1737=FACE_OUTER_BOUND('',#2198,.T.);
#1738=FACE_OUTER_BOUND('',#2199,.T.);
#1739=FACE_OUTER_BOUND('',#2200,.T.);
#1740=FACE_OUTER_BOUND('',#2201,.T.);
#1741=FACE_OUTER_BOUND('',#2202,.T.);
#1742=FACE_OUTER_BOUND('',#2203,.T.);
#1743=FACE_OUTER_BOUND('',#2204,.T.);
#1744=FACE_OUTER_BOUND('',#2205,.T.);
#1745=FACE_OUTER_BOUND('',#2206,.T.);
#1746=FACE_OUTER_BOUND('',#2207,.T.);
#1747=FACE_OUTER_BOUND('',#2208,.T.);
#1748=FACE_OUTER_BOUND('',#2209,.T.);
#1749=FACE_OUTER_BOUND('',#2210,.T.);
#1750=FACE_OUTER_BOUND('',#2211,.T.);
#1751=FACE_OUTER_BOUND('',#2212,.T.);
#1752=FACE_OUTER_BOUND('',#2213,.T.);
#1753=FACE_OUTER_BOUND('',#2214,.T.);
#1754=FACE_OUTER_BOUND('',#2215,.T.);
#1755=FACE_OUTER_BOUND('',#2216,.T.);
#1756=FACE_OUTER_BOUND('',#2217,.T.);
#1757=FACE_OUTER_BOUND('',#2218,.T.);
#1758=FACE_OUTER_BOUND('',#2219,.T.);
#1759=FACE_OUTER_BOUND('',#2220,.T.);
#1760=FACE_OUTER_BOUND('',#2221,.T.);
#1761=FACE_OUTER_BOUND('',#2222,.T.);
#1762=FACE_OUTER_BOUND('',#2223,.T.);
#1763=FACE_OUTER_BOUND('',#2224,.T.);
#1764=FACE_OUTER_BOUND('',#2225,.T.);
#1765=FACE_OUTER_BOUND('',#2226,.T.);
#1766=FACE_OUTER_BOUND('',#2227,.T.);
#1767=FACE_OUTER_BOUND('',#2228,.T.);
#1768=FACE_OUTER_BOUND('',#2229,.T.);
#1769=FACE_OUTER_BOUND('',#2230,.T.);
#1770=FACE_OUTER_BOUND('',#2231,.T.);
#1771=FACE_OUTER_BOUND('',#2232,.T.);
#1772=FACE_OUTER_BOUND('',#2233,.T.);
#1773=FACE_OUTER_BOUND('',#2234,.T.);
#1774=FACE_OUTER_BOUND('',#2235,.T.);
#1775=FACE_OUTER_BOUND('',#2236,.T.);
#1776=FACE_OUTER_BOUND('',#2237,.T.);
#1777=FACE_OUTER_BOUND('',#2238,.T.);
#1778=FACE_OUTER_BOUND('',#2239,.T.);
#1779=FACE_OUTER_BOUND('',#2240,.T.);
#1780=FACE_OUTER_BOUND('',#2241,.T.);
#1781=FACE_OUTER_BOUND('',#2242,.T.);
#1782=FACE_OUTER_BOUND('',#2243,.T.);
#1783=FACE_OUTER_BOUND('',#2244,.T.);
#1784=FACE_OUTER_BOUND('',#2245,.T.);
#1785=FACE_OUTER_BOUND('',#2246,.T.);
#1786=FACE_OUTER_BOUND('',#2247,.T.);
#1787=FACE_OUTER_BOUND('',#2248,.T.);
#1788=FACE_OUTER_BOUND('',#2249,.T.);
#1789=EDGE_LOOP('',(#4160,#4161,#4162,#4163));
#1790=EDGE_LOOP('',(#4164,#4165,#4166,#4167));
#1791=EDGE_LOOP('',(#4168,#4169,#4170,#4171));
#1792=EDGE_LOOP('',(#4172,#4173,#4174,#4175));
#1793=EDGE_LOOP('',(#4176,#4177,#4178,#4179));
#1794=EDGE_LOOP('',(#4180,#4181,#4182,#4183));
#1795=EDGE_LOOP('',(#4184,#4185,#4186,#4187));
#1796=EDGE_LOOP('',(#4188,#4189,#4190,#4191));
#1797=EDGE_LOOP('',(#4192,#4193,#4194,#4195));
#1798=EDGE_LOOP('',(#4196,#4197,#4198,#4199));
#1799=EDGE_LOOP('',(#4200,#4201,#4202,#4203));
#1800=EDGE_LOOP('',(#4204,#4205,#4206,#4207));
#1801=EDGE_LOOP('',(#4208,#4209,#4210,#4211,#4212,#4213,#4214,#4215));
#1802=EDGE_LOOP('',(#4216));
#1803=EDGE_LOOP('',(#4217));
#1804=EDGE_LOOP('',(#4218));
#1805=EDGE_LOOP('',(#4219));
#1806=EDGE_LOOP('',(#4220));
#1807=EDGE_LOOP('',(#4221));
#1808=EDGE_LOOP('',(#4222));
#1809=EDGE_LOOP('',(#4223));
#1810=EDGE_LOOP('',(#4224));
#1811=EDGE_LOOP('',(#4225,#4226,#4227,#4228));
#1812=EDGE_LOOP('',(#4229,#4230,#4231,#4232));
#1813=EDGE_LOOP('',(#4233,#4234,#4235,#4236));
#1814=EDGE_LOOP('',(#4237,#4238,#4239,#4240));
#1815=EDGE_LOOP('',(#4241,#4242,#4243,#4244));
#1816=EDGE_LOOP('',(#4245,#4246,#4247,#4248));
#1817=EDGE_LOOP('',(#4249,#4250,#4251,#4252));
#1818=EDGE_LOOP('',(#4253,#4254,#4255,#4256));
#1819=EDGE_LOOP('',(#4257,#4258,#4259,#4260));
#1820=EDGE_LOOP('',(#4261,#4262,#4263,#4264));
#1821=EDGE_LOOP('',(#4265,#4266,#4267,#4268));
#1822=EDGE_LOOP('',(#4269,#4270,#4271,#4272,#4273,#4274,#4275,#4276));
#1823=EDGE_LOOP('',(#4277));
#1824=EDGE_LOOP('',(#4278));
#1825=EDGE_LOOP('',(#4279));
#1826=EDGE_LOOP('',(#4280));
#1827=EDGE_LOOP('',(#4281));
#1828=EDGE_LOOP('',(#4282));
#1829=EDGE_LOOP('',(#4283));
#1830=EDGE_LOOP('',(#4284));
#1831=EDGE_LOOP('',(#4285));
#1832=EDGE_LOOP('',(#4286));
#1833=EDGE_LOOP('',(#4287));
#1834=EDGE_LOOP('',(#4288));
#1835=EDGE_LOOP('',(#4289));
#1836=EDGE_LOOP('',(#4290));
#1837=EDGE_LOOP('',(#4291));
#1838=EDGE_LOOP('',(#4292));
#1839=EDGE_LOOP('',(#4293));
#1840=EDGE_LOOP('',(#4294));
#1841=EDGE_LOOP('',(#4295));
#1842=EDGE_LOOP('',(#4296));
#1843=EDGE_LOOP('',(#4297));
#1844=EDGE_LOOP('',(#4298,#4299,#4300,#4301,#4302));
#1845=EDGE_LOOP('',(#4303,#4304,#4305,#4306,#4307));
#1846=EDGE_LOOP('',(#4308,#4309,#4310,#4311,#4312));
#1847=EDGE_LOOP('',(#4313,#4314,#4315,#4316,#4317));
#1848=EDGE_LOOP('',(#4318,#4319,#4320,#4321,#4322));
#1849=EDGE_LOOP('',(#4323,#4324,#4325,#4326,#4327));
#1850=EDGE_LOOP('',(#4328,#4329,#4330,#4331,#4332));
#1851=EDGE_LOOP('',(#4333,#4334,#4335,#4336,#4337));
#1852=EDGE_LOOP('',(#4338,#4339,#4340,#4341,#4342));
#1853=EDGE_LOOP('',(#4343,#4344,#4345,#4346,#4347));
#1854=EDGE_LOOP('',(#4348,#4349,#4350,#4351,#4352));
#1855=EDGE_LOOP('',(#4353,#4354,#4355,#4356,#4357));
#1856=EDGE_LOOP('',(#4358,#4359,#4360,#4361,#4362));
#1857=EDGE_LOOP('',(#4363,#4364,#4365,#4366,#4367));
#1858=EDGE_LOOP('',(#4368,#4369,#4370,#4371,#4372));
#1859=EDGE_LOOP('',(#4373,#4374,#4375,#4376,#4377));
#1860=EDGE_LOOP('',(#4378,#4379,#4380,#4381));
#1861=EDGE_LOOP('',(#4382,#4383,#4384,#4385));
#1862=EDGE_LOOP('',(#4386,#4387,#4388,#4389));
#1863=EDGE_LOOP('',(#4390,#4391,#4392,#4393));
#1864=EDGE_LOOP('',(#4394,#4395,#4396,#4397));
#1865=EDGE_LOOP('',(#4398,#4399,#4400,#4401));
#1866=EDGE_LOOP('',(#4402,#4403,#4404,#4405));
#1867=EDGE_LOOP('',(#4406,#4407,#4408,#4409));
#1868=EDGE_LOOP('',(#4410,#4411,#4412,#4413));
#1869=EDGE_LOOP('',(#4414,#4415,#4416,#4417,#4418));
#1870=EDGE_LOOP('',(#4419,#4420,#4421,#4422,#4423));
#1871=EDGE_LOOP('',(#4424,#4425,#4426,#4427));
#1872=EDGE_LOOP('',(#4428,#4429,#4430,#4431));
#1873=EDGE_LOOP('',(#4432));
#1874=EDGE_LOOP('',(#4433,#4434,#4435,#4436));
#1875=EDGE_LOOP('',(#4437));
#1876=EDGE_LOOP('',(#4438,#4439,#4440,#4441));
#1877=EDGE_LOOP('',(#4442));
#1878=EDGE_LOOP('',(#4443,#4444,#4445,#4446));
#1879=EDGE_LOOP('',(#4447));
#1880=EDGE_LOOP('',(#4448,#4449,#4450,#4451));
#1881=EDGE_LOOP('',(#4452));
#1882=EDGE_LOOP('',(#4453,#4454,#4455,#4456));
#1883=EDGE_LOOP('',(#4457));
#1884=EDGE_LOOP('',(#4458,#4459,#4460,#4461));
#1885=EDGE_LOOP('',(#4462));
#1886=EDGE_LOOP('',(#4463,#4464,#4465,#4466));
#1887=EDGE_LOOP('',(#4467));
#1888=EDGE_LOOP('',(#4468,#4469,#4470,#4471));
#1889=EDGE_LOOP('',(#4472));
#1890=EDGE_LOOP('',(#4473,#4474,#4475,#4476));
#1891=EDGE_LOOP('',(#4477));
#1892=EDGE_LOOP('',(#4478,#4479,#4480,#4481));
#1893=EDGE_LOOP('',(#4482));
#1894=EDGE_LOOP('',(#4483,#4484,#4485,#4486));
#1895=EDGE_LOOP('',(#4487));
#1896=EDGE_LOOP('',(#4488,#4489,#4490,#4491));
#1897=EDGE_LOOP('',(#4492,#4493,#4494,#4495));
#1898=EDGE_LOOP('',(#4496,#4497,#4498,#4499,#4500,#4501));
#1899=EDGE_LOOP('',(#4502,#4503,#4504,#4505,#4506));
#1900=EDGE_LOOP('',(#4507,#4508,#4509,#4510,#4511));
#1901=EDGE_LOOP('',(#4512,#4513,#4514,#4515,#4516));
#1902=EDGE_LOOP('',(#4517,#4518,#4519,#4520));
#1903=EDGE_LOOP('',(#4521,#4522,#4523,#4524));
#1904=EDGE_LOOP('',(#4525,#4526,#4527,#4528));
#1905=EDGE_LOOP('',(#4529,#4530,#4531,#4532));
#1906=EDGE_LOOP('',(#4533,#4534,#4535,#4536));
#1907=EDGE_LOOP('',(#4537,#4538,#4539,#4540));
#1908=EDGE_LOOP('',(#4541,#4542,#4543,#4544));
#1909=EDGE_LOOP('',(#4545,#4546,#4547,#4548));
#1910=EDGE_LOOP('',(#4549,#4550,#4551,#4552));
#1911=EDGE_LOOP('',(#4553));
#1912=EDGE_LOOP('',(#4554));
#1913=EDGE_LOOP('',(#4555,#4556,#4557,#4558));
#1914=EDGE_LOOP('',(#4559,#4560,#4561,#4562));
#1915=EDGE_LOOP('',(#4563));
#1916=EDGE_LOOP('',(#4564,#4565,#4566,#4567));
#1917=EDGE_LOOP('',(#4568,#4569,#4570,#4571,#4572,#4573,#4574,#4575));
#1918=EDGE_LOOP('',(#4576));
#1919=EDGE_LOOP('',(#4577));
#1920=EDGE_LOOP('',(#4578,#4579,#4580,#4581));
#1921=EDGE_LOOP('',(#4582,#4583,#4584,#4585));
#1922=EDGE_LOOP('',(#4586,#4587,#4588,#4589));
#1923=EDGE_LOOP('',(#4590,#4591,#4592,#4593));
#1924=EDGE_LOOP('',(#4594,#4595,#4596,#4597));
#1925=EDGE_LOOP('',(#4598,#4599,#4600,#4601));
#1926=EDGE_LOOP('',(#4602,#4603,#4604,#4605));
#1927=EDGE_LOOP('',(#4606,#4607,#4608,#4609));
#1928=EDGE_LOOP('',(#4610,#4611,#4612,#4613));
#1929=EDGE_LOOP('',(#4614,#4615,#4616,#4617));
#1930=EDGE_LOOP('',(#4618));
#1931=EDGE_LOOP('',(#4619,#4620,#4621,#4622));
#1932=EDGE_LOOP('',(#4623,#4624,#4625,#4626,#4627,#4628,#4629,#4630));
#1933=EDGE_LOOP('',(#4631));
#1934=EDGE_LOOP('',(#4632));
#1935=EDGE_LOOP('',(#4633));
#1936=EDGE_LOOP('',(#4634));
#1937=EDGE_LOOP('',(#4635));
#1938=EDGE_LOOP('',(#4636));
#1939=EDGE_LOOP('',(#4637));
#1940=EDGE_LOOP('',(#4638));
#1941=EDGE_LOOP('',(#4639,#4640,#4641,#4642,#4643));
#1942=EDGE_LOOP('',(#4644,#4645,#4646,#4647,#4648));
#1943=EDGE_LOOP('',(#4649,#4650,#4651,#4652));
#1944=EDGE_LOOP('',(#4653,#4654,#4655,#4656));
#1945=EDGE_LOOP('',(#4657,#4658,#4659,#4660,#4661));
#1946=EDGE_LOOP('',(#4662,#4663,#4664,#4665,#4666));
#1947=EDGE_LOOP('',(#4667,#4668,#4669,#4670));
#1948=EDGE_LOOP('',(#4671));
#1949=EDGE_LOOP('',(#4672));
#1950=EDGE_LOOP('',(#4673,#4674,#4675,#4676));
#1951=EDGE_LOOP('',(#4677,#4678));
#1952=EDGE_LOOP('',(#4679));
#1953=EDGE_LOOP('',(#4680,#4681,#4682,#4683,#4684,#4685,#4686,#4687,#4688));
#1954=EDGE_LOOP('',(#4689));
#1955=EDGE_LOOP('',(#4690,#4691,#4692,#4693));
#1956=EDGE_LOOP('',(#4694));
#1957=EDGE_LOOP('',(#4695));
#1958=EDGE_LOOP('',(#4696,#4697,#4698,#4699));
#1959=EDGE_LOOP('',(#4700,#4701));
#1960=EDGE_LOOP('',(#4702));
#1961=EDGE_LOOP('',(#4703,#4704,#4705,#4706));
#1962=EDGE_LOOP('',(#4707,#4708));
#1963=EDGE_LOOP('',(#4709));
#1964=EDGE_LOOP('',(#4710,#4711,#4712,#4713));
#1965=EDGE_LOOP('',(#4714));
#1966=EDGE_LOOP('',(#4715));
#1967=EDGE_LOOP('',(#4716,#4717,#4718,#4719));
#1968=EDGE_LOOP('',(#4720,#4721,#4722,#4723));
#1969=EDGE_LOOP('',(#4724));
#1970=EDGE_LOOP('',(#4725));
#1971=EDGE_LOOP('',(#4726));
#1972=EDGE_LOOP('',(#4727));
#1973=EDGE_LOOP('',(#4728,#4729,#4730,#4731,#4732));
#1974=EDGE_LOOP('',(#4733,#4734,#4735,#4736,#4737));
#1975=EDGE_LOOP('',(#4738,#4739,#4740,#4741));
#1976=EDGE_LOOP('',(#4742,#4743,#4744,#4745));
#1977=EDGE_LOOP('',(#4746,#4747,#4748,#4749));
#1978=EDGE_LOOP('',(#4750,#4751,#4752,#4753));
#1979=EDGE_LOOP('',(#4754,#4755,#4756,#4757));
#1980=EDGE_LOOP('',(#4758,#4759,#4760,#4761));
#1981=EDGE_LOOP('',(#4762,#4763,#4764,#4765));
#1982=EDGE_LOOP('',(#4766,#4767,#4768,#4769,#4770));
#1983=EDGE_LOOP('',(#4771,#4772,#4773,#4774,#4775));
#1984=EDGE_LOOP('',(#4776,#4777,#4778,#4779));
#1985=EDGE_LOOP('',(#4780,#4781,#4782,#4783));
#1986=EDGE_LOOP('',(#4784,#4785,#4786,#4787));
#1987=EDGE_LOOP('',(#4788,#4789,#4790,#4791));
#1988=EDGE_LOOP('',(#4792,#4793,#4794,#4795));
#1989=EDGE_LOOP('',(#4796,#4797,#4798));
#1990=EDGE_LOOP('',(#4799,#4800,#4801));
#1991=EDGE_LOOP('',(#4802,#4803,#4804,#4805,#4806));
#1992=EDGE_LOOP('',(#4807,#4808,#4809,#4810));
#1993=EDGE_LOOP('',(#4811,#4812,#4813,#4814,#4815));
#1994=EDGE_LOOP('',(#4816,#4817,#4818,#4819,#4820));
#1995=EDGE_LOOP('',(#4821,#4822,#4823,#4824));
#1996=EDGE_LOOP('',(#4825));
#1997=EDGE_LOOP('',(#4826,#4827,#4828,#4829,#4830));
#1998=EDGE_LOOP('',(#4831,#4832,#4833,#4834,#4835));
#1999=EDGE_LOOP('',(#4836,#4837,#4838,#4839,#4840));
#2000=EDGE_LOOP('',(#4841));
#2001=EDGE_LOOP('',(#4842));
#2002=EDGE_LOOP('',(#4843,#4844,#4845,#4846,#4847));
#2003=EDGE_LOOP('',(#4848,#4849,#4850,#4851,#4852));
#2004=EDGE_LOOP('',(#4853));
#2005=EDGE_LOOP('',(#4854));
#2006=EDGE_LOOP('',(#4855,#4856,#4857,#4858,#4859,#4860));
#2007=EDGE_LOOP('',(#4861,#4862,#4863,#4864,#4865,#4866,#4867,#4868));
#2008=EDGE_LOOP('',(#4869,#4870,#4871,#4872,#4873));
#2009=EDGE_LOOP('',(#4874,#4875,#4876,#4877,#4878,#4879));
#2010=EDGE_LOOP('',(#4880));
#2011=EDGE_LOOP('',(#4881,#4882,#4883,#4884,#4885));
#2012=EDGE_LOOP('',(#4886,#4887,#4888,#4889));
#2013=EDGE_LOOP('',(#4890,#4891,#4892,#4893));
#2014=EDGE_LOOP('',(#4894,#4895,#4896,#4897));
#2015=EDGE_LOOP('',(#4898,#4899,#4900,#4901));
#2016=EDGE_LOOP('',(#4902));
#2017=EDGE_LOOP('',(#4903));
#2018=EDGE_LOOP('',(#4904,#4905,#4906,#4907));
#2019=EDGE_LOOP('',(#4908));
#2020=EDGE_LOOP('',(#4909));
#2021=EDGE_LOOP('',(#4910,#4911,#4912,#4913));
#2022=EDGE_LOOP('',(#4914));
#2023=EDGE_LOOP('',(#4915));
#2024=EDGE_LOOP('',(#4916,#4917,#4918,#4919));
#2025=EDGE_LOOP('',(#4920,#4921,#4922,#4923));
#2026=EDGE_LOOP('',(#4924,#4925,#4926,#4927));
#2027=EDGE_LOOP('',(#4928,#4929,#4930,#4931));
#2028=EDGE_LOOP('',(#4932));
#2029=EDGE_LOOP('',(#4933,#4934,#4935,#4936,#4937));
#2030=EDGE_LOOP('',(#4938,#4939,#4940,#4941,#4942));
#2031=EDGE_LOOP('',(#4943));
#2032=EDGE_LOOP('',(#4944,#4945,#4946,#4947));
#2033=EDGE_LOOP('',(#4948,#4949,#4950,#4951,#4952,#4953,#4954,#4955));
#2034=EDGE_LOOP('',(#4956,#4957,#4958,#4959));
#2035=EDGE_LOOP('',(#4960));
#2036=EDGE_LOOP('',(#4961));
#2037=EDGE_LOOP('',(#4962,#4963,#4964,#4965));
#2038=EDGE_LOOP('',(#4966,#4967,#4968,#4969,#4970));
#2039=EDGE_LOOP('',(#4971));
#2040=EDGE_LOOP('',(#4972));
#2041=EDGE_LOOP('',(#4973));
#2042=EDGE_LOOP('',(#4974,#4975,#4976,#4977,#4978));
#2043=EDGE_LOOP('',(#4979,#4980,#4981,#4982,#4983));
#2044=EDGE_LOOP('',(#4984,#4985,#4986,#4987,#4988));
#2045=EDGE_LOOP('',(#4989,#4990,#4991,#4992,#4993));
#2046=EDGE_LOOP('',(#4994,#4995,#4996,#4997));
#2047=EDGE_LOOP('',(#4998,#4999,#5000,#5001));
#2048=EDGE_LOOP('',(#5002,#5003,#5004,#5005,#5006,#5007));
#2049=EDGE_LOOP('',(#5008,#5009,#5010,#5011));
#2050=EDGE_LOOP('',(#5012,#5013,#5014,#5015));
#2051=EDGE_LOOP('',(#5016,#5017,#5018,#5019,#5020,#5021));
#2052=EDGE_LOOP('',(#5022,#5023,#5024,#5025,#5026));
#2053=EDGE_LOOP('',(#5027,#5028,#5029,#5030,#5031));
#2054=EDGE_LOOP('',(#5032,#5033,#5034,#5035));
#2055=EDGE_LOOP('',(#5036,#5037,#5038,#5039,#5040,#5041,#5042,#5043));
#2056=EDGE_LOOP('',(#5044,#5045,#5046,#5047,#5048));
#2057=EDGE_LOOP('',(#5049,#5050,#5051,#5052));
#2058=EDGE_LOOP('',(#5053,#5054,#5055,#5056));
#2059=EDGE_LOOP('',(#5057,#5058,#5059,#5060));
#2060=EDGE_LOOP('',(#5061,#5062,#5063,#5064));
#2061=EDGE_LOOP('',(#5065,#5066,#5067,#5068));
#2062=EDGE_LOOP('',(#5069,#5070,#5071,#5072));
#2063=EDGE_LOOP('',(#5073,#5074,#5075,#5076));
#2064=EDGE_LOOP('',(#5077,#5078,#5079,#5080,#5081));
#2065=EDGE_LOOP('',(#5082,#5083,#5084,#5085));
#2066=EDGE_LOOP('',(#5086,#5087,#5088,#5089));
#2067=EDGE_LOOP('',(#5090,#5091,#5092,#5093,#5094));
#2068=EDGE_LOOP('',(#5095,#5096,#5097,#5098));
#2069=EDGE_LOOP('',(#5099));
#2070=EDGE_LOOP('',(#5100));
#2071=EDGE_LOOP('',(#5101,#5102,#5103,#5104));
#2072=EDGE_LOOP('',(#5105,#5106,#5107,#5108));
#2073=EDGE_LOOP('',(#5109,#5110,#5111,#5112));
#2074=EDGE_LOOP('',(#5113,#5114,#5115,#5116));
#2075=EDGE_LOOP('',(#5117,#5118,#5119,#5120));
#2076=EDGE_LOOP('',(#5121,#5122,#5123,#5124));
#2077=EDGE_LOOP('',(#5125,#5126,#5127,#5128,#5129,#5130));
#2078=EDGE_LOOP('',(#5131,#5132,#5133,#5134));
#2079=EDGE_LOOP('',(#5135,#5136,#5137,#5138,#5139,#5140));
#2080=EDGE_LOOP('',(#5141,#5142,#5143,#5144));
#2081=EDGE_LOOP('',(#5145,#5146,#5147,#5148,#5149,#5150));
#2082=EDGE_LOOP('',(#5151,#5152,#5153,#5154,#5155,#5156));
#2083=EDGE_LOOP('',(#5157,#5158,#5159,#5160));
#2084=EDGE_LOOP('',(#5161,#5162,#5163,#5164));
#2085=EDGE_LOOP('',(#5165,#5166,#5167,#5168));
#2086=EDGE_LOOP('',(#5169,#5170,#5171,#5172));
#2087=EDGE_LOOP('',(#5173,#5174,#5175,#5176));
#2088=EDGE_LOOP('',(#5177,#5178,#5179,#5180));
#2089=EDGE_LOOP('',(#5181,#5182,#5183,#5184));
#2090=EDGE_LOOP('',(#5185,#5186,#5187,#5188,#5189,#5190));
#2091=EDGE_LOOP('',(#5191,#5192,#5193,#5194));
#2092=EDGE_LOOP('',(#5195,#5196,#5197,#5198,#5199,#5200));
#2093=EDGE_LOOP('',(#5201,#5202,#5203,#5204));
#2094=EDGE_LOOP('',(#5205,#5206,#5207,#5208));
#2095=EDGE_LOOP('',(#5209,#5210,#5211,#5212,#5213,#5214));
#2096=EDGE_LOOP('',(#5215));
#2097=EDGE_LOOP('',(#5216,#5217,#5218,#5219));
#2098=EDGE_LOOP('',(#5220,#5221,#5222,#5223));
#2099=EDGE_LOOP('',(#5224,#5225,#5226,#5227));
#2100=EDGE_LOOP('',(#5228,#5229,#5230,#5231));
#2101=EDGE_LOOP('',(#5232,#5233,#5234,#5235));
#2102=EDGE_LOOP('',(#5236,#5237,#5238,#5239));
#2103=EDGE_LOOP('',(#5240,#5241,#5242,#5243,#5244,#5245));
#2104=EDGE_LOOP('',(#5246));
#2105=EDGE_LOOP('',(#5247));
#2106=EDGE_LOOP('',(#5248,#5249,#5250,#5251,#5252,#5253));
#2107=EDGE_LOOP('',(#5254));
#2108=EDGE_LOOP('',(#5255));
#2109=EDGE_LOOP('',(#5256));
#2110=EDGE_LOOP('',(#5257,#5258,#5259,#5260));
#2111=EDGE_LOOP('',(#5261,#5262,#5263,#5264));
#2112=EDGE_LOOP('',(#5265,#5266,#5267,#5268));
#2113=EDGE_LOOP('',(#5269,#5270,#5271,#5272));
#2114=EDGE_LOOP('',(#5273,#5274,#5275,#5276));
#2115=EDGE_LOOP('',(#5277,#5278,#5279,#5280));
#2116=EDGE_LOOP('',(#5281,#5282,#5283,#5284,#5285,#5286));
#2117=EDGE_LOOP('',(#5287));
#2118=EDGE_LOOP('',(#5288,#5289,#5290,#5291,#5292,#5293));
#2119=EDGE_LOOP('',(#5294));
#2120=EDGE_LOOP('',(#5295,#5296,#5297,#5298,#5299,#5300,#5301,#5302));
#2121=EDGE_LOOP('',(#5303));
#2122=EDGE_LOOP('',(#5304));
#2123=EDGE_LOOP('',(#5305));
#2124=EDGE_LOOP('',(#5306));
#2125=EDGE_LOOP('',(#5307,#5308,#5309,#5310));
#2126=EDGE_LOOP('',(#5311,#5312,#5313,#5314));
#2127=EDGE_LOOP('',(#5315,#5316));
#2128=EDGE_LOOP('',(#5317,#5318,#5319,#5320,#5321,#5322,#5323,#5324,#5325,
#5326,#5327,#5328,#5329,#5330));
#2129=EDGE_LOOP('',(#5331));
#2130=EDGE_LOOP('',(#5332,#5333,#5334,#5335));
#2131=EDGE_LOOP('',(#5336,#5337,#5338,#5339,#5340,#5341,#5342,#5343,#5344,
#5345,#5346,#5347));
#2132=EDGE_LOOP('',(#5348,#5349,#5350));
#2133=EDGE_LOOP('',(#5351,#5352,#5353,#5354));
#2134=EDGE_LOOP('',(#5355,#5356,#5357,#5358));
#2135=EDGE_LOOP('',(#5359,#5360,#5361,#5362));
#2136=EDGE_LOOP('',(#5363,#5364,#5365,#5366));
#2137=EDGE_LOOP('',(#5367,#5368,#5369,#5370));
#2138=EDGE_LOOP('',(#5371,#5372,#5373,#5374));
#2139=EDGE_LOOP('',(#5375,#5376,#5377,#5378,#5379,#5380));
#2140=EDGE_LOOP('',(#5381));
#2141=EDGE_LOOP('',(#5382));
#2142=EDGE_LOOP('',(#5383,#5384,#5385,#5386,#5387,#5388));
#2143=EDGE_LOOP('',(#5389));
#2144=EDGE_LOOP('',(#5390));
#2145=EDGE_LOOP('',(#5391,#5392,#5393,#5394));
#2146=EDGE_LOOP('',(#5395,#5396,#5397,#5398));
#2147=EDGE_LOOP('',(#5399,#5400,#5401,#5402));
#2148=EDGE_LOOP('',(#5403,#5404));
#2149=EDGE_LOOP('',(#5405,#5406,#5407,#5408));
#2150=EDGE_LOOP('',(#5409,#5410,#5411,#5412));
#2151=EDGE_LOOP('',(#5413,#5414,#5415,#5416));
#2152=EDGE_LOOP('',(#5417,#5418));
#2153=EDGE_LOOP('',(#5419,#5420,#5421,#5422,#5423,#5424,#5425,#5426,#5427,
#5428,#5429,#5430,#5431,#5432));
#2154=EDGE_LOOP('',(#5433));
#2155=EDGE_LOOP('',(#5434,#5435,#5436,#5437));
#2156=EDGE_LOOP('',(#5438,#5439,#5440,#5441,#5442,#5443,#5444,#5445,#5446,
#5447,#5448,#5449));
#2157=EDGE_LOOP('',(#5450,#5451,#5452));
#2158=EDGE_LOOP('',(#5453,#5454,#5455,#5456));
#2159=EDGE_LOOP('',(#5457,#5458,#5459,#5460));
#2160=EDGE_LOOP('',(#5461,#5462,#5463,#5464));
#2161=EDGE_LOOP('',(#5465,#5466,#5467,#5468));
#2162=EDGE_LOOP('',(#5469,#5470,#5471,#5472));
#2163=EDGE_LOOP('',(#5473,#5474,#5475,#5476));
#2164=EDGE_LOOP('',(#5477,#5478,#5479,#5480,#5481,#5482));
#2165=EDGE_LOOP('',(#5483,#5484,#5485,#5486,#5487,#5488));
#2166=EDGE_LOOP('',(#5489));
#2167=EDGE_LOOP('',(#5490,#5491,#5492,#5493,#5494,#5495));
#2168=EDGE_LOOP('',(#5496));
#2169=EDGE_LOOP('',(#5497));
#2170=EDGE_LOOP('',(#5498,#5499,#5500,#5501));
#2171=EDGE_LOOP('',(#5502,#5503,#5504,#5505));
#2172=EDGE_LOOP('',(#5506,#5507,#5508,#5509));
#2173=EDGE_LOOP('',(#5510,#5511));
#2174=EDGE_LOOP('',(#5512,#5513,#5514,#5515));
#2175=EDGE_LOOP('',(#5516,#5517,#5518,#5519));
#2176=EDGE_LOOP('',(#5520,#5521,#5522,#5523));
#2177=EDGE_LOOP('',(#5524,#5525,#5526,#5527));
#2178=EDGE_LOOP('',(#5528,#5529,#5530,#5531));
#2179=EDGE_LOOP('',(#5532,#5533,#5534,#5535));
#2180=EDGE_LOOP('',(#5536,#5537,#5538,#5539));
#2181=EDGE_LOOP('',(#5540,#5541,#5542,#5543));
#2182=EDGE_LOOP('',(#5544,#5545,#5546,#5547));
#2183=EDGE_LOOP('',(#5548,#5549,#5550,#5551));
#2184=EDGE_LOOP('',(#5552,#5553,#5554,#5555));
#2185=EDGE_LOOP('',(#5556,#5557,#5558,#5559));
#2186=EDGE_LOOP('',(#5560,#5561,#5562,#5563));
#2187=EDGE_LOOP('',(#5564,#5565,#5566,#5567));
#2188=EDGE_LOOP('',(#5568,#5569,#5570,#5571));
#2189=EDGE_LOOP('',(#5572,#5573,#5574,#5575));
#2190=EDGE_LOOP('',(#5576,#5577,#5578,#5579));
#2191=EDGE_LOOP('',(#5580,#5581,#5582,#5583));
#2192=EDGE_LOOP('',(#5584,#5585,#5586,#5587));
#2193=EDGE_LOOP('',(#5588,#5589,#5590,#5591));
#2194=EDGE_LOOP('',(#5592,#5593,#5594,#5595));
#2195=EDGE_LOOP('',(#5596,#5597,#5598,#5599));
#2196=EDGE_LOOP('',(#5600,#5601,#5602,#5603));
#2197=EDGE_LOOP('',(#5604,#5605,#5606,#5607));
#2198=EDGE_LOOP('',(#5608,#5609,#5610,#5611));
#2199=EDGE_LOOP('',(#5612,#5613,#5614,#5615));
#2200=EDGE_LOOP('',(#5616,#5617,#5618,#5619));
#2201=EDGE_LOOP('',(#5620,#5621,#5622,#5623));
#2202=EDGE_LOOP('',(#5624,#5625,#5626,#5627));
#2203=EDGE_LOOP('',(#5628,#5629,#5630,#5631));
#2204=EDGE_LOOP('',(#5632,#5633,#5634,#5635));
#2205=EDGE_LOOP('',(#5636,#5637,#5638,#5639));
#2206=EDGE_LOOP('',(#5640,#5641,#5642,#5643));
#2207=EDGE_LOOP('',(#5644,#5645,#5646,#5647));
#2208=EDGE_LOOP('',(#5648,#5649,#5650,#5651));
#2209=EDGE_LOOP('',(#5652,#5653,#5654,#5655));
#2210=EDGE_LOOP('',(#5656,#5657,#5658,#5659));
#2211=EDGE_LOOP('',(#5660,#5661,#5662,#5663));
#2212=EDGE_LOOP('',(#5664,#5665,#5666,#5667));
#2213=EDGE_LOOP('',(#5668,#5669,#5670,#5671,#5672,#5673,#5674,#5675,#5676,
#5677,#5678,#5679,#5680,#5681,#5682,#5683,#5684,#5685,#5686,#5687,#5688,
#5689,#5690,#5691,#5692,#5693,#5694,#5695,#5696,#5697,#5698,#5699,#5700,
#5701,#5702,#5703,#5704,#5705));
#2214=EDGE_LOOP('',(#5706,#5707,#5708,#5709,#5710,#5711,#5712,#5713,#5714,
#5715,#5716,#5717,#5718,#5719,#5720,#5721,#5722,#5723,#5724,#5725,#5726,
#5727,#5728,#5729,#5730,#5731,#5732,#5733,#5734,#5735,#5736,#5737,#5738,
#5739,#5740,#5741,#5742,#5743));
#2215=EDGE_LOOP('',(#5744,#5745,#5746,#5747));
#2216=EDGE_LOOP('',(#5748,#5749,#5750,#5751));
#2217=EDGE_LOOP('',(#5752,#5753,#5754,#5755));
#2218=EDGE_LOOP('',(#5756,#5757,#5758,#5759));
#2219=EDGE_LOOP('',(#5760,#5761,#5762,#5763));
#2220=EDGE_LOOP('',(#5764,#5765,#5766,#5767));
#2221=EDGE_LOOP('',(#5768,#5769,#5770,#5771));
#2222=EDGE_LOOP('',(#5772,#5773,#5774,#5775));
#2223=EDGE_LOOP('',(#5776,#5777,#5778,#5779));
#2224=EDGE_LOOP('',(#5780,#5781,#5782,#5783));
#2225=EDGE_LOOP('',(#5784,#5785,#5786,#5787));
#2226=EDGE_LOOP('',(#5788,#5789,#5790,#5791));
#2227=EDGE_LOOP('',(#5792,#5793,#5794,#5795));
#2228=EDGE_LOOP('',(#5796,#5797,#5798,#5799));
#2229=EDGE_LOOP('',(#5800,#5801,#5802,#5803));
#2230=EDGE_LOOP('',(#5804,#5805,#5806,#5807));
#2231=EDGE_LOOP('',(#5808,#5809,#5810,#5811));
#2232=EDGE_LOOP('',(#5812,#5813,#5814,#5815));
#2233=EDGE_LOOP('',(#5816,#5817,#5818,#5819));
#2234=EDGE_LOOP('',(#5820,#5821,#5822,#5823));
#2235=EDGE_LOOP('',(#5824,#5825,#5826,#5827));
#2236=EDGE_LOOP('',(#5828,#5829,#5830,#5831));
#2237=EDGE_LOOP('',(#5832,#5833,#5834,#5835));
#2238=EDGE_LOOP('',(#5836,#5837,#5838,#5839));
#2239=EDGE_LOOP('',(#5840,#5841,#5842,#5843));
#2240=EDGE_LOOP('',(#5844,#5845,#5846,#5847));
#2241=EDGE_LOOP('',(#5848,#5849,#5850,#5851));
#2242=EDGE_LOOP('',(#5852,#5853,#5854,#5855));
#2243=EDGE_LOOP('',(#5856,#5857,#5858,#5859));
#2244=EDGE_LOOP('',(#5860,#5861,#5862,#5863));
#2245=EDGE_LOOP('',(#5864,#5865,#5866,#5867));
#2246=EDGE_LOOP('',(#5868,#5869,#5870,#5871));
#2247=EDGE_LOOP('',(#5872,#5873,#5874,#5875));
#2248=EDGE_LOOP('',(#5876,#5877,#5878,#5879,#5880,#5881,#5882,#5883,#5884,
#5885,#5886,#5887,#5888,#5889,#5890,#5891,#5892,#5893,#5894,#5895,#5896,
#5897,#5898,#5899,#5900,#5901,#5902,#5903,#5904,#5905,#5906,#5907,#5908));
#2249=EDGE_LOOP('',(#5909,#5910,#5911,#5912,#5913,#5914,#5915,#5916,#5917,
#5918,#5919,#5920,#5921,#5922,#5923,#5924,#5925,#5926,#5927,#5928,#5929,
#5930,#5931,#5932,#5933,#5934,#5935,#5936,#5937,#5938,#5939,#5940,#5941));
#2250=B_SPLINE_CURVE_WITH_KNOTS('',3,(#9300,#9301,#9302,#9303,#9304,#9305,
#9306,#9307,#9308,#9309,#9310,#9311,#9312,#9313),.UNSPECIFIED.,.F.,.F.,
(4,1,1,1,1,1,1,1,1,1,1,4),(-12.4034151445091,-11.5174569199013,-10.6314986952935,
-9.74554047068574,-8.85958224607794,-7.08766579686236,-5.31574934764677,
-3.54383289843118,-2.65787467382338,-1.77191644921559,-0.885958224607794,
0.),.UNSPECIFIED.);
#2251=B_SPLINE_CURVE_WITH_KNOTS('',3,(#9316,#9317,#9318,#9319,#9320,#9321,
#9322,#9323,#9324,#9325,#9326,#9327,#9328,#9329),.UNSPECIFIED.,.F.,.F.,
(4,1,1,1,1,1,1,1,1,1,1,4),(0.,0.885958224607794,1.77191644921559,2.65787467382338,
3.54383289843118,5.31574934764677,7.08766579686236,8.85958224607794,9.74554047068574,
10.6314986952935,11.5174569199013,12.4034151445091),.UNSPECIFIED.);
#2252=B_SPLINE_CURVE_WITH_KNOTS('',3,(#9409,#9410,#9411,#9412,#9413,#9414,
#9415,#9416,#9417,#9418,#9419,#9420,#9421,#9422),.UNSPECIFIED.,.F.,.F.,
(4,1,1,1,1,1,1,1,1,1,1,4),(-12.4034151445091,-11.5174569199014,-10.6314986952936,
-9.74554047068576,-8.85958224607796,-7.08766579686237,-5.31574934764678,
-3.54383289843119,-2.65787467382339,-1.77191644921559,-0.885958224607796,
-5.55111512312583E-18),.UNSPECIFIED.);
#2253=B_SPLINE_CURVE_WITH_KNOTS('',3,(#9423,#9424,#9425,#9426,#9427,#9428,
#9429,#9430,#9431,#9432,#9433,#9434,#9435,#9436),.UNSPECIFIED.,.F.,.F.,
(4,1,1,1,1,1,1,1,1,1,1,4),(5.55111512312583E-18,0.885958224607796,1.77191644921559,
2.65787467382339,3.54383289843119,5.31574934764678,7.08766579686237,8.85958224607796,
9.74554047068576,10.6314986952936,11.5174569199014,12.4034151445091),
 .UNSPECIFIED.);
#2254=B_SPLINE_CURVE_WITH_KNOTS('',3,(#9516,#9517,#9518,#9519,#9520,#9521,
#9522,#9523,#9524,#9525,#9526,#9527,#9528,#9529),.UNSPECIFIED.,.F.,.F.,
(4,1,1,1,1,1,1,1,1,1,1,4),(-12.4034151445091,-11.5174569199013,-10.6314986952935,
-9.74554047068573,-8.85958224607794,-7.08766579686235,-5.31574934764676,
-3.54383289843118,-2.65787467382338,-1.77191644921559,-0.885958224607794,
0.),.UNSPECIFIED.);
#2255=B_SPLINE_CURVE_WITH_KNOTS('',3,(#9530,#9531,#9532,#9533,#9534,#9535,
#9536,#9537,#9538,#9539,#9540,#9541,#9542,#9543),.UNSPECIFIED.,.F.,.F.,
(4,1,1,1,1,1,1,1,1,1,1,4),(0.,0.885958224607794,1.77191644921559,2.65787467382338,
3.54383289843118,5.31574934764676,7.08766579686235,8.85958224607794,9.74554047068573,
10.6314986952935,11.5174569199013,12.4034151445091),.UNSPECIFIED.);
#2256=B_SPLINE_CURVE_WITH_KNOTS('',3,(#9623,#9624,#9625,#9626,#9627,#9628,
#9629,#9630,#9631,#9632,#9633,#9634,#9635,#9636),.UNSPECIFIED.,.F.,.F.,
(4,1,1,1,1,1,1,1,1,1,1,4),(-12.4034151445092,-11.5174569199014,-10.6314986952936,
-9.7455404706858,-8.859582246078,-7.0876657968624,-5.3157493476468,-3.5438328984312,
-2.6578746738234,-1.7719164492156,-0.8859582246078,0.),.UNSPECIFIED.);
#2257=B_SPLINE_CURVE_WITH_KNOTS('',3,(#9637,#9638,#9639,#9640,#9641,#9642,
#9643,#9644,#9645,#9646,#9647,#9648,#9649,#9650),.UNSPECIFIED.,.F.,.F.,
(4,1,1,1,1,1,1,1,1,1,1,4),(0.,0.8859582246078,1.7719164492156,2.6578746738234,
3.5438328984312,5.3157493476468,7.0876657968624,8.859582246078,9.7455404706858,
10.6314986952936,11.5174569199014,12.4034151445092),.UNSPECIFIED.);
#2258=B_SPLINE_CURVE_WITH_KNOTS('',3,(#9702,#9703,#9704,#9705,#9706,#9707,
#9708,#9709,#9710,#9711,#9712,#9713,#9714,#9715),.UNSPECIFIED.,.F.,.F.,
(4,1,1,1,1,1,1,1,1,1,1,4),(-12.4034151445092,-11.5174569199014,-10.6314986952936,
-9.7455404706858,-8.859582246078,-7.08766579686241,-5.31574934764681,-3.54383289843122,
-2.65787467382342,-1.77191644921562,-0.885958224607826,-2.82587526814553E-14),
 .UNSPECIFIED.);
#2259=B_SPLINE_CURVE_WITH_KNOTS('',3,(#9762,#9763,#9764,#9765,#9766,#9767,
#9768,#9769,#9770,#9771,#9772,#9773,#9774),.UNSPECIFIED.,.F.,.F.,(4,1,1,
1,1,1,1,1,1,1,4),(-12.4034151445091,-11.5174569199013,-10.6314986952935,
-9.74554047068574,-8.85958224607795,-7.08766579686236,-5.31574934764677,
-3.54383289843118,-1.77191644921559,-0.885958224607794,0.),
 .UNSPECIFIED.);
#2260=B_SPLINE_CURVE_WITH_KNOTS('',3,(#9868,#9869,#9870,#9871,#9872,#9873,
#9874,#9875,#9876,#9877,#9878,#9879,#9880,#9881),.UNSPECIFIED.,.F.,.F.,
(4,1,1,1,1,1,1,1,1,1,1,4),(-12.4034151445091,-11.5174569199013,-10.6314986952935,
-9.74554047068575,-8.85958224607796,-7.08766579686237,-5.31574934764677,
-3.54383289843118,-2.65787467382339,-1.77191644921559,-0.885958224607796,
0.),.UNSPECIFIED.);
#2261=B_SPLINE_CURVE_WITH_KNOTS('',3,(#9884,#9885,#9886,#9887,#9888,#9889,
#9890,#9891,#9892,#9893,#9894,#9895,#9896,#9897),.UNSPECIFIED.,.F.,.F.,
(4,1,1,1,1,1,1,1,1,1,1,4),(0.,0.885958224607796,1.77191644921559,2.65787467382339,
3.54383289843118,5.31574934764677,7.08766579686237,8.85958224607796,9.74554047068575,
10.6314986952935,11.5174569199013,12.4034151445091),.UNSPECIFIED.);
#2262=B_SPLINE_CURVE_WITH_KNOTS('',3,(#9970,#9971,#9972,#9973,#9974,#9975,
#9976,#9977,#9978,#9979,#9980,#9981,#9982),.UNSPECIFIED.,.F.,.F.,(4,1,1,
1,1,1,1,1,1,1,4),(0.,0.885958224607794,1.77191644921559,3.54383289843118,
5.31574934764677,7.08766579686236,8.85958224607795,9.74554047068574,10.6314986952935,
11.5174569199013,12.4034151445091),.UNSPECIFIED.);
#2263=B_SPLINE_CURVE_WITH_KNOTS('',3,(#10059,#10060,#10061,#10062,#10063,
#10064,#10065,#10066,#10067,#10068,#10069,#10070,#10071,#10072),
 .UNSPECIFIED.,.F.,.F.,(4,1,1,1,1,1,1,1,1,1,1,4),(2.82587526814553E-14,
0.885958224607826,1.77191644921562,2.65787467382342,3.54383289843122,5.31574934764681,
7.08766579686241,8.859582246078,9.7455404706858,10.6314986952936,11.5174569199014,
12.4034151445092),.UNSPECIFIED.);
#2264=B_SPLINE_CURVE_WITH_KNOTS('',3,(#10150,#10151,#10152,#10153,#10154,
#10155,#10156,#10157,#10158,#10159,#10160,#10161,#10162,#10163),
 .UNSPECIFIED.,.F.,.F.,(4,1,1,1,1,1,1,1,1,1,1,4),(-12.4034151445091,-11.5174569199013,
-10.6314986952935,-9.74554047068574,-8.85958224607794,-7.08766579686236,
-5.31574934764677,-3.54383289843118,-2.65787467382338,-1.77191644921559,
-0.885958224607794,0.),.UNSPECIFIED.);
#2265=B_SPLINE_CURVE_WITH_KNOTS('',3,(#10164,#10165,#10166,#10167,#10168,
#10169,#10170,#10171,#10172,#10173,#10174,#10175,#10176,#10177),
 .UNSPECIFIED.,.F.,.F.,(4,1,1,1,1,1,1,1,1,1,1,4),(0.,0.885958224607794,
1.77191644921559,2.65787467382338,3.54383289843118,5.31574934764677,7.08766579686236,
8.85958224607794,9.74554047068574,10.6314986952935,11.5174569199013,12.4034151445091),
 .UNSPECIFIED.);
#2266=B_SPLINE_CURVE_WITH_KNOTS('',3,(#10483,#10484,#10485,#10486,#10487,
#10488,#10489,#10490,#10491,#10492,#10493,#10494,#10495,#10496,#10497,#10498,
#10499,#10500,#10501,#10502,#10503,#10504,#10505,#10506,#10507,#10508,#10509,
#10510,#10511,#10512,#10513,#10514,#10515,#10516),.UNSPECIFIED.,.T.,.F.,
(4,2,2,2,2,2,2,2,2,2,2,2,2,2,2,2,4),(0.,0.138084573188205,0.276169146376411,
0.412734598108926,0.549300049841441,0.685865501573955,0.822430953306469,
0.960515526494672,1.09860009968287,1.23668467287108,1.37476924605928,1.51133469779179,
1.64790014952431,1.78446560125682,1.92103105298934,2.05911562617754,2.19720019936575),
 .UNSPECIFIED.);
#2267=B_SPLINE_CURVE_WITH_KNOTS('',3,(#10522,#10523,#10524,#10525,#10526,
#10527,#10528,#10529,#10530,#10531,#10532,#10533,#10534,#10535,#10536,#10537,
#10538,#10539,#10540,#10541,#10542,#10543,#10544,#10545,#10546,#10547,#10548,
#10549,#10550,#10551,#10552,#10553,#10554,#10555),.UNSPECIFIED.,.T.,.F.,
(4,2,2,2,2,2,2,2,2,2,2,2,2,2,2,2,4),(0.,0.138084573188204,0.276169146376409,
0.412734598108924,0.549300049841439,0.685865501573952,0.822430953306465,
0.960515526494668,1.09860009968287,1.23668467287107,1.37476924605928,1.51133469779179,
1.6479001495243,1.78446560125682,1.92103105298933,2.05911562617754,2.19720019936574),
 .UNSPECIFIED.);
#2268=B_SPLINE_CURVE_WITH_KNOTS('',3,(#10562,#10563,#10564,#10565,#10566,
#10567,#10568,#10569,#10570,#10571,#10572,#10573,#10574,#10575,#10576,#10577,
#10578,#10579),.UNSPECIFIED.,.F.,.F.,(4,2,2,2,2,2,2,2,4),(0.549300049841443,
0.685865501573955,0.822430953306466,0.960515526494669,1.09860009968287,
1.23668467287107,1.37476924605928,1.51133469779179,1.6479001495243),
 .UNSPECIFIED.);
#2269=B_SPLINE_CURVE_WITH_KNOTS('',3,(#10581,#10582,#10583,#10584,#10585,
#10586,#10587,#10588,#10589,#10590),.UNSPECIFIED.,.F.,.F.,(4,2,2,2,4),(0.,
0.138084573188205,0.27616914637641,0.412734598108927,0.549300049841443),
 .UNSPECIFIED.);
#2270=B_SPLINE_CURVE_WITH_KNOTS('',3,(#10591,#10592,#10593,#10594,#10595,
#10596,#10597,#10598,#10599,#10600),.UNSPECIFIED.,.F.,.F.,(4,2,2,2,4),(1.6479001495243,
1.78446560125682,1.92103105298933,2.05911562617754,2.19720019936574),
 .UNSPECIFIED.);
#2271=B_SPLINE_CURVE_WITH_KNOTS('',3,(#10607,#10608,#10609,#10610,#10611,
#10612,#10613,#10614,#10615,#10616),.UNSPECIFIED.,.F.,.F.,(4,2,2,2,4),(0.,
0.138084573188204,0.276169146376408,0.412734598108923,0.549300049841437),
 .UNSPECIFIED.);
#2272=B_SPLINE_CURVE_WITH_KNOTS('',3,(#10617,#10618,#10619,#10620,#10621,
#10622,#10623,#10624,#10625,#10626,#10627,#10628,#10629,#10630,#10631,#10632,
#10633,#10634,#10635,#10636,#10637,#10638,#10639,#10640,#10641,#10642),
 .UNSPECIFIED.,.F.,.F.,(4,2,2,2,2,2,2,2,2,2,2,2,4),(0.549300049841437,0.685865501573951,
0.822430953306464,0.960515526494669,1.09860009968287,1.23668467287108,1.37476924605928,
1.5113346977918,1.64790014952431,1.78446560125682,1.92103105298934,2.05911562617754,
2.19720019936575),.UNSPECIFIED.);
#2273=B_SPLINE_CURVE_WITH_KNOTS('',3,(#10649,#10650,#10651,#10652,#10653,
#10654,#10655,#10656,#10657,#10658,#10659,#10660,#10661,#10662,#10663,#10664,
#10665,#10666),.UNSPECIFIED.,.F.,.F.,(4,2,2,2,2,2,2,2,4),(0.,0.138084573188205,
0.276169146376409,0.412734598108924,0.549300049841439,0.685865501573953,
0.822430953306467,0.960515526494671,1.09860009968288),.UNSPECIFIED.);
#2274=B_SPLINE_CURVE_WITH_KNOTS('',3,(#10667,#10668,#10669,#10670,#10671,
#10672,#10673,#10674,#10675,#10676,#10677,#10678,#10679,#10680,#10681,#10682,
#10683,#10684),.UNSPECIFIED.,.F.,.F.,(4,2,2,2,2,2,2,2,4),(1.09860009968288,
1.23668467287108,1.37476924605928,1.5113346977918,1.64790014952431,1.78446560125683,
1.92103105298934,2.05911562617755,2.19720019936575),.UNSPECIFIED.);
#2275=B_SPLINE_CURVE_WITH_KNOTS('',3,(#10691,#10692,#10693,#10694,#10695,
#10696,#10697,#10698,#10699,#10700,#10701,#10702,#10703,#10704,#10705,#10706,
#10707,#10708),.UNSPECIFIED.,.F.,.F.,(4,2,2,2,2,2,2,2,4),(0.,0.138084573188205,
0.276169146376409,0.412734598108924,0.54930004984144,0.685865501573953,
0.822430953306465,0.960515526494669,1.09860009968287),.UNSPECIFIED.);
#2276=B_SPLINE_CURVE_WITH_KNOTS('',3,(#10709,#10710,#10711,#10712,#10713,
#10714,#10715,#10716,#10717,#10718,#10719,#10720,#10721,#10722,#10723,#10724,
#10725,#10726),.UNSPECIFIED.,.F.,.F.,(4,2,2,2,2,2,2,2,4),(1.09860009968287,
1.23668467287108,1.37476924605928,1.51133469779179,1.64790014952431,1.78446560125682,
1.92103105298934,2.05911562617754,2.19720019936575),.UNSPECIFIED.);
#2277=B_SPLINE_CURVE_WITH_KNOTS('',3,(#10801,#10802,#10803,#10804,#10805,
#10806,#10807,#10808,#10809,#10810,#10811,#10812,#10813,#10814),
 .UNSPECIFIED.,.F.,.F.,(4,1,1,1,1,1,1,1,1,1,1,4),(-12.4034151445092,-11.5174569199014,
-10.6314986952936,-9.74554047068576,-8.85958224607796,-7.08766579686237,
-5.31574934764678,-3.54383289843119,-2.65787467382339,-1.77191644921559,
-0.885958224607796,0.),.UNSPECIFIED.);
#2278=B_SPLINE_CURVE_WITH_KNOTS('',3,(#10817,#10818,#10819,#10820,#10821,
#10822,#10823,#10824,#10825,#10826,#10827,#10828,#10829,#10830),
 .UNSPECIFIED.,.F.,.F.,(4,1,1,1,1,1,1,1,1,1,1,4),(0.,0.885958224607796,
1.77191644921559,2.65787467382339,3.54383289843119,5.31574934764678,7.08766579686237,
8.85958224607796,9.74554047068576,10.6314986952936,11.5174569199014,12.4034151445092),
 .UNSPECIFIED.);
#2279=B_SPLINE_CURVE_WITH_KNOTS('',3,(#10905,#10906,#10907,#10908,#10909,
#10910,#10911,#10912,#10913,#10914,#10915,#10916,#10917),.UNSPECIFIED.,
 .F.,.F.,(4,1,1,1,1,1,1,1,1,1,4),(-12.4034151445091,-10.6314986952935,-8.85958224607795,
-8.41660313377405,-7.08766579686236,-5.31574934764677,-3.54383289843118,
-2.65787467382339,-1.7719164492156,-0.885958224607801,-7.16880625837743E-15),
 .UNSPECIFIED.);
#2280=B_SPLINE_CURVE_WITH_KNOTS('',3,(#10918,#10919,#10920,#10921,#10922,
#10923,#10924,#10925,#10926,#10927,#10928,#10929,#10930),.UNSPECIFIED.,
 .F.,.F.,(4,1,1,1,1,1,1,1,1,1,4),(7.16880625837743E-15,0.885958224607801,
1.7719164492156,2.65787467382339,3.54383289843118,5.31574934764677,7.08766579686236,
8.41660313377405,8.85958224607795,10.6314986952935,12.4034151445091),
 .UNSPECIFIED.);
#2281=B_SPLINE_CURVE_WITH_KNOTS('',3,(#11010,#11011,#11012,#11013,#11014,
#11015,#11016,#11017,#11018,#11019,#11020,#11021,#11022,#11023),
 .UNSPECIFIED.,.F.,.F.,(4,1,1,1,1,1,1,1,1,1,1,4),(-12.4034151445091,-11.5174569199013,
-10.6314986952935,-9.74554047068574,-8.85958224607795,-7.08766579686236,
-5.31574934764677,-3.54383289843118,-2.65787467382338,-1.77191644921559,
-0.885958224607795,-1.94289029309403E-17),.UNSPECIFIED.);
#2282=B_SPLINE_CURVE_WITH_KNOTS('',3,(#11024,#11025,#11026,#11027,#11028,
#11029,#11030,#11031,#11032,#11033,#11034,#11035,#11036,#11037),
 .UNSPECIFIED.,.F.,.F.,(4,1,1,1,1,1,1,1,1,1,1,4),(1.94289029309403E-17,
0.885958224607795,1.77191644921559,2.65787467382338,3.54383289843118,5.31574934764677,
7.08766579686236,8.85958224607795,9.74554047068574,10.6314986952935,11.5174569199013,
12.4034151445091),.UNSPECIFIED.);
#2283=B_SPLINE_CURVE_WITH_KNOTS('',3,(#11107,#11108,#11109,#11110,#11111,
#11112,#11113,#11114,#11115,#11116,#11117,#11118),.UNSPECIFIED.,.F.,.F.,
(4,1,1,1,1,1,1,1,1,4),(-12.4034151445092,-10.6314986952936,-8.85958224607796,
-7.08766579686237,-5.31574934764678,-3.54383289843119,-2.65787467382339,
-1.77191644921559,-0.885958224607796,0.),.UNSPECIFIED.);
#2284=B_SPLINE_CURVE_WITH_KNOTS('',3,(#11119,#11120,#11121,#11122,#11123,
#11124,#11125,#11126,#11127,#11128,#11129,#11130),.UNSPECIFIED.,.F.,.F.,
(4,1,1,1,1,1,1,1,1,4),(0.,0.885958224607796,1.77191644921559,2.65787467382339,
3.54383289843119,5.31574934764678,7.08766579686237,8.85958224607796,10.6314986952936,
12.4034151445092),.UNSPECIFIED.);
#2285=B_SPLINE_CURVE_WITH_KNOTS('',3,(#11182,#11183,#11184,#11185,#11186,
#11187,#11188,#11189,#11190,#11191,#11192,#11193),.UNSPECIFIED.,.F.,.F.,
(4,1,1,1,1,1,1,1,1,4),(-12.4034151445091,-10.6314986952936,-8.85958224607797,
-7.08766579686238,-5.31574934764679,-3.5438328984312,-2.65787467382341,
-1.77191644921561,-0.885958224607818,-2.32017529271093E-14),
 .UNSPECIFIED.);
#2286=B_SPLINE_CURVE_WITH_KNOTS('',3,(#11240,#11241,#11242,#11243,#11244,
#11245,#11246,#11247,#11248,#11249,#11250,#11251,#11252),.UNSPECIFIED.,
 .F.,.F.,(4,1,1,1,1,1,1,1,1,1,4),(-12.4034151445092,-11.5174569199014,-10.6314986952936,
-9.74554047068577,-8.85958224607797,-7.08766579686238,-5.31574934764679,
-3.5438328984312,-1.7719164492156,-0.885958224607808,-1.24216079270715E-14),
 .UNSPECIFIED.);
#2287=B_SPLINE_CURVE_WITH_KNOTS('',3,(#11327,#11328,#11329,#11330,#11331,
#11332,#11333,#11334,#11335,#11336,#11337,#11338,#11339),.UNSPECIFIED.,
 .F.,.F.,(4,1,1,1,1,1,1,1,1,1,4),(-12.4034151445091,-10.6314986952935,-8.85958224607795,
-8.41660313377405,-7.08766579686236,-5.31574934764677,-3.54383289843118,
-2.65787467382338,-1.77191644921559,-0.885958224607795,0.),
 .UNSPECIFIED.);
#2288=B_SPLINE_CURVE_WITH_KNOTS('',3,(#11342,#11343,#11344,#11345,#11346,
#11347,#11348,#11349,#11350,#11351,#11352,#11353,#11354),.UNSPECIFIED.,
 .F.,.F.,(4,1,1,1,1,1,1,1,1,1,4),(0.,0.885958224607795,1.77191644921559,
2.65787467382338,3.54383289843118,5.31574934764677,7.08766579686236,8.41660313377405,
8.85958224607795,10.6314986952935,12.4034151445091),.UNSPECIFIED.);
#2289=B_SPLINE_CURVE_WITH_KNOTS('',3,(#11427,#11428,#11429,#11430,#11431,
#11432,#11433,#11434,#11435,#11436,#11437,#11438,#11439),.UNSPECIFIED.,
 .F.,.F.,(4,1,1,1,1,1,1,1,1,1,4),(1.24216079270715E-14,0.885958224607808,
1.7719164492156,3.5438328984312,5.31574934764679,7.08766579686238,8.85958224607797,
9.74554047068577,10.6314986952936,11.5174569199014,12.4034151445092),
 .UNSPECIFIED.);
#2290=B_SPLINE_CURVE_WITH_KNOTS('',3,(#11506,#11507,#11508,#11509,#11510,
#11511,#11512,#11513,#11514,#11515,#11516,#11517),.UNSPECIFIED.,.F.,.F.,
(4,1,1,1,1,1,1,1,1,4),(2.32017529271093E-14,0.885958224607818,1.77191644921561,
2.65787467382341,3.5438328984312,5.31574934764679,7.08766579686238,8.85958224607797,
10.6314986952936,12.4034151445091),.UNSPECIFIED.);
#2291=B_SPLINE_CURVE_WITH_KNOTS('',3,(#11595,#11596,#11597,#11598,#11599,
#11600,#11601,#11602,#11603,#11604,#11605,#11606,#11607,#11608),
 .UNSPECIFIED.,.F.,.F.,(4,1,1,1,1,1,1,1,1,1,1,4),(-12.4034151445091,-11.5174569199013,
-10.6314986952935,-9.74554047068574,-8.85958224607795,-7.08766579686236,
-5.31574934764677,-3.54383289843119,-2.65787467382339,-1.7719164492156,
-0.885958224607802,-8.29597561056535E-15),.UNSPECIFIED.);
#2292=B_SPLINE_CURVE_WITH_KNOTS('',3,(#11609,#11610,#11611,#11612,#11613,
#11614,#11615,#11616,#11617,#11618,#11619,#11620,#11621,#11622),
 .UNSPECIFIED.,.F.,.F.,(4,1,1,1,1,1,1,1,1,1,1,4),(8.29597561056535E-15,
0.885958224607802,1.7719164492156,2.65787467382339,3.54383289843119,5.31574934764677,
7.08766579686236,8.85958224607795,9.74554047068574,10.6314986952935,11.5174569199013,
12.4034151445091),.UNSPECIFIED.);
#2293=B_SPLINE_CURVE_WITH_KNOTS('',3,(#11808,#11809,#11810,#11811,#11812,
#11813,#11814,#11815,#11816,#11817,#11818,#11819,#11820,#11821,#11822,#11823,
#11824,#11825,#11826,#11827,#11828,#11829,#11830,#11831,#11832,#11833,#11834,
#11835,#11836,#11837,#11838,#11839,#11840,#11841,#11842,#11843,#11844,#11845,
#11846,#11847,#11848,#11849,#11850,#11851,#11852,#11853,#11854,#11855,#11856),
 .UNSPECIFIED.,.F.,.F.,(4,3,3,3,3,3,3,3,3,3,3,3,3,3,3,3,4),(-0.000343502258176685,
0.,0.00855505634390528,0.0165358914648393,0.0248074166088309,0.0261500136330635,
0.0328580474832011,0.0409596820561483,0.0486546847127013,0.0519186075138187,
0.052615943123955,0.060660643109172,0.0685273841311759,0.0710669344421402,
0.0790862143957459,0.0869215217238957,0.0892273186383676),.UNSPECIFIED.);
#2294=B_SPLINE_CURVE_WITH_KNOTS('',3,(#11857,#11858,#11859,#11860),
 .UNSPECIFIED.,.F.,.F.,(4,4),(-0.0968588752778124,-0.0937012647831191),
 .UNSPECIFIED.);
#2295=B_SPLINE_CURVE_WITH_KNOTS('',3,(#11886,#11887,#11888,#11889),
 .UNSPECIFIED.,.F.,.F.,(4,4),(0.532516701920838,1.09448893463046),
 .UNSPECIFIED.);
#2296=B_SPLINE_CURVE_WITH_KNOTS('',3,(#11893,#11894,#11895,#11896),
 .UNSPECIFIED.,.F.,.F.,(4,4),(-1.09448893463046,-0.553456905367346),
 .UNSPECIFIED.);
#2297=B_SPLINE_CURVE_WITH_KNOTS('',3,(#11897,#11898,#11899,#11900),
 .UNSPECIFIED.,.F.,.F.,(4,4),(0.553318632312129,0.55345691467756),
 .UNSPECIFIED.);
#2298=B_SPLINE_CURVE_WITH_KNOTS('',3,(#11934,#11935,#11936,#11937,#11938),
 .UNSPECIFIED.,.F.,.F.,(4,1,4),(-0.0609610127169743,-0.0304805063584872,
-3.95955416894308E-17),.UNSPECIFIED.);
#2299=B_SPLINE_CURVE_WITH_KNOTS('',3,(#11939,#11940,#11941,#11942,#11943),
 .UNSPECIFIED.,.F.,.F.,(4,1,4),(3.95955416894308E-17,0.0304805063584872,
0.0609610127169743),.UNSPECIFIED.);
#2300=B_SPLINE_CURVE_WITH_KNOTS('',3,(#11977,#11978,#11979,#11980,#11981),
 .UNSPECIFIED.,.F.,.F.,(4,1,4),(-0.0569912229117211,-0.0284956114558606,
0.),.UNSPECIFIED.);
#2301=B_SPLINE_CURVE_WITH_KNOTS('',3,(#11982,#11983,#11984,#11985,#11986),
 .UNSPECIFIED.,.F.,.F.,(4,1,4),(0.,0.0284956114558606,0.0569912229117211),
 .UNSPECIFIED.);
#2302=B_SPLINE_CURVE_WITH_KNOTS('',3,(#12118,#12119,#12120,#12121,#12122),
 .UNSPECIFIED.,.F.,.F.,(4,1,4),(-0.0569912493789838,-0.0284956246894919,
0.),.UNSPECIFIED.);
#2303=B_SPLINE_CURVE_WITH_KNOTS('',3,(#12125,#12126,#12127,#12128,#12129),
 .UNSPECIFIED.,.F.,.F.,(4,1,4),(0.,0.0284956246894919,0.0569912493789838),
 .UNSPECIFIED.);
#2304=B_SPLINE_CURVE_WITH_KNOTS('',3,(#12163,#12164,#12165,#12166,#12167),
 .UNSPECIFIED.,.F.,.F.,(4,1,4),(-0.0609610229869708,-0.0304805114935665,
-1.62267559679983E-13),.UNSPECIFIED.);
#2305=B_SPLINE_CURVE_WITH_KNOTS('',3,(#12168,#12169,#12170,#12171,#12172),
 .UNSPECIFIED.,.F.,.F.,(4,1,4),(1.62267559679983E-13,0.0304805114935665,
0.0609610229869708),.UNSPECIFIED.);
#2306=B_SPLINE_CURVE_WITH_KNOTS('',3,(#12198,#12199,#12200,#12201),
 .UNSPECIFIED.,.F.,.F.,(4,4),(-0.541032029263109,-3.73213214970307E-17),
 .UNSPECIFIED.);
#2307=B_SPLINE_CURVE_WITH_KNOTS('',3,(#12203,#12204,#12205,#12206),
 .UNSPECIFIED.,.F.,.F.,(4,4),(3.73213214970307E-17,0.561972232709622),
 .UNSPECIFIED.);
#2308=B_SPLINE_CURVE_WITH_KNOTS('',3,(#12208,#12209,#12210,#12211,#12212,
#12213,#12214,#12215,#12216,#12217,#12218,#12219,#12220,#12221,#12222,#12223,
#12224,#12225,#12226,#12227,#12228,#12229,#12230,#12231,#12232,#12233,#12234,
#12235,#12236,#12237,#12238,#12239,#12240,#12241,#12242,#12243,#12244,#12245,
#12246,#12247,#12248,#12249,#12250,#12251,#12252,#12253,#12254,#12255,#12256),
 .UNSPECIFIED.,.F.,.F.,(4,3,3,3,3,3,3,3,3,3,3,3,3,3,3,3,4),(-0.0892922716726336,
-0.0889497135221518,-0.0803997723347747,-0.0770986990804974,-0.0687529557567922,
-0.0653339592379737,-0.0628868254853972,-0.0546610202430003,-0.046785774437486,
-0.0448673942221711,-0.0371812972469185,-0.0292263630112773,-0.0260010732907423,
-0.0180132680078723,-0.0102211018676191,-0.00790655504880974,0.),
 .UNSPECIFIED.);
#2309=B_SPLINE_CURVE_WITH_KNOTS('',3,(#12257,#12258,#12259,#12260),
 .UNSPECIFIED.,.F.,.F.,(4,4),(-0.541170302318327,-0.541032019952895),
 .UNSPECIFIED.);
#2310=B_SPLINE_CURVE_WITH_KNOTS('',3,(#12268,#12269,#12270,#12271),
 .UNSPECIFIED.,.F.,.F.,(4,4),(-0.273063378623354,-0.269905768128661),
 .UNSPECIFIED.);
#2311=B_SPLINE_CURVE_WITH_KNOTS('',3,(#12536,#12537,#12538,#12539,#12540,
#12541,#12542,#12543,#12544,#12545),.UNSPECIFIED.,.F.,.F.,(4,2,2,2,4),(0.,
0.248649823989159,0.497299647978317,0.745592579528448,0.993885511078578),
 .UNSPECIFIED.);
#2312=B_SPLINE_CURVE_WITH_KNOTS('',3,(#12547,#12548,#12549,#12550,#12551,
#12552,#12553,#12554,#12555,#12556),.UNSPECIFIED.,.F.,.F.,(4,2,2,2,4),(2.98165653323574,
3.22994946478587,3.478242396336,3.72689222032515,3.97554204431431),
 .UNSPECIFIED.);
#2313=B_SPLINE_CURVE_WITH_KNOTS('',3,(#12557,#12558,#12559,#12560,#12561,
#12562,#12563,#12564,#12565,#12566,#12567,#12568,#12569,#12570,#12571,#12572,
#12573,#12574),.UNSPECIFIED.,.F.,.F.,(4,2,2,2,2,2,2,2,4),(0.993885511078578,
1.24217844262871,1.49047137417884,1.739121198168,1.98777102215716,2.23642084614632,
2.48507067013547,2.7333636016856,2.98165653323574),.UNSPECIFIED.);
#2314=B_SPLINE_CURVE_WITH_KNOTS('',3,(#12593,#12594,#12595,#12596,#12597,
#12598,#12599,#12600,#12601,#12602),.UNSPECIFIED.,.F.,.F.,(4,2,2,2,4),(0.,
0.248649823989159,0.497299647978317,0.745592579528448,0.993885511078578),
 .UNSPECIFIED.);
#2315=B_SPLINE_CURVE_WITH_KNOTS('',3,(#12604,#12605,#12606,#12607,#12608,
#12609,#12610,#12611,#12612,#12613),.UNSPECIFIED.,.F.,.F.,(4,2,2,2,4),(2.98165653323574,
3.22994946478587,3.478242396336,3.72689222032515,3.97554204431431),
 .UNSPECIFIED.);
#2316=B_SPLINE_CURVE_WITH_KNOTS('',3,(#12614,#12615,#12616,#12617,#12618,
#12619,#12620,#12621,#12622,#12623,#12624,#12625,#12626,#12627,#12628,#12629,
#12630,#12631),.UNSPECIFIED.,.F.,.F.,(4,2,2,2,2,2,2,2,4),(0.993885511078578,
1.24217844262871,1.49047137417884,1.739121198168,1.98777102215716,2.23642084614632,
2.48507067013547,2.7333636016856,2.98165653323574),.UNSPECIFIED.);
#2317=B_SPLINE_CURVE_WITH_KNOTS('',3,(#13029,#13030,#13031,#13032,#13033,
#13034,#13035,#13036,#13037,#13038,#13039,#13040),.UNSPECIFIED.,.F.,.F.,
(4,2,2,2,2,4),(-0.342533440965769,-0.31775412654711,-0.287724878804193,
-0.257695631061276,-0.226447219292919,-0.195198807524562),.UNSPECIFIED.);
#2318=B_SPLINE_CURVE_WITH_KNOTS('',3,(#13052,#13053,#13054,#13055,#13056,
#13057,#13058,#13059,#13060,#13061,#13062,#13063),.UNSPECIFIED.,.F.,.F.,
(4,2,2,2,2,4),(-0.320167674038713,-0.288919262270356,-0.257670850502,-0.227641602759082,
-0.197612355016165,-0.172833040597506),.UNSPECIFIED.);
#2319=B_SPLINE_CURVE_WITH_KNOTS('',3,(#13147,#13148,#13149,#13150,#13151,
#13152,#13153,#13154,#13155,#13156,#13157,#13158),.UNSPECIFIED.,.F.,.F.,
(4,2,2,2,2,4),(-0.342533440965769,-0.31775412654711,-0.287724878804193,
-0.257695631061276,-0.226447219292919,-0.195198807524562),.UNSPECIFIED.);
#2320=B_SPLINE_CURVE_WITH_KNOTS('',3,(#13170,#13171,#13172,#13173,#13174,
#13175,#13176,#13177,#13178,#13179,#13180,#13181),.UNSPECIFIED.,.F.,.F.,
(4,2,2,2,2,4),(-0.320167674038713,-0.288919262270356,-0.257670850502,-0.227641602759082,
-0.197612355016165,-0.172833040597506),.UNSPECIFIED.);
#2321=CIRCLE('',#6538,2.);
#2322=CIRCLE('',#6539,2.);
#2323=CIRCLE('',#6541,2.);
#2324=CIRCLE('',#6542,2.);
#2325=CIRCLE('',#6544,2.);
#2326=CIRCLE('',#6545,2.);
#2327=CIRCLE('',#6547,2.);
#2328=CIRCLE('',#6548,2.);
#2329=CIRCLE('',#6553,20.75);
#2330=CIRCLE('',#6554,20.75);
#2331=CIRCLE('',#6555,20.75);
#2332=CIRCLE('',#6556,20.75);
#2333=CIRCLE('',#6557,20.75);
#2334=CIRCLE('',#6558,20.75);
#2335=CIRCLE('',#6559,20.75);
#2336=CIRCLE('',#6560,20.75);
#2337=CIRCLE('',#6561,20.75);
#2338=CIRCLE('',#6562,2.);
#2339=CIRCLE('',#6563,1.99999999999996);
#2340=CIRCLE('',#6565,2.);
#2341=CIRCLE('',#6566,2.);
#2342=CIRCLE('',#6568,2.);
#2343=CIRCLE('',#6569,2.);
#2344=CIRCLE('',#6571,2.);
#2345=CIRCLE('',#6572,2.);
#2346=CIRCLE('',#6576,20.75);
#2347=CIRCLE('',#6577,20.75);
#2348=CIRCLE('',#6578,20.75);
#2349=CIRCLE('',#6579,20.75);
#2350=CIRCLE('',#6580,20.75);
#2351=CIRCLE('',#6581,5.25);
#2352=CIRCLE('',#6582,5.25);
#2353=CIRCLE('',#6583,5.25);
#2354=CIRCLE('',#6584,5.25);
#2355=CIRCLE('',#6585,5.25);
#2356=CIRCLE('',#6586,5.25);
#2357=CIRCLE('',#6587,5.25);
#2358=CIRCLE('',#6588,5.25);
#2359=CIRCLE('',#6589,5.25);
#2360=CIRCLE('',#6590,5.25);
#2361=CIRCLE('',#6591,5.25);
#2362=CIRCLE('',#6592,5.25);
#2363=CIRCLE('',#6593,20.75);
#2364=CIRCLE('',#6594,20.75);
#2365=CIRCLE('',#6595,20.75);
#2366=CIRCLE('',#6596,20.75);
#2367=CIRCLE('',#6598,15.);
#2368=CIRCLE('',#6599,15.);
#2369=CIRCLE('',#6601,15.);
#2370=CIRCLE('',#6603,15.);
#2371=CIRCLE('',#6604,15.);
#2372=CIRCLE('',#6606,15.);
#2373=CIRCLE('',#6608,15.);
#2374=CIRCLE('',#6609,15.);
#2375=CIRCLE('',#6611,15.);
#2376=CIRCLE('',#6613,15.);
#2377=CIRCLE('',#6614,15.);
#2378=CIRCLE('',#6616,15.);
#2379=CIRCLE('',#6618,15.);
#2380=CIRCLE('',#6619,15.);
#2381=CIRCLE('',#6621,15.);
#2382=CIRCLE('',#6623,15.);
#2383=CIRCLE('',#6624,15.);
#2384=CIRCLE('',#6626,15.);
#2385=CIRCLE('',#6628,15.);
#2386=CIRCLE('',#6629,15.);
#2387=CIRCLE('',#6631,15.);
#2388=CIRCLE('',#6633,15.);
#2389=CIRCLE('',#6634,15.);
#2390=CIRCLE('',#6636,15.);
#2391=CIRCLE('',#6646,15.);
#2392=CIRCLE('',#6648,15.);
#2393=CIRCLE('',#6649,15.);
#2394=CIRCLE('',#6653,5.25);
#2395=CIRCLE('',#6656,5.25);
#2396=CIRCLE('',#6659,5.25);
#2397=CIRCLE('',#6662,5.25);
#2398=CIRCLE('',#6665,5.25);
#2399=CIRCLE('',#6668,5.25);
#2400=CIRCLE('',#6671,5.25);
#2401=CIRCLE('',#6674,5.25);
#2402=CIRCLE('',#6677,5.25);
#2403=CIRCLE('',#6680,5.25);
#2404=CIRCLE('',#6683,5.25);
#2405=CIRCLE('',#6686,5.25);
#2406=CIRCLE('',#6690,3.5);
#2407=CIRCLE('',#6692,3.5);
#2408=CIRCLE('',#6694,3.5);
#2409=CIRCLE('',#6696,3.5);
#2410=CIRCLE('',#6698,3.5);
#2411=CIRCLE('',#6700,3.5);
#2412=CIRCLE('',#6701,2.);
#2413=CIRCLE('',#6702,2.);
#2414=CIRCLE('',#6704,2.);
#2415=CIRCLE('',#6705,2.);
#2416=CIRCLE('',#6707,2.);
#2417=CIRCLE('',#6708,2.);
#2418=CIRCLE('',#6710,2.);
#2419=CIRCLE('',#6711,2.);
#2420=CIRCLE('',#6716,20.75);
#2421=CIRCLE('',#6717,20.75);
#2422=CIRCLE('',#6718,2.);
#2423=CIRCLE('',#6719,2.0000000000001);
#2424=CIRCLE('',#6721,2.);
#2425=CIRCLE('',#6722,2.);
#2426=CIRCLE('',#6724,2.);
#2427=CIRCLE('',#6725,2.);
#2428=CIRCLE('',#6727,2.);
#2429=CIRCLE('',#6728,2.);
#2430=CIRCLE('',#6732,20.75);
#2431=CIRCLE('',#6733,5.25);
#2432=CIRCLE('',#6734,5.25);
#2433=CIRCLE('',#6735,5.25);
#2434=CIRCLE('',#6736,5.25);
#2435=CIRCLE('',#6737,5.25);
#2436=CIRCLE('',#6738,5.25);
#2437=CIRCLE('',#6739,20.75);
#2438=CIRCLE('',#6741,15.);
#2439=CIRCLE('',#6742,15.);
#2440=CIRCLE('',#6744,15.);
#2441=CIRCLE('',#6747,15.);
#2442=CIRCLE('',#6749,15.);
#2443=CIRCLE('',#6750,15.);
#2444=CIRCLE('',#6754,5.25);
#2445=CIRCLE('',#6757,5.25);
#2446=CIRCLE('',#6760,5.25);
#2447=CIRCLE('',#6763,5.25);
#2448=CIRCLE('',#6766,5.25);
#2449=CIRCLE('',#6769,5.25);
#2450=CIRCLE('',#6773,13.5);
#2451=CIRCLE('',#6774,13.5);
#2452=CIRCLE('',#6776,15.);
#2453=CIRCLE('',#6777,15.);
#2454=CIRCLE('',#6782,0.500000000000001);
#2455=CIRCLE('',#6783,0.5);
#2456=CIRCLE('',#6784,0.5);
#2457=CIRCLE('',#6785,0.5);
#2458=CIRCLE('',#6786,0.499999999999998);
#2459=CIRCLE('',#6790,0.499999999999999);
#2460=CIRCLE('',#6791,0.5);
#2461=CIRCLE('',#6794,0.5);
#2462=CIRCLE('',#6795,0.500000000000001);
#2463=CIRCLE('',#6797,0.499999999999999);
#2464=CIRCLE('',#6799,0.5);
#2465=CIRCLE('',#6800,0.5);
#2466=CIRCLE('',#6801,0.499999999999998);
#2467=CIRCLE('',#6805,0.499999999999998);
#2468=CIRCLE('',#6806,0.5);
#2469=CIRCLE('',#6810,0.5);
#2470=CIRCLE('',#6812,0.5);
#2471=CIRCLE('',#6814,0.5);
#2472=CIRCLE('',#6820,18.0357864376269);
#2473=CIRCLE('',#6821,15.35);
#2474=CIRCLE('',#6824,13.);
#2475=CIRCLE('',#6825,0.25);
#2476=CIRCLE('',#6826,13.25);
#2477=CIRCLE('',#6827,13.25);
#2478=CIRCLE('',#6829,13.25);
#2479=CIRCLE('',#6831,6.5);
#2480=CIRCLE('',#6833,0.25);
#2481=CIRCLE('',#6834,15.1);
#2482=CIRCLE('',#6835,15.1);
#2483=CIRCLE('',#6837,15.1);
#2484=CIRCLE('',#6840,18.7428932188134);
#2485=CIRCLE('',#6842,14.95);
#2486=CIRCLE('',#6844,4.);
#2487=CIRCLE('',#6845,0.5);
#2488=CIRCLE('',#6846,3.5);
#2489=CIRCLE('',#6847,3.5);
#2490=CIRCLE('',#6849,14.45);
#2491=CIRCLE('',#6851,3.5);
#2492=CIRCLE('',#6853,14.95);
#2493=CIRCLE('',#6858,40.);
#2494=CIRCLE('',#6859,40.);
#2495=CIRCLE('',#6861,56.);
#2496=CIRCLE('',#6863,56.);
#2497=CIRCLE('',#6865,58.);
#2498=CIRCLE('',#6867,58.);
#2499=CIRCLE('',#6869,60.);
#2500=CIRCLE('',#6872,34.9999999999999);
#2501=CIRCLE('',#6873,34.9999999999999);
#2502=CIRCLE('',#6876,31.5);
#2503=CIRCLE('',#6878,31.5);
#2504=CIRCLE('',#6879,31.5);
#2505=CIRCLE('',#6881,2.);
#2506=CIRCLE('',#6882,2.);
#2507=CIRCLE('',#6883,2.);
#2508=CIRCLE('',#6885,31.5);
#2509=CIRCLE('',#6886,10.25);
#2510=CIRCLE('',#6887,10.25);
#2511=CIRCLE('',#6890,60.);
#2512=CIRCLE('',#6892,20.45);
#2513=CIRCLE('',#6894,14.95);
#2514=CIRCLE('',#6896,4.25);
#2515=CIRCLE('',#6897,0.5);
#2516=CIRCLE('',#6898,3.75);
#2517=CIRCLE('',#6899,3.75);
#2518=CIRCLE('',#6901,14.45);
#2519=CIRCLE('',#6903,3.75);
#2520=CIRCLE('',#6905,14.95);
#2521=CIRCLE('',#6906,14.95);
#2522=CIRCLE('',#6907,0.5);
#2523=CIRCLE('',#6912,3.3);
#2524=CIRCLE('',#6913,3.3);
#2525=CIRCLE('',#6915,5.);
#2526=CIRCLE('',#6916,5.);
#2527=CIRCLE('',#6918,6.5);
#2528=CIRCLE('',#6920,3.3);
#2529=CIRCLE('',#6921,3.3);
#2530=CIRCLE('',#6923,5.);
#2531=CIRCLE('',#6924,5.);
#2532=CIRCLE('',#6926,6.5);
#2533=CIRCLE('',#6928,3.2);
#2534=CIRCLE('',#6929,3.2);
#2535=CIRCLE('',#6930,3.2);
#2536=CIRCLE('',#6932,6.);
#2537=CIRCLE('',#6933,6.);
#2538=CIRCLE('',#6934,6.55);
#2539=CIRCLE('',#6936,10.4);
#2540=CIRCLE('',#6937,10.4);
#2541=CIRCLE('',#6939,9.25);
#2542=CIRCLE('',#6940,9.25);
#2543=CIRCLE('',#6941,9.25);
#2544=CIRCLE('',#6942,9.25);
#2545=CIRCLE('',#6943,9.25);
#2546=CIRCLE('',#6945,9.25);
#2547=CIRCLE('',#6947,15.);
#2548=CIRCLE('',#6948,15.);
#2549=CIRCLE('',#6950,9.25);
#2550=CIRCLE('',#6952,5.);
#2551=CIRCLE('',#6953,5.);
#2552=CIRCLE('',#6955,4.4);
#2553=CIRCLE('',#6956,0.600000000000003);
#2554=CIRCLE('',#6958,3.);
#2555=CIRCLE('',#6959,0.25);
#2556=CIRCLE('',#6960,3.25);
#2557=CIRCLE('',#6962,3.);
#2558=CIRCLE('',#6964,3.);
#2559=CIRCLE('',#6965,2.38655);
#2560=CIRCLE('',#6967,6.);
#2561=CIRCLE('',#6969,3.);
#2562=CIRCLE('',#6970,3.);
#2563=CIRCLE('',#6972,2.38655);
#2564=CIRCLE('',#6975,3.);
#2565=CIRCLE('',#6978,5.525);
#2566=CIRCLE('',#6979,5.);
#2567=CIRCLE('',#6981,5.525);
#2568=CIRCLE('',#6982,5.);
#2569=CIRCLE('',#6984,5.);
#2570=CIRCLE('',#6985,5.525);
#2571=CIRCLE('',#6987,5.525);
#2572=CIRCLE('',#6988,5.);
#2573=CIRCLE('',#6990,5.);
#2574=CIRCLE('',#6991,5.525);
#2575=CIRCLE('',#6993,5.525);
#2576=CIRCLE('',#6994,5.);
#2577=CIRCLE('',#6997,5.525);
#2578=CIRCLE('',#7000,5.525);
#2579=CIRCLE('',#7004,5.525);
#2580=CIRCLE('',#7005,5.);
#2581=CIRCLE('',#7007,5.525);
#2582=CIRCLE('',#7008,5.);
#2583=CIRCLE('',#7010,5.);
#2584=CIRCLE('',#7011,5.525);
#2585=CIRCLE('',#7013,5.);
#2586=CIRCLE('',#7015,5.);
#2587=CIRCLE('',#7016,5.525);
#2588=CIRCLE('',#7018,5.);
#2589=CIRCLE('',#7046,14.7);
#2590=CIRCLE('',#7047,14.7);
#2591=CIRCLE('',#7051,11.);
#2592=CIRCLE('',#7052,11.);
#2593=CIRCLE('',#7057,15.);
#2594=CIRCLE('',#7081,11.);
#2595=CIRCLE('',#7082,11.);
#2596=CIRCLE('',#7087,15.);
#2597=CIRCLE('',#7112,0.499999998513625);
#2598=CIRCLE('',#7113,0.499999998513625);
#2599=CIRCLE('',#7116,0.600000005328716);
#2600=CIRCLE('',#7117,0.600000005328716);
#2601=CIRCLE('',#7119,17.199999979869);
#2602=CIRCLE('',#7120,17.199999979869);
#2603=CIRCLE('',#7122,0.599999994188033);
#2604=CIRCLE('',#7123,0.599999994188033);
#2605=CIRCLE('',#7126,0.499999998513621);
#2606=CIRCLE('',#7127,0.499999998513621);
#2607=CIRCLE('',#7129,20.0000000516789);
#2608=CIRCLE('',#7130,20.0000000516789);
#2609=CIRCLE('',#7132,0.499999991509887);
#2610=CIRCLE('',#7133,0.499999991509887);
#2611=CIRCLE('',#7136,1.00000000480411);
#2612=CIRCLE('',#7137,1.00000000480411);
#2613=CIRCLE('',#7139,16.8999984321355);
#2614=CIRCLE('',#7140,16.8999984321355);
#2615=CIRCLE('',#7142,1.00000004697109);
#2616=CIRCLE('',#7143,1.00000004697109);
#2617=CIRCLE('',#7146,0.500000011413728);
#2618=CIRCLE('',#7147,0.500000011413728);
#2619=CIRCLE('',#7150,0.199999990027626);
#2620=CIRCLE('',#7151,0.199999990027626);
#2621=CIRCLE('',#7153,15.0000000011302);
#2622=CIRCLE('',#7154,15.0000000011302);
#2623=CIRCLE('',#7156,0.200000012074163);
#2624=CIRCLE('',#7157,0.200000012074163);
#2625=CIRCLE('',#7160,1.9999999888089);
#2626=CIRCLE('',#7161,1.9999999888089);
#2627=CIRCLE('',#7163,18.2000001999647);
#2628=CIRCLE('',#7164,18.2000001999647);
#2629=CIRCLE('',#7166,0.200000000396169);
#2630=CIRCLE('',#7167,0.200000000396169);
#2631=CIRCLE('',#7170,0.19999999656187);
#2632=CIRCLE('',#7171,0.19999999656187);
#2633=CIRCLE('',#7173,16.6000014346373);
#2634=CIRCLE('',#7174,16.6000014346373);
#2635=CIRCLE('',#7176,0.499999968092007);
#2636=CIRCLE('',#7177,0.499999968092007);
#2637=CIRCLE('',#7180,0.499999998513622);
#2638=CIRCLE('',#7181,0.499999998513622);
#2639=CIRCLE('',#7183,20.0000000061947);
#2640=CIRCLE('',#7184,20.0000000061947);
#2641=CIRCLE('',#7186,0.499999998513625);
#2642=CIRCLE('',#7187,0.499999998513625);
#2643=CIRCLE('',#7190,0.600000005328719);
#2644=CIRCLE('',#7191,0.600000005328719);
#2645=CIRCLE('',#7193,17.199999979869);
#2646=CIRCLE('',#7194,17.199999979869);
#2647=CIRCLE('',#7196,0.599999994188037);
#2648=CIRCLE('',#7197,0.599999994188037);
#2649=CIRCLE('',#7200,0.499999998513621);
#2650=CIRCLE('',#7201,0.499999998513621);
#2651=CIRCLE('',#7203,20.0000000061948);
#2652=CIRCLE('',#7204,20.0000000061948);
#2653=CIRCLE('',#7208,14.9999999986124);
#2654=CIRCLE('',#7209,14.9999999986124);
#2655=CIRCLE('',#7211,0.199999985850121);
#2656=CIRCLE('',#7212,0.199999985850121);
#2657=CIRCLE('',#7215,0.200000096453932);
#2658=CIRCLE('',#7216,0.200000096453932);
#2659=CIRCLE('',#7218,16.8000011268371);
#2660=CIRCLE('',#7219,16.8000011268371);
#2661=CIRCLE('',#7221,1.99999999589839);
#2662=CIRCLE('',#7222,1.99999999589839);
#2663=CIRCLE('',#7225,0.200000006324083);
#2664=CIRCLE('',#7226,0.200000006324083);
#2665=CIRCLE('',#7228,19.9999988697448);
#2666=CIRCLE('',#7229,19.9999988697448);
#2667=CIRCLE('',#7231,0.199999996814319);
#2668=CIRCLE('',#7232,0.199999996814319);
#2669=CIRCLE('',#7235,0.600000007180751);
#2670=CIRCLE('',#7236,0.600000007180751);
#2671=CIRCLE('',#7238,17.1999999407365);
#2672=CIRCLE('',#7239,17.1999999407365);
#2673=CIRCLE('',#7241,0.599999992163889);
#2674=CIRCLE('',#7242,0.599999992163889);
#2675=CIRCLE('',#7245,0.600000003624639);
#2676=CIRCLE('',#7246,0.600000003624639);
#2677=CIRCLE('',#7248,20.0000000557447);
#2678=CIRCLE('',#7249,20.0000000557447);
#2679=CIRCLE('',#7251,0.600000001734783);
#2680=CIRCLE('',#7252,0.600000001734783);
#2681=CIRCLE('',#7255,0.600000002986291);
#2682=CIRCLE('',#7256,0.600000002986291);
#2683=CIRCLE('',#7258,17.2000000322371);
#2684=CIRCLE('',#7259,17.2000000322371);
#2685=CIRCLE('',#7261,0.200000002538666);
#2686=CIRCLE('',#7262,0.200000002538666);
#2687=CIRCLE('',#7265,16.3999996764778);
#2688=CIRCLE('',#7266,16.3999996764778);
#2689=CIRCLE('',#7268,0.199999995245605);
#2690=CIRCLE('',#7269,0.199999995245605);
#2691=CIRCLE('',#7272,0.199999999319345);
#2692=CIRCLE('',#7273,0.199999999319345);
#2693=CIRCLE('',#7275,18.1949992361115);
#2694=CIRCLE('',#7276,18.1949992361115);
#2695=CIRCLE('',#7278,2.00000000810226);
#2696=CIRCLE('',#7279,2.00000000810226);
#2697=CIRCLE('',#7282,0.199999989003059);
#2698=CIRCLE('',#7283,0.199999989003059);
#2699=CIRCLE('',#7285,0.199999989003057);
#2700=CIRCLE('',#7286,0.199999989003057);
#2701=VERTEX_POINT('',#9296);
#2702=VERTEX_POINT('',#9297);
#2703=VERTEX_POINT('',#9299);
#2704=VERTEX_POINT('',#9314);
#2705=VERTEX_POINT('',#9331);
#2706=VERTEX_POINT('',#9332);
#2707=VERTEX_POINT('',#9406);
#2708=VERTEX_POINT('',#9407);
#2709=VERTEX_POINT('',#9438);
#2710=VERTEX_POINT('',#9439);
#2711=VERTEX_POINT('',#9513);
#2712=VERTEX_POINT('',#9514);
#2713=VERTEX_POINT('',#9545);
#2714=VERTEX_POINT('',#9546);
#2715=VERTEX_POINT('',#9620);
#2716=VERTEX_POINT('',#9621);
#2717=VERTEX_POINT('',#9655);
#2718=VERTEX_POINT('',#9657);
#2719=VERTEX_POINT('',#9700);
#2720=VERTEX_POINT('',#9717);
#2721=VERTEX_POINT('',#9760);
#2722=VERTEX_POINT('',#9776);
#2723=VERTEX_POINT('',#9778);
#2724=VERTEX_POINT('',#9780);
#2725=VERTEX_POINT('',#9782);
#2726=VERTEX_POINT('',#9784);
#2727=VERTEX_POINT('',#9786);
#2728=VERTEX_POINT('',#9788);
#2729=VERTEX_POINT('',#9790);
#2730=VERTEX_POINT('',#9792);
#2731=VERTEX_POINT('',#9864);
#2732=VERTEX_POINT('',#9865);
#2733=VERTEX_POINT('',#9867);
#2734=VERTEX_POINT('',#9882);
#2735=VERTEX_POINT('',#9899);
#2736=VERTEX_POINT('',#9968);
#2737=VERTEX_POINT('',#9984);
#2738=VERTEX_POINT('',#10057);
#2739=VERTEX_POINT('',#10074);
#2740=VERTEX_POINT('',#10147);
#2741=VERTEX_POINT('',#10148);
#2742=VERTEX_POINT('',#10266);
#2743=VERTEX_POINT('',#10268);
#2744=VERTEX_POINT('',#10270);
#2745=VERTEX_POINT('',#10272);
#2746=VERTEX_POINT('',#10274);
#2747=VERTEX_POINT('',#10276);
#2748=VERTEX_POINT('',#10278);
#2749=VERTEX_POINT('',#10280);
#2750=VERTEX_POINT('',#10282);
#2751=VERTEX_POINT('',#10284);
#2752=VERTEX_POINT('',#10286);
#2753=VERTEX_POINT('',#10288);
#2754=VERTEX_POINT('',#10290);
#2755=VERTEX_POINT('',#10292);
#2756=VERTEX_POINT('',#10294);
#2757=VERTEX_POINT('',#10296);
#2758=VERTEX_POINT('',#10298);
#2759=VERTEX_POINT('',#10300);
#2760=VERTEX_POINT('',#10302);
#2761=VERTEX_POINT('',#10304);
#2762=VERTEX_POINT('',#10306);
#2763=VERTEX_POINT('',#10309);
#2764=VERTEX_POINT('',#10311);
#2765=VERTEX_POINT('',#10315);
#2766=VERTEX_POINT('',#10319);
#2767=VERTEX_POINT('',#10321);
#2768=VERTEX_POINT('',#10325);
#2769=VERTEX_POINT('',#10329);
#2770=VERTEX_POINT('',#10331);
#2771=VERTEX_POINT('',#10335);
#2772=VERTEX_POINT('',#10339);
#2773=VERTEX_POINT('',#10341);
#2774=VERTEX_POINT('',#10345);
#2775=VERTEX_POINT('',#10349);
#2776=VERTEX_POINT('',#10351);
#2777=VERTEX_POINT('',#10355);
#2778=VERTEX_POINT('',#10359);
#2779=VERTEX_POINT('',#10361);
#2780=VERTEX_POINT('',#10365);
#2781=VERTEX_POINT('',#10369);
#2782=VERTEX_POINT('',#10371);
#2783=VERTEX_POINT('',#10375);
#2784=VERTEX_POINT('',#10379);
#2785=VERTEX_POINT('',#10381);
#2786=VERTEX_POINT('',#10385);
#2787=VERTEX_POINT('',#10405);
#2788=VERTEX_POINT('',#10409);
#2789=VERTEX_POINT('',#10410);
#2790=VERTEX_POINT('',#10418);
#2791=VERTEX_POINT('',#10423);
#2792=VERTEX_POINT('',#10428);
#2793=VERTEX_POINT('',#10433);
#2794=VERTEX_POINT('',#10438);
#2795=VERTEX_POINT('',#10443);
#2796=VERTEX_POINT('',#10448);
#2797=VERTEX_POINT('',#10453);
#2798=VERTEX_POINT('',#10458);
#2799=VERTEX_POINT('',#10463);
#2800=VERTEX_POINT('',#10468);
#2801=VERTEX_POINT('',#10473);
#2802=VERTEX_POINT('',#10479);
#2803=VERTEX_POINT('',#10481);
#2804=VERTEX_POINT('',#10518);
#2805=VERTEX_POINT('',#10520);
#2806=VERTEX_POINT('',#10557);
#2807=VERTEX_POINT('',#10559);
#2808=VERTEX_POINT('',#10561);
#2809=VERTEX_POINT('',#10580);
#2810=VERTEX_POINT('',#10602);
#2811=VERTEX_POINT('',#10604);
#2812=VERTEX_POINT('',#10606);
#2813=VERTEX_POINT('',#10644);
#2814=VERTEX_POINT('',#10646);
#2815=VERTEX_POINT('',#10648);
#2816=VERTEX_POINT('',#10686);
#2817=VERTEX_POINT('',#10688);
#2818=VERTEX_POINT('',#10690);
#2819=VERTEX_POINT('',#10797);
#2820=VERTEX_POINT('',#10798);
#2821=VERTEX_POINT('',#10800);
#2822=VERTEX_POINT('',#10815);
#2823=VERTEX_POINT('',#10832);
#2824=VERTEX_POINT('',#10833);
#2825=VERTEX_POINT('',#10902);
#2826=VERTEX_POINT('',#10903);
#2827=VERTEX_POINT('',#10932);
#2828=VERTEX_POINT('',#10933);
#2829=VERTEX_POINT('',#11007);
#2830=VERTEX_POINT('',#11008);
#2831=VERTEX_POINT('',#11039);
#2832=VERTEX_POINT('',#11040);
#2833=VERTEX_POINT('',#11104);
#2834=VERTEX_POINT('',#11105);
#2835=VERTEX_POINT('',#11135);
#2836=VERTEX_POINT('',#11137);
#2837=VERTEX_POINT('',#11180);
#2838=VERTEX_POINT('',#11195);
#2839=VERTEX_POINT('',#11238);
#2840=VERTEX_POINT('',#11254);
#2841=VERTEX_POINT('',#11256);
#2842=VERTEX_POINT('',#11323);
#2843=VERTEX_POINT('',#11324);
#2844=VERTEX_POINT('',#11326);
#2845=VERTEX_POINT('',#11340);
#2846=VERTEX_POINT('',#11356);
#2847=VERTEX_POINT('',#11425);
#2848=VERTEX_POINT('',#11441);
#2849=VERTEX_POINT('',#11504);
#2850=VERTEX_POINT('',#11519);
#2851=VERTEX_POINT('',#11592);
#2852=VERTEX_POINT('',#11593);
#2853=VERTEX_POINT('',#11711);
#2854=VERTEX_POINT('',#11713);
#2855=VERTEX_POINT('',#11715);
#2856=VERTEX_POINT('',#11717);
#2857=VERTEX_POINT('',#11719);
#2858=VERTEX_POINT('',#11721);
#2859=VERTEX_POINT('',#11723);
#2860=VERTEX_POINT('',#11725);
#2861=VERTEX_POINT('',#11728);
#2862=VERTEX_POINT('',#11730);
#2863=VERTEX_POINT('',#11734);
#2864=VERTEX_POINT('',#11740);
#2865=VERTEX_POINT('',#11744);
#2866=VERTEX_POINT('',#11745);
#2867=VERTEX_POINT('',#11753);
#2868=VERTEX_POINT('',#11759);
#2869=VERTEX_POINT('',#11764);
#2870=VERTEX_POINT('',#11769);
#2871=VERTEX_POINT('',#11774);
#2872=VERTEX_POINT('',#11779);
#2873=VERTEX_POINT('',#11785);
#2874=VERTEX_POINT('',#11787);
#2875=VERTEX_POINT('',#11791);
#2876=VERTEX_POINT('',#11793);
#2877=VERTEX_POINT('',#11800);
#2878=VERTEX_POINT('',#11801);
#2879=VERTEX_POINT('',#11803);
#2880=VERTEX_POINT('',#11805);
#2881=VERTEX_POINT('',#11807);
#2882=VERTEX_POINT('',#11885);
#2883=VERTEX_POINT('',#11890);
#2884=VERTEX_POINT('',#11892);
#2885=VERTEX_POINT('',#11931);
#2886=VERTEX_POINT('',#11932);
#2887=VERTEX_POINT('',#11974);
#2888=VERTEX_POINT('',#11975);
#2889=VERTEX_POINT('',#12029);
#2890=VERTEX_POINT('',#12030);
#2891=VERTEX_POINT('',#12035);
#2892=VERTEX_POINT('',#12036);
#2893=VERTEX_POINT('',#12082);
#2894=VERTEX_POINT('',#12083);
#2895=VERTEX_POINT('',#12117);
#2896=VERTEX_POINT('',#12123);
#2897=VERTEX_POINT('',#12160);
#2898=VERTEX_POINT('',#12161);
#2899=VERTEX_POINT('',#12197);
#2900=VERTEX_POINT('',#12202);
#2901=VERTEX_POINT('',#12207);
#2902=VERTEX_POINT('',#12262);
#2903=VERTEX_POINT('',#12264);
#2904=VERTEX_POINT('',#12266);
#2905=VERTEX_POINT('',#12273);
#2906=VERTEX_POINT('',#12275);
#2907=VERTEX_POINT('',#12277);
#2908=VERTEX_POINT('',#12305);
#2909=VERTEX_POINT('',#12306);
#2910=VERTEX_POINT('',#12311);
#2911=VERTEX_POINT('',#12312);
#2912=VERTEX_POINT('',#12341);
#2913=VERTEX_POINT('',#12342);
#2914=VERTEX_POINT('',#12347);
#2915=VERTEX_POINT('',#12365);
#2916=VERTEX_POINT('',#12369);
#2917=VERTEX_POINT('',#12371);
#2918=VERTEX_POINT('',#12373);
#2919=VERTEX_POINT('',#12377);
#2920=VERTEX_POINT('',#12381);
#2921=VERTEX_POINT('',#12384);
#2922=VERTEX_POINT('',#12386);
#2923=VERTEX_POINT('',#12390);
#2924=VERTEX_POINT('',#12399);
#2925=VERTEX_POINT('',#12401);
#2926=VERTEX_POINT('',#12403);
#2927=VERTEX_POINT('',#12409);
#2928=VERTEX_POINT('',#12419);
#2929=VERTEX_POINT('',#12421);
#2930=VERTEX_POINT('',#12425);
#2931=VERTEX_POINT('',#12428);
#2932=VERTEX_POINT('',#12432);
#2933=VERTEX_POINT('',#12435);
#2934=VERTEX_POINT('',#12439);
#2935=VERTEX_POINT('',#12442);
#2936=VERTEX_POINT('',#12443);
#2937=VERTEX_POINT('',#12445);
#2938=VERTEX_POINT('',#12447);
#2939=VERTEX_POINT('',#12451);
#2940=VERTEX_POINT('',#12453);
#2941=VERTEX_POINT('',#12457);
#2942=VERTEX_POINT('',#12459);
#2943=VERTEX_POINT('',#12465);
#2944=VERTEX_POINT('',#12469);
#2945=VERTEX_POINT('',#12470);
#2946=VERTEX_POINT('',#12473);
#2947=VERTEX_POINT('',#12477);
#2948=VERTEX_POINT('',#12479);
#2949=VERTEX_POINT('',#12485);
#2950=VERTEX_POINT('',#12489);
#2951=VERTEX_POINT('',#12492);
#2952=VERTEX_POINT('',#12496);
#2953=VERTEX_POINT('',#12498);
#2954=VERTEX_POINT('',#12500);
#2955=VERTEX_POINT('',#12504);
#2956=VERTEX_POINT('',#12507);
#2957=VERTEX_POINT('',#12511);
#2958=VERTEX_POINT('',#12512);
#2959=VERTEX_POINT('',#12522);
#2960=VERTEX_POINT('',#12524);
#2961=VERTEX_POINT('',#12528);
#2962=VERTEX_POINT('',#12530);
#2963=VERTEX_POINT('',#12534);
#2964=VERTEX_POINT('',#12535);
#2965=VERTEX_POINT('',#12546);
#2966=VERTEX_POINT('',#12575);
#2967=VERTEX_POINT('',#12579);
#2968=VERTEX_POINT('',#12581);
#2969=VERTEX_POINT('',#12585);
#2970=VERTEX_POINT('',#12587);
#2971=VERTEX_POINT('',#12591);
#2972=VERTEX_POINT('',#12592);
#2973=VERTEX_POINT('',#12603);
#2974=VERTEX_POINT('',#12632);
#2975=VERTEX_POINT('',#12636);
#2976=VERTEX_POINT('',#12638);
#2977=VERTEX_POINT('',#12640);
#2978=VERTEX_POINT('',#12644);
#2979=VERTEX_POINT('',#12645);
#2980=VERTEX_POINT('',#12648);
#2981=VERTEX_POINT('',#12652);
#2982=VERTEX_POINT('',#12654);
#2983=VERTEX_POINT('',#12658);
#2984=VERTEX_POINT('',#12660);
#2985=VERTEX_POINT('',#12662);
#2986=VERTEX_POINT('',#12664);
#2987=VERTEX_POINT('',#12666);
#2988=VERTEX_POINT('',#12670);
#2989=VERTEX_POINT('',#12672);
#2990=VERTEX_POINT('',#12676);
#2991=VERTEX_POINT('',#12678);
#2992=VERTEX_POINT('',#12682);
#2993=VERTEX_POINT('',#12683);
#2994=VERTEX_POINT('',#12688);
#2995=VERTEX_POINT('',#12690);
#2996=VERTEX_POINT('',#12694);
#2997=VERTEX_POINT('',#12698);
#2998=VERTEX_POINT('',#12700);
#2999=VERTEX_POINT('',#12704);
#3000=VERTEX_POINT('',#12708);
#3001=VERTEX_POINT('',#12710);
#3002=VERTEX_POINT('',#12714);
#3003=VERTEX_POINT('',#12718);
#3004=VERTEX_POINT('',#12720);
#3005=VERTEX_POINT('',#12724);
#3006=VERTEX_POINT('',#12730);
#3007=VERTEX_POINT('',#12735);
#3008=VERTEX_POINT('',#12736);
#3009=VERTEX_POINT('',#12740);
#3010=VERTEX_POINT('',#12742);
#3011=VERTEX_POINT('',#12748);
#3012=VERTEX_POINT('',#12749);
#3013=VERTEX_POINT('',#12753);
#3014=VERTEX_POINT('',#12760);
#3015=VERTEX_POINT('',#12761);
#3016=VERTEX_POINT('',#12766);
#3017=VERTEX_POINT('',#12772);
#3018=VERTEX_POINT('',#12773);
#3019=VERTEX_POINT('',#12777);
#3020=VERTEX_POINT('',#12784);
#3021=VERTEX_POINT('',#12785);
#3022=VERTEX_POINT('',#12790);
#3023=VERTEX_POINT('',#12796);
#3024=VERTEX_POINT('',#12800);
#3025=VERTEX_POINT('',#12807);
#3026=VERTEX_POINT('',#12809);
#3027=VERTEX_POINT('',#12813);
#3028=VERTEX_POINT('',#12819);
#3029=VERTEX_POINT('',#12823);
#3030=VERTEX_POINT('',#12825);
#3031=VERTEX_POINT('',#12833);
#3032=VERTEX_POINT('',#12837);
#3033=VERTEX_POINT('',#12839);
#3034=VERTEX_POINT('',#12843);
#3035=VERTEX_POINT('',#12849);
#3036=VERTEX_POINT('',#12851);
#3037=VERTEX_POINT('',#12859);
#3038=VERTEX_POINT('',#12861);
#3039=VERTEX_POINT('',#12870);
#3040=VERTEX_POINT('',#12871);
#3041=VERTEX_POINT('',#12876);
#3042=VERTEX_POINT('',#12885);
#3043=VERTEX_POINT('',#12904);
#3044=VERTEX_POINT('',#12905);
#3045=VERTEX_POINT('',#12907);
#3046=VERTEX_POINT('',#12909);
#3047=VERTEX_POINT('',#12913);
#3048=VERTEX_POINT('',#12915);
#3049=VERTEX_POINT('',#12919);
#3050=VERTEX_POINT('',#12921);
#3051=VERTEX_POINT('',#12925);
#3052=VERTEX_POINT('',#12927);
#3053=VERTEX_POINT('',#12931);
#3054=VERTEX_POINT('',#12933);
#3055=VERTEX_POINT('',#12945);
#3056=VERTEX_POINT('',#12946);
#3057=VERTEX_POINT('',#12948);
#3058=VERTEX_POINT('',#12950);
#3059=VERTEX_POINT('',#12954);
#3060=VERTEX_POINT('',#12956);
#3061=VERTEX_POINT('',#12960);
#3062=VERTEX_POINT('',#12962);
#3063=VERTEX_POINT('',#12966);
#3064=VERTEX_POINT('',#12968);
#3065=VERTEX_POINT('',#12972);
#3066=VERTEX_POINT('',#12974);
#3067=VERTEX_POINT('',#12983);
#3068=VERTEX_POINT('',#12985);
#3069=VERTEX_POINT('',#12988);
#3070=VERTEX_POINT('',#12990);
#3071=VERTEX_POINT('',#12996);
#3072=VERTEX_POINT('',#12997);
#3073=VERTEX_POINT('',#12999);
#3074=VERTEX_POINT('',#13001);
#3075=VERTEX_POINT('',#13014);
#3076=VERTEX_POINT('',#13016);
#3077=VERTEX_POINT('',#13018);
#3078=VERTEX_POINT('',#13020);
#3079=VERTEX_POINT('',#13026);
#3080=VERTEX_POINT('',#13028);
#3081=VERTEX_POINT('',#13041);
#3082=VERTEX_POINT('',#13043);
#3083=VERTEX_POINT('',#13045);
#3084=VERTEX_POINT('',#13047);
#3085=VERTEX_POINT('',#13049);
#3086=VERTEX_POINT('',#13051);
#3087=VERTEX_POINT('',#13066);
#3088=VERTEX_POINT('',#13067);
#3089=VERTEX_POINT('',#13069);
#3090=VERTEX_POINT('',#13071);
#3091=VERTEX_POINT('',#13075);
#3092=VERTEX_POINT('',#13077);
#3093=VERTEX_POINT('',#13081);
#3094=VERTEX_POINT('',#13083);
#3095=VERTEX_POINT('',#13087);
#3096=VERTEX_POINT('',#13089);
#3097=VERTEX_POINT('',#13093);
#3098=VERTEX_POINT('',#13095);
#3099=VERTEX_POINT('',#13114);
#3100=VERTEX_POINT('',#13115);
#3101=VERTEX_POINT('',#13117);
#3102=VERTEX_POINT('',#13119);
#3103=VERTEX_POINT('',#13132);
#3104=VERTEX_POINT('',#13134);
#3105=VERTEX_POINT('',#13136);
#3106=VERTEX_POINT('',#13138);
#3107=VERTEX_POINT('',#13144);
#3108=VERTEX_POINT('',#13146);
#3109=VERTEX_POINT('',#13159);
#3110=VERTEX_POINT('',#13161);
#3111=VERTEX_POINT('',#13163);
#3112=VERTEX_POINT('',#13165);
#3113=VERTEX_POINT('',#13167);
#3114=VERTEX_POINT('',#13169);
#3115=VERTEX_POINT('',#13184);
#3116=VERTEX_POINT('',#13185);
#3117=VERTEX_POINT('',#13187);
#3118=VERTEX_POINT('',#13189);
#3119=VERTEX_POINT('',#13193);
#3120=VERTEX_POINT('',#13195);
#3121=VERTEX_POINT('',#13199);
#3122=VERTEX_POINT('',#13201);
#3123=VERTEX_POINT('',#13205);
#3124=VERTEX_POINT('',#13207);
#3125=VERTEX_POINT('',#13211);
#3126=VERTEX_POINT('',#13213);
#3127=VERTEX_POINT('',#13233);
#3128=VERTEX_POINT('',#13234);
#3129=VERTEX_POINT('',#13236);
#3130=VERTEX_POINT('',#13238);
#3131=VERTEX_POINT('',#13242);
#3132=VERTEX_POINT('',#13244);
#3133=VERTEX_POINT('',#13248);
#3134=VERTEX_POINT('',#13250);
#3135=VERTEX_POINT('',#13254);
#3136=VERTEX_POINT('',#13256);
#3137=VERTEX_POINT('',#13260);
#3138=VERTEX_POINT('',#13262);
#3139=VERTEX_POINT('',#13266);
#3140=VERTEX_POINT('',#13268);
#3141=VERTEX_POINT('',#13272);
#3142=VERTEX_POINT('',#13274);
#3143=VERTEX_POINT('',#13278);
#3144=VERTEX_POINT('',#13280);
#3145=VERTEX_POINT('',#13284);
#3146=VERTEX_POINT('',#13286);
#3147=VERTEX_POINT('',#13290);
#3148=VERTEX_POINT('',#13292);
#3149=VERTEX_POINT('',#13296);
#3150=VERTEX_POINT('',#13298);
#3151=VERTEX_POINT('',#13302);
#3152=VERTEX_POINT('',#13304);
#3153=VERTEX_POINT('',#13308);
#3154=VERTEX_POINT('',#13310);
#3155=VERTEX_POINT('',#13314);
#3156=VERTEX_POINT('',#13316);
#3157=VERTEX_POINT('',#13320);
#3158=VERTEX_POINT('',#13322);
#3159=VERTEX_POINT('',#13326);
#3160=VERTEX_POINT('',#13328);
#3161=VERTEX_POINT('',#13332);
#3162=VERTEX_POINT('',#13334);
#3163=VERTEX_POINT('',#13338);
#3164=VERTEX_POINT('',#13340);
#3165=VERTEX_POINT('',#13344);
#3166=VERTEX_POINT('',#13346);
#3167=VERTEX_POINT('',#13350);
#3168=VERTEX_POINT('',#13352);
#3169=VERTEX_POINT('',#13356);
#3170=VERTEX_POINT('',#13358);
#3171=VERTEX_POINT('',#13362);
#3172=VERTEX_POINT('',#13364);
#3173=VERTEX_POINT('',#13368);
#3174=VERTEX_POINT('',#13370);
#3175=VERTEX_POINT('',#13374);
#3176=VERTEX_POINT('',#13376);
#3177=VERTEX_POINT('',#13380);
#3178=VERTEX_POINT('',#13382);
#3179=VERTEX_POINT('',#13386);
#3180=VERTEX_POINT('',#13388);
#3181=VERTEX_POINT('',#13392);
#3182=VERTEX_POINT('',#13394);
#3183=VERTEX_POINT('',#13398);
#3184=VERTEX_POINT('',#13400);
#3185=VERTEX_POINT('',#13404);
#3186=VERTEX_POINT('',#13406);
#3187=VERTEX_POINT('',#13410);
#3188=VERTEX_POINT('',#13412);
#3189=VERTEX_POINT('',#13416);
#3190=VERTEX_POINT('',#13418);
#3191=VERTEX_POINT('',#13422);
#3192=VERTEX_POINT('',#13424);
#3193=VERTEX_POINT('',#13428);
#3194=VERTEX_POINT('',#13430);
#3195=VERTEX_POINT('',#13434);
#3196=VERTEX_POINT('',#13436);
#3197=VERTEX_POINT('',#13440);
#3198=VERTEX_POINT('',#13442);
#3199=VERTEX_POINT('',#13446);
#3200=VERTEX_POINT('',#13448);
#3201=VERTEX_POINT('',#13452);
#3202=VERTEX_POINT('',#13454);
#3203=VERTEX_POINT('',#13463);
#3204=VERTEX_POINT('',#13464);
#3205=VERTEX_POINT('',#13466);
#3206=VERTEX_POINT('',#13468);
#3207=VERTEX_POINT('',#13472);
#3208=VERTEX_POINT('',#13473);
#3209=VERTEX_POINT('',#13475);
#3210=VERTEX_POINT('',#13477);
#3211=VERTEX_POINT('',#13481);
#3212=VERTEX_POINT('',#13483);
#3213=VERTEX_POINT('',#13487);
#3214=VERTEX_POINT('',#13489);
#3215=VERTEX_POINT('',#13493);
#3216=VERTEX_POINT('',#13495);
#3217=VERTEX_POINT('',#13499);
#3218=VERTEX_POINT('',#13501);
#3219=VERTEX_POINT('',#13505);
#3220=VERTEX_POINT('',#13507);
#3221=VERTEX_POINT('',#13511);
#3222=VERTEX_POINT('',#13513);
#3223=VERTEX_POINT('',#13517);
#3224=VERTEX_POINT('',#13519);
#3225=VERTEX_POINT('',#13523);
#3226=VERTEX_POINT('',#13525);
#3227=VERTEX_POINT('',#13529);
#3228=VERTEX_POINT('',#13531);
#3229=VERTEX_POINT('',#13535);
#3230=VERTEX_POINT('',#13537);
#3231=VERTEX_POINT('',#13541);
#3232=VERTEX_POINT('',#13543);
#3233=VERTEX_POINT('',#13547);
#3234=VERTEX_POINT('',#13549);
#3235=VERTEX_POINT('',#13553);
#3236=VERTEX_POINT('',#13555);
#3237=VERTEX_POINT('',#13559);
#3238=VERTEX_POINT('',#13561);
#3239=VERTEX_POINT('',#13565);
#3240=VERTEX_POINT('',#13567);
#3241=VERTEX_POINT('',#13571);
#3242=VERTEX_POINT('',#13573);
#3243=VERTEX_POINT('',#13577);
#3244=VERTEX_POINT('',#13579);
#3245=VERTEX_POINT('',#13583);
#3246=VERTEX_POINT('',#13585);
#3247=VERTEX_POINT('',#13589);
#3248=VERTEX_POINT('',#13591);
#3249=VERTEX_POINT('',#13595);
#3250=VERTEX_POINT('',#13597);
#3251=VERTEX_POINT('',#13601);
#3252=VERTEX_POINT('',#13603);
#3253=VERTEX_POINT('',#13607);
#3254=VERTEX_POINT('',#13609);
#3255=VERTEX_POINT('',#13613);
#3256=VERTEX_POINT('',#13615);
#3257=VERTEX_POINT('',#13619);
#3258=VERTEX_POINT('',#13621);
#3259=VERTEX_POINT('',#13625);
#3260=VERTEX_POINT('',#13627);
#3261=VERTEX_POINT('',#13631);
#3262=VERTEX_POINT('',#13633);
#3263=VERTEX_POINT('',#13637);
#3264=VERTEX_POINT('',#13639);
#3265=VERTEX_POINT('',#13643);
#3266=VERTEX_POINT('',#13645);
#3267=VERTEX_POINT('',#13652);
#3268=VERTEX_POINT('',#13654);
#3269=EDGE_CURVE('',#2701,#2702,#2321,.T.);
#3270=EDGE_CURVE('',#2702,#2703,#2250,.T.);
#3271=EDGE_CURVE('',#2703,#2704,#2322,.T.);
#3272=EDGE_CURVE('',#2704,#2701,#2251,.T.);
#3273=EDGE_CURVE('',#2705,#2706,#2323,.T.);
#3274=EDGE_CURVE('',#2706,#2702,#475,.T.);
#3275=EDGE_CURVE('',#2701,#2705,#476,.T.);
#3276=EDGE_CURVE('',#2707,#2708,#2324,.T.);
#3277=EDGE_CURVE('',#2708,#2706,#2252,.T.);
#3278=EDGE_CURVE('',#2705,#2707,#2253,.T.);
#3279=EDGE_CURVE('',#2709,#2710,#2325,.T.);
#3280=EDGE_CURVE('',#2710,#2708,#477,.T.);
#3281=EDGE_CURVE('',#2707,#2709,#478,.T.);
#3282=EDGE_CURVE('',#2711,#2712,#2326,.T.);
#3283=EDGE_CURVE('',#2712,#2710,#2254,.T.);
#3284=EDGE_CURVE('',#2709,#2711,#2255,.T.);
#3285=EDGE_CURVE('',#2713,#2714,#2327,.T.);
#3286=EDGE_CURVE('',#2714,#2712,#479,.T.);
#3287=EDGE_CURVE('',#2711,#2713,#480,.T.);
#3288=EDGE_CURVE('',#2715,#2716,#2328,.T.);
#3289=EDGE_CURVE('',#2716,#2714,#2256,.T.);
#3290=EDGE_CURVE('',#2713,#2715,#2257,.T.);
#3291=EDGE_CURVE('',#2715,#2704,#481,.T.);
#3292=EDGE_CURVE('',#2703,#2716,#482,.T.);
#3293=EDGE_CURVE('',#2717,#2714,#483,.T.);
#3294=EDGE_CURVE('',#2718,#2717,#484,.T.);
#3295=EDGE_CURVE('',#2712,#2718,#485,.T.);
#3296=EDGE_CURVE('',#2716,#2719,#486,.T.);
#3297=EDGE_CURVE('',#2717,#2719,#2258,.T.);
#3298=EDGE_CURVE('',#2720,#2703,#487,.T.);
#3299=EDGE_CURVE('',#2719,#2720,#488,.T.);
#3300=EDGE_CURVE('',#2702,#2721,#489,.T.);
#3301=EDGE_CURVE('',#2720,#2721,#2259,.T.);
#3302=EDGE_CURVE('',#2722,#2722,#2329,.T.);
#3303=EDGE_CURVE('',#2723,#2723,#2330,.T.);
#3304=EDGE_CURVE('',#2724,#2724,#2331,.T.);
#3305=EDGE_CURVE('',#2725,#2725,#2332,.T.);
#3306=EDGE_CURVE('',#2726,#2726,#2333,.T.);
#3307=EDGE_CURVE('',#2727,#2727,#2334,.T.);
#3308=EDGE_CURVE('',#2728,#2728,#2335,.T.);
#3309=EDGE_CURVE('',#2729,#2729,#2336,.T.);
#3310=EDGE_CURVE('',#2730,#2730,#2337,.T.);
#3311=EDGE_CURVE('',#2731,#2732,#2338,.T.);
#3312=EDGE_CURVE('',#2732,#2733,#2260,.T.);
#3313=EDGE_CURVE('',#2733,#2734,#2339,.T.);
#3314=EDGE_CURVE('',#2734,#2731,#2261,.T.);
#3315=EDGE_CURVE('',#2735,#2721,#2340,.T.);
#3316=EDGE_CURVE('',#2721,#2732,#490,.T.);
#3317=EDGE_CURVE('',#2731,#2735,#491,.T.);
#3318=EDGE_CURVE('',#2736,#2720,#2341,.T.);
#3319=EDGE_CURVE('',#2735,#2736,#2262,.T.);
#3320=EDGE_CURVE('',#2737,#2719,#2342,.T.);
#3321=EDGE_CURVE('',#2736,#2737,#492,.T.);
#3322=EDGE_CURVE('',#2738,#2717,#2343,.T.);
#3323=EDGE_CURVE('',#2737,#2738,#2263,.T.);
#3324=EDGE_CURVE('',#2739,#2718,#2344,.T.);
#3325=EDGE_CURVE('',#2738,#2739,#493,.T.);
#3326=EDGE_CURVE('',#2740,#2741,#2345,.T.);
#3327=EDGE_CURVE('',#2741,#2718,#2264,.T.);
#3328=EDGE_CURVE('',#2739,#2740,#2265,.T.);
#3329=EDGE_CURVE('',#2740,#2734,#494,.T.);
#3330=EDGE_CURVE('',#2733,#2741,#495,.T.);
#3331=EDGE_CURVE('',#2741,#2710,#496,.T.);
#3332=EDGE_CURVE('',#2708,#2733,#497,.T.);
#3333=EDGE_CURVE('',#2732,#2706,#498,.T.);
#3334=EDGE_CURVE('',#2742,#2742,#2346,.T.);
#3335=EDGE_CURVE('',#2743,#2743,#2347,.T.);
#3336=EDGE_CURVE('',#2744,#2744,#2348,.T.);
#3337=EDGE_CURVE('',#2745,#2745,#2349,.T.);
#3338=EDGE_CURVE('',#2746,#2746,#2350,.T.);
#3339=EDGE_CURVE('',#2747,#2747,#2351,.T.);
#3340=EDGE_CURVE('',#2748,#2748,#2352,.T.);
#3341=EDGE_CURVE('',#2749,#2749,#2353,.T.);
#3342=EDGE_CURVE('',#2750,#2750,#2354,.T.);
#3343=EDGE_CURVE('',#2751,#2751,#2355,.T.);
#3344=EDGE_CURVE('',#2752,#2752,#2356,.T.);
#3345=EDGE_CURVE('',#2753,#2753,#2357,.T.);
#3346=EDGE_CURVE('',#2754,#2754,#2358,.T.);
#3347=EDGE_CURVE('',#2755,#2755,#2359,.T.);
#3348=EDGE_CURVE('',#2756,#2756,#2360,.T.);
#3349=EDGE_CURVE('',#2757,#2757,#2361,.T.);
#3350=EDGE_CURVE('',#2758,#2758,#2362,.T.);
#3351=EDGE_CURVE('',#2759,#2759,#2363,.T.);
#3352=EDGE_CURVE('',#2760,#2760,#2364,.T.);
#3353=EDGE_CURVE('',#2761,#2761,#2365,.T.);
#3354=EDGE_CURVE('',#2762,#2762,#2366,.T.);
#3355=EDGE_CURVE('',#2742,#2763,#499,.T.);
#3356=EDGE_CURVE('',#2763,#2764,#2367,.T.);
#3357=EDGE_CURVE('',#2764,#2763,#2368,.T.);
#3358=EDGE_CURVE('',#2764,#2765,#500,.T.);
#3359=EDGE_CURVE('',#2765,#2765,#2369,.T.);
#3360=EDGE_CURVE('',#2762,#2766,#501,.T.);
#3361=EDGE_CURVE('',#2766,#2767,#2370,.T.);
#3362=EDGE_CURVE('',#2767,#2766,#2371,.T.);
#3363=EDGE_CURVE('',#2767,#2768,#502,.T.);
#3364=EDGE_CURVE('',#2768,#2768,#2372,.T.);
#3365=EDGE_CURVE('',#2743,#2769,#503,.T.);
#3366=EDGE_CURVE('',#2769,#2770,#2373,.T.);
#3367=EDGE_CURVE('',#2770,#2769,#2374,.T.);
#3368=EDGE_CURVE('',#2770,#2771,#504,.T.);
#3369=EDGE_CURVE('',#2771,#2771,#2375,.T.);
#3370=EDGE_CURVE('',#2761,#2772,#505,.T.);
#3371=EDGE_CURVE('',#2772,#2773,#2376,.T.);
#3372=EDGE_CURVE('',#2773,#2772,#2377,.T.);
#3373=EDGE_CURVE('',#2773,#2774,#506,.T.);
#3374=EDGE_CURVE('',#2774,#2774,#2378,.T.);
#3375=EDGE_CURVE('',#2744,#2775,#507,.T.);
#3376=EDGE_CURVE('',#2775,#2776,#2379,.T.);
#3377=EDGE_CURVE('',#2776,#2775,#2380,.T.);
#3378=EDGE_CURVE('',#2776,#2777,#508,.T.);
#3379=EDGE_CURVE('',#2777,#2777,#2381,.T.);
#3380=EDGE_CURVE('',#2760,#2778,#509,.T.);
#3381=EDGE_CURVE('',#2778,#2779,#2382,.T.);
#3382=EDGE_CURVE('',#2779,#2778,#2383,.T.);
#3383=EDGE_CURVE('',#2779,#2780,#510,.T.);
#3384=EDGE_CURVE('',#2780,#2780,#2384,.T.);
#3385=EDGE_CURVE('',#2745,#2781,#511,.T.);
#3386=EDGE_CURVE('',#2781,#2782,#2385,.T.);
#3387=EDGE_CURVE('',#2782,#2781,#2386,.T.);
#3388=EDGE_CURVE('',#2782,#2783,#512,.T.);
#3389=EDGE_CURVE('',#2783,#2783,#2387,.T.);
#3390=EDGE_CURVE('',#2759,#2784,#513,.T.);
#3391=EDGE_CURVE('',#2784,#2785,#2388,.T.);
#3392=EDGE_CURVE('',#2785,#2784,#2389,.T.);
#3393=EDGE_CURVE('',#2785,#2786,#514,.T.);
#3394=EDGE_CURVE('',#2786,#2786,#2390,.T.);
#3395=EDGE_CURVE('',#2722,#2765,#515,.T.);
#3396=EDGE_CURVE('',#2730,#2780,#516,.T.);
#3397=EDGE_CURVE('',#2723,#2783,#517,.T.);
#3398=EDGE_CURVE('',#2729,#2777,#518,.T.);
#3399=EDGE_CURVE('',#2724,#2768,#519,.T.);
#3400=EDGE_CURVE('',#2728,#2771,#520,.T.);
#3401=EDGE_CURVE('',#2725,#2774,#521,.T.);
#3402=EDGE_CURVE('',#2727,#2786,#522,.T.);
#3403=EDGE_CURVE('',#2726,#2787,#523,.T.);
#3404=EDGE_CURVE('',#2787,#2787,#2391,.T.);
#3405=EDGE_CURVE('',#2788,#2789,#2392,.T.);
#3406=EDGE_CURVE('',#2789,#2788,#2393,.T.);
#3407=EDGE_CURVE('',#2789,#2787,#524,.T.);
#3408=EDGE_CURVE('',#2746,#2788,#525,.T.);
#3409=EDGE_CURVE('',#2747,#2790,#526,.T.);
#3410=EDGE_CURVE('',#2790,#2790,#2394,.T.);
#3411=EDGE_CURVE('',#2748,#2791,#527,.T.);
#3412=EDGE_CURVE('',#2791,#2791,#2395,.T.);
#3413=EDGE_CURVE('',#2749,#2792,#528,.T.);
#3414=EDGE_CURVE('',#2792,#2792,#2396,.T.);
#3415=EDGE_CURVE('',#2750,#2793,#529,.T.);
#3416=EDGE_CURVE('',#2793,#2793,#2397,.T.);
#3417=EDGE_CURVE('',#2751,#2794,#530,.T.);
#3418=EDGE_CURVE('',#2794,#2794,#2398,.T.);
#3419=EDGE_CURVE('',#2752,#2795,#531,.T.);
#3420=EDGE_CURVE('',#2795,#2795,#2399,.T.);
#3421=EDGE_CURVE('',#2753,#2796,#532,.T.);
#3422=EDGE_CURVE('',#2796,#2796,#2400,.T.);
#3423=EDGE_CURVE('',#2754,#2797,#533,.T.);
#3424=EDGE_CURVE('',#2797,#2797,#2401,.T.);
#3425=EDGE_CURVE('',#2755,#2798,#534,.T.);
#3426=EDGE_CURVE('',#2798,#2798,#2402,.T.);
#3427=EDGE_CURVE('',#2756,#2799,#535,.T.);
#3428=EDGE_CURVE('',#2799,#2799,#2403,.T.);
#3429=EDGE_CURVE('',#2757,#2800,#536,.T.);
#3430=EDGE_CURVE('',#2800,#2800,#2404,.T.);
#3431=EDGE_CURVE('',#2758,#2801,#537,.T.);
#3432=EDGE_CURVE('',#2801,#2801,#2405,.T.);
#3433=EDGE_CURVE('',#2802,#2802,#2406,.T.);
#3434=EDGE_CURVE('',#2802,#2803,#538,.T.);
#3435=EDGE_CURVE('',#2803,#2803,#2266,.T.);
#3436=EDGE_CURVE('',#2804,#2804,#2407,.T.);
#3437=EDGE_CURVE('',#2804,#2805,#539,.T.);
#3438=EDGE_CURVE('',#2805,#2805,#2267,.T.);
#3439=EDGE_CURVE('',#2806,#2806,#2408,.T.);
#3440=EDGE_CURVE('',#2806,#2807,#540,.T.);
#3441=EDGE_CURVE('',#2808,#2807,#2268,.T.);
#3442=EDGE_CURVE('',#2809,#2808,#2269,.T.);
#3443=EDGE_CURVE('',#2807,#2809,#2270,.T.);
#3444=EDGE_CURVE('',#2810,#2810,#2409,.T.);
#3445=EDGE_CURVE('',#2810,#2811,#541,.T.);
#3446=EDGE_CURVE('',#2812,#2811,#2271,.T.);
#3447=EDGE_CURVE('',#2811,#2812,#2272,.T.);
#3448=EDGE_CURVE('',#2813,#2813,#2410,.T.);
#3449=EDGE_CURVE('',#2813,#2814,#542,.T.);
#3450=EDGE_CURVE('',#2815,#2814,#2273,.T.);
#3451=EDGE_CURVE('',#2814,#2815,#2274,.T.);
#3452=EDGE_CURVE('',#2816,#2816,#2411,.T.);
#3453=EDGE_CURVE('',#2816,#2817,#543,.T.);
#3454=EDGE_CURVE('',#2818,#2817,#2275,.T.);
#3455=EDGE_CURVE('',#2817,#2818,#2276,.T.);
#3456=EDGE_CURVE('',#2819,#2820,#2412,.T.);
#3457=EDGE_CURVE('',#2820,#2821,#2277,.T.);
#3458=EDGE_CURVE('',#2821,#2822,#2413,.T.);
#3459=EDGE_CURVE('',#2822,#2819,#2278,.T.);
#3460=EDGE_CURVE('',#2823,#2824,#2414,.T.);
#3461=EDGE_CURVE('',#2824,#2820,#544,.T.);
#3462=EDGE_CURVE('',#2819,#2823,#545,.T.);
#3463=EDGE_CURVE('',#2825,#2826,#2415,.T.);
#3464=EDGE_CURVE('',#2826,#2824,#2279,.T.);
#3465=EDGE_CURVE('',#2823,#2825,#2280,.T.);
#3466=EDGE_CURVE('',#2827,#2828,#2416,.T.);
#3467=EDGE_CURVE('',#2828,#2826,#546,.T.);
#3468=EDGE_CURVE('',#2825,#2827,#547,.T.);
#3469=EDGE_CURVE('',#2829,#2830,#2417,.T.);
#3470=EDGE_CURVE('',#2830,#2828,#2281,.T.);
#3471=EDGE_CURVE('',#2827,#2829,#2282,.T.);
#3472=EDGE_CURVE('',#2831,#2832,#2418,.T.);
#3473=EDGE_CURVE('',#2832,#2830,#548,.T.);
#3474=EDGE_CURVE('',#2829,#2831,#549,.T.);
#3475=EDGE_CURVE('',#2833,#2834,#2419,.T.);
#3476=EDGE_CURVE('',#2834,#2832,#2283,.T.);
#3477=EDGE_CURVE('',#2831,#2833,#2284,.T.);
#3478=EDGE_CURVE('',#2833,#2822,#550,.T.);
#3479=EDGE_CURVE('',#2821,#2834,#551,.T.);
#3480=EDGE_CURVE('',#2835,#2832,#552,.T.);
#3481=EDGE_CURVE('',#2836,#2835,#553,.T.);
#3482=EDGE_CURVE('',#2830,#2836,#554,.T.);
#3483=EDGE_CURVE('',#2834,#2837,#555,.T.);
#3484=EDGE_CURVE('',#2835,#2837,#2285,.T.);
#3485=EDGE_CURVE('',#2838,#2821,#556,.T.);
#3486=EDGE_CURVE('',#2837,#2838,#557,.T.);
#3487=EDGE_CURVE('',#2820,#2839,#558,.T.);
#3488=EDGE_CURVE('',#2838,#2839,#2286,.T.);
#3489=EDGE_CURVE('',#2840,#2840,#2420,.T.);
#3490=EDGE_CURVE('',#2841,#2841,#2421,.T.);
#3491=EDGE_CURVE('',#2842,#2843,#2422,.T.);
#3492=EDGE_CURVE('',#2843,#2844,#2287,.T.);
#3493=EDGE_CURVE('',#2844,#2845,#2423,.T.);
#3494=EDGE_CURVE('',#2845,#2842,#2288,.T.);
#3495=EDGE_CURVE('',#2846,#2839,#2424,.T.);
#3496=EDGE_CURVE('',#2839,#2843,#559,.T.);
#3497=EDGE_CURVE('',#2842,#2846,#560,.T.);
#3498=EDGE_CURVE('',#2847,#2838,#2425,.T.);
#3499=EDGE_CURVE('',#2846,#2847,#2289,.T.);
#3500=EDGE_CURVE('',#2848,#2837,#2426,.T.);
#3501=EDGE_CURVE('',#2847,#2848,#561,.T.);
#3502=EDGE_CURVE('',#2849,#2835,#2427,.T.);
#3503=EDGE_CURVE('',#2848,#2849,#2290,.T.);
#3504=EDGE_CURVE('',#2850,#2836,#2428,.T.);
#3505=EDGE_CURVE('',#2849,#2850,#562,.T.);
#3506=EDGE_CURVE('',#2851,#2852,#2429,.T.);
#3507=EDGE_CURVE('',#2852,#2836,#2291,.T.);
#3508=EDGE_CURVE('',#2850,#2851,#2292,.T.);
#3509=EDGE_CURVE('',#2851,#2845,#563,.T.);
#3510=EDGE_CURVE('',#2844,#2852,#564,.T.);
#3511=EDGE_CURVE('',#2852,#2828,#565,.T.);
#3512=EDGE_CURVE('',#2826,#2844,#566,.T.);
#3513=EDGE_CURVE('',#2843,#2824,#567,.T.);
#3514=EDGE_CURVE('',#2853,#2853,#2430,.T.);
#3515=EDGE_CURVE('',#2854,#2854,#2431,.T.);
#3516=EDGE_CURVE('',#2855,#2855,#2432,.T.);
#3517=EDGE_CURVE('',#2856,#2856,#2433,.T.);
#3518=EDGE_CURVE('',#2857,#2857,#2434,.T.);
#3519=EDGE_CURVE('',#2858,#2858,#2435,.T.);
#3520=EDGE_CURVE('',#2859,#2859,#2436,.T.);
#3521=EDGE_CURVE('',#2860,#2860,#2437,.T.);
#3522=EDGE_CURVE('',#2853,#2861,#568,.T.);
#3523=EDGE_CURVE('',#2861,#2862,#2438,.T.);
#3524=EDGE_CURVE('',#2862,#2861,#2439,.T.);
#3525=EDGE_CURVE('',#2862,#2863,#569,.T.);
#3526=EDGE_CURVE('',#2863,#2863,#2440,.T.);
#3527=EDGE_CURVE('',#2840,#2863,#570,.T.);
#3528=EDGE_CURVE('',#2841,#2864,#571,.T.);
#3529=EDGE_CURVE('',#2864,#2864,#2441,.T.);
#3530=EDGE_CURVE('',#2865,#2866,#2442,.T.);
#3531=EDGE_CURVE('',#2866,#2865,#2443,.T.);
#3532=EDGE_CURVE('',#2866,#2864,#572,.T.);
#3533=EDGE_CURVE('',#2860,#2865,#573,.T.);
#3534=EDGE_CURVE('',#2859,#2867,#574,.T.);
#3535=EDGE_CURVE('',#2867,#2867,#2444,.T.);
#3536=EDGE_CURVE('',#2858,#2808,#575,.T.);
#3537=EDGE_CURVE('',#2807,#2868,#576,.T.);
#3538=EDGE_CURVE('',#2868,#2868,#2445,.T.);
#3539=EDGE_CURVE('',#2857,#2869,#577,.T.);
#3540=EDGE_CURVE('',#2869,#2869,#2446,.T.);
#3541=EDGE_CURVE('',#2856,#2870,#578,.T.);
#3542=EDGE_CURVE('',#2870,#2870,#2447,.T.);
#3543=EDGE_CURVE('',#2855,#2871,#579,.T.);
#3544=EDGE_CURVE('',#2871,#2871,#2448,.T.);
#3545=EDGE_CURVE('',#2854,#2872,#580,.T.);
#3546=EDGE_CURVE('',#2872,#2872,#2449,.T.);
#3547=EDGE_CURVE('',#2873,#2873,#2450,.T.);
#3548=EDGE_CURVE('',#2873,#2874,#581,.T.);
#3549=EDGE_CURVE('',#2874,#2874,#2451,.T.);
#3550=EDGE_CURVE('',#2875,#2875,#2452,.T.);
#3551=EDGE_CURVE('',#2875,#2876,#582,.T.);
#3552=EDGE_CURVE('',#2876,#2876,#2453,.T.);
#3553=EDGE_CURVE('',#2877,#2878,#583,.T.);
#3554=EDGE_CURVE('',#2878,#2879,#2454,.T.);
#3555=EDGE_CURVE('',#2879,#2880,#584,.T.);
#3556=EDGE_CURVE('',#2880,#2881,#2293,.T.);
#3557=EDGE_CURVE('',#2881,#2877,#2294,.T.);
#3558=EDGE_CURVE('',#2880,#2882,#2295,.T.);
#3559=EDGE_CURVE('',#2882,#2883,#2455,.T.);
#3560=EDGE_CURVE('',#2883,#2884,#2296,.T.);
#3561=EDGE_CURVE('',#2881,#2884,#2297,.T.);
#3562=EDGE_CURVE('',#2885,#2886,#2456,.T.);
#3563=EDGE_CURVE('',#2886,#2883,#2298,.T.);
#3564=EDGE_CURVE('',#2882,#2885,#2299,.T.);
#3565=EDGE_CURVE('',#2887,#2888,#2457,.T.);
#3566=EDGE_CURVE('',#2888,#2886,#2300,.T.);
#3567=EDGE_CURVE('',#2885,#2887,#2301,.T.);
#3568=EDGE_CURVE('',#2889,#2890,#2458,.T.);
#3569=EDGE_CURVE('',#2890,#2888,#98,.T.);
#3570=EDGE_CURVE('',#2887,#2889,#99,.T.);
#3571=EDGE_CURVE('',#2891,#2892,#2459,.T.);
#3572=EDGE_CURVE('',#2892,#2890,#585,.T.);
#3573=EDGE_CURVE('',#2889,#2891,#586,.T.);
#3574=EDGE_CURVE('',#2893,#2894,#2460,.T.);
#3575=EDGE_CURVE('',#2894,#2892,#100,.T.);
#3576=EDGE_CURVE('',#2891,#2893,#101,.T.);
#3577=EDGE_CURVE('',#2893,#2895,#2302,.T.);
#3578=EDGE_CURVE('',#2895,#2896,#2461,.T.);
#3579=EDGE_CURVE('',#2896,#2894,#2303,.T.);
#3580=EDGE_CURVE('',#2897,#2898,#2462,.T.);
#3581=EDGE_CURVE('',#2898,#2896,#2304,.T.);
#3582=EDGE_CURVE('',#2895,#2897,#2305,.T.);
#3583=EDGE_CURVE('',#2899,#2898,#2306,.T.);
#3584=EDGE_CURVE('',#2897,#2900,#2307,.T.);
#3585=EDGE_CURVE('',#2900,#2901,#2308,.T.);
#3586=EDGE_CURVE('',#2901,#2899,#2309,.T.);
#3587=EDGE_CURVE('',#2900,#2902,#587,.T.);
#3588=EDGE_CURVE('',#2902,#2903,#2463,.T.);
#3589=EDGE_CURVE('',#2903,#2904,#588,.T.);
#3590=EDGE_CURVE('',#2904,#2901,#2310,.T.);
#3591=EDGE_CURVE('',#2905,#2902,#2464,.T.);
#3592=EDGE_CURVE('',#2902,#2906,#589,.T.);
#3593=EDGE_CURVE('',#2906,#2907,#2465,.T.);
#3594=EDGE_CURVE('',#2907,#2905,#590,.T.);
#3595=EDGE_CURVE('',#2908,#2909,#2466,.T.);
#3596=EDGE_CURVE('',#2909,#2907,#102,.T.);
#3597=EDGE_CURVE('',#2906,#2908,#103,.T.);
#3598=EDGE_CURVE('',#2910,#2911,#2467,.T.);
#3599=EDGE_CURVE('',#2911,#2909,#591,.T.);
#3600=EDGE_CURVE('',#2908,#2910,#592,.T.);
#3601=EDGE_CURVE('',#2912,#2913,#2468,.T.);
#3602=EDGE_CURVE('',#2913,#2911,#104,.T.);
#3603=EDGE_CURVE('',#2910,#2912,#105,.T.);
#3604=EDGE_CURVE('',#2879,#2914,#2469,.T.);
#3605=EDGE_CURVE('',#2914,#2913,#593,.T.);
#3606=EDGE_CURVE('',#2912,#2879,#594,.T.);
#3607=EDGE_CURVE('',#2905,#2903,#2470,.T.);
#3608=EDGE_CURVE('',#2878,#2914,#2471,.T.);
#3609=EDGE_CURVE('',#2891,#2908,#595,.T.);
#3610=EDGE_CURVE('',#2906,#2895,#596,.T.);
#3611=EDGE_CURVE('',#2910,#2889,#597,.T.);
#3612=EDGE_CURVE('',#2885,#2912,#598,.T.);
#3613=EDGE_CURVE('',#2894,#2888,#2472,.T.);
#3614=EDGE_CURVE('',#2915,#2915,#2473,.T.);
#3615=EDGE_CURVE('',#2916,#2916,#2474,.T.);
#3616=EDGE_CURVE('',#2916,#2917,#2475,.T.);
#3617=EDGE_CURVE('',#2917,#2918,#2476,.T.);
#3618=EDGE_CURVE('',#2918,#2917,#2477,.T.);
#3619=EDGE_CURVE('',#2918,#2919,#599,.T.);
#3620=EDGE_CURVE('',#2919,#2919,#2478,.T.);
#3621=EDGE_CURVE('',#2920,#2920,#2479,.T.);
#3622=EDGE_CURVE('',#2915,#2921,#2480,.T.);
#3623=EDGE_CURVE('',#2921,#2922,#2481,.T.);
#3624=EDGE_CURVE('',#2922,#2921,#2482,.T.);
#3625=EDGE_CURVE('',#2922,#2923,#600,.T.);
#3626=EDGE_CURVE('',#2923,#2923,#2483,.T.);
#3627=EDGE_CURVE('',#2898,#2883,#2484,.T.);
#3628=EDGE_CURVE('',#2904,#2877,#2485,.T.);
#3629=EDGE_CURVE('',#2924,#2924,#2486,.T.);
#3630=EDGE_CURVE('',#2924,#2925,#2487,.T.);
#3631=EDGE_CURVE('',#2925,#2926,#2488,.T.);
#3632=EDGE_CURVE('',#2926,#2925,#2489,.T.);
#3633=EDGE_CURVE('',#2905,#2914,#2490,.T.);
#3634=EDGE_CURVE('',#2927,#2927,#2491,.T.);
#3635=EDGE_CURVE('',#2927,#2926,#601,.T.);
#3636=EDGE_CURVE('',#2878,#2903,#2492,.T.);
#3637=EDGE_CURVE('',#2920,#2927,#602,.T.);
#3638=EDGE_CURVE('',#2928,#2928,#2493,.T.);
#3639=EDGE_CURVE('',#2928,#2929,#603,.T.);
#3640=EDGE_CURVE('',#2929,#2929,#2494,.T.);
#3641=EDGE_CURVE('',#2930,#2930,#2495,.T.);
#3642=EDGE_CURVE('',#2931,#2931,#2496,.T.);
#3643=EDGE_CURVE('',#2931,#2930,#604,.T.);
#3644=EDGE_CURVE('',#2932,#2932,#2497,.T.);
#3645=EDGE_CURVE('',#2933,#2933,#2498,.T.);
#3646=EDGE_CURVE('',#2933,#2932,#605,.T.);
#3647=EDGE_CURVE('',#2934,#2934,#2499,.T.);
#3648=EDGE_CURVE('',#2935,#2936,#606,.T.);
#3649=EDGE_CURVE('',#2935,#2937,#607,.T.);
#3650=EDGE_CURVE('',#2937,#2938,#608,.T.);
#3651=EDGE_CURVE('',#2936,#2938,#609,.T.);
#3652=EDGE_CURVE('',#2939,#2935,#2500,.T.);
#3653=EDGE_CURVE('',#2939,#2940,#610,.T.);
#3654=EDGE_CURVE('',#2940,#2937,#2501,.T.);
#3655=EDGE_CURVE('',#2941,#2939,#611,.T.);
#3656=EDGE_CURVE('',#2942,#2941,#612,.T.);
#3657=EDGE_CURVE('',#2942,#2940,#613,.T.);
#3658=EDGE_CURVE('',#2938,#2942,#2502,.T.);
#3659=EDGE_CURVE('',#2936,#2943,#2503,.T.);
#3660=EDGE_CURVE('',#2943,#2941,#2504,.T.);
#3661=EDGE_CURVE('',#2944,#2945,#2505,.T.);
#3662=EDGE_CURVE('',#2945,#2944,#2506,.T.);
#3663=EDGE_CURVE('',#2945,#2946,#614,.T.);
#3664=EDGE_CURVE('',#2946,#2946,#2507,.T.);
#3665=EDGE_CURVE('',#2947,#2947,#2508,.T.);
#3666=EDGE_CURVE('',#2944,#2948,#2509,.T.);
#3667=EDGE_CURVE('',#2948,#2944,#2510,.T.);
#3668=EDGE_CURVE('',#2943,#2947,#615,.T.);
#3669=EDGE_CURVE('',#2934,#2949,#616,.T.);
#3670=EDGE_CURVE('',#2949,#2949,#2511,.T.);
#3671=EDGE_CURVE('',#2950,#2950,#2512,.T.);
#3672=EDGE_CURVE('',#2950,#2951,#617,.T.);
#3673=EDGE_CURVE('',#2951,#2951,#2513,.T.);
#3674=EDGE_CURVE('',#2952,#2952,#2514,.T.);
#3675=EDGE_CURVE('',#2952,#2953,#2515,.T.);
#3676=EDGE_CURVE('',#2953,#2954,#2516,.T.);
#3677=EDGE_CURVE('',#2954,#2953,#2517,.T.);
#3678=EDGE_CURVE('',#2955,#2955,#2518,.T.);
#3679=EDGE_CURVE('',#2956,#2956,#2519,.T.);
#3680=EDGE_CURVE('',#2956,#2954,#618,.T.);
#3681=EDGE_CURVE('',#2957,#2958,#2520,.T.);
#3682=EDGE_CURVE('',#2958,#2957,#2521,.T.);
#3683=EDGE_CURVE('',#2957,#2955,#2522,.T.);
#3684=EDGE_CURVE('',#2951,#2958,#619,.T.);
#3685=EDGE_CURVE('',#2948,#2956,#620,.T.);
#3686=EDGE_CURVE('',#2959,#2959,#2523,.T.);
#3687=EDGE_CURVE('',#2959,#2960,#621,.T.);
#3688=EDGE_CURVE('',#2960,#2960,#2524,.T.);
#3689=EDGE_CURVE('',#2961,#2961,#2525,.T.);
#3690=EDGE_CURVE('',#2961,#2962,#622,.T.);
#3691=EDGE_CURVE('',#2962,#2962,#2526,.T.);
#3692=EDGE_CURVE('',#2963,#2964,#2311,.T.);
#3693=EDGE_CURVE('',#2965,#2963,#2312,.T.);
#3694=EDGE_CURVE('',#2964,#2965,#2313,.T.);
#3695=EDGE_CURVE('',#2964,#2966,#623,.T.);
#3696=EDGE_CURVE('',#2966,#2966,#2527,.T.);
#3697=EDGE_CURVE('',#2967,#2967,#2528,.T.);
#3698=EDGE_CURVE('',#2967,#2968,#624,.T.);
#3699=EDGE_CURVE('',#2968,#2968,#2529,.T.);
#3700=EDGE_CURVE('',#2969,#2969,#2530,.T.);
#3701=EDGE_CURVE('',#2969,#2970,#625,.T.);
#3702=EDGE_CURVE('',#2970,#2970,#2531,.T.);
#3703=EDGE_CURVE('',#2971,#2972,#2314,.T.);
#3704=EDGE_CURVE('',#2973,#2971,#2315,.T.);
#3705=EDGE_CURVE('',#2972,#2973,#2316,.T.);
#3706=EDGE_CURVE('',#2972,#2974,#626,.T.);
#3707=EDGE_CURVE('',#2974,#2974,#2532,.T.);
#3708=EDGE_CURVE('',#2975,#2975,#2533,.T.);
#3709=EDGE_CURVE('',#2975,#2976,#627,.T.);
#3710=EDGE_CURVE('',#2976,#2977,#2534,.T.);
#3711=EDGE_CURVE('',#2977,#2976,#2535,.T.);
#3712=EDGE_CURVE('',#2978,#2979,#2536,.T.);
#3713=EDGE_CURVE('',#2979,#2978,#2537,.T.);
#3714=EDGE_CURVE('',#2978,#2980,#628,.T.);
#3715=EDGE_CURVE('',#2980,#2980,#2538,.T.);
#3716=EDGE_CURVE('',#2981,#2981,#2539,.T.);
#3717=EDGE_CURVE('',#2981,#2982,#629,.T.);
#3718=EDGE_CURVE('',#2982,#2982,#2540,.T.);
#3719=EDGE_CURVE('',#2982,#2983,#630,.T.);
#3720=EDGE_CURVE('',#2983,#2984,#2541,.T.);
#3721=EDGE_CURVE('',#2984,#2985,#2542,.T.);
#3722=EDGE_CURVE('',#2985,#2986,#2543,.T.);
#3723=EDGE_CURVE('',#2986,#2987,#2544,.T.);
#3724=EDGE_CURVE('',#2987,#2983,#2545,.T.);
#3725=EDGE_CURVE('',#2988,#2987,#631,.T.);
#3726=EDGE_CURVE('',#2988,#2989,#2546,.T.);
#3727=EDGE_CURVE('',#2984,#2989,#632,.T.);
#3728=EDGE_CURVE('',#2990,#2990,#2547,.T.);
#3729=EDGE_CURVE('',#2990,#2991,#633,.T.);
#3730=EDGE_CURVE('',#2991,#2991,#2548,.T.);
#3731=EDGE_CURVE('',#2992,#2993,#2549,.T.);
#3732=EDGE_CURVE('',#2986,#2993,#634,.T.);
#3733=EDGE_CURVE('',#2992,#2985,#635,.T.);
#3734=EDGE_CURVE('',#2994,#2994,#2550,.T.);
#3735=EDGE_CURVE('',#2994,#2995,#636,.T.);
#3736=EDGE_CURVE('',#2995,#2995,#2551,.T.);
#3737=EDGE_CURVE('',#2996,#2996,#2552,.T.);
#3738=EDGE_CURVE('',#2996,#2994,#2553,.T.);
#3739=EDGE_CURVE('',#2997,#2997,#2554,.T.);
#3740=EDGE_CURVE('',#2997,#2998,#2555,.T.);
#3741=EDGE_CURVE('',#2998,#2998,#2556,.T.);
#3742=EDGE_CURVE('',#2999,#2999,#2557,.T.);
#3743=EDGE_CURVE('',#2999,#2997,#637,.T.);
#3744=EDGE_CURVE('',#3000,#3000,#2558,.T.);
#3745=EDGE_CURVE('',#3000,#3001,#638,.T.);
#3746=EDGE_CURVE('',#3001,#3001,#2559,.T.);
#3747=EDGE_CURVE('',#2979,#3002,#639,.T.);
#3748=EDGE_CURVE('',#3002,#3002,#2560,.T.);
#3749=EDGE_CURVE('',#3003,#3003,#2561,.T.);
#3750=EDGE_CURVE('',#3003,#3004,#640,.T.);
#3751=EDGE_CURVE('',#3004,#3004,#2562,.T.);
#3752=EDGE_CURVE('',#3003,#3005,#641,.T.);
#3753=EDGE_CURVE('',#3005,#3005,#2563,.T.);
#3754=EDGE_CURVE('',#2977,#3004,#642,.T.);
#3755=EDGE_CURVE('',#3000,#3006,#643,.T.);
#3756=EDGE_CURVE('',#3006,#3006,#2564,.T.);
#3757=EDGE_CURVE('',#3007,#3008,#59,.T.);
#3758=EDGE_CURVE('',#3009,#3007,#2565,.T.);
#3759=EDGE_CURVE('',#3010,#3009,#60,.T.);
#3760=EDGE_CURVE('',#3008,#3010,#2566,.T.);
#3761=EDGE_CURVE('',#3011,#3012,#61,.T.);
#3762=EDGE_CURVE('',#3013,#3011,#2567,.T.);
#3763=EDGE_CURVE('',#3008,#3013,#62,.T.);
#3764=EDGE_CURVE('',#3012,#3008,#2568,.T.);
#3765=EDGE_CURVE('',#3014,#3015,#63,.T.);
#3766=EDGE_CURVE('',#3010,#3014,#2569,.T.);
#3767=EDGE_CURVE('',#3016,#3010,#64,.T.);
#3768=EDGE_CURVE('',#3015,#3016,#2570,.T.);
#3769=EDGE_CURVE('',#3017,#3018,#65,.T.);
#3770=EDGE_CURVE('',#3019,#3017,#2571,.T.);
#3771=EDGE_CURVE('',#3012,#3019,#66,.T.);
#3772=EDGE_CURVE('',#3018,#3012,#2572,.T.);
#3773=EDGE_CURVE('',#3020,#3021,#67,.T.);
#3774=EDGE_CURVE('',#3014,#3020,#2573,.T.);
#3775=EDGE_CURVE('',#3022,#3014,#68,.T.);
#3776=EDGE_CURVE('',#3021,#3022,#2574,.T.);
#3777=EDGE_CURVE('',#3023,#3020,#69,.T.);
#3778=EDGE_CURVE('',#3024,#3023,#2575,.T.);
#3779=EDGE_CURVE('',#3018,#3024,#70,.T.);
#3780=EDGE_CURVE('',#3020,#3018,#2576,.T.);
#3781=EDGE_CURVE('',#3025,#3021,#644,.T.);
#3782=EDGE_CURVE('',#3025,#3026,#71,.T.);
#3783=EDGE_CURVE('',#3026,#3027,#72,.T.);
#3784=EDGE_CURVE('',#3023,#3027,#645,.T.);
#3785=EDGE_CURVE('',#3022,#3028,#646,.T.);
#3786=EDGE_CURVE('',#3028,#3025,#2577,.T.);
#3787=EDGE_CURVE('',#3029,#3015,#647,.T.);
#3788=EDGE_CURVE('',#3029,#3030,#73,.T.);
#3789=EDGE_CURVE('',#3030,#3028,#74,.T.);
#3790=EDGE_CURVE('',#3016,#3031,#648,.T.);
#3791=EDGE_CURVE('',#3031,#3029,#2578,.T.);
#3792=EDGE_CURVE('',#3032,#3013,#649,.T.);
#3793=EDGE_CURVE('',#3032,#3033,#75,.T.);
#3794=EDGE_CURVE('',#3033,#3034,#76,.T.);
#3795=EDGE_CURVE('',#3007,#3034,#650,.T.);
#3796=EDGE_CURVE('',#3035,#3009,#651,.T.);
#3797=EDGE_CURVE('',#3035,#3036,#77,.T.);
#3798=EDGE_CURVE('',#3036,#3031,#78,.T.);
#3799=EDGE_CURVE('',#3037,#3032,#2579,.T.);
#3800=EDGE_CURVE('',#3038,#3037,#79,.T.);
#3801=EDGE_CURVE('',#3033,#3038,#2580,.T.);
#3802=EDGE_CURVE('',#3034,#3035,#2581,.T.);
#3803=EDGE_CURVE('',#3036,#3033,#2582,.T.);
#3804=EDGE_CURVE('',#3039,#3040,#80,.T.);
#3805=EDGE_CURVE('',#3038,#3039,#2583,.T.);
#3806=EDGE_CURVE('',#3041,#3038,#81,.T.);
#3807=EDGE_CURVE('',#3040,#3041,#2584,.T.);
#3808=EDGE_CURVE('',#3030,#3036,#2585,.T.);
#3809=EDGE_CURVE('',#3039,#3026,#2586,.T.);
#3810=EDGE_CURVE('',#3042,#3039,#82,.T.);
#3811=EDGE_CURVE('',#3027,#3042,#2587,.T.);
#3812=EDGE_CURVE('',#3026,#3030,#2588,.T.);
#3813=EDGE_CURVE('',#3042,#3024,#652,.T.);
#3814=EDGE_CURVE('',#3017,#3040,#653,.T.);
#3815=EDGE_CURVE('',#3041,#3019,#654,.T.);
#3816=EDGE_CURVE('',#3011,#3037,#655,.T.);
#3817=EDGE_CURVE('',#3043,#3044,#656,.T.);
#3818=EDGE_CURVE('',#3043,#3045,#657,.T.);
#3819=EDGE_CURVE('',#3046,#3045,#658,.T.);
#3820=EDGE_CURVE('',#3044,#3046,#659,.T.);
#3821=EDGE_CURVE('',#3044,#3047,#660,.T.);
#3822=EDGE_CURVE('',#3048,#3046,#661,.T.);
#3823=EDGE_CURVE('',#3047,#3048,#662,.T.);
#3824=EDGE_CURVE('',#3047,#3049,#663,.T.);
#3825=EDGE_CURVE('',#3050,#3048,#664,.T.);
#3826=EDGE_CURVE('',#3049,#3050,#665,.T.);
#3827=EDGE_CURVE('',#3049,#3051,#666,.T.);
#3828=EDGE_CURVE('',#3052,#3050,#667,.T.);
#3829=EDGE_CURVE('',#3051,#3052,#668,.T.);
#3830=EDGE_CURVE('',#3053,#3043,#669,.T.);
#3831=EDGE_CURVE('',#3053,#3054,#670,.T.);
#3832=EDGE_CURVE('',#3045,#3054,#671,.T.);
#3833=EDGE_CURVE('',#3051,#3053,#672,.T.);
#3834=EDGE_CURVE('',#3054,#3052,#673,.T.);
#3835=EDGE_CURVE('',#3055,#3056,#674,.T.);
#3836=EDGE_CURVE('',#3057,#3055,#675,.T.);
#3837=EDGE_CURVE('',#3058,#3057,#676,.T.);
#3838=EDGE_CURVE('',#3058,#3056,#677,.T.);
#3839=EDGE_CURVE('',#3056,#3059,#678,.T.);
#3840=EDGE_CURVE('',#3060,#3058,#679,.T.);
#3841=EDGE_CURVE('',#3060,#3059,#680,.T.);
#3842=EDGE_CURVE('',#3059,#3061,#681,.T.);
#3843=EDGE_CURVE('',#3062,#3060,#682,.T.);
#3844=EDGE_CURVE('',#3062,#3061,#683,.T.);
#3845=EDGE_CURVE('',#3061,#3063,#684,.T.);
#3846=EDGE_CURVE('',#3064,#3062,#685,.T.);
#3847=EDGE_CURVE('',#3064,#3063,#686,.T.);
#3848=EDGE_CURVE('',#3063,#3065,#687,.T.);
#3849=EDGE_CURVE('',#3066,#3064,#688,.T.);
#3850=EDGE_CURVE('',#3066,#3065,#689,.T.);
#3851=EDGE_CURVE('',#3065,#3055,#690,.T.);
#3852=EDGE_CURVE('',#3057,#3066,#691,.T.);
#3853=EDGE_CURVE('',#2988,#3067,#692,.T.);
#3854=EDGE_CURVE('',#3067,#3068,#2589,.T.);
#3855=EDGE_CURVE('',#3068,#2993,#693,.T.);
#3856=EDGE_CURVE('',#2992,#3069,#694,.T.);
#3857=EDGE_CURVE('',#3069,#3070,#2590,.T.);
#3858=EDGE_CURVE('',#3070,#2989,#695,.T.);
#3859=EDGE_CURVE('',#3071,#3072,#696,.T.);
#3860=EDGE_CURVE('',#3073,#3071,#2591,.T.);
#3861=EDGE_CURVE('',#3074,#3073,#697,.T.);
#3862=EDGE_CURVE('',#3074,#3072,#2592,.T.);
#3863=EDGE_CURVE('',#2985,#3071,#83,.T.);
#3864=EDGE_CURVE('',#3073,#2984,#84,.T.);
#3865=EDGE_CURVE('',#3072,#3074,#698,.T.);
#3866=EDGE_CURVE('',#3070,#3075,#699,.T.);
#3867=EDGE_CURVE('',#3076,#3075,#700,.T.);
#3868=EDGE_CURVE('',#3077,#3076,#701,.T.);
#3869=EDGE_CURVE('',#3078,#3077,#702,.T.);
#3870=EDGE_CURVE('',#3078,#3069,#703,.T.);
#3871=EDGE_CURVE('',#3075,#3078,#2593,.T.);
#3872=EDGE_CURVE('',#3077,#3079,#106,.T.);
#3873=EDGE_CURVE('',#3079,#3080,#2317,.T.);
#3874=EDGE_CURVE('',#3080,#3081,#107,.T.);
#3875=EDGE_CURVE('',#3081,#3082,#108,.T.);
#3876=EDGE_CURVE('',#3082,#3083,#109,.T.);
#3877=EDGE_CURVE('',#3083,#3084,#110,.T.);
#3878=EDGE_CURVE('',#3084,#3085,#111,.T.);
#3879=EDGE_CURVE('',#3085,#3086,#2318,.T.);
#3880=EDGE_CURVE('',#3086,#3076,#112,.T.);
#3881=EDGE_CURVE('',#3087,#3088,#704,.T.);
#3882=EDGE_CURVE('',#3087,#3089,#705,.T.);
#3883=EDGE_CURVE('',#3090,#3089,#706,.T.);
#3884=EDGE_CURVE('',#3088,#3090,#707,.T.);
#3885=EDGE_CURVE('',#3088,#3091,#708,.T.);
#3886=EDGE_CURVE('',#3092,#3090,#709,.T.);
#3887=EDGE_CURVE('',#3091,#3092,#710,.T.);
#3888=EDGE_CURVE('',#3091,#3093,#711,.T.);
#3889=EDGE_CURVE('',#3094,#3092,#712,.T.);
#3890=EDGE_CURVE('',#3093,#3094,#713,.T.);
#3891=EDGE_CURVE('',#3093,#3095,#714,.T.);
#3892=EDGE_CURVE('',#3096,#3094,#715,.T.);
#3893=EDGE_CURVE('',#3095,#3096,#716,.T.);
#3894=EDGE_CURVE('',#3097,#3087,#717,.T.);
#3895=EDGE_CURVE('',#3097,#3098,#718,.T.);
#3896=EDGE_CURVE('',#3089,#3098,#719,.T.);
#3897=EDGE_CURVE('',#3095,#3097,#720,.T.);
#3898=EDGE_CURVE('',#3098,#3096,#721,.T.);
#3899=EDGE_CURVE('',#3086,#3079,#722,.T.);
#3900=EDGE_CURVE('',#3083,#3082,#723,.T.);
#3901=EDGE_CURVE('',#3084,#3081,#724,.T.);
#3902=EDGE_CURVE('',#3085,#3080,#725,.T.);
#3903=EDGE_CURVE('',#3099,#3100,#726,.T.);
#3904=EDGE_CURVE('',#3101,#3099,#2594,.T.);
#3905=EDGE_CURVE('',#3102,#3101,#727,.T.);
#3906=EDGE_CURVE('',#3102,#3100,#2595,.T.);
#3907=EDGE_CURVE('',#2987,#3099,#85,.T.);
#3908=EDGE_CURVE('',#3101,#2986,#86,.T.);
#3909=EDGE_CURVE('',#3100,#3102,#728,.T.);
#3910=EDGE_CURVE('',#3068,#3103,#729,.T.);
#3911=EDGE_CURVE('',#3104,#3103,#730,.T.);
#3912=EDGE_CURVE('',#3105,#3104,#731,.T.);
#3913=EDGE_CURVE('',#3106,#3105,#732,.T.);
#3914=EDGE_CURVE('',#3106,#3067,#733,.T.);
#3915=EDGE_CURVE('',#3103,#3106,#2596,.T.);
#3916=EDGE_CURVE('',#3105,#3107,#113,.T.);
#3917=EDGE_CURVE('',#3107,#3108,#2319,.T.);
#3918=EDGE_CURVE('',#3108,#3109,#114,.T.);
#3919=EDGE_CURVE('',#3109,#3110,#115,.T.);
#3920=EDGE_CURVE('',#3110,#3111,#116,.T.);
#3921=EDGE_CURVE('',#3111,#3112,#117,.T.);
#3922=EDGE_CURVE('',#3112,#3113,#118,.T.);
#3923=EDGE_CURVE('',#3113,#3114,#2320,.T.);
#3924=EDGE_CURVE('',#3114,#3104,#119,.T.);
#3925=EDGE_CURVE('',#3115,#3116,#734,.T.);
#3926=EDGE_CURVE('',#3115,#3117,#735,.T.);
#3927=EDGE_CURVE('',#3118,#3117,#736,.T.);
#3928=EDGE_CURVE('',#3116,#3118,#737,.T.);
#3929=EDGE_CURVE('',#3116,#3119,#738,.T.);
#3930=EDGE_CURVE('',#3120,#3118,#739,.T.);
#3931=EDGE_CURVE('',#3119,#3120,#740,.T.);
#3932=EDGE_CURVE('',#3119,#3121,#741,.T.);
#3933=EDGE_CURVE('',#3122,#3120,#742,.T.);
#3934=EDGE_CURVE('',#3121,#3122,#743,.T.);
#3935=EDGE_CURVE('',#3121,#3123,#744,.T.);
#3936=EDGE_CURVE('',#3124,#3122,#745,.T.);
#3937=EDGE_CURVE('',#3123,#3124,#746,.T.);
#3938=EDGE_CURVE('',#3125,#3115,#747,.T.);
#3939=EDGE_CURVE('',#3125,#3126,#748,.T.);
#3940=EDGE_CURVE('',#3117,#3126,#749,.T.);
#3941=EDGE_CURVE('',#3123,#3125,#750,.T.);
#3942=EDGE_CURVE('',#3126,#3124,#751,.T.);
#3943=EDGE_CURVE('',#3114,#3107,#752,.T.);
#3944=EDGE_CURVE('',#3111,#3110,#753,.T.);
#3945=EDGE_CURVE('',#3112,#3109,#754,.T.);
#3946=EDGE_CURVE('',#3113,#3108,#755,.T.);
#3947=EDGE_CURVE('',#3127,#3128,#2597,.T.);
#3948=EDGE_CURVE('',#3129,#3128,#756,.T.);
#3949=EDGE_CURVE('',#3129,#3130,#2598,.T.);
#3950=EDGE_CURVE('',#3130,#3127,#757,.T.);
#3951=EDGE_CURVE('',#3128,#3131,#758,.T.);
#3952=EDGE_CURVE('',#3132,#3131,#759,.T.);
#3953=EDGE_CURVE('',#3132,#3129,#760,.T.);
#3954=EDGE_CURVE('',#3131,#3133,#2599,.T.);
#3955=EDGE_CURVE('',#3134,#3133,#761,.T.);
#3956=EDGE_CURVE('',#3132,#3134,#2600,.T.);
#3957=EDGE_CURVE('',#3133,#3135,#2601,.T.);
#3958=EDGE_CURVE('',#3136,#3135,#762,.T.);
#3959=EDGE_CURVE('',#3136,#3134,#2602,.T.);
#3960=EDGE_CURVE('',#3135,#3137,#2603,.T.);
#3961=EDGE_CURVE('',#3138,#3137,#763,.T.);
#3962=EDGE_CURVE('',#3136,#3138,#2604,.T.);
#3963=EDGE_CURVE('',#3137,#3139,#764,.T.);
#3964=EDGE_CURVE('',#3140,#3139,#765,.T.);
#3965=EDGE_CURVE('',#3140,#3138,#766,.T.);
#3966=EDGE_CURVE('',#3139,#3141,#2605,.T.);
#3967=EDGE_CURVE('',#3142,#3141,#767,.T.);
#3968=EDGE_CURVE('',#3142,#3140,#2606,.T.);
#3969=EDGE_CURVE('',#3141,#3143,#2607,.T.);
#3970=EDGE_CURVE('',#3144,#3143,#768,.T.);
#3971=EDGE_CURVE('',#3144,#3142,#2608,.T.);
#3972=EDGE_CURVE('',#3143,#3145,#2609,.T.);
#3973=EDGE_CURVE('',#3146,#3145,#769,.T.);
#3974=EDGE_CURVE('',#3146,#3144,#2610,.T.);
#3975=EDGE_CURVE('',#3145,#3147,#770,.T.);
#3976=EDGE_CURVE('',#3148,#3147,#771,.T.);
#3977=EDGE_CURVE('',#3148,#3146,#772,.T.);
#3978=EDGE_CURVE('',#3147,#3149,#2611,.T.);
#3979=EDGE_CURVE('',#3150,#3149,#773,.T.);
#3980=EDGE_CURVE('',#3150,#3148,#2612,.T.);
#3981=EDGE_CURVE('',#3149,#3151,#2613,.T.);
#3982=EDGE_CURVE('',#3152,#3151,#774,.T.);
#3983=EDGE_CURVE('',#3150,#3152,#2614,.T.);
#3984=EDGE_CURVE('',#3151,#3153,#2615,.T.);
#3985=EDGE_CURVE('',#3154,#3153,#775,.T.);
#3986=EDGE_CURVE('',#3152,#3154,#2616,.T.);
#3987=EDGE_CURVE('',#3153,#3155,#776,.T.);
#3988=EDGE_CURVE('',#3156,#3155,#777,.T.);
#3989=EDGE_CURVE('',#3156,#3154,#778,.T.);
#3990=EDGE_CURVE('',#3155,#3157,#2617,.T.);
#3991=EDGE_CURVE('',#3158,#3157,#779,.T.);
#3992=EDGE_CURVE('',#3156,#3158,#2618,.T.);
#3993=EDGE_CURVE('',#3157,#3159,#780,.T.);
#3994=EDGE_CURVE('',#3160,#3159,#781,.T.);
#3995=EDGE_CURVE('',#3160,#3158,#782,.T.);
#3996=EDGE_CURVE('',#3159,#3161,#2619,.T.);
#3997=EDGE_CURVE('',#3162,#3161,#783,.T.);
#3998=EDGE_CURVE('',#3162,#3160,#2620,.T.);
#3999=EDGE_CURVE('',#3161,#3163,#2621,.T.);
#4000=EDGE_CURVE('',#3164,#3163,#784,.T.);
#4001=EDGE_CURVE('',#3162,#3164,#2622,.T.);
#4002=EDGE_CURVE('',#3163,#3165,#2623,.T.);
#4003=EDGE_CURVE('',#3166,#3165,#785,.T.);
#4004=EDGE_CURVE('',#3166,#3164,#2624,.T.);
#4005=EDGE_CURVE('',#3165,#3167,#786,.T.);
#4006=EDGE_CURVE('',#3168,#3167,#787,.T.);
#4007=EDGE_CURVE('',#3168,#3166,#788,.T.);
#4008=EDGE_CURVE('',#3167,#3169,#2625,.T.);
#4009=EDGE_CURVE('',#3170,#3169,#789,.T.);
#4010=EDGE_CURVE('',#3168,#3170,#2626,.T.);
#4011=EDGE_CURVE('',#3169,#3171,#2627,.T.);
#4012=EDGE_CURVE('',#3172,#3171,#790,.T.);
#4013=EDGE_CURVE('',#3170,#3172,#2628,.T.);
#4014=EDGE_CURVE('',#3171,#3173,#2629,.T.);
#4015=EDGE_CURVE('',#3174,#3173,#791,.T.);
#4016=EDGE_CURVE('',#3172,#3174,#2630,.T.);
#4017=EDGE_CURVE('',#3173,#3175,#792,.T.);
#4018=EDGE_CURVE('',#3176,#3175,#793,.T.);
#4019=EDGE_CURVE('',#3176,#3174,#794,.T.);
#4020=EDGE_CURVE('',#3175,#3177,#2631,.T.);
#4021=EDGE_CURVE('',#3178,#3177,#795,.T.);
#4022=EDGE_CURVE('',#3178,#3176,#2632,.T.);
#4023=EDGE_CURVE('',#3177,#3179,#2633,.T.);
#4024=EDGE_CURVE('',#3180,#3179,#796,.T.);
#4025=EDGE_CURVE('',#3178,#3180,#2634,.T.);
#4026=EDGE_CURVE('',#3179,#3181,#2635,.T.);
#4027=EDGE_CURVE('',#3182,#3181,#797,.T.);
#4028=EDGE_CURVE('',#3182,#3180,#2636,.T.);
#4029=EDGE_CURVE('',#3181,#3183,#798,.T.);
#4030=EDGE_CURVE('',#3184,#3183,#799,.T.);
#4031=EDGE_CURVE('',#3184,#3182,#800,.T.);
#4032=EDGE_CURVE('',#3183,#3185,#2637,.T.);
#4033=EDGE_CURVE('',#3186,#3185,#801,.T.);
#4034=EDGE_CURVE('',#3186,#3184,#2638,.T.);
#4035=EDGE_CURVE('',#3185,#3187,#2639,.T.);
#4036=EDGE_CURVE('',#3188,#3187,#802,.T.);
#4037=EDGE_CURVE('',#3188,#3186,#2640,.T.);
#4038=EDGE_CURVE('',#3187,#3189,#2641,.T.);
#4039=EDGE_CURVE('',#3190,#3189,#803,.T.);
#4040=EDGE_CURVE('',#3190,#3188,#2642,.T.);
#4041=EDGE_CURVE('',#3189,#3191,#804,.T.);
#4042=EDGE_CURVE('',#3192,#3191,#805,.T.);
#4043=EDGE_CURVE('',#3192,#3190,#806,.T.);
#4044=EDGE_CURVE('',#3191,#3193,#2643,.T.);
#4045=EDGE_CURVE('',#3194,#3193,#807,.T.);
#4046=EDGE_CURVE('',#3192,#3194,#2644,.T.);
#4047=EDGE_CURVE('',#3193,#3195,#2645,.T.);
#4048=EDGE_CURVE('',#3196,#3195,#808,.T.);
#4049=EDGE_CURVE('',#3196,#3194,#2646,.T.);
#4050=EDGE_CURVE('',#3195,#3197,#2647,.T.);
#4051=EDGE_CURVE('',#3198,#3197,#809,.T.);
#4052=EDGE_CURVE('',#3196,#3198,#2648,.T.);
#4053=EDGE_CURVE('',#3197,#3199,#810,.T.);
#4054=EDGE_CURVE('',#3200,#3199,#811,.T.);
#4055=EDGE_CURVE('',#3200,#3198,#812,.T.);
#4056=EDGE_CURVE('',#3199,#3201,#2649,.T.);
#4057=EDGE_CURVE('',#3202,#3201,#813,.T.);
#4058=EDGE_CURVE('',#3202,#3200,#2650,.T.);
#4059=EDGE_CURVE('',#3201,#3127,#2651,.T.);
#4060=EDGE_CURVE('',#3130,#3202,#2652,.T.);
#4061=EDGE_CURVE('',#3203,#3204,#2653,.T.);
#4062=EDGE_CURVE('',#3205,#3204,#814,.T.);
#4063=EDGE_CURVE('',#3206,#3205,#2654,.T.);
#4064=EDGE_CURVE('',#3206,#3203,#815,.T.);
#4065=EDGE_CURVE('',#3207,#3208,#2655,.T.);
#4066=EDGE_CURVE('',#3209,#3208,#816,.T.);
#4067=EDGE_CURVE('',#3209,#3210,#2656,.T.);
#4068=EDGE_CURVE('',#3210,#3207,#817,.T.);
#4069=EDGE_CURVE('',#3208,#3211,#818,.T.);
#4070=EDGE_CURVE('',#3212,#3211,#819,.T.);
#4071=EDGE_CURVE('',#3209,#3212,#820,.T.);
#4072=EDGE_CURVE('',#3211,#3213,#2657,.T.);
#4073=EDGE_CURVE('',#3214,#3213,#821,.T.);
#4074=EDGE_CURVE('',#3214,#3212,#2658,.T.);
#4075=EDGE_CURVE('',#3213,#3215,#2659,.T.);
#4076=EDGE_CURVE('',#3216,#3215,#822,.T.);
#4077=EDGE_CURVE('',#3216,#3214,#2660,.T.);
#4078=EDGE_CURVE('',#3215,#3217,#2661,.T.);
#4079=EDGE_CURVE('',#3218,#3217,#823,.T.);
#4080=EDGE_CURVE('',#3216,#3218,#2662,.T.);
#4081=EDGE_CURVE('',#3217,#3219,#824,.T.);
#4082=EDGE_CURVE('',#3220,#3219,#825,.T.);
#4083=EDGE_CURVE('',#3218,#3220,#826,.T.);
#4084=EDGE_CURVE('',#3219,#3221,#2663,.T.);
#4085=EDGE_CURVE('',#3222,#3221,#827,.T.);
#4086=EDGE_CURVE('',#3222,#3220,#2664,.T.);
#4087=EDGE_CURVE('',#3221,#3223,#2665,.T.);
#4088=EDGE_CURVE('',#3224,#3223,#828,.T.);
#4089=EDGE_CURVE('',#3224,#3222,#2666,.T.);
#4090=EDGE_CURVE('',#3223,#3225,#2667,.T.);
#4091=EDGE_CURVE('',#3226,#3225,#829,.T.);
#4092=EDGE_CURVE('',#3226,#3224,#2668,.T.);
#4093=EDGE_CURVE('',#3225,#3227,#830,.T.);
#4094=EDGE_CURVE('',#3228,#3227,#831,.T.);
#4095=EDGE_CURVE('',#3226,#3228,#832,.T.);
#4096=EDGE_CURVE('',#3227,#3229,#2669,.T.);
#4097=EDGE_CURVE('',#3230,#3229,#833,.T.);
#4098=EDGE_CURVE('',#3228,#3230,#2670,.T.);
#4099=EDGE_CURVE('',#3229,#3231,#2671,.T.);
#4100=EDGE_CURVE('',#3232,#3231,#834,.T.);
#4101=EDGE_CURVE('',#3232,#3230,#2672,.T.);
#4102=EDGE_CURVE('',#3231,#3233,#2673,.T.);
#4103=EDGE_CURVE('',#3234,#3233,#835,.T.);
#4104=EDGE_CURVE('',#3232,#3234,#2674,.T.);
#4105=EDGE_CURVE('',#3233,#3235,#836,.T.);
#4106=EDGE_CURVE('',#3236,#3235,#837,.T.);
#4107=EDGE_CURVE('',#3234,#3236,#838,.T.);
#4108=EDGE_CURVE('',#3235,#3237,#2675,.T.);
#4109=EDGE_CURVE('',#3238,#3237,#839,.T.);
#4110=EDGE_CURVE('',#3238,#3236,#2676,.T.);
#4111=EDGE_CURVE('',#3237,#3239,#2677,.T.);
#4112=EDGE_CURVE('',#3240,#3239,#840,.T.);
#4113=EDGE_CURVE('',#3240,#3238,#2678,.T.);
#4114=EDGE_CURVE('',#3239,#3241,#2679,.T.);
#4115=EDGE_CURVE('',#3242,#3241,#841,.T.);
#4116=EDGE_CURVE('',#3242,#3240,#2680,.T.);
#4117=EDGE_CURVE('',#3241,#3243,#842,.T.);
#4118=EDGE_CURVE('',#3244,#3243,#843,.T.);
#4119=EDGE_CURVE('',#3242,#3244,#844,.T.);
#4120=EDGE_CURVE('',#3243,#3245,#2681,.T.);
#4121=EDGE_CURVE('',#3246,#3245,#845,.T.);
#4122=EDGE_CURVE('',#3244,#3246,#2682,.T.);
#4123=EDGE_CURVE('',#3245,#3247,#2683,.T.);
#4124=EDGE_CURVE('',#3248,#3247,#846,.T.);
#4125=EDGE_CURVE('',#3248,#3246,#2684,.T.);
#4126=EDGE_CURVE('',#3247,#3249,#2685,.T.);
#4127=EDGE_CURVE('',#3250,#3249,#847,.T.);
#4128=EDGE_CURVE('',#3250,#3248,#2686,.T.);
#4129=EDGE_CURVE('',#3249,#3251,#848,.T.);
#4130=EDGE_CURVE('',#3252,#3251,#849,.T.);
#4131=EDGE_CURVE('',#3250,#3252,#850,.T.);
#4132=EDGE_CURVE('',#3251,#3253,#2687,.T.);
#4133=EDGE_CURVE('',#3254,#3253,#851,.T.);
#4134=EDGE_CURVE('',#3254,#3252,#2688,.T.);
#4135=EDGE_CURVE('',#3253,#3255,#2689,.T.);
#4136=EDGE_CURVE('',#3256,#3255,#852,.T.);
#4137=EDGE_CURVE('',#3254,#3256,#2690,.T.);
#4138=EDGE_CURVE('',#3255,#3257,#853,.T.);
#4139=EDGE_CURVE('',#3258,#3257,#854,.T.);
#4140=EDGE_CURVE('',#3256,#3258,#855,.T.);
#4141=EDGE_CURVE('',#3257,#3259,#2691,.T.);
#4142=EDGE_CURVE('',#3260,#3259,#856,.T.);
#4143=EDGE_CURVE('',#3260,#3258,#2692,.T.);
#4144=EDGE_CURVE('',#3259,#3261,#2693,.T.);
#4145=EDGE_CURVE('',#3262,#3261,#857,.T.);
#4146=EDGE_CURVE('',#3262,#3260,#2694,.T.);
#4147=EDGE_CURVE('',#3261,#3263,#2695,.T.);
#4148=EDGE_CURVE('',#3264,#3263,#858,.T.);
#4149=EDGE_CURVE('',#3264,#3262,#2696,.T.);
#4150=EDGE_CURVE('',#3263,#3265,#859,.T.);
#4151=EDGE_CURVE('',#3266,#3265,#860,.T.);
#4152=EDGE_CURVE('',#3264,#3266,#861,.T.);
#4153=EDGE_CURVE('',#3265,#3203,#2697,.T.);
#4154=EDGE_CURVE('',#3206,#3266,#2698,.T.);
#4155=EDGE_CURVE('',#3204,#3267,#2699,.T.);
#4156=EDGE_CURVE('',#3268,#3267,#862,.T.);
#4157=EDGE_CURVE('',#3268,#3205,#2700,.T.);
#4158=EDGE_CURVE('',#3267,#3207,#863,.T.);
#4159=EDGE_CURVE('',#3268,#3210,#864,.T.);
#4160=ORIENTED_EDGE('',*,*,#3269,.T.);
#4161=ORIENTED_EDGE('',*,*,#3270,.T.);
#4162=ORIENTED_EDGE('',*,*,#3271,.T.);
#4163=ORIENTED_EDGE('',*,*,#3272,.T.);
#4164=ORIENTED_EDGE('',*,*,#3273,.T.);
#4165=ORIENTED_EDGE('',*,*,#3274,.T.);
#4166=ORIENTED_EDGE('',*,*,#3269,.F.);
#4167=ORIENTED_EDGE('',*,*,#3275,.T.);
#4168=ORIENTED_EDGE('',*,*,#3276,.T.);
#4169=ORIENTED_EDGE('',*,*,#3277,.T.);
#4170=ORIENTED_EDGE('',*,*,#3273,.F.);
#4171=ORIENTED_EDGE('',*,*,#3278,.T.);
#4172=ORIENTED_EDGE('',*,*,#3279,.T.);
#4173=ORIENTED_EDGE('',*,*,#3280,.T.);
#4174=ORIENTED_EDGE('',*,*,#3276,.F.);
#4175=ORIENTED_EDGE('',*,*,#3281,.T.);
#4176=ORIENTED_EDGE('',*,*,#3282,.T.);
#4177=ORIENTED_EDGE('',*,*,#3283,.T.);
#4178=ORIENTED_EDGE('',*,*,#3279,.F.);
#4179=ORIENTED_EDGE('',*,*,#3284,.T.);
#4180=ORIENTED_EDGE('',*,*,#3285,.T.);
#4181=ORIENTED_EDGE('',*,*,#3286,.T.);
#4182=ORIENTED_EDGE('',*,*,#3282,.F.);
#4183=ORIENTED_EDGE('',*,*,#3287,.T.);
#4184=ORIENTED_EDGE('',*,*,#3288,.T.);
#4185=ORIENTED_EDGE('',*,*,#3289,.T.);
#4186=ORIENTED_EDGE('',*,*,#3285,.F.);
#4187=ORIENTED_EDGE('',*,*,#3290,.T.);
#4188=ORIENTED_EDGE('',*,*,#3288,.F.);
#4189=ORIENTED_EDGE('',*,*,#3291,.T.);
#4190=ORIENTED_EDGE('',*,*,#3271,.F.);
#4191=ORIENTED_EDGE('',*,*,#3292,.T.);
#4192=ORIENTED_EDGE('',*,*,#3286,.F.);
#4193=ORIENTED_EDGE('',*,*,#3293,.F.);
#4194=ORIENTED_EDGE('',*,*,#3294,.F.);
#4195=ORIENTED_EDGE('',*,*,#3295,.F.);
#4196=ORIENTED_EDGE('',*,*,#3289,.F.);
#4197=ORIENTED_EDGE('',*,*,#3296,.T.);
#4198=ORIENTED_EDGE('',*,*,#3297,.F.);
#4199=ORIENTED_EDGE('',*,*,#3293,.T.);
#4200=ORIENTED_EDGE('',*,*,#3292,.F.);
#4201=ORIENTED_EDGE('',*,*,#3298,.F.);
#4202=ORIENTED_EDGE('',*,*,#3299,.F.);
#4203=ORIENTED_EDGE('',*,*,#3296,.F.);
#4204=ORIENTED_EDGE('',*,*,#3270,.F.);
#4205=ORIENTED_EDGE('',*,*,#3300,.T.);
#4206=ORIENTED_EDGE('',*,*,#3301,.F.);
#4207=ORIENTED_EDGE('',*,*,#3298,.T.);
#4208=ORIENTED_EDGE('',*,*,#3272,.F.);
#4209=ORIENTED_EDGE('',*,*,#3291,.F.);
#4210=ORIENTED_EDGE('',*,*,#3290,.F.);
#4211=ORIENTED_EDGE('',*,*,#3287,.F.);
#4212=ORIENTED_EDGE('',*,*,#3284,.F.);
#4213=ORIENTED_EDGE('',*,*,#3281,.F.);
#4214=ORIENTED_EDGE('',*,*,#3278,.F.);
#4215=ORIENTED_EDGE('',*,*,#3275,.F.);
#4216=ORIENTED_EDGE('',*,*,#3302,.F.);
#4217=ORIENTED_EDGE('',*,*,#3303,.F.);
#4218=ORIENTED_EDGE('',*,*,#3304,.F.);
#4219=ORIENTED_EDGE('',*,*,#3305,.F.);
#4220=ORIENTED_EDGE('',*,*,#3306,.F.);
#4221=ORIENTED_EDGE('',*,*,#3307,.F.);
#4222=ORIENTED_EDGE('',*,*,#3308,.F.);
#4223=ORIENTED_EDGE('',*,*,#3309,.F.);
#4224=ORIENTED_EDGE('',*,*,#3310,.F.);
#4225=ORIENTED_EDGE('',*,*,#3311,.T.);
#4226=ORIENTED_EDGE('',*,*,#3312,.T.);
#4227=ORIENTED_EDGE('',*,*,#3313,.T.);
#4228=ORIENTED_EDGE('',*,*,#3314,.T.);
#4229=ORIENTED_EDGE('',*,*,#3315,.T.);
#4230=ORIENTED_EDGE('',*,*,#3316,.T.);
#4231=ORIENTED_EDGE('',*,*,#3311,.F.);
#4232=ORIENTED_EDGE('',*,*,#3317,.T.);
#4233=ORIENTED_EDGE('',*,*,#3318,.T.);
#4234=ORIENTED_EDGE('',*,*,#3301,.T.);
#4235=ORIENTED_EDGE('',*,*,#3315,.F.);
#4236=ORIENTED_EDGE('',*,*,#3319,.T.);
#4237=ORIENTED_EDGE('',*,*,#3320,.T.);
#4238=ORIENTED_EDGE('',*,*,#3299,.T.);
#4239=ORIENTED_EDGE('',*,*,#3318,.F.);
#4240=ORIENTED_EDGE('',*,*,#3321,.T.);
#4241=ORIENTED_EDGE('',*,*,#3322,.T.);
#4242=ORIENTED_EDGE('',*,*,#3297,.T.);
#4243=ORIENTED_EDGE('',*,*,#3320,.F.);
#4244=ORIENTED_EDGE('',*,*,#3323,.T.);
#4245=ORIENTED_EDGE('',*,*,#3324,.T.);
#4246=ORIENTED_EDGE('',*,*,#3294,.T.);
#4247=ORIENTED_EDGE('',*,*,#3322,.F.);
#4248=ORIENTED_EDGE('',*,*,#3325,.T.);
#4249=ORIENTED_EDGE('',*,*,#3326,.T.);
#4250=ORIENTED_EDGE('',*,*,#3327,.T.);
#4251=ORIENTED_EDGE('',*,*,#3324,.F.);
#4252=ORIENTED_EDGE('',*,*,#3328,.T.);
#4253=ORIENTED_EDGE('',*,*,#3326,.F.);
#4254=ORIENTED_EDGE('',*,*,#3329,.T.);
#4255=ORIENTED_EDGE('',*,*,#3313,.F.);
#4256=ORIENTED_EDGE('',*,*,#3330,.T.);
#4257=ORIENTED_EDGE('',*,*,#3283,.F.);
#4258=ORIENTED_EDGE('',*,*,#3295,.T.);
#4259=ORIENTED_EDGE('',*,*,#3327,.F.);
#4260=ORIENTED_EDGE('',*,*,#3331,.T.);
#4261=ORIENTED_EDGE('',*,*,#3280,.F.);
#4262=ORIENTED_EDGE('',*,*,#3331,.F.);
#4263=ORIENTED_EDGE('',*,*,#3330,.F.);
#4264=ORIENTED_EDGE('',*,*,#3332,.F.);
#4265=ORIENTED_EDGE('',*,*,#3277,.F.);
#4266=ORIENTED_EDGE('',*,*,#3332,.T.);
#4267=ORIENTED_EDGE('',*,*,#3312,.F.);
#4268=ORIENTED_EDGE('',*,*,#3333,.T.);
#4269=ORIENTED_EDGE('',*,*,#3314,.F.);
#4270=ORIENTED_EDGE('',*,*,#3329,.F.);
#4271=ORIENTED_EDGE('',*,*,#3328,.F.);
#4272=ORIENTED_EDGE('',*,*,#3325,.F.);
#4273=ORIENTED_EDGE('',*,*,#3323,.F.);
#4274=ORIENTED_EDGE('',*,*,#3321,.F.);
#4275=ORIENTED_EDGE('',*,*,#3319,.F.);
#4276=ORIENTED_EDGE('',*,*,#3317,.F.);
#4277=ORIENTED_EDGE('',*,*,#3334,.F.);
#4278=ORIENTED_EDGE('',*,*,#3335,.F.);
#4279=ORIENTED_EDGE('',*,*,#3336,.F.);
#4280=ORIENTED_EDGE('',*,*,#3337,.F.);
#4281=ORIENTED_EDGE('',*,*,#3338,.F.);
#4282=ORIENTED_EDGE('',*,*,#3339,.T.);
#4283=ORIENTED_EDGE('',*,*,#3340,.T.);
#4284=ORIENTED_EDGE('',*,*,#3341,.T.);
#4285=ORIENTED_EDGE('',*,*,#3342,.T.);
#4286=ORIENTED_EDGE('',*,*,#3343,.T.);
#4287=ORIENTED_EDGE('',*,*,#3344,.T.);
#4288=ORIENTED_EDGE('',*,*,#3345,.T.);
#4289=ORIENTED_EDGE('',*,*,#3346,.T.);
#4290=ORIENTED_EDGE('',*,*,#3347,.T.);
#4291=ORIENTED_EDGE('',*,*,#3348,.T.);
#4292=ORIENTED_EDGE('',*,*,#3349,.T.);
#4293=ORIENTED_EDGE('',*,*,#3350,.T.);
#4294=ORIENTED_EDGE('',*,*,#3351,.F.);
#4295=ORIENTED_EDGE('',*,*,#3352,.F.);
#4296=ORIENTED_EDGE('',*,*,#3353,.F.);
#4297=ORIENTED_EDGE('',*,*,#3354,.F.);
#4298=ORIENTED_EDGE('',*,*,#3334,.T.);
#4299=ORIENTED_EDGE('',*,*,#3355,.T.);
#4300=ORIENTED_EDGE('',*,*,#3356,.T.);
#4301=ORIENTED_EDGE('',*,*,#3357,.T.);
#4302=ORIENTED_EDGE('',*,*,#3355,.F.);
#4303=ORIENTED_EDGE('',*,*,#3356,.F.);
#4304=ORIENTED_EDGE('',*,*,#3357,.F.);
#4305=ORIENTED_EDGE('',*,*,#3358,.T.);
#4306=ORIENTED_EDGE('',*,*,#3359,.F.);
#4307=ORIENTED_EDGE('',*,*,#3358,.F.);
#4308=ORIENTED_EDGE('',*,*,#3354,.T.);
#4309=ORIENTED_EDGE('',*,*,#3360,.T.);
#4310=ORIENTED_EDGE('',*,*,#3361,.T.);
#4311=ORIENTED_EDGE('',*,*,#3362,.T.);
#4312=ORIENTED_EDGE('',*,*,#3360,.F.);
#4313=ORIENTED_EDGE('',*,*,#3361,.F.);
#4314=ORIENTED_EDGE('',*,*,#3362,.F.);
#4315=ORIENTED_EDGE('',*,*,#3363,.T.);
#4316=ORIENTED_EDGE('',*,*,#3364,.F.);
#4317=ORIENTED_EDGE('',*,*,#3363,.F.);
#4318=ORIENTED_EDGE('',*,*,#3335,.T.);
#4319=ORIENTED_EDGE('',*,*,#3365,.T.);
#4320=ORIENTED_EDGE('',*,*,#3366,.T.);
#4321=ORIENTED_EDGE('',*,*,#3367,.T.);
#4322=ORIENTED_EDGE('',*,*,#3365,.F.);
#4323=ORIENTED_EDGE('',*,*,#3366,.F.);
#4324=ORIENTED_EDGE('',*,*,#3367,.F.);
#4325=ORIENTED_EDGE('',*,*,#3368,.T.);
#4326=ORIENTED_EDGE('',*,*,#3369,.F.);
#4327=ORIENTED_EDGE('',*,*,#3368,.F.);
#4328=ORIENTED_EDGE('',*,*,#3353,.T.);
#4329=ORIENTED_EDGE('',*,*,#3370,.T.);
#4330=ORIENTED_EDGE('',*,*,#3371,.T.);
#4331=ORIENTED_EDGE('',*,*,#3372,.T.);
#4332=ORIENTED_EDGE('',*,*,#3370,.F.);
#4333=ORIENTED_EDGE('',*,*,#3371,.F.);
#4334=ORIENTED_EDGE('',*,*,#3372,.F.);
#4335=ORIENTED_EDGE('',*,*,#3373,.T.);
#4336=ORIENTED_EDGE('',*,*,#3374,.F.);
#4337=ORIENTED_EDGE('',*,*,#3373,.F.);
#4338=ORIENTED_EDGE('',*,*,#3336,.T.);
#4339=ORIENTED_EDGE('',*,*,#3375,.T.);
#4340=ORIENTED_EDGE('',*,*,#3376,.T.);
#4341=ORIENTED_EDGE('',*,*,#3377,.T.);
#4342=ORIENTED_EDGE('',*,*,#3375,.F.);
#4343=ORIENTED_EDGE('',*,*,#3376,.F.);
#4344=ORIENTED_EDGE('',*,*,#3377,.F.);
#4345=ORIENTED_EDGE('',*,*,#3378,.T.);
#4346=ORIENTED_EDGE('',*,*,#3379,.F.);
#4347=ORIENTED_EDGE('',*,*,#3378,.F.);
#4348=ORIENTED_EDGE('',*,*,#3352,.T.);
#4349=ORIENTED_EDGE('',*,*,#3380,.T.);
#4350=ORIENTED_EDGE('',*,*,#3381,.T.);
#4351=ORIENTED_EDGE('',*,*,#3382,.T.);
#4352=ORIENTED_EDGE('',*,*,#3380,.F.);
#4353=ORIENTED_EDGE('',*,*,#3381,.F.);
#4354=ORIENTED_EDGE('',*,*,#3382,.F.);
#4355=ORIENTED_EDGE('',*,*,#3383,.T.);
#4356=ORIENTED_EDGE('',*,*,#3384,.F.);
#4357=ORIENTED_EDGE('',*,*,#3383,.F.);
#4358=ORIENTED_EDGE('',*,*,#3337,.T.);
#4359=ORIENTED_EDGE('',*,*,#3385,.T.);
#4360=ORIENTED_EDGE('',*,*,#3386,.T.);
#4361=ORIENTED_EDGE('',*,*,#3387,.T.);
#4362=ORIENTED_EDGE('',*,*,#3385,.F.);
#4363=ORIENTED_EDGE('',*,*,#3386,.F.);
#4364=ORIENTED_EDGE('',*,*,#3387,.F.);
#4365=ORIENTED_EDGE('',*,*,#3388,.T.);
#4366=ORIENTED_EDGE('',*,*,#3389,.F.);
#4367=ORIENTED_EDGE('',*,*,#3388,.F.);
#4368=ORIENTED_EDGE('',*,*,#3351,.T.);
#4369=ORIENTED_EDGE('',*,*,#3390,.T.);
#4370=ORIENTED_EDGE('',*,*,#3391,.T.);
#4371=ORIENTED_EDGE('',*,*,#3392,.T.);
#4372=ORIENTED_EDGE('',*,*,#3390,.F.);
#4373=ORIENTED_EDGE('',*,*,#3391,.F.);
#4374=ORIENTED_EDGE('',*,*,#3392,.F.);
#4375=ORIENTED_EDGE('',*,*,#3393,.T.);
#4376=ORIENTED_EDGE('',*,*,#3394,.F.);
#4377=ORIENTED_EDGE('',*,*,#3393,.F.);
#4378=ORIENTED_EDGE('',*,*,#3302,.T.);
#4379=ORIENTED_EDGE('',*,*,#3395,.T.);
#4380=ORIENTED_EDGE('',*,*,#3359,.T.);
#4381=ORIENTED_EDGE('',*,*,#3395,.F.);
#4382=ORIENTED_EDGE('',*,*,#3310,.T.);
#4383=ORIENTED_EDGE('',*,*,#3396,.T.);
#4384=ORIENTED_EDGE('',*,*,#3384,.T.);
#4385=ORIENTED_EDGE('',*,*,#3396,.F.);
#4386=ORIENTED_EDGE('',*,*,#3303,.T.);
#4387=ORIENTED_EDGE('',*,*,#3397,.T.);
#4388=ORIENTED_EDGE('',*,*,#3389,.T.);
#4389=ORIENTED_EDGE('',*,*,#3397,.F.);
#4390=ORIENTED_EDGE('',*,*,#3309,.T.);
#4391=ORIENTED_EDGE('',*,*,#3398,.T.);
#4392=ORIENTED_EDGE('',*,*,#3379,.T.);
#4393=ORIENTED_EDGE('',*,*,#3398,.F.);
#4394=ORIENTED_EDGE('',*,*,#3304,.T.);
#4395=ORIENTED_EDGE('',*,*,#3399,.T.);
#4396=ORIENTED_EDGE('',*,*,#3364,.T.);
#4397=ORIENTED_EDGE('',*,*,#3399,.F.);
#4398=ORIENTED_EDGE('',*,*,#3308,.T.);
#4399=ORIENTED_EDGE('',*,*,#3400,.T.);
#4400=ORIENTED_EDGE('',*,*,#3369,.T.);
#4401=ORIENTED_EDGE('',*,*,#3400,.F.);
#4402=ORIENTED_EDGE('',*,*,#3305,.T.);
#4403=ORIENTED_EDGE('',*,*,#3401,.T.);
#4404=ORIENTED_EDGE('',*,*,#3374,.T.);
#4405=ORIENTED_EDGE('',*,*,#3401,.F.);
#4406=ORIENTED_EDGE('',*,*,#3307,.T.);
#4407=ORIENTED_EDGE('',*,*,#3402,.T.);
#4408=ORIENTED_EDGE('',*,*,#3394,.T.);
#4409=ORIENTED_EDGE('',*,*,#3402,.F.);
#4410=ORIENTED_EDGE('',*,*,#3306,.T.);
#4411=ORIENTED_EDGE('',*,*,#3403,.T.);
#4412=ORIENTED_EDGE('',*,*,#3404,.T.);
#4413=ORIENTED_EDGE('',*,*,#3403,.F.);
#4414=ORIENTED_EDGE('',*,*,#3405,.F.);
#4415=ORIENTED_EDGE('',*,*,#3406,.F.);
#4416=ORIENTED_EDGE('',*,*,#3407,.T.);
#4417=ORIENTED_EDGE('',*,*,#3404,.F.);
#4418=ORIENTED_EDGE('',*,*,#3407,.F.);
#4419=ORIENTED_EDGE('',*,*,#3338,.T.);
#4420=ORIENTED_EDGE('',*,*,#3408,.T.);
#4421=ORIENTED_EDGE('',*,*,#3405,.T.);
#4422=ORIENTED_EDGE('',*,*,#3406,.T.);
#4423=ORIENTED_EDGE('',*,*,#3408,.F.);
#4424=ORIENTED_EDGE('',*,*,#3274,.F.);
#4425=ORIENTED_EDGE('',*,*,#3333,.F.);
#4426=ORIENTED_EDGE('',*,*,#3316,.F.);
#4427=ORIENTED_EDGE('',*,*,#3300,.F.);
#4428=ORIENTED_EDGE('',*,*,#3339,.F.);
#4429=ORIENTED_EDGE('',*,*,#3409,.T.);
#4430=ORIENTED_EDGE('',*,*,#3410,.T.);
#4431=ORIENTED_EDGE('',*,*,#3409,.F.);
#4432=ORIENTED_EDGE('',*,*,#3410,.F.);
#4433=ORIENTED_EDGE('',*,*,#3340,.F.);
#4434=ORIENTED_EDGE('',*,*,#3411,.T.);
#4435=ORIENTED_EDGE('',*,*,#3412,.T.);
#4436=ORIENTED_EDGE('',*,*,#3411,.F.);
#4437=ORIENTED_EDGE('',*,*,#3412,.F.);
#4438=ORIENTED_EDGE('',*,*,#3341,.F.);
#4439=ORIENTED_EDGE('',*,*,#3413,.T.);
#4440=ORIENTED_EDGE('',*,*,#3414,.T.);
#4441=ORIENTED_EDGE('',*,*,#3413,.F.);
#4442=ORIENTED_EDGE('',*,*,#3414,.F.);
#4443=ORIENTED_EDGE('',*,*,#3342,.F.);
#4444=ORIENTED_EDGE('',*,*,#3415,.T.);
#4445=ORIENTED_EDGE('',*,*,#3416,.T.);
#4446=ORIENTED_EDGE('',*,*,#3415,.F.);
#4447=ORIENTED_EDGE('',*,*,#3416,.F.);
#4448=ORIENTED_EDGE('',*,*,#3343,.F.);
#4449=ORIENTED_EDGE('',*,*,#3417,.T.);
#4450=ORIENTED_EDGE('',*,*,#3418,.T.);
#4451=ORIENTED_EDGE('',*,*,#3417,.F.);
#4452=ORIENTED_EDGE('',*,*,#3418,.F.);
#4453=ORIENTED_EDGE('',*,*,#3344,.F.);
#4454=ORIENTED_EDGE('',*,*,#3419,.T.);
#4455=ORIENTED_EDGE('',*,*,#3420,.T.);
#4456=ORIENTED_EDGE('',*,*,#3419,.F.);
#4457=ORIENTED_EDGE('',*,*,#3420,.F.);
#4458=ORIENTED_EDGE('',*,*,#3345,.F.);
#4459=ORIENTED_EDGE('',*,*,#3421,.T.);
#4460=ORIENTED_EDGE('',*,*,#3422,.T.);
#4461=ORIENTED_EDGE('',*,*,#3421,.F.);
#4462=ORIENTED_EDGE('',*,*,#3422,.F.);
#4463=ORIENTED_EDGE('',*,*,#3346,.F.);
#4464=ORIENTED_EDGE('',*,*,#3423,.T.);
#4465=ORIENTED_EDGE('',*,*,#3424,.T.);
#4466=ORIENTED_EDGE('',*,*,#3423,.F.);
#4467=ORIENTED_EDGE('',*,*,#3424,.F.);
#4468=ORIENTED_EDGE('',*,*,#3347,.F.);
#4469=ORIENTED_EDGE('',*,*,#3425,.T.);
#4470=ORIENTED_EDGE('',*,*,#3426,.T.);
#4471=ORIENTED_EDGE('',*,*,#3425,.F.);
#4472=ORIENTED_EDGE('',*,*,#3426,.F.);
#4473=ORIENTED_EDGE('',*,*,#3348,.F.);
#4474=ORIENTED_EDGE('',*,*,#3427,.T.);
#4475=ORIENTED_EDGE('',*,*,#3428,.T.);
#4476=ORIENTED_EDGE('',*,*,#3427,.F.);
#4477=ORIENTED_EDGE('',*,*,#3428,.F.);
#4478=ORIENTED_EDGE('',*,*,#3349,.F.);
#4479=ORIENTED_EDGE('',*,*,#3429,.T.);
#4480=ORIENTED_EDGE('',*,*,#3430,.T.);
#4481=ORIENTED_EDGE('',*,*,#3429,.F.);
#4482=ORIENTED_EDGE('',*,*,#3430,.F.);
#4483=ORIENTED_EDGE('',*,*,#3350,.F.);
#4484=ORIENTED_EDGE('',*,*,#3431,.T.);
#4485=ORIENTED_EDGE('',*,*,#3432,.T.);
#4486=ORIENTED_EDGE('',*,*,#3431,.F.);
#4487=ORIENTED_EDGE('',*,*,#3432,.F.);
#4488=ORIENTED_EDGE('',*,*,#3433,.F.);
#4489=ORIENTED_EDGE('',*,*,#3434,.T.);
#4490=ORIENTED_EDGE('',*,*,#3435,.F.);
#4491=ORIENTED_EDGE('',*,*,#3434,.F.);
#4492=ORIENTED_EDGE('',*,*,#3436,.F.);
#4493=ORIENTED_EDGE('',*,*,#3437,.T.);
#4494=ORIENTED_EDGE('',*,*,#3438,.F.);
#4495=ORIENTED_EDGE('',*,*,#3437,.F.);
#4496=ORIENTED_EDGE('',*,*,#3439,.F.);
#4497=ORIENTED_EDGE('',*,*,#3440,.T.);
#4498=ORIENTED_EDGE('',*,*,#3441,.F.);
#4499=ORIENTED_EDGE('',*,*,#3442,.F.);
#4500=ORIENTED_EDGE('',*,*,#3443,.F.);
#4501=ORIENTED_EDGE('',*,*,#3440,.F.);
#4502=ORIENTED_EDGE('',*,*,#3444,.F.);
#4503=ORIENTED_EDGE('',*,*,#3445,.T.);
#4504=ORIENTED_EDGE('',*,*,#3446,.F.);
#4505=ORIENTED_EDGE('',*,*,#3447,.F.);
#4506=ORIENTED_EDGE('',*,*,#3445,.F.);
#4507=ORIENTED_EDGE('',*,*,#3448,.F.);
#4508=ORIENTED_EDGE('',*,*,#3449,.T.);
#4509=ORIENTED_EDGE('',*,*,#3450,.F.);
#4510=ORIENTED_EDGE('',*,*,#3451,.F.);
#4511=ORIENTED_EDGE('',*,*,#3449,.F.);
#4512=ORIENTED_EDGE('',*,*,#3452,.F.);
#4513=ORIENTED_EDGE('',*,*,#3453,.T.);
#4514=ORIENTED_EDGE('',*,*,#3454,.F.);
#4515=ORIENTED_EDGE('',*,*,#3455,.F.);
#4516=ORIENTED_EDGE('',*,*,#3453,.F.);
#4517=ORIENTED_EDGE('',*,*,#3456,.T.);
#4518=ORIENTED_EDGE('',*,*,#3457,.T.);
#4519=ORIENTED_EDGE('',*,*,#3458,.T.);
#4520=ORIENTED_EDGE('',*,*,#3459,.T.);
#4521=ORIENTED_EDGE('',*,*,#3460,.T.);
#4522=ORIENTED_EDGE('',*,*,#3461,.T.);
#4523=ORIENTED_EDGE('',*,*,#3456,.F.);
#4524=ORIENTED_EDGE('',*,*,#3462,.T.);
#4525=ORIENTED_EDGE('',*,*,#3463,.T.);
#4526=ORIENTED_EDGE('',*,*,#3464,.T.);
#4527=ORIENTED_EDGE('',*,*,#3460,.F.);
#4528=ORIENTED_EDGE('',*,*,#3465,.T.);
#4529=ORIENTED_EDGE('',*,*,#3466,.T.);
#4530=ORIENTED_EDGE('',*,*,#3467,.T.);
#4531=ORIENTED_EDGE('',*,*,#3463,.F.);
#4532=ORIENTED_EDGE('',*,*,#3468,.T.);
#4533=ORIENTED_EDGE('',*,*,#3469,.T.);
#4534=ORIENTED_EDGE('',*,*,#3470,.T.);
#4535=ORIENTED_EDGE('',*,*,#3466,.F.);
#4536=ORIENTED_EDGE('',*,*,#3471,.T.);
#4537=ORIENTED_EDGE('',*,*,#3472,.T.);
#4538=ORIENTED_EDGE('',*,*,#3473,.T.);
#4539=ORIENTED_EDGE('',*,*,#3469,.F.);
#4540=ORIENTED_EDGE('',*,*,#3474,.T.);
#4541=ORIENTED_EDGE('',*,*,#3475,.T.);
#4542=ORIENTED_EDGE('',*,*,#3476,.T.);
#4543=ORIENTED_EDGE('',*,*,#3472,.F.);
#4544=ORIENTED_EDGE('',*,*,#3477,.T.);
#4545=ORIENTED_EDGE('',*,*,#3475,.F.);
#4546=ORIENTED_EDGE('',*,*,#3478,.T.);
#4547=ORIENTED_EDGE('',*,*,#3458,.F.);
#4548=ORIENTED_EDGE('',*,*,#3479,.T.);
#4549=ORIENTED_EDGE('',*,*,#3473,.F.);
#4550=ORIENTED_EDGE('',*,*,#3480,.F.);
#4551=ORIENTED_EDGE('',*,*,#3481,.F.);
#4552=ORIENTED_EDGE('',*,*,#3482,.F.);
#4553=ORIENTED_EDGE('',*,*,#3433,.T.);
#4554=ORIENTED_EDGE('',*,*,#3436,.T.);
#4555=ORIENTED_EDGE('',*,*,#3476,.F.);
#4556=ORIENTED_EDGE('',*,*,#3483,.T.);
#4557=ORIENTED_EDGE('',*,*,#3484,.F.);
#4558=ORIENTED_EDGE('',*,*,#3480,.T.);
#4559=ORIENTED_EDGE('',*,*,#3479,.F.);
#4560=ORIENTED_EDGE('',*,*,#3485,.F.);
#4561=ORIENTED_EDGE('',*,*,#3486,.F.);
#4562=ORIENTED_EDGE('',*,*,#3483,.F.);
#4563=ORIENTED_EDGE('',*,*,#3439,.T.);
#4564=ORIENTED_EDGE('',*,*,#3457,.F.);
#4565=ORIENTED_EDGE('',*,*,#3487,.T.);
#4566=ORIENTED_EDGE('',*,*,#3488,.F.);
#4567=ORIENTED_EDGE('',*,*,#3485,.T.);
#4568=ORIENTED_EDGE('',*,*,#3459,.F.);
#4569=ORIENTED_EDGE('',*,*,#3478,.F.);
#4570=ORIENTED_EDGE('',*,*,#3477,.F.);
#4571=ORIENTED_EDGE('',*,*,#3474,.F.);
#4572=ORIENTED_EDGE('',*,*,#3471,.F.);
#4573=ORIENTED_EDGE('',*,*,#3468,.F.);
#4574=ORIENTED_EDGE('',*,*,#3465,.F.);
#4575=ORIENTED_EDGE('',*,*,#3462,.F.);
#4576=ORIENTED_EDGE('',*,*,#3489,.F.);
#4577=ORIENTED_EDGE('',*,*,#3490,.F.);
#4578=ORIENTED_EDGE('',*,*,#3491,.T.);
#4579=ORIENTED_EDGE('',*,*,#3492,.T.);
#4580=ORIENTED_EDGE('',*,*,#3493,.T.);
#4581=ORIENTED_EDGE('',*,*,#3494,.T.);
#4582=ORIENTED_EDGE('',*,*,#3495,.T.);
#4583=ORIENTED_EDGE('',*,*,#3496,.T.);
#4584=ORIENTED_EDGE('',*,*,#3491,.F.);
#4585=ORIENTED_EDGE('',*,*,#3497,.T.);
#4586=ORIENTED_EDGE('',*,*,#3498,.T.);
#4587=ORIENTED_EDGE('',*,*,#3488,.T.);
#4588=ORIENTED_EDGE('',*,*,#3495,.F.);
#4589=ORIENTED_EDGE('',*,*,#3499,.T.);
#4590=ORIENTED_EDGE('',*,*,#3500,.T.);
#4591=ORIENTED_EDGE('',*,*,#3486,.T.);
#4592=ORIENTED_EDGE('',*,*,#3498,.F.);
#4593=ORIENTED_EDGE('',*,*,#3501,.T.);
#4594=ORIENTED_EDGE('',*,*,#3502,.T.);
#4595=ORIENTED_EDGE('',*,*,#3484,.T.);
#4596=ORIENTED_EDGE('',*,*,#3500,.F.);
#4597=ORIENTED_EDGE('',*,*,#3503,.T.);
#4598=ORIENTED_EDGE('',*,*,#3504,.T.);
#4599=ORIENTED_EDGE('',*,*,#3481,.T.);
#4600=ORIENTED_EDGE('',*,*,#3502,.F.);
#4601=ORIENTED_EDGE('',*,*,#3505,.T.);
#4602=ORIENTED_EDGE('',*,*,#3506,.T.);
#4603=ORIENTED_EDGE('',*,*,#3507,.T.);
#4604=ORIENTED_EDGE('',*,*,#3504,.F.);
#4605=ORIENTED_EDGE('',*,*,#3508,.T.);
#4606=ORIENTED_EDGE('',*,*,#3506,.F.);
#4607=ORIENTED_EDGE('',*,*,#3509,.T.);
#4608=ORIENTED_EDGE('',*,*,#3493,.F.);
#4609=ORIENTED_EDGE('',*,*,#3510,.T.);
#4610=ORIENTED_EDGE('',*,*,#3470,.F.);
#4611=ORIENTED_EDGE('',*,*,#3482,.T.);
#4612=ORIENTED_EDGE('',*,*,#3507,.F.);
#4613=ORIENTED_EDGE('',*,*,#3511,.T.);
#4614=ORIENTED_EDGE('',*,*,#3467,.F.);
#4615=ORIENTED_EDGE('',*,*,#3511,.F.);
#4616=ORIENTED_EDGE('',*,*,#3510,.F.);
#4617=ORIENTED_EDGE('',*,*,#3512,.F.);
#4618=ORIENTED_EDGE('',*,*,#3444,.T.);
#4619=ORIENTED_EDGE('',*,*,#3464,.F.);
#4620=ORIENTED_EDGE('',*,*,#3512,.T.);
#4621=ORIENTED_EDGE('',*,*,#3492,.F.);
#4622=ORIENTED_EDGE('',*,*,#3513,.T.);
#4623=ORIENTED_EDGE('',*,*,#3494,.F.);
#4624=ORIENTED_EDGE('',*,*,#3509,.F.);
#4625=ORIENTED_EDGE('',*,*,#3508,.F.);
#4626=ORIENTED_EDGE('',*,*,#3505,.F.);
#4627=ORIENTED_EDGE('',*,*,#3503,.F.);
#4628=ORIENTED_EDGE('',*,*,#3501,.F.);
#4629=ORIENTED_EDGE('',*,*,#3499,.F.);
#4630=ORIENTED_EDGE('',*,*,#3497,.F.);
#4631=ORIENTED_EDGE('',*,*,#3514,.F.);
#4632=ORIENTED_EDGE('',*,*,#3515,.T.);
#4633=ORIENTED_EDGE('',*,*,#3516,.T.);
#4634=ORIENTED_EDGE('',*,*,#3517,.T.);
#4635=ORIENTED_EDGE('',*,*,#3518,.T.);
#4636=ORIENTED_EDGE('',*,*,#3519,.T.);
#4637=ORIENTED_EDGE('',*,*,#3520,.T.);
#4638=ORIENTED_EDGE('',*,*,#3521,.F.);
#4639=ORIENTED_EDGE('',*,*,#3514,.T.);
#4640=ORIENTED_EDGE('',*,*,#3522,.T.);
#4641=ORIENTED_EDGE('',*,*,#3523,.T.);
#4642=ORIENTED_EDGE('',*,*,#3524,.T.);
#4643=ORIENTED_EDGE('',*,*,#3522,.F.);
#4644=ORIENTED_EDGE('',*,*,#3523,.F.);
#4645=ORIENTED_EDGE('',*,*,#3524,.F.);
#4646=ORIENTED_EDGE('',*,*,#3525,.T.);
#4647=ORIENTED_EDGE('',*,*,#3526,.F.);
#4648=ORIENTED_EDGE('',*,*,#3525,.F.);
#4649=ORIENTED_EDGE('',*,*,#3489,.T.);
#4650=ORIENTED_EDGE('',*,*,#3527,.T.);
#4651=ORIENTED_EDGE('',*,*,#3526,.T.);
#4652=ORIENTED_EDGE('',*,*,#3527,.F.);
#4653=ORIENTED_EDGE('',*,*,#3490,.T.);
#4654=ORIENTED_EDGE('',*,*,#3528,.T.);
#4655=ORIENTED_EDGE('',*,*,#3529,.T.);
#4656=ORIENTED_EDGE('',*,*,#3528,.F.);
#4657=ORIENTED_EDGE('',*,*,#3530,.F.);
#4658=ORIENTED_EDGE('',*,*,#3531,.F.);
#4659=ORIENTED_EDGE('',*,*,#3532,.T.);
#4660=ORIENTED_EDGE('',*,*,#3529,.F.);
#4661=ORIENTED_EDGE('',*,*,#3532,.F.);
#4662=ORIENTED_EDGE('',*,*,#3521,.T.);
#4663=ORIENTED_EDGE('',*,*,#3533,.T.);
#4664=ORIENTED_EDGE('',*,*,#3530,.T.);
#4665=ORIENTED_EDGE('',*,*,#3531,.T.);
#4666=ORIENTED_EDGE('',*,*,#3533,.F.);
#4667=ORIENTED_EDGE('',*,*,#3461,.F.);
#4668=ORIENTED_EDGE('',*,*,#3513,.F.);
#4669=ORIENTED_EDGE('',*,*,#3496,.F.);
#4670=ORIENTED_EDGE('',*,*,#3487,.F.);
#4671=ORIENTED_EDGE('',*,*,#3448,.T.);
#4672=ORIENTED_EDGE('',*,*,#3452,.T.);
#4673=ORIENTED_EDGE('',*,*,#3520,.F.);
#4674=ORIENTED_EDGE('',*,*,#3534,.T.);
#4675=ORIENTED_EDGE('',*,*,#3535,.T.);
#4676=ORIENTED_EDGE('',*,*,#3534,.F.);
#4677=ORIENTED_EDGE('',*,*,#3446,.T.);
#4678=ORIENTED_EDGE('',*,*,#3447,.T.);
#4679=ORIENTED_EDGE('',*,*,#3535,.F.);
#4680=ORIENTED_EDGE('',*,*,#3519,.F.);
#4681=ORIENTED_EDGE('',*,*,#3536,.T.);
#4682=ORIENTED_EDGE('',*,*,#3441,.T.);
#4683=ORIENTED_EDGE('',*,*,#3537,.T.);
#4684=ORIENTED_EDGE('',*,*,#3538,.T.);
#4685=ORIENTED_EDGE('',*,*,#3537,.F.);
#4686=ORIENTED_EDGE('',*,*,#3443,.T.);
#4687=ORIENTED_EDGE('',*,*,#3442,.T.);
#4688=ORIENTED_EDGE('',*,*,#3536,.F.);
#4689=ORIENTED_EDGE('',*,*,#3538,.F.);
#4690=ORIENTED_EDGE('',*,*,#3518,.F.);
#4691=ORIENTED_EDGE('',*,*,#3539,.T.);
#4692=ORIENTED_EDGE('',*,*,#3540,.T.);
#4693=ORIENTED_EDGE('',*,*,#3539,.F.);
#4694=ORIENTED_EDGE('',*,*,#3435,.T.);
#4695=ORIENTED_EDGE('',*,*,#3540,.F.);
#4696=ORIENTED_EDGE('',*,*,#3517,.F.);
#4697=ORIENTED_EDGE('',*,*,#3541,.T.);
#4698=ORIENTED_EDGE('',*,*,#3542,.T.);
#4699=ORIENTED_EDGE('',*,*,#3541,.F.);
#4700=ORIENTED_EDGE('',*,*,#3454,.T.);
#4701=ORIENTED_EDGE('',*,*,#3455,.T.);
#4702=ORIENTED_EDGE('',*,*,#3542,.F.);
#4703=ORIENTED_EDGE('',*,*,#3516,.F.);
#4704=ORIENTED_EDGE('',*,*,#3543,.T.);
#4705=ORIENTED_EDGE('',*,*,#3544,.T.);
#4706=ORIENTED_EDGE('',*,*,#3543,.F.);
#4707=ORIENTED_EDGE('',*,*,#3450,.T.);
#4708=ORIENTED_EDGE('',*,*,#3451,.T.);
#4709=ORIENTED_EDGE('',*,*,#3544,.F.);
#4710=ORIENTED_EDGE('',*,*,#3515,.F.);
#4711=ORIENTED_EDGE('',*,*,#3545,.T.);
#4712=ORIENTED_EDGE('',*,*,#3546,.T.);
#4713=ORIENTED_EDGE('',*,*,#3545,.F.);
#4714=ORIENTED_EDGE('',*,*,#3438,.T.);
#4715=ORIENTED_EDGE('',*,*,#3546,.F.);
#4716=ORIENTED_EDGE('',*,*,#3547,.F.);
#4717=ORIENTED_EDGE('',*,*,#3548,.T.);
#4718=ORIENTED_EDGE('',*,*,#3549,.T.);
#4719=ORIENTED_EDGE('',*,*,#3548,.F.);
#4720=ORIENTED_EDGE('',*,*,#3550,.F.);
#4721=ORIENTED_EDGE('',*,*,#3551,.T.);
#4722=ORIENTED_EDGE('',*,*,#3552,.T.);
#4723=ORIENTED_EDGE('',*,*,#3551,.F.);
#4724=ORIENTED_EDGE('',*,*,#3550,.T.);
#4725=ORIENTED_EDGE('',*,*,#3547,.T.);
#4726=ORIENTED_EDGE('',*,*,#3552,.F.);
#4727=ORIENTED_EDGE('',*,*,#3549,.F.);
#4728=ORIENTED_EDGE('',*,*,#3553,.T.);
#4729=ORIENTED_EDGE('',*,*,#3554,.T.);
#4730=ORIENTED_EDGE('',*,*,#3555,.T.);
#4731=ORIENTED_EDGE('',*,*,#3556,.T.);
#4732=ORIENTED_EDGE('',*,*,#3557,.T.);
#4733=ORIENTED_EDGE('',*,*,#3558,.T.);
#4734=ORIENTED_EDGE('',*,*,#3559,.T.);
#4735=ORIENTED_EDGE('',*,*,#3560,.T.);
#4736=ORIENTED_EDGE('',*,*,#3561,.F.);
#4737=ORIENTED_EDGE('',*,*,#3556,.F.);
#4738=ORIENTED_EDGE('',*,*,#3562,.T.);
#4739=ORIENTED_EDGE('',*,*,#3563,.T.);
#4740=ORIENTED_EDGE('',*,*,#3559,.F.);
#4741=ORIENTED_EDGE('',*,*,#3564,.T.);
#4742=ORIENTED_EDGE('',*,*,#3565,.T.);
#4743=ORIENTED_EDGE('',*,*,#3566,.T.);
#4744=ORIENTED_EDGE('',*,*,#3562,.F.);
#4745=ORIENTED_EDGE('',*,*,#3567,.T.);
#4746=ORIENTED_EDGE('',*,*,#3568,.T.);
#4747=ORIENTED_EDGE('',*,*,#3569,.T.);
#4748=ORIENTED_EDGE('',*,*,#3565,.F.);
#4749=ORIENTED_EDGE('',*,*,#3570,.T.);
#4750=ORIENTED_EDGE('',*,*,#3571,.T.);
#4751=ORIENTED_EDGE('',*,*,#3572,.T.);
#4752=ORIENTED_EDGE('',*,*,#3568,.F.);
#4753=ORIENTED_EDGE('',*,*,#3573,.T.);
#4754=ORIENTED_EDGE('',*,*,#3574,.T.);
#4755=ORIENTED_EDGE('',*,*,#3575,.T.);
#4756=ORIENTED_EDGE('',*,*,#3571,.F.);
#4757=ORIENTED_EDGE('',*,*,#3576,.T.);
#4758=ORIENTED_EDGE('',*,*,#3574,.F.);
#4759=ORIENTED_EDGE('',*,*,#3577,.T.);
#4760=ORIENTED_EDGE('',*,*,#3578,.T.);
#4761=ORIENTED_EDGE('',*,*,#3579,.T.);
#4762=ORIENTED_EDGE('',*,*,#3580,.T.);
#4763=ORIENTED_EDGE('',*,*,#3581,.T.);
#4764=ORIENTED_EDGE('',*,*,#3578,.F.);
#4765=ORIENTED_EDGE('',*,*,#3582,.T.);
#4766=ORIENTED_EDGE('',*,*,#3583,.T.);
#4767=ORIENTED_EDGE('',*,*,#3580,.F.);
#4768=ORIENTED_EDGE('',*,*,#3584,.T.);
#4769=ORIENTED_EDGE('',*,*,#3585,.T.);
#4770=ORIENTED_EDGE('',*,*,#3586,.T.);
#4771=ORIENTED_EDGE('',*,*,#3587,.T.);
#4772=ORIENTED_EDGE('',*,*,#3588,.T.);
#4773=ORIENTED_EDGE('',*,*,#3589,.T.);
#4774=ORIENTED_EDGE('',*,*,#3590,.T.);
#4775=ORIENTED_EDGE('',*,*,#3585,.F.);
#4776=ORIENTED_EDGE('',*,*,#3591,.T.);
#4777=ORIENTED_EDGE('',*,*,#3592,.T.);
#4778=ORIENTED_EDGE('',*,*,#3593,.T.);
#4779=ORIENTED_EDGE('',*,*,#3594,.T.);
#4780=ORIENTED_EDGE('',*,*,#3595,.T.);
#4781=ORIENTED_EDGE('',*,*,#3596,.T.);
#4782=ORIENTED_EDGE('',*,*,#3593,.F.);
#4783=ORIENTED_EDGE('',*,*,#3597,.T.);
#4784=ORIENTED_EDGE('',*,*,#3598,.T.);
#4785=ORIENTED_EDGE('',*,*,#3599,.T.);
#4786=ORIENTED_EDGE('',*,*,#3595,.F.);
#4787=ORIENTED_EDGE('',*,*,#3600,.T.);
#4788=ORIENTED_EDGE('',*,*,#3601,.T.);
#4789=ORIENTED_EDGE('',*,*,#3602,.T.);
#4790=ORIENTED_EDGE('',*,*,#3598,.F.);
#4791=ORIENTED_EDGE('',*,*,#3603,.T.);
#4792=ORIENTED_EDGE('',*,*,#3604,.T.);
#4793=ORIENTED_EDGE('',*,*,#3605,.T.);
#4794=ORIENTED_EDGE('',*,*,#3601,.F.);
#4795=ORIENTED_EDGE('',*,*,#3606,.T.);
#4796=ORIENTED_EDGE('',*,*,#3591,.F.);
#4797=ORIENTED_EDGE('',*,*,#3607,.T.);
#4798=ORIENTED_EDGE('',*,*,#3588,.F.);
#4799=ORIENTED_EDGE('',*,*,#3554,.F.);
#4800=ORIENTED_EDGE('',*,*,#3608,.T.);
#4801=ORIENTED_EDGE('',*,*,#3604,.F.);
#4802=ORIENTED_EDGE('',*,*,#3577,.F.);
#4803=ORIENTED_EDGE('',*,*,#3576,.F.);
#4804=ORIENTED_EDGE('',*,*,#3609,.T.);
#4805=ORIENTED_EDGE('',*,*,#3597,.F.);
#4806=ORIENTED_EDGE('',*,*,#3610,.T.);
#4807=ORIENTED_EDGE('',*,*,#3573,.F.);
#4808=ORIENTED_EDGE('',*,*,#3611,.F.);
#4809=ORIENTED_EDGE('',*,*,#3600,.F.);
#4810=ORIENTED_EDGE('',*,*,#3609,.F.);
#4811=ORIENTED_EDGE('',*,*,#3564,.F.);
#4812=ORIENTED_EDGE('',*,*,#3558,.F.);
#4813=ORIENTED_EDGE('',*,*,#3555,.F.);
#4814=ORIENTED_EDGE('',*,*,#3606,.F.);
#4815=ORIENTED_EDGE('',*,*,#3612,.F.);
#4816=ORIENTED_EDGE('',*,*,#3570,.F.);
#4817=ORIENTED_EDGE('',*,*,#3567,.F.);
#4818=ORIENTED_EDGE('',*,*,#3612,.T.);
#4819=ORIENTED_EDGE('',*,*,#3603,.F.);
#4820=ORIENTED_EDGE('',*,*,#3611,.T.);
#4821=ORIENTED_EDGE('',*,*,#3569,.F.);
#4822=ORIENTED_EDGE('',*,*,#3572,.F.);
#4823=ORIENTED_EDGE('',*,*,#3575,.F.);
#4824=ORIENTED_EDGE('',*,*,#3613,.T.);
#4825=ORIENTED_EDGE('',*,*,#3614,.F.);
#4826=ORIENTED_EDGE('',*,*,#3582,.F.);
#4827=ORIENTED_EDGE('',*,*,#3610,.F.);
#4828=ORIENTED_EDGE('',*,*,#3592,.F.);
#4829=ORIENTED_EDGE('',*,*,#3587,.F.);
#4830=ORIENTED_EDGE('',*,*,#3584,.F.);
#4831=ORIENTED_EDGE('',*,*,#3615,.T.);
#4832=ORIENTED_EDGE('',*,*,#3616,.T.);
#4833=ORIENTED_EDGE('',*,*,#3617,.T.);
#4834=ORIENTED_EDGE('',*,*,#3618,.T.);
#4835=ORIENTED_EDGE('',*,*,#3616,.F.);
#4836=ORIENTED_EDGE('',*,*,#3618,.F.);
#4837=ORIENTED_EDGE('',*,*,#3619,.T.);
#4838=ORIENTED_EDGE('',*,*,#3620,.T.);
#4839=ORIENTED_EDGE('',*,*,#3619,.F.);
#4840=ORIENTED_EDGE('',*,*,#3617,.F.);
#4841=ORIENTED_EDGE('',*,*,#3615,.F.);
#4842=ORIENTED_EDGE('',*,*,#3621,.F.);
#4843=ORIENTED_EDGE('',*,*,#3614,.T.);
#4844=ORIENTED_EDGE('',*,*,#3622,.T.);
#4845=ORIENTED_EDGE('',*,*,#3623,.T.);
#4846=ORIENTED_EDGE('',*,*,#3624,.T.);
#4847=ORIENTED_EDGE('',*,*,#3622,.F.);
#4848=ORIENTED_EDGE('',*,*,#3624,.F.);
#4849=ORIENTED_EDGE('',*,*,#3625,.T.);
#4850=ORIENTED_EDGE('',*,*,#3626,.T.);
#4851=ORIENTED_EDGE('',*,*,#3625,.F.);
#4852=ORIENTED_EDGE('',*,*,#3623,.F.);
#4853=ORIENTED_EDGE('',*,*,#3626,.F.);
#4854=ORIENTED_EDGE('',*,*,#3620,.F.);
#4855=ORIENTED_EDGE('',*,*,#3566,.F.);
#4856=ORIENTED_EDGE('',*,*,#3613,.F.);
#4857=ORIENTED_EDGE('',*,*,#3579,.F.);
#4858=ORIENTED_EDGE('',*,*,#3581,.F.);
#4859=ORIENTED_EDGE('',*,*,#3627,.T.);
#4860=ORIENTED_EDGE('',*,*,#3563,.F.);
#4861=ORIENTED_EDGE('',*,*,#3560,.F.);
#4862=ORIENTED_EDGE('',*,*,#3627,.F.);
#4863=ORIENTED_EDGE('',*,*,#3583,.F.);
#4864=ORIENTED_EDGE('',*,*,#3586,.F.);
#4865=ORIENTED_EDGE('',*,*,#3590,.F.);
#4866=ORIENTED_EDGE('',*,*,#3628,.T.);
#4867=ORIENTED_EDGE('',*,*,#3557,.F.);
#4868=ORIENTED_EDGE('',*,*,#3561,.T.);
#4869=ORIENTED_EDGE('',*,*,#3629,.T.);
#4870=ORIENTED_EDGE('',*,*,#3630,.T.);
#4871=ORIENTED_EDGE('',*,*,#3631,.T.);
#4872=ORIENTED_EDGE('',*,*,#3632,.T.);
#4873=ORIENTED_EDGE('',*,*,#3630,.F.);
#4874=ORIENTED_EDGE('',*,*,#3605,.F.);
#4875=ORIENTED_EDGE('',*,*,#3633,.F.);
#4876=ORIENTED_EDGE('',*,*,#3594,.F.);
#4877=ORIENTED_EDGE('',*,*,#3596,.F.);
#4878=ORIENTED_EDGE('',*,*,#3599,.F.);
#4879=ORIENTED_EDGE('',*,*,#3602,.F.);
#4880=ORIENTED_EDGE('',*,*,#3629,.F.);
#4881=ORIENTED_EDGE('',*,*,#3634,.T.);
#4882=ORIENTED_EDGE('',*,*,#3635,.T.);
#4883=ORIENTED_EDGE('',*,*,#3631,.F.);
#4884=ORIENTED_EDGE('',*,*,#3632,.F.);
#4885=ORIENTED_EDGE('',*,*,#3635,.F.);
#4886=ORIENTED_EDGE('',*,*,#3608,.F.);
#4887=ORIENTED_EDGE('',*,*,#3636,.T.);
#4888=ORIENTED_EDGE('',*,*,#3607,.F.);
#4889=ORIENTED_EDGE('',*,*,#3633,.T.);
#4890=ORIENTED_EDGE('',*,*,#3553,.F.);
#4891=ORIENTED_EDGE('',*,*,#3628,.F.);
#4892=ORIENTED_EDGE('',*,*,#3589,.F.);
#4893=ORIENTED_EDGE('',*,*,#3636,.F.);
#4894=ORIENTED_EDGE('',*,*,#3621,.T.);
#4895=ORIENTED_EDGE('',*,*,#3637,.T.);
#4896=ORIENTED_EDGE('',*,*,#3634,.F.);
#4897=ORIENTED_EDGE('',*,*,#3637,.F.);
#4898=ORIENTED_EDGE('',*,*,#3638,.F.);
#4899=ORIENTED_EDGE('',*,*,#3639,.T.);
#4900=ORIENTED_EDGE('',*,*,#3640,.T.);
#4901=ORIENTED_EDGE('',*,*,#3639,.F.);
#4902=ORIENTED_EDGE('',*,*,#3641,.F.);
#4903=ORIENTED_EDGE('',*,*,#3640,.F.);
#4904=ORIENTED_EDGE('',*,*,#3642,.F.);
#4905=ORIENTED_EDGE('',*,*,#3643,.T.);
#4906=ORIENTED_EDGE('',*,*,#3641,.T.);
#4907=ORIENTED_EDGE('',*,*,#3643,.F.);
#4908=ORIENTED_EDGE('',*,*,#3644,.F.);
#4909=ORIENTED_EDGE('',*,*,#3642,.T.);
#4910=ORIENTED_EDGE('',*,*,#3645,.F.);
#4911=ORIENTED_EDGE('',*,*,#3646,.T.);
#4912=ORIENTED_EDGE('',*,*,#3644,.T.);
#4913=ORIENTED_EDGE('',*,*,#3646,.F.);
#4914=ORIENTED_EDGE('',*,*,#3647,.T.);
#4915=ORIENTED_EDGE('',*,*,#3645,.T.);
#4916=ORIENTED_EDGE('',*,*,#3648,.F.);
#4917=ORIENTED_EDGE('',*,*,#3649,.T.);
#4918=ORIENTED_EDGE('',*,*,#3650,.T.);
#4919=ORIENTED_EDGE('',*,*,#3651,.F.);
#4920=ORIENTED_EDGE('',*,*,#3652,.F.);
#4921=ORIENTED_EDGE('',*,*,#3653,.T.);
#4922=ORIENTED_EDGE('',*,*,#3654,.T.);
#4923=ORIENTED_EDGE('',*,*,#3649,.F.);
#4924=ORIENTED_EDGE('',*,*,#3655,.F.);
#4925=ORIENTED_EDGE('',*,*,#3656,.F.);
#4926=ORIENTED_EDGE('',*,*,#3657,.T.);
#4927=ORIENTED_EDGE('',*,*,#3653,.F.);
#4928=ORIENTED_EDGE('',*,*,#3657,.F.);
#4929=ORIENTED_EDGE('',*,*,#3658,.F.);
#4930=ORIENTED_EDGE('',*,*,#3650,.F.);
#4931=ORIENTED_EDGE('',*,*,#3654,.F.);
#4932=ORIENTED_EDGE('',*,*,#3638,.T.);
#4933=ORIENTED_EDGE('',*,*,#3655,.T.);
#4934=ORIENTED_EDGE('',*,*,#3652,.T.);
#4935=ORIENTED_EDGE('',*,*,#3648,.T.);
#4936=ORIENTED_EDGE('',*,*,#3659,.T.);
#4937=ORIENTED_EDGE('',*,*,#3660,.T.);
#4938=ORIENTED_EDGE('',*,*,#3661,.F.);
#4939=ORIENTED_EDGE('',*,*,#3662,.F.);
#4940=ORIENTED_EDGE('',*,*,#3663,.T.);
#4941=ORIENTED_EDGE('',*,*,#3664,.F.);
#4942=ORIENTED_EDGE('',*,*,#3663,.F.);
#4943=ORIENTED_EDGE('',*,*,#3665,.F.);
#4944=ORIENTED_EDGE('',*,*,#3666,.T.);
#4945=ORIENTED_EDGE('',*,*,#3667,.T.);
#4946=ORIENTED_EDGE('',*,*,#3661,.T.);
#4947=ORIENTED_EDGE('',*,*,#3662,.T.);
#4948=ORIENTED_EDGE('',*,*,#3656,.T.);
#4949=ORIENTED_EDGE('',*,*,#3660,.F.);
#4950=ORIENTED_EDGE('',*,*,#3668,.T.);
#4951=ORIENTED_EDGE('',*,*,#3665,.T.);
#4952=ORIENTED_EDGE('',*,*,#3668,.F.);
#4953=ORIENTED_EDGE('',*,*,#3659,.F.);
#4954=ORIENTED_EDGE('',*,*,#3651,.T.);
#4955=ORIENTED_EDGE('',*,*,#3658,.T.);
#4956=ORIENTED_EDGE('',*,*,#3647,.F.);
#4957=ORIENTED_EDGE('',*,*,#3669,.T.);
#4958=ORIENTED_EDGE('',*,*,#3670,.T.);
#4959=ORIENTED_EDGE('',*,*,#3669,.F.);
#4960=ORIENTED_EDGE('',*,*,#3670,.F.);
#4961=ORIENTED_EDGE('',*,*,#3671,.T.);
#4962=ORIENTED_EDGE('',*,*,#3671,.F.);
#4963=ORIENTED_EDGE('',*,*,#3672,.T.);
#4964=ORIENTED_EDGE('',*,*,#3673,.T.);
#4965=ORIENTED_EDGE('',*,*,#3672,.F.);
#4966=ORIENTED_EDGE('',*,*,#3674,.T.);
#4967=ORIENTED_EDGE('',*,*,#3675,.T.);
#4968=ORIENTED_EDGE('',*,*,#3676,.T.);
#4969=ORIENTED_EDGE('',*,*,#3677,.T.);
#4970=ORIENTED_EDGE('',*,*,#3675,.F.);
#4971=ORIENTED_EDGE('',*,*,#3678,.F.);
#4972=ORIENTED_EDGE('',*,*,#3664,.T.);
#4973=ORIENTED_EDGE('',*,*,#3674,.F.);
#4974=ORIENTED_EDGE('',*,*,#3679,.T.);
#4975=ORIENTED_EDGE('',*,*,#3680,.T.);
#4976=ORIENTED_EDGE('',*,*,#3676,.F.);
#4977=ORIENTED_EDGE('',*,*,#3677,.F.);
#4978=ORIENTED_EDGE('',*,*,#3680,.F.);
#4979=ORIENTED_EDGE('',*,*,#3681,.T.);
#4980=ORIENTED_EDGE('',*,*,#3682,.T.);
#4981=ORIENTED_EDGE('',*,*,#3683,.T.);
#4982=ORIENTED_EDGE('',*,*,#3678,.T.);
#4983=ORIENTED_EDGE('',*,*,#3683,.F.);
#4984=ORIENTED_EDGE('',*,*,#3673,.F.);
#4985=ORIENTED_EDGE('',*,*,#3684,.T.);
#4986=ORIENTED_EDGE('',*,*,#3681,.F.);
#4987=ORIENTED_EDGE('',*,*,#3682,.F.);
#4988=ORIENTED_EDGE('',*,*,#3684,.F.);
#4989=ORIENTED_EDGE('',*,*,#3666,.F.);
#4990=ORIENTED_EDGE('',*,*,#3667,.F.);
#4991=ORIENTED_EDGE('',*,*,#3685,.T.);
#4992=ORIENTED_EDGE('',*,*,#3679,.F.);
#4993=ORIENTED_EDGE('',*,*,#3685,.F.);
#4994=ORIENTED_EDGE('',*,*,#3686,.T.);
#4995=ORIENTED_EDGE('',*,*,#3687,.T.);
#4996=ORIENTED_EDGE('',*,*,#3688,.T.);
#4997=ORIENTED_EDGE('',*,*,#3687,.F.);
#4998=ORIENTED_EDGE('',*,*,#3689,.F.);
#4999=ORIENTED_EDGE('',*,*,#3690,.T.);
#5000=ORIENTED_EDGE('',*,*,#3691,.T.);
#5001=ORIENTED_EDGE('',*,*,#3690,.F.);
#5002=ORIENTED_EDGE('',*,*,#3692,.F.);
#5003=ORIENTED_EDGE('',*,*,#3693,.F.);
#5004=ORIENTED_EDGE('',*,*,#3694,.F.);
#5005=ORIENTED_EDGE('',*,*,#3695,.T.);
#5006=ORIENTED_EDGE('',*,*,#3696,.T.);
#5007=ORIENTED_EDGE('',*,*,#3695,.F.);
#5008=ORIENTED_EDGE('',*,*,#3697,.T.);
#5009=ORIENTED_EDGE('',*,*,#3698,.T.);
#5010=ORIENTED_EDGE('',*,*,#3699,.T.);
#5011=ORIENTED_EDGE('',*,*,#3698,.F.);
#5012=ORIENTED_EDGE('',*,*,#3700,.F.);
#5013=ORIENTED_EDGE('',*,*,#3701,.T.);
#5014=ORIENTED_EDGE('',*,*,#3702,.T.);
#5015=ORIENTED_EDGE('',*,*,#3701,.F.);
#5016=ORIENTED_EDGE('',*,*,#3703,.F.);
#5017=ORIENTED_EDGE('',*,*,#3704,.F.);
#5018=ORIENTED_EDGE('',*,*,#3705,.F.);
#5019=ORIENTED_EDGE('',*,*,#3706,.T.);
#5020=ORIENTED_EDGE('',*,*,#3707,.T.);
#5021=ORIENTED_EDGE('',*,*,#3706,.F.);
#5022=ORIENTED_EDGE('',*,*,#3708,.F.);
#5023=ORIENTED_EDGE('',*,*,#3709,.T.);
#5024=ORIENTED_EDGE('',*,*,#3710,.T.);
#5025=ORIENTED_EDGE('',*,*,#3711,.T.);
#5026=ORIENTED_EDGE('',*,*,#3709,.F.);
#5027=ORIENTED_EDGE('',*,*,#3712,.T.);
#5028=ORIENTED_EDGE('',*,*,#3713,.T.);
#5029=ORIENTED_EDGE('',*,*,#3714,.T.);
#5030=ORIENTED_EDGE('',*,*,#3715,.T.);
#5031=ORIENTED_EDGE('',*,*,#3714,.F.);
#5032=ORIENTED_EDGE('',*,*,#3716,.F.);
#5033=ORIENTED_EDGE('',*,*,#3717,.T.);
#5034=ORIENTED_EDGE('',*,*,#3718,.T.);
#5035=ORIENTED_EDGE('',*,*,#3717,.F.);
#5036=ORIENTED_EDGE('',*,*,#3718,.F.);
#5037=ORIENTED_EDGE('',*,*,#3719,.T.);
#5038=ORIENTED_EDGE('',*,*,#3720,.T.);
#5039=ORIENTED_EDGE('',*,*,#3721,.T.);
#5040=ORIENTED_EDGE('',*,*,#3722,.T.);
#5041=ORIENTED_EDGE('',*,*,#3723,.T.);
#5042=ORIENTED_EDGE('',*,*,#3724,.T.);
#5043=ORIENTED_EDGE('',*,*,#3719,.F.);
#5044=ORIENTED_EDGE('',*,*,#3724,.F.);
#5045=ORIENTED_EDGE('',*,*,#3725,.F.);
#5046=ORIENTED_EDGE('',*,*,#3726,.T.);
#5047=ORIENTED_EDGE('',*,*,#3727,.F.);
#5048=ORIENTED_EDGE('',*,*,#3720,.F.);
#5049=ORIENTED_EDGE('',*,*,#3728,.F.);
#5050=ORIENTED_EDGE('',*,*,#3729,.T.);
#5051=ORIENTED_EDGE('',*,*,#3730,.T.);
#5052=ORIENTED_EDGE('',*,*,#3729,.F.);
#5053=ORIENTED_EDGE('',*,*,#3731,.T.);
#5054=ORIENTED_EDGE('',*,*,#3732,.F.);
#5055=ORIENTED_EDGE('',*,*,#3722,.F.);
#5056=ORIENTED_EDGE('',*,*,#3733,.F.);
#5057=ORIENTED_EDGE('',*,*,#3734,.F.);
#5058=ORIENTED_EDGE('',*,*,#3735,.T.);
#5059=ORIENTED_EDGE('',*,*,#3736,.F.);
#5060=ORIENTED_EDGE('',*,*,#3735,.F.);
#5061=ORIENTED_EDGE('',*,*,#3737,.F.);
#5062=ORIENTED_EDGE('',*,*,#3738,.T.);
#5063=ORIENTED_EDGE('',*,*,#3734,.T.);
#5064=ORIENTED_EDGE('',*,*,#3738,.F.);
#5065=ORIENTED_EDGE('',*,*,#3739,.F.);
#5066=ORIENTED_EDGE('',*,*,#3740,.T.);
#5067=ORIENTED_EDGE('',*,*,#3741,.F.);
#5068=ORIENTED_EDGE('',*,*,#3740,.F.);
#5069=ORIENTED_EDGE('',*,*,#3742,.T.);
#5070=ORIENTED_EDGE('',*,*,#3743,.T.);
#5071=ORIENTED_EDGE('',*,*,#3739,.T.);
#5072=ORIENTED_EDGE('',*,*,#3743,.F.);
#5073=ORIENTED_EDGE('',*,*,#3744,.F.);
#5074=ORIENTED_EDGE('',*,*,#3745,.T.);
#5075=ORIENTED_EDGE('',*,*,#3746,.F.);
#5076=ORIENTED_EDGE('',*,*,#3745,.F.);
#5077=ORIENTED_EDGE('',*,*,#3712,.F.);
#5078=ORIENTED_EDGE('',*,*,#3713,.F.);
#5079=ORIENTED_EDGE('',*,*,#3747,.T.);
#5080=ORIENTED_EDGE('',*,*,#3748,.F.);
#5081=ORIENTED_EDGE('',*,*,#3747,.F.);
#5082=ORIENTED_EDGE('',*,*,#3749,.T.);
#5083=ORIENTED_EDGE('',*,*,#3750,.T.);
#5084=ORIENTED_EDGE('',*,*,#3751,.T.);
#5085=ORIENTED_EDGE('',*,*,#3750,.F.);
#5086=ORIENTED_EDGE('',*,*,#3749,.F.);
#5087=ORIENTED_EDGE('',*,*,#3752,.T.);
#5088=ORIENTED_EDGE('',*,*,#3753,.F.);
#5089=ORIENTED_EDGE('',*,*,#3752,.F.);
#5090=ORIENTED_EDGE('',*,*,#3710,.F.);
#5091=ORIENTED_EDGE('',*,*,#3711,.F.);
#5092=ORIENTED_EDGE('',*,*,#3754,.T.);
#5093=ORIENTED_EDGE('',*,*,#3751,.F.);
#5094=ORIENTED_EDGE('',*,*,#3754,.F.);
#5095=ORIENTED_EDGE('',*,*,#3744,.T.);
#5096=ORIENTED_EDGE('',*,*,#3755,.T.);
#5097=ORIENTED_EDGE('',*,*,#3756,.T.);
#5098=ORIENTED_EDGE('',*,*,#3755,.F.);
#5099=ORIENTED_EDGE('',*,*,#3688,.F.);
#5100=ORIENTED_EDGE('',*,*,#3742,.F.);
#5101=ORIENTED_EDGE('',*,*,#3757,.F.);
#5102=ORIENTED_EDGE('',*,*,#3758,.F.);
#5103=ORIENTED_EDGE('',*,*,#3759,.F.);
#5104=ORIENTED_EDGE('',*,*,#3760,.F.);
#5105=ORIENTED_EDGE('',*,*,#3761,.F.);
#5106=ORIENTED_EDGE('',*,*,#3762,.F.);
#5107=ORIENTED_EDGE('',*,*,#3763,.F.);
#5108=ORIENTED_EDGE('',*,*,#3764,.F.);
#5109=ORIENTED_EDGE('',*,*,#3765,.F.);
#5110=ORIENTED_EDGE('',*,*,#3766,.F.);
#5111=ORIENTED_EDGE('',*,*,#3767,.F.);
#5112=ORIENTED_EDGE('',*,*,#3768,.F.);
#5113=ORIENTED_EDGE('',*,*,#3769,.F.);
#5114=ORIENTED_EDGE('',*,*,#3770,.F.);
#5115=ORIENTED_EDGE('',*,*,#3771,.F.);
#5116=ORIENTED_EDGE('',*,*,#3772,.F.);
#5117=ORIENTED_EDGE('',*,*,#3773,.F.);
#5118=ORIENTED_EDGE('',*,*,#3774,.F.);
#5119=ORIENTED_EDGE('',*,*,#3775,.F.);
#5120=ORIENTED_EDGE('',*,*,#3776,.F.);
#5121=ORIENTED_EDGE('',*,*,#3777,.F.);
#5122=ORIENTED_EDGE('',*,*,#3778,.F.);
#5123=ORIENTED_EDGE('',*,*,#3779,.F.);
#5124=ORIENTED_EDGE('',*,*,#3780,.F.);
#5125=ORIENTED_EDGE('',*,*,#3777,.T.);
#5126=ORIENTED_EDGE('',*,*,#3773,.T.);
#5127=ORIENTED_EDGE('',*,*,#3781,.F.);
#5128=ORIENTED_EDGE('',*,*,#3782,.T.);
#5129=ORIENTED_EDGE('',*,*,#3783,.T.);
#5130=ORIENTED_EDGE('',*,*,#3784,.F.);
#5131=ORIENTED_EDGE('',*,*,#3776,.T.);
#5132=ORIENTED_EDGE('',*,*,#3785,.T.);
#5133=ORIENTED_EDGE('',*,*,#3786,.T.);
#5134=ORIENTED_EDGE('',*,*,#3781,.T.);
#5135=ORIENTED_EDGE('',*,*,#3775,.T.);
#5136=ORIENTED_EDGE('',*,*,#3765,.T.);
#5137=ORIENTED_EDGE('',*,*,#3787,.F.);
#5138=ORIENTED_EDGE('',*,*,#3788,.T.);
#5139=ORIENTED_EDGE('',*,*,#3789,.T.);
#5140=ORIENTED_EDGE('',*,*,#3785,.F.);
#5141=ORIENTED_EDGE('',*,*,#3768,.T.);
#5142=ORIENTED_EDGE('',*,*,#3790,.T.);
#5143=ORIENTED_EDGE('',*,*,#3791,.T.);
#5144=ORIENTED_EDGE('',*,*,#3787,.T.);
#5145=ORIENTED_EDGE('',*,*,#3757,.T.);
#5146=ORIENTED_EDGE('',*,*,#3763,.T.);
#5147=ORIENTED_EDGE('',*,*,#3792,.F.);
#5148=ORIENTED_EDGE('',*,*,#3793,.T.);
#5149=ORIENTED_EDGE('',*,*,#3794,.T.);
#5150=ORIENTED_EDGE('',*,*,#3795,.F.);
#5151=ORIENTED_EDGE('',*,*,#3767,.T.);
#5152=ORIENTED_EDGE('',*,*,#3759,.T.);
#5153=ORIENTED_EDGE('',*,*,#3796,.F.);
#5154=ORIENTED_EDGE('',*,*,#3797,.T.);
#5155=ORIENTED_EDGE('',*,*,#3798,.T.);
#5156=ORIENTED_EDGE('',*,*,#3790,.F.);
#5157=ORIENTED_EDGE('',*,*,#3793,.F.);
#5158=ORIENTED_EDGE('',*,*,#3799,.F.);
#5159=ORIENTED_EDGE('',*,*,#3800,.F.);
#5160=ORIENTED_EDGE('',*,*,#3801,.F.);
#5161=ORIENTED_EDGE('',*,*,#3797,.F.);
#5162=ORIENTED_EDGE('',*,*,#3802,.F.);
#5163=ORIENTED_EDGE('',*,*,#3794,.F.);
#5164=ORIENTED_EDGE('',*,*,#3803,.F.);
#5165=ORIENTED_EDGE('',*,*,#3804,.F.);
#5166=ORIENTED_EDGE('',*,*,#3805,.F.);
#5167=ORIENTED_EDGE('',*,*,#3806,.F.);
#5168=ORIENTED_EDGE('',*,*,#3807,.F.);
#5169=ORIENTED_EDGE('',*,*,#3788,.F.);
#5170=ORIENTED_EDGE('',*,*,#3791,.F.);
#5171=ORIENTED_EDGE('',*,*,#3798,.F.);
#5172=ORIENTED_EDGE('',*,*,#3808,.F.);
#5173=ORIENTED_EDGE('',*,*,#3783,.F.);
#5174=ORIENTED_EDGE('',*,*,#3809,.F.);
#5175=ORIENTED_EDGE('',*,*,#3810,.F.);
#5176=ORIENTED_EDGE('',*,*,#3811,.F.);
#5177=ORIENTED_EDGE('',*,*,#3782,.F.);
#5178=ORIENTED_EDGE('',*,*,#3786,.F.);
#5179=ORIENTED_EDGE('',*,*,#3789,.F.);
#5180=ORIENTED_EDGE('',*,*,#3812,.F.);
#5181=ORIENTED_EDGE('',*,*,#3778,.T.);
#5182=ORIENTED_EDGE('',*,*,#3784,.T.);
#5183=ORIENTED_EDGE('',*,*,#3811,.T.);
#5184=ORIENTED_EDGE('',*,*,#3813,.T.);
#5185=ORIENTED_EDGE('',*,*,#3779,.T.);
#5186=ORIENTED_EDGE('',*,*,#3813,.F.);
#5187=ORIENTED_EDGE('',*,*,#3810,.T.);
#5188=ORIENTED_EDGE('',*,*,#3804,.T.);
#5189=ORIENTED_EDGE('',*,*,#3814,.F.);
#5190=ORIENTED_EDGE('',*,*,#3769,.T.);
#5191=ORIENTED_EDGE('',*,*,#3770,.T.);
#5192=ORIENTED_EDGE('',*,*,#3814,.T.);
#5193=ORIENTED_EDGE('',*,*,#3807,.T.);
#5194=ORIENTED_EDGE('',*,*,#3815,.T.);
#5195=ORIENTED_EDGE('',*,*,#3771,.T.);
#5196=ORIENTED_EDGE('',*,*,#3815,.F.);
#5197=ORIENTED_EDGE('',*,*,#3806,.T.);
#5198=ORIENTED_EDGE('',*,*,#3800,.T.);
#5199=ORIENTED_EDGE('',*,*,#3816,.F.);
#5200=ORIENTED_EDGE('',*,*,#3761,.T.);
#5201=ORIENTED_EDGE('',*,*,#3762,.T.);
#5202=ORIENTED_EDGE('',*,*,#3816,.T.);
#5203=ORIENTED_EDGE('',*,*,#3799,.T.);
#5204=ORIENTED_EDGE('',*,*,#3792,.T.);
#5205=ORIENTED_EDGE('',*,*,#3758,.T.);
#5206=ORIENTED_EDGE('',*,*,#3795,.T.);
#5207=ORIENTED_EDGE('',*,*,#3802,.T.);
#5208=ORIENTED_EDGE('',*,*,#3796,.T.);
#5209=ORIENTED_EDGE('',*,*,#3801,.T.);
#5210=ORIENTED_EDGE('',*,*,#3805,.T.);
#5211=ORIENTED_EDGE('',*,*,#3809,.T.);
#5212=ORIENTED_EDGE('',*,*,#3812,.T.);
#5213=ORIENTED_EDGE('',*,*,#3808,.T.);
#5214=ORIENTED_EDGE('',*,*,#3803,.T.);
#5215=ORIENTED_EDGE('',*,*,#3756,.F.);
#5216=ORIENTED_EDGE('',*,*,#3817,.F.);
#5217=ORIENTED_EDGE('',*,*,#3818,.T.);
#5218=ORIENTED_EDGE('',*,*,#3819,.F.);
#5219=ORIENTED_EDGE('',*,*,#3820,.F.);
#5220=ORIENTED_EDGE('',*,*,#3821,.F.);
#5221=ORIENTED_EDGE('',*,*,#3820,.T.);
#5222=ORIENTED_EDGE('',*,*,#3822,.F.);
#5223=ORIENTED_EDGE('',*,*,#3823,.F.);
#5224=ORIENTED_EDGE('',*,*,#3824,.F.);
#5225=ORIENTED_EDGE('',*,*,#3823,.T.);
#5226=ORIENTED_EDGE('',*,*,#3825,.F.);
#5227=ORIENTED_EDGE('',*,*,#3826,.F.);
#5228=ORIENTED_EDGE('',*,*,#3827,.F.);
#5229=ORIENTED_EDGE('',*,*,#3826,.T.);
#5230=ORIENTED_EDGE('',*,*,#3828,.F.);
#5231=ORIENTED_EDGE('',*,*,#3829,.F.);
#5232=ORIENTED_EDGE('',*,*,#3830,.F.);
#5233=ORIENTED_EDGE('',*,*,#3831,.T.);
#5234=ORIENTED_EDGE('',*,*,#3832,.F.);
#5235=ORIENTED_EDGE('',*,*,#3818,.F.);
#5236=ORIENTED_EDGE('',*,*,#3833,.F.);
#5237=ORIENTED_EDGE('',*,*,#3829,.T.);
#5238=ORIENTED_EDGE('',*,*,#3834,.F.);
#5239=ORIENTED_EDGE('',*,*,#3831,.F.);
#5240=ORIENTED_EDGE('',*,*,#3828,.T.);
#5241=ORIENTED_EDGE('',*,*,#3825,.T.);
#5242=ORIENTED_EDGE('',*,*,#3822,.T.);
#5243=ORIENTED_EDGE('',*,*,#3819,.T.);
#5244=ORIENTED_EDGE('',*,*,#3832,.T.);
#5245=ORIENTED_EDGE('',*,*,#3834,.T.);
#5246=ORIENTED_EDGE('',*,*,#3753,.T.);
#5247=ORIENTED_EDGE('',*,*,#3748,.T.);
#5248=ORIENTED_EDGE('',*,*,#3827,.T.);
#5249=ORIENTED_EDGE('',*,*,#3833,.T.);
#5250=ORIENTED_EDGE('',*,*,#3830,.T.);
#5251=ORIENTED_EDGE('',*,*,#3817,.T.);
#5252=ORIENTED_EDGE('',*,*,#3821,.T.);
#5253=ORIENTED_EDGE('',*,*,#3824,.T.);
#5254=ORIENTED_EDGE('',*,*,#3699,.F.);
#5255=ORIENTED_EDGE('',*,*,#3741,.T.);
#5256=ORIENTED_EDGE('',*,*,#3746,.T.);
#5257=ORIENTED_EDGE('',*,*,#3835,.F.);
#5258=ORIENTED_EDGE('',*,*,#3836,.F.);
#5259=ORIENTED_EDGE('',*,*,#3837,.F.);
#5260=ORIENTED_EDGE('',*,*,#3838,.T.);
#5261=ORIENTED_EDGE('',*,*,#3839,.F.);
#5262=ORIENTED_EDGE('',*,*,#3838,.F.);
#5263=ORIENTED_EDGE('',*,*,#3840,.F.);
#5264=ORIENTED_EDGE('',*,*,#3841,.T.);
#5265=ORIENTED_EDGE('',*,*,#3842,.F.);
#5266=ORIENTED_EDGE('',*,*,#3841,.F.);
#5267=ORIENTED_EDGE('',*,*,#3843,.F.);
#5268=ORIENTED_EDGE('',*,*,#3844,.T.);
#5269=ORIENTED_EDGE('',*,*,#3845,.F.);
#5270=ORIENTED_EDGE('',*,*,#3844,.F.);
#5271=ORIENTED_EDGE('',*,*,#3846,.F.);
#5272=ORIENTED_EDGE('',*,*,#3847,.T.);
#5273=ORIENTED_EDGE('',*,*,#3848,.F.);
#5274=ORIENTED_EDGE('',*,*,#3847,.F.);
#5275=ORIENTED_EDGE('',*,*,#3849,.F.);
#5276=ORIENTED_EDGE('',*,*,#3850,.T.);
#5277=ORIENTED_EDGE('',*,*,#3851,.F.);
#5278=ORIENTED_EDGE('',*,*,#3850,.F.);
#5279=ORIENTED_EDGE('',*,*,#3852,.F.);
#5280=ORIENTED_EDGE('',*,*,#3836,.T.);
#5281=ORIENTED_EDGE('',*,*,#3835,.T.);
#5282=ORIENTED_EDGE('',*,*,#3839,.T.);
#5283=ORIENTED_EDGE('',*,*,#3842,.T.);
#5284=ORIENTED_EDGE('',*,*,#3845,.T.);
#5285=ORIENTED_EDGE('',*,*,#3848,.T.);
#5286=ORIENTED_EDGE('',*,*,#3851,.T.);
#5287=ORIENTED_EDGE('',*,*,#3737,.T.);
#5288=ORIENTED_EDGE('',*,*,#3837,.T.);
#5289=ORIENTED_EDGE('',*,*,#3852,.T.);
#5290=ORIENTED_EDGE('',*,*,#3849,.T.);
#5291=ORIENTED_EDGE('',*,*,#3846,.T.);
#5292=ORIENTED_EDGE('',*,*,#3843,.T.);
#5293=ORIENTED_EDGE('',*,*,#3840,.T.);
#5294=ORIENTED_EDGE('',*,*,#3728,.T.);
#5295=ORIENTED_EDGE('',*,*,#3853,.T.);
#5296=ORIENTED_EDGE('',*,*,#3854,.T.);
#5297=ORIENTED_EDGE('',*,*,#3855,.T.);
#5298=ORIENTED_EDGE('',*,*,#3731,.F.);
#5299=ORIENTED_EDGE('',*,*,#3856,.T.);
#5300=ORIENTED_EDGE('',*,*,#3857,.T.);
#5301=ORIENTED_EDGE('',*,*,#3858,.T.);
#5302=ORIENTED_EDGE('',*,*,#3726,.F.);
#5303=ORIENTED_EDGE('',*,*,#3730,.F.);
#5304=ORIENTED_EDGE('',*,*,#3708,.T.);
#5305=ORIENTED_EDGE('',*,*,#3716,.T.);
#5306=ORIENTED_EDGE('',*,*,#3715,.F.);
#5307=ORIENTED_EDGE('',*,*,#3859,.F.);
#5308=ORIENTED_EDGE('',*,*,#3860,.F.);
#5309=ORIENTED_EDGE('',*,*,#3861,.F.);
#5310=ORIENTED_EDGE('',*,*,#3862,.T.);
#5311=ORIENTED_EDGE('',*,*,#3863,.F.);
#5312=ORIENTED_EDGE('',*,*,#3721,.F.);
#5313=ORIENTED_EDGE('',*,*,#3864,.F.);
#5314=ORIENTED_EDGE('',*,*,#3860,.T.);
#5315=ORIENTED_EDGE('',*,*,#3865,.F.);
#5316=ORIENTED_EDGE('',*,*,#3862,.F.);
#5317=ORIENTED_EDGE('',*,*,#3865,.T.);
#5318=ORIENTED_EDGE('',*,*,#3861,.T.);
#5319=ORIENTED_EDGE('',*,*,#3864,.T.);
#5320=ORIENTED_EDGE('',*,*,#3727,.T.);
#5321=ORIENTED_EDGE('',*,*,#3858,.F.);
#5322=ORIENTED_EDGE('',*,*,#3866,.T.);
#5323=ORIENTED_EDGE('',*,*,#3867,.F.);
#5324=ORIENTED_EDGE('',*,*,#3868,.F.);
#5325=ORIENTED_EDGE('',*,*,#3869,.F.);
#5326=ORIENTED_EDGE('',*,*,#3870,.T.);
#5327=ORIENTED_EDGE('',*,*,#3856,.F.);
#5328=ORIENTED_EDGE('',*,*,#3733,.T.);
#5329=ORIENTED_EDGE('',*,*,#3863,.T.);
#5330=ORIENTED_EDGE('',*,*,#3859,.T.);
#5331=ORIENTED_EDGE('',*,*,#3700,.T.);
#5332=ORIENTED_EDGE('',*,*,#3866,.F.);
#5333=ORIENTED_EDGE('',*,*,#3857,.F.);
#5334=ORIENTED_EDGE('',*,*,#3870,.F.);
#5335=ORIENTED_EDGE('',*,*,#3871,.F.);
#5336=ORIENTED_EDGE('',*,*,#3871,.T.);
#5337=ORIENTED_EDGE('',*,*,#3869,.T.);
#5338=ORIENTED_EDGE('',*,*,#3872,.T.);
#5339=ORIENTED_EDGE('',*,*,#3873,.T.);
#5340=ORIENTED_EDGE('',*,*,#3874,.T.);
#5341=ORIENTED_EDGE('',*,*,#3875,.T.);
#5342=ORIENTED_EDGE('',*,*,#3876,.T.);
#5343=ORIENTED_EDGE('',*,*,#3877,.T.);
#5344=ORIENTED_EDGE('',*,*,#3878,.T.);
#5345=ORIENTED_EDGE('',*,*,#3879,.T.);
#5346=ORIENTED_EDGE('',*,*,#3880,.T.);
#5347=ORIENTED_EDGE('',*,*,#3867,.T.);
#5348=ORIENTED_EDGE('',*,*,#3703,.T.);
#5349=ORIENTED_EDGE('',*,*,#3705,.T.);
#5350=ORIENTED_EDGE('',*,*,#3704,.T.);
#5351=ORIENTED_EDGE('',*,*,#3881,.F.);
#5352=ORIENTED_EDGE('',*,*,#3882,.T.);
#5353=ORIENTED_EDGE('',*,*,#3883,.F.);
#5354=ORIENTED_EDGE('',*,*,#3884,.F.);
#5355=ORIENTED_EDGE('',*,*,#3885,.F.);
#5356=ORIENTED_EDGE('',*,*,#3884,.T.);
#5357=ORIENTED_EDGE('',*,*,#3886,.F.);
#5358=ORIENTED_EDGE('',*,*,#3887,.F.);
#5359=ORIENTED_EDGE('',*,*,#3888,.F.);
#5360=ORIENTED_EDGE('',*,*,#3887,.T.);
#5361=ORIENTED_EDGE('',*,*,#3889,.F.);
#5362=ORIENTED_EDGE('',*,*,#3890,.F.);
#5363=ORIENTED_EDGE('',*,*,#3891,.F.);
#5364=ORIENTED_EDGE('',*,*,#3890,.T.);
#5365=ORIENTED_EDGE('',*,*,#3892,.F.);
#5366=ORIENTED_EDGE('',*,*,#3893,.F.);
#5367=ORIENTED_EDGE('',*,*,#3894,.F.);
#5368=ORIENTED_EDGE('',*,*,#3895,.T.);
#5369=ORIENTED_EDGE('',*,*,#3896,.F.);
#5370=ORIENTED_EDGE('',*,*,#3882,.F.);
#5371=ORIENTED_EDGE('',*,*,#3897,.F.);
#5372=ORIENTED_EDGE('',*,*,#3893,.T.);
#5373=ORIENTED_EDGE('',*,*,#3898,.F.);
#5374=ORIENTED_EDGE('',*,*,#3895,.F.);
#5375=ORIENTED_EDGE('',*,*,#3892,.T.);
#5376=ORIENTED_EDGE('',*,*,#3889,.T.);
#5377=ORIENTED_EDGE('',*,*,#3886,.T.);
#5378=ORIENTED_EDGE('',*,*,#3883,.T.);
#5379=ORIENTED_EDGE('',*,*,#3896,.T.);
#5380=ORIENTED_EDGE('',*,*,#3898,.T.);
#5381=ORIENTED_EDGE('',*,*,#3736,.T.);
#5382=ORIENTED_EDGE('',*,*,#3707,.F.);
#5383=ORIENTED_EDGE('',*,*,#3891,.T.);
#5384=ORIENTED_EDGE('',*,*,#3897,.T.);
#5385=ORIENTED_EDGE('',*,*,#3894,.T.);
#5386=ORIENTED_EDGE('',*,*,#3881,.T.);
#5387=ORIENTED_EDGE('',*,*,#3885,.T.);
#5388=ORIENTED_EDGE('',*,*,#3888,.T.);
#5389=ORIENTED_EDGE('',*,*,#3702,.F.);
#5390=ORIENTED_EDGE('',*,*,#3697,.F.);
#5391=ORIENTED_EDGE('',*,*,#3868,.T.);
#5392=ORIENTED_EDGE('',*,*,#3880,.F.);
#5393=ORIENTED_EDGE('',*,*,#3899,.T.);
#5394=ORIENTED_EDGE('',*,*,#3872,.F.);
#5395=ORIENTED_EDGE('',*,*,#3877,.F.);
#5396=ORIENTED_EDGE('',*,*,#3900,.T.);
#5397=ORIENTED_EDGE('',*,*,#3875,.F.);
#5398=ORIENTED_EDGE('',*,*,#3901,.F.);
#5399=ORIENTED_EDGE('',*,*,#3878,.F.);
#5400=ORIENTED_EDGE('',*,*,#3901,.T.);
#5401=ORIENTED_EDGE('',*,*,#3874,.F.);
#5402=ORIENTED_EDGE('',*,*,#3902,.F.);
#5403=ORIENTED_EDGE('',*,*,#3876,.F.);
#5404=ORIENTED_EDGE('',*,*,#3900,.F.);
#5405=ORIENTED_EDGE('',*,*,#3879,.F.);
#5406=ORIENTED_EDGE('',*,*,#3902,.T.);
#5407=ORIENTED_EDGE('',*,*,#3873,.F.);
#5408=ORIENTED_EDGE('',*,*,#3899,.F.);
#5409=ORIENTED_EDGE('',*,*,#3903,.F.);
#5410=ORIENTED_EDGE('',*,*,#3904,.F.);
#5411=ORIENTED_EDGE('',*,*,#3905,.F.);
#5412=ORIENTED_EDGE('',*,*,#3906,.T.);
#5413=ORIENTED_EDGE('',*,*,#3907,.F.);
#5414=ORIENTED_EDGE('',*,*,#3723,.F.);
#5415=ORIENTED_EDGE('',*,*,#3908,.F.);
#5416=ORIENTED_EDGE('',*,*,#3904,.T.);
#5417=ORIENTED_EDGE('',*,*,#3909,.F.);
#5418=ORIENTED_EDGE('',*,*,#3906,.F.);
#5419=ORIENTED_EDGE('',*,*,#3909,.T.);
#5420=ORIENTED_EDGE('',*,*,#3905,.T.);
#5421=ORIENTED_EDGE('',*,*,#3908,.T.);
#5422=ORIENTED_EDGE('',*,*,#3732,.T.);
#5423=ORIENTED_EDGE('',*,*,#3855,.F.);
#5424=ORIENTED_EDGE('',*,*,#3910,.T.);
#5425=ORIENTED_EDGE('',*,*,#3911,.F.);
#5426=ORIENTED_EDGE('',*,*,#3912,.F.);
#5427=ORIENTED_EDGE('',*,*,#3913,.F.);
#5428=ORIENTED_EDGE('',*,*,#3914,.T.);
#5429=ORIENTED_EDGE('',*,*,#3853,.F.);
#5430=ORIENTED_EDGE('',*,*,#3725,.T.);
#5431=ORIENTED_EDGE('',*,*,#3907,.T.);
#5432=ORIENTED_EDGE('',*,*,#3903,.T.);
#5433=ORIENTED_EDGE('',*,*,#3689,.T.);
#5434=ORIENTED_EDGE('',*,*,#3910,.F.);
#5435=ORIENTED_EDGE('',*,*,#3854,.F.);
#5436=ORIENTED_EDGE('',*,*,#3914,.F.);
#5437=ORIENTED_EDGE('',*,*,#3915,.F.);
#5438=ORIENTED_EDGE('',*,*,#3915,.T.);
#5439=ORIENTED_EDGE('',*,*,#3913,.T.);
#5440=ORIENTED_EDGE('',*,*,#3916,.T.);
#5441=ORIENTED_EDGE('',*,*,#3917,.T.);
#5442=ORIENTED_EDGE('',*,*,#3918,.T.);
#5443=ORIENTED_EDGE('',*,*,#3919,.T.);
#5444=ORIENTED_EDGE('',*,*,#3920,.T.);
#5445=ORIENTED_EDGE('',*,*,#3921,.T.);
#5446=ORIENTED_EDGE('',*,*,#3922,.T.);
#5447=ORIENTED_EDGE('',*,*,#3923,.T.);
#5448=ORIENTED_EDGE('',*,*,#3924,.T.);
#5449=ORIENTED_EDGE('',*,*,#3911,.T.);
#5450=ORIENTED_EDGE('',*,*,#3692,.T.);
#5451=ORIENTED_EDGE('',*,*,#3694,.T.);
#5452=ORIENTED_EDGE('',*,*,#3693,.T.);
#5453=ORIENTED_EDGE('',*,*,#3925,.F.);
#5454=ORIENTED_EDGE('',*,*,#3926,.T.);
#5455=ORIENTED_EDGE('',*,*,#3927,.F.);
#5456=ORIENTED_EDGE('',*,*,#3928,.F.);
#5457=ORIENTED_EDGE('',*,*,#3929,.F.);
#5458=ORIENTED_EDGE('',*,*,#3928,.T.);
#5459=ORIENTED_EDGE('',*,*,#3930,.F.);
#5460=ORIENTED_EDGE('',*,*,#3931,.F.);
#5461=ORIENTED_EDGE('',*,*,#3932,.F.);
#5462=ORIENTED_EDGE('',*,*,#3931,.T.);
#5463=ORIENTED_EDGE('',*,*,#3933,.F.);
#5464=ORIENTED_EDGE('',*,*,#3934,.F.);
#5465=ORIENTED_EDGE('',*,*,#3935,.F.);
#5466=ORIENTED_EDGE('',*,*,#3934,.T.);
#5467=ORIENTED_EDGE('',*,*,#3936,.F.);
#5468=ORIENTED_EDGE('',*,*,#3937,.F.);
#5469=ORIENTED_EDGE('',*,*,#3938,.F.);
#5470=ORIENTED_EDGE('',*,*,#3939,.T.);
#5471=ORIENTED_EDGE('',*,*,#3940,.F.);
#5472=ORIENTED_EDGE('',*,*,#3926,.F.);
#5473=ORIENTED_EDGE('',*,*,#3941,.F.);
#5474=ORIENTED_EDGE('',*,*,#3937,.T.);
#5475=ORIENTED_EDGE('',*,*,#3942,.F.);
#5476=ORIENTED_EDGE('',*,*,#3939,.F.);
#5477=ORIENTED_EDGE('',*,*,#3936,.T.);
#5478=ORIENTED_EDGE('',*,*,#3933,.T.);
#5479=ORIENTED_EDGE('',*,*,#3930,.T.);
#5480=ORIENTED_EDGE('',*,*,#3927,.T.);
#5481=ORIENTED_EDGE('',*,*,#3940,.T.);
#5482=ORIENTED_EDGE('',*,*,#3942,.T.);
#5483=ORIENTED_EDGE('',*,*,#3760,.T.);
#5484=ORIENTED_EDGE('',*,*,#3766,.T.);
#5485=ORIENTED_EDGE('',*,*,#3774,.T.);
#5486=ORIENTED_EDGE('',*,*,#3780,.T.);
#5487=ORIENTED_EDGE('',*,*,#3772,.T.);
#5488=ORIENTED_EDGE('',*,*,#3764,.T.);
#5489=ORIENTED_EDGE('',*,*,#3696,.F.);
#5490=ORIENTED_EDGE('',*,*,#3935,.T.);
#5491=ORIENTED_EDGE('',*,*,#3941,.T.);
#5492=ORIENTED_EDGE('',*,*,#3938,.T.);
#5493=ORIENTED_EDGE('',*,*,#3925,.T.);
#5494=ORIENTED_EDGE('',*,*,#3929,.T.);
#5495=ORIENTED_EDGE('',*,*,#3932,.T.);
#5496=ORIENTED_EDGE('',*,*,#3691,.F.);
#5497=ORIENTED_EDGE('',*,*,#3686,.F.);
#5498=ORIENTED_EDGE('',*,*,#3912,.T.);
#5499=ORIENTED_EDGE('',*,*,#3924,.F.);
#5500=ORIENTED_EDGE('',*,*,#3943,.T.);
#5501=ORIENTED_EDGE('',*,*,#3916,.F.);
#5502=ORIENTED_EDGE('',*,*,#3921,.F.);
#5503=ORIENTED_EDGE('',*,*,#3944,.T.);
#5504=ORIENTED_EDGE('',*,*,#3919,.F.);
#5505=ORIENTED_EDGE('',*,*,#3945,.F.);
#5506=ORIENTED_EDGE('',*,*,#3922,.F.);
#5507=ORIENTED_EDGE('',*,*,#3945,.T.);
#5508=ORIENTED_EDGE('',*,*,#3918,.F.);
#5509=ORIENTED_EDGE('',*,*,#3946,.F.);
#5510=ORIENTED_EDGE('',*,*,#3920,.F.);
#5511=ORIENTED_EDGE('',*,*,#3944,.F.);
#5512=ORIENTED_EDGE('',*,*,#3923,.F.);
#5513=ORIENTED_EDGE('',*,*,#3946,.T.);
#5514=ORIENTED_EDGE('',*,*,#3917,.F.);
#5515=ORIENTED_EDGE('',*,*,#3943,.F.);
#5516=ORIENTED_EDGE('',*,*,#3947,.T.);
#5517=ORIENTED_EDGE('',*,*,#3948,.F.);
#5518=ORIENTED_EDGE('',*,*,#3949,.T.);
#5519=ORIENTED_EDGE('',*,*,#3950,.T.);
#5520=ORIENTED_EDGE('',*,*,#3951,.T.);
#5521=ORIENTED_EDGE('',*,*,#3952,.F.);
#5522=ORIENTED_EDGE('',*,*,#3953,.T.);
#5523=ORIENTED_EDGE('',*,*,#3948,.T.);
#5524=ORIENTED_EDGE('',*,*,#3954,.T.);
#5525=ORIENTED_EDGE('',*,*,#3955,.F.);
#5526=ORIENTED_EDGE('',*,*,#3956,.F.);
#5527=ORIENTED_EDGE('',*,*,#3952,.T.);
#5528=ORIENTED_EDGE('',*,*,#3957,.T.);
#5529=ORIENTED_EDGE('',*,*,#3958,.F.);
#5530=ORIENTED_EDGE('',*,*,#3959,.T.);
#5531=ORIENTED_EDGE('',*,*,#3955,.T.);
#5532=ORIENTED_EDGE('',*,*,#3960,.T.);
#5533=ORIENTED_EDGE('',*,*,#3961,.F.);
#5534=ORIENTED_EDGE('',*,*,#3962,.F.);
#5535=ORIENTED_EDGE('',*,*,#3958,.T.);
#5536=ORIENTED_EDGE('',*,*,#3963,.T.);
#5537=ORIENTED_EDGE('',*,*,#3964,.F.);
#5538=ORIENTED_EDGE('',*,*,#3965,.T.);
#5539=ORIENTED_EDGE('',*,*,#3961,.T.);
#5540=ORIENTED_EDGE('',*,*,#3966,.T.);
#5541=ORIENTED_EDGE('',*,*,#3967,.F.);
#5542=ORIENTED_EDGE('',*,*,#3968,.T.);
#5543=ORIENTED_EDGE('',*,*,#3964,.T.);
#5544=ORIENTED_EDGE('',*,*,#3969,.T.);
#5545=ORIENTED_EDGE('',*,*,#3970,.F.);
#5546=ORIENTED_EDGE('',*,*,#3971,.T.);
#5547=ORIENTED_EDGE('',*,*,#3967,.T.);
#5548=ORIENTED_EDGE('',*,*,#3972,.T.);
#5549=ORIENTED_EDGE('',*,*,#3973,.F.);
#5550=ORIENTED_EDGE('',*,*,#3974,.T.);
#5551=ORIENTED_EDGE('',*,*,#3970,.T.);
#5552=ORIENTED_EDGE('',*,*,#3975,.T.);
#5553=ORIENTED_EDGE('',*,*,#3976,.F.);
#5554=ORIENTED_EDGE('',*,*,#3977,.T.);
#5555=ORIENTED_EDGE('',*,*,#3973,.T.);
#5556=ORIENTED_EDGE('',*,*,#3978,.T.);
#5557=ORIENTED_EDGE('',*,*,#3979,.F.);
#5558=ORIENTED_EDGE('',*,*,#3980,.T.);
#5559=ORIENTED_EDGE('',*,*,#3976,.T.);
#5560=ORIENTED_EDGE('',*,*,#3981,.T.);
#5561=ORIENTED_EDGE('',*,*,#3982,.F.);
#5562=ORIENTED_EDGE('',*,*,#3983,.F.);
#5563=ORIENTED_EDGE('',*,*,#3979,.T.);
#5564=ORIENTED_EDGE('',*,*,#3984,.T.);
#5565=ORIENTED_EDGE('',*,*,#3985,.F.);
#5566=ORIENTED_EDGE('',*,*,#3986,.F.);
#5567=ORIENTED_EDGE('',*,*,#3982,.T.);
#5568=ORIENTED_EDGE('',*,*,#3987,.T.);
#5569=ORIENTED_EDGE('',*,*,#3988,.F.);
#5570=ORIENTED_EDGE('',*,*,#3989,.T.);
#5571=ORIENTED_EDGE('',*,*,#3985,.T.);
#5572=ORIENTED_EDGE('',*,*,#3990,.T.);
#5573=ORIENTED_EDGE('',*,*,#3991,.F.);
#5574=ORIENTED_EDGE('',*,*,#3992,.F.);
#5575=ORIENTED_EDGE('',*,*,#3988,.T.);
#5576=ORIENTED_EDGE('',*,*,#3993,.T.);
#5577=ORIENTED_EDGE('',*,*,#3994,.F.);
#5578=ORIENTED_EDGE('',*,*,#3995,.T.);
#5579=ORIENTED_EDGE('',*,*,#3991,.T.);
#5580=ORIENTED_EDGE('',*,*,#3996,.T.);
#5581=ORIENTED_EDGE('',*,*,#3997,.F.);
#5582=ORIENTED_EDGE('',*,*,#3998,.T.);
#5583=ORIENTED_EDGE('',*,*,#3994,.T.);
#5584=ORIENTED_EDGE('',*,*,#3999,.T.);
#5585=ORIENTED_EDGE('',*,*,#4000,.F.);
#5586=ORIENTED_EDGE('',*,*,#4001,.F.);
#5587=ORIENTED_EDGE('',*,*,#3997,.T.);
#5588=ORIENTED_EDGE('',*,*,#4002,.T.);
#5589=ORIENTED_EDGE('',*,*,#4003,.F.);
#5590=ORIENTED_EDGE('',*,*,#4004,.T.);
#5591=ORIENTED_EDGE('',*,*,#4000,.T.);
#5592=ORIENTED_EDGE('',*,*,#4005,.T.);
#5593=ORIENTED_EDGE('',*,*,#4006,.F.);
#5594=ORIENTED_EDGE('',*,*,#4007,.T.);
#5595=ORIENTED_EDGE('',*,*,#4003,.T.);
#5596=ORIENTED_EDGE('',*,*,#4008,.T.);
#5597=ORIENTED_EDGE('',*,*,#4009,.F.);
#5598=ORIENTED_EDGE('',*,*,#4010,.F.);
#5599=ORIENTED_EDGE('',*,*,#4006,.T.);
#5600=ORIENTED_EDGE('',*,*,#4011,.T.);
#5601=ORIENTED_EDGE('',*,*,#4012,.F.);
#5602=ORIENTED_EDGE('',*,*,#4013,.F.);
#5603=ORIENTED_EDGE('',*,*,#4009,.T.);
#5604=ORIENTED_EDGE('',*,*,#4014,.T.);
#5605=ORIENTED_EDGE('',*,*,#4015,.F.);
#5606=ORIENTED_EDGE('',*,*,#4016,.F.);
#5607=ORIENTED_EDGE('',*,*,#4012,.T.);
#5608=ORIENTED_EDGE('',*,*,#4017,.T.);
#5609=ORIENTED_EDGE('',*,*,#4018,.F.);
#5610=ORIENTED_EDGE('',*,*,#4019,.T.);
#5611=ORIENTED_EDGE('',*,*,#4015,.T.);
#5612=ORIENTED_EDGE('',*,*,#4020,.T.);
#5613=ORIENTED_EDGE('',*,*,#4021,.F.);
#5614=ORIENTED_EDGE('',*,*,#4022,.T.);
#5615=ORIENTED_EDGE('',*,*,#4018,.T.);
#5616=ORIENTED_EDGE('',*,*,#4023,.T.);
#5617=ORIENTED_EDGE('',*,*,#4024,.F.);
#5618=ORIENTED_EDGE('',*,*,#4025,.F.);
#5619=ORIENTED_EDGE('',*,*,#4021,.T.);
#5620=ORIENTED_EDGE('',*,*,#4026,.T.);
#5621=ORIENTED_EDGE('',*,*,#4027,.F.);
#5622=ORIENTED_EDGE('',*,*,#4028,.T.);
#5623=ORIENTED_EDGE('',*,*,#4024,.T.);
#5624=ORIENTED_EDGE('',*,*,#4029,.T.);
#5625=ORIENTED_EDGE('',*,*,#4030,.F.);
#5626=ORIENTED_EDGE('',*,*,#4031,.T.);
#5627=ORIENTED_EDGE('',*,*,#4027,.T.);
#5628=ORIENTED_EDGE('',*,*,#4032,.T.);
#5629=ORIENTED_EDGE('',*,*,#4033,.F.);
#5630=ORIENTED_EDGE('',*,*,#4034,.T.);
#5631=ORIENTED_EDGE('',*,*,#4030,.T.);
#5632=ORIENTED_EDGE('',*,*,#4035,.T.);
#5633=ORIENTED_EDGE('',*,*,#4036,.F.);
#5634=ORIENTED_EDGE('',*,*,#4037,.T.);
#5635=ORIENTED_EDGE('',*,*,#4033,.T.);
#5636=ORIENTED_EDGE('',*,*,#4038,.T.);
#5637=ORIENTED_EDGE('',*,*,#4039,.F.);
#5638=ORIENTED_EDGE('',*,*,#4040,.T.);
#5639=ORIENTED_EDGE('',*,*,#4036,.T.);
#5640=ORIENTED_EDGE('',*,*,#4041,.T.);
#5641=ORIENTED_EDGE('',*,*,#4042,.F.);
#5642=ORIENTED_EDGE('',*,*,#4043,.T.);
#5643=ORIENTED_EDGE('',*,*,#4039,.T.);
#5644=ORIENTED_EDGE('',*,*,#4044,.T.);
#5645=ORIENTED_EDGE('',*,*,#4045,.F.);
#5646=ORIENTED_EDGE('',*,*,#4046,.F.);
#5647=ORIENTED_EDGE('',*,*,#4042,.T.);
#5648=ORIENTED_EDGE('',*,*,#4047,.T.);
#5649=ORIENTED_EDGE('',*,*,#4048,.F.);
#5650=ORIENTED_EDGE('',*,*,#4049,.T.);
#5651=ORIENTED_EDGE('',*,*,#4045,.T.);
#5652=ORIENTED_EDGE('',*,*,#4050,.T.);
#5653=ORIENTED_EDGE('',*,*,#4051,.F.);
#5654=ORIENTED_EDGE('',*,*,#4052,.F.);
#5655=ORIENTED_EDGE('',*,*,#4048,.T.);
#5656=ORIENTED_EDGE('',*,*,#4053,.T.);
#5657=ORIENTED_EDGE('',*,*,#4054,.F.);
#5658=ORIENTED_EDGE('',*,*,#4055,.T.);
#5659=ORIENTED_EDGE('',*,*,#4051,.T.);
#5660=ORIENTED_EDGE('',*,*,#4056,.T.);
#5661=ORIENTED_EDGE('',*,*,#4057,.F.);
#5662=ORIENTED_EDGE('',*,*,#4058,.T.);
#5663=ORIENTED_EDGE('',*,*,#4054,.T.);
#5664=ORIENTED_EDGE('',*,*,#4059,.T.);
#5665=ORIENTED_EDGE('',*,*,#3950,.F.);
#5666=ORIENTED_EDGE('',*,*,#4060,.T.);
#5667=ORIENTED_EDGE('',*,*,#4057,.T.);
#5668=ORIENTED_EDGE('',*,*,#4060,.F.);
#5669=ORIENTED_EDGE('',*,*,#3949,.F.);
#5670=ORIENTED_EDGE('',*,*,#3953,.F.);
#5671=ORIENTED_EDGE('',*,*,#3956,.T.);
#5672=ORIENTED_EDGE('',*,*,#3959,.F.);
#5673=ORIENTED_EDGE('',*,*,#3962,.T.);
#5674=ORIENTED_EDGE('',*,*,#3965,.F.);
#5675=ORIENTED_EDGE('',*,*,#3968,.F.);
#5676=ORIENTED_EDGE('',*,*,#3971,.F.);
#5677=ORIENTED_EDGE('',*,*,#3974,.F.);
#5678=ORIENTED_EDGE('',*,*,#3977,.F.);
#5679=ORIENTED_EDGE('',*,*,#3980,.F.);
#5680=ORIENTED_EDGE('',*,*,#3983,.T.);
#5681=ORIENTED_EDGE('',*,*,#3986,.T.);
#5682=ORIENTED_EDGE('',*,*,#3989,.F.);
#5683=ORIENTED_EDGE('',*,*,#3992,.T.);
#5684=ORIENTED_EDGE('',*,*,#3995,.F.);
#5685=ORIENTED_EDGE('',*,*,#3998,.F.);
#5686=ORIENTED_EDGE('',*,*,#4001,.T.);
#5687=ORIENTED_EDGE('',*,*,#4004,.F.);
#5688=ORIENTED_EDGE('',*,*,#4007,.F.);
#5689=ORIENTED_EDGE('',*,*,#4010,.T.);
#5690=ORIENTED_EDGE('',*,*,#4013,.T.);
#5691=ORIENTED_EDGE('',*,*,#4016,.T.);
#5692=ORIENTED_EDGE('',*,*,#4019,.F.);
#5693=ORIENTED_EDGE('',*,*,#4022,.F.);
#5694=ORIENTED_EDGE('',*,*,#4025,.T.);
#5695=ORIENTED_EDGE('',*,*,#4028,.F.);
#5696=ORIENTED_EDGE('',*,*,#4031,.F.);
#5697=ORIENTED_EDGE('',*,*,#4034,.F.);
#5698=ORIENTED_EDGE('',*,*,#4037,.F.);
#5699=ORIENTED_EDGE('',*,*,#4040,.F.);
#5700=ORIENTED_EDGE('',*,*,#4043,.F.);
#5701=ORIENTED_EDGE('',*,*,#4046,.T.);
#5702=ORIENTED_EDGE('',*,*,#4049,.F.);
#5703=ORIENTED_EDGE('',*,*,#4052,.T.);
#5704=ORIENTED_EDGE('',*,*,#4055,.F.);
#5705=ORIENTED_EDGE('',*,*,#4058,.F.);
#5706=ORIENTED_EDGE('',*,*,#3947,.F.);
#5707=ORIENTED_EDGE('',*,*,#4059,.F.);
#5708=ORIENTED_EDGE('',*,*,#4056,.F.);
#5709=ORIENTED_EDGE('',*,*,#4053,.F.);
#5710=ORIENTED_EDGE('',*,*,#4050,.F.);
#5711=ORIENTED_EDGE('',*,*,#4047,.F.);
#5712=ORIENTED_EDGE('',*,*,#4044,.F.);
#5713=ORIENTED_EDGE('',*,*,#4041,.F.);
#5714=ORIENTED_EDGE('',*,*,#4038,.F.);
#5715=ORIENTED_EDGE('',*,*,#4035,.F.);
#5716=ORIENTED_EDGE('',*,*,#4032,.F.);
#5717=ORIENTED_EDGE('',*,*,#4029,.F.);
#5718=ORIENTED_EDGE('',*,*,#4026,.F.);
#5719=ORIENTED_EDGE('',*,*,#4023,.F.);
#5720=ORIENTED_EDGE('',*,*,#4020,.F.);
#5721=ORIENTED_EDGE('',*,*,#4017,.F.);
#5722=ORIENTED_EDGE('',*,*,#4014,.F.);
#5723=ORIENTED_EDGE('',*,*,#4011,.F.);
#5724=ORIENTED_EDGE('',*,*,#4008,.F.);
#5725=ORIENTED_EDGE('',*,*,#4005,.F.);
#5726=ORIENTED_EDGE('',*,*,#4002,.F.);
#5727=ORIENTED_EDGE('',*,*,#3999,.F.);
#5728=ORIENTED_EDGE('',*,*,#3996,.F.);
#5729=ORIENTED_EDGE('',*,*,#3993,.F.);
#5730=ORIENTED_EDGE('',*,*,#3990,.F.);
#5731=ORIENTED_EDGE('',*,*,#3987,.F.);
#5732=ORIENTED_EDGE('',*,*,#3984,.F.);
#5733=ORIENTED_EDGE('',*,*,#3981,.F.);
#5734=ORIENTED_EDGE('',*,*,#3978,.F.);
#5735=ORIENTED_EDGE('',*,*,#3975,.F.);
#5736=ORIENTED_EDGE('',*,*,#3972,.F.);
#5737=ORIENTED_EDGE('',*,*,#3969,.F.);
#5738=ORIENTED_EDGE('',*,*,#3966,.F.);
#5739=ORIENTED_EDGE('',*,*,#3963,.F.);
#5740=ORIENTED_EDGE('',*,*,#3960,.F.);
#5741=ORIENTED_EDGE('',*,*,#3957,.F.);
#5742=ORIENTED_EDGE('',*,*,#3954,.F.);
#5743=ORIENTED_EDGE('',*,*,#3951,.F.);
#5744=ORIENTED_EDGE('',*,*,#4061,.T.);
#5745=ORIENTED_EDGE('',*,*,#4062,.F.);
#5746=ORIENTED_EDGE('',*,*,#4063,.F.);
#5747=ORIENTED_EDGE('',*,*,#4064,.T.);
#5748=ORIENTED_EDGE('',*,*,#4065,.T.);
#5749=ORIENTED_EDGE('',*,*,#4066,.F.);
#5750=ORIENTED_EDGE('',*,*,#4067,.T.);
#5751=ORIENTED_EDGE('',*,*,#4068,.T.);
#5752=ORIENTED_EDGE('',*,*,#4069,.T.);
#5753=ORIENTED_EDGE('',*,*,#4070,.F.);
#5754=ORIENTED_EDGE('',*,*,#4071,.F.);
#5755=ORIENTED_EDGE('',*,*,#4066,.T.);
#5756=ORIENTED_EDGE('',*,*,#4072,.T.);
#5757=ORIENTED_EDGE('',*,*,#4073,.F.);
#5758=ORIENTED_EDGE('',*,*,#4074,.T.);
#5759=ORIENTED_EDGE('',*,*,#4070,.T.);
#5760=ORIENTED_EDGE('',*,*,#4075,.T.);
#5761=ORIENTED_EDGE('',*,*,#4076,.F.);
#5762=ORIENTED_EDGE('',*,*,#4077,.T.);
#5763=ORIENTED_EDGE('',*,*,#4073,.T.);
#5764=ORIENTED_EDGE('',*,*,#4078,.T.);
#5765=ORIENTED_EDGE('',*,*,#4079,.F.);
#5766=ORIENTED_EDGE('',*,*,#4080,.F.);
#5767=ORIENTED_EDGE('',*,*,#4076,.T.);
#5768=ORIENTED_EDGE('',*,*,#4081,.T.);
#5769=ORIENTED_EDGE('',*,*,#4082,.F.);
#5770=ORIENTED_EDGE('',*,*,#4083,.F.);
#5771=ORIENTED_EDGE('',*,*,#4079,.T.);
#5772=ORIENTED_EDGE('',*,*,#4084,.T.);
#5773=ORIENTED_EDGE('',*,*,#4085,.F.);
#5774=ORIENTED_EDGE('',*,*,#4086,.T.);
#5775=ORIENTED_EDGE('',*,*,#4082,.T.);
#5776=ORIENTED_EDGE('',*,*,#4087,.T.);
#5777=ORIENTED_EDGE('',*,*,#4088,.F.);
#5778=ORIENTED_EDGE('',*,*,#4089,.T.);
#5779=ORIENTED_EDGE('',*,*,#4085,.T.);
#5780=ORIENTED_EDGE('',*,*,#4090,.T.);
#5781=ORIENTED_EDGE('',*,*,#4091,.F.);
#5782=ORIENTED_EDGE('',*,*,#4092,.T.);
#5783=ORIENTED_EDGE('',*,*,#4088,.T.);
#5784=ORIENTED_EDGE('',*,*,#4093,.T.);
#5785=ORIENTED_EDGE('',*,*,#4094,.F.);
#5786=ORIENTED_EDGE('',*,*,#4095,.F.);
#5787=ORIENTED_EDGE('',*,*,#4091,.T.);
#5788=ORIENTED_EDGE('',*,*,#4096,.T.);
#5789=ORIENTED_EDGE('',*,*,#4097,.F.);
#5790=ORIENTED_EDGE('',*,*,#4098,.F.);
#5791=ORIENTED_EDGE('',*,*,#4094,.T.);
#5792=ORIENTED_EDGE('',*,*,#4099,.T.);
#5793=ORIENTED_EDGE('',*,*,#4100,.F.);
#5794=ORIENTED_EDGE('',*,*,#4101,.T.);
#5795=ORIENTED_EDGE('',*,*,#4097,.T.);
#5796=ORIENTED_EDGE('',*,*,#4102,.T.);
#5797=ORIENTED_EDGE('',*,*,#4103,.F.);
#5798=ORIENTED_EDGE('',*,*,#4104,.F.);
#5799=ORIENTED_EDGE('',*,*,#4100,.T.);
#5800=ORIENTED_EDGE('',*,*,#4105,.T.);
#5801=ORIENTED_EDGE('',*,*,#4106,.F.);
#5802=ORIENTED_EDGE('',*,*,#4107,.F.);
#5803=ORIENTED_EDGE('',*,*,#4103,.T.);
#5804=ORIENTED_EDGE('',*,*,#4108,.T.);
#5805=ORIENTED_EDGE('',*,*,#4109,.F.);
#5806=ORIENTED_EDGE('',*,*,#4110,.T.);
#5807=ORIENTED_EDGE('',*,*,#4106,.T.);
#5808=ORIENTED_EDGE('',*,*,#4111,.T.);
#5809=ORIENTED_EDGE('',*,*,#4112,.F.);
#5810=ORIENTED_EDGE('',*,*,#4113,.T.);
#5811=ORIENTED_EDGE('',*,*,#4109,.T.);
#5812=ORIENTED_EDGE('',*,*,#4114,.T.);
#5813=ORIENTED_EDGE('',*,*,#4115,.F.);
#5814=ORIENTED_EDGE('',*,*,#4116,.T.);
#5815=ORIENTED_EDGE('',*,*,#4112,.T.);
#5816=ORIENTED_EDGE('',*,*,#4117,.T.);
#5817=ORIENTED_EDGE('',*,*,#4118,.F.);
#5818=ORIENTED_EDGE('',*,*,#4119,.F.);
#5819=ORIENTED_EDGE('',*,*,#4115,.T.);
#5820=ORIENTED_EDGE('',*,*,#4120,.T.);
#5821=ORIENTED_EDGE('',*,*,#4121,.F.);
#5822=ORIENTED_EDGE('',*,*,#4122,.F.);
#5823=ORIENTED_EDGE('',*,*,#4118,.T.);
#5824=ORIENTED_EDGE('',*,*,#4123,.T.);
#5825=ORIENTED_EDGE('',*,*,#4124,.F.);
#5826=ORIENTED_EDGE('',*,*,#4125,.T.);
#5827=ORIENTED_EDGE('',*,*,#4121,.T.);
#5828=ORIENTED_EDGE('',*,*,#4126,.T.);
#5829=ORIENTED_EDGE('',*,*,#4127,.F.);
#5830=ORIENTED_EDGE('',*,*,#4128,.T.);
#5831=ORIENTED_EDGE('',*,*,#4124,.T.);
#5832=ORIENTED_EDGE('',*,*,#4129,.T.);
#5833=ORIENTED_EDGE('',*,*,#4130,.F.);
#5834=ORIENTED_EDGE('',*,*,#4131,.F.);
#5835=ORIENTED_EDGE('',*,*,#4127,.T.);
#5836=ORIENTED_EDGE('',*,*,#4132,.T.);
#5837=ORIENTED_EDGE('',*,*,#4133,.F.);
#5838=ORIENTED_EDGE('',*,*,#4134,.T.);
#5839=ORIENTED_EDGE('',*,*,#4130,.T.);
#5840=ORIENTED_EDGE('',*,*,#4135,.T.);
#5841=ORIENTED_EDGE('',*,*,#4136,.F.);
#5842=ORIENTED_EDGE('',*,*,#4137,.F.);
#5843=ORIENTED_EDGE('',*,*,#4133,.T.);
#5844=ORIENTED_EDGE('',*,*,#4138,.T.);
#5845=ORIENTED_EDGE('',*,*,#4139,.F.);
#5846=ORIENTED_EDGE('',*,*,#4140,.F.);
#5847=ORIENTED_EDGE('',*,*,#4136,.T.);
#5848=ORIENTED_EDGE('',*,*,#4141,.T.);
#5849=ORIENTED_EDGE('',*,*,#4142,.F.);
#5850=ORIENTED_EDGE('',*,*,#4143,.T.);
#5851=ORIENTED_EDGE('',*,*,#4139,.T.);
#5852=ORIENTED_EDGE('',*,*,#4144,.T.);
#5853=ORIENTED_EDGE('',*,*,#4145,.F.);
#5854=ORIENTED_EDGE('',*,*,#4146,.T.);
#5855=ORIENTED_EDGE('',*,*,#4142,.T.);
#5856=ORIENTED_EDGE('',*,*,#4147,.T.);
#5857=ORIENTED_EDGE('',*,*,#4148,.F.);
#5858=ORIENTED_EDGE('',*,*,#4149,.T.);
#5859=ORIENTED_EDGE('',*,*,#4145,.T.);
#5860=ORIENTED_EDGE('',*,*,#4150,.T.);
#5861=ORIENTED_EDGE('',*,*,#4151,.F.);
#5862=ORIENTED_EDGE('',*,*,#4152,.F.);
#5863=ORIENTED_EDGE('',*,*,#4148,.T.);
#5864=ORIENTED_EDGE('',*,*,#4153,.T.);
#5865=ORIENTED_EDGE('',*,*,#4064,.F.);
#5866=ORIENTED_EDGE('',*,*,#4154,.T.);
#5867=ORIENTED_EDGE('',*,*,#4151,.T.);
#5868=ORIENTED_EDGE('',*,*,#4155,.T.);
#5869=ORIENTED_EDGE('',*,*,#4156,.F.);
#5870=ORIENTED_EDGE('',*,*,#4157,.T.);
#5871=ORIENTED_EDGE('',*,*,#4062,.T.);
#5872=ORIENTED_EDGE('',*,*,#4158,.T.);
#5873=ORIENTED_EDGE('',*,*,#4068,.F.);
#5874=ORIENTED_EDGE('',*,*,#4159,.F.);
#5875=ORIENTED_EDGE('',*,*,#4156,.T.);
#5876=ORIENTED_EDGE('',*,*,#4065,.F.);
#5877=ORIENTED_EDGE('',*,*,#4158,.F.);
#5878=ORIENTED_EDGE('',*,*,#4155,.F.);
#5879=ORIENTED_EDGE('',*,*,#4061,.F.);
#5880=ORIENTED_EDGE('',*,*,#4153,.F.);
#5881=ORIENTED_EDGE('',*,*,#4150,.F.);
#5882=ORIENTED_EDGE('',*,*,#4147,.F.);
#5883=ORIENTED_EDGE('',*,*,#4144,.F.);
#5884=ORIENTED_EDGE('',*,*,#4141,.F.);
#5885=ORIENTED_EDGE('',*,*,#4138,.F.);
#5886=ORIENTED_EDGE('',*,*,#4135,.F.);
#5887=ORIENTED_EDGE('',*,*,#4132,.F.);
#5888=ORIENTED_EDGE('',*,*,#4129,.F.);
#5889=ORIENTED_EDGE('',*,*,#4126,.F.);
#5890=ORIENTED_EDGE('',*,*,#4123,.F.);
#5891=ORIENTED_EDGE('',*,*,#4120,.F.);
#5892=ORIENTED_EDGE('',*,*,#4117,.F.);
#5893=ORIENTED_EDGE('',*,*,#4114,.F.);
#5894=ORIENTED_EDGE('',*,*,#4111,.F.);
#5895=ORIENTED_EDGE('',*,*,#4108,.F.);
#5896=ORIENTED_EDGE('',*,*,#4105,.F.);
#5897=ORIENTED_EDGE('',*,*,#4102,.F.);
#5898=ORIENTED_EDGE('',*,*,#4099,.F.);
#5899=ORIENTED_EDGE('',*,*,#4096,.F.);
#5900=ORIENTED_EDGE('',*,*,#4093,.F.);
#5901=ORIENTED_EDGE('',*,*,#4090,.F.);
#5902=ORIENTED_EDGE('',*,*,#4087,.F.);
#5903=ORIENTED_EDGE('',*,*,#4084,.F.);
#5904=ORIENTED_EDGE('',*,*,#4081,.F.);
#5905=ORIENTED_EDGE('',*,*,#4078,.F.);
#5906=ORIENTED_EDGE('',*,*,#4075,.F.);
#5907=ORIENTED_EDGE('',*,*,#4072,.F.);
#5908=ORIENTED_EDGE('',*,*,#4069,.F.);
#5909=ORIENTED_EDGE('',*,*,#4159,.T.);
#5910=ORIENTED_EDGE('',*,*,#4067,.F.);
#5911=ORIENTED_EDGE('',*,*,#4071,.T.);
#5912=ORIENTED_EDGE('',*,*,#4074,.F.);
#5913=ORIENTED_EDGE('',*,*,#4077,.F.);
#5914=ORIENTED_EDGE('',*,*,#4080,.T.);
#5915=ORIENTED_EDGE('',*,*,#4083,.T.);
#5916=ORIENTED_EDGE('',*,*,#4086,.F.);
#5917=ORIENTED_EDGE('',*,*,#4089,.F.);
#5918=ORIENTED_EDGE('',*,*,#4092,.F.);
#5919=ORIENTED_EDGE('',*,*,#4095,.T.);
#5920=ORIENTED_EDGE('',*,*,#4098,.T.);
#5921=ORIENTED_EDGE('',*,*,#4101,.F.);
#5922=ORIENTED_EDGE('',*,*,#4104,.T.);
#5923=ORIENTED_EDGE('',*,*,#4107,.T.);
#5924=ORIENTED_EDGE('',*,*,#4110,.F.);
#5925=ORIENTED_EDGE('',*,*,#4113,.F.);
#5926=ORIENTED_EDGE('',*,*,#4116,.F.);
#5927=ORIENTED_EDGE('',*,*,#4119,.T.);
#5928=ORIENTED_EDGE('',*,*,#4122,.T.);
#5929=ORIENTED_EDGE('',*,*,#4125,.F.);
#5930=ORIENTED_EDGE('',*,*,#4128,.F.);
#5931=ORIENTED_EDGE('',*,*,#4131,.T.);
#5932=ORIENTED_EDGE('',*,*,#4134,.F.);
#5933=ORIENTED_EDGE('',*,*,#4137,.T.);
#5934=ORIENTED_EDGE('',*,*,#4140,.T.);
#5935=ORIENTED_EDGE('',*,*,#4143,.F.);
#5936=ORIENTED_EDGE('',*,*,#4146,.F.);
#5937=ORIENTED_EDGE('',*,*,#4149,.F.);
#5938=ORIENTED_EDGE('',*,*,#4152,.T.);
#5939=ORIENTED_EDGE('',*,*,#4154,.F.);
#5940=ORIENTED_EDGE('',*,*,#4063,.T.);
#5941=ORIENTED_EDGE('',*,*,#4157,.F.);
#5942=B_SPLINE_SURFACE_WITH_KNOTS('',3,3,((#9226,#9227,#9228,#9229,#9230,
#9231,#9232,#9233,#9234,#9235,#9236,#9237,#9238,#9239),(#9240,#9241,#9242,
#9243,#9244,#9245,#9246,#9247,#9248,#9249,#9250,#9251,#9252,#9253),(#9254,
#9255,#9256,#9257,#9258,#9259,#9260,#9261,#9262,#9263,#9264,#9265,#9266,
#9267),(#9268,#9269,#9270,#9271,#9272,#9273,#9274,#9275,#9276,#9277,#9278,
#9279,#9280,#9281),(#9282,#9283,#9284,#9285,#9286,#9287,#9288,#9289,#9290,
#9291,#9292,#9293,#9294,#9295)),.UNSPECIFIED.,.F.,.F.,.F.,(4,1,4),(4,1,
1,1,1,1,1,1,1,1,1,4),(0.,0.571428571428571,1.),(0.,0.885958224607794,1.77191644921559,
2.65787467382338,3.54383289843118,5.31574934764677,7.08766579686236,8.85958224607794,
9.74554047068574,10.6314986952935,11.5174569199013,12.4034151445091),
 .UNSPECIFIED.);
#5943=B_SPLINE_SURFACE_WITH_KNOTS('',3,3,((#9336,#9337,#9338,#9339,#9340,
#9341,#9342,#9343,#9344,#9345,#9346,#9347,#9348,#9349),(#9350,#9351,#9352,
#9353,#9354,#9355,#9356,#9357,#9358,#9359,#9360,#9361,#9362,#9363),(#9364,
#9365,#9366,#9367,#9368,#9369,#9370,#9371,#9372,#9373,#9374,#9375,#9376,
#9377),(#9378,#9379,#9380,#9381,#9382,#9383,#9384,#9385,#9386,#9387,#9388,
#9389,#9390,#9391),(#9392,#9393,#9394,#9395,#9396,#9397,#9398,#9399,#9400,
#9401,#9402,#9403,#9404,#9405)),.UNSPECIFIED.,.F.,.F.,.F.,(4,1,4),(4,1,
1,1,1,1,1,1,1,1,1,4),(0.,0.571428571428571,1.),(5.55111512312583E-18,0.885958224607796,
1.77191644921559,2.65787467382339,3.54383289843119,5.31574934764678,7.08766579686237,
8.85958224607796,9.74554047068576,10.6314986952936,11.5174569199014,12.4034151445091),
 .UNSPECIFIED.);
#5944=B_SPLINE_SURFACE_WITH_KNOTS('',3,3,((#9443,#9444,#9445,#9446,#9447,
#9448,#9449,#9450,#9451,#9452,#9453,#9454,#9455,#9456),(#9457,#9458,#9459,
#9460,#9461,#9462,#9463,#9464,#9465,#9466,#9467,#9468,#9469,#9470),(#9471,
#9472,#9473,#9474,#9475,#9476,#9477,#9478,#9479,#9480,#9481,#9482,#9483,
#9484),(#9485,#9486,#9487,#9488,#9489,#9490,#9491,#9492,#9493,#9494,#9495,
#9496,#9497,#9498),(#9499,#9500,#9501,#9502,#9503,#9504,#9505,#9506,#9507,
#9508,#9509,#9510,#9511,#9512)),.UNSPECIFIED.,.F.,.F.,.F.,(4,1,4),(4,1,
1,1,1,1,1,1,1,1,1,4),(0.,0.571428571428571,1.),(0.,0.885958224607794,1.77191644921559,
2.65787467382338,3.54383289843118,5.31574934764676,7.08766579686235,8.85958224607794,
9.74554047068573,10.6314986952935,11.5174569199013,12.4034151445091),
 .UNSPECIFIED.);
#5945=B_SPLINE_SURFACE_WITH_KNOTS('',3,3,((#9550,#9551,#9552,#9553,#9554,
#9555,#9556,#9557,#9558,#9559,#9560,#9561,#9562,#9563),(#9564,#9565,#9566,
#9567,#9568,#9569,#9570,#9571,#9572,#9573,#9574,#9575,#9576,#9577),(#9578,
#9579,#9580,#9581,#9582,#9583,#9584,#9585,#9586,#9587,#9588,#9589,#9590,
#9591),(#9592,#9593,#9594,#9595,#9596,#9597,#9598,#9599,#9600,#9601,#9602,
#9603,#9604,#9605),(#9606,#9607,#9608,#9609,#9610,#9611,#9612,#9613,#9614,
#9615,#9616,#9617,#9618,#9619)),.UNSPECIFIED.,.F.,.F.,.F.,(4,1,4),(4,1,
1,1,1,1,1,1,1,1,1,4),(0.,0.571428571428571,1.),(0.,0.8859582246078,1.7719164492156,
2.6578746738234,3.5438328984312,5.3157493476468,7.0876657968624,8.859582246078,
9.7455404706858,10.6314986952936,11.5174569199014,12.4034151445092),
 .UNSPECIFIED.);
#5946=B_SPLINE_SURFACE_WITH_KNOTS('',3,3,((#9660,#9661,#9662,#9663),(#9664,
#9665,#9666,#9667),(#9668,#9669,#9670,#9671),(#9672,#9673,#9674,#9675),
(#9676,#9677,#9678,#9679),(#9680,#9681,#9682,#9683),(#9684,#9685,#9686,
#9687),(#9688,#9689,#9690,#9691),(#9692,#9693,#9694,#9695),(#9696,#9697,
#9698,#9699)),.UNSPECIFIED.,.F.,.F.,.F.,(4,1,1,1,1,1,1,4),(4,4),(0.,0.142857142857143,
0.285714285714286,0.428571428571429,0.571428571428571,0.714285714285714,
0.857142857142857,1.),(0.2,1.6),.UNSPECIFIED.);
#5947=B_SPLINE_SURFACE_WITH_KNOTS('',3,3,((#9720,#9721,#9722,#9723),(#9724,
#9725,#9726,#9727),(#9728,#9729,#9730,#9731),(#9732,#9733,#9734,#9735),
(#9736,#9737,#9738,#9739),(#9740,#9741,#9742,#9743),(#9744,#9745,#9746,
#9747),(#9748,#9749,#9750,#9751),(#9752,#9753,#9754,#9755),(#9756,#9757,
#9758,#9759)),.UNSPECIFIED.,.F.,.F.,.F.,(4,1,1,1,1,1,1,4),(4,4),(0.,0.142857142857143,
0.285714285714286,0.428571428571429,0.571428571428571,0.714285714285714,
0.857142857142857,1.),(0.2,1.6),.UNSPECIFIED.);
#5948=B_SPLINE_SURFACE_WITH_KNOTS('',3,3,((#9794,#9795,#9796,#9797,#9798,
#9799,#9800,#9801,#9802,#9803,#9804,#9805,#9806,#9807),(#9808,#9809,#9810,
#9811,#9812,#9813,#9814,#9815,#9816,#9817,#9818,#9819,#9820,#9821),(#9822,
#9823,#9824,#9825,#9826,#9827,#9828,#9829,#9830,#9831,#9832,#9833,#9834,
#9835),(#9836,#9837,#9838,#9839,#9840,#9841,#9842,#9843,#9844,#9845,#9846,
#9847,#9848,#9849),(#9850,#9851,#9852,#9853,#9854,#9855,#9856,#9857,#9858,
#9859,#9860,#9861,#9862,#9863)),.UNSPECIFIED.,.F.,.F.,.F.,(4,1,4),(4,1,
1,1,1,1,1,1,1,1,1,4),(0.,0.571428571428571,1.),(0.,0.885958224607796,1.77191644921559,
2.65787467382339,3.54383289843118,5.31574934764677,7.08766579686237,8.85958224607796,
9.74554047068575,10.6314986952935,11.5174569199013,12.4034151445091),
 .UNSPECIFIED.);
#5949=B_SPLINE_SURFACE_WITH_KNOTS('',3,3,((#9903,#9904,#9905,#9906,#9907,
#9908,#9909,#9910,#9911,#9912,#9913,#9914,#9915),(#9916,#9917,#9918,#9919,
#9920,#9921,#9922,#9923,#9924,#9925,#9926,#9927,#9928),(#9929,#9930,#9931,
#9932,#9933,#9934,#9935,#9936,#9937,#9938,#9939,#9940,#9941),(#9942,#9943,
#9944,#9945,#9946,#9947,#9948,#9949,#9950,#9951,#9952,#9953,#9954),(#9955,
#9956,#9957,#9958,#9959,#9960,#9961,#9962,#9963,#9964,#9965,#9966,#9967)),
 .UNSPECIFIED.,.F.,.F.,.F.,(4,1,4),(4,1,1,1,1,1,1,1,1,1,4),(0.,0.571428571428571,
1.),(0.,0.885958224607794,1.77191644921559,3.54383289843118,5.31574934764677,
7.08766579686236,8.85958224607795,9.74554047068574,10.6314986952935,11.5174569199013,
12.4034151445091),.UNSPECIFIED.);
#5950=B_SPLINE_SURFACE_WITH_KNOTS('',3,3,((#9987,#9988,#9989,#9990,#9991,
#9992,#9993,#9994,#9995,#9996,#9997,#9998,#9999,#10000),(#10001,#10002,
#10003,#10004,#10005,#10006,#10007,#10008,#10009,#10010,#10011,#10012,#10013,
#10014),(#10015,#10016,#10017,#10018,#10019,#10020,#10021,#10022,#10023,
#10024,#10025,#10026,#10027,#10028),(#10029,#10030,#10031,#10032,#10033,
#10034,#10035,#10036,#10037,#10038,#10039,#10040,#10041,#10042),(#10043,
#10044,#10045,#10046,#10047,#10048,#10049,#10050,#10051,#10052,#10053,#10054,
#10055,#10056)),.UNSPECIFIED.,.F.,.F.,.F.,(4,1,4),(4,1,1,1,1,1,1,1,1,1,
1,4),(0.,0.571428571428571,1.),(2.82587526814553E-14,0.885958224607826,
1.77191644921562,2.65787467382342,3.54383289843122,5.31574934764681,7.08766579686241,
8.859582246078,9.7455404706858,10.6314986952936,11.5174569199014,12.4034151445092),
 .UNSPECIFIED.);
#5951=B_SPLINE_SURFACE_WITH_KNOTS('',3,3,((#10077,#10078,#10079,#10080,
#10081,#10082,#10083,#10084,#10085,#10086,#10087,#10088,#10089,#10090),
(#10091,#10092,#10093,#10094,#10095,#10096,#10097,#10098,#10099,#10100,
#10101,#10102,#10103,#10104),(#10105,#10106,#10107,#10108,#10109,#10110,
#10111,#10112,#10113,#10114,#10115,#10116,#10117,#10118),(#10119,#10120,
#10121,#10122,#10123,#10124,#10125,#10126,#10127,#10128,#10129,#10130,#10131,
#10132),(#10133,#10134,#10135,#10136,#10137,#10138,#10139,#10140,#10141,
#10142,#10143,#10144,#10145,#10146)),.UNSPECIFIED.,.F.,.F.,.F.,(4,1,4),
(4,1,1,1,1,1,1,1,1,1,1,4),(0.,0.571428571428571,1.),(0.,0.885958224607794,
1.77191644921559,2.65787467382338,3.54383289843118,5.31574934764677,7.08766579686236,
8.85958224607794,9.74554047068574,10.6314986952935,11.5174569199013,12.4034151445091),
 .UNSPECIFIED.);
#5952=B_SPLINE_SURFACE_WITH_KNOTS('',3,3,((#10181,#10182,#10183,#10184),
(#10185,#10186,#10187,#10188),(#10189,#10190,#10191,#10192),(#10193,#10194,
#10195,#10196),(#10197,#10198,#10199,#10200),(#10201,#10202,#10203,#10204),
(#10205,#10206,#10207,#10208),(#10209,#10210,#10211,#10212),(#10213,#10214,
#10215,#10216),(#10217,#10218,#10219,#10220)),.UNSPECIFIED.,.F.,.F.,.F.,
(4,1,1,1,1,1,1,4),(4,4),(0.,0.142857142857143,0.285714285714286,0.428571428571429,
0.571428571428571,0.714285714285714,0.857142857142857,1.),(0.2,1.6),
 .UNSPECIFIED.);
#5953=B_SPLINE_SURFACE_WITH_KNOTS('',3,3,((#10224,#10225,#10226,#10227),
(#10228,#10229,#10230,#10231),(#10232,#10233,#10234,#10235),(#10236,#10237,
#10238,#10239),(#10240,#10241,#10242,#10243),(#10244,#10245,#10246,#10247),
(#10248,#10249,#10250,#10251),(#10252,#10253,#10254,#10255),(#10256,#10257,
#10258,#10259),(#10260,#10261,#10262,#10263)),.UNSPECIFIED.,.F.,.F.,.F.,
(4,1,1,1,1,1,1,4),(4,4),(0.,0.142857142857143,0.285714285714286,0.428571428571429,
0.571428571428571,0.714285714285714,0.857142857142857,1.),(0.2,1.6),
 .UNSPECIFIED.);
#5954=B_SPLINE_SURFACE_WITH_KNOTS('',3,3,((#10727,#10728,#10729,#10730,
#10731,#10732,#10733,#10734,#10735,#10736,#10737,#10738,#10739,#10740),
(#10741,#10742,#10743,#10744,#10745,#10746,#10747,#10748,#10749,#10750,
#10751,#10752,#10753,#10754),(#10755,#10756,#10757,#10758,#10759,#10760,
#10761,#10762,#10763,#10764,#10765,#10766,#10767,#10768),(#10769,#10770,
#10771,#10772,#10773,#10774,#10775,#10776,#10777,#10778,#10779,#10780,#10781,
#10782),(#10783,#10784,#10785,#10786,#10787,#10788,#10789,#10790,#10791,
#10792,#10793,#10794,#10795,#10796)),.UNSPECIFIED.,.F.,.F.,.F.,(4,1,4),
(4,1,1,1,1,1,1,1,1,1,1,4),(0.,0.571428571428571,1.),(0.,0.885958224607796,
1.77191644921559,2.65787467382339,3.54383289843119,5.31574934764678,7.08766579686237,
8.85958224607796,9.74554047068576,10.6314986952936,11.5174569199014,12.4034151445092),
 .UNSPECIFIED.);
#5955=B_SPLINE_SURFACE_WITH_KNOTS('',3,3,((#10837,#10838,#10839,#10840,
#10841,#10842,#10843,#10844,#10845,#10846,#10847,#10848,#10849),(#10850,
#10851,#10852,#10853,#10854,#10855,#10856,#10857,#10858,#10859,#10860,#10861,
#10862),(#10863,#10864,#10865,#10866,#10867,#10868,#10869,#10870,#10871,
#10872,#10873,#10874,#10875),(#10876,#10877,#10878,#10879,#10880,#10881,
#10882,#10883,#10884,#10885,#10886,#10887,#10888),(#10889,#10890,#10891,
#10892,#10893,#10894,#10895,#10896,#10897,#10898,#10899,#10900,#10901)),
 .UNSPECIFIED.,.F.,.F.,.F.,(4,1,4),(4,1,1,1,1,1,1,1,1,1,4),(0.,0.571428571428571,
1.),(7.16880625837743E-15,0.885958224607801,1.7719164492156,2.65787467382339,
3.54383289843118,5.31574934764677,7.08766579686236,8.41660313377405,8.85958224607795,
10.6314986952935,12.4034151445091),.UNSPECIFIED.);
#5956=B_SPLINE_SURFACE_WITH_KNOTS('',3,3,((#10937,#10938,#10939,#10940,
#10941,#10942,#10943,#10944,#10945,#10946,#10947,#10948,#10949,#10950),
(#10951,#10952,#10953,#10954,#10955,#10956,#10957,#10958,#10959,#10960,
#10961,#10962,#10963,#10964),(#10965,#10966,#10967,#10968,#10969,#10970,
#10971,#10972,#10973,#10974,#10975,#10976,#10977,#10978),(#10979,#10980,
#10981,#10982,#10983,#10984,#10985,#10986,#10987,#10988,#10989,#10990,#10991,
#10992),(#10993,#10994,#10995,#10996,#10997,#10998,#10999,#11000,#11001,
#11002,#11003,#11004,#11005,#11006)),.UNSPECIFIED.,.F.,.F.,.F.,(4,1,4),
(4,1,1,1,1,1,1,1,1,1,1,4),(0.,0.571428571428571,1.),(1.94289029309403E-17,
0.885958224607795,1.77191644921559,2.65787467382338,3.54383289843118,5.31574934764677,
7.08766579686236,8.85958224607795,9.74554047068574,10.6314986952935,11.5174569199013,
12.4034151445091),.UNSPECIFIED.);
#5957=B_SPLINE_SURFACE_WITH_KNOTS('',3,3,((#11044,#11045,#11046,#11047,
#11048,#11049,#11050,#11051,#11052,#11053,#11054,#11055),(#11056,#11057,
#11058,#11059,#11060,#11061,#11062,#11063,#11064,#11065,#11066,#11067),
(#11068,#11069,#11070,#11071,#11072,#11073,#11074,#11075,#11076,#11077,
#11078,#11079),(#11080,#11081,#11082,#11083,#11084,#11085,#11086,#11087,
#11088,#11089,#11090,#11091),(#11092,#11093,#11094,#11095,#11096,#11097,
#11098,#11099,#11100,#11101,#11102,#11103)),.UNSPECIFIED.,.F.,.F.,.F.,(4,
1,4),(4,1,1,1,1,1,1,1,1,4),(0.,0.571428571428571,1.),(0.,0.885958224607796,
1.77191644921559,2.65787467382339,3.54383289843119,5.31574934764678,7.08766579686237,
8.85958224607796,10.6314986952936,12.4034151445092),.UNSPECIFIED.);
#5958=B_SPLINE_SURFACE_WITH_KNOTS('',3,3,((#11140,#11141,#11142,#11143),
(#11144,#11145,#11146,#11147),(#11148,#11149,#11150,#11151),(#11152,#11153,
#11154,#11155),(#11156,#11157,#11158,#11159),(#11160,#11161,#11162,#11163),
(#11164,#11165,#11166,#11167),(#11168,#11169,#11170,#11171),(#11172,#11173,
#11174,#11175),(#11176,#11177,#11178,#11179)),.UNSPECIFIED.,.F.,.F.,.F.,
(4,1,1,1,1,1,1,4),(4,4),(0.,0.142857142857143,0.285714285714286,0.428571428571429,
0.571428571428571,0.714285714285714,0.857142857142857,1.),(0.2,1.6),
 .UNSPECIFIED.);
#5959=B_SPLINE_SURFACE_WITH_KNOTS('',3,3,((#11198,#11199,#11200,#11201),
(#11202,#11203,#11204,#11205),(#11206,#11207,#11208,#11209),(#11210,#11211,
#11212,#11213),(#11214,#11215,#11216,#11217),(#11218,#11219,#11220,#11221),
(#11222,#11223,#11224,#11225),(#11226,#11227,#11228,#11229),(#11230,#11231,
#11232,#11233),(#11234,#11235,#11236,#11237)),.UNSPECIFIED.,.F.,.F.,.F.,
(4,1,1,1,1,1,1,4),(4,4),(0.,0.142857142857143,0.285714285714286,0.428571428571429,
0.571428571428571,0.714285714285714,0.857142857142857,1.),(0.2,1.6),
 .UNSPECIFIED.);
#5960=B_SPLINE_SURFACE_WITH_KNOTS('',3,3,((#11258,#11259,#11260,#11261,
#11262,#11263,#11264,#11265,#11266,#11267,#11268,#11269,#11270),(#11271,
#11272,#11273,#11274,#11275,#11276,#11277,#11278,#11279,#11280,#11281,#11282,
#11283),(#11284,#11285,#11286,#11287,#11288,#11289,#11290,#11291,#11292,
#11293,#11294,#11295,#11296),(#11297,#11298,#11299,#11300,#11301,#11302,
#11303,#11304,#11305,#11306,#11307,#11308,#11309),(#11310,#11311,#11312,
#11313,#11314,#11315,#11316,#11317,#11318,#11319,#11320,#11321,#11322)),
 .UNSPECIFIED.,.F.,.F.,.F.,(4,1,4),(4,1,1,1,1,1,1,1,1,1,4),(0.,0.571428571428571,
1.),(0.,0.885958224607795,1.77191644921559,2.65787467382338,3.54383289843118,
5.31574934764677,7.08766579686236,8.41660313377405,8.85958224607795,10.6314986952935,
12.4034151445091),.UNSPECIFIED.);
#5961=B_SPLINE_SURFACE_WITH_KNOTS('',3,3,((#11360,#11361,#11362,#11363,
#11364,#11365,#11366,#11367,#11368,#11369,#11370,#11371,#11372),(#11373,
#11374,#11375,#11376,#11377,#11378,#11379,#11380,#11381,#11382,#11383,#11384,
#11385),(#11386,#11387,#11388,#11389,#11390,#11391,#11392,#11393,#11394,
#11395,#11396,#11397,#11398),(#11399,#11400,#11401,#11402,#11403,#11404,
#11405,#11406,#11407,#11408,#11409,#11410,#11411),(#11412,#11413,#11414,
#11415,#11416,#11417,#11418,#11419,#11420,#11421,#11422,#11423,#11424)),
 .UNSPECIFIED.,.F.,.F.,.F.,(4,1,4),(4,1,1,1,1,1,1,1,1,1,4),(0.,0.571428571428571,
1.),(1.24216079270715E-14,0.885958224607808,1.7719164492156,3.5438328984312,
5.31574934764679,7.08766579686238,8.85958224607797,9.74554047068577,10.6314986952936,
11.5174569199014,12.4034151445092),.UNSPECIFIED.);
#5962=B_SPLINE_SURFACE_WITH_KNOTS('',3,3,((#11444,#11445,#11446,#11447,
#11448,#11449,#11450,#11451,#11452,#11453,#11454,#11455),(#11456,#11457,
#11458,#11459,#11460,#11461,#11462,#11463,#11464,#11465,#11466,#11467),
(#11468,#11469,#11470,#11471,#11472,#11473,#11474,#11475,#11476,#11477,
#11478,#11479),(#11480,#11481,#11482,#11483,#11484,#11485,#11486,#11487,
#11488,#11489,#11490,#11491),(#11492,#11493,#11494,#11495,#11496,#11497,
#11498,#11499,#11500,#11501,#11502,#11503)),.UNSPECIFIED.,.F.,.F.,.F.,(4,
1,4),(4,1,1,1,1,1,1,1,1,4),(0.,0.571428571428571,1.),(2.32017529271093E-14,
0.885958224607818,1.77191644921561,2.65787467382341,3.5438328984312,5.31574934764679,
7.08766579686238,8.85958224607797,10.6314986952936,12.4034151445091),
 .UNSPECIFIED.);
#5963=B_SPLINE_SURFACE_WITH_KNOTS('',3,3,((#11522,#11523,#11524,#11525,
#11526,#11527,#11528,#11529,#11530,#11531,#11532,#11533,#11534,#11535),
(#11536,#11537,#11538,#11539,#11540,#11541,#11542,#11543,#11544,#11545,
#11546,#11547,#11548,#11549),(#11550,#11551,#11552,#11553,#11554,#11555,
#11556,#11557,#11558,#11559,#11560,#11561,#11562,#11563),(#11564,#11565,
#11566,#11567,#11568,#11569,#11570,#11571,#11572,#11573,#11574,#11575,#11576,
#11577),(#11578,#11579,#11580,#11581,#11582,#11583,#11584,#11585,#11586,
#11587,#11588,#11589,#11590,#11591)),.UNSPECIFIED.,.F.,.F.,.F.,(4,1,4),
(4,1,1,1,1,1,1,1,1,1,1,4),(0.,0.571428571428571,1.),(8.29597561056535E-15,
0.885958224607802,1.7719164492156,2.65787467382339,3.54383289843119,5.31574934764677,
7.08766579686236,8.85958224607795,9.74554047068574,10.6314986952935,11.5174569199013,
12.4034151445091),.UNSPECIFIED.);
#5964=B_SPLINE_SURFACE_WITH_KNOTS('',3,3,((#11626,#11627,#11628,#11629),
(#11630,#11631,#11632,#11633),(#11634,#11635,#11636,#11637),(#11638,#11639,
#11640,#11641),(#11642,#11643,#11644,#11645),(#11646,#11647,#11648,#11649),
(#11650,#11651,#11652,#11653),(#11654,#11655,#11656,#11657),(#11658,#11659,
#11660,#11661),(#11662,#11663,#11664,#11665)),.UNSPECIFIED.,.F.,.F.,.F.,
(4,1,1,1,1,1,1,4),(4,4),(0.,0.142857142857143,0.285714285714286,0.428571428571429,
0.571428571428571,0.714285714285714,0.857142857142857,1.),(0.2,1.6),
 .UNSPECIFIED.);
#5965=B_SPLINE_SURFACE_WITH_KNOTS('',3,3,((#11669,#11670,#11671,#11672),
(#11673,#11674,#11675,#11676),(#11677,#11678,#11679,#11680),(#11681,#11682,
#11683,#11684),(#11685,#11686,#11687,#11688),(#11689,#11690,#11691,#11692),
(#11693,#11694,#11695,#11696),(#11697,#11698,#11699,#11700),(#11701,#11702,
#11703,#11704),(#11705,#11706,#11707,#11708)),.UNSPECIFIED.,.F.,.F.,.F.,
(4,1,1,1,1,1,1,4),(4,4),(0.,0.142857142857143,0.285714285714286,0.428571428571429,
0.571428571428571,0.714285714285714,0.857142857142857,1.),(0.2,1.6),
 .UNSPECIFIED.);
#5966=B_SPLINE_SURFACE_WITH_KNOTS('',3,3,((#11861,#11862,#11863,#11864),
(#11865,#11866,#11867,#11868),(#11869,#11870,#11871,#11872),(#11873,#11874,
#11875,#11876),(#11877,#11878,#11879,#11880),(#11881,#11882,#11883,#11884)),
 .UNSPECIFIED.,.F.,.F.,.F.,(4,1,1,4),(4,4),(0.,0.285714285714286,0.571428571428571,
1.),(0.532516701920838,1.09448893463046),.UNSPECIFIED.);
#5967=B_SPLINE_SURFACE_WITH_KNOTS('',3,3,((#11901,#11902,#11903,#11904,
#11905),(#11906,#11907,#11908,#11909,#11910),(#11911,#11912,#11913,#11914,
#11915),(#11916,#11917,#11918,#11919,#11920),(#11921,#11922,#11923,#11924,
#11925),(#11926,#11927,#11928,#11929,#11930)),.UNSPECIFIED.,.F.,.F.,.F.,
(4,1,1,4),(4,1,4),(0.,0.285714285714286,0.571428571428571,1.),(3.95955416894308E-17,
0.0304805063584872,0.0609610127169743),.UNSPECIFIED.);
#5968=B_SPLINE_SURFACE_WITH_KNOTS('',3,3,((#11944,#11945,#11946,#11947,
#11948),(#11949,#11950,#11951,#11952,#11953),(#11954,#11955,#11956,#11957,
#11958),(#11959,#11960,#11961,#11962,#11963),(#11964,#11965,#11966,#11967,
#11968),(#11969,#11970,#11971,#11972,#11973)),.UNSPECIFIED.,.F.,.F.,.F.,
(4,1,1,4),(4,1,4),(0.,0.285714285714286,0.571428571428571,1.),(0.,0.0284956114558606,
0.0569912229117211),.UNSPECIFIED.);
#5969=B_SPLINE_SURFACE_WITH_KNOTS('',3,3,((#11987,#11988,#11989,#11990,
#11991,#11992),(#11993,#11994,#11995,#11996,#11997,#11998),(#11999,#12000,
#12001,#12002,#12003,#12004),(#12005,#12006,#12007,#12008,#12009,#12010),
(#12011,#12012,#12013,#12014,#12015,#12016),(#12017,#12018,#12019,#12020,
#12021,#12022),(#12023,#12024,#12025,#12026,#12027,#12028)),
 .UNSPECIFIED.,.F.,.F.,.F.,(4,1,1,1,4),(4,1,1,4),(0.,0.285714285714286,
0.571428571428571,0.857142857142857,1.),(-4.8067643306557E-16,0.559805546246414,
0.933009243744023,1.30621294124163),.UNSPECIFIED.);
#5970=B_SPLINE_SURFACE_WITH_KNOTS('',3,3,((#12040,#12041,#12042,#12043,
#12044,#12045),(#12046,#12047,#12048,#12049,#12050,#12051),(#12052,#12053,
#12054,#12055,#12056,#12057),(#12058,#12059,#12060,#12061,#12062,#12063),
(#12064,#12065,#12066,#12067,#12068,#12069),(#12070,#12071,#12072,#12073,
#12074,#12075),(#12076,#12077,#12078,#12079,#12080,#12081)),
 .UNSPECIFIED.,.F.,.F.,.F.,(4,1,1,1,4),(4,1,1,4),(0.,0.285714285714286,
0.571428571428571,0.857142857142857,1.),(-3.75856753128307E-16,0.559805546246414,
0.933009243744023,1.30621294124163),.UNSPECIFIED.);
#5971=B_SPLINE_SURFACE_WITH_KNOTS('',3,3,((#12087,#12088,#12089,#12090,
#12091),(#12092,#12093,#12094,#12095,#12096),(#12097,#12098,#12099,#12100,
#12101),(#12102,#12103,#12104,#12105,#12106),(#12107,#12108,#12109,#12110,
#12111),(#12112,#12113,#12114,#12115,#12116)),.UNSPECIFIED.,.F.,.F.,.F.,
(4,1,1,4),(4,1,4),(0.,0.285714285714286,0.571428571428571,1.),(0.,0.0284956246894919,
0.0569912493789838),.UNSPECIFIED.);
#5972=B_SPLINE_SURFACE_WITH_KNOTS('',3,3,((#12130,#12131,#12132,#12133,
#12134),(#12135,#12136,#12137,#12138,#12139),(#12140,#12141,#12142,#12143,
#12144),(#12145,#12146,#12147,#12148,#12149),(#12150,#12151,#12152,#12153,
#12154),(#12155,#12156,#12157,#12158,#12159)),.UNSPECIFIED.,.F.,.F.,.F.,
(4,1,1,4),(4,1,4),(0.,0.285714285714286,0.571428571428571,1.),(1.62267559679983E-13,
0.0304805114935665,0.0609610229869708),.UNSPECIFIED.);
#5973=B_SPLINE_SURFACE_WITH_KNOTS('',3,3,((#12173,#12174,#12175,#12176),
(#12177,#12178,#12179,#12180),(#12181,#12182,#12183,#12184),(#12185,#12186,
#12187,#12188),(#12189,#12190,#12191,#12192),(#12193,#12194,#12195,#12196)),
 .UNSPECIFIED.,.F.,.F.,.F.,(4,1,1,4),(4,4),(0.,0.285714285714286,0.571428571428571,
1.),(3.73213214970307E-17,0.561972232709622),.UNSPECIFIED.);
#5974=B_SPLINE_SURFACE_WITH_KNOTS('',3,3,((#12280,#12281,#12282,#12283,
#12284),(#12285,#12286,#12287,#12288,#12289),(#12290,#12291,#12292,#12293,
#12294),(#12295,#12296,#12297,#12298,#12299),(#12300,#12301,#12302,#12303,
#12304)),.UNSPECIFIED.,.F.,.F.,.F.,(4,1,4),(4,1,4),(0.,0.5,1.),(-4.35608339523064E-16,
0.673198425769241,1.5707963267949),.UNSPECIFIED.);
#5975=B_SPLINE_SURFACE_WITH_KNOTS('',3,3,((#12316,#12317,#12318,#12319,
#12320),(#12321,#12322,#12323,#12324,#12325),(#12326,#12327,#12328,#12329,
#12330),(#12331,#12332,#12333,#12334,#12335),(#12336,#12337,#12338,#12339,
#12340)),.UNSPECIFIED.,.F.,.F.,.F.,(4,1,4),(4,1,4),(0.,0.5,1.),(4.71238898038469,
5.38558740615393,6.28318530717959),.UNSPECIFIED.);
#5976=ADVANCED_FACE('',(#1411),#5942,.F.);
#5977=ADVANCED_FACE('',(#1412),#1255,.T.);
#5978=ADVANCED_FACE('',(#1413),#5943,.F.);
#5979=ADVANCED_FACE('',(#1414),#1256,.T.);
#5980=ADVANCED_FACE('',(#1415),#5944,.F.);
#5981=ADVANCED_FACE('',(#1416),#1257,.T.);
#5982=ADVANCED_FACE('',(#1417),#5945,.F.);
#5983=ADVANCED_FACE('',(#1418),#1258,.T.);
#5984=ADVANCED_FACE('',(#1419),#345,.F.);
#5985=ADVANCED_FACE('',(#1420),#5946,.F.);
#5986=ADVANCED_FACE('',(#1421),#346,.F.);
#5987=ADVANCED_FACE('',(#1422),#5947,.F.);
#5988=ADVANCED_FACE('',(#1423,#262,#263,#264,#265,#266,#267,#268,#269,#270),
#347,.F.);
#5989=ADVANCED_FACE('',(#1424),#5948,.F.);
#5990=ADVANCED_FACE('',(#1425),#1259,.T.);
#5991=ADVANCED_FACE('',(#1426),#5949,.F.);
#5992=ADVANCED_FACE('',(#1427),#1260,.T.);
#5993=ADVANCED_FACE('',(#1428),#5950,.F.);
#5994=ADVANCED_FACE('',(#1429),#1261,.T.);
#5995=ADVANCED_FACE('',(#1430),#5951,.F.);
#5996=ADVANCED_FACE('',(#1431),#1262,.T.);
#5997=ADVANCED_FACE('',(#1432),#5952,.F.);
#5998=ADVANCED_FACE('',(#1433),#348,.F.);
#5999=ADVANCED_FACE('',(#1434),#5953,.F.);
#6000=ADVANCED_FACE('',(#1435,#271,#272,#273,#274,#275,#276,#277,#278,#279,
#280,#281,#282,#283,#284,#285,#286,#287,#288,#289,#290,#291),#349,.T.);
#6001=ADVANCED_FACE('',(#1436),#215,.F.);
#6002=ADVANCED_FACE('',(#1437),#1263,.F.);
#6003=ADVANCED_FACE('',(#1438),#216,.F.);
#6004=ADVANCED_FACE('',(#1439),#1264,.F.);
#6005=ADVANCED_FACE('',(#1440),#217,.F.);
#6006=ADVANCED_FACE('',(#1441),#1265,.F.);
#6007=ADVANCED_FACE('',(#1442),#218,.F.);
#6008=ADVANCED_FACE('',(#1443),#1266,.F.);
#6009=ADVANCED_FACE('',(#1444),#219,.F.);
#6010=ADVANCED_FACE('',(#1445),#1267,.F.);
#6011=ADVANCED_FACE('',(#1446),#220,.F.);
#6012=ADVANCED_FACE('',(#1447),#1268,.F.);
#6013=ADVANCED_FACE('',(#1448),#221,.F.);
#6014=ADVANCED_FACE('',(#1449),#1269,.F.);
#6015=ADVANCED_FACE('',(#1450),#222,.F.);
#6016=ADVANCED_FACE('',(#1451),#1270,.F.);
#6017=ADVANCED_FACE('',(#1452),#223,.F.);
#6018=ADVANCED_FACE('',(#1453),#224,.F.);
#6019=ADVANCED_FACE('',(#1454),#225,.F.);
#6020=ADVANCED_FACE('',(#1455),#226,.F.);
#6021=ADVANCED_FACE('',(#1456),#227,.F.);
#6022=ADVANCED_FACE('',(#1457),#228,.F.);
#6023=ADVANCED_FACE('',(#1458),#229,.F.);
#6024=ADVANCED_FACE('',(#1459),#230,.F.);
#6025=ADVANCED_FACE('',(#1460),#231,.F.);
#6026=ADVANCED_FACE('',(#1461),#1271,.F.);
#6027=ADVANCED_FACE('',(#1462),#232,.F.);
#6028=ADVANCED_FACE('',(#1463),#350,.F.);
#6029=ADVANCED_FACE('',(#1464),#1272,.F.);
#6030=ADVANCED_FACE('',(#1465),#351,.T.);
#6031=ADVANCED_FACE('',(#1466),#1273,.F.);
#6032=ADVANCED_FACE('',(#1467),#352,.T.);
#6033=ADVANCED_FACE('',(#1468),#1274,.F.);
#6034=ADVANCED_FACE('',(#1469),#353,.T.);
#6035=ADVANCED_FACE('',(#1470),#1275,.F.);
#6036=ADVANCED_FACE('',(#1471),#354,.T.);
#6037=ADVANCED_FACE('',(#1472),#1276,.F.);
#6038=ADVANCED_FACE('',(#1473),#355,.T.);
#6039=ADVANCED_FACE('',(#1474),#1277,.F.);
#6040=ADVANCED_FACE('',(#1475),#356,.T.);
#6041=ADVANCED_FACE('',(#1476),#1278,.F.);
#6042=ADVANCED_FACE('',(#1477),#357,.T.);
#6043=ADVANCED_FACE('',(#1478),#1279,.F.);
#6044=ADVANCED_FACE('',(#1479),#358,.T.);
#6045=ADVANCED_FACE('',(#1480),#1280,.F.);
#6046=ADVANCED_FACE('',(#1481),#359,.T.);
#6047=ADVANCED_FACE('',(#1482),#1281,.F.);
#6048=ADVANCED_FACE('',(#1483),#360,.T.);
#6049=ADVANCED_FACE('',(#1484),#1282,.F.);
#6050=ADVANCED_FACE('',(#1485),#361,.T.);
#6051=ADVANCED_FACE('',(#1486),#1283,.F.);
#6052=ADVANCED_FACE('',(#1487),#362,.T.);
#6053=ADVANCED_FACE('',(#1488),#1284,.F.);
#6054=ADVANCED_FACE('',(#1489),#1285,.F.);
#6055=ADVANCED_FACE('',(#1490),#1286,.F.);
#6056=ADVANCED_FACE('',(#1491),#1287,.F.);
#6057=ADVANCED_FACE('',(#1492),#1288,.F.);
#6058=ADVANCED_FACE('',(#1493),#1289,.F.);
#6059=ADVANCED_FACE('',(#1494),#5954,.F.);
#6060=ADVANCED_FACE('',(#1495),#1290,.T.);
#6061=ADVANCED_FACE('',(#1496),#5955,.F.);
#6062=ADVANCED_FACE('',(#1497),#1291,.T.);
#6063=ADVANCED_FACE('',(#1498),#5956,.F.);
#6064=ADVANCED_FACE('',(#1499),#1292,.T.);
#6065=ADVANCED_FACE('',(#1500),#5957,.F.);
#6066=ADVANCED_FACE('',(#1501),#1293,.T.);
#6067=ADVANCED_FACE('',(#1502,#292,#293),#363,.F.);
#6068=ADVANCED_FACE('',(#1503),#5958,.F.);
#6069=ADVANCED_FACE('',(#1504,#294),#364,.F.);
#6070=ADVANCED_FACE('',(#1505),#5959,.F.);
#6071=ADVANCED_FACE('',(#1506,#295,#296),#365,.F.);
#6072=ADVANCED_FACE('',(#1507),#5960,.F.);
#6073=ADVANCED_FACE('',(#1508),#1294,.T.);
#6074=ADVANCED_FACE('',(#1509),#5961,.F.);
#6075=ADVANCED_FACE('',(#1510),#1295,.T.);
#6076=ADVANCED_FACE('',(#1511),#5962,.F.);
#6077=ADVANCED_FACE('',(#1512),#1296,.T.);
#6078=ADVANCED_FACE('',(#1513),#5963,.F.);
#6079=ADVANCED_FACE('',(#1514),#1297,.T.);
#6080=ADVANCED_FACE('',(#1515),#5964,.F.);
#6081=ADVANCED_FACE('',(#1516,#297),#366,.F.);
#6082=ADVANCED_FACE('',(#1517),#5965,.F.);
#6083=ADVANCED_FACE('',(#1518,#298,#299,#300,#301,#302,#303,#304,#305),
#367,.T.);
#6084=ADVANCED_FACE('',(#1519),#233,.F.);
#6085=ADVANCED_FACE('',(#1520),#1298,.F.);
#6086=ADVANCED_FACE('',(#1521),#234,.F.);
#6087=ADVANCED_FACE('',(#1522),#235,.F.);
#6088=ADVANCED_FACE('',(#1523),#1299,.F.);
#6089=ADVANCED_FACE('',(#1524),#236,.F.);
#6090=ADVANCED_FACE('',(#1525,#306,#307),#368,.F.);
#6091=ADVANCED_FACE('',(#1526,#308),#1300,.F.);
#6092=ADVANCED_FACE('',(#1527),#369,.T.);
#6093=ADVANCED_FACE('',(#1528),#1301,.F.);
#6094=ADVANCED_FACE('',(#1529),#370,.T.);
#6095=ADVANCED_FACE('',(#1530,#309),#1302,.F.);
#6096=ADVANCED_FACE('',(#1531),#371,.T.);
#6097=ADVANCED_FACE('',(#1532,#310),#1303,.F.);
#6098=ADVANCED_FACE('',(#1533),#372,.T.);
#6099=ADVANCED_FACE('',(#1534,#311),#1304,.F.);
#6100=ADVANCED_FACE('',(#1535),#373,.T.);
#6101=ADVANCED_FACE('',(#1536,#312),#1305,.F.);
#6102=ADVANCED_FACE('',(#1537),#374,.T.);
#6103=ADVANCED_FACE('',(#1538),#1306,.F.);
#6104=ADVANCED_FACE('',(#1539),#1307,.T.);
#6105=ADVANCED_FACE('',(#1540,#313),#375,.T.);
#6106=ADVANCED_FACE('',(#1541,#314),#376,.F.);
#6107=ADVANCED_FACE('',(#1542),#1308,.T.);
#6108=ADVANCED_FACE('',(#1543),#5966,.F.);
#6109=ADVANCED_FACE('',(#1544),#5967,.F.);
#6110=ADVANCED_FACE('',(#1545),#5968,.F.);
#6111=ADVANCED_FACE('',(#1546),#5969,.F.);
#6112=ADVANCED_FACE('',(#1547),#1309,.T.);
#6113=ADVANCED_FACE('',(#1548),#5970,.F.);
#6114=ADVANCED_FACE('',(#1549),#5971,.F.);
#6115=ADVANCED_FACE('',(#1550),#5972,.F.);
#6116=ADVANCED_FACE('',(#1551),#5973,.F.);
#6117=ADVANCED_FACE('',(#1552),#1310,.T.);
#6118=ADVANCED_FACE('',(#1553),#1311,.T.);
#6119=ADVANCED_FACE('',(#1554),#5974,.F.);
#6120=ADVANCED_FACE('',(#1555),#1312,.T.);
#6121=ADVANCED_FACE('',(#1556),#5975,.F.);
#6122=ADVANCED_FACE('',(#1557),#1313,.T.);
#6123=ADVANCED_FACE('',(#1558),#96,.T.);
#6124=ADVANCED_FACE('',(#1559),#97,.T.);
#6125=ADVANCED_FACE('',(#1560),#1314,.F.);
#6126=ADVANCED_FACE('',(#1561),#377,.F.);
#6127=ADVANCED_FACE('',(#1562),#378,.F.);
#6128=ADVANCED_FACE('',(#1563),#1315,.F.);
#6129=ADVANCED_FACE('',(#1564,#315),#379,.T.);
#6130=ADVANCED_FACE('',(#1565),#380,.F.);
#6131=ADVANCED_FACE('',(#1566),#87,.T.);
#6132=ADVANCED_FACE('',(#1567),#1316,.T.);
#6133=ADVANCED_FACE('',(#1568,#316),#381,.T.);
#6134=ADVANCED_FACE('',(#1569),#88,.T.);
#6135=ADVANCED_FACE('',(#1570),#1317,.F.);
#6136=ADVANCED_FACE('',(#1571,#317),#382,.T.);
#6137=ADVANCED_FACE('',(#1572),#89,.T.);
#6138=ADVANCED_FACE('',(#1573),#237,.T.);
#6139=ADVANCED_FACE('',(#1574),#90,.T.);
#6140=ADVANCED_FACE('',(#1575,#318),#383,.T.);
#6141=ADVANCED_FACE('',(#1576),#1318,.F.);
#6142=ADVANCED_FACE('',(#1577),#91,.T.);
#6143=ADVANCED_FACE('',(#1578),#1319,.T.);
#6144=ADVANCED_FACE('',(#1579),#238,.F.);
#6145=ADVANCED_FACE('',(#1580),#1320,.T.);
#6146=ADVANCED_FACE('',(#1581,#319),#384,.T.);
#6147=ADVANCED_FACE('',(#1582),#1321,.F.);
#6148=ADVANCED_FACE('',(#1583,#320),#385,.T.);
#6149=ADVANCED_FACE('',(#1584),#1322,.F.);
#6150=ADVANCED_FACE('',(#1585,#321),#386,.T.);
#6151=ADVANCED_FACE('',(#1586),#387,.F.);
#6152=ADVANCED_FACE('',(#1587),#1323,.F.);
#6153=ADVANCED_FACE('',(#1588),#388,.F.);
#6154=ADVANCED_FACE('',(#1589),#389,.T.);
#6155=ADVANCED_FACE('',(#1590,#322),#390,.T.);
#6156=ADVANCED_FACE('',(#1591),#1324,.F.);
#6157=ADVANCED_FACE('',(#1592,#323),#391,.T.);
#6158=ADVANCED_FACE('',(#1593),#1325,.F.);
#6159=ADVANCED_FACE('',(#1594),#1326,.T.);
#6160=ADVANCED_FACE('',(#1595,#324),#392,.F.);
#6161=ADVANCED_FACE('',(#1596),#239,.T.);
#6162=ADVANCED_FACE('',(#1597),#92,.T.);
#6163=ADVANCED_FACE('',(#1598,#325,#326),#393,.T.);
#6164=ADVANCED_FACE('',(#1599),#1327,.F.);
#6165=ADVANCED_FACE('',(#1600),#93,.T.);
#6166=ADVANCED_FACE('',(#1601),#1328,.T.);
#6167=ADVANCED_FACE('',(#1602),#240,.F.);
#6168=ADVANCED_FACE('',(#1603),#1329,.F.);
#6169=ADVANCED_FACE('',(#1604),#1330,.F.);
#6170=ADVANCED_FACE('',(#1605),#1331,.F.);
#6171=ADVANCED_FACE('',(#1606),#1332,.F.);
#6172=ADVANCED_FACE('',(#1607),#1333,.F.);
#6173=ADVANCED_FACE('',(#1608),#1334,.F.);
#6174=ADVANCED_FACE('',(#1609),#1335,.F.);
#6175=ADVANCED_FACE('',(#1610),#241,.F.);
#6176=ADVANCED_FACE('',(#1611),#1336,.T.);
#6177=ADVANCED_FACE('',(#1612),#242,.T.);
#6178=ADVANCED_FACE('',(#1613),#1337,.T.);
#6179=ADVANCED_FACE('',(#1614),#1338,.T.);
#6180=ADVANCED_FACE('',(#1615),#1339,.T.);
#6181=ADVANCED_FACE('',(#1616),#1340,.T.);
#6182=ADVANCED_FACE('',(#1617),#94,.T.);
#6183=ADVANCED_FACE('',(#1618),#95,.F.);
#6184=ADVANCED_FACE('',(#1619),#1341,.T.);
#6185=ADVANCED_FACE('',(#1620),#243,.T.);
#6186=ADVANCED_FACE('',(#1621),#1342,.T.);
#6187=ADVANCED_FACE('',(#1622),#1343,.T.);
#6188=ADVANCED_FACE('',(#1623),#244,.T.);
#6189=ADVANCED_FACE('',(#1624),#245,.T.);
#6190=ADVANCED_FACE('',(#1625),#1344,.T.);
#6191=ADVANCED_FACE('',(#1626,#327),#394,.F.);
#6192=ADVANCED_FACE('',(#1627),#246,.T.);
#6193=ADVANCED_FACE('',(#1628),#247,.T.);
#6194=ADVANCED_FACE('',(#1629),#248,.T.);
#6195=ADVANCED_FACE('',(#1630),#249,.T.);
#6196=ADVANCED_FACE('',(#1631),#250,.T.);
#6197=ADVANCED_FACE('',(#1632),#251,.T.);
#6198=ADVANCED_FACE('',(#1633),#395,.T.);
#6199=ADVANCED_FACE('',(#1634),#1345,.T.);
#6200=ADVANCED_FACE('',(#1635),#396,.T.);
#6201=ADVANCED_FACE('',(#1636),#1346,.T.);
#6202=ADVANCED_FACE('',(#1637),#397,.T.);
#6203=ADVANCED_FACE('',(#1638),#398,.T.);
#6204=ADVANCED_FACE('',(#1639),#252,.T.);
#6205=ADVANCED_FACE('',(#1640),#253,.T.);
#6206=ADVANCED_FACE('',(#1641),#254,.T.);
#6207=ADVANCED_FACE('',(#1642),#255,.T.);
#6208=ADVANCED_FACE('',(#1643),#256,.T.);
#6209=ADVANCED_FACE('',(#1644),#257,.T.);
#6210=ADVANCED_FACE('',(#1645),#1347,.T.);
#6211=ADVANCED_FACE('',(#1646),#399,.T.);
#6212=ADVANCED_FACE('',(#1647),#1348,.T.);
#6213=ADVANCED_FACE('',(#1648),#400,.T.);
#6214=ADVANCED_FACE('',(#1649),#1349,.T.);
#6215=ADVANCED_FACE('',(#1650),#1350,.T.);
#6216=ADVANCED_FACE('',(#1651,#328),#401,.T.);
#6217=ADVANCED_FACE('',(#1652),#402,.F.);
#6218=ADVANCED_FACE('',(#1653),#403,.F.);
#6219=ADVANCED_FACE('',(#1654),#404,.F.);
#6220=ADVANCED_FACE('',(#1655),#405,.F.);
#6221=ADVANCED_FACE('',(#1656),#406,.F.);
#6222=ADVANCED_FACE('',(#1657),#407,.F.);
#6223=ADVANCED_FACE('',(#1658),#408,.F.);
#6224=ADVANCED_FACE('',(#1659),#409,.T.);
#6225=ADVANCED_FACE('',(#1660,#329),#410,.T.);
#6226=ADVANCED_FACE('',(#1661,#330),#411,.T.);
#6227=ADVANCED_FACE('',(#1662),#412,.T.);
#6228=ADVANCED_FACE('',(#1663),#413,.F.);
#6229=ADVANCED_FACE('',(#1664),#414,.F.);
#6230=ADVANCED_FACE('',(#1665),#415,.F.);
#6231=ADVANCED_FACE('',(#1666),#416,.F.);
#6232=ADVANCED_FACE('',(#1667),#417,.F.);
#6233=ADVANCED_FACE('',(#1668),#418,.F.);
#6234=ADVANCED_FACE('',(#1669),#419,.F.);
#6235=ADVANCED_FACE('',(#1670,#331),#420,.T.);
#6236=ADVANCED_FACE('',(#1671,#332),#421,.T.);
#6237=ADVANCED_FACE('',(#1672,#333),#422,.T.);
#6238=ADVANCED_FACE('',(#1673,#334),#423,.T.);
#6239=ADVANCED_FACE('',(#1674),#1351,.F.);
#6240=ADVANCED_FACE('',(#1675),#258,.F.);
#6241=ADVANCED_FACE('',(#1676),#424,.F.);
#6242=ADVANCED_FACE('',(#1677,#335),#425,.T.);
#6243=ADVANCED_FACE('',(#1678),#259,.T.);
#6244=ADVANCED_FACE('',(#1679,#336),#1352,.T.);
#6245=ADVANCED_FACE('',(#1680),#426,.F.);
#6246=ADVANCED_FACE('',(#1681),#427,.F.);
#6247=ADVANCED_FACE('',(#1682),#428,.F.);
#6248=ADVANCED_FACE('',(#1683),#429,.F.);
#6249=ADVANCED_FACE('',(#1684),#430,.F.);
#6250=ADVANCED_FACE('',(#1685),#431,.F.);
#6251=ADVANCED_FACE('',(#1686,#337),#432,.F.);
#6252=ADVANCED_FACE('',(#1687,#338),#433,.F.);
#6253=ADVANCED_FACE('',(#1688,#339),#434,.F.);
#6254=ADVANCED_FACE('',(#1689),#1353,.F.);
#6255=ADVANCED_FACE('',(#1690),#435,.T.);
#6256=ADVANCED_FACE('',(#1691),#436,.T.);
#6257=ADVANCED_FACE('',(#1692),#437,.T.);
#6258=ADVANCED_FACE('',(#1693),#1354,.F.);
#6259=ADVANCED_FACE('',(#1694),#1355,.F.);
#6260=ADVANCED_FACE('',(#1695),#260,.F.);
#6261=ADVANCED_FACE('',(#1696),#438,.F.);
#6262=ADVANCED_FACE('',(#1697,#340),#439,.T.);
#6263=ADVANCED_FACE('',(#1698),#261,.T.);
#6264=ADVANCED_FACE('',(#1699,#341),#1356,.T.);
#6265=ADVANCED_FACE('',(#1700),#440,.F.);
#6266=ADVANCED_FACE('',(#1701),#441,.F.);
#6267=ADVANCED_FACE('',(#1702),#442,.F.);
#6268=ADVANCED_FACE('',(#1703),#443,.F.);
#6269=ADVANCED_FACE('',(#1704),#444,.F.);
#6270=ADVANCED_FACE('',(#1705),#445,.F.);
#6271=ADVANCED_FACE('',(#1706,#342),#446,.F.);
#6272=ADVANCED_FACE('',(#1707,#343),#447,.F.);
#6273=ADVANCED_FACE('',(#1708,#344),#448,.F.);
#6274=ADVANCED_FACE('',(#1709),#1357,.F.);
#6275=ADVANCED_FACE('',(#1710),#449,.T.);
#6276=ADVANCED_FACE('',(#1711),#450,.T.);
#6277=ADVANCED_FACE('',(#1712),#451,.T.);
#6278=ADVANCED_FACE('',(#1713),#1358,.F.);
#6279=ADVANCED_FACE('',(#1714),#1359,.T.);
#6280=ADVANCED_FACE('',(#1715),#452,.T.);
#6281=ADVANCED_FACE('',(#1716),#1360,.F.);
#6282=ADVANCED_FACE('',(#1717),#1361,.T.);
#6283=ADVANCED_FACE('',(#1718),#1362,.F.);
#6284=ADVANCED_FACE('',(#1719),#453,.T.);
#6285=ADVANCED_FACE('',(#1720),#1363,.T.);
#6286=ADVANCED_FACE('',(#1721),#1364,.T.);
#6287=ADVANCED_FACE('',(#1722),#1365,.T.);
#6288=ADVANCED_FACE('',(#1723),#454,.T.);
#6289=ADVANCED_FACE('',(#1724),#1366,.T.);
#6290=ADVANCED_FACE('',(#1725),#1367,.F.);
#6291=ADVANCED_FACE('',(#1726),#1368,.F.);
#6292=ADVANCED_FACE('',(#1727),#455,.T.);
#6293=ADVANCED_FACE('',(#1728),#1369,.F.);
#6294=ADVANCED_FACE('',(#1729),#456,.T.);
#6295=ADVANCED_FACE('',(#1730),#1370,.T.);
#6296=ADVANCED_FACE('',(#1731),#1371,.F.);
#6297=ADVANCED_FACE('',(#1732),#1372,.T.);
#6298=ADVANCED_FACE('',(#1733),#457,.T.);
#6299=ADVANCED_FACE('',(#1734),#1373,.F.);
#6300=ADVANCED_FACE('',(#1735),#1374,.F.);
#6301=ADVANCED_FACE('',(#1736),#1375,.F.);
#6302=ADVANCED_FACE('',(#1737),#458,.T.);
#6303=ADVANCED_FACE('',(#1738),#1376,.T.);
#6304=ADVANCED_FACE('',(#1739),#1377,.F.);
#6305=ADVANCED_FACE('',(#1740),#1378,.T.);
#6306=ADVANCED_FACE('',(#1741),#459,.T.);
#6307=ADVANCED_FACE('',(#1742),#1379,.T.);
#6308=ADVANCED_FACE('',(#1743),#1380,.T.);
#6309=ADVANCED_FACE('',(#1744),#1381,.T.);
#6310=ADVANCED_FACE('',(#1745),#460,.T.);
#6311=ADVANCED_FACE('',(#1746),#1382,.F.);
#6312=ADVANCED_FACE('',(#1747),#1383,.T.);
#6313=ADVANCED_FACE('',(#1748),#1384,.F.);
#6314=ADVANCED_FACE('',(#1749),#461,.T.);
#6315=ADVANCED_FACE('',(#1750),#1385,.T.);
#6316=ADVANCED_FACE('',(#1751),#1386,.T.);
#6317=ADVANCED_FACE('',(#1752),#462,.F.);
#6318=ADVANCED_FACE('',(#1753),#463,.T.);
#6319=ADVANCED_FACE('',(#1754),#1387,.F.);
#6320=ADVANCED_FACE('',(#1755),#1388,.T.);
#6321=ADVANCED_FACE('',(#1756),#464,.T.);
#6322=ADVANCED_FACE('',(#1757),#1389,.T.);
#6323=ADVANCED_FACE('',(#1758),#1390,.T.);
#6324=ADVANCED_FACE('',(#1759),#1391,.F.);
#6325=ADVANCED_FACE('',(#1760),#465,.T.);
#6326=ADVANCED_FACE('',(#1761),#1392,.T.);
#6327=ADVANCED_FACE('',(#1762),#1393,.T.);
#6328=ADVANCED_FACE('',(#1763),#1394,.T.);
#6329=ADVANCED_FACE('',(#1764),#466,.T.);
#6330=ADVANCED_FACE('',(#1765),#1395,.F.);
#6331=ADVANCED_FACE('',(#1766),#1396,.T.);
#6332=ADVANCED_FACE('',(#1767),#1397,.F.);
#6333=ADVANCED_FACE('',(#1768),#467,.T.);
#6334=ADVANCED_FACE('',(#1769),#1398,.T.);
#6335=ADVANCED_FACE('',(#1770),#1399,.T.);
#6336=ADVANCED_FACE('',(#1771),#1400,.T.);
#6337=ADVANCED_FACE('',(#1772),#468,.T.);
#6338=ADVANCED_FACE('',(#1773),#1401,.F.);
#6339=ADVANCED_FACE('',(#1774),#1402,.T.);
#6340=ADVANCED_FACE('',(#1775),#1403,.T.);
#6341=ADVANCED_FACE('',(#1776),#469,.T.);
#6342=ADVANCED_FACE('',(#1777),#1404,.T.);
#6343=ADVANCED_FACE('',(#1778),#1405,.F.);
#6344=ADVANCED_FACE('',(#1779),#470,.T.);
#6345=ADVANCED_FACE('',(#1780),#1406,.T.);
#6346=ADVANCED_FACE('',(#1781),#1407,.T.);
#6347=ADVANCED_FACE('',(#1782),#1408,.T.);
#6348=ADVANCED_FACE('',(#1783),#471,.T.);
#6349=ADVANCED_FACE('',(#1784),#1409,.T.);
#6350=ADVANCED_FACE('',(#1785),#1410,.T.);
#6351=ADVANCED_FACE('',(#1786),#472,.T.);
#6352=ADVANCED_FACE('',(#1787),#473,.T.);
#6353=ADVANCED_FACE('',(#1788),#474,.F.);
#6354=CLOSED_SHELL('',(#5976,#5977,#5978,#5979,#5980,#5981,#5982,#5983,
#5984,#5985,#5986,#5987,#5988,#5989,#5990,#5991,#5992,#5993,#5994,#5995,
#5996,#5997,#5998,#5999,#6000,#6001,#6002,#6003,#6004,#6005,#6006,#6007,
#6008,#6009,#6010,#6011,#6012,#6013,#6014,#6015,#6016,#6017,#6018,#6019,
#6020,#6021,#6022,#6023,#6024,#6025,#6026,#6027,#6028,#6029,#6030,#6031,
#6032,#6033,#6034,#6035,#6036,#6037,#6038,#6039,#6040,#6041,#6042,#6043,
#6044,#6045,#6046,#6047,#6048,#6049,#6050,#6051,#6052));
#6355=CLOSED_SHELL('',(#6053,#6054,#6055,#6056,#6057,#6058,#6059,#6060,
#6061,#6062,#6063,#6064,#6065,#6066,#6067,#6068,#6069,#6070,#6071,#6072,
#6073,#6074,#6075,#6076,#6077,#6078,#6079,#6080,#6081,#6082,#6083,#6084,
#6085,#6086,#6087,#6088,#6089,#6090,#6091,#6092,#6093,#6094,#6095,#6096,
#6097,#6098,#6099,#6100,#6101,#6102));
#6356=CLOSED_SHELL('',(#6103,#6104,#6105,#6106));
#6357=CLOSED_SHELL('',(#6107,#6108,#6109,#6110,#6111,#6112,#6113,#6114,
#6115,#6116,#6117,#6118,#6119,#6120,#6121,#6122,#6123,#6124,#6125,#6126,
#6127,#6128,#6129,#6130,#6131,#6132,#6133,#6134,#6135,#6136,#6137,#6138,
#6139,#6140,#6141,#6142,#6143,#6144));
#6358=CLOSED_SHELL('',(#6145,#6146,#6147,#6148,#6149,#6150,#6151,#6152,
#6153,#6154,#6155,#6156,#6157,#6158,#6159,#6160,#6161,#6162,#6163,#6164,
#6165,#6166,#6167));
#6359=CLOSED_SHELL('',(#6168,#6169,#6170,#6171,#6172,#6173,#6174,#6175,
#6176,#6177,#6178,#6179,#6180,#6181,#6182,#6183,#6184,#6185,#6186,#6187,
#6188,#6189,#6190,#6191,#6192,#6193,#6194,#6195,#6196,#6197,#6198,#6199,
#6200,#6201,#6202,#6203,#6204,#6205,#6206,#6207,#6208,#6209,#6210,#6211,
#6212,#6213,#6214,#6215,#6216,#6217,#6218,#6219,#6220,#6221,#6222,#6223,
#6224,#6225,#6226,#6227,#6228,#6229,#6230,#6231,#6232,#6233,#6234,#6235,
#6236,#6237,#6238,#6239,#6240,#6241,#6242,#6243,#6244,#6245,#6246,#6247,
#6248,#6249,#6250,#6251,#6252,#6253,#6254,#6255,#6256,#6257,#6258,#6259,
#6260,#6261,#6262,#6263,#6264,#6265,#6266,#6267,#6268,#6269,#6270,#6271,
#6272,#6273,#6274,#6275,#6276,#6277,#6278));
#6360=CLOSED_SHELL('',(#6279,#6280,#6281,#6282,#6283,#6284,#6285,#6286,
#6287,#6288,#6289,#6290,#6291,#6292,#6293,#6294,#6295,#6296,#6297,#6298,
#6299,#6300,#6301,#6302,#6303,#6304,#6305,#6306,#6307,#6308,#6309,#6310,
#6311,#6312,#6313,#6314,#6315,#6316,#6317,#6318));
#6361=CLOSED_SHELL('',(#6319,#6320,#6321,#6322,#6323,#6324,#6325,#6326,
#6327,#6328,#6329,#6330,#6331,#6332,#6333,#6334,#6335,#6336,#6337,#6338,
#6339,#6340,#6341,#6342,#6343,#6344,#6345,#6346,#6347,#6348,#6349,#6350,
#6351,#6352,#6353));
#6362=DERIVED_UNIT_ELEMENT(#6377,1.);
#6363=DERIVED_UNIT_ELEMENT(#13693,-3.);
#6364=DERIVED_UNIT_ELEMENT(#6377,1.);
#6365=DERIVED_UNIT_ELEMENT(#13693,-3.);
#6366=DERIVED_UNIT_ELEMENT(#6377,1.);
#6367=DERIVED_UNIT_ELEMENT(#13693,-3.);
#6368=DERIVED_UNIT_ELEMENT(#6377,1.);
#6369=DERIVED_UNIT_ELEMENT(#13693,-3.);
#6370=DERIVED_UNIT_ELEMENT(#6377,1.);
#6371=DERIVED_UNIT_ELEMENT(#13693,-3.);
#6372=DERIVED_UNIT_ELEMENT(#6377,1.);
#6373=DERIVED_UNIT_ELEMENT(#13693,-3.);
#6374=DERIVED_UNIT_ELEMENT(#6377,1.);
#6375=DERIVED_UNIT_ELEMENT(#13693,-3.);
#6376=DIMENSIONAL_EXPONENTS(0.,1.,0.,0.,0.,0.,0.);
#6377=(
CONVERSION_BASED_UNIT('gram',#6379)
MASS_UNIT()
NAMED_UNIT(#6376)
);
#6378=(
MASS_UNIT()
NAMED_UNIT(*)
SI_UNIT(.KILO.,.GRAM.)
);
#6379=MASS_MEASURE_WITH_UNIT(MASS_MEASURE(0.001),#6378);
#6380=DERIVED_UNIT((#6362,#6363));
#6381=DERIVED_UNIT((#6364,#6365));
#6382=DERIVED_UNIT((#6366,#6367));
#6383=DERIVED_UNIT((#6368,#6369));
#6384=DERIVED_UNIT((#6370,#6371));
#6385=DERIVED_UNIT((#6372,#6373));
#6386=DERIVED_UNIT((#6374,#6375));
#6387=MEASURE_REPRESENTATION_ITEM('density measure',
POSITIVE_RATIO_MEASURE(1.),#6380);
#6388=MEASURE_REPRESENTATION_ITEM('density measure',
POSITIVE_RATIO_MEASURE(1.),#6381);
#6389=MEASURE_REPRESENTATION_ITEM('density measure',
POSITIVE_RATIO_MEASURE(1.),#6382);
#6390=MEASURE_REPRESENTATION_ITEM('density measure',
POSITIVE_RATIO_MEASURE(1.),#6383);
#6391=MEASURE_REPRESENTATION_ITEM('density measure',
POSITIVE_RATIO_MEASURE(1.),#6384);
#6392=MEASURE_REPRESENTATION_ITEM('density measure',
POSITIVE_RATIO_MEASURE(1.),#6385);
#6393=MEASURE_REPRESENTATION_ITEM('density measure',
POSITIVE_RATIO_MEASURE(1.),#6386);
#6394=PROPERTY_DEFINITION_REPRESENTATION(#6429,#6408);
#6395=PROPERTY_DEFINITION_REPRESENTATION(#6430,#6409);
#6396=PROPERTY_DEFINITION_REPRESENTATION(#6431,#6410);
#6397=PROPERTY_DEFINITION_REPRESENTATION(#6432,#6411);
#6398=PROPERTY_DEFINITION_REPRESENTATION(#6433,#6412);
#6399=PROPERTY_DEFINITION_REPRESENTATION(#6434,#6413);
#6400=PROPERTY_DEFINITION_REPRESENTATION(#6435,#6414);
#6401=PROPERTY_DEFINITION_REPRESENTATION(#6436,#6415);
#6402=PROPERTY_DEFINITION_REPRESENTATION(#6437,#6416);
#6403=PROPERTY_DEFINITION_REPRESENTATION(#6438,#6417);
#6404=PROPERTY_DEFINITION_REPRESENTATION(#6439,#6418);
#6405=PROPERTY_DEFINITION_REPRESENTATION(#6440,#6419);
#6406=PROPERTY_DEFINITION_REPRESENTATION(#6441,#6420);
#6407=PROPERTY_DEFINITION_REPRESENTATION(#6442,#6421);
#6408=REPRESENTATION('material name',(#6422),#13684);
#6409=REPRESENTATION('density',(#6387),#13684);
#6410=REPRESENTATION('material name',(#6423),#13685);
#6411=REPRESENTATION('density',(#6388),#13685);
#6412=REPRESENTATION('material name',(#6424),#13686);
#6413=REPRESENTATION('density',(#6389),#13686);
#6414=REPRESENTATION('material name',(#6425),#13687);
#6415=REPRESENTATION('density',(#6390),#13687);
#6416=REPRESENTATION('material name',(#6426),#13688);
#6417=REPRESENTATION('density',(#6391),#13688);
#6418=REPRESENTATION('material name',(#6427),#13689);
#6419=REPRESENTATION('density',(#6392),#13689);
#6420=REPRESENTATION('material name',(#6428),#13690);
#6421=REPRESENTATION('density',(#6393),#13690);
#6422=DESCRIPTIVE_REPRESENTATION_ITEM('Generisch','Generisch');
#6423=DESCRIPTIVE_REPRESENTATION_ITEM('Generisch','Generisch');
#6424=DESCRIPTIVE_REPRESENTATION_ITEM('Allgemein','Allgemein');
#6425=DESCRIPTIVE_REPRESENTATION_ITEM('Generisch','Generisch');
#6426=DESCRIPTIVE_REPRESENTATION_ITEM('Generisch','Generisch');
#6427=DESCRIPTIVE_REPRESENTATION_ITEM('Allgemein','Allgemein');
#6428=DESCRIPTIVE_REPRESENTATION_ITEM('Allgemein','Allgemein');
#6429=PROPERTY_DEFINITION('material property','material name',#13734);
#6430=PROPERTY_DEFINITION('material property','density of part',#13734);
#6431=PROPERTY_DEFINITION('material property','material name',#13735);
#6432=PROPERTY_DEFINITION('material property','density of part',#13735);
#6433=PROPERTY_DEFINITION('material property','material name',#13736);
#6434=PROPERTY_DEFINITION('material property','density of part',#13736);
#6435=PROPERTY_DEFINITION('material property','material name',#13737);
#6436=PROPERTY_DEFINITION('material property','density of part',#13737);
#6437=PROPERTY_DEFINITION('material property','material name',#13738);
#6438=PROPERTY_DEFINITION('material property','density of part',#13738);
#6439=PROPERTY_DEFINITION('material property','material name',#13739);
#6440=PROPERTY_DEFINITION('material property','density of part',#13739);
#6441=PROPERTY_DEFINITION('material property','material name',#13740);
#6442=PROPERTY_DEFINITION('material property','density of part',#13740);
#6443=PRESENTATION_STYLE_ASSIGNMENT((#6448));
#6444=PRESENTATION_STYLE_ASSIGNMENT((#6449));
#6445=PRESENTATION_STYLE_ASSIGNMENT((#6450));
#6446=PRESENTATION_STYLE_ASSIGNMENT((#6451));
#6447=PRESENTATION_STYLE_ASSIGNMENT((#6452));
#6448=SURFACE_STYLE_USAGE(.BOTH.,#6463);
#6449=SURFACE_STYLE_USAGE(.BOTH.,#6464);
#6450=SURFACE_STYLE_USAGE(.BOTH.,#6465);
#6451=SURFACE_STYLE_USAGE(.BOTH.,#6466);
#6452=SURFACE_STYLE_USAGE(.BOTH.,#6467);
#6453=SURFACE_STYLE_RENDERING_WITH_PROPERTIES($,#6483,(#6458));
#6454=SURFACE_STYLE_RENDERING_WITH_PROPERTIES($,#6484,(#6459));
#6455=SURFACE_STYLE_RENDERING_WITH_PROPERTIES($,#6485,(#6460));
#6456=SURFACE_STYLE_RENDERING_WITH_PROPERTIES($,#6486,(#6461));
#6457=SURFACE_STYLE_RENDERING_WITH_PROPERTIES($,#6487,(#6462));
#6458=SURFACE_STYLE_TRANSPARENT(0.);
#6459=SURFACE_STYLE_TRANSPARENT(0.);
#6460=SURFACE_STYLE_TRANSPARENT(0.);
#6461=SURFACE_STYLE_TRANSPARENT(0.);
#6462=SURFACE_STYLE_TRANSPARENT(0.);
#6463=SURFACE_SIDE_STYLE('',(#6468,#6453));
#6464=SURFACE_SIDE_STYLE('',(#6469,#6454));
#6465=SURFACE_SIDE_STYLE('',(#6470,#6455));
#6466=SURFACE_SIDE_STYLE('',(#6471,#6456));
#6467=SURFACE_SIDE_STYLE('',(#6472,#6457));
#6468=SURFACE_STYLE_FILL_AREA(#6473);
#6469=SURFACE_STYLE_FILL_AREA(#6474);
#6470=SURFACE_STYLE_FILL_AREA(#6475);
#6471=SURFACE_STYLE_FILL_AREA(#6476);
#6472=SURFACE_STYLE_FILL_AREA(#6477);
#6473=FILL_AREA_STYLE('',(#6478));
#6474=FILL_AREA_STYLE('',(#6479));
#6475=FILL_AREA_STYLE('',(#6480));
#6476=FILL_AREA_STYLE('',(#6481));
#6477=FILL_AREA_STYLE('',(#6482));
#6478=FILL_AREA_STYLE_COLOUR('',#6483);
#6479=FILL_AREA_STYLE_COLOUR('',#6484);
#6480=FILL_AREA_STYLE_COLOUR('',#6485);
#6481=FILL_AREA_STYLE_COLOUR('',#6486);
#6482=FILL_AREA_STYLE_COLOUR('',#6487);
#6483=COLOUR_RGB('',0.749019607843137,0.749019607843137,0.749019607843137);
#6484=COLOUR_RGB('',0.537254901960784,0.6,0.466666666666667);
#6485=COLOUR_RGB('',0.850980392156863,0.83921568627451,0.858823529411765);
#6486=COLOUR_RGB('',0.792156862745098,0.882352941176471,1.);
#6487=COLOUR_RGB('',0.850980392156863,0.83921568627451,0.858823529411765);
#6488=DATE_TIME_ROLE('creation_date');
#6489=DATE_TIME_ROLE('creation_date');
#6490=DATE_TIME_ROLE('creation_date');
#6491=DATE_TIME_ROLE('creation_date');
#6492=DATE_TIME_ROLE('creation_date');
#6493=DATE_TIME_ROLE('creation_date');
#6494=DATE_TIME_ROLE('creation_date');
#6495=DATE_TIME_ROLE('creation_date');
#6496=APPLIED_DATE_AND_TIME_ASSIGNMENT(#6504,#6488,(#13733));
#6497=APPLIED_DATE_AND_TIME_ASSIGNMENT(#6505,#6489,(#13734));
#6498=APPLIED_DATE_AND_TIME_ASSIGNMENT(#6506,#6490,(#13735));
#6499=APPLIED_DATE_AND_TIME_ASSIGNMENT(#6507,#6491,(#13736));
#6500=APPLIED_DATE_AND_TIME_ASSIGNMENT(#6508,#6492,(#13737));
#6501=APPLIED_DATE_AND_TIME_ASSIGNMENT(#6509,#6493,(#13738));
#6502=APPLIED_DATE_AND_TIME_ASSIGNMENT(#6510,#6494,(#13739));
#6503=APPLIED_DATE_AND_TIME_ASSIGNMENT(#6511,#6495,(#13740));
#6504=DATE_AND_TIME(#6512,#6520);
#6505=DATE_AND_TIME(#6513,#6521);
#6506=DATE_AND_TIME(#6514,#6522);
#6507=DATE_AND_TIME(#6515,#6523);
#6508=DATE_AND_TIME(#6516,#6524);
#6509=DATE_AND_TIME(#6517,#6525);
#6510=DATE_AND_TIME(#6518,#6526);
#6511=DATE_AND_TIME(#6519,#6527);
#6512=CALENDAR_DATE(2025,24,3);
#6513=CALENDAR_DATE(2024,14,11);
#6514=CALENDAR_DATE(2024,14,11);
#6515=CALENDAR_DATE(2025,30,4);
#6516=CALENDAR_DATE(2024,14,11);
#6517=CALENDAR_DATE(2024,14,11);
#6518=CALENDAR_DATE(2025,4,6);
#6519=CALENDAR_DATE(2025,27,4);
#6520=LOCAL_TIME(0,0,0.,#6528);
#6521=LOCAL_TIME(0,0,0.,#6529);
#6522=LOCAL_TIME(0,0,0.,#6530);
#6523=LOCAL_TIME(0,0,0.,#6531);
#6524=LOCAL_TIME(0,0,0.,#6532);
#6525=LOCAL_TIME(0,0,0.,#6533);
#6526=LOCAL_TIME(10,32,42.,#6534);
#6527=LOCAL_TIME(14,33,47.,#6535);
#6528=COORDINATED_UNIVERSAL_TIME_OFFSET(0,0,.BEHIND.);
#6529=COORDINATED_UNIVERSAL_TIME_OFFSET(0,0,.BEHIND.);
#6530=COORDINATED_UNIVERSAL_TIME_OFFSET(0,0,.BEHIND.);
#6531=COORDINATED_UNIVERSAL_TIME_OFFSET(0,0,.BEHIND.);
#6532=COORDINATED_UNIVERSAL_TIME_OFFSET(0,0,.BEHIND.);
#6533=COORDINATED_UNIVERSAL_TIME_OFFSET(0,0,.BEHIND.);
#6534=COORDINATED_UNIVERSAL_TIME_OFFSET(0,0,.BEHIND.);
#6535=COORDINATED_UNIVERSAL_TIME_OFFSET(0,0,.BEHIND.);
#6536=AXIS2_PLACEMENT_3D('',#9224,#7302,#7303);
#6537=AXIS2_PLACEMENT_3D('',#9225,#7304,#7305);
#6538=AXIS2_PLACEMENT_3D('',#9298,#7306,#7307);
#6539=AXIS2_PLACEMENT_3D('',#9315,#7308,#7309);
#6540=AXIS2_PLACEMENT_3D('',#9330,#7310,#7311);
#6541=AXIS2_PLACEMENT_3D('',#9333,#7312,#7313);
#6542=AXIS2_PLACEMENT_3D('',#9408,#7316,#7317);
#6543=AXIS2_PLACEMENT_3D('',#9437,#7318,#7319);
#6544=AXIS2_PLACEMENT_3D('',#9440,#7320,#7321);
#6545=AXIS2_PLACEMENT_3D('',#9515,#7324,#7325);
#6546=AXIS2_PLACEMENT_3D('',#9544,#7326,#7327);
#6547=AXIS2_PLACEMENT_3D('',#9547,#7328,#7329);
#6548=AXIS2_PLACEMENT_3D('',#9622,#7332,#7333);
#6549=AXIS2_PLACEMENT_3D('',#9651,#7334,#7335);
#6550=AXIS2_PLACEMENT_3D('',#9654,#7338,#7339);
#6551=AXIS2_PLACEMENT_3D('',#9716,#7344,#7345);
#6552=AXIS2_PLACEMENT_3D('',#9775,#7349,#7350);
#6553=AXIS2_PLACEMENT_3D('',#9777,#7351,#7352);
#6554=AXIS2_PLACEMENT_3D('',#9779,#7353,#7354);
#6555=AXIS2_PLACEMENT_3D('',#9781,#7355,#7356);
#6556=AXIS2_PLACEMENT_3D('',#9783,#7357,#7358);
#6557=AXIS2_PLACEMENT_3D('',#9785,#7359,#7360);
#6558=AXIS2_PLACEMENT_3D('',#9787,#7361,#7362);
#6559=AXIS2_PLACEMENT_3D('',#9789,#7363,#7364);
#6560=AXIS2_PLACEMENT_3D('',#9791,#7365,#7366);
#6561=AXIS2_PLACEMENT_3D('',#9793,#7367,#7368);
#6562=AXIS2_PLACEMENT_3D('',#9866,#7369,#7370);
#6563=AXIS2_PLACEMENT_3D('',#9883,#7371,#7372);
#6564=AXIS2_PLACEMENT_3D('',#9898,#7373,#7374);
#6565=AXIS2_PLACEMENT_3D('',#9900,#7375,#7376);
#6566=AXIS2_PLACEMENT_3D('',#9969,#7379,#7380);
#6567=AXIS2_PLACEMENT_3D('',#9983,#7381,#7382);
#6568=AXIS2_PLACEMENT_3D('',#9985,#7383,#7384);
#6569=AXIS2_PLACEMENT_3D('',#10058,#7386,#7387);
#6570=AXIS2_PLACEMENT_3D('',#10073,#7388,#7389);
#6571=AXIS2_PLACEMENT_3D('',#10075,#7390,#7391);
#6572=AXIS2_PLACEMENT_3D('',#10149,#7393,#7394);
#6573=AXIS2_PLACEMENT_3D('',#10178,#7395,#7396);
#6574=AXIS2_PLACEMENT_3D('',#10222,#7400,#7401);
#6575=AXIS2_PLACEMENT_3D('',#10265,#7404,#7405);
#6576=AXIS2_PLACEMENT_3D('',#10267,#7406,#7407);
#6577=AXIS2_PLACEMENT_3D('',#10269,#7408,#7409);
#6578=AXIS2_PLACEMENT_3D('',#10271,#7410,#7411);
#6579=AXIS2_PLACEMENT_3D('',#10273,#7412,#7413);
#6580=AXIS2_PLACEMENT_3D('',#10275,#7414,#7415);
#6581=AXIS2_PLACEMENT_3D('',#10277,#7416,#7417);
#6582=AXIS2_PLACEMENT_3D('',#10279,#7418,#7419);
#6583=AXIS2_PLACEMENT_3D('',#10281,#7420,#7421);
#6584=AXIS2_PLACEMENT_3D('',#10283,#7422,#7423);
#6585=AXIS2_PLACEMENT_3D('',#10285,#7424,#7425);
#6586=AXIS2_PLACEMENT_3D('',#10287,#7426,#7427);
#6587=AXIS2_PLACEMENT_3D('',#10289,#7428,#7429);
#6588=AXIS2_PLACEMENT_3D('',#10291,#7430,#7431);
#6589=AXIS2_PLACEMENT_3D('',#10293,#7432,#7433);
#6590=AXIS2_PLACEMENT_3D('',#10295,#7434,#7435);
#6591=AXIS2_PLACEMENT_3D('',#10297,#7436,#7437);
#6592=AXIS2_PLACEMENT_3D('',#10299,#7438,#7439);
#6593=AXIS2_PLACEMENT_3D('',#10301,#7440,#7441);
#6594=AXIS2_PLACEMENT_3D('',#10303,#7442,#7443);
#6595=AXIS2_PLACEMENT_3D('',#10305,#7444,#7445);
#6596=AXIS2_PLACEMENT_3D('',#10307,#7446,#7447);
#6597=AXIS2_PLACEMENT_3D('',#10308,#7448,#7449);
#6598=AXIS2_PLACEMENT_3D('',#10312,#7451,#7452);
#6599=AXIS2_PLACEMENT_3D('',#10313,#7453,#7454);
#6600=AXIS2_PLACEMENT_3D('',#10314,#7455,#7456);
#6601=AXIS2_PLACEMENT_3D('',#10317,#7458,#7459);
#6602=AXIS2_PLACEMENT_3D('',#10318,#7460,#7461);
#6603=AXIS2_PLACEMENT_3D('',#10322,#7463,#7464);
#6604=AXIS2_PLACEMENT_3D('',#10323,#7465,#7466);
#6605=AXIS2_PLACEMENT_3D('',#10324,#7467,#7468);
#6606=AXIS2_PLACEMENT_3D('',#10327,#7470,#7471);
#6607=AXIS2_PLACEMENT_3D('',#10328,#7472,#7473);
#6608=AXIS2_PLACEMENT_3D('',#10332,#7475,#7476);
#6609=AXIS2_PLACEMENT_3D('',#10333,#7477,#7478);
#6610=AXIS2_PLACEMENT_3D('',#10334,#7479,#7480);
#6611=AXIS2_PLACEMENT_3D('',#10337,#7482,#7483);
#6612=AXIS2_PLACEMENT_3D('',#10338,#7484,#7485);
#6613=AXIS2_PLACEMENT_3D('',#10342,#7487,#7488);
#6614=AXIS2_PLACEMENT_3D('',#10343,#7489,#7490);
#6615=AXIS2_PLACEMENT_3D('',#10344,#7491,#7492);
#6616=AXIS2_PLACEMENT_3D('',#10347,#7494,#7495);
#6617=AXIS2_PLACEMENT_3D('',#10348,#7496,#7497);
#6618=AXIS2_PLACEMENT_3D('',#10352,#7499,#7500);
#6619=AXIS2_PLACEMENT_3D('',#10353,#7501,#7502);
#6620=AXIS2_PLACEMENT_3D('',#10354,#7503,#7504);
#6621=AXIS2_PLACEMENT_3D('',#10357,#7506,#7507);
#6622=AXIS2_PLACEMENT_3D('',#10358,#7508,#7509);
#6623=AXIS2_PLACEMENT_3D('',#10362,#7511,#7512);
#6624=AXIS2_PLACEMENT_3D('',#10363,#7513,#7514);
#6625=AXIS2_PLACEMENT_3D('',#10364,#7515,#7516);
#6626=AXIS2_PLACEMENT_3D('',#10367,#7518,#7519);
#6627=AXIS2_PLACEMENT_3D('',#10368,#7520,#7521);
#6628=AXIS2_PLACEMENT_3D('',#10372,#7523,#7524);
#6629=AXIS2_PLACEMENT_3D('',#10373,#7525,#7526);
#6630=AXIS2_PLACEMENT_3D('',#10374,#7527,#7528);
#6631=AXIS2_PLACEMENT_3D('',#10377,#7530,#7531);
#6632=AXIS2_PLACEMENT_3D('',#10378,#7532,#7533);
#6633=AXIS2_PLACEMENT_3D('',#10382,#7535,#7536);
#6634=AXIS2_PLACEMENT_3D('',#10383,#7537,#7538);
#6635=AXIS2_PLACEMENT_3D('',#10384,#7539,#7540);
#6636=AXIS2_PLACEMENT_3D('',#10387,#7542,#7543);
#6637=AXIS2_PLACEMENT_3D('',#10388,#7544,#7545);
#6638=AXIS2_PLACEMENT_3D('',#10390,#7547,#7548);
#6639=AXIS2_PLACEMENT_3D('',#10392,#7550,#7551);
#6640=AXIS2_PLACEMENT_3D('',#10394,#7553,#7554);
#6641=AXIS2_PLACEMENT_3D('',#10396,#7556,#7557);
#6642=AXIS2_PLACEMENT_3D('',#10398,#7559,#7560);
#6643=AXIS2_PLACEMENT_3D('',#10400,#7562,#7563);
#6644=AXIS2_PLACEMENT_3D('',#10402,#7565,#7566);
#6645=AXIS2_PLACEMENT_3D('',#10404,#7568,#7569);
#6646=AXIS2_PLACEMENT_3D('',#10407,#7571,#7572);
#6647=AXIS2_PLACEMENT_3D('',#10408,#7573,#7574);
#6648=AXIS2_PLACEMENT_3D('',#10411,#7575,#7576);
#6649=AXIS2_PLACEMENT_3D('',#10412,#7577,#7578);
#6650=AXIS2_PLACEMENT_3D('',#10414,#7580,#7581);
#6651=AXIS2_PLACEMENT_3D('',#10416,#7583,#7584);
#6652=AXIS2_PLACEMENT_3D('',#10417,#7585,#7586);
#6653=AXIS2_PLACEMENT_3D('',#10420,#7588,#7589);
#6654=AXIS2_PLACEMENT_3D('',#10421,#7590,#7591);
#6655=AXIS2_PLACEMENT_3D('',#10422,#7592,#7593);
#6656=AXIS2_PLACEMENT_3D('',#10425,#7595,#7596);
#6657=AXIS2_PLACEMENT_3D('',#10426,#7597,#7598);
#6658=AXIS2_PLACEMENT_3D('',#10427,#7599,#7600);
#6659=AXIS2_PLACEMENT_3D('',#10430,#7602,#7603);
#6660=AXIS2_PLACEMENT_3D('',#10431,#7604,#7605);
#6661=AXIS2_PLACEMENT_3D('',#10432,#7606,#7607);
#6662=AXIS2_PLACEMENT_3D('',#10435,#7609,#7610);
#6663=AXIS2_PLACEMENT_3D('',#10436,#7611,#7612);
#6664=AXIS2_PLACEMENT_3D('',#10437,#7613,#7614);
#6665=AXIS2_PLACEMENT_3D('',#10440,#7616,#7617);
#6666=AXIS2_PLACEMENT_3D('',#10441,#7618,#7619);
#6667=AXIS2_PLACEMENT_3D('',#10442,#7620,#7621);
#6668=AXIS2_PLACEMENT_3D('',#10445,#7623,#7624);
#6669=AXIS2_PLACEMENT_3D('',#10446,#7625,#7626);
#6670=AXIS2_PLACEMENT_3D('',#10447,#7627,#7628);
#6671=AXIS2_PLACEMENT_3D('',#10450,#7630,#7631);
#6672=AXIS2_PLACEMENT_3D('',#10451,#7632,#7633);
#6673=AXIS2_PLACEMENT_3D('',#10452,#7634,#7635);
#6674=AXIS2_PLACEMENT_3D('',#10455,#7637,#7638);
#6675=AXIS2_PLACEMENT_3D('',#10456,#7639,#7640);
#6676=AXIS2_PLACEMENT_3D('',#10457,#7641,#7642);
#6677=AXIS2_PLACEMENT_3D('',#10460,#7644,#7645);
#6678=AXIS2_PLACEMENT_3D('',#10461,#7646,#7647);
#6679=AXIS2_PLACEMENT_3D('',#10462,#7648,#7649);
#6680=AXIS2_PLACEMENT_3D('',#10465,#7651,#7652);
#6681=AXIS2_PLACEMENT_3D('',#10466,#7653,#7654);
#6682=AXIS2_PLACEMENT_3D('',#10467,#7655,#7656);
#6683=AXIS2_PLACEMENT_3D('',#10470,#7658,#7659);
#6684=AXIS2_PLACEMENT_3D('',#10471,#7660,#7661);
#6685=AXIS2_PLACEMENT_3D('',#10472,#7662,#7663);
#6686=AXIS2_PLACEMENT_3D('',#10475,#7665,#7666);
#6687=AXIS2_PLACEMENT_3D('',#10476,#7667,#7668);
#6688=AXIS2_PLACEMENT_3D('',#10477,#7669,#7670);
#6689=AXIS2_PLACEMENT_3D('',#10478,#7671,#7672);
#6690=AXIS2_PLACEMENT_3D('',#10480,#7673,#7674);
#6691=AXIS2_PLACEMENT_3D('',#10517,#7676,#7677);
#6692=AXIS2_PLACEMENT_3D('',#10519,#7678,#7679);
#6693=AXIS2_PLACEMENT_3D('',#10556,#7681,#7682);
#6694=AXIS2_PLACEMENT_3D('',#10558,#7683,#7684);
#6695=AXIS2_PLACEMENT_3D('',#10601,#7686,#7687);
#6696=AXIS2_PLACEMENT_3D('',#10603,#7688,#7689);
#6697=AXIS2_PLACEMENT_3D('',#10643,#7691,#7692);
#6698=AXIS2_PLACEMENT_3D('',#10645,#7693,#7694);
#6699=AXIS2_PLACEMENT_3D('',#10685,#7696,#7697);
#6700=AXIS2_PLACEMENT_3D('',#10687,#7698,#7699);
#6701=AXIS2_PLACEMENT_3D('',#10799,#7701,#7702);
#6702=AXIS2_PLACEMENT_3D('',#10816,#7703,#7704);
#6703=AXIS2_PLACEMENT_3D('',#10831,#7705,#7706);
#6704=AXIS2_PLACEMENT_3D('',#10834,#7707,#7708);
#6705=AXIS2_PLACEMENT_3D('',#10904,#7711,#7712);
#6706=AXIS2_PLACEMENT_3D('',#10931,#7713,#7714);
#6707=AXIS2_PLACEMENT_3D('',#10934,#7715,#7716);
#6708=AXIS2_PLACEMENT_3D('',#11009,#7719,#7720);
#6709=AXIS2_PLACEMENT_3D('',#11038,#7721,#7722);
#6710=AXIS2_PLACEMENT_3D('',#11041,#7723,#7724);
#6711=AXIS2_PLACEMENT_3D('',#11106,#7727,#7728);
#6712=AXIS2_PLACEMENT_3D('',#11131,#7729,#7730);
#6713=AXIS2_PLACEMENT_3D('',#11134,#7733,#7734);
#6714=AXIS2_PLACEMENT_3D('',#11194,#7739,#7740);
#6715=AXIS2_PLACEMENT_3D('',#11253,#7744,#7745);
#6716=AXIS2_PLACEMENT_3D('',#11255,#7746,#7747);
#6717=AXIS2_PLACEMENT_3D('',#11257,#7748,#7749);
#6718=AXIS2_PLACEMENT_3D('',#11325,#7750,#7751);
#6719=AXIS2_PLACEMENT_3D('',#11341,#7752,#7753);
#6720=AXIS2_PLACEMENT_3D('',#11355,#7754,#7755);
#6721=AXIS2_PLACEMENT_3D('',#11357,#7756,#7757);
#6722=AXIS2_PLACEMENT_3D('',#11426,#7760,#7761);
#6723=AXIS2_PLACEMENT_3D('',#11440,#7762,#7763);
#6724=AXIS2_PLACEMENT_3D('',#11442,#7764,#7765);
#6725=AXIS2_PLACEMENT_3D('',#11505,#7767,#7768);
#6726=AXIS2_PLACEMENT_3D('',#11518,#7769,#7770);
#6727=AXIS2_PLACEMENT_3D('',#11520,#7771,#7772);
#6728=AXIS2_PLACEMENT_3D('',#11594,#7774,#7775);
#6729=AXIS2_PLACEMENT_3D('',#11623,#7776,#7777);
#6730=AXIS2_PLACEMENT_3D('',#11667,#7781,#7782);
#6731=AXIS2_PLACEMENT_3D('',#11710,#7785,#7786);
#6732=AXIS2_PLACEMENT_3D('',#11712,#7787,#7788);
#6733=AXIS2_PLACEMENT_3D('',#11714,#7789,#7790);
#6734=AXIS2_PLACEMENT_3D('',#11716,#7791,#7792);
#6735=AXIS2_PLACEMENT_3D('',#11718,#7793,#7794);
#6736=AXIS2_PLACEMENT_3D('',#11720,#7795,#7796);
#6737=AXIS2_PLACEMENT_3D('',#11722,#7797,#7798);
#6738=AXIS2_PLACEMENT_3D('',#11724,#7799,#7800);
#6739=AXIS2_PLACEMENT_3D('',#11726,#7801,#7802);
#6740=AXIS2_PLACEMENT_3D('',#11727,#7803,#7804);
#6741=AXIS2_PLACEMENT_3D('',#11731,#7806,#7807);
#6742=AXIS2_PLACEMENT_3D('',#11732,#7808,#7809);
#6743=AXIS2_PLACEMENT_3D('',#11733,#7810,#7811);
#6744=AXIS2_PLACEMENT_3D('',#11736,#7813,#7814);
#6745=AXIS2_PLACEMENT_3D('',#11737,#7815,#7816);
#6746=AXIS2_PLACEMENT_3D('',#11739,#7818,#7819);
#6747=AXIS2_PLACEMENT_3D('',#11742,#7821,#7822);
#6748=AXIS2_PLACEMENT_3D('',#11743,#7823,#7824);
#6749=AXIS2_PLACEMENT_3D('',#11746,#7825,#7826);
#6750=AXIS2_PLACEMENT_3D('',#11747,#7827,#7828);
#6751=AXIS2_PLACEMENT_3D('',#11749,#7830,#7831);
#6752=AXIS2_PLACEMENT_3D('',#11751,#7833,#7834);
#6753=AXIS2_PLACEMENT_3D('',#11752,#7835,#7836);
#6754=AXIS2_PLACEMENT_3D('',#11755,#7838,#7839);
#6755=AXIS2_PLACEMENT_3D('',#11756,#7840,#7841);
#6756=AXIS2_PLACEMENT_3D('',#11757,#7842,#7843);
#6757=AXIS2_PLACEMENT_3D('',#11761,#7846,#7847);
#6758=AXIS2_PLACEMENT_3D('',#11762,#7848,#7849);
#6759=AXIS2_PLACEMENT_3D('',#11763,#7850,#7851);
#6760=AXIS2_PLACEMENT_3D('',#11766,#7853,#7854);
#6761=AXIS2_PLACEMENT_3D('',#11767,#7855,#7856);
#6762=AXIS2_PLACEMENT_3D('',#11768,#7857,#7858);
#6763=AXIS2_PLACEMENT_3D('',#11771,#7860,#7861);
#6764=AXIS2_PLACEMENT_3D('',#11772,#7862,#7863);
#6765=AXIS2_PLACEMENT_3D('',#11773,#7864,#7865);
#6766=AXIS2_PLACEMENT_3D('',#11776,#7867,#7868);
#6767=AXIS2_PLACEMENT_3D('',#11777,#7869,#7870);
#6768=AXIS2_PLACEMENT_3D('',#11778,#7871,#7872);
#6769=AXIS2_PLACEMENT_3D('',#11781,#7874,#7875);
#6770=AXIS2_PLACEMENT_3D('',#11782,#7876,#7877);
#6771=AXIS2_PLACEMENT_3D('',#11783,#7878,#7879);
#6772=AXIS2_PLACEMENT_3D('',#11784,#7880,#7881);
#6773=AXIS2_PLACEMENT_3D('',#11786,#7882,#7883);
#6774=AXIS2_PLACEMENT_3D('',#11789,#7885,#7886);
#6775=AXIS2_PLACEMENT_3D('',#11790,#7887,#7888);
#6776=AXIS2_PLACEMENT_3D('',#11792,#7889,#7890);
#6777=AXIS2_PLACEMENT_3D('',#11795,#7892,#7893);
#6778=AXIS2_PLACEMENT_3D('',#11796,#7894,#7895);
#6779=AXIS2_PLACEMENT_3D('',#11797,#7896,#7897);
#6780=AXIS2_PLACEMENT_3D('',#11798,#7898,#7899);
#6781=AXIS2_PLACEMENT_3D('',#11799,#7900,#7901);
#6782=AXIS2_PLACEMENT_3D('',#11804,#7903,#7904);
#6783=AXIS2_PLACEMENT_3D('',#11891,#7906,#7907);
#6784=AXIS2_PLACEMENT_3D('',#11933,#7908,#7909);
#6785=AXIS2_PLACEMENT_3D('',#11976,#7910,#7911);
#6786=AXIS2_PLACEMENT_3D('',#12031,#7912,#7913);
#6787=AXIS2_PLACEMENT_3D('',#12032,#7914,#7915);
#6788=AXIS2_PLACEMENT_3D('',#12033,#7916,#7917);
#6789=AXIS2_PLACEMENT_3D('',#12034,#7918,#7919);
#6790=AXIS2_PLACEMENT_3D('',#12037,#7920,#7921);
#6791=AXIS2_PLACEMENT_3D('',#12084,#7924,#7925);
#6792=AXIS2_PLACEMENT_3D('',#12085,#7926,#7927);
#6793=AXIS2_PLACEMENT_3D('',#12086,#7928,#7929);
#6794=AXIS2_PLACEMENT_3D('',#12124,#7930,#7931);
#6795=AXIS2_PLACEMENT_3D('',#12162,#7932,#7933);
#6796=AXIS2_PLACEMENT_3D('',#12261,#7934,#7935);
#6797=AXIS2_PLACEMENT_3D('',#12265,#7937,#7938);
#6798=AXIS2_PLACEMENT_3D('',#12272,#7940,#7941);
#6799=AXIS2_PLACEMENT_3D('',#12274,#7942,#7943);
#6800=AXIS2_PLACEMENT_3D('',#12278,#7945,#7946);
#6801=AXIS2_PLACEMENT_3D('',#12307,#7948,#7949);
#6802=AXIS2_PLACEMENT_3D('',#12308,#7950,#7951);
#6803=AXIS2_PLACEMENT_3D('',#12309,#7952,#7953);
#6804=AXIS2_PLACEMENT_3D('',#12310,#7954,#7955);
#6805=AXIS2_PLACEMENT_3D('',#12313,#7956,#7957);
#6806=AXIS2_PLACEMENT_3D('',#12343,#7960,#7961);
#6807=AXIS2_PLACEMENT_3D('',#12344,#7962,#7963);
#6808=AXIS2_PLACEMENT_3D('',#12345,#7964,#7965);
#6809=AXIS2_PLACEMENT_3D('',#12346,#7966,#7967);
#6810=AXIS2_PLACEMENT_3D('',#12348,#7968,#7969);
#6811=AXIS2_PLACEMENT_3D('',#12351,#7972,#7973);
#6812=AXIS2_PLACEMENT_3D('',#12352,#7974,#7975);
#6813=AXIS2_PLACEMENT_3D('',#12353,#7976,#7977);
#6814=AXIS2_PLACEMENT_3D('',#12354,#7978,#7979);
#6815=AXIS2_PLACEMENT_3D('',#12355,#7980,#7981);
#6816=AXIS2_PLACEMENT_3D('',#12358,#7984,#7985);
#6817=AXIS2_PLACEMENT_3D('',#12360,#7987,#7988);
#6818=AXIS2_PLACEMENT_3D('',#12362,#7990,#7991);
#6819=AXIS2_PLACEMENT_3D('',#12363,#7992,#7993);
#6820=AXIS2_PLACEMENT_3D('',#12364,#7994,#7995);
#6821=AXIS2_PLACEMENT_3D('',#12366,#7996,#7997);
#6822=AXIS2_PLACEMENT_3D('',#12367,#7998,#7999);
#6823=AXIS2_PLACEMENT_3D('',#12368,#8000,#8001);
#6824=AXIS2_PLACEMENT_3D('',#12370,#8002,#8003);
#6825=AXIS2_PLACEMENT_3D('',#12372,#8004,#8005);
#6826=AXIS2_PLACEMENT_3D('',#12374,#8006,#8007);
#6827=AXIS2_PLACEMENT_3D('',#12375,#8008,#8009);
#6828=AXIS2_PLACEMENT_3D('',#12376,#8010,#8011);
#6829=AXIS2_PLACEMENT_3D('',#12379,#8013,#8014);
#6830=AXIS2_PLACEMENT_3D('',#12380,#8015,#8016);
#6831=AXIS2_PLACEMENT_3D('',#12382,#8017,#8018);
#6832=AXIS2_PLACEMENT_3D('',#12383,#8019,#8020);
#6833=AXIS2_PLACEMENT_3D('',#12385,#8021,#8022);
#6834=AXIS2_PLACEMENT_3D('',#12387,#8023,#8024);
#6835=AXIS2_PLACEMENT_3D('',#12388,#8025,#8026);
#6836=AXIS2_PLACEMENT_3D('',#12389,#8027,#8028);
#6837=AXIS2_PLACEMENT_3D('',#12392,#8030,#8031);
#6838=AXIS2_PLACEMENT_3D('',#12393,#8032,#8033);
#6839=AXIS2_PLACEMENT_3D('',#12394,#8034,#8035);
#6840=AXIS2_PLACEMENT_3D('',#12395,#8036,#8037);
#6841=AXIS2_PLACEMENT_3D('',#12396,#8038,#8039);
#6842=AXIS2_PLACEMENT_3D('',#12397,#8040,#8041);
#6843=AXIS2_PLACEMENT_3D('',#12398,#8042,#8043);
#6844=AXIS2_PLACEMENT_3D('',#12400,#8044,#8045);
#6845=AXIS2_PLACEMENT_3D('',#12402,#8046,#8047);
#6846=AXIS2_PLACEMENT_3D('',#12404,#8048,#8049);
#6847=AXIS2_PLACEMENT_3D('',#12405,#8050,#8051);
#6848=AXIS2_PLACEMENT_3D('',#12406,#8052,#8053);
#6849=AXIS2_PLACEMENT_3D('',#12407,#8054,#8055);
#6850=AXIS2_PLACEMENT_3D('',#12408,#8056,#8057);
#6851=AXIS2_PLACEMENT_3D('',#12410,#8058,#8059);
#6852=AXIS2_PLACEMENT_3D('',#12412,#8061,#8062);
#6853=AXIS2_PLACEMENT_3D('',#12413,#8063,#8064);
#6854=AXIS2_PLACEMENT_3D('',#12414,#8065,#8066);
#6855=AXIS2_PLACEMENT_3D('',#12415,#8067,#8068);
#6856=AXIS2_PLACEMENT_3D('',#12417,#8070,#8071);
#6857=AXIS2_PLACEMENT_3D('',#12418,#8072,#8073);
#6858=AXIS2_PLACEMENT_3D('',#12420,#8074,#8075);
#6859=AXIS2_PLACEMENT_3D('',#12423,#8077,#8078);
#6860=AXIS2_PLACEMENT_3D('',#12424,#8079,#8080);
#6861=AXIS2_PLACEMENT_3D('',#12426,#8081,#8082);
#6862=AXIS2_PLACEMENT_3D('',#12427,#8083,#8084);
#6863=AXIS2_PLACEMENT_3D('',#12429,#8085,#8086);
#6864=AXIS2_PLACEMENT_3D('',#12431,#8088,#8089);
#6865=AXIS2_PLACEMENT_3D('',#12433,#8090,#8091);
#6866=AXIS2_PLACEMENT_3D('',#12434,#8092,#8093);
#6867=AXIS2_PLACEMENT_3D('',#12436,#8094,#8095);
#6868=AXIS2_PLACEMENT_3D('',#12438,#8097,#8098);
#6869=AXIS2_PLACEMENT_3D('',#12440,#8099,#8100);
#6870=AXIS2_PLACEMENT_3D('',#12441,#8101,#8102);
#6871=AXIS2_PLACEMENT_3D('',#12450,#8107,#8108);
#6872=AXIS2_PLACEMENT_3D('',#12452,#8109,#8110);
#6873=AXIS2_PLACEMENT_3D('',#12455,#8112,#8113);
#6874=AXIS2_PLACEMENT_3D('',#12456,#8114,#8115);
#6875=AXIS2_PLACEMENT_3D('',#12462,#8119,#8120);
#6876=AXIS2_PLACEMENT_3D('',#12463,#8121,#8122);
#6877=AXIS2_PLACEMENT_3D('',#12464,#8123,#8124);
#6878=AXIS2_PLACEMENT_3D('',#12466,#8125,#8126);
#6879=AXIS2_PLACEMENT_3D('',#12467,#8127,#8128);
#6880=AXIS2_PLACEMENT_3D('',#12468,#8129,#8130);
#6881=AXIS2_PLACEMENT_3D('',#12471,#8131,#8132);
#6882=AXIS2_PLACEMENT_3D('',#12472,#8133,#8134);
#6883=AXIS2_PLACEMENT_3D('',#12475,#8136,#8137);
#6884=AXIS2_PLACEMENT_3D('',#12476,#8138,#8139);
#6885=AXIS2_PLACEMENT_3D('',#12478,#8140,#8141);
#6886=AXIS2_PLACEMENT_3D('',#12480,#8142,#8143);
#6887=AXIS2_PLACEMENT_3D('',#12481,#8144,#8145);
#6888=AXIS2_PLACEMENT_3D('',#12482,#8146,#8147);
#6889=AXIS2_PLACEMENT_3D('',#12484,#8149,#8150);
#6890=AXIS2_PLACEMENT_3D('',#12487,#8152,#8153);
#6891=AXIS2_PLACEMENT_3D('',#12488,#8154,#8155);
#6892=AXIS2_PLACEMENT_3D('',#12490,#8156,#8157);
#6893=AXIS2_PLACEMENT_3D('',#12491,#8158,#8159);
#6894=AXIS2_PLACEMENT_3D('',#12494,#8161,#8162);
#6895=AXIS2_PLACEMENT_3D('',#12495,#8163,#8164);
#6896=AXIS2_PLACEMENT_3D('',#12497,#8165,#8166);
#6897=AXIS2_PLACEMENT_3D('',#12499,#8167,#8168);
#6898=AXIS2_PLACEMENT_3D('',#12501,#8169,#8170);
#6899=AXIS2_PLACEMENT_3D('',#12502,#8171,#8172);
#6900=AXIS2_PLACEMENT_3D('',#12503,#8173,#8174);
#6901=AXIS2_PLACEMENT_3D('',#12505,#8175,#8176);
#6902=AXIS2_PLACEMENT_3D('',#12506,#8177,#8178);
#6903=AXIS2_PLACEMENT_3D('',#12508,#8179,#8180);
#6904=AXIS2_PLACEMENT_3D('',#12510,#8182,#8183);
#6905=AXIS2_PLACEMENT_3D('',#12513,#8184,#8185);
#6906=AXIS2_PLACEMENT_3D('',#12514,#8186,#8187);
#6907=AXIS2_PLACEMENT_3D('',#12515,#8188,#8189);
#6908=AXIS2_PLACEMENT_3D('',#12516,#8190,#8191);
#6909=AXIS2_PLACEMENT_3D('',#12518,#8193,#8194);
#6910=AXIS2_PLACEMENT_3D('',#12520,#8196,#8197);
#6911=AXIS2_PLACEMENT_3D('',#12521,#8198,#8199);
#6912=AXIS2_PLACEMENT_3D('',#12523,#8200,#8201);
#6913=AXIS2_PLACEMENT_3D('',#12526,#8203,#8204);
#6914=AXIS2_PLACEMENT_3D('',#12527,#8205,#8206);
#6915=AXIS2_PLACEMENT_3D('',#12529,#8207,#8208);
#6916=AXIS2_PLACEMENT_3D('',#12532,#8210,#8211);
#6917=AXIS2_PLACEMENT_3D('',#12533,#8212,#8213);
#6918=AXIS2_PLACEMENT_3D('',#12577,#8215,#8216);
#6919=AXIS2_PLACEMENT_3D('',#12578,#8217,#8218);
#6920=AXIS2_PLACEMENT_3D('',#12580,#8219,#8220);
#6921=AXIS2_PLACEMENT_3D('',#12583,#8222,#8223);
#6922=AXIS2_PLACEMENT_3D('',#12584,#8224,#8225);
#6923=AXIS2_PLACEMENT_3D('',#12586,#8226,#8227);
#6924=AXIS2_PLACEMENT_3D('',#12589,#8229,#8230);
#6925=AXIS2_PLACEMENT_3D('',#12590,#8231,#8232);
#6926=AXIS2_PLACEMENT_3D('',#12634,#8234,#8235);
#6927=AXIS2_PLACEMENT_3D('',#12635,#8236,#8237);
#6928=AXIS2_PLACEMENT_3D('',#12637,#8238,#8239);
#6929=AXIS2_PLACEMENT_3D('',#12641,#8241,#8242);
#6930=AXIS2_PLACEMENT_3D('',#12642,#8243,#8244);
#6931=AXIS2_PLACEMENT_3D('',#12643,#8245,#8246);
#6932=AXIS2_PLACEMENT_3D('',#12646,#8247,#8248);
#6933=AXIS2_PLACEMENT_3D('',#12647,#8249,#8250);
#6934=AXIS2_PLACEMENT_3D('',#12650,#8252,#8253);
#6935=AXIS2_PLACEMENT_3D('',#12651,#8254,#8255);
#6936=AXIS2_PLACEMENT_3D('',#12653,#8256,#8257);
#6937=AXIS2_PLACEMENT_3D('',#12656,#8259,#8260);
#6938=AXIS2_PLACEMENT_3D('',#12657,#8261,#8262);
#6939=AXIS2_PLACEMENT_3D('',#12661,#8264,#8265);
#6940=AXIS2_PLACEMENT_3D('',#12663,#8266,#8267);
#6941=AXIS2_PLACEMENT_3D('',#12665,#8268,#8269);
#6942=AXIS2_PLACEMENT_3D('',#12667,#8270,#8271);
#6943=AXIS2_PLACEMENT_3D('',#12668,#8272,#8273);
#6944=AXIS2_PLACEMENT_3D('',#12669,#8274,#8275);
#6945=AXIS2_PLACEMENT_3D('',#12673,#8277,#8278);
#6946=AXIS2_PLACEMENT_3D('',#12675,#8280,#8281);
#6947=AXIS2_PLACEMENT_3D('',#12677,#8282,#8283);
#6948=AXIS2_PLACEMENT_3D('',#12680,#8285,#8286);
#6949=AXIS2_PLACEMENT_3D('',#12681,#8287,#8288);
#6950=AXIS2_PLACEMENT_3D('',#12684,#8289,#8290);
#6951=AXIS2_PLACEMENT_3D('',#12687,#8293,#8294);
#6952=AXIS2_PLACEMENT_3D('',#12689,#8295,#8296);
#6953=AXIS2_PLACEMENT_3D('',#12692,#8298,#8299);
#6954=AXIS2_PLACEMENT_3D('',#12693,#8300,#8301);
#6955=AXIS2_PLACEMENT_3D('',#12695,#8302,#8303);
#6956=AXIS2_PLACEMENT_3D('',#12696,#8304,#8305);
#6957=AXIS2_PLACEMENT_3D('',#12697,#8306,#8307);
#6958=AXIS2_PLACEMENT_3D('',#12699,#8308,#8309);
#6959=AXIS2_PLACEMENT_3D('',#12701,#8310,#8311);
#6960=AXIS2_PLACEMENT_3D('',#12702,#8312,#8313);
#6961=AXIS2_PLACEMENT_3D('',#12703,#8314,#8315);
#6962=AXIS2_PLACEMENT_3D('',#12705,#8316,#8317);
#6963=AXIS2_PLACEMENT_3D('',#12707,#8319,#8320);
#6964=AXIS2_PLACEMENT_3D('',#12709,#8321,#8322);
#6965=AXIS2_PLACEMENT_3D('',#12712,#8324,#8325);
#6966=AXIS2_PLACEMENT_3D('',#12713,#8326,#8327);
#6967=AXIS2_PLACEMENT_3D('',#12716,#8329,#8330);
#6968=AXIS2_PLACEMENT_3D('',#12717,#8331,#8332);
#6969=AXIS2_PLACEMENT_3D('',#12719,#8333,#8334);
#6970=AXIS2_PLACEMENT_3D('',#12722,#8336,#8337);
#6971=AXIS2_PLACEMENT_3D('',#12723,#8338,#8339);
#6972=AXIS2_PLACEMENT_3D('',#12726,#8341,#8342);
#6973=AXIS2_PLACEMENT_3D('',#12727,#8343,#8344);
#6974=AXIS2_PLACEMENT_3D('',#12729,#8346,#8347);
#6975=AXIS2_PLACEMENT_3D('',#12732,#8349,#8350);
#6976=AXIS2_PLACEMENT_3D('',#12733,#8351,#8352);
#6977=AXIS2_PLACEMENT_3D('',#12734,#8353,#8354);
#6978=AXIS2_PLACEMENT_3D('',#12741,#8355,#8356);
#6979=AXIS2_PLACEMENT_3D('',#12746,#8357,#8358);
#6980=AXIS2_PLACEMENT_3D('',#12747,#8359,#8360);
#6981=AXIS2_PLACEMENT_3D('',#12754,#8361,#8362);
#6982=AXIS2_PLACEMENT_3D('',#12758,#8363,#8364);
#6983=AXIS2_PLACEMENT_3D('',#12759,#8365,#8366);
#6984=AXIS2_PLACEMENT_3D('',#12765,#8367,#8368);
#6985=AXIS2_PLACEMENT_3D('',#12770,#8369,#8370);
#6986=AXIS2_PLACEMENT_3D('',#12771,#8371,#8372);
#6987=AXIS2_PLACEMENT_3D('',#12778,#8373,#8374);
#6988=AXIS2_PLACEMENT_3D('',#12782,#8375,#8376);
#6989=AXIS2_PLACEMENT_3D('',#12783,#8377,#8378);
#6990=AXIS2_PLACEMENT_3D('',#12789,#8379,#8380);
#6991=AXIS2_PLACEMENT_3D('',#12794,#8381,#8382);
#6992=AXIS2_PLACEMENT_3D('',#12795,#8383,#8384);
#6993=AXIS2_PLACEMENT_3D('',#12801,#8385,#8386);
#6994=AXIS2_PLACEMENT_3D('',#12805,#8387,#8388);
#6995=AXIS2_PLACEMENT_3D('',#12806,#8389,#8390);
#6996=AXIS2_PLACEMENT_3D('',#12818,#8393,#8394);
#6997=AXIS2_PLACEMENT_3D('',#12821,#8396,#8397);
#6998=AXIS2_PLACEMENT_3D('',#12822,#8398,#8399);
#6999=AXIS2_PLACEMENT_3D('',#12832,#8401,#8402);
#7000=AXIS2_PLACEMENT_3D('',#12835,#8404,#8405);
#7001=AXIS2_PLACEMENT_3D('',#12836,#8406,#8407);
#7002=AXIS2_PLACEMENT_3D('',#12848,#8410,#8411);
#7003=AXIS2_PLACEMENT_3D('',#12858,#8413,#8414);
#7004=AXIS2_PLACEMENT_3D('',#12860,#8415,#8416);
#7005=AXIS2_PLACEMENT_3D('',#12865,#8417,#8418);
#7006=AXIS2_PLACEMENT_3D('',#12866,#8419,#8420);
#7007=AXIS2_PLACEMENT_3D('',#12867,#8421,#8422);
#7008=AXIS2_PLACEMENT_3D('',#12868,#8423,#8424);
#7009=AXIS2_PLACEMENT_3D('',#12869,#8425,#8426);
#7010=AXIS2_PLACEMENT_3D('',#12875,#8427,#8428);
#7011=AXIS2_PLACEMENT_3D('',#12880,#8429,#8430);
#7012=AXIS2_PLACEMENT_3D('',#12881,#8431,#8432);
#7013=AXIS2_PLACEMENT_3D('',#12882,#8433,#8434);
#7014=AXIS2_PLACEMENT_3D('',#12883,#8435,#8436);
#7015=AXIS2_PLACEMENT_3D('',#12884,#8437,#8438);
#7016=AXIS2_PLACEMENT_3D('',#12889,#8439,#8440);
#7017=AXIS2_PLACEMENT_3D('',#12890,#8441,#8442);
#7018=AXIS2_PLACEMENT_3D('',#12891,#8443,#8444);
#7019=AXIS2_PLACEMENT_3D('',#12892,#8445,#8446);
#7020=AXIS2_PLACEMENT_3D('',#12894,#8448,#8449);
#7021=AXIS2_PLACEMENT_3D('',#12896,#8451,#8452);
#7022=AXIS2_PLACEMENT_3D('',#12898,#8454,#8455);
#7023=AXIS2_PLACEMENT_3D('',#12900,#8457,#8458);
#7024=AXIS2_PLACEMENT_3D('',#12901,#8459,#8460);
#7025=AXIS2_PLACEMENT_3D('',#12902,#8461,#8462);
#7026=AXIS2_PLACEMENT_3D('',#12903,#8463,#8464);
#7027=AXIS2_PLACEMENT_3D('',#12912,#8469,#8470);
#7028=AXIS2_PLACEMENT_3D('',#12918,#8474,#8475);
#7029=AXIS2_PLACEMENT_3D('',#12924,#8479,#8480);
#7030=AXIS2_PLACEMENT_3D('',#12930,#8484,#8485);
#7031=AXIS2_PLACEMENT_3D('',#12936,#8489,#8490);
#7032=AXIS2_PLACEMENT_3D('',#12939,#8493,#8494);
#7033=AXIS2_PLACEMENT_3D('',#12940,#8495,#8496);
#7034=AXIS2_PLACEMENT_3D('',#12941,#8497,#8498);
#7035=AXIS2_PLACEMENT_3D('',#12942,#8499,#8500);
#7036=AXIS2_PLACEMENT_3D('',#12943,#8501,#8502);
#7037=AXIS2_PLACEMENT_3D('',#12944,#8503,#8504);
#7038=AXIS2_PLACEMENT_3D('',#12953,#8509,#8510);
#7039=AXIS2_PLACEMENT_3D('',#12959,#8514,#8515);
#7040=AXIS2_PLACEMENT_3D('',#12965,#8519,#8520);
#7041=AXIS2_PLACEMENT_3D('',#12971,#8524,#8525);
#7042=AXIS2_PLACEMENT_3D('',#12977,#8529,#8530);
#7043=AXIS2_PLACEMENT_3D('',#12980,#8533,#8534);
#7044=AXIS2_PLACEMENT_3D('',#12981,#8535,#8536);
#7045=AXIS2_PLACEMENT_3D('',#12982,#8537,#8538);
#7046=AXIS2_PLACEMENT_3D('',#12986,#8540,#8541);
#7047=AXIS2_PLACEMENT_3D('',#12991,#8544,#8545);
#7048=AXIS2_PLACEMENT_3D('',#12993,#8547,#8548);
#7049=AXIS2_PLACEMENT_3D('',#12994,#8549,#8550);
#7050=AXIS2_PLACEMENT_3D('',#12995,#8551,#8552);
#7051=AXIS2_PLACEMENT_3D('',#13000,#8554,#8555);
#7052=AXIS2_PLACEMENT_3D('',#13003,#8557,#8558);
#7053=AXIS2_PLACEMENT_3D('',#13004,#8559,#8560);
#7054=AXIS2_PLACEMENT_3D('',#13011,#8561,#8562);
#7055=AXIS2_PLACEMENT_3D('',#13013,#8564,#8565);
#7056=AXIS2_PLACEMENT_3D('',#13023,#8571,#8572);
#7057=AXIS2_PLACEMENT_3D('',#13024,#8573,#8574);
#7058=AXIS2_PLACEMENT_3D('',#13025,#8575,#8576);
#7059=AXIS2_PLACEMENT_3D('',#13027,#8577,#8578);
#7060=AXIS2_PLACEMENT_3D('',#13042,#8579,#8580);
#7061=AXIS2_PLACEMENT_3D('',#13044,#8581,#8582);
#7062=AXIS2_PLACEMENT_3D('',#13046,#8583,#8584);
#7063=AXIS2_PLACEMENT_3D('',#13048,#8585,#8586);
#7064=AXIS2_PLACEMENT_3D('',#13050,#8587,#8588);
#7065=AXIS2_PLACEMENT_3D('',#13064,#8589,#8590);
#7066=AXIS2_PLACEMENT_3D('',#13065,#8591,#8592);
#7067=AXIS2_PLACEMENT_3D('',#13074,#8597,#8598);
#7068=AXIS2_PLACEMENT_3D('',#13080,#8602,#8603);
#7069=AXIS2_PLACEMENT_3D('',#13086,#8607,#8608);
#7070=AXIS2_PLACEMENT_3D('',#13092,#8612,#8613);
#7071=AXIS2_PLACEMENT_3D('',#13098,#8617,#8618);
#7072=AXIS2_PLACEMENT_3D('',#13101,#8621,#8622);
#7073=AXIS2_PLACEMENT_3D('',#13102,#8623,#8624);
#7074=AXIS2_PLACEMENT_3D('',#13103,#8625,#8626);
#7075=AXIS2_PLACEMENT_3D('',#13104,#8627,#8628);
#7076=AXIS2_PLACEMENT_3D('',#13106,#8630,#8631);
#7077=AXIS2_PLACEMENT_3D('',#13109,#8634,#8635);
#7078=AXIS2_PLACEMENT_3D('',#13111,#8637,#8638);
#7079=AXIS2_PLACEMENT_3D('',#13112,#8639,#8640);
#7080=AXIS2_PLACEMENT_3D('',#13113,#8641,#8642);
#7081=AXIS2_PLACEMENT_3D('',#13118,#8644,#8645);
#7082=AXIS2_PLACEMENT_3D('',#13121,#8647,#8648);
#7083=AXIS2_PLACEMENT_3D('',#13122,#8649,#8650);
#7084=AXIS2_PLACEMENT_3D('',#13129,#8651,#8652);
#7085=AXIS2_PLACEMENT_3D('',#13131,#8654,#8655);
#7086=AXIS2_PLACEMENT_3D('',#13141,#8661,#8662);
#7087=AXIS2_PLACEMENT_3D('',#13142,#8663,#8664);
#7088=AXIS2_PLACEMENT_3D('',#13143,#8665,#8666);
#7089=AXIS2_PLACEMENT_3D('',#13145,#8667,#8668);
#7090=AXIS2_PLACEMENT_3D('',#13160,#8669,#8670);
#7091=AXIS2_PLACEMENT_3D('',#13162,#8671,#8672);
#7092=AXIS2_PLACEMENT_3D('',#13164,#8673,#8674);
#7093=AXIS2_PLACEMENT_3D('',#13166,#8675,#8676);
#7094=AXIS2_PLACEMENT_3D('',#13168,#8677,#8678);
#7095=AXIS2_PLACEMENT_3D('',#13182,#8679,#8680);
#7096=AXIS2_PLACEMENT_3D('',#13183,#8681,#8682);
#7097=AXIS2_PLACEMENT_3D('',#13192,#8687,#8688);
#7098=AXIS2_PLACEMENT_3D('',#13198,#8692,#8693);
#7099=AXIS2_PLACEMENT_3D('',#13204,#8697,#8698);
#7100=AXIS2_PLACEMENT_3D('',#13210,#8702,#8703);
#7101=AXIS2_PLACEMENT_3D('',#13216,#8707,#8708);
#7102=AXIS2_PLACEMENT_3D('',#13219,#8711,#8712);
#7103=AXIS2_PLACEMENT_3D('',#13220,#8713,#8714);
#7104=AXIS2_PLACEMENT_3D('',#13221,#8715,#8716);
#7105=AXIS2_PLACEMENT_3D('',#13222,#8717,#8718);
#7106=AXIS2_PLACEMENT_3D('',#13224,#8720,#8721);
#7107=AXIS2_PLACEMENT_3D('',#13227,#8724,#8725);
#7108=AXIS2_PLACEMENT_3D('',#13229,#8727,#8728);
#7109=AXIS2_PLACEMENT_3D('',#13230,#8729,#8730);
#7110=AXIS2_PLACEMENT_3D('',#13231,#8731,#8732);
#7111=AXIS2_PLACEMENT_3D('',#13232,#8733,#8734);
#7112=AXIS2_PLACEMENT_3D('',#13235,#8735,#8736);
#7113=AXIS2_PLACEMENT_3D('',#13239,#8738,#8739);
#7114=AXIS2_PLACEMENT_3D('',#13241,#8741,#8742);
#7115=AXIS2_PLACEMENT_3D('',#13247,#8746,#8747);
#7116=AXIS2_PLACEMENT_3D('',#13249,#8748,#8749);
#7117=AXIS2_PLACEMENT_3D('',#13252,#8751,#8752);
#7118=AXIS2_PLACEMENT_3D('',#13253,#8753,#8754);
#7119=AXIS2_PLACEMENT_3D('',#13255,#8755,#8756);
#7120=AXIS2_PLACEMENT_3D('',#13258,#8758,#8759);
#7121=AXIS2_PLACEMENT_3D('',#13259,#8760,#8761);
#7122=AXIS2_PLACEMENT_3D('',#13261,#8762,#8763);
#7123=AXIS2_PLACEMENT_3D('',#13264,#8765,#8766);
#7124=AXIS2_PLACEMENT_3D('',#13265,#8767,#8768);
#7125=AXIS2_PLACEMENT_3D('',#13271,#8772,#8773);
#7126=AXIS2_PLACEMENT_3D('',#13273,#8774,#8775);
#7127=AXIS2_PLACEMENT_3D('',#13276,#8777,#8778);
#7128=AXIS2_PLACEMENT_3D('',#13277,#8779,#8780);
#7129=AXIS2_PLACEMENT_3D('',#13279,#8781,#8782);
#7130=AXIS2_PLACEMENT_3D('',#13282,#8784,#8785);
#7131=AXIS2_PLACEMENT_3D('',#13283,#8786,#8787);
#7132=AXIS2_PLACEMENT_3D('',#13285,#8788,#8789);
#7133=AXIS2_PLACEMENT_3D('',#13288,#8791,#8792);
#7134=AXIS2_PLACEMENT_3D('',#13289,#8793,#8794);
#7135=AXIS2_PLACEMENT_3D('',#13295,#8798,#8799);
#7136=AXIS2_PLACEMENT_3D('',#13297,#8800,#8801);
#7137=AXIS2_PLACEMENT_3D('',#13300,#8803,#8804);
#7138=AXIS2_PLACEMENT_3D('',#13301,#8805,#8806);
#7139=AXIS2_PLACEMENT_3D('',#13303,#8807,#8808);
#7140=AXIS2_PLACEMENT_3D('',#13306,#8810,#8811);
#7141=AXIS2_PLACEMENT_3D('',#13307,#8812,#8813);
#7142=AXIS2_PLACEMENT_3D('',#13309,#8814,#8815);
#7143=AXIS2_PLACEMENT_3D('',#13312,#8817,#8818);
#7144=AXIS2_PLACEMENT_3D('',#13313,#8819,#8820);
#7145=AXIS2_PLACEMENT_3D('',#13319,#8824,#8825);
#7146=AXIS2_PLACEMENT_3D('',#13321,#8826,#8827);
#7147=AXIS2_PLACEMENT_3D('',#13324,#8829,#8830);
#7148=AXIS2_PLACEMENT_3D('',#13325,#8831,#8832);
#7149=AXIS2_PLACEMENT_3D('',#13331,#8836,#8837);
#7150=AXIS2_PLACEMENT_3D('',#13333,#8838,#8839);
#7151=AXIS2_PLACEMENT_3D('',#13336,#8841,#8842);
#7152=AXIS2_PLACEMENT_3D('',#13337,#8843,#8844);
#7153=AXIS2_PLACEMENT_3D('',#13339,#8845,#8846);
#7154=AXIS2_PLACEMENT_3D('',#13342,#8848,#8849);
#7155=AXIS2_PLACEMENT_3D('',#13343,#8850,#8851);
#7156=AXIS2_PLACEMENT_3D('',#13345,#8852,#8853);
#7157=AXIS2_PLACEMENT_3D('',#13348,#8855,#8856);
#7158=AXIS2_PLACEMENT_3D('',#13349,#8857,#8858);
#7159=AXIS2_PLACEMENT_3D('',#13355,#8862,#8863);
#7160=AXIS2_PLACEMENT_3D('',#13357,#8864,#8865);
#7161=AXIS2_PLACEMENT_3D('',#13360,#8867,#8868);
#7162=AXIS2_PLACEMENT_3D('',#13361,#8869,#8870);
#7163=AXIS2_PLACEMENT_3D('',#13363,#8871,#8872);
#7164=AXIS2_PLACEMENT_3D('',#13366,#8874,#8875);
#7165=AXIS2_PLACEMENT_3D('',#13367,#8876,#8877);
#7166=AXIS2_PLACEMENT_3D('',#13369,#8878,#8879);
#7167=AXIS2_PLACEMENT_3D('',#13372,#8881,#8882);
#7168=AXIS2_PLACEMENT_3D('',#13373,#8883,#8884);
#7169=AXIS2_PLACEMENT_3D('',#13379,#8888,#8889);
#7170=AXIS2_PLACEMENT_3D('',#13381,#8890,#8891);
#7171=AXIS2_PLACEMENT_3D('',#13384,#8893,#8894);
#7172=AXIS2_PLACEMENT_3D('',#13385,#8895,#8896);
#7173=AXIS2_PLACEMENT_3D('',#13387,#8897,#8898);
#7174=AXIS2_PLACEMENT_3D('',#13390,#8900,#8901);
#7175=AXIS2_PLACEMENT_3D('',#13391,#8902,#8903);
#7176=AXIS2_PLACEMENT_3D('',#13393,#8904,#8905);
#7177=AXIS2_PLACEMENT_3D('',#13396,#8907,#8908);
#7178=AXIS2_PLACEMENT_3D('',#13397,#8909,#8910);
#7179=AXIS2_PLACEMENT_3D('',#13403,#8914,#8915);
#7180=AXIS2_PLACEMENT_3D('',#13405,#8916,#8917);
#7181=AXIS2_PLACEMENT_3D('',#13408,#8919,#8920);
#7182=AXIS2_PLACEMENT_3D('',#13409,#8921,#8922);
#7183=AXIS2_PLACEMENT_3D('',#13411,#8923,#8924);
#7184=AXIS2_PLACEMENT_3D('',#13414,#8926,#8927);
#7185=AXIS2_PLACEMENT_3D('',#13415,#8928,#8929);
#7186=AXIS2_PLACEMENT_3D('',#13417,#8930,#8931);
#7187=AXIS2_PLACEMENT_3D('',#13420,#8933,#8934);
#7188=AXIS2_PLACEMENT_3D('',#13421,#8935,#8936);
#7189=AXIS2_PLACEMENT_3D('',#13427,#8940,#8941);
#7190=AXIS2_PLACEMENT_3D('',#13429,#8942,#8943);
#7191=AXIS2_PLACEMENT_3D('',#13432,#8945,#8946);
#7192=AXIS2_PLACEMENT_3D('',#13433,#8947,#8948);
#7193=AXIS2_PLACEMENT_3D('',#13435,#8949,#8950);
#7194=AXIS2_PLACEMENT_3D('',#13438,#8952,#8953);
#7195=AXIS2_PLACEMENT_3D('',#13439,#8954,#8955);
#7196=AXIS2_PLACEMENT_3D('',#13441,#8956,#8957);
#7197=AXIS2_PLACEMENT_3D('',#13444,#8959,#8960);
#7198=AXIS2_PLACEMENT_3D('',#13445,#8961,#8962);
#7199=AXIS2_PLACEMENT_3D('',#13451,#8966,#8967);
#7200=AXIS2_PLACEMENT_3D('',#13453,#8968,#8969);
#7201=AXIS2_PLACEMENT_3D('',#13456,#8971,#8972);
#7202=AXIS2_PLACEMENT_3D('',#13457,#8973,#8974);
#7203=AXIS2_PLACEMENT_3D('',#13458,#8975,#8976);
#7204=AXIS2_PLACEMENT_3D('',#13459,#8977,#8978);
#7205=AXIS2_PLACEMENT_3D('',#13460,#8979,#8980);
#7206=AXIS2_PLACEMENT_3D('',#13461,#8981,#8982);
#7207=AXIS2_PLACEMENT_3D('',#13462,#8983,#8984);
#7208=AXIS2_PLACEMENT_3D('',#13465,#8985,#8986);
#7209=AXIS2_PLACEMENT_3D('',#13469,#8988,#8989);
#7210=AXIS2_PLACEMENT_3D('',#13471,#8991,#8992);
#7211=AXIS2_PLACEMENT_3D('',#13474,#8993,#8994);
#7212=AXIS2_PLACEMENT_3D('',#13478,#8996,#8997);
#7213=AXIS2_PLACEMENT_3D('',#13480,#8999,#9000);
#7214=AXIS2_PLACEMENT_3D('',#13486,#9004,#9005);
#7215=AXIS2_PLACEMENT_3D('',#13488,#9006,#9007);
#7216=AXIS2_PLACEMENT_3D('',#13491,#9009,#9010);
#7217=AXIS2_PLACEMENT_3D('',#13492,#9011,#9012);
#7218=AXIS2_PLACEMENT_3D('',#13494,#9013,#9014);
#7219=AXIS2_PLACEMENT_3D('',#13497,#9016,#9017);
#7220=AXIS2_PLACEMENT_3D('',#13498,#9018,#9019);
#7221=AXIS2_PLACEMENT_3D('',#13500,#9020,#9021);
#7222=AXIS2_PLACEMENT_3D('',#13503,#9023,#9024);
#7223=AXIS2_PLACEMENT_3D('',#13504,#9025,#9026);
#7224=AXIS2_PLACEMENT_3D('',#13510,#9030,#9031);
#7225=AXIS2_PLACEMENT_3D('',#13512,#9032,#9033);
#7226=AXIS2_PLACEMENT_3D('',#13515,#9035,#9036);
#7227=AXIS2_PLACEMENT_3D('',#13516,#9037,#9038);
#7228=AXIS2_PLACEMENT_3D('',#13518,#9039,#9040);
#7229=AXIS2_PLACEMENT_3D('',#13521,#9042,#9043);
#7230=AXIS2_PLACEMENT_3D('',#13522,#9044,#9045);
#7231=AXIS2_PLACEMENT_3D('',#13524,#9046,#9047);
#7232=AXIS2_PLACEMENT_3D('',#13527,#9049,#9050);
#7233=AXIS2_PLACEMENT_3D('',#13528,#9051,#9052);
#7234=AXIS2_PLACEMENT_3D('',#13534,#9056,#9057);
#7235=AXIS2_PLACEMENT_3D('',#13536,#9058,#9059);
#7236=AXIS2_PLACEMENT_3D('',#13539,#9061,#9062);
#7237=AXIS2_PLACEMENT_3D('',#13540,#9063,#9064);
#7238=AXIS2_PLACEMENT_3D('',#13542,#9065,#9066);
#7239=AXIS2_PLACEMENT_3D('',#13545,#9068,#9069);
#7240=AXIS2_PLACEMENT_3D('',#13546,#9070,#9071);
#7241=AXIS2_PLACEMENT_3D('',#13548,#9072,#9073);
#7242=AXIS2_PLACEMENT_3D('',#13551,#9075,#9076);
#7243=AXIS2_PLACEMENT_3D('',#13552,#9077,#9078);
#7244=AXIS2_PLACEMENT_3D('',#13558,#9082,#9083);
#7245=AXIS2_PLACEMENT_3D('',#13560,#9084,#9085);
#7246=AXIS2_PLACEMENT_3D('',#13563,#9087,#9088);
#7247=AXIS2_PLACEMENT_3D('',#13564,#9089,#9090);
#7248=AXIS2_PLACEMENT_3D('',#13566,#9091,#9092);
#7249=AXIS2_PLACEMENT_3D('',#13569,#9094,#9095);
#7250=AXIS2_PLACEMENT_3D('',#13570,#9096,#9097);
#7251=AXIS2_PLACEMENT_3D('',#13572,#9098,#9099);
#7252=AXIS2_PLACEMENT_3D('',#13575,#9101,#9102);
#7253=AXIS2_PLACEMENT_3D('',#13576,#9103,#9104);
#7254=AXIS2_PLACEMENT_3D('',#13582,#9108,#9109);
#7255=AXIS2_PLACEMENT_3D('',#13584,#9110,#9111);
#7256=AXIS2_PLACEMENT_3D('',#13587,#9113,#9114);
#7257=AXIS2_PLACEMENT_3D('',#13588,#9115,#9116);
#7258=AXIS2_PLACEMENT_3D('',#13590,#9117,#9118);
#7259=AXIS2_PLACEMENT_3D('',#13593,#9120,#9121);
#7260=AXIS2_PLACEMENT_3D('',#13594,#9122,#9123);
#7261=AXIS2_PLACEMENT_3D('',#13596,#9124,#9125);
#7262=AXIS2_PLACEMENT_3D('',#13599,#9127,#9128);
#7263=AXIS2_PLACEMENT_3D('',#13600,#9129,#9130);
#7264=AXIS2_PLACEMENT_3D('',#13606,#9134,#9135);
#7265=AXIS2_PLACEMENT_3D('',#13608,#9136,#9137);
#7266=AXIS2_PLACEMENT_3D('',#13611,#9139,#9140);
#7267=AXIS2_PLACEMENT_3D('',#13612,#9141,#9142);
#7268=AXIS2_PLACEMENT_3D('',#13614,#9143,#9144);
#7269=AXIS2_PLACEMENT_3D('',#13617,#9146,#9147);
#7270=AXIS2_PLACEMENT_3D('',#13618,#9148,#9149);
#7271=AXIS2_PLACEMENT_3D('',#13624,#9153,#9154);
#7272=AXIS2_PLACEMENT_3D('',#13626,#9155,#9156);
#7273=AXIS2_PLACEMENT_3D('',#13629,#9158,#9159);
#7274=AXIS2_PLACEMENT_3D('',#13630,#9160,#9161);
#7275=AXIS2_PLACEMENT_3D('',#13632,#9162,#9163);
#7276=AXIS2_PLACEMENT_3D('',#13635,#9165,#9166);
#7277=AXIS2_PLACEMENT_3D('',#13636,#9167,#9168);
#7278=AXIS2_PLACEMENT_3D('',#13638,#9169,#9170);
#7279=AXIS2_PLACEMENT_3D('',#13641,#9172,#9173);
#7280=AXIS2_PLACEMENT_3D('',#13642,#9174,#9175);
#7281=AXIS2_PLACEMENT_3D('',#13648,#9179,#9180);
#7282=AXIS2_PLACEMENT_3D('',#13649,#9181,#9182);
#7283=AXIS2_PLACEMENT_3D('',#13650,#9183,#9184);
#7284=AXIS2_PLACEMENT_3D('',#13651,#9185,#9186);
#7285=AXIS2_PLACEMENT_3D('',#13653,#9187,#9188);
#7286=AXIS2_PLACEMENT_3D('',#13656,#9190,#9191);
#7287=AXIS2_PLACEMENT_3D('',#13657,#9192,#9193);
#7288=AXIS2_PLACEMENT_3D('',#13660,#9196,#9197);
#7289=AXIS2_PLACEMENT_3D('',#13661,#9198,#9199);
#7290=AXIS2_PLACEMENT_3D('',#13662,#9200,#9201);
#7291=AXIS2_PLACEMENT_3D('',#13663,#9202,#9203);
#7292=AXIS2_PLACEMENT_3D('',#13664,#9204,#9205);
#7293=AXIS2_PLACEMENT_3D('',#13665,#9206,#9207);
#7294=AXIS2_PLACEMENT_3D('',#13666,#9208,#9209);
#7295=AXIS2_PLACEMENT_3D('',#13667,#9210,#9211);
#7296=AXIS2_PLACEMENT_3D('',#13668,#9212,#9213);
#7297=AXIS2_PLACEMENT_3D('',#13669,#9214,#9215);
#7298=AXIS2_PLACEMENT_3D('',#13670,#9216,#9217);
#7299=AXIS2_PLACEMENT_3D('',#13671,#9218,#9219);
#7300=AXIS2_PLACEMENT_3D('',#13672,#9220,#9221);
#7301=AXIS2_PLACEMENT_3D('',#13673,#9222,#9223);
#7302=DIRECTION('axis',(0.,0.,1.));
#7303=DIRECTION('refdir',(1.,0.,0.));
#7304=DIRECTION('axis',(0.,0.,1.));
#7305=DIRECTION('refdir',(1.,0.,0.));
#7306=DIRECTION('center_axis',(-1.,-2.66453525910037E-14,2.95822839457879E-29));
#7307=DIRECTION('ref_axis',(0.,-1.11022302462516E-15,-1.));
#7308=DIRECTION('center_axis',(0.,-1.,0.));
#7309=DIRECTION('ref_axis',(-1.,0.,0.));
#7310=DIRECTION('center_axis',(-1.,-1.74723623547566E-16,0.));
#7311=DIRECTION('ref_axis',(0.,-0.707106781186548,-0.707106781186547));
#7312=DIRECTION('center_axis',(-1.,0.,0.));
#7313=DIRECTION('ref_axis',(0.,0.,-1.));
#7314=DIRECTION('',(-1.,-1.74723623547566E-16,0.));
#7315=DIRECTION('',(1.,1.74723623547566E-16,0.));
#7316=DIRECTION('center_axis',(3.55271367880045E-14,-1.,0.));
#7317=DIRECTION('ref_axis',(0.,0.,-1.));
#7318=DIRECTION('center_axis',(4.65929662793508E-16,-1.,0.));
#7319=DIRECTION('ref_axis',(0.707106781186553,0.,-0.707106781186542));
#7320=DIRECTION('center_axis',(0.,-1.,0.));
#7321=DIRECTION('ref_axis',(0.,0.,-1.));
#7322=DIRECTION('',(4.65929662793508E-16,-1.,0.));
#7323=DIRECTION('',(-4.65929662793508E-16,1.,0.));
#7324=DIRECTION('center_axis',(1.,3.55271367880045E-14,0.));
#7325=DIRECTION('ref_axis',(0.,0.,-1.));
#7326=DIRECTION('center_axis',(1.,3.49447247095131E-16,0.));
#7327=DIRECTION('ref_axis',(0.,0.707106781186553,-0.707106781186542));
#7328=DIRECTION('center_axis',(1.,0.,0.));
#7329=DIRECTION('ref_axis',(0.,0.,-1.));
#7330=DIRECTION('',(1.,3.49447247095131E-16,0.));
#7331=DIRECTION('',(-1.,-3.49447247095131E-16,0.));
#7332=DIRECTION('center_axis',(1.4210854715202E-13,1.,0.));
#7333=DIRECTION('ref_axis',(0.,0.,-1.));
#7334=DIRECTION('center_axis',(3.64007549057428E-18,1.,0.));
#7335=DIRECTION('ref_axis',(-0.707106781186546,0.,-0.707106781186549));
#7336=DIRECTION('',(-3.64007549057428E-18,-1.,0.));
#7337=DIRECTION('',(3.64007549057428E-18,1.,0.));
#7338=DIRECTION('center_axis',(3.49447247095131E-16,-1.,0.));
#7339=DIRECTION('ref_axis',(-1.,-3.49447247095131E-16,0.));
#7340=DIRECTION('',(0.,0.,-1.));
#7341=DIRECTION('',(-1.,-3.49447247095131E-16,0.));
#7342=DIRECTION('',(0.,0.,1.));
#7343=DIRECTION('',(0.,0.,1.));
#7344=DIRECTION('center_axis',(1.,-3.64007549057428E-18,0.));
#7345=DIRECTION('ref_axis',(-3.64007549057428E-18,-1.,0.));
#7346=DIRECTION('',(0.,0.,-1.));
#7347=DIRECTION('',(-3.64007549057428E-18,-1.,0.));
#7348=DIRECTION('',(0.,0.,1.));
#7349=DIRECTION('center_axis',(0.,0.,1.));
#7350=DIRECTION('ref_axis',(1.,0.,0.));
#7351=DIRECTION('center_axis',(0.,0.,-1.));
#7352=DIRECTION('ref_axis',(1.,0.,0.));
#7353=DIRECTION('center_axis',(0.,0.,-1.));
#7354=DIRECTION('ref_axis',(1.,0.,0.));
#7355=DIRECTION('center_axis',(0.,0.,-1.));
#7356=DIRECTION('ref_axis',(1.,0.,0.));
#7357=DIRECTION('center_axis',(0.,0.,-1.));
#7358=DIRECTION('ref_axis',(1.,0.,0.));
#7359=DIRECTION('center_axis',(0.,0.,-1.));
#7360=DIRECTION('ref_axis',(1.,0.,0.));
#7361=DIRECTION('center_axis',(0.,0.,-1.));
#7362=DIRECTION('ref_axis',(1.,0.,0.));
#7363=DIRECTION('center_axis',(0.,0.,-1.));
#7364=DIRECTION('ref_axis',(1.,0.,0.));
#7365=DIRECTION('center_axis',(0.,0.,-1.));
#7366=DIRECTION('ref_axis',(1.,0.,0.));
#7367=DIRECTION('center_axis',(0.,0.,-1.));
#7368=DIRECTION('ref_axis',(1.,0.,0.));
#7369=DIRECTION('center_axis',(1.,3.5527136788005E-14,3.94430452610506E-29));
#7370=DIRECTION('ref_axis',(0.,-1.11022302462516E-15,1.));
#7371=DIRECTION('center_axis',(-1.77635683940029E-14,-1.,0.));
#7372=DIRECTION('ref_axis',(1.,-1.77635683940029E-14,0.));
#7373=DIRECTION('center_axis',(1.,1.74723623547566E-16,0.));
#7374=DIRECTION('ref_axis',(0.,-0.707106781186548,0.707106781186548));
#7375=DIRECTION('center_axis',(1.,0.,0.));
#7376=DIRECTION('ref_axis',(0.,0.,1.));
#7377=DIRECTION('',(1.,1.74723623547566E-16,0.));
#7378=DIRECTION('',(-1.,-1.74723623547566E-16,0.));
#7379=DIRECTION('center_axis',(8.88178419700126E-15,-1.,9.86076131526265E-30));
#7380=DIRECTION('ref_axis',(-1.11022302462516E-15,0.,1.));
#7381=DIRECTION('center_axis',(-3.64007549057428E-18,-1.,0.));
#7382=DIRECTION('ref_axis',(-0.707106781186546,0.,0.707106781186549));
#7383=DIRECTION('center_axis',(0.,-1.,0.));
#7384=DIRECTION('ref_axis',(0.,0.,1.));
#7385=DIRECTION('',(3.64007549057428E-18,1.,0.));
#7386=DIRECTION('center_axis',(-1.,-8.88178419700144E-15,0.));
#7387=DIRECTION('ref_axis',(0.,0.,1.));
#7388=DIRECTION('center_axis',(-1.,-3.49447247095131E-16,0.));
#7389=DIRECTION('ref_axis',(0.,0.707106781186552,0.707106781186543));
#7390=DIRECTION('center_axis',(-1.,0.,0.));
#7391=DIRECTION('ref_axis',(0.,0.,1.));
#7392=DIRECTION('',(1.,3.49447247095131E-16,0.));
#7393=DIRECTION('center_axis',(0.,1.,0.));
#7394=DIRECTION('ref_axis',(0.,0.,1.));
#7395=DIRECTION('center_axis',(-4.65929662793508E-16,1.,0.));
#7396=DIRECTION('ref_axis',(0.707106781186552,0.,0.707106781186543));
#7397=DIRECTION('',(4.65929662793508E-16,-1.,0.));
#7398=DIRECTION('',(-4.65929662793508E-16,1.,0.));
#7399=DIRECTION('',(0.,0.,-1.));
#7400=DIRECTION('center_axis',(-1.,-4.65929662793508E-16,0.));
#7401=DIRECTION('ref_axis',(-4.65929662793508E-16,1.,0.));
#7402=DIRECTION('',(0.,0.,1.));
#7403=DIRECTION('',(0.,0.,-1.));
#7404=DIRECTION('center_axis',(0.,0.,1.));
#7405=DIRECTION('ref_axis',(1.,0.,0.));
#7406=DIRECTION('center_axis',(0.,0.,1.));
#7407=DIRECTION('ref_axis',(-1.,0.,0.));
#7408=DIRECTION('center_axis',(0.,0.,1.));
#7409=DIRECTION('ref_axis',(-1.,0.,0.));
#7410=DIRECTION('center_axis',(0.,0.,1.));
#7411=DIRECTION('ref_axis',(-1.,0.,0.));
#7412=DIRECTION('center_axis',(0.,0.,1.));
#7413=DIRECTION('ref_axis',(-1.,0.,0.));
#7414=DIRECTION('center_axis',(0.,0.,1.));
#7415=DIRECTION('ref_axis',(-1.,0.,0.));
#7416=DIRECTION('center_axis',(0.,0.,-1.));
#7417=DIRECTION('ref_axis',(1.,0.,0.));
#7418=DIRECTION('center_axis',(0.,0.,-1.));
#7419=DIRECTION('ref_axis',(1.,0.,0.));
#7420=DIRECTION('center_axis',(0.,0.,-1.));
#7421=DIRECTION('ref_axis',(1.,0.,0.));
#7422=DIRECTION('center_axis',(0.,0.,-1.));
#7423=DIRECTION('ref_axis',(1.,0.,0.));
#7424=DIRECTION('center_axis',(0.,0.,-1.));
#7425=DIRECTION('ref_axis',(1.,0.,0.));
#7426=DIRECTION('center_axis',(0.,0.,-1.));
#7427=DIRECTION('ref_axis',(1.,0.,0.));
#7428=DIRECTION('center_axis',(0.,0.,-1.));
#7429=DIRECTION('ref_axis',(1.,0.,0.));
#7430=DIRECTION('center_axis',(0.,0.,-1.));
#7431=DIRECTION('ref_axis',(1.,0.,0.));
#7432=DIRECTION('center_axis',(0.,0.,-1.));
#7433=DIRECTION('ref_axis',(1.,0.,0.));
#7434=DIRECTION('center_axis',(0.,0.,-1.));
#7435=DIRECTION('ref_axis',(1.,0.,0.));
#7436=DIRECTION('center_axis',(0.,0.,-1.));
#7437=DIRECTION('ref_axis',(1.,0.,0.));
#7438=DIRECTION('center_axis',(0.,0.,-1.));
#7439=DIRECTION('ref_axis',(1.,0.,0.));
#7440=DIRECTION('center_axis',(0.,0.,1.));
#7441=DIRECTION('ref_axis',(-1.,0.,0.));
#7442=DIRECTION('center_axis',(0.,0.,1.));
#7443=DIRECTION('ref_axis',(-1.,0.,0.));
#7444=DIRECTION('center_axis',(0.,0.,1.));
#7445=DIRECTION('ref_axis',(-1.,0.,0.));
#7446=DIRECTION('center_axis',(0.,0.,1.));
#7447=DIRECTION('ref_axis',(-1.,0.,0.));
#7448=DIRECTION('center_axis',(0.,0.,1.));
#7449=DIRECTION('ref_axis',(-1.,0.,0.));
#7450=DIRECTION('',(-0.707106781186549,-8.65956056235496E-17,-0.707106781186546));
#7451=DIRECTION('center_axis',(0.,0.,-1.));
#7452=DIRECTION('ref_axis',(-1.,0.,0.));
#7453=DIRECTION('center_axis',(0.,0.,-1.));
#7454=DIRECTION('ref_axis',(-1.,0.,0.));
#7455=DIRECTION('center_axis',(0.,0.,-1.));
#7456=DIRECTION('ref_axis',(1.,0.,0.));
#7457=DIRECTION('',(0.,0.,-1.));
#7458=DIRECTION('center_axis',(0.,0.,1.));
#7459=DIRECTION('ref_axis',(1.,0.,0.));
#7460=DIRECTION('center_axis',(0.,0.,1.));
#7461=DIRECTION('ref_axis',(-1.,0.,0.));
#7462=DIRECTION('',(-0.707106781186549,-8.65956056235496E-17,-0.707106781186546));
#7463=DIRECTION('center_axis',(0.,0.,-1.));
#7464=DIRECTION('ref_axis',(-1.,0.,0.));
#7465=DIRECTION('center_axis',(0.,0.,-1.));
#7466=DIRECTION('ref_axis',(-1.,0.,0.));
#7467=DIRECTION('center_axis',(0.,0.,-1.));
#7468=DIRECTION('ref_axis',(1.,0.,0.));
#7469=DIRECTION('',(0.,0.,-1.));
#7470=DIRECTION('center_axis',(0.,0.,1.));
#7471=DIRECTION('ref_axis',(1.,0.,0.));
#7472=DIRECTION('center_axis',(0.,0.,1.));
#7473=DIRECTION('ref_axis',(-1.,0.,0.));
#7474=DIRECTION('',(-0.707106781186549,-8.65956056235496E-17,-0.707106781186546));
#7475=DIRECTION('center_axis',(0.,0.,-1.));
#7476=DIRECTION('ref_axis',(-1.,0.,0.));
#7477=DIRECTION('center_axis',(0.,0.,-1.));
#7478=DIRECTION('ref_axis',(-1.,0.,0.));
#7479=DIRECTION('center_axis',(0.,0.,-1.));
#7480=DIRECTION('ref_axis',(1.,0.,0.));
#7481=DIRECTION('',(0.,0.,-1.));
#7482=DIRECTION('center_axis',(0.,0.,1.));
#7483=DIRECTION('ref_axis',(1.,0.,0.));
#7484=DIRECTION('center_axis',(0.,0.,1.));
#7485=DIRECTION('ref_axis',(-1.,0.,0.));
#7486=DIRECTION('',(-0.707106781186547,-8.65956056235493E-17,-0.707106781186548));
#7487=DIRECTION('center_axis',(0.,0.,-1.));
#7488=DIRECTION('ref_axis',(-1.,0.,0.));
#7489=DIRECTION('center_axis',(0.,0.,-1.));
#7490=DIRECTION('ref_axis',(-1.,0.,0.));
#7491=DIRECTION('center_axis',(0.,0.,-1.));
#7492=DIRECTION('ref_axis',(1.,0.,0.));
#7493=DIRECTION('',(0.,0.,-1.));
#7494=DIRECTION('center_axis',(0.,0.,1.));
#7495=DIRECTION('ref_axis',(1.,0.,0.));
#7496=DIRECTION('center_axis',(0.,0.,1.));
#7497=DIRECTION('ref_axis',(-1.,0.,0.));
#7498=DIRECTION('',(-0.707106781186547,-8.65956056235493E-17,-0.707106781186548));
#7499=DIRECTION('center_axis',(0.,0.,-1.));
#7500=DIRECTION('ref_axis',(-1.,0.,0.));
#7501=DIRECTION('center_axis',(0.,0.,-1.));
#7502=DIRECTION('ref_axis',(-1.,0.,0.));
#7503=DIRECTION('center_axis',(0.,0.,-1.));
#7504=DIRECTION('ref_axis',(1.,0.,0.));
#7505=DIRECTION('',(0.,0.,-1.));
#7506=DIRECTION('center_axis',(0.,0.,1.));
#7507=DIRECTION('ref_axis',(1.,0.,0.));
#7508=DIRECTION('center_axis',(0.,0.,1.));
#7509=DIRECTION('ref_axis',(-1.,0.,0.));
#7510=DIRECTION('',(-0.707106781186547,-8.65956056235493E-17,-0.707106781186548));
#7511=DIRECTION('center_axis',(0.,0.,-1.));
#7512=DIRECTION('ref_axis',(-1.,0.,0.));
#7513=DIRECTION('center_axis',(0.,0.,-1.));
#7514=DIRECTION('ref_axis',(-1.,0.,0.));
#7515=DIRECTION('center_axis',(0.,0.,-1.));
#7516=DIRECTION('ref_axis',(1.,0.,0.));
#7517=DIRECTION('',(0.,0.,-1.));
#7518=DIRECTION('center_axis',(0.,0.,1.));
#7519=DIRECTION('ref_axis',(1.,0.,0.));
#7520=DIRECTION('center_axis',(0.,0.,1.));
#7521=DIRECTION('ref_axis',(-1.,0.,0.));
#7522=DIRECTION('',(-0.707106781186547,-8.65956056235493E-17,-0.707106781186548));
#7523=DIRECTION('center_axis',(0.,0.,-1.));
#7524=DIRECTION('ref_axis',(-1.,0.,0.));
#7525=DIRECTION('center_axis',(0.,0.,-1.));
#7526=DIRECTION('ref_axis',(-1.,0.,0.));
#7527=DIRECTION('center_axis',(0.,0.,-1.));
#7528=DIRECTION('ref_axis',(1.,0.,0.));
#7529=DIRECTION('',(0.,0.,-1.));
#7530=DIRECTION('center_axis',(0.,0.,1.));
#7531=DIRECTION('ref_axis',(1.,0.,0.));
#7532=DIRECTION('center_axis',(0.,0.,1.));
#7533=DIRECTION('ref_axis',(-1.,0.,0.));
#7534=DIRECTION('',(-0.707106781186547,-8.65956056235493E-17,-0.707106781186548));
#7535=DIRECTION('center_axis',(0.,0.,-1.));
#7536=DIRECTION('ref_axis',(-1.,0.,0.));
#7537=DIRECTION('center_axis',(0.,0.,-1.));
#7538=DIRECTION('ref_axis',(-1.,0.,0.));
#7539=DIRECTION('center_axis',(0.,0.,-1.));
#7540=DIRECTION('ref_axis',(1.,0.,0.));
#7541=DIRECTION('',(0.,0.,-1.));
#7542=DIRECTION('center_axis',(0.,0.,1.));
#7543=DIRECTION('ref_axis',(1.,0.,0.));
#7544=DIRECTION('center_axis',(0.,0.,-1.));
#7545=DIRECTION('ref_axis',(1.,0.,0.));
#7546=DIRECTION('',(0.707106781186549,-8.65956056235496E-17,0.707106781186546));
#7547=DIRECTION('center_axis',(0.,0.,-1.));
#7548=DIRECTION('ref_axis',(1.,0.,0.));
#7549=DIRECTION('',(0.707106781186549,-8.65956056235496E-17,0.707106781186546));
#7550=DIRECTION('center_axis',(0.,0.,-1.));
#7551=DIRECTION('ref_axis',(1.,0.,0.));
#7552=DIRECTION('',(0.707106781186547,-8.65956056235493E-17,0.707106781186548));
#7553=DIRECTION('center_axis',(0.,0.,-1.));
#7554=DIRECTION('ref_axis',(1.,0.,0.));
#7555=DIRECTION('',(0.707106781186549,-8.65956056235496E-17,0.707106781186546));
#7556=DIRECTION('center_axis',(0.,0.,-1.));
#7557=DIRECTION('ref_axis',(1.,0.,0.));
#7558=DIRECTION('',(0.707106781186549,-8.65956056235496E-17,0.707106781186546));
#7559=DIRECTION('center_axis',(0.,0.,-1.));
#7560=DIRECTION('ref_axis',(1.,0.,0.));
#7561=DIRECTION('',(0.707106781186549,-8.65956056235496E-17,0.707106781186546));
#7562=DIRECTION('center_axis',(0.,0.,-1.));
#7563=DIRECTION('ref_axis',(1.,0.,0.));
#7564=DIRECTION('',(0.707106781186549,-8.65956056235496E-17,0.707106781186546));
#7565=DIRECTION('center_axis',(0.,0.,-1.));
#7566=DIRECTION('ref_axis',(1.,0.,0.));
#7567=DIRECTION('',(0.707106781186547,-8.65956056235493E-17,0.707106781186548));
#7568=DIRECTION('center_axis',(0.,0.,-1.));
#7569=DIRECTION('ref_axis',(1.,0.,0.));
#7570=DIRECTION('',(0.707106781186547,-8.65956056235493E-17,0.707106781186548));
#7571=DIRECTION('center_axis',(0.,0.,1.));
#7572=DIRECTION('ref_axis',(1.,0.,0.));
#7573=DIRECTION('center_axis',(0.,0.,-1.));
#7574=DIRECTION('ref_axis',(1.,0.,0.));
#7575=DIRECTION('center_axis',(0.,0.,-1.));
#7576=DIRECTION('ref_axis',(-1.,0.,0.));
#7577=DIRECTION('center_axis',(0.,0.,-1.));
#7578=DIRECTION('ref_axis',(-1.,0.,0.));
#7579=DIRECTION('',(0.,0.,-1.));
#7580=DIRECTION('center_axis',(0.,0.,1.));
#7581=DIRECTION('ref_axis',(-1.,0.,0.));
#7582=DIRECTION('',(-0.707106781186547,-8.65956056235493E-17,-0.707106781186548));
#7583=DIRECTION('center_axis',(-1.74723623547566E-16,1.,0.));
#7584=DIRECTION('ref_axis',(1.,1.74723623547566E-16,0.));
#7585=DIRECTION('center_axis',(0.,0.,-1.));
#7586=DIRECTION('ref_axis',(1.,0.,0.));
#7587=DIRECTION('',(0.,0.,-1.));
#7588=DIRECTION('center_axis',(0.,0.,-1.));
#7589=DIRECTION('ref_axis',(1.,0.,0.));
#7590=DIRECTION('center_axis',(0.,0.,1.));
#7591=DIRECTION('ref_axis',(1.,0.,0.));
#7592=DIRECTION('center_axis',(0.,0.,-1.));
#7593=DIRECTION('ref_axis',(1.,0.,0.));
#7594=DIRECTION('',(0.,0.,-1.));
#7595=DIRECTION('center_axis',(0.,0.,-1.));
#7596=DIRECTION('ref_axis',(1.,0.,0.));
#7597=DIRECTION('center_axis',(0.,0.,1.));
#7598=DIRECTION('ref_axis',(1.,0.,0.));
#7599=DIRECTION('center_axis',(0.,0.,-1.));
#7600=DIRECTION('ref_axis',(1.,0.,0.));
#7601=DIRECTION('',(0.,0.,-1.));
#7602=DIRECTION('center_axis',(0.,0.,-1.));
#7603=DIRECTION('ref_axis',(1.,0.,0.));
#7604=DIRECTION('center_axis',(0.,0.,1.));
#7605=DIRECTION('ref_axis',(1.,0.,0.));
#7606=DIRECTION('center_axis',(0.,0.,-1.));
#7607=DIRECTION('ref_axis',(1.,0.,0.));
#7608=DIRECTION('',(0.,0.,-1.));
#7609=DIRECTION('center_axis',(0.,0.,-1.));
#7610=DIRECTION('ref_axis',(1.,0.,0.));
#7611=DIRECTION('center_axis',(0.,0.,1.));
#7612=DIRECTION('ref_axis',(1.,0.,0.));
#7613=DIRECTION('center_axis',(0.,0.,-1.));
#7614=DIRECTION('ref_axis',(1.,0.,0.));
#7615=DIRECTION('',(0.,0.,-1.));
#7616=DIRECTION('center_axis',(0.,0.,-1.));
#7617=DIRECTION('ref_axis',(1.,0.,0.));
#7618=DIRECTION('center_axis',(0.,0.,1.));
#7619=DIRECTION('ref_axis',(1.,0.,0.));
#7620=DIRECTION('center_axis',(0.,0.,-1.));
#7621=DIRECTION('ref_axis',(1.,0.,0.));
#7622=DIRECTION('',(0.,0.,-1.));
#7623=DIRECTION('center_axis',(0.,0.,-1.));
#7624=DIRECTION('ref_axis',(1.,0.,0.));
#7625=DIRECTION('center_axis',(0.,0.,1.));
#7626=DIRECTION('ref_axis',(1.,0.,0.));
#7627=DIRECTION('center_axis',(0.,0.,-1.));
#7628=DIRECTION('ref_axis',(1.,0.,0.));
#7629=DIRECTION('',(0.,0.,-1.));
#7630=DIRECTION('center_axis',(0.,0.,-1.));
#7631=DIRECTION('ref_axis',(1.,0.,0.));
#7632=DIRECTION('center_axis',(0.,0.,1.));
#7633=DIRECTION('ref_axis',(1.,0.,0.));
#7634=DIRECTION('center_axis',(0.,0.,-1.));
#7635=DIRECTION('ref_axis',(1.,0.,0.));
#7636=DIRECTION('',(0.,0.,-1.));
#7637=DIRECTION('center_axis',(0.,0.,-1.));
#7638=DIRECTION('ref_axis',(1.,0.,0.));
#7639=DIRECTION('center_axis',(0.,0.,1.));
#7640=DIRECTION('ref_axis',(1.,0.,0.));
#7641=DIRECTION('center_axis',(0.,0.,-1.));
#7642=DIRECTION('ref_axis',(1.,0.,0.));
#7643=DIRECTION('',(0.,0.,-1.));
#7644=DIRECTION('center_axis',(0.,0.,-1.));
#7645=DIRECTION('ref_axis',(1.,0.,0.));
#7646=DIRECTION('center_axis',(0.,0.,1.));
#7647=DIRECTION('ref_axis',(1.,0.,0.));
#7648=DIRECTION('center_axis',(0.,0.,-1.));
#7649=DIRECTION('ref_axis',(1.,0.,0.));
#7650=DIRECTION('',(0.,0.,-1.));
#7651=DIRECTION('center_axis',(0.,0.,-1.));
#7652=DIRECTION('ref_axis',(1.,0.,0.));
#7653=DIRECTION('center_axis',(0.,0.,1.));
#7654=DIRECTION('ref_axis',(1.,0.,0.));
#7655=DIRECTION('center_axis',(0.,0.,-1.));
#7656=DIRECTION('ref_axis',(1.,0.,0.));
#7657=DIRECTION('',(0.,0.,-1.));
#7658=DIRECTION('center_axis',(0.,0.,-1.));
#7659=DIRECTION('ref_axis',(1.,0.,0.));
#7660=DIRECTION('center_axis',(0.,0.,1.));
#7661=DIRECTION('ref_axis',(1.,0.,0.));
#7662=DIRECTION('center_axis',(0.,0.,-1.));
#7663=DIRECTION('ref_axis',(1.,0.,0.));
#7664=DIRECTION('',(0.,0.,-1.));
#7665=DIRECTION('center_axis',(0.,0.,-1.));
#7666=DIRECTION('ref_axis',(1.,0.,0.));
#7667=DIRECTION('center_axis',(0.,0.,1.));
#7668=DIRECTION('ref_axis',(1.,0.,0.));
#7669=DIRECTION('axis',(0.,0.,1.));
#7670=DIRECTION('refdir',(1.,0.,0.));
#7671=DIRECTION('center_axis',(0.,-1.,0.));
#7672=DIRECTION('ref_axis',(1.,0.,0.));
#7673=DIRECTION('center_axis',(3.13705402101589E-16,-1.,0.));
#7674=DIRECTION('ref_axis',(1.,0.,0.));
#7675=DIRECTION('',(0.,-1.,0.));
#7676=DIRECTION('center_axis',(0.,-1.,0.));
#7677=DIRECTION('ref_axis',(1.,0.,0.));
#7678=DIRECTION('center_axis',(3.13705402101589E-16,-1.,0.));
#7679=DIRECTION('ref_axis',(1.,0.,0.));
#7680=DIRECTION('',(0.,-1.,0.));
#7681=DIRECTION('center_axis',(1.,1.26882631385732E-15,0.));
#7682=DIRECTION('ref_axis',(0.,0.,1.));
#7683=DIRECTION('center_axis',(1.,9.52691379239154E-16,0.));
#7684=DIRECTION('ref_axis',(0.,0.,1.));
#7685=DIRECTION('',(1.,1.26882631385732E-15,0.));
#7686=DIRECTION('center_axis',(-1.,0.,0.));
#7687=DIRECTION('ref_axis',(0.,0.,-1.));
#7688=DIRECTION('center_axis',(-1.,0.,0.));
#7689=DIRECTION('ref_axis',(0.,0.,-1.));
#7690=DIRECTION('',(-1.,0.,0.));
#7691=DIRECTION('center_axis',(0.,1.,0.));
#7692=DIRECTION('ref_axis',(1.,0.,0.));
#7693=DIRECTION('center_axis',(-1.56852701050795E-16,1.,0.));
#7694=DIRECTION('ref_axis',(1.,0.,0.));
#7695=DIRECTION('',(0.,1.,0.));
#7696=DIRECTION('center_axis',(0.,1.,0.));
#7697=DIRECTION('ref_axis',(1.,0.,0.));
#7698=DIRECTION('center_axis',(-1.56852701050795E-16,1.,0.));
#7699=DIRECTION('ref_axis',(1.,0.,0.));
#7700=DIRECTION('',(0.,1.,0.));
#7701=DIRECTION('center_axis',(-1.,4.44089209850063E-14,9.86076131526266E-29));
#7702=DIRECTION('ref_axis',(0.,2.22044604925031E-15,-1.));
#7703=DIRECTION('center_axis',(8.88178419700125E-15,-1.,-9.86076131526265E-30));
#7704=DIRECTION('ref_axis',(-1.,-8.88178419700125E-15,0.));
#7705=DIRECTION('center_axis',(-1.,-1.56852701050795E-16,0.));
#7706=DIRECTION('ref_axis',(0.,-0.707106781186548,-0.707106781186547));
#7707=DIRECTION('center_axis',(-1.,0.,0.));
#7708=DIRECTION('ref_axis',(0.,0.,-1.));
#7709=DIRECTION('',(-1.,-1.56852701050795E-16,0.));
#7710=DIRECTION('',(1.,1.56852701050795E-16,0.));
#7711=DIRECTION('center_axis',(8.88178419700113E-15,-1.,0.));
#7712=DIRECTION('ref_axis',(0.,0.,-1.));
#7713=DIRECTION('center_axis',(0.,-1.,0.));
#7714=DIRECTION('ref_axis',(0.707106781186553,0.,-0.707106781186542));
#7715=DIRECTION('center_axis',(0.,-1.,0.));
#7716=DIRECTION('ref_axis',(0.,0.,-1.));
#7717=DIRECTION('',(0.,-1.,0.));
#7718=DIRECTION('',(0.,1.,0.));
#7719=DIRECTION('center_axis',(1.,-3.55271367880051E-14,0.));
#7720=DIRECTION('ref_axis',(0.,0.,-1.));
#7721=DIRECTION('center_axis',(1.,3.13705402101589E-16,0.));
#7722=DIRECTION('ref_axis',(0.,0.707106781186553,-0.707106781186542));
#7723=DIRECTION('center_axis',(1.,8.88178419700128E-15,0.));
#7724=DIRECTION('ref_axis',(0.,0.,-1.));
#7725=DIRECTION('',(1.,3.13705402101589E-16,0.));
#7726=DIRECTION('',(-1.,-3.13705402101589E-16,0.));
#7727=DIRECTION('center_axis',(5.32907051820075E-14,1.,-5.91645678915759E-29));
#7728=DIRECTION('ref_axis',(-1.11022302462516E-15,0.,-1.));
#7729=DIRECTION('center_axis',(-9.52691379239154E-16,1.,0.));
#7730=DIRECTION('ref_axis',(-0.707106781186546,0.,-0.707106781186549));
#7731=DIRECTION('',(9.52691379239154E-16,-1.,0.));
#7732=DIRECTION('',(-9.52691379239154E-16,1.,0.));
#7733=DIRECTION('center_axis',(3.13705402101589E-16,-1.,0.));
#7734=DIRECTION('ref_axis',(-1.,-3.13705402101589E-16,0.));
#7735=DIRECTION('',(0.,0.,-1.));
#7736=DIRECTION('',(-1.,-3.13705402101589E-16,0.));
#7737=DIRECTION('',(0.,0.,1.));
#7738=DIRECTION('',(0.,0.,1.));
#7739=DIRECTION('center_axis',(1.,9.52691379239154E-16,0.));
#7740=DIRECTION('ref_axis',(9.52691379239154E-16,-1.,0.));
#7741=DIRECTION('',(0.,0.,-1.));
#7742=DIRECTION('',(9.52691379239154E-16,-1.,0.));
#7743=DIRECTION('',(0.,0.,1.));
#7744=DIRECTION('center_axis',(0.,0.,1.));
#7745=DIRECTION('ref_axis',(1.,0.,0.));
#7746=DIRECTION('center_axis',(0.,0.,-1.));
#7747=DIRECTION('ref_axis',(1.,0.,0.));
#7748=DIRECTION('center_axis',(0.,0.,-1.));
#7749=DIRECTION('ref_axis',(1.,0.,0.));
#7750=DIRECTION('center_axis',(1.,0.,0.));
#7751=DIRECTION('ref_axis',(0.,0.,1.));
#7752=DIRECTION('center_axis',(4.44089209850041E-14,-1.,0.));
#7753=DIRECTION('ref_axis',(1.,4.44089209850041E-14,0.));
#7754=DIRECTION('center_axis',(1.,1.56852701050795E-16,0.));
#7755=DIRECTION('ref_axis',(0.,-0.707106781186548,0.707106781186548));
#7756=DIRECTION('center_axis',(1.,0.,0.));
#7757=DIRECTION('ref_axis',(0.,0.,1.));
#7758=DIRECTION('',(1.,1.56852701050795E-16,0.));
#7759=DIRECTION('',(-1.,-1.56852701050795E-16,0.));
#7760=DIRECTION('center_axis',(0.,-1.,0.));
#7761=DIRECTION('ref_axis',(0.,0.,1.));
#7762=DIRECTION('center_axis',(9.52691379239154E-16,-1.,0.));
#7763=DIRECTION('ref_axis',(-0.707106781186546,0.,0.707106781186549));
#7764=DIRECTION('center_axis',(0.,-1.,0.));
#7765=DIRECTION('ref_axis',(0.,0.,1.));
#7766=DIRECTION('',(-9.52691379239154E-16,1.,0.));
#7767=DIRECTION('center_axis',(-1.,0.,0.));
#7768=DIRECTION('ref_axis',(0.,0.,1.));
#7769=DIRECTION('center_axis',(-1.,-3.13705402101589E-16,0.));
#7770=DIRECTION('ref_axis',(0.,0.707106781186552,0.707106781186543));
#7771=DIRECTION('center_axis',(-1.,0.,0.));
#7772=DIRECTION('ref_axis',(0.,0.,1.));
#7773=DIRECTION('',(1.,3.13705402101589E-16,0.));
#7774=DIRECTION('center_axis',(0.,1.,0.));
#7775=DIRECTION('ref_axis',(0.,0.,1.));
#7776=DIRECTION('center_axis',(0.,1.,0.));
#7777=DIRECTION('ref_axis',(0.707106781186552,0.,0.707106781186543));
#7778=DIRECTION('',(0.,-1.,0.));
#7779=DIRECTION('',(0.,1.,0.));
#7780=DIRECTION('',(0.,0.,-1.));
#7781=DIRECTION('center_axis',(-1.,0.,0.));
#7782=DIRECTION('ref_axis',(0.,1.,0.));
#7783=DIRECTION('',(0.,0.,1.));
#7784=DIRECTION('',(0.,0.,-1.));
#7785=DIRECTION('center_axis',(0.,0.,1.));
#7786=DIRECTION('ref_axis',(1.,0.,0.));
#7787=DIRECTION('center_axis',(0.,0.,1.));
#7788=DIRECTION('ref_axis',(-1.,0.,0.));
#7789=DIRECTION('center_axis',(0.,0.,-1.));
#7790=DIRECTION('ref_axis',(1.,0.,0.));
#7791=DIRECTION('center_axis',(0.,0.,-1.));
#7792=DIRECTION('ref_axis',(1.,0.,0.));
#7793=DIRECTION('center_axis',(0.,0.,-1.));
#7794=DIRECTION('ref_axis',(1.,0.,0.));
#7795=DIRECTION('center_axis',(0.,0.,-1.));
#7796=DIRECTION('ref_axis',(1.,0.,0.));
#7797=DIRECTION('center_axis',(0.,0.,-1.));
#7798=DIRECTION('ref_axis',(1.,0.,0.));
#7799=DIRECTION('center_axis',(0.,0.,-1.));
#7800=DIRECTION('ref_axis',(1.,0.,0.));
#7801=DIRECTION('center_axis',(0.,0.,1.));
#7802=DIRECTION('ref_axis',(-1.,0.,0.));
#7803=DIRECTION('center_axis',(0.,0.,1.));
#7804=DIRECTION('ref_axis',(-1.,0.,0.));
#7805=DIRECTION('',(-0.707106781186547,-8.65956056235493E-17,-0.707106781186548));
#7806=DIRECTION('center_axis',(0.,0.,-1.));
#7807=DIRECTION('ref_axis',(-1.,0.,0.));
#7808=DIRECTION('center_axis',(0.,0.,-1.));
#7809=DIRECTION('ref_axis',(-1.,0.,0.));
#7810=DIRECTION('center_axis',(0.,0.,-1.));
#7811=DIRECTION('ref_axis',(1.,0.,0.));
#7812=DIRECTION('',(0.,0.,-1.));
#7813=DIRECTION('center_axis',(0.,0.,1.));
#7814=DIRECTION('ref_axis',(1.,0.,0.));
#7815=DIRECTION('center_axis',(0.,0.,-1.));
#7816=DIRECTION('ref_axis',(1.,0.,0.));
#7817=DIRECTION('',(0.707106781186549,-8.65956056235496E-17,0.707106781186546));
#7818=DIRECTION('center_axis',(0.,0.,-1.));
#7819=DIRECTION('ref_axis',(1.,0.,0.));
#7820=DIRECTION('',(0.707106781186547,-8.65956056235493E-17,0.707106781186548));
#7821=DIRECTION('center_axis',(0.,0.,1.));
#7822=DIRECTION('ref_axis',(1.,0.,0.));
#7823=DIRECTION('center_axis',(0.,0.,-1.));
#7824=DIRECTION('ref_axis',(1.,0.,0.));
#7825=DIRECTION('center_axis',(0.,0.,-1.));
#7826=DIRECTION('ref_axis',(-1.,0.,0.));
#7827=DIRECTION('center_axis',(0.,0.,-1.));
#7828=DIRECTION('ref_axis',(-1.,0.,0.));
#7829=DIRECTION('',(0.,0.,-1.));
#7830=DIRECTION('center_axis',(0.,0.,1.));
#7831=DIRECTION('ref_axis',(-1.,0.,0.));
#7832=DIRECTION('',(-0.707106781186547,-8.65956056235493E-17,-0.707106781186548));
#7833=DIRECTION('center_axis',(-1.56852701050795E-16,1.,0.));
#7834=DIRECTION('ref_axis',(1.,1.56852701050795E-16,0.));
#7835=DIRECTION('center_axis',(0.,0.,-1.));
#7836=DIRECTION('ref_axis',(1.,0.,0.));
#7837=DIRECTION('',(0.,0.,-1.));
#7838=DIRECTION('center_axis',(0.,0.,-1.));
#7839=DIRECTION('ref_axis',(1.,0.,0.));
#7840=DIRECTION('center_axis',(0.,0.,1.));
#7841=DIRECTION('ref_axis',(1.,0.,0.));
#7842=DIRECTION('center_axis',(0.,0.,-1.));
#7843=DIRECTION('ref_axis',(1.,0.,0.));
#7844=DIRECTION('',(0.,0.,-1.));
#7845=DIRECTION('',(0.,0.,-1.));
#7846=DIRECTION('center_axis',(0.,0.,-1.));
#7847=DIRECTION('ref_axis',(1.,0.,0.));
#7848=DIRECTION('center_axis',(0.,0.,1.));
#7849=DIRECTION('ref_axis',(1.,0.,0.));
#7850=DIRECTION('center_axis',(0.,0.,-1.));
#7851=DIRECTION('ref_axis',(1.,0.,0.));
#7852=DIRECTION('',(0.,0.,-1.));
#7853=DIRECTION('center_axis',(0.,0.,-1.));
#7854=DIRECTION('ref_axis',(1.,0.,0.));
#7855=DIRECTION('center_axis',(0.,0.,1.));
#7856=DIRECTION('ref_axis',(1.,0.,0.));
#7857=DIRECTION('center_axis',(0.,0.,-1.));
#7858=DIRECTION('ref_axis',(1.,0.,0.));
#7859=DIRECTION('',(0.,0.,-1.));
#7860=DIRECTION('center_axis',(0.,0.,-1.));
#7861=DIRECTION('ref_axis',(1.,0.,0.));
#7862=DIRECTION('center_axis',(0.,0.,1.));
#7863=DIRECTION('ref_axis',(1.,0.,0.));
#7864=DIRECTION('center_axis',(0.,0.,-1.));
#7865=DIRECTION('ref_axis',(1.,0.,0.));
#7866=DIRECTION('',(0.,0.,-1.));
#7867=DIRECTION('center_axis',(0.,0.,-1.));
#7868=DIRECTION('ref_axis',(1.,0.,0.));
#7869=DIRECTION('center_axis',(0.,0.,1.));
#7870=DIRECTION('ref_axis',(1.,0.,0.));
#7871=DIRECTION('center_axis',(0.,0.,-1.));
#7872=DIRECTION('ref_axis',(1.,0.,0.));
#7873=DIRECTION('',(0.,0.,-1.));
#7874=DIRECTION('center_axis',(0.,0.,-1.));
#7875=DIRECTION('ref_axis',(1.,0.,0.));
#7876=DIRECTION('center_axis',(0.,0.,1.));
#7877=DIRECTION('ref_axis',(1.,0.,0.));
#7878=DIRECTION('axis',(0.,0.,1.));
#7879=DIRECTION('refdir',(1.,0.,0.));
#7880=DIRECTION('center_axis',(0.,1.,0.));
#7881=DIRECTION('ref_axis',(1.,0.,0.));
#7882=DIRECTION('center_axis',(0.,-1.,0.));
#7883=DIRECTION('ref_axis',(1.,0.,0.));
#7884=DIRECTION('',(0.,-1.,0.));
#7885=DIRECTION('center_axis',(0.,-1.,0.));
#7886=DIRECTION('ref_axis',(1.,0.,0.));
#7887=DIRECTION('center_axis',(0.,1.,0.));
#7888=DIRECTION('ref_axis',(-1.,0.,0.));
#7889=DIRECTION('center_axis',(0.,1.,0.));
#7890=DIRECTION('ref_axis',(-1.,0.,0.));
#7891=DIRECTION('',(0.,-1.,0.));
#7892=DIRECTION('center_axis',(0.,1.,0.));
#7893=DIRECTION('ref_axis',(-1.,0.,0.));
#7894=DIRECTION('center_axis',(0.,1.,0.));
#7895=DIRECTION('ref_axis',(0.,0.,1.));
#7896=DIRECTION('center_axis',(0.,1.,0.));
#7897=DIRECTION('ref_axis',(0.,0.,1.));
#7898=DIRECTION('axis',(0.,0.,1.));
#7899=DIRECTION('refdir',(1.,0.,0.));
#7900=DIRECTION('center_axis',(0.,1.,0.));
#7901=DIRECTION('ref_axis',(0.777049694918997,0.,-0.629439251736252));
#7902=DIRECTION('',(0.,-1.,0.));
#7903=DIRECTION('center_axis',(0.,1.,0.));
#7904=DIRECTION('ref_axis',(0.978211157063395,0.,0.207612456747405));
#7905=DIRECTION('',(0.,1.,0.));
#7906=DIRECTION('center_axis',(-0.71185899829163,-0.702322409261756,0.));
#7907=DIRECTION('ref_axis',(0.,0.,-1.));
#7908=DIRECTION('center_axis',(0.422925733569654,-0.906164347061045,5.19996650643349E-12));
#7909=DIRECTION('ref_axis',(3.91242593877905E-12,-3.91242593877905E-12,
-1.));
#7910=DIRECTION('center_axis',(0.982138709755539,0.,0.188158323758808));
#7911=DIRECTION('ref_axis',(0.184913496031358,-0.184913496031358,-0.965201532308627));
#7912=DIRECTION('center_axis',(0.,0.,1.));
#7913=DIRECTION('ref_axis',(0.707106781186544,-0.707106781186551,0.));
#7914=DIRECTION('center_axis',(0.,1.,0.));
#7915=DIRECTION('ref_axis',(-1.,0.,2.4532694666934E-16));
#7916=DIRECTION('center_axis',(0.14142135623731,-0.989949493661166,-5.23364152894591E-16));
#7917=DIRECTION('ref_axis',(-0.989949493661167,-0.14142135623731,2.22044604925032E-16));
#7918=DIRECTION('center_axis',(0.,0.,-1.));
#7919=DIRECTION('ref_axis',(0.923879532511283,0.382683432365098,0.));
#7920=DIRECTION('center_axis',(0.,0.,1.));
#7921=DIRECTION('ref_axis',(0.707106781186548,-0.707106781186548,0.));
#7922=DIRECTION('',(0.,0.,1.));
#7923=DIRECTION('',(0.,0.,-1.));
#7924=DIRECTION('center_axis',(-0.982138709755539,2.08897703311909E-16,
0.188158323758812));
#7925=DIRECTION('ref_axis',(0.184913496031363,-0.18491349603136,0.965201532308626));
#7926=DIRECTION('center_axis',(0.,1.,0.));
#7927=DIRECTION('ref_axis',(-1.,0.,-2.4532694666934E-16));
#7928=DIRECTION('center_axis',(0.14142135623731,-0.989949493661166,5.23364152894591E-16));
#7929=DIRECTION('ref_axis',(-0.989949493661167,-0.14142135623731,-2.22044604925032E-16));
#7930=DIRECTION('center_axis',(-0.422925733569465,0.906164347061133,6.49258020099478E-12));
#7931=DIRECTION('ref_axis',(4.88498130835069E-12,-4.88498130835069E-12,
1.));
#7932=DIRECTION('center_axis',(0.711858998291633,0.702322409261753,0.));
#7933=DIRECTION('ref_axis',(0.,0.,1.));
#7934=DIRECTION('center_axis',(0.,-1.,0.));
#7935=DIRECTION('ref_axis',(0.777049694918997,0.,0.629439251736252));
#7936=DIRECTION('',(0.,-1.,0.));
#7937=DIRECTION('center_axis',(0.,1.,0.));
#7938=DIRECTION('ref_axis',(0.,0.,1.));
#7939=DIRECTION('',(0.,1.,0.));
#7940=DIRECTION('center_axis',(-1.,0.,0.));
#7941=DIRECTION('ref_axis',(0.,-0.707106781186548,0.707106781186547));
#7942=DIRECTION('center_axis',(-1.,0.,0.));
#7943=DIRECTION('ref_axis',(0.,-1.,0.));
#7944=DIRECTION('',(-1.,0.,0.));
#7945=DIRECTION('center_axis',(1.,0.,0.));
#7946=DIRECTION('ref_axis',(0.,0.,1.));
#7947=DIRECTION('',(1.,0.,0.));
#7948=DIRECTION('center_axis',(0.,0.,-1.));
#7949=DIRECTION('ref_axis',(0.707106781186542,-0.707106781186553,0.));
#7950=DIRECTION('center_axis',(0.,-1.,0.));
#7951=DIRECTION('ref_axis',(-1.,0.,-2.4532694666934E-16));
#7952=DIRECTION('center_axis',(-0.141421356237309,0.989949493661167,4.12149270404491E-16));
#7953=DIRECTION('ref_axis',(-0.989949493661167,-0.141421356237309,-2.22044604925031E-16));
#7954=DIRECTION('center_axis',(0.,0.,1.));
#7955=DIRECTION('ref_axis',(0.382683432365088,-0.923879532511288,0.));
#7956=DIRECTION('center_axis',(0.,0.,-1.));
#7957=DIRECTION('ref_axis',(0.707106781186549,-0.707106781186546,0.));
#7958=DIRECTION('',(0.,0.,-1.));
#7959=DIRECTION('',(0.,0.,1.));
#7960=DIRECTION('center_axis',(-1.,0.,0.));
#7961=DIRECTION('ref_axis',(0.,-6.66133814775094E-15,-1.));
#7962=DIRECTION('center_axis',(0.,-1.,0.));
#7963=DIRECTION('ref_axis',(-1.,0.,2.4532694666934E-16));
#7964=DIRECTION('center_axis',(-0.141421356237309,0.989949493661167,4.12149270404491E-16));
#7965=DIRECTION('ref_axis',(-0.989949493661167,-0.141421356237309,2.22044604925031E-16));
#7966=DIRECTION('center_axis',(1.,0.,0.));
#7967=DIRECTION('ref_axis',(0.,-0.707106781186548,-0.707106781186547));
#7968=DIRECTION('center_axis',(-1.,0.,0.));
#7969=DIRECTION('ref_axis',(0.,0.,-1.));
#7970=DIRECTION('',(-1.,0.,0.));
#7971=DIRECTION('',(1.,0.,0.));
#7972=DIRECTION('center_axis',(-0.793596145767332,-0.47688131117537,0.377874810585326));
#7973=DIRECTION('ref_axis',(0.608444868022762,-0.621997473274912,0.492863049757627));
#7974=DIRECTION('center_axis',(0.207612456747405,0.,0.978211157063395));
#7975=DIRECTION('ref_axis',(0.978211157063396,0.,-0.207612456747405));
#7976=DIRECTION('center_axis',(-0.793596145767332,-0.476881311175369,-0.377874810585327));
#7977=DIRECTION('ref_axis',(0.608444868022761,-0.621997473274911,-0.492863049757629));
#7978=DIRECTION('center_axis',(0.207612456747405,0.,-0.978211157063395));
#7979=DIRECTION('ref_axis',(0.978211157063396,0.,0.207612456747405));
#7980=DIRECTION('center_axis',(0.707106781186547,0.707106781186548,0.));
#7981=DIRECTION('ref_axis',(-0.500000000000001,0.5,-0.707106781186547));
#7982=DIRECTION('',(-0.707106781186547,-0.707106781186548,0.));
#7983=DIRECTION('',(0.707106781186547,0.707106781186548,0.));
#7984=DIRECTION('center_axis',(-0.707106781186548,0.707106781186547,0.));
#7985=DIRECTION('ref_axis',(-0.707106781186547,-0.707106781186548,0.));
#7986=DIRECTION('',(0.707106781186547,0.707106781186548,0.));
#7987=DIRECTION('center_axis',(0.,0.,1.));
#7988=DIRECTION('ref_axis',(1.,0.,0.));
#7989=DIRECTION('',(-0.707106781186547,-0.707106781186548,0.));
#7990=DIRECTION('center_axis',(-0.707106781186547,-0.707106781186548,0.));
#7991=DIRECTION('ref_axis',(-0.500000000000001,0.5,0.707106781186547));
#7992=DIRECTION('center_axis',(0.,1.,0.));
#7993=DIRECTION('ref_axis',(0.,0.,1.));
#7994=DIRECTION('center_axis',(0.,1.,0.));
#7995=DIRECTION('ref_axis',(0.,0.,1.));
#7996=DIRECTION('center_axis',(0.,1.,0.));
#7997=DIRECTION('ref_axis',(-1.,0.,1.22464679914735E-16));
#7998=DIRECTION('center_axis',(0.,0.,-1.));
#7999=DIRECTION('ref_axis',(-1.,0.,0.));
#8000=DIRECTION('center_axis',(0.,1.,0.));
#8001=DIRECTION('ref_axis',(0.,0.,1.));
#8002=DIRECTION('center_axis',(0.,-1.,0.));
#8003=DIRECTION('ref_axis',(-1.,0.,0.));
#8004=DIRECTION('center_axis',(-1.,0.,1.22464679914735E-16));
#8005=DIRECTION('ref_axis',(-1.22464679914735E-16,0.,-1.));
#8006=DIRECTION('center_axis',(0.,1.,0.));
#8007=DIRECTION('ref_axis',(-1.,0.,0.));
#8008=DIRECTION('center_axis',(0.,1.,0.));
#8009=DIRECTION('ref_axis',(-1.,0.,0.));
#8010=DIRECTION('center_axis',(0.,-1.,0.));
#8011=DIRECTION('ref_axis',(-1.,0.,0.));
#8012=DIRECTION('',(0.,-1.,0.));
#8013=DIRECTION('center_axis',(0.,1.,0.));
#8014=DIRECTION('ref_axis',(-1.,0.,0.));
#8015=DIRECTION('center_axis',(0.,1.,0.));
#8016=DIRECTION('ref_axis',(0.,0.,1.));
#8017=DIRECTION('center_axis',(0.,1.,0.));
#8018=DIRECTION('ref_axis',(1.,0.,0.));
#8019=DIRECTION('center_axis',(0.,-1.,0.));
#8020=DIRECTION('ref_axis',(0.,0.,-1.));
#8021=DIRECTION('center_axis',(-1.,0.,-1.22464679914735E-16));
#8022=DIRECTION('ref_axis',(-1.22464679914735E-16,0.,1.));
#8023=DIRECTION('center_axis',(0.,-1.,0.));
#8024=DIRECTION('ref_axis',(-1.,0.,1.22464679914735E-16));
#8025=DIRECTION('center_axis',(0.,-1.,0.));
#8026=DIRECTION('ref_axis',(-1.,0.,1.22464679914735E-16));
#8027=DIRECTION('center_axis',(0.,-1.,0.));
#8028=DIRECTION('ref_axis',(1.,0.,0.));
#8029=DIRECTION('',(0.,-1.,0.));
#8030=DIRECTION('center_axis',(0.,-1.,0.));
#8031=DIRECTION('ref_axis',(1.,0.,0.));
#8032=DIRECTION('center_axis',(0.,1.,0.));
#8033=DIRECTION('ref_axis',(0.,0.,1.));
#8034=DIRECTION('center_axis',(0.,1.,0.));
#8035=DIRECTION('ref_axis',(-0.999999999958897,0.,-9.06675415971775E-6));
#8036=DIRECTION('center_axis',(0.,1.,0.));
#8037=DIRECTION('ref_axis',(-1.,0.,0.));
#8038=DIRECTION('center_axis',(0.,1.,0.));
#8039=DIRECTION('ref_axis',(-1.,0.,1.22464679914735E-16));
#8040=DIRECTION('center_axis',(0.,1.,0.));
#8041=DIRECTION('ref_axis',(1.,0.,0.));
#8042=DIRECTION('center_axis',(0.,1.,0.));
#8043=DIRECTION('ref_axis',(0.,0.,1.));
#8044=DIRECTION('center_axis',(0.,-1.,0.));
#8045=DIRECTION('ref_axis',(-1.,0.,-1.22464679914735E-16));
#8046=DIRECTION('center_axis',(-1.,0.,1.22464679914735E-16));
#8047=DIRECTION('ref_axis',(-1.22464679914735E-16,0.,-1.));
#8048=DIRECTION('center_axis',(0.,1.,0.));
#8049=DIRECTION('ref_axis',(-1.,0.,-1.22464679914735E-16));
#8050=DIRECTION('center_axis',(0.,1.,0.));
#8051=DIRECTION('ref_axis',(-1.,0.,-1.22464679914735E-16));
#8052=DIRECTION('center_axis',(0.,-1.,0.));
#8053=DIRECTION('ref_axis',(0.,0.,-1.));
#8054=DIRECTION('center_axis',(0.,1.,0.));
#8055=DIRECTION('ref_axis',(-1.,0.,-1.22464679914735E-16));
#8056=DIRECTION('center_axis',(0.,1.,0.));
#8057=DIRECTION('ref_axis',(1.,0.,0.));
#8058=DIRECTION('center_axis',(0.,1.,0.));
#8059=DIRECTION('ref_axis',(1.,0.,0.));
#8060=DIRECTION('',(0.,-1.,0.));
#8061=DIRECTION('center_axis',(0.,1.,0.));
#8062=DIRECTION('ref_axis',(-1.,0.,6.12323399573677E-17));
#8063=DIRECTION('center_axis',(0.,-1.,0.));
#8064=DIRECTION('ref_axis',(-1.,0.,-1.22464679914735E-16));
#8065=DIRECTION('center_axis',(0.,1.,0.));
#8066=DIRECTION('ref_axis',(-1.,0.,1.22464679914735E-16));
#8067=DIRECTION('center_axis',(0.,1.,0.));
#8068=DIRECTION('ref_axis',(1.,0.,0.));
#8069=DIRECTION('',(0.707106781186547,-0.707106781186548,-8.65956056235493E-17));
#8070=DIRECTION('axis',(0.,0.,1.));
#8071=DIRECTION('refdir',(1.,0.,0.));
#8072=DIRECTION('center_axis',(0.,-1.,0.));
#8073=DIRECTION('ref_axis',(-1.,0.,0.));
#8074=DIRECTION('center_axis',(0.,1.,0.));
#8075=DIRECTION('ref_axis',(-1.,0.,0.));
#8076=DIRECTION('',(0.,-1.,0.));
#8077=DIRECTION('center_axis',(0.,1.,0.));
#8078=DIRECTION('ref_axis',(-1.,0.,0.));
#8079=DIRECTION('center_axis',(0.,1.,0.));
#8080=DIRECTION('ref_axis',(0.,0.,1.));
#8081=DIRECTION('center_axis',(0.,-1.,0.));
#8082=DIRECTION('ref_axis',(1.,0.,0.));
#8083=DIRECTION('center_axis',(0.,1.,0.));
#8084=DIRECTION('ref_axis',(-1.,0.,0.));
#8085=DIRECTION('center_axis',(0.,-1.,0.));
#8086=DIRECTION('ref_axis',(-1.,0.,0.));
#8087=DIRECTION('',(0.,-1.,0.));
#8088=DIRECTION('center_axis',(0.,1.,0.));
#8089=DIRECTION('ref_axis',(0.,0.,1.));
#8090=DIRECTION('center_axis',(0.,-1.,0.));
#8091=DIRECTION('ref_axis',(-1.,0.,0.));
#8092=DIRECTION('center_axis',(0.,1.,0.));
#8093=DIRECTION('ref_axis',(-1.,0.,0.));
#8094=DIRECTION('center_axis',(0.,-1.,0.));
#8095=DIRECTION('ref_axis',(-1.,0.,0.));
#8096=DIRECTION('',(0.,-1.,0.));
#8097=DIRECTION('center_axis',(0.,1.,0.));
#8098=DIRECTION('ref_axis',(0.,0.,1.));
#8099=DIRECTION('center_axis',(0.,1.,0.));
#8100=DIRECTION('ref_axis',(1.,0.,0.));
#8101=DIRECTION('center_axis',(-1.,0.,0.));
#8102=DIRECTION('ref_axis',(0.,0.,-1.));
#8103=DIRECTION('',(0.,0.,-1.));
#8104=DIRECTION('',(0.,-1.,0.));
#8105=DIRECTION('',(0.,0.,-1.));
#8106=DIRECTION('',(0.,-1.,0.));
#8107=DIRECTION('center_axis',(0.,-1.,0.));
#8108=DIRECTION('ref_axis',(-0.364285714285715,0.,0.93128723730509));
#8109=DIRECTION('center_axis',(0.,-1.,0.));
#8110=DIRECTION('ref_axis',(-0.364285714285715,0.,0.93128723730509));
#8111=DIRECTION('',(0.,-1.,0.));
#8112=DIRECTION('center_axis',(0.,-1.,0.));
#8113=DIRECTION('ref_axis',(-0.364285714285715,0.,0.93128723730509));
#8114=DIRECTION('center_axis',(1.,0.,-1.17150542490729E-15));
#8115=DIRECTION('ref_axis',(1.17150542490729E-15,0.,1.));
#8116=DIRECTION('',(1.17150542490729E-15,0.,1.));
#8117=DIRECTION('',(0.,1.,0.));
#8118=DIRECTION('',(1.17150542490729E-15,0.,1.));
#8119=DIRECTION('center_axis',(0.,1.,0.));
#8120=DIRECTION('ref_axis',(0.,0.,1.));
#8121=DIRECTION('center_axis',(0.,1.,0.));
#8122=DIRECTION('ref_axis',(-1.,0.,0.));
#8123=DIRECTION('center_axis',(0.,1.,0.));
#8124=DIRECTION('ref_axis',(0.,0.,1.));
#8125=DIRECTION('center_axis',(0.,-1.,0.));
#8126=DIRECTION('ref_axis',(-1.,0.,0.));
#8127=DIRECTION('center_axis',(0.,-1.,0.));
#8128=DIRECTION('ref_axis',(-1.,0.,0.));
#8129=DIRECTION('center_axis',(0.,-1.,0.));
#8130=DIRECTION('ref_axis',(1.,0.,0.));
#8131=DIRECTION('center_axis',(0.,-1.,0.));
#8132=DIRECTION('ref_axis',(1.,0.,0.));
#8133=DIRECTION('center_axis',(0.,-1.,0.));
#8134=DIRECTION('ref_axis',(1.,0.,0.));
#8135=DIRECTION('',(0.,-1.,0.));
#8136=DIRECTION('center_axis',(0.,1.,0.));
#8137=DIRECTION('ref_axis',(1.,0.,0.));
#8138=DIRECTION('center_axis',(0.,1.,0.));
#8139=DIRECTION('ref_axis',(0.,0.,1.));
#8140=DIRECTION('center_axis',(0.,-1.,0.));
#8141=DIRECTION('ref_axis',(-1.,0.,0.));
#8142=DIRECTION('center_axis',(0.,-1.,0.));
#8143=DIRECTION('ref_axis',(1.,0.,0.));
#8144=DIRECTION('center_axis',(0.,-1.,0.));
#8145=DIRECTION('ref_axis',(1.,0.,0.));
#8146=DIRECTION('center_axis',(0.,1.,0.));
#8147=DIRECTION('ref_axis',(-1.,0.,0.));
#8148=DIRECTION('',(0.,-1.,0.));
#8149=DIRECTION('center_axis',(0.,1.,0.));
#8150=DIRECTION('ref_axis',(1.,0.,0.));
#8151=DIRECTION('',(0.,-1.,0.));
#8152=DIRECTION('center_axis',(0.,1.,0.));
#8153=DIRECTION('ref_axis',(1.,0.,0.));
#8154=DIRECTION('center_axis',(0.,1.,0.));
#8155=DIRECTION('ref_axis',(0.,0.,1.));
#8156=DIRECTION('center_axis',(0.,1.,0.));
#8157=DIRECTION('ref_axis',(0.,0.,1.));
#8158=DIRECTION('center_axis',(0.,1.,0.));
#8159=DIRECTION('ref_axis',(1.,0.,0.));
#8160=DIRECTION('',(0.707106781186547,-0.707106781186548,-8.65956056235493E-17));
#8161=DIRECTION('center_axis',(0.,1.,0.));
#8162=DIRECTION('ref_axis',(1.,0.,0.));
#8163=DIRECTION('center_axis',(0.,1.,0.));
#8164=DIRECTION('ref_axis',(0.,0.,1.));
#8165=DIRECTION('center_axis',(0.,-1.,0.));
#8166=DIRECTION('ref_axis',(-1.,0.,-1.22464679914735E-16));
#8167=DIRECTION('center_axis',(-1.,0.,1.22464679914735E-16));
#8168=DIRECTION('ref_axis',(-1.22464679914735E-16,0.,-1.));
#8169=DIRECTION('center_axis',(0.,1.,0.));
#8170=DIRECTION('ref_axis',(-1.,0.,-1.22464679914735E-16));
#8171=DIRECTION('center_axis',(0.,1.,0.));
#8172=DIRECTION('ref_axis',(-1.,0.,-1.22464679914735E-16));
#8173=DIRECTION('center_axis',(0.,-1.,0.));
#8174=DIRECTION('ref_axis',(0.,0.,-1.));
#8175=DIRECTION('center_axis',(0.,1.,0.));
#8176=DIRECTION('ref_axis',(-1.,0.,-1.22464679914735E-16));
#8177=DIRECTION('center_axis',(0.,1.,0.));
#8178=DIRECTION('ref_axis',(1.,0.,0.));
#8179=DIRECTION('center_axis',(0.,1.,0.));
#8180=DIRECTION('ref_axis',(1.,0.,0.));
#8181=DIRECTION('',(0.,-1.,0.));
#8182=DIRECTION('center_axis',(0.,1.,0.));
#8183=DIRECTION('ref_axis',(0.,0.,1.));
#8184=DIRECTION('center_axis',(0.,-1.,0.));
#8185=DIRECTION('ref_axis',(-1.,0.,-1.22464679914735E-16));
#8186=DIRECTION('center_axis',(0.,-1.,0.));
#8187=DIRECTION('ref_axis',(-1.,0.,-1.22464679914735E-16));
#8188=DIRECTION('center_axis',(-1.,0.,1.22464679914735E-16));
#8189=DIRECTION('ref_axis',(-1.22464679914735E-16,0.,-1.));
#8190=DIRECTION('center_axis',(0.,1.,0.));
#8191=DIRECTION('ref_axis',(1.,0.,0.));
#8192=DIRECTION('',(0.,-1.,0.));
#8193=DIRECTION('center_axis',(0.,1.,0.));
#8194=DIRECTION('ref_axis',(1.,0.,0.));
#8195=DIRECTION('',(0.707106781186547,-0.707106781186548,-8.65956056235493E-17));
#8196=DIRECTION('axis',(0.,0.,1.));
#8197=DIRECTION('refdir',(1.,0.,0.));
#8198=DIRECTION('center_axis',(0.,1.,0.));
#8199=DIRECTION('ref_axis',(1.,0.,0.));
#8200=DIRECTION('center_axis',(0.,-1.,0.));
#8201=DIRECTION('ref_axis',(1.,0.,0.));
#8202=DIRECTION('',(0.,1.,0.));
#8203=DIRECTION('center_axis',(0.,1.,0.));
#8204=DIRECTION('ref_axis',(1.,0.,0.));
#8205=DIRECTION('center_axis',(0.,1.,0.));
#8206=DIRECTION('ref_axis',(1.,0.,0.));
#8207=DIRECTION('center_axis',(0.,1.,0.));
#8208=DIRECTION('ref_axis',(1.,0.,0.));
#8209=DIRECTION('',(0.,1.,0.));
#8210=DIRECTION('center_axis',(0.,1.,0.));
#8211=DIRECTION('ref_axis',(1.,0.,0.));
#8212=DIRECTION('center_axis',(0.,-1.,0.));
#8213=DIRECTION('ref_axis',(1.,0.,0.));
#8214=DIRECTION('',(0.,-1.,0.));
#8215=DIRECTION('center_axis',(0.,-1.,0.));
#8216=DIRECTION('ref_axis',(1.,0.,0.));
#8217=DIRECTION('center_axis',(0.,-1.,0.));
#8218=DIRECTION('ref_axis',(1.,0.,0.));
#8219=DIRECTION('center_axis',(0.,1.,0.));
#8220=DIRECTION('ref_axis',(1.,0.,0.));
#8221=DIRECTION('',(0.,-1.,0.));
#8222=DIRECTION('center_axis',(0.,-1.,0.));
#8223=DIRECTION('ref_axis',(1.,0.,0.));
#8224=DIRECTION('center_axis',(0.,-1.,0.));
#8225=DIRECTION('ref_axis',(1.,0.,0.));
#8226=DIRECTION('center_axis',(0.,-1.,0.));
#8227=DIRECTION('ref_axis',(1.,0.,0.));
#8228=DIRECTION('',(0.,-1.,0.));
#8229=DIRECTION('center_axis',(0.,-1.,0.));
#8230=DIRECTION('ref_axis',(1.,0.,0.));
#8231=DIRECTION('center_axis',(0.,1.,0.));
#8232=DIRECTION('ref_axis',(1.,0.,0.));
#8233=DIRECTION('',(0.,1.,0.));
#8234=DIRECTION('center_axis',(0.,1.,0.));
#8235=DIRECTION('ref_axis',(1.,0.,0.));
#8236=DIRECTION('center_axis',(-1.,0.,0.));
#8237=DIRECTION('ref_axis',(0.,0.,1.));
#8238=DIRECTION('center_axis',(-1.,0.,0.));
#8239=DIRECTION('ref_axis',(0.,0.,1.));
#8240=DIRECTION('',(-1.,0.,0.));
#8241=DIRECTION('center_axis',(-1.,0.,0.));
#8242=DIRECTION('ref_axis',(0.,0.,1.));
#8243=DIRECTION('center_axis',(-1.,0.,0.));
#8244=DIRECTION('ref_axis',(0.,0.,1.));
#8245=DIRECTION('center_axis',(-1.,0.,0.));
#8246=DIRECTION('ref_axis',(0.,0.,1.));
#8247=DIRECTION('center_axis',(1.,0.,0.));
#8248=DIRECTION('ref_axis',(0.,0.,-1.));
#8249=DIRECTION('center_axis',(1.,0.,0.));
#8250=DIRECTION('ref_axis',(0.,0.,-1.));
#8251=DIRECTION('',(-0.707106781186548,-8.65956056235493E-17,-0.707106781186547));
#8252=DIRECTION('center_axis',(-1.,0.,0.));
#8253=DIRECTION('ref_axis',(0.,0.,1.));
#8254=DIRECTION('center_axis',(-1.,0.,0.));
#8255=DIRECTION('ref_axis',(0.,0.,1.));
#8256=DIRECTION('center_axis',(-1.,0.,0.));
#8257=DIRECTION('ref_axis',(0.,0.,1.));
#8258=DIRECTION('',(1.,0.,0.));
#8259=DIRECTION('center_axis',(-1.,0.,0.));
#8260=DIRECTION('ref_axis',(0.,0.,1.));
#8261=DIRECTION('center_axis',(-1.,0.,0.));
#8262=DIRECTION('ref_axis',(0.,0.,1.));
#8263=DIRECTION('',(0.500000107555785,1.06057516267756E-16,0.866025341687068));
#8264=DIRECTION('center_axis',(-1.,0.,0.));
#8265=DIRECTION('ref_axis',(0.,0.,1.));
#8266=DIRECTION('center_axis',(-1.,0.,0.));
#8267=DIRECTION('ref_axis',(0.,0.,1.));
#8268=DIRECTION('center_axis',(-1.,0.,0.));
#8269=DIRECTION('ref_axis',(0.,0.,1.));
#8270=DIRECTION('center_axis',(-1.,0.,0.));
#8271=DIRECTION('ref_axis',(0.,0.,-1.));
#8272=DIRECTION('center_axis',(-1.,0.,0.));
#8273=DIRECTION('ref_axis',(0.,0.,1.));
#8274=DIRECTION('center_axis',(-1.,0.,0.));
#8275=DIRECTION('ref_axis',(0.,1.22464679914735E-16,-1.));
#8276=DIRECTION('',(-1.,0.,0.));
#8277=DIRECTION('center_axis',(-1.,0.,0.));
#8278=DIRECTION('ref_axis',(0.,0.,1.));
#8279=DIRECTION('',(1.,0.,0.));
#8280=DIRECTION('center_axis',(-1.,0.,0.));
#8281=DIRECTION('ref_axis',(0.,0.,1.));
#8282=DIRECTION('center_axis',(-1.,0.,0.));
#8283=DIRECTION('ref_axis',(0.,0.,1.));
#8284=DIRECTION('',(1.,0.,0.));
#8285=DIRECTION('center_axis',(-1.,0.,0.));
#8286=DIRECTION('ref_axis',(0.,0.,1.));
#8287=DIRECTION('center_axis',(-1.,0.,0.));
#8288=DIRECTION('ref_axis',(0.,0.,1.));
#8289=DIRECTION('center_axis',(-1.,0.,0.));
#8290=DIRECTION('ref_axis',(0.,0.,1.));
#8291=DIRECTION('',(1.,0.,0.));
#8292=DIRECTION('',(-1.,0.,0.));
#8293=DIRECTION('center_axis',(0.,-1.,0.));
#8294=DIRECTION('ref_axis',(1.,0.,0.));
#8295=DIRECTION('center_axis',(0.,-1.,0.));
#8296=DIRECTION('ref_axis',(1.,0.,0.));
#8297=DIRECTION('',(0.,1.,0.));
#8298=DIRECTION('center_axis',(0.,1.,0.));
#8299=DIRECTION('ref_axis',(1.,0.,0.));
#8300=DIRECTION('center_axis',(0.,-1.,0.));
#8301=DIRECTION('ref_axis',(1.,0.,0.));
#8302=DIRECTION('center_axis',(0.,-1.,0.));
#8303=DIRECTION('ref_axis',(0.,0.,-1.));
#8304=DIRECTION('center_axis',(1.22464679914735E-16,0.,-1.));
#8305=DIRECTION('ref_axis',(-1.,0.,-1.22464679914735E-16));
#8306=DIRECTION('center_axis',(0.,1.,0.));
#8307=DIRECTION('ref_axis',(1.,0.,0.));
#8308=DIRECTION('center_axis',(0.,1.,0.));
#8309=DIRECTION('ref_axis',(0.,0.,1.));
#8310=DIRECTION('center_axis',(-1.22464679914735E-16,0.,-1.));
#8311=DIRECTION('ref_axis',(-1.,0.,1.22464679914735E-16));
#8312=DIRECTION('center_axis',(0.,-1.,0.));
#8313=DIRECTION('ref_axis',(1.,0.,0.));
#8314=DIRECTION('center_axis',(0.,1.,0.));
#8315=DIRECTION('ref_axis',(1.,0.,0.));
#8316=DIRECTION('center_axis',(0.,-1.,0.));
#8317=DIRECTION('ref_axis',(1.,0.,0.));
#8318=DIRECTION('',(0.,-1.,0.));
#8319=DIRECTION('center_axis',(0.,-1.,0.));
#8320=DIRECTION('ref_axis',(1.,0.,0.));
#8321=DIRECTION('center_axis',(0.,-1.,0.));
#8322=DIRECTION('ref_axis',(1.,0.,0.));
#8323=DIRECTION('',(0.707106781186547,0.707106781186548,8.65956056235493E-17));
#8324=DIRECTION('center_axis',(0.,1.,0.));
#8325=DIRECTION('ref_axis',(1.,0.,0.));
#8326=DIRECTION('center_axis',(1.,0.,0.));
#8327=DIRECTION('ref_axis',(0.,0.,-1.));
#8328=DIRECTION('',(-1.,0.,0.));
#8329=DIRECTION('center_axis',(-1.,0.,0.));
#8330=DIRECTION('ref_axis',(0.,0.,-1.));
#8331=DIRECTION('center_axis',(1.,0.,0.));
#8332=DIRECTION('ref_axis',(0.,0.,-1.));
#8333=DIRECTION('center_axis',(-1.,0.,0.));
#8334=DIRECTION('ref_axis',(0.,0.,-1.));
#8335=DIRECTION('',(-1.,0.,0.));
#8336=DIRECTION('center_axis',(1.,0.,0.));
#8337=DIRECTION('ref_axis',(0.,0.,-1.));
#8338=DIRECTION('center_axis',(-1.,0.,0.));
#8339=DIRECTION('ref_axis',(0.,0.,-1.));
#8340=DIRECTION('',(0.707106781186548,-8.65956056235493E-17,-0.707106781186547));
#8341=DIRECTION('center_axis',(1.,0.,0.));
#8342=DIRECTION('ref_axis',(0.,0.,-1.));
#8343=DIRECTION('center_axis',(-1.,0.,0.));
#8344=DIRECTION('ref_axis',(0.,0.,-1.));
#8345=DIRECTION('',(0.707106781186548,-8.65956056235493E-17,-0.707106781186547));
#8346=DIRECTION('center_axis',(0.,1.,0.));
#8347=DIRECTION('ref_axis',(1.,0.,0.));
#8348=DIRECTION('',(0.,-1.,0.));
#8349=DIRECTION('center_axis',(0.,1.,0.));
#8350=DIRECTION('ref_axis',(1.,0.,0.));
#8351=DIRECTION('center_axis',(0.,1.,0.));
#8352=DIRECTION('ref_axis',(1.,0.,0.));
#8353=DIRECTION('center_axis',(0.,1.,0.));
#8354=DIRECTION('ref_axis',(1.,0.,0.));
#8355=DIRECTION('center_axis',(0.,1.,0.));
#8356=DIRECTION('ref_axis',(1.,0.,0.));
#8357=DIRECTION('center_axis',(0.,-1.,0.));
#8358=DIRECTION('ref_axis',(1.,0.,0.));
#8359=DIRECTION('center_axis',(0.,1.,0.));
#8360=DIRECTION('ref_axis',(1.,0.,0.));
#8361=DIRECTION('center_axis',(0.,1.,0.));
#8362=DIRECTION('ref_axis',(1.,0.,0.));
#8363=DIRECTION('center_axis',(0.,-1.,0.));
#8364=DIRECTION('ref_axis',(1.,0.,0.));
#8365=DIRECTION('center_axis',(0.,1.,0.));
#8366=DIRECTION('ref_axis',(1.,0.,0.));
#8367=DIRECTION('center_axis',(0.,-1.,0.));
#8368=DIRECTION('ref_axis',(1.,0.,0.));
#8369=DIRECTION('center_axis',(0.,1.,0.));
#8370=DIRECTION('ref_axis',(1.,0.,0.));
#8371=DIRECTION('center_axis',(0.,1.,0.));
#8372=DIRECTION('ref_axis',(1.,0.,0.));
#8373=DIRECTION('center_axis',(0.,1.,0.));
#8374=DIRECTION('ref_axis',(1.,0.,0.));
#8375=DIRECTION('center_axis',(0.,-1.,0.));
#8376=DIRECTION('ref_axis',(1.,0.,0.));
#8377=DIRECTION('center_axis',(0.,1.,0.));
#8378=DIRECTION('ref_axis',(1.,0.,0.));
#8379=DIRECTION('center_axis',(0.,-1.,0.));
#8380=DIRECTION('ref_axis',(1.,0.,0.));
#8381=DIRECTION('center_axis',(0.,1.,0.));
#8382=DIRECTION('ref_axis',(1.,0.,0.));
#8383=DIRECTION('center_axis',(0.,1.,0.));
#8384=DIRECTION('ref_axis',(1.,0.,0.));
#8385=DIRECTION('center_axis',(0.,1.,0.));
#8386=DIRECTION('ref_axis',(1.,0.,0.));
#8387=DIRECTION('center_axis',(0.,-1.,0.));
#8388=DIRECTION('ref_axis',(1.,0.,0.));
#8389=DIRECTION('center_axis',(1.,0.,0.));
#8390=DIRECTION('ref_axis',(0.,0.,-1.));
#8391=DIRECTION('',(0.,-1.,0.));
#8392=DIRECTION('',(0.,1.,0.));
#8393=DIRECTION('center_axis',(0.,1.,0.));
#8394=DIRECTION('ref_axis',(1.,0.,0.));
#8395=DIRECTION('',(0.,1.,0.));
#8396=DIRECTION('center_axis',(0.,-1.,0.));
#8397=DIRECTION('ref_axis',(1.,0.,0.));
#8398=DIRECTION('center_axis',(0.500000000006738,0.,-0.866025403780548));
#8399=DIRECTION('ref_axis',(-0.866025403780548,0.,-0.500000000006738));
#8400=DIRECTION('',(0.,-1.,0.));
#8401=DIRECTION('center_axis',(0.,1.,0.));
#8402=DIRECTION('ref_axis',(1.,0.,0.));
#8403=DIRECTION('',(0.,1.,0.));
#8404=DIRECTION('center_axis',(0.,-1.,0.));
#8405=DIRECTION('ref_axis',(1.,0.,0.));
#8406=DIRECTION('center_axis',(-1.,0.,0.));
#8407=DIRECTION('ref_axis',(0.,0.,1.));
#8408=DIRECTION('',(0.,-1.,0.));
#8409=DIRECTION('',(0.,1.,0.));
#8410=DIRECTION('center_axis',(-0.500000000006738,0.,-0.866025403780548));
#8411=DIRECTION('ref_axis',(-0.866025403780548,0.,0.500000000006738));
#8412=DIRECTION('',(0.,-1.,0.));
#8413=DIRECTION('center_axis',(0.,-1.,0.));
#8414=DIRECTION('ref_axis',(1.,0.,0.));
#8415=DIRECTION('center_axis',(0.,-1.,0.));
#8416=DIRECTION('ref_axis',(1.,0.,0.));
#8417=DIRECTION('center_axis',(0.,1.,0.));
#8418=DIRECTION('ref_axis',(1.,0.,0.));
#8419=DIRECTION('center_axis',(0.,-1.,0.));
#8420=DIRECTION('ref_axis',(1.,0.,0.));
#8421=DIRECTION('center_axis',(0.,-1.,0.));
#8422=DIRECTION('ref_axis',(1.,0.,0.));
#8423=DIRECTION('center_axis',(0.,1.,0.));
#8424=DIRECTION('ref_axis',(1.,0.,0.));
#8425=DIRECTION('center_axis',(0.,-1.,0.));
#8426=DIRECTION('ref_axis',(1.,0.,0.));
#8427=DIRECTION('center_axis',(0.,1.,0.));
#8428=DIRECTION('ref_axis',(1.,0.,0.));
#8429=DIRECTION('center_axis',(0.,-1.,0.));
#8430=DIRECTION('ref_axis',(1.,0.,0.));
#8431=DIRECTION('center_axis',(0.,-1.,0.));
#8432=DIRECTION('ref_axis',(1.,0.,0.));
#8433=DIRECTION('center_axis',(0.,1.,0.));
#8434=DIRECTION('ref_axis',(1.,0.,0.));
#8435=DIRECTION('center_axis',(0.,-1.,0.));
#8436=DIRECTION('ref_axis',(1.,0.,0.));
#8437=DIRECTION('center_axis',(0.,1.,0.));
#8438=DIRECTION('ref_axis',(1.,0.,0.));
#8439=DIRECTION('center_axis',(0.,-1.,0.));
#8440=DIRECTION('ref_axis',(1.,0.,0.));
#8441=DIRECTION('center_axis',(0.,-1.,0.));
#8442=DIRECTION('ref_axis',(1.,0.,0.));
#8443=DIRECTION('center_axis',(0.,1.,0.));
#8444=DIRECTION('ref_axis',(1.,0.,0.));
#8445=DIRECTION('center_axis',(0.,1.,0.));
#8446=DIRECTION('ref_axis',(1.,0.,0.));
#8447=DIRECTION('',(0.,-1.,0.));
#8448=DIRECTION('center_axis',(0.500000000006738,0.,0.866025403780548));
#8449=DIRECTION('ref_axis',(0.866025403780548,0.,-0.500000000006738));
#8450=DIRECTION('',(0.,1.,0.));
#8451=DIRECTION('center_axis',(0.,1.,0.));
#8452=DIRECTION('ref_axis',(1.,0.,0.));
#8453=DIRECTION('',(0.,-1.,0.));
#8454=DIRECTION('center_axis',(-0.500000000006738,0.,0.866025403780548));
#8455=DIRECTION('ref_axis',(0.866025403780548,0.,0.500000000006738));
#8456=DIRECTION('',(0.,1.,0.));
#8457=DIRECTION('center_axis',(0.,1.,0.));
#8458=DIRECTION('ref_axis',(1.,0.,0.));
#8459=DIRECTION('center_axis',(0.,1.,0.));
#8460=DIRECTION('ref_axis',(1.,0.,0.));
#8461=DIRECTION('center_axis',(0.,1.,0.));
#8462=DIRECTION('ref_axis',(1.,0.,0.));
#8463=DIRECTION('center_axis',(0.,1.,0.));
#8464=DIRECTION('ref_axis',(0.,0.,1.));
#8465=DIRECTION('',(0.,0.,1.));
#8466=DIRECTION('',(1.,0.,0.));
#8467=DIRECTION('',(0.,0.,-1.));
#8468=DIRECTION('',(1.,0.,0.));
#8469=DIRECTION('center_axis',(0.,0.500000000006738,0.866025403780548));
#8470=DIRECTION('ref_axis',(0.,-0.866025403780548,0.500000000006738));
#8471=DIRECTION('',(0.,-0.866025403780548,0.500000000006738));
#8472=DIRECTION('',(0.,0.866025403780548,-0.500000000006738));
#8473=DIRECTION('',(1.,0.,0.));
#8474=DIRECTION('center_axis',(0.,-0.500000000006738,0.866025403780548));
#8475=DIRECTION('ref_axis',(0.,-0.866025403780548,-0.500000000006738));
#8476=DIRECTION('',(0.,-0.866025403780548,-0.500000000006738));
#8477=DIRECTION('',(0.,0.866025403780548,0.500000000006738));
#8478=DIRECTION('',(1.,0.,0.));
#8479=DIRECTION('center_axis',(0.,-1.,0.));
#8480=DIRECTION('ref_axis',(0.,0.,-1.));
#8481=DIRECTION('',(0.,0.,-1.));
#8482=DIRECTION('',(0.,0.,1.));
#8483=DIRECTION('',(1.,0.,0.));
#8484=DIRECTION('center_axis',(0.,0.500000000006738,-0.866025403780548));
#8485=DIRECTION('ref_axis',(0.,0.866025403780548,0.500000000006738));
#8486=DIRECTION('',(0.,0.866025403780548,0.500000000006738));
#8487=DIRECTION('',(1.,0.,0.));
#8488=DIRECTION('',(0.,-0.866025403780548,-0.500000000006738));
#8489=DIRECTION('center_axis',(0.,-0.500000000006738,-0.866025403780548));
#8490=DIRECTION('ref_axis',(0.,0.866025403780548,-0.500000000006738));
#8491=DIRECTION('',(0.,0.866025403780548,-0.500000000006738));
#8492=DIRECTION('',(0.,-0.866025403780548,0.500000000006738));
#8493=DIRECTION('center_axis',(1.,0.,0.));
#8494=DIRECTION('ref_axis',(0.,1.,0.));
#8495=DIRECTION('center_axis',(1.,0.,0.));
#8496=DIRECTION('ref_axis',(0.,0.,-1.));
#8497=DIRECTION('center_axis',(-1.,0.,0.));
#8498=DIRECTION('ref_axis',(0.,0.,1.));
#8499=DIRECTION('center_axis',(0.,1.,0.));
#8500=DIRECTION('ref_axis',(-1.,0.,0.));
#8501=DIRECTION('center_axis',(0.,1.,0.));
#8502=DIRECTION('ref_axis',(1.,0.,0.));
#8503=DIRECTION('center_axis',(0.,0.,1.));
#8504=DIRECTION('ref_axis',(1.,0.,0.));
#8505=DIRECTION('',(-1.,0.,0.));
#8506=DIRECTION('',(0.,1.,0.));
#8507=DIRECTION('',(1.,0.,0.));
#8508=DIRECTION('',(0.,1.,0.));
#8509=DIRECTION('center_axis',(-0.866025403795548,0.,0.499999999980758));
#8510=DIRECTION('ref_axis',(0.499999999980758,0.,0.866025403795548));
#8511=DIRECTION('',(-0.499999999980758,0.,-0.866025403795548));
#8512=DIRECTION('',(0.499999999980758,0.,0.866025403795548));
#8513=DIRECTION('',(0.,1.,0.));
#8514=DIRECTION('center_axis',(-0.866025403795548,0.,-0.499999999980758));
#8515=DIRECTION('ref_axis',(-0.499999999980758,0.,0.866025403795548));
#8516=DIRECTION('',(0.499999999980758,0.,-0.866025403795548));
#8517=DIRECTION('',(-0.499999999980758,0.,0.866025403795548));
#8518=DIRECTION('',(0.,1.,0.));
#8519=DIRECTION('center_axis',(0.,0.,-1.));
#8520=DIRECTION('ref_axis',(-1.,0.,0.));
#8521=DIRECTION('',(1.,0.,0.));
#8522=DIRECTION('',(-1.,0.,0.));
#8523=DIRECTION('',(0.,1.,0.));
#8524=DIRECTION('center_axis',(0.866025403795548,0.,-0.499999999980758));
#8525=DIRECTION('ref_axis',(-0.499999999980758,0.,-0.866025403795548));
#8526=DIRECTION('',(0.499999999980758,0.,0.866025403795548));
#8527=DIRECTION('',(-0.499999999980758,0.,-0.866025403795548));
#8528=DIRECTION('',(0.,1.,0.));
#8529=DIRECTION('center_axis',(0.866025403795548,0.,0.499999999980758));
#8530=DIRECTION('ref_axis',(0.499999999980758,0.,-0.866025403795548));
#8531=DIRECTION('',(-0.499999999980758,0.,0.866025403795548));
#8532=DIRECTION('',(0.499999999980758,0.,-0.866025403795548));
#8533=DIRECTION('center_axis',(0.,1.,0.));
#8534=DIRECTION('ref_axis',(0.,0.,-1.));
#8535=DIRECTION('center_axis',(0.,-1.,0.));
#8536=DIRECTION('ref_axis',(1.,0.,0.));
#8537=DIRECTION('center_axis',(-1.,0.,0.));
#8538=DIRECTION('ref_axis',(0.,0.,1.));
#8539=DIRECTION('',(0.,0.,-1.));
#8540=DIRECTION('center_axis',(1.,0.,0.));
#8541=DIRECTION('ref_axis',(0.,0.,1.));
#8542=DIRECTION('',(0.,0.,-1.));
#8543=DIRECTION('',(0.,0.,1.));
#8544=DIRECTION('center_axis',(1.,0.,0.));
#8545=DIRECTION('ref_axis',(0.,0.,-1.));
#8546=DIRECTION('',(0.,0.,1.));
#8547=DIRECTION('center_axis',(1.,0.,0.));
#8548=DIRECTION('ref_axis',(0.,0.,-1.));
#8549=DIRECTION('center_axis',(-1.,0.,0.));
#8550=DIRECTION('ref_axis',(0.,0.,1.));
#8551=DIRECTION('center_axis',(-1.,0.,0.));
#8552=DIRECTION('ref_axis',(0.,0.,-1.));
#8553=DIRECTION('',(-1.,0.,0.));
#8554=DIRECTION('center_axis',(-1.,0.,0.));
#8555=DIRECTION('ref_axis',(0.,0.,-1.));
#8556=DIRECTION('',(1.,0.,0.));
#8557=DIRECTION('center_axis',(-1.,0.,0.));
#8558=DIRECTION('ref_axis',(0.,0.,-1.));
#8559=DIRECTION('center_axis',(-1.,0.,0.));
#8560=DIRECTION('ref_axis',(0.,0.,-1.));
#8561=DIRECTION('center_axis',(-1.,0.,0.));
#8562=DIRECTION('ref_axis',(0.,0.,1.));
#8563=DIRECTION('',(0.,0.,-1.));
#8564=DIRECTION('center_axis',(0.,1.,0.));
#8565=DIRECTION('ref_axis',(0.,0.,1.));
#8566=DIRECTION('',(-0.70630279330753,0.,-0.707909855960475));
#8567=DIRECTION('',(1.,0.,0.));
#8568=DIRECTION('',(0.,0.,-1.));
#8569=DIRECTION('',(-1.,0.,0.));
#8570=DIRECTION('',(0.70630279330753,0.,-0.707909855960475));
#8571=DIRECTION('center_axis',(-1.,0.,0.));
#8572=DIRECTION('ref_axis',(0.,0.,-1.));
#8573=DIRECTION('center_axis',(-1.,0.,0.));
#8574=DIRECTION('ref_axis',(0.,0.,1.));
#8575=DIRECTION('center_axis',(-1.,0.,0.));
#8576=DIRECTION('ref_axis',(0.,0.,1.));
#8577=DIRECTION('center_axis',(0.70710676786745,0.,-0.707106794505645));
#8578=DIRECTION('ref_axis',(0.707106794505645,0.,0.70710676786745));
#8579=DIRECTION('center_axis',(-0.707106781186548,-0.707106781186548,0.));
#8580=DIRECTION('ref_axis',(-0.707106781186548,0.707106781186548,0.));
#8581=DIRECTION('center_axis',(0.8023006021926,-0.596920215540898,0.));
#8582=DIRECTION('ref_axis',(0.596920215540898,0.8023006021926,0.));
#8583=DIRECTION('center_axis',(0.707106781186548,0.707106781186547,0.));
#8584=DIRECTION('ref_axis',(-0.707106781186547,0.707106781186548,0.));
#8585=DIRECTION('center_axis',(0.8023006021926,-0.596920215540898,0.));
#8586=DIRECTION('ref_axis',(0.596920215540898,0.8023006021926,0.));
#8587=DIRECTION('center_axis',(-0.707106781186548,-0.707106781186548,0.));
#8588=DIRECTION('ref_axis',(-0.707106781186548,0.707106781186548,0.));
#8589=DIRECTION('center_axis',(0.70710676786745,0.,0.707106794505645));
#8590=DIRECTION('ref_axis',(-0.707106794505645,0.,0.70710676786745));
#8591=DIRECTION('center_axis',(1.,0.,0.));
#8592=DIRECTION('ref_axis',(0.,0.,-1.));
#8593=DIRECTION('',(0.,0.,-1.));
#8594=DIRECTION('',(0.,1.,0.));
#8595=DIRECTION('',(0.,0.,1.));
#8596=DIRECTION('',(0.,1.,0.));
#8597=DIRECTION('center_axis',(0.500000000001742,0.,-0.866025403783433));
#8598=DIRECTION('ref_axis',(-0.866025403783433,0.,-0.500000000001742));
#8599=DIRECTION('',(-0.866025403783433,0.,-0.500000000001742));
#8600=DIRECTION('',(0.866025403783433,0.,0.500000000001742));
#8601=DIRECTION('',(0.,1.,0.));
#8602=DIRECTION('center_axis',(-0.500000000001742,0.,-0.866025403783433));
#8603=DIRECTION('ref_axis',(-0.866025403783433,0.,0.500000000001742));
#8604=DIRECTION('',(-0.866025403783433,0.,0.500000000001742));
#8605=DIRECTION('',(0.866025403783433,0.,-0.500000000001742));
#8606=DIRECTION('',(0.,1.,0.));
#8607=DIRECTION('center_axis',(-1.,0.,0.));
#8608=DIRECTION('ref_axis',(0.,0.,1.));
#8609=DIRECTION('',(0.,0.,1.));
#8610=DIRECTION('',(0.,0.,-1.));
#8611=DIRECTION('',(0.,1.,0.));
#8612=DIRECTION('center_axis',(0.500000000001742,0.,0.866025403783433));
#8613=DIRECTION('ref_axis',(0.866025403783433,0.,-0.500000000001742));
#8614=DIRECTION('',(0.866025403783433,0.,-0.500000000001742));
#8615=DIRECTION('',(0.,1.,0.));
#8616=DIRECTION('',(-0.866025403783433,0.,0.500000000001742));
#8617=DIRECTION('center_axis',(-0.500000000001742,0.,0.866025403783433));
#8618=DIRECTION('ref_axis',(0.866025403783433,0.,0.500000000001742));
#8619=DIRECTION('',(0.866025403783433,0.,0.500000000001742));
#8620=DIRECTION('',(-0.866025403783433,0.,-0.500000000001742));
#8621=DIRECTION('center_axis',(0.,1.,0.));
#8622=DIRECTION('ref_axis',(1.,0.,0.));
#8623=DIRECTION('center_axis',(0.,1.,0.));
#8624=DIRECTION('ref_axis',(1.,0.,0.));
#8625=DIRECTION('center_axis',(0.,-1.,0.));
#8626=DIRECTION('ref_axis',(1.,0.,0.));
#8627=DIRECTION('center_axis',(0.,0.,1.));
#8628=DIRECTION('ref_axis',(0.866927142319801,-0.498434880309579,0.));
#8629=DIRECTION('',(0.,0.,1.));
#8630=DIRECTION('center_axis',(-0.8023006021926,0.596920215540898,0.));
#8631=DIRECTION('ref_axis',(-0.596920215540898,-0.8023006021926,0.));
#8632=DIRECTION('',(0.,0.,1.));
#8633=DIRECTION('',(0.,0.,1.));
#8634=DIRECTION('center_axis',(0.707106781186548,0.707106781186548,0.));
#8635=DIRECTION('ref_axis',(-0.707106781186548,0.707106781186548,0.));
#8636=DIRECTION('',(0.,0.,1.));
#8637=DIRECTION('center_axis',(-0.707106781186548,-0.707106781186547,0.));
#8638=DIRECTION('ref_axis',(0.707106781186547,-0.707106781186548,0.));
#8639=DIRECTION('center_axis',(0.,0.,1.));
#8640=DIRECTION('ref_axis',(-0.707106781306879,-0.707106781066217,0.));
#8641=DIRECTION('center_axis',(-1.,0.,0.));
#8642=DIRECTION('ref_axis',(0.,0.,1.));
#8643=DIRECTION('',(-1.,0.,0.));
#8644=DIRECTION('center_axis',(-1.,0.,0.));
#8645=DIRECTION('ref_axis',(0.,0.,1.));
#8646=DIRECTION('',(1.,0.,0.));
#8647=DIRECTION('center_axis',(-1.,0.,0.));
#8648=DIRECTION('ref_axis',(0.,0.,1.));
#8649=DIRECTION('center_axis',(-1.,0.,0.));
#8650=DIRECTION('ref_axis',(0.,0.,1.));
#8651=DIRECTION('center_axis',(-1.,0.,0.));
#8652=DIRECTION('ref_axis',(0.,0.,-1.));
#8653=DIRECTION('',(0.,0.,1.));
#8654=DIRECTION('center_axis',(0.,-1.,0.));
#8655=DIRECTION('ref_axis',(0.,0.,-1.));
#8656=DIRECTION('',(-0.70630279330753,0.,0.707909855960475));
#8657=DIRECTION('',(1.,0.,0.));
#8658=DIRECTION('',(0.,0.,1.));
#8659=DIRECTION('',(-1.,0.,0.));
#8660=DIRECTION('',(0.70630279330753,0.,0.707909855960475));
#8661=DIRECTION('center_axis',(-1.,0.,0.));
#8662=DIRECTION('ref_axis',(0.,0.,1.));
#8663=DIRECTION('center_axis',(-1.,0.,0.));
#8664=DIRECTION('ref_axis',(0.,0.,-1.));
#8665=DIRECTION('center_axis',(-1.,0.,0.));
#8666=DIRECTION('ref_axis',(0.,0.,-1.));
#8667=DIRECTION('center_axis',(0.70710676786745,0.,0.707106794505645));
#8668=DIRECTION('ref_axis',(0.707106794505645,0.,-0.70710676786745));
#8669=DIRECTION('center_axis',(-0.707106781186548,0.707106781186548,0.));
#8670=DIRECTION('ref_axis',(-0.707106781186548,-0.707106781186548,0.));
#8671=DIRECTION('center_axis',(0.8023006021926,0.596920215540898,0.));
#8672=DIRECTION('ref_axis',(0.596920215540898,-0.8023006021926,0.));
#8673=DIRECTION('center_axis',(0.707106781186548,-0.707106781186547,0.));
#8674=DIRECTION('ref_axis',(-0.707106781186547,-0.707106781186548,0.));
#8675=DIRECTION('center_axis',(0.8023006021926,0.596920215540898,0.));
#8676=DIRECTION('ref_axis',(0.596920215540898,-0.8023006021926,0.));
#8677=DIRECTION('center_axis',(-0.707106781186548,0.707106781186548,0.));
#8678=DIRECTION('ref_axis',(-0.707106781186548,-0.707106781186548,0.));
#8679=DIRECTION('center_axis',(0.70710676786745,0.,-0.707106794505645));
#8680=DIRECTION('ref_axis',(-0.707106794505645,0.,-0.70710676786745));
#8681=DIRECTION('center_axis',(1.,0.,0.));
#8682=DIRECTION('ref_axis',(0.,0.,1.));
#8683=DIRECTION('',(0.,0.,1.));
#8684=DIRECTION('',(0.,-1.,0.));
#8685=DIRECTION('',(0.,0.,-1.));
#8686=DIRECTION('',(0.,-1.,0.));
#8687=DIRECTION('center_axis',(0.500000000001742,0.,0.866025403783433));
#8688=DIRECTION('ref_axis',(-0.866025403783433,0.,0.500000000001742));
#8689=DIRECTION('',(-0.866025403783433,0.,0.500000000001742));
#8690=DIRECTION('',(0.866025403783433,0.,-0.500000000001742));
#8691=DIRECTION('',(0.,-1.,0.));
#8692=DIRECTION('center_axis',(-0.500000000001742,0.,0.866025403783433));
#8693=DIRECTION('ref_axis',(-0.866025403783433,0.,-0.500000000001742));
#8694=DIRECTION('',(-0.866025403783433,0.,-0.500000000001742));
#8695=DIRECTION('',(0.866025403783433,0.,0.500000000001742));
#8696=DIRECTION('',(0.,-1.,0.));
#8697=DIRECTION('center_axis',(-1.,0.,0.));
#8698=DIRECTION('ref_axis',(0.,0.,-1.));
#8699=DIRECTION('',(0.,0.,-1.));
#8700=DIRECTION('',(0.,0.,1.));
#8701=DIRECTION('',(0.,-1.,0.));
#8702=DIRECTION('center_axis',(0.500000000001742,0.,-0.866025403783433));
#8703=DIRECTION('ref_axis',(0.866025403783433,0.,0.500000000001742));
#8704=DIRECTION('',(0.866025403783433,0.,0.500000000001742));
#8705=DIRECTION('',(0.,-1.,0.));
#8706=DIRECTION('',(-0.866025403783433,0.,-0.500000000001742));
#8707=DIRECTION('center_axis',(-0.500000000001742,0.,-0.866025403783433));
#8708=DIRECTION('ref_axis',(0.866025403783433,0.,-0.500000000001742));
#8709=DIRECTION('',(0.866025403783433,0.,-0.500000000001742));
#8710=DIRECTION('',(-0.866025403783433,0.,0.500000000001742));
#8711=DIRECTION('center_axis',(0.,-1.,0.));
#8712=DIRECTION('ref_axis',(1.,0.,0.));
#8713=DIRECTION('center_axis',(0.,-1.,0.));
#8714=DIRECTION('ref_axis',(1.,0.,0.));
#8715=DIRECTION('center_axis',(0.,1.,0.));
#8716=DIRECTION('ref_axis',(1.,0.,0.));
#8717=DIRECTION('center_axis',(0.,0.,-1.));
#8718=DIRECTION('ref_axis',(0.866927142319801,0.498434880309579,0.));
#8719=DIRECTION('',(0.,0.,-1.));
#8720=DIRECTION('center_axis',(-0.8023006021926,-0.596920215540898,0.));
#8721=DIRECTION('ref_axis',(-0.596920215540898,0.8023006021926,0.));
#8722=DIRECTION('',(0.,0.,-1.));
#8723=DIRECTION('',(0.,0.,-1.));
#8724=DIRECTION('center_axis',(0.707106781186548,-0.707106781186548,0.));
#8725=DIRECTION('ref_axis',(-0.707106781186548,-0.707106781186548,0.));
#8726=DIRECTION('',(0.,0.,-1.));
#8727=DIRECTION('center_axis',(-0.707106781186548,0.707106781186547,0.));
#8728=DIRECTION('ref_axis',(0.707106781186547,0.707106781186548,0.));
#8729=DIRECTION('center_axis',(0.,0.,-1.));
#8730=DIRECTION('ref_axis',(-0.707106781306879,0.707106781066217,0.));
#8731=DIRECTION('axis',(0.,0.,1.));
#8732=DIRECTION('refdir',(1.,0.,0.));
#8733=DIRECTION('center_axis',(0.,-1.,0.));
#8734=DIRECTION('ref_axis',(0.756995051971136,0.,0.653420608254146));
#8735=DIRECTION('center_axis',(0.,1.,0.));
#8736=DIRECTION('ref_axis',(0.756995051971136,0.,0.653420608254146));
#8737=DIRECTION('',(0.,-1.,0.));
#8738=DIRECTION('center_axis',(0.,-1.,0.));
#8739=DIRECTION('ref_axis',(0.756995051971136,0.,0.653420608254146));
#8740=DIRECTION('',(0.,-1.,0.));
#8741=DIRECTION('center_axis',(0.75699505826061,0.,0.65342060096772));
#8742=DIRECTION('ref_axis',(-0.65342060096772,0.,0.75699505826061));
#8743=DIRECTION('',(0.65342060096772,0.,-0.75699505826061));
#8744=DIRECTION('',(0.,-1.,0.));
#8745=DIRECTION('',(-0.65342060096772,0.,0.75699505826061));
#8746=DIRECTION('center_axis',(0.,-1.,0.));
#8747=DIRECTION('ref_axis',(-0.756995048753612,0.,-0.653420611981682));
#8748=DIRECTION('center_axis',(0.,-1.,0.));
#8749=DIRECTION('ref_axis',(-0.756995048753612,0.,-0.653420611981682));
#8750=DIRECTION('',(0.,-1.,0.));
#8751=DIRECTION('center_axis',(0.,-1.,0.));
#8752=DIRECTION('ref_axis',(-0.756995048753612,0.,-0.653420611981682));
#8753=DIRECTION('center_axis',(0.,-1.,0.));
#8754=DIRECTION('ref_axis',(-0.393962665994461,0.,0.919126442771906));
#8755=DIRECTION('center_axis',(0.,1.,0.));
#8756=DIRECTION('ref_axis',(-0.393962665994461,0.,0.919126442771906));
#8757=DIRECTION('',(0.,-1.,0.));
#8758=DIRECTION('center_axis',(0.,-1.,0.));
#8759=DIRECTION('ref_axis',(-0.393962665994461,0.,0.919126442771906));
#8760=DIRECTION('center_axis',(0.,-1.,0.));
#8761=DIRECTION('ref_axis',(0.393962653641758,0.,-0.919126448066611));
#8762=DIRECTION('center_axis',(0.,-1.,0.));
#8763=DIRECTION('ref_axis',(0.393962653641758,0.,-0.919126448066611));
#8764=DIRECTION('',(0.,-1.,0.));
#8765=DIRECTION('center_axis',(0.,-1.,0.));
#8766=DIRECTION('ref_axis',(0.393962653641758,0.,-0.919126448066611));
#8767=DIRECTION('center_axis',(-0.65342060096772,0.,-0.75699505826061));
#8768=DIRECTION('ref_axis',(0.75699505826061,0.,-0.65342060096772));
#8769=DIRECTION('',(-0.75699505826061,0.,0.65342060096772));
#8770=DIRECTION('',(0.,-1.,0.));
#8771=DIRECTION('',(0.75699505826061,0.,-0.65342060096772));
#8772=DIRECTION('center_axis',(0.,-1.,0.));
#8773=DIRECTION('ref_axis',(-0.375181887427001,0.,0.926951213034814));
#8774=DIRECTION('center_axis',(0.,1.,0.));
#8775=DIRECTION('ref_axis',(-0.375181887427001,0.,0.926951213034814));
#8776=DIRECTION('',(0.,-1.,0.));
#8777=DIRECTION('center_axis',(0.,-1.,0.));
#8778=DIRECTION('ref_axis',(-0.375181887427001,0.,0.926951213034814));
#8779=DIRECTION('center_axis',(0.,-1.,0.));
#8780=DIRECTION('ref_axis',(0.0975176580908293,0.,0.995233794824352));
#8781=DIRECTION('center_axis',(0.,1.,0.));
#8782=DIRECTION('ref_axis',(0.0975176580908293,0.,0.995233794824352));
#8783=DIRECTION('',(0.,-1.,0.));
#8784=DIRECTION('center_axis',(0.,-1.,0.));
#8785=DIRECTION('ref_axis',(0.0975176580908293,0.,0.995233794824352));
#8786=DIRECTION('center_axis',(0.,-1.,0.));
#8787=DIRECTION('ref_axis',(0.97437006235879,0.,-0.224951064853952));
#8788=DIRECTION('center_axis',(0.,1.,0.));
#8789=DIRECTION('ref_axis',(0.97437006235879,0.,-0.224951064853952));
#8790=DIRECTION('',(0.,-1.,0.));
#8791=DIRECTION('center_axis',(0.,-1.,0.));
#8792=DIRECTION('ref_axis',(0.97437006235879,0.,-0.224951064853952));
#8793=DIRECTION('center_axis',(0.97437006488667,0.,-0.224951053904505));
#8794=DIRECTION('ref_axis',(0.224951053904505,0.,0.97437006488667));
#8795=DIRECTION('',(-0.224951053904505,0.,-0.97437006488667));
#8796=DIRECTION('',(0.,-1.,0.));
#8797=DIRECTION('',(0.224951053904505,0.,0.97437006488667));
#8798=DIRECTION('center_axis',(0.,-1.,0.));
#8799=DIRECTION('ref_axis',(-0.0577438406593678,0.,-0.998331432373992));
#8800=DIRECTION('center_axis',(0.,1.,0.));
#8801=DIRECTION('ref_axis',(-0.0577438406593678,0.,-0.998331432373992));
#8802=DIRECTION('',(0.,-1.,0.));
#8803=DIRECTION('center_axis',(0.,-1.,0.));
#8804=DIRECTION('ref_axis',(-0.0577438406593678,0.,-0.998331432373992));
#8805=DIRECTION('center_axis',(0.,-1.,0.));
#8806=DIRECTION('ref_axis',(0.0577438561811505,0.,0.998331431476206));
#8807=DIRECTION('center_axis',(0.,-1.,0.));
#8808=DIRECTION('ref_axis',(0.0577438561811505,0.,0.998331431476206));
#8809=DIRECTION('',(0.,-1.,0.));
#8810=DIRECTION('center_axis',(0.,-1.,0.));
#8811=DIRECTION('ref_axis',(0.0577438561811505,0.,0.998331431476206));
#8812=DIRECTION('center_axis',(0.,-1.,0.));
#8813=DIRECTION('ref_axis',(-0.133152792247037,0.,0.991095522095029));
#8814=DIRECTION('center_axis',(0.,-1.,0.));
#8815=DIRECTION('ref_axis',(-0.133152792247037,0.,0.991095522095029));
#8816=DIRECTION('',(0.,-1.,0.));
#8817=DIRECTION('center_axis',(0.,-1.,0.));
#8818=DIRECTION('ref_axis',(-0.133152792247037,0.,0.991095522095029));
#8819=DIRECTION('center_axis',(0.642787608922175,0.,-0.766044443760356));
#8820=DIRECTION('ref_axis',(0.766044443760356,0.,0.642787608922175));
#8821=DIRECTION('',(-0.766044443760356,0.,-0.642787608922175));
#8822=DIRECTION('',(0.,-1.,0.));
#8823=DIRECTION('',(0.766044443760355,0.,0.642787608922176));
#8824=DIRECTION('center_axis',(0.,-1.,0.));
#8825=DIRECTION('ref_axis',(-0.642787608154249,0.,0.766044444404722));
#8826=DIRECTION('center_axis',(0.,-1.,0.));
#8827=DIRECTION('ref_axis',(-0.642787608154249,0.,0.766044444404722));
#8828=DIRECTION('',(0.,-1.,0.));
#8829=DIRECTION('center_axis',(0.,-1.,0.));
#8830=DIRECTION('ref_axis',(-0.642787608154249,0.,0.766044444404722));
#8831=DIRECTION('center_axis',(1.,0.,0.));
#8832=DIRECTION('ref_axis',(0.,0.,1.));
#8833=DIRECTION('',(0.,0.,-1.));
#8834=DIRECTION('',(0.,-1.,0.));
#8835=DIRECTION('',(0.,0.,1.));
#8836=DIRECTION('center_axis',(0.,-1.,0.));
#8837=DIRECTION('ref_axis',(0.282894714243792,0.,-0.959150968645147));
#8838=DIRECTION('center_axis',(0.,1.,0.));
#8839=DIRECTION('ref_axis',(0.282894714243792,0.,-0.959150968645147));
#8840=DIRECTION('',(0.,-1.,0.));
#8841=DIRECTION('center_axis',(0.,-1.,0.));
#8842=DIRECTION('ref_axis',(0.282894714243792,0.,-0.959150968645147));
#8843=DIRECTION('center_axis',(0.,-1.,0.));
#8844=DIRECTION('ref_axis',(-0.282894737188134,0.,0.959150961877877));
#8845=DIRECTION('center_axis',(0.,-1.,0.));
#8846=DIRECTION('ref_axis',(-0.282894737188134,0.,0.959150961877877));
#8847=DIRECTION('',(0.,-1.,0.));
#8848=DIRECTION('center_axis',(0.,-1.,0.));
#8849=DIRECTION('ref_axis',(-0.282894737188134,0.,0.959150961877877));
#8850=DIRECTION('center_axis',(0.,-1.,0.));
#8851=DIRECTION('ref_axis',(0.999999999999999,0.,4.03375175556762E-8));
#8852=DIRECTION('center_axis',(0.,1.,0.));
#8853=DIRECTION('ref_axis',(0.999999999999999,0.,4.03375175556762E-8));
#8854=DIRECTION('',(0.,-1.,0.));
#8855=DIRECTION('center_axis',(0.,-1.,0.));
#8856=DIRECTION('ref_axis',(0.999999999999999,0.,4.03375175556762E-8));
#8857=DIRECTION('center_axis',(1.,0.,0.));
#8858=DIRECTION('ref_axis',(0.,0.,1.));
#8859=DIRECTION('',(0.,0.,-1.));
#8860=DIRECTION('',(0.,-1.,0.));
#8861=DIRECTION('',(0.,0.,1.));
#8862=DIRECTION('center_axis',(0.,-1.,0.));
#8863=DIRECTION('ref_axis',(-1.,0.,5.88218721469674E-9));
#8864=DIRECTION('center_axis',(0.,-1.,0.));
#8865=DIRECTION('ref_axis',(-1.,0.,5.88218721469674E-9));
#8866=DIRECTION('',(0.,-1.,0.));
#8867=DIRECTION('center_axis',(0.,-1.,0.));
#8868=DIRECTION('ref_axis',(-1.,0.,5.88218721469674E-9));
#8869=DIRECTION('center_axis',(0.,-1.,0.));
#8870=DIRECTION('ref_axis',(-0.0493827147813086,0.,-0.998779929454346));
#8871=DIRECTION('center_axis',(0.,-1.,0.));
#8872=DIRECTION('ref_axis',(-0.0493827147813086,0.,-0.998779929454346));
#8873=DIRECTION('',(0.,-1.,0.));
#8874=DIRECTION('center_axis',(0.,-1.,0.));
#8875=DIRECTION('ref_axis',(-0.0493827147813086,0.,-0.998779929454346));
#8876=DIRECTION('center_axis',(0.,-1.,0.));
#8877=DIRECTION('ref_axis',(0.164703961305667,0.,-0.986343046373938));
#8878=DIRECTION('center_axis',(0.,-1.,0.));
#8879=DIRECTION('ref_axis',(0.164703961305667,0.,-0.986343046373938));
#8880=DIRECTION('',(0.,-1.,0.));
#8881=DIRECTION('center_axis',(0.,-1.,0.));
#8882=DIRECTION('ref_axis',(0.164703961305667,0.,-0.986343046373938));
#8883=DIRECTION('center_axis',(-0.653420606057126,0.,-0.756995053867553));
#8884=DIRECTION('ref_axis',(0.756995053867553,0.,-0.653420606057126));
#8885=DIRECTION('',(-0.756995053867552,0.,0.653420606057126));
#8886=DIRECTION('',(0.,-1.,0.));
#8887=DIRECTION('',(0.756995053867552,0.,-0.653420606057126));
#8888=DIRECTION('center_axis',(0.,-1.,0.));
#8889=DIRECTION('ref_axis',(-0.13629668364495,0.,0.99066806450364));
#8890=DIRECTION('center_axis',(0.,1.,0.));
#8891=DIRECTION('ref_axis',(-0.13629668364495,0.,0.99066806450364));
#8892=DIRECTION('',(0.,-1.,0.));
#8893=DIRECTION('center_axis',(0.,-1.,0.));
#8894=DIRECTION('ref_axis',(-0.13629668364495,0.,0.99066806450364));
#8895=DIRECTION('center_axis',(0.,-1.,0.));
#8896=DIRECTION('ref_axis',(0.136296731508483,0.,-0.990668057918547));
#8897=DIRECTION('center_axis',(0.,-1.,0.));
#8898=DIRECTION('ref_axis',(0.136296731508483,0.,-0.990668057918547));
#8899=DIRECTION('',(0.,-1.,0.));
#8900=DIRECTION('center_axis',(0.,-1.,0.));
#8901=DIRECTION('ref_axis',(0.136296731508483,0.,-0.990668057918547));
#8902=DIRECTION('center_axis',(0.,-1.,0.));
#8903=DIRECTION('ref_axis',(0.653420634972577,0.,0.756995028908404));
#8904=DIRECTION('center_axis',(0.,1.,0.));
#8905=DIRECTION('ref_axis',(0.653420634972577,0.,0.756995028908404));
#8906=DIRECTION('',(0.,-1.,0.));
#8907=DIRECTION('center_axis',(0.,-1.,0.));
#8908=DIRECTION('ref_axis',(0.653420634972577,0.,0.756995028908404));
#8909=DIRECTION('center_axis',(0.653420603503695,0.,0.756995056071615));
#8910=DIRECTION('ref_axis',(-0.756995056071615,0.,0.653420603503695));
#8911=DIRECTION('',(0.756995056071615,0.,-0.653420603503695));
#8912=DIRECTION('',(0.,-1.,0.));
#8913=DIRECTION('',(-0.756995056071615,0.,0.653420603503695));
#8914=DIRECTION('center_axis',(0.,-1.,0.));
#8915=DIRECTION('ref_axis',(0.375181887427004,0.,-0.926951213034813));
#8916=DIRECTION('center_axis',(0.,1.,0.));
#8917=DIRECTION('ref_axis',(0.375181887427004,0.,-0.926951213034813));
#8918=DIRECTION('',(0.,-1.,0.));
#8919=DIRECTION('center_axis',(0.,-1.,0.));
#8920=DIRECTION('ref_axis',(0.375181887427004,0.,-0.926951213034813));
#8921=DIRECTION('center_axis',(0.,-1.,0.));
#8922=DIRECTION('ref_axis',(-0.375181893633793,0.,-0.926951210522626));
#8923=DIRECTION('center_axis',(0.,1.,0.));
#8924=DIRECTION('ref_axis',(-0.375181893633793,0.,-0.926951210522626));
#8925=DIRECTION('',(0.,-1.,0.));
#8926=DIRECTION('center_axis',(0.,-1.,0.));
#8927=DIRECTION('ref_axis',(-0.375181893633793,0.,-0.926951210522626));
#8928=DIRECTION('center_axis',(0.,-1.,0.));
#8929=DIRECTION('ref_axis',(-0.653420608254146,0.,0.756995051971136));
#8930=DIRECTION('center_axis',(0.,1.,0.));
#8931=DIRECTION('ref_axis',(-0.653420608254146,0.,0.756995051971136));
#8932=DIRECTION('',(0.,-1.,0.));
#8933=DIRECTION('center_axis',(0.,-1.,0.));
#8934=DIRECTION('ref_axis',(-0.653420608254146,0.,0.756995051971136));
#8935=DIRECTION('center_axis',(-0.653420600967718,0.,0.756995058260611));
#8936=DIRECTION('ref_axis',(-0.756995058260611,0.,-0.653420600967718));
#8937=DIRECTION('',(0.756995058260611,0.,0.653420600967718));
#8938=DIRECTION('',(0.,-1.,0.));
#8939=DIRECTION('',(-0.756995058260611,0.,-0.653420600967718));
#8940=DIRECTION('center_axis',(0.,-1.,0.));
#8941=DIRECTION('ref_axis',(0.65342061198168,0.,-0.756995048753615));
#8942=DIRECTION('center_axis',(0.,-1.,0.));
#8943=DIRECTION('ref_axis',(0.65342061198168,0.,-0.756995048753615));
#8944=DIRECTION('',(0.,-1.,0.));
#8945=DIRECTION('center_axis',(0.,-1.,0.));
#8946=DIRECTION('ref_axis',(0.65342061198168,0.,-0.756995048753615));
#8947=DIRECTION('center_axis',(0.,-1.,0.));
#8948=DIRECTION('ref_axis',(-0.919126442771905,0.,-0.393962665994461));
#8949=DIRECTION('center_axis',(0.,1.,0.));
#8950=DIRECTION('ref_axis',(-0.919126442771905,0.,-0.393962665994461));
#8951=DIRECTION('',(0.,-1.,0.));
#8952=DIRECTION('center_axis',(0.,-1.,0.));
#8953=DIRECTION('ref_axis',(-0.919126442771905,0.,-0.393962665994461));
#8954=DIRECTION('center_axis',(0.,-1.,0.));
#8955=DIRECTION('ref_axis',(0.919126448066611,0.,0.393962653641758));
#8956=DIRECTION('center_axis',(0.,-1.,0.));
#8957=DIRECTION('ref_axis',(0.919126448066611,0.,0.393962653641758));
#8958=DIRECTION('',(0.,-1.,0.));
#8959=DIRECTION('center_axis',(0.,-1.,0.));
#8960=DIRECTION('ref_axis',(0.919126448066611,0.,0.393962653641758));
#8961=DIRECTION('center_axis',(0.75699505826061,0.,-0.65342060096772));
#8962=DIRECTION('ref_axis',(0.65342060096772,0.,0.75699505826061));
#8963=DIRECTION('',(-0.65342060096772,0.,-0.75699505826061));
#8964=DIRECTION('',(0.,-1.,0.));
#8965=DIRECTION('',(0.65342060096772,0.,0.75699505826061));
#8966=DIRECTION('center_axis',(0.,-1.,0.));
#8967=DIRECTION('ref_axis',(-0.926951213034815,0.,-0.375181887426999));
#8968=DIRECTION('center_axis',(0.,1.,0.));
#8969=DIRECTION('ref_axis',(-0.926951213034815,0.,-0.375181887426999));
#8970=DIRECTION('',(0.,-1.,0.));
#8971=DIRECTION('center_axis',(0.,-1.,0.));
#8972=DIRECTION('ref_axis',(-0.926951213034815,0.,-0.375181887426999));
#8973=DIRECTION('center_axis',(0.,-1.,0.));
#8974=DIRECTION('ref_axis',(-0.926951210522627,0.,0.37518189363379));
#8975=DIRECTION('center_axis',(0.,1.,0.));
#8976=DIRECTION('ref_axis',(-0.926951210522627,0.,0.37518189363379));
#8977=DIRECTION('center_axis',(0.,-1.,0.));
#8978=DIRECTION('ref_axis',(-0.926951210522627,0.,0.37518189363379));
#8979=DIRECTION('center_axis',(0.,-1.,0.));
#8980=DIRECTION('ref_axis',(1.,0.,0.));
#8981=DIRECTION('center_axis',(0.,-1.,0.));
#8982=DIRECTION('ref_axis',(1.,0.,0.));
#8983=DIRECTION('center_axis',(0.,-1.,0.));
#8984=DIRECTION('ref_axis',(1.,0.,-9.25185853939883E-17));
#8985=DIRECTION('center_axis',(0.,-1.,0.));
#8986=DIRECTION('ref_axis',(-0.11842105277013,0.,-0.992963470758524));
#8987=DIRECTION('',(0.,-1.,0.));
#8988=DIRECTION('center_axis',(0.,-1.,0.));
#8989=DIRECTION('ref_axis',(-0.11842105277013,0.,-0.992963470758524));
#8990=DIRECTION('',(0.,-1.,0.));
#8991=DIRECTION('center_axis',(0.,-1.,0.));
#8992=DIRECTION('ref_axis',(-0.64278757472744,0.,0.766044472453144));
#8993=DIRECTION('center_axis',(0.,1.,0.));
#8994=DIRECTION('ref_axis',(-0.64278757472744,0.,0.766044472453144));
#8995=DIRECTION('',(0.,-1.,0.));
#8996=DIRECTION('center_axis',(0.,-1.,0.));
#8997=DIRECTION('ref_axis',(-0.64278757472744,0.,0.766044472453144));
#8998=DIRECTION('',(0.,-1.,0.));
#8999=DIRECTION('center_axis',(-0.642787605423992,0.,0.76604444669568));
#9000=DIRECTION('ref_axis',(-0.76604444669568,0.,-0.642787605423992));
#9001=DIRECTION('',(0.76604444669568,0.,0.642787605423992));
#9002=DIRECTION('',(0.,-1.,0.));
#9003=DIRECTION('',(0.76604444669568,0.,0.642787605423992));
#9004=DIRECTION('center_axis',(0.,-1.,0.));
#9005=DIRECTION('ref_axis',(-0.0660050604470463,0.,0.997819288245813));
#9006=DIRECTION('center_axis',(0.,1.,0.));
#9007=DIRECTION('ref_axis',(-0.0660050604470463,0.,0.997819288245813));
#9008=DIRECTION('',(0.,-1.,0.));
#9009=DIRECTION('center_axis',(0.,-1.,0.));
#9010=DIRECTION('ref_axis',(-0.0660050604470463,0.,0.997819288245813));
#9011=DIRECTION('center_axis',(0.,-1.,0.));
#9012=DIRECTION('ref_axis',(0.119339240342695,0.,0.992853536889721));
#9013=DIRECTION('center_axis',(0.,1.,0.));
#9014=DIRECTION('ref_axis',(0.119339240342695,0.,0.992853536889721));
#9015=DIRECTION('',(0.,-1.,0.));
#9016=DIRECTION('center_axis',(0.,-1.,0.));
#9017=DIRECTION('ref_axis',(0.119339240342695,0.,0.992853536889721));
#9018=DIRECTION('center_axis',(0.,-1.,0.));
#9019=DIRECTION('ref_axis',(-0.119339247483765,0.,-0.992853536031377));
#9020=DIRECTION('center_axis',(0.,-1.,0.));
#9021=DIRECTION('ref_axis',(-0.119339247483765,0.,-0.992853536031377));
#9022=DIRECTION('',(0.,-1.,0.));
#9023=DIRECTION('center_axis',(0.,-1.,0.));
#9024=DIRECTION('ref_axis',(-0.119339247483765,0.,-0.992853536031377));
#9025=DIRECTION('center_axis',(-0.974370064543532,0.,0.224951055390798));
#9026=DIRECTION('ref_axis',(-0.224951055390798,0.,-0.974370064543532));
#9027=DIRECTION('',(0.224951055390798,0.,0.974370064543532));
#9028=DIRECTION('',(0.,-1.,0.));
#9029=DIRECTION('',(0.224951055390798,0.,0.974370064543532));
#9030=DIRECTION('center_axis',(0.,-1.,0.));
#9031=DIRECTION('ref_axis',(0.234154100212512,0.,0.972199494627347));
#9032=DIRECTION('center_axis',(0.,1.,0.));
#9033=DIRECTION('ref_axis',(0.234154100212512,0.,0.972199494627347));
#9034=DIRECTION('',(0.,-1.,0.));
#9035=DIRECTION('center_axis',(0.,-1.,0.));
#9036=DIRECTION('ref_axis',(0.234154100212512,0.,0.972199494627347));
#9037=DIRECTION('center_axis',(0.,-1.,0.));
#9038=DIRECTION('ref_axis',(0.399926440845684,0.,0.916547239324032));
#9039=DIRECTION('center_axis',(0.,1.,0.));
#9040=DIRECTION('ref_axis',(0.399926440845684,0.,0.916547239324032));
#9041=DIRECTION('',(0.,-1.,0.));
#9042=DIRECTION('center_axis',(0.,-1.,0.));
#9043=DIRECTION('ref_axis',(0.399926440845684,0.,0.916547239324032));
#9044=DIRECTION('center_axis',(0.,-1.,0.));
#9045=DIRECTION('ref_axis',(0.656059028898133,0.,-0.754709580303071));
#9046=DIRECTION('center_axis',(0.,1.,0.));
#9047=DIRECTION('ref_axis',(0.656059028898133,0.,-0.754709580303071));
#9048=DIRECTION('',(0.,-1.,0.));
#9049=DIRECTION('center_axis',(0.,-1.,0.));
#9050=DIRECTION('ref_axis',(0.656059028898133,0.,-0.754709580303071));
#9051=DIRECTION('center_axis',(0.656059027768592,0.,-0.754709581284967));
#9052=DIRECTION('ref_axis',(0.754709581284967,0.,0.656059027768592));
#9053=DIRECTION('',(-0.754709581284967,0.,-0.656059027768592));
#9054=DIRECTION('',(0.,-1.,0.));
#9055=DIRECTION('',(-0.754709581284967,0.,-0.656059027768592));
#9056=DIRECTION('center_axis',(0.,-1.,0.));
#9057=DIRECTION('ref_axis',(-0.656059039035366,0.,0.754709571490909));
#9058=DIRECTION('center_axis',(0.,-1.,0.));
#9059=DIRECTION('ref_axis',(-0.656059039035366,0.,0.754709571490909));
#9060=DIRECTION('',(0.,-1.,0.));
#9061=DIRECTION('center_axis',(0.,-1.,0.));
#9062=DIRECTION('ref_axis',(-0.656059039035366,0.,0.754709571490909));
#9063=DIRECTION('center_axis',(0.,-1.,0.));
#9064=DIRECTION('ref_axis',(0.919592133825208,0.,0.392874416839276));
#9065=DIRECTION('center_axis',(0.,1.,0.));
#9066=DIRECTION('ref_axis',(0.919592133825208,0.,0.392874416839276));
#9067=DIRECTION('',(0.,-1.,0.));
#9068=DIRECTION('center_axis',(0.,-1.,0.));
#9069=DIRECTION('ref_axis',(0.919592133825208,0.,0.392874416839276));
#9070=DIRECTION('center_axis',(0.,-1.,0.));
#9071=DIRECTION('ref_axis',(-0.919592138922164,0.,-0.392874404908947));
#9072=DIRECTION('center_axis',(0.,-1.,0.));
#9073=DIRECTION('ref_axis',(-0.919592138922164,0.,-0.392874404908947));
#9074=DIRECTION('',(0.,-1.,0.));
#9075=DIRECTION('center_axis',(0.,-1.,0.));
#9076=DIRECTION('ref_axis',(-0.919592138922164,0.,-0.392874404908947));
#9077=DIRECTION('center_axis',(-0.756995056056251,0.,0.653420603521494));
#9078=DIRECTION('ref_axis',(-0.653420603521494,0.,-0.756995056056251));
#9079=DIRECTION('',(0.653420603521494,0.,0.756995056056251));
#9080=DIRECTION('',(0.,-1.,0.));
#9081=DIRECTION('',(0.653420603521494,0.,0.756995056056251));
#9082=DIRECTION('center_axis',(0.,-1.,0.));
#9083=DIRECTION('ref_axis',(0.930495250902118,0.,0.36630395581894));
#9084=DIRECTION('center_axis',(0.,1.,0.));
#9085=DIRECTION('ref_axis',(0.930495250902118,0.,0.36630395581894));
#9086=DIRECTION('',(0.,-1.,0.));
#9087=DIRECTION('center_axis',(0.,-1.,0.));
#9088=DIRECTION('ref_axis',(0.930495250902118,0.,0.36630395581894));
#9089=DIRECTION('center_axis',(0.,-1.,0.));
#9090=DIRECTION('ref_axis',(0.929889069802584,0.,-0.367840071038604));
#9091=DIRECTION('center_axis',(0.,1.,0.));
#9092=DIRECTION('ref_axis',(0.929889069802584,0.,-0.367840071038604));
#9093=DIRECTION('',(0.,-1.,0.));
#9094=DIRECTION('center_axis',(0.,-1.,0.));
#9095=DIRECTION('ref_axis',(0.929889069802584,0.,-0.367840071038604));
#9096=DIRECTION('center_axis',(0.,-1.,0.));
#9097=DIRECTION('ref_axis',(-0.765402662368854,0.,-0.643551679695322));
#9098=DIRECTION('center_axis',(0.,1.,0.));
#9099=DIRECTION('ref_axis',(-0.765402662368854,0.,-0.643551679695322));
#9100=DIRECTION('',(0.,-1.,0.));
#9101=DIRECTION('center_axis',(0.,-1.,0.));
#9102=DIRECTION('ref_axis',(-0.765402662368854,0.,-0.643551679695322));
#9103=DIRECTION('center_axis',(-0.765402665963227,0.,-0.643551675420385));
#9104=DIRECTION('ref_axis',(0.643551675420385,0.,-0.765402665963227));
#9105=DIRECTION('',(-0.643551675420385,0.,0.765402665963227));
#9106=DIRECTION('',(0.,-1.,0.));
#9107=DIRECTION('',(-0.643551675420385,0.,0.765402665963227));
#9108=DIRECTION('center_axis',(0.,-1.,0.));
#9109=DIRECTION('ref_axis',(0.765402661508103,0.,0.643551680719049));
#9110=DIRECTION('center_axis',(0.,-1.,0.));
#9111=DIRECTION('ref_axis',(0.765402661508103,0.,0.643551680719049));
#9112=DIRECTION('',(0.,-1.,0.));
#9113=DIRECTION('center_axis',(0.,-1.,0.));
#9114=DIRECTION('ref_axis',(0.765402661508103,0.,0.643551680719049));
#9115=DIRECTION('center_axis',(0.,-1.,0.));
#9116=DIRECTION('ref_axis',(0.420631730599768,0.,-0.907231473887808));
#9117=DIRECTION('center_axis',(0.,1.,0.));
#9118=DIRECTION('ref_axis',(0.420631730599768,0.,-0.907231473887808));
#9119=DIRECTION('',(0.,-1.,0.));
#9120=DIRECTION('center_axis',(0.,-1.,0.));
#9121=DIRECTION('ref_axis',(0.420631730599768,0.,-0.907231473887808));
#9122=DIRECTION('center_axis',(0.,-1.,0.));
#9123=DIRECTION('ref_axis',(-0.65342058942955,0.,-0.756995068220091));
#9124=DIRECTION('center_axis',(0.,1.,0.));
#9125=DIRECTION('ref_axis',(-0.65342058942955,0.,-0.756995068220091));
#9126=DIRECTION('',(0.,-1.,0.));
#9127=DIRECTION('center_axis',(0.,-1.,0.));
#9128=DIRECTION('ref_axis',(-0.65342058942955,0.,-0.756995068220091));
#9129=DIRECTION('center_axis',(-0.653420604677967,0.,-0.75699505505801));
#9130=DIRECTION('ref_axis',(0.75699505505801,0.,-0.653420604677967));
#9131=DIRECTION('',(-0.75699505505801,0.,0.653420604677967));
#9132=DIRECTION('',(0.,-1.,0.));
#9133=DIRECTION('',(-0.75699505505801,0.,0.653420604677967));
#9134=DIRECTION('center_axis',(0.,-1.,0.));
#9135=DIRECTION('ref_axis',(0.114883604880454,0.,-0.993378959576692));
#9136=DIRECTION('center_axis',(0.,1.,0.));
#9137=DIRECTION('ref_axis',(0.114883604880454,0.,-0.993378959576692));
#9138=DIRECTION('',(0.,-1.,0.));
#9139=DIRECTION('center_axis',(0.,-1.,0.));
#9140=DIRECTION('ref_axis',(0.114883604880454,0.,-0.993378959576692));
#9141=DIRECTION('center_axis',(0.,-1.,0.));
#9142=DIRECTION('ref_axis',(-0.114883565853709,0.,0.993378964090108));
#9143=DIRECTION('center_axis',(0.,-1.,0.));
#9144=DIRECTION('ref_axis',(-0.114883565853709,0.,0.993378964090108));
#9145=DIRECTION('',(0.,-1.,0.));
#9146=DIRECTION('center_axis',(0.,-1.,0.));
#9147=DIRECTION('ref_axis',(-0.114883565853709,0.,0.993378964090108));
#9148=DIRECTION('center_axis',(0.653420606104823,0.,0.756995053826381));
#9149=DIRECTION('ref_axis',(-0.756995053826381,0.,0.653420606104823));
#9150=DIRECTION('',(0.756995053826381,0.,-0.653420606104823));
#9151=DIRECTION('',(0.,-1.,0.));
#9152=DIRECTION('',(0.756995053826381,0.,-0.653420606104823));
#9153=DIRECTION('center_axis',(0.,-1.,0.));
#9154=DIRECTION('ref_axis',(0.154867458972992,0.,-0.987935256052363));
#9155=DIRECTION('center_axis',(0.,1.,0.));
#9156=DIRECTION('ref_axis',(0.154867458972992,0.,-0.987935256052363));
#9157=DIRECTION('',(0.,-1.,0.));
#9158=DIRECTION('center_axis',(0.,-1.,0.));
#9159=DIRECTION('ref_axis',(0.154867458972992,0.,-0.987935256052363));
#9160=DIRECTION('center_axis',(0.,-1.,0.));
#9161=DIRECTION('ref_axis',(-2.18903613244697E-9,0.,-1.));
#9162=DIRECTION('center_axis',(0.,1.,0.));
#9163=DIRECTION('ref_axis',(-2.18903613244697E-9,0.,-1.));
#9164=DIRECTION('',(0.,-1.,0.));
#9165=DIRECTION('center_axis',(0.,-1.,0.));
#9166=DIRECTION('ref_axis',(-2.18903613244697E-9,0.,-1.));
#9167=DIRECTION('center_axis',(0.,-1.,0.));
#9168=DIRECTION('ref_axis',(-1.,0.,-4.05112741710146E-9));
#9169=DIRECTION('center_axis',(0.,1.,0.));
#9170=DIRECTION('ref_axis',(-1.,0.,-4.05112741710146E-9));
#9171=DIRECTION('',(0.,-1.,0.));
#9172=DIRECTION('center_axis',(0.,-1.,0.));
#9173=DIRECTION('ref_axis',(-1.,0.,-4.05112741710146E-9));
#9174=DIRECTION('center_axis',(-1.,0.,0.));
#9175=DIRECTION('ref_axis',(0.,0.,-1.));
#9176=DIRECTION('',(0.,0.,1.));
#9177=DIRECTION('',(0.,-1.,0.));
#9178=DIRECTION('',(0.,0.,1.));
#9179=DIRECTION('center_axis',(0.,-1.,0.));
#9180=DIRECTION('ref_axis',(0.118421111496058,0.,0.992963463754855));
#9181=DIRECTION('center_axis',(0.,1.,0.));
#9182=DIRECTION('ref_axis',(0.118421111496058,0.,0.992963463754855));
#9183=DIRECTION('center_axis',(0.,-1.,0.));
#9184=DIRECTION('ref_axis',(0.118421111496058,0.,0.992963463754855));
#9185=DIRECTION('center_axis',(0.,-1.,0.));
#9186=DIRECTION('ref_axis',(-0.999999999999999,0.,4.08429579299222E-8));
#9187=DIRECTION('center_axis',(0.,1.,0.));
#9188=DIRECTION('ref_axis',(-0.999999999999999,0.,4.08429579299222E-8));
#9189=DIRECTION('',(0.,-1.,0.));
#9190=DIRECTION('center_axis',(0.,-1.,0.));
#9191=DIRECTION('ref_axis',(-0.999999999999999,0.,4.08429579299222E-8));
#9192=DIRECTION('center_axis',(-1.,0.,0.));
#9193=DIRECTION('ref_axis',(0.,0.,-1.));
#9194=DIRECTION('',(0.,0.,1.));
#9195=DIRECTION('',(0.,0.,1.));
#9196=DIRECTION('center_axis',(0.,-1.,0.));
#9197=DIRECTION('ref_axis',(1.,0.,0.));
#9198=DIRECTION('center_axis',(0.,-1.,0.));
#9199=DIRECTION('ref_axis',(1.,0.,0.));
#9200=DIRECTION('',(-4.64023775182703E-33,-2.24711493839458E-44,1.));
#9201=DIRECTION('',(1.,1.08558995126628E-14,4.64023775182703E-33));
#9202=DIRECTION('',(2.04651325347671E-32,1.,-2.36822005816626E-65));
#9203=DIRECTION('',(1.15555796604146E-33,3.35536550183004E-68,1.));
#9204=DIRECTION('',(-9.77556740727415E-15,1.,-1.08148793252692E-29));
#9205=DIRECTION('',(1.,9.77556740727415E-15,1.10622395689332E-15));
#9206=DIRECTION('',(1.39280947886178E-13,-1.,5.522039878242E-30));
#9207=DIRECTION('',(1.,1.39280947886178E-13,5.6757155461092E-30));
#9208=DIRECTION('',(-6.93889390390976E-17,-1.,5.522039878242E-30));
#9209=DIRECTION('',(1.,-6.93889390390976E-17,4.64023775182625E-33));
#9210=DIRECTION('',(1.,-2.29583020250856E-41,-1.1555579666325E-33));
#9211=DIRECTION('',(-1.1555579666325E-33,1.92592994266384E-34,-1.));
#9212=DIRECTION('',(7.31853378867149E-33,3.15553991738127E-30,-1.));
#9213=DIRECTION('',(1.,-2.04651325347671E-32,7.31853378867149E-33));
#9214=DIRECTION('',(-0.0414900888079296,9.20798995910531E-18,-0.999138915532125));
#9215=DIRECTION('',(-2.2193227885657E-16,-1.,-7.45906784509158E-33));
#9216=DIRECTION('',(-6.52256026967278E-15,1.,-5.66255116799275E-30));
#9217=DIRECTION('',(1.,6.52256026967278E-15,-1.8041124150158E-16));
#9218=DIRECTION('',(7.31853378867149E-33,7.21206032324808E-19,-1.));
#9219=DIRECTION('',(1.,-2.04651325347671E-32,7.31853378867149E-33));
#9220=DIRECTION('',(-0.0414900888079296,9.92857497211438E-18,-0.999138915532125));
#9221=DIRECTION('',(-2.2193227885657E-16,-1.,-7.21206032321654E-19));
#9222=DIRECTION('',(-6.52256026967278E-15,1.,-5.66255116799275E-30));
#9223=DIRECTION('',(1.,6.52256026967278E-15,-1.8041124150158E-16));
#9224=CARTESIAN_POINT('',(0.,0.,0.));
#9225=CARTESIAN_POINT('',(0.,0.,0.));
#9226=CARTESIAN_POINT('Ctrl Pts',(11.0000000000001,87.4999999999999,0.));
#9227=CARTESIAN_POINT('Ctrl Pts',(11.0000000000001,84.546805917974,0.));
#9228=CARTESIAN_POINT('Ctrl Pts',(11.0026231635414,78.6575016718858,0.));
#9229=CARTESIAN_POINT('Ctrl Pts',(11.5612418257149,69.7957483911956,0.));
#9230=CARTESIAN_POINT('Ctrl Pts',(13.1101796432788,61.0446915080728,0.));
#9231=CARTESIAN_POINT('Ctrl Pts',(16.7455759758968,49.769158562332,0.));
#9232=CARTESIAN_POINT('Ctrl Pts',(24.297955693918,36.9189704479045,0.));
#9233=CARTESIAN_POINT('Ctrl Pts',(36.9237322914231,24.294359518453,0.));
#9234=CARTESIAN_POINT('Ctrl Pts',(49.7657747826671,16.7454660439967,0.));
#9235=CARTESIAN_POINT('Ctrl Pts',(61.050980090254,13.108566730673,0.));
#9236=CARTESIAN_POINT('Ctrl Pts',(69.7876974346298,11.5629272722328,0.));
#9237=CARTESIAN_POINT('Ctrl Pts',(78.6453282933219,11.0025053529558,0.));
#9238=CARTESIAN_POINT('Ctrl Pts',(84.546805917974,11.0000000000002,0.));
#9239=CARTESIAN_POINT('Ctrl Pts',(87.5,11.0000000000002,0.));
#9240=CARTESIAN_POINT('Ctrl Pts',(10.4016013993163,87.4999999999999,1.32871180876519E-15));
#9241=CARTESIAN_POINT('Ctrl Pts',(10.4016013993163,84.546805917974,1.32871180876519E-15));
#9242=CARTESIAN_POINT('Ctrl Pts',(10.4040308849242,78.6442255712327,1.51836525632713E-15));
#9243=CARTESIAN_POINT('Ctrl Pts',(10.9653376036121,69.7284029027777,-4.36803883205315E-16));
#9244=CARTESIAN_POINT('Ctrl Pts',(12.5271874830283,60.9014818365627,-1.06580377882538E-15));
#9245=CARTESIAN_POINT('Ctrl Pts',(16.1979697806333,49.5152586846667,2.10547082600967E-16));
#9246=CARTESIAN_POINT('Ctrl Pts',(23.822557402737,36.5454027354905,2.06678059963369E-15));
#9247=CARTESIAN_POINT('Ctrl Pts',(36.5502653569703,23.818891954115,-1.54539346633668E-15));
#9248=CARTESIAN_POINT('Ctrl Pts',(49.5118018520648,16.1978166608015,-1.59442550780809E-15));
#9249=CARTESIAN_POINT('Ctrl Pts',(60.907804866578,12.5255801616774,-4.7361742439461E-16));
#9250=CARTESIAN_POINT('Ctrl Pts',(69.7202810995865,10.9670274081731,3.94454594542465E-17));
#9251=CARTESIAN_POINT('Ctrl Pts',(78.6320076242197,10.4039150486254,4.1453511407243E-16));
#9252=CARTESIAN_POINT('Ctrl Pts',(84.5468059179741,10.4016013993164,6.64355904382596E-16));
#9253=CARTESIAN_POINT('Ctrl Pts',(87.5,10.4016013993165,6.64355904382596E-16));
#9254=CARTESIAN_POINT('Ctrl Pts',(9.36552376512477,87.4999999999999,0.502026350906078));
#9255=CARTESIAN_POINT('Ctrl Pts',(9.36552376512477,84.5468059179739,0.502026350906078));
#9256=CARTESIAN_POINT('Ctrl Pts',(9.36762843352007,78.6211432424298,0.502026350906078));
#9257=CARTESIAN_POINT('Ctrl Pts',(9.93363649919589,69.6115672810318,0.502026350906075));
#9258=CARTESIAN_POINT('Ctrl Pts',(11.5178340708608,60.6535840266308,0.502026350906073));
#9259=CARTESIAN_POINT('Ctrl Pts',(15.2497685791158,49.0758058279958,0.502026350906076));
#9260=CARTESIAN_POINT('Ctrl Pts',(22.9995767503168,35.8986255816683,0.502026350906079));
#9261=CARTESIAN_POINT('Ctrl Pts',(35.9036258565043,22.9956339053557,0.502026350906073));
#9262=CARTESIAN_POINT('Ctrl Pts',(49.0721386319403,15.2496987384553,0.502026350906073));
#9263=CARTESIAN_POINT('Ctrl Pts',(60.6600444282558,11.5161656629982,0.502026350906075));
#9264=CARTESIAN_POINT('Ctrl Pts',(69.6032897909137,9.93536883116491,0.502026350906075));
#9265=CARTESIAN_POINT('Ctrl Pts',(78.6088676157147,9.36749690520107,0.502026350906076));
#9266=CARTESIAN_POINT('Ctrl Pts',(84.5468059179741,9.36552376512492,0.502026350906077));
#9267=CARTESIAN_POINT('Ctrl Pts',(87.5,9.36552376512495,0.502026350906077));
#9268=CARTESIAN_POINT('Ctrl Pts',(9.00000000000006,87.4999999999999,1.55120104948717));
#9269=CARTESIAN_POINT('Ctrl Pts',(9.00000000000006,84.5468059179739,1.55120104948717));
#9270=CARTESIAN_POINT('Ctrl Pts',(9.00198517558422,78.6130445324893,1.55120104948717));
#9271=CARTESIAN_POINT('Ctrl Pts',(9.569629877852,69.570456428961,1.55120104948717));
#9272=CARTESIAN_POINT('Ctrl Pts',(11.1617155657546,60.5660997861906,1.55120104948717));
#9273=CARTESIAN_POINT('Ctrl Pts',(14.9152781690023,48.9206971380595,1.55120104948717));
#9274=CARTESIAN_POINT('Ctrl Pts',(22.7091711643161,35.6704339963567,1.55120104948717));
#9275=CARTESIAN_POINT('Ctrl Pts',(35.6754999870983,22.7052037743692,1.55120104948717));
#9276=CARTESIAN_POINT('Ctrl Pts',(48.9169947846556,14.9151641102777,1.55120104948717));
#9277=CARTESIAN_POINT('Ctrl Pts',(60.5725724578446,11.1600585596534,1.55120104948717));
#9278=CARTESIAN_POINT('Ctrl Pts',(69.562139389801,9.57136092401325,1.55120104948717));
#9279=CARTESIAN_POINT('Ctrl Pts',(78.6007394825501,9.00185700992156,1.55120104948717));
#9280=CARTESIAN_POINT('Ctrl Pts',(84.5468059179742,9.00000000000021,1.55120104948717));
#9281=CARTESIAN_POINT('Ctrl Pts',(87.5,9.00000000000023,1.55120104948717));
#9282=CARTESIAN_POINT('Ctrl Pts',(9.00000000000006,87.4999999999999,2.));
#9283=CARTESIAN_POINT('Ctrl Pts',(9.00000000000006,84.5468059179739,2.));
#9284=CARTESIAN_POINT('Ctrl Pts',(9.0019871152781,78.6130268578904,2.));
#9285=CARTESIAN_POINT('Ctrl Pts',(9.56964052021896,69.5704135635381,2.));
#9286=CARTESIAN_POINT('Ctrl Pts',(11.1617246457182,60.5661104580268,2.));
#9287=CARTESIAN_POINT('Ctrl Pts',(14.915265923949,48.9207254884073,2.));
#9288=CARTESIAN_POINT('Ctrl Pts',(22.7091955263154,35.6704384973711,2.));
#9289=CARTESIAN_POINT('Ctrl Pts',(35.6754976964164,22.7051991047201,2.));
#9290=CARTESIAN_POINT('Ctrl Pts',(48.9170076695231,14.9151810074817,2.));
#9291=CARTESIAN_POINT('Ctrl Pts',(60.5725974611686,11.160054591548,2.));
#9292=CARTESIAN_POINT('Ctrl Pts',(69.5620904358108,9.5713780163242,2.));
#9293=CARTESIAN_POINT('Ctrl Pts',(78.6007254009398,9.00185542605389,2.));
#9294=CARTESIAN_POINT('Ctrl Pts',(84.5468059179742,9.00000000000021,2.));
#9295=CARTESIAN_POINT('Ctrl Pts',(87.5,9.00000000000023,2.));
#9296=CARTESIAN_POINT('',(87.5,11.0000000000002,0.));
#9297=CARTESIAN_POINT('',(87.5000000000001,9.00000000000023,2.));
#9298=CARTESIAN_POINT('Origin',(87.5,11.0000000000002,2.));
#9299=CARTESIAN_POINT('',(9.00000000000006,87.4999999999999,2.));
#9300=CARTESIAN_POINT('Ctrl Pts',(87.5,9.00000000000023,2.));
#9301=CARTESIAN_POINT('Ctrl Pts',(84.5468059179742,9.00000000000021,2.));
#9302=CARTESIAN_POINT('Ctrl Pts',(78.6007254009398,9.00185542605389,2.));
#9303=CARTESIAN_POINT('Ctrl Pts',(69.5620904358108,9.5713780163242,2.));
#9304=CARTESIAN_POINT('Ctrl Pts',(60.5725974611686,11.160054591548,2.));
#9305=CARTESIAN_POINT('Ctrl Pts',(48.9170076695231,14.9151810074817,2.));
#9306=CARTESIAN_POINT('Ctrl Pts',(35.6754976964164,22.7051991047201,2.));
#9307=CARTESIAN_POINT('Ctrl Pts',(22.7091955263154,35.6704384973711,2.));
#9308=CARTESIAN_POINT('Ctrl Pts',(14.915265923949,48.9207254884073,2.));
#9309=CARTESIAN_POINT('Ctrl Pts',(11.1617246457182,60.5661104580268,2.));
#9310=CARTESIAN_POINT('Ctrl Pts',(9.56964052021896,69.5704135635381,2.));
#9311=CARTESIAN_POINT('Ctrl Pts',(9.0019871152781,78.6130268578904,2.));
#9312=CARTESIAN_POINT('Ctrl Pts',(9.00000000000006,84.5468059179739,2.));
#9313=CARTESIAN_POINT('Ctrl Pts',(9.00000000000006,87.4999999999999,2.));
#9314=CARTESIAN_POINT('',(11.0000000000001,87.4999999999999,0.));
#9315=CARTESIAN_POINT('Origin',(11.0000000000001,87.4999999999999,2.));
#9316=CARTESIAN_POINT('Ctrl Pts',(11.0000000000001,87.4999999999999,0.));
#9317=CARTESIAN_POINT('Ctrl Pts',(11.0000000000001,84.546805917974,0.));
#9318=CARTESIAN_POINT('Ctrl Pts',(11.0026231635414,78.6575016718858,0.));
#9319=CARTESIAN_POINT('Ctrl Pts',(11.5612418257149,69.7957483911956,0.));
#9320=CARTESIAN_POINT('Ctrl Pts',(13.1101796432788,61.0446915080728,0.));
#9321=CARTESIAN_POINT('Ctrl Pts',(16.7455759758968,49.769158562332,0.));
#9322=CARTESIAN_POINT('Ctrl Pts',(24.297955693918,36.9189704479045,0.));
#9323=CARTESIAN_POINT('Ctrl Pts',(36.9237322914231,24.294359518453,0.));
#9324=CARTESIAN_POINT('Ctrl Pts',(49.7657747826671,16.7454660439967,0.));
#9325=CARTESIAN_POINT('Ctrl Pts',(61.050980090254,13.108566730673,0.));
#9326=CARTESIAN_POINT('Ctrl Pts',(69.7876974346298,11.5629272722328,0.));
#9327=CARTESIAN_POINT('Ctrl Pts',(78.6453282933219,11.0025053529558,0.));
#9328=CARTESIAN_POINT('Ctrl Pts',(84.546805917974,11.0000000000002,0.));
#9329=CARTESIAN_POINT('Ctrl Pts',(87.5,11.0000000000002,0.));
#9330=CARTESIAN_POINT('Origin',(161.5,10.9999999999999,2.));
#9331=CARTESIAN_POINT('',(540.5,11.,0.));
#9332=CARTESIAN_POINT('',(540.5,9.,2.));
#9333=CARTESIAN_POINT('Origin',(540.5,11.,2.));
#9334=CARTESIAN_POINT('',(161.5,8.99999999999994,2.));
#9335=CARTESIAN_POINT('',(161.5,10.9999999999999,0.));
#9336=CARTESIAN_POINT('Ctrl Pts',(540.5,11.,0.));
#9337=CARTESIAN_POINT('Ctrl Pts',(543.453194082026,11.,0.));
#9338=CARTESIAN_POINT('Ctrl Pts',(549.343052027095,11.002319663281,0.));
#9339=CARTESIAN_POINT('Ctrl Pts',(558.204270741981,11.56111969143,0.));
#9340=CARTESIAN_POINT('Ctrl Pts',(566.956533299485,13.109313599885,0.));
#9341=CARTESIAN_POINT('Ctrl Pts',(578.231340491751,16.7452043252926,0.));
#9342=CARTESIAN_POINT('Ctrl Pts',(591.082144329121,24.2973031362443,0.));
#9343=CARTESIAN_POINT('Ctrl Pts',(603.704222316579,36.9233503642196,0.));
#9344=CARTESIAN_POINT('Ctrl Pts',(611.252548346434,49.7683165462446,0.));
#9345=CARTESIAN_POINT('Ctrl Pts',(614.89139847265,61.050681153233,0.));
#9346=CARTESIAN_POINT('Ctrl Pts',(616.436749339685,69.788335193895,0.));
#9347=CARTESIAN_POINT('Ctrl Pts',(616.997605366907,78.645021419617,0.));
#9348=CARTESIAN_POINT('Ctrl Pts',(617.000000000001,84.5468059179739,0.));
#9349=CARTESIAN_POINT('Ctrl Pts',(617.000000000001,87.4999999999999,0.));
#9350=CARTESIAN_POINT('Ctrl Pts',(540.5,10.4016013993162,0.));
#9351=CARTESIAN_POINT('Ctrl Pts',(543.453194082026,10.4016013993162,0.));
#9352=CARTESIAN_POINT('Ctrl Pts',(549.356274301791,10.4036950250517,-1.51584639002341E-16));
#9353=CARTESIAN_POINT('Ctrl Pts',(558.271540665213,10.9651497321056,-4.79401617467013E-16));
#9354=CARTESIAN_POINT('Ctrl Pts',(567.099849629053,12.5262828463649,-5.18443988492767E-16));
#9355=CARTESIAN_POINT('Ctrl Pts',(578.485353524213,16.1975109048573,2.44046325813599E-16));
#9356=CARTESIAN_POINT('Ctrl Pts',(591.455668517989,23.8217780615388,1.3047784286165E-15));
#9357=CARTESIAN_POINT('Ctrl Pts',(604.179697282578,36.5496945649941,5.48500326936041E-17));
#9358=CARTESIAN_POINT('Ctrl Pts',(611.800142293787,49.5143725601574,8.66453213499377E-17));
#9359=CARTESIAN_POINT('Ctrl Pts',(615.47446126067,60.9075288220177,9.09919574069881E-18));
#9360=CARTESIAN_POINT('Ctrl Pts',(617.032688882568,69.7210197998711,1.8178053615615E-17));
#9361=CARTESIAN_POINT('Ctrl Pts',(617.596238515421,78.6317810037325,1.22330652934475E-18));
#9362=CARTESIAN_POINT('Ctrl Pts',(617.598398600685,84.5468059179739,0.));
#9363=CARTESIAN_POINT('Ctrl Pts',(617.598398600685,87.4999999999999,0.));
#9364=CARTESIAN_POINT('Ctrl Pts',(540.5,9.36572376614732,0.502266448368804));
#9365=CARTESIAN_POINT('Ctrl Pts',(543.453194082026,9.36572376614732,0.502266448368804));
#9366=CARTESIAN_POINT('Ctrl Pts',(549.379484165881,9.36749582056733,0.502266448368804));
#9367=CARTESIAN_POINT('Ctrl Pts',(558.388454982,9.93372264931295,0.502266448368803));
#9368=CARTESIAN_POINT('Ctrl Pts',(567.347785405718,11.5171231744209,0.502266448368804));
#9369=CARTESIAN_POINT('Ctrl Pts',(578.92479045149,15.2496897677481,0.502266448368805));
#9370=CARTESIAN_POINT('Ctrl Pts',(592.102085258284,22.998664631007,0.502266448368807));
#9371=CARTESIAN_POINT('Ctrl Pts',(605.002384817342,35.9030869724399,0.502266448368804));
#9372=CARTESIAN_POINT('Ctrl Pts',(612.748096431652,49.0753120356257,0.502266448368804));
#9373=CARTESIAN_POINT('Ctrl Pts',(616.483575195813,60.6597355702463,0.502266448368804));
#9374=CARTESIAN_POINT('Ctrl Pts',(618.064108036842,69.6040584984079,0.502266448368804));
#9375=CARTESIAN_POINT('Ctrl Pts',(618.632426030812,78.6085049342301,0.502266448368804));
#9376=CARTESIAN_POINT('Ctrl Pts',(618.634276233854,84.5468059179739,0.502266448368804));
#9377=CARTESIAN_POINT('Ctrl Pts',(618.634276233854,87.4999999999999,0.502266448368804));
#9378=CARTESIAN_POINT('Ctrl Pts',(540.5,9.,1.55120104948717));
#9379=CARTESIAN_POINT('Ctrl Pts',(543.453194082026,9.,1.55120104948717));
#9380=CARTESIAN_POINT('Ctrl Pts',(549.387536043514,9.00162756704218,1.55120104948717));
#9381=CARTESIAN_POINT('Ctrl Pts',(558.429526157497,9.56946079426609,1.55120104948717));
#9382=CARTESIAN_POINT('Ctrl Pts',(567.435390412876,11.1607813358284,1.55120104948717));
#9383=CARTESIAN_POINT('Ctrl Pts',(579.080061332251,14.9149299192509,1.55120104948717));
#9384=CARTESIAN_POINT('Ctrl Pts',(592.330389133653,22.708032129043,1.55120104948717));
#9385=CARTESIAN_POINT('Ctrl Pts',(605.293017535143,35.6746992982414,1.55120104948717));
#9386=CARTESIAN_POINT('Ctrl Pts',(613.082767732113,48.9200599948942,1.55120104948717));
#9387=CARTESIAN_POINT('Ctrl Pts',(616.839945814746,60.5722436495221,1.55120104948717));
#9388=CARTESIAN_POINT('Ctrl Pts',(618.428347235205,69.5629566472202,1.55120104948717));
#9389=CARTESIAN_POINT('Ctrl Pts',(618.99830188817,78.600445133896,1.55120104948717));
#9390=CARTESIAN_POINT('Ctrl Pts',(619.000000000001,84.5468059179738,1.55120104948717));
#9391=CARTESIAN_POINT('Ctrl Pts',(619.000000000001,87.4999999999999,1.55120104948717));
#9392=CARTESIAN_POINT('Ctrl Pts',(540.5,9.,2.));
#9393=CARTESIAN_POINT('Ctrl Pts',(543.453194082026,9.,2.));
#9394=CARTESIAN_POINT('Ctrl Pts',(549.387596693627,9.00164073933819,2.));
#9395=CARTESIAN_POINT('Ctrl Pts',(558.42961391764,9.56950734246083,2.));
#9396=CARTESIAN_POINT('Ctrl Pts',(567.435360810013,11.1608030525722,2.));
#9397=CARTESIAN_POINT('Ctrl Pts',(579.080008296124,14.9149831275886,2.));
#9398=CARTESIAN_POINT('Ctrl Pts',(592.330354251253,22.708043452535,2.));
#9399=CARTESIAN_POINT('Ctrl Pts',(605.292942133481,35.6747411667609,2.));
#9400=CARTESIAN_POINT('Ctrl Pts',(613.082772186347,48.9201615643788,2.));
#9401=CARTESIAN_POINT('Ctrl Pts',(616.839904979383,60.5722465425814,2.));
#9402=CARTESIAN_POINT('Ctrl Pts',(618.428309137131,69.5628748818221,2.));
#9403=CARTESIAN_POINT('Ctrl Pts',(618.998283723986,78.6003779085373,2.));
#9404=CARTESIAN_POINT('Ctrl Pts',(619.000000000001,84.5468059179738,2.));
#9405=CARTESIAN_POINT('Ctrl Pts',(619.000000000001,87.4999999999999,2.));
#9406=CARTESIAN_POINT('',(617.000000000001,87.4999999999999,0.));
#9407=CARTESIAN_POINT('',(619.000000000001,87.5,2.));
#9408=CARTESIAN_POINT('Origin',(617.000000000001,87.4999999999999,2.));
#9409=CARTESIAN_POINT('Ctrl Pts',(619.000000000001,87.4999999999999,2.));
#9410=CARTESIAN_POINT('Ctrl Pts',(619.000000000001,84.5468059179738,2.));
#9411=CARTESIAN_POINT('Ctrl Pts',(618.998283723986,78.6003779085373,2.));
#9412=CARTESIAN_POINT('Ctrl Pts',(618.428309137131,69.5628748818221,2.));
#9413=CARTESIAN_POINT('Ctrl Pts',(616.839904979383,60.5722465425814,2.));
#9414=CARTESIAN_POINT('Ctrl Pts',(613.082772186347,48.9201615643788,2.));
#9415=CARTESIAN_POINT('Ctrl Pts',(605.292942133481,35.6747411667609,2.));
#9416=CARTESIAN_POINT('Ctrl Pts',(592.330354251253,22.708043452535,2.));
#9417=CARTESIAN_POINT('Ctrl Pts',(579.080008296124,14.9149831275886,2.));
#9418=CARTESIAN_POINT('Ctrl Pts',(567.435360810013,11.1608030525722,2.));
#9419=CARTESIAN_POINT('Ctrl Pts',(558.42961391764,9.56950734246083,2.));
#9420=CARTESIAN_POINT('Ctrl Pts',(549.387596693627,9.00164073933819,2.));
#9421=CARTESIAN_POINT('Ctrl Pts',(543.453194082026,9.,2.));
#9422=CARTESIAN_POINT('Ctrl Pts',(540.5,9.,2.));
#9423=CARTESIAN_POINT('Ctrl Pts',(540.5,11.,0.));
#9424=CARTESIAN_POINT('Ctrl Pts',(543.453194082026,11.,0.));
#9425=CARTESIAN_POINT('Ctrl Pts',(549.343052027095,11.002319663281,0.));
#9426=CARTESIAN_POINT('Ctrl Pts',(558.204270741981,11.56111969143,0.));
#9427=CARTESIAN_POINT('Ctrl Pts',(566.956533299485,13.109313599885,0.));
#9428=CARTESIAN_POINT('Ctrl Pts',(578.231340491751,16.7452043252926,0.));
#9429=CARTESIAN_POINT('Ctrl Pts',(591.082144329121,24.2973031362443,0.));
#9430=CARTESIAN_POINT('Ctrl Pts',(603.704222316579,36.9233503642196,0.));
#9431=CARTESIAN_POINT('Ctrl Pts',(611.252548346434,49.7683165462446,0.));
#9432=CARTESIAN_POINT('Ctrl Pts',(614.89139847265,61.050681153233,0.));
#9433=CARTESIAN_POINT('Ctrl Pts',(616.436749339685,69.788335193895,0.));
#9434=CARTESIAN_POINT('Ctrl Pts',(616.997605366907,78.645021419617,0.));
#9435=CARTESIAN_POINT('Ctrl Pts',(617.000000000001,84.5468059179739,0.));
#9436=CARTESIAN_POINT('Ctrl Pts',(617.000000000001,87.4999999999999,0.));
#9437=CARTESIAN_POINT('Origin',(617.,161.5,2.));
#9438=CARTESIAN_POINT('',(617.,540.5,0.));
#9439=CARTESIAN_POINT('',(619.,540.5,2.));
#9440=CARTESIAN_POINT('Origin',(617.,540.5,2.));
#9441=CARTESIAN_POINT('',(619.,161.5,2.));
#9442=CARTESIAN_POINT('',(617.,161.5,0.));
#9443=CARTESIAN_POINT('Ctrl Pts',(617.,540.5,0.));
#9444=CARTESIAN_POINT('Ctrl Pts',(617.,543.453194082026,0.));
#9445=CARTESIAN_POINT('Ctrl Pts',(616.997561182086,549.34288753742,0.));
#9446=CARTESIAN_POINT('Ctrl Pts',(616.437901402354,558.203888196188,0.));
#9447=CARTESIAN_POINT('Ctrl Pts',(614.89008795216,566.955691677316,0.));
#9448=CARTESIAN_POINT('Ctrl Pts',(611.252175337184,578.227878798349,0.));
#9449=CARTESIAN_POINT('Ctrl Pts',(603.702475950431,591.081625519869,0.));
#9450=CARTESIAN_POINT('Ctrl Pts',(591.075924194719,603.705952162114,0.));
#9451=CARTESIAN_POINT('Ctrl Pts',(578.234125195391,611.254029790761,0.));
#9452=CARTESIAN_POINT('Ctrl Pts',(566.95055079927,614.892466169806,0.));
#9453=CARTESIAN_POINT('Ctrl Pts',(558.212405295119,616.43727606128,0.));
#9454=CARTESIAN_POINT('Ctrl Pts',(549.355302954109,616.997880010543,0.));
#9455=CARTESIAN_POINT('Ctrl Pts',(543.453194082026,617.,0.));
#9456=CARTESIAN_POINT('Ctrl Pts',(540.5,617.,0.));
#9457=CARTESIAN_POINT('Ctrl Pts',(617.598398600684,540.5,0.));
#9458=CARTESIAN_POINT('Ctrl Pts',(617.598398600684,543.453194082026,0.));
#9459=CARTESIAN_POINT('Ctrl Pts',(617.596212684276,549.356049940954,0.));
#9460=CARTESIAN_POINT('Ctrl Pts',(617.033844107693,558.271174375202,0.));
#9461=CARTESIAN_POINT('Ctrl Pts',(615.473193097545,567.098827612521,0.));
#9462=CARTESIAN_POINT('Ctrl Pts',(611.799791676601,578.481797102848,0.));
#9463=CARTESIAN_POINT('Ctrl Pts',(604.177971421969,591.455356558121,0.));
#9464=CARTESIAN_POINT('Ctrl Pts',(591.449415706267,604.181565732511,0.));
#9465=CARTESIAN_POINT('Ctrl Pts',(578.488190722424,611.80175249981,0.));
#9466=CARTESIAN_POINT('Ctrl Pts',(567.093829195461,615.475546132851,0.));
#9467=CARTESIAN_POINT('Ctrl Pts',(558.279753104829,617.033260426543,0.));
#9468=CARTESIAN_POINT('Ctrl Pts',(549.368558765897,617.596524871639,0.));
#9469=CARTESIAN_POINT('Ctrl Pts',(543.453194082026,617.598398600684,0.));
#9470=CARTESIAN_POINT('Ctrl Pts',(540.5,617.598398600684,0.));
#9471=CARTESIAN_POINT('Ctrl Pts',(618.634261620188,540.500000000001,0.502283991798892));
#9472=CARTESIAN_POINT('Ctrl Pts',(618.634261620188,543.453194082027,0.502283991798892));
#9473=CARTESIAN_POINT('Ctrl Pts',(618.63235718438,549.379302840445,0.502283991798892));
#9474=CARTESIAN_POINT('Ctrl Pts',(618.065223845582,558.387959326242,0.502283991798892));
#9475=CARTESIAN_POINT('Ctrl Pts',(616.482195537009,567.346849077723,0.502283991798892));
#9476=CARTESIAN_POINT('Ctrl Pts',(612.747747608951,578.920517746116,0.502283991798892));
#9477=CARTESIAN_POINT('Ctrl Pts',(605.00052112805,592.102068494871,0.502283991798892));
#9478=CARTESIAN_POINT('Ctrl Pts',(592.095636229686,605.004678471616,0.502283991798892));
#9479=CARTESIAN_POINT('Ctrl Pts',(578.92762683494,612.74952514428,0.502283991798892));
#9480=CARTESIAN_POINT('Ctrl Pts',(567.341691558792,616.484684978346,0.502283991798892));
#9481=CARTESIAN_POINT('Ctrl Pts',(558.396823287183,618.064625068966,0.502283991798892));
#9482=CARTESIAN_POINT('Ctrl Pts',(549.391872501567,618.632702862906,0.502283991798892));
#9483=CARTESIAN_POINT('Ctrl Pts',(543.453194082026,618.634261620188,0.502283991798892));
#9484=CARTESIAN_POINT('Ctrl Pts',(540.5,618.634261620188,0.502283991798892));
#9485=CARTESIAN_POINT('Ctrl Pts',(619.,540.5,1.55120104948717));
#9486=CARTESIAN_POINT('Ctrl Pts',(619.,543.453194082026,1.55120104948717));
#9487=CARTESIAN_POINT('Ctrl Pts',(618.998264093097,549.387305850216,1.55120104948717));
#9488=CARTESIAN_POINT('Ctrl Pts',(618.429481907712,558.429056760788,1.55120104948717));
#9489=CARTESIAN_POINT('Ctrl Pts',(616.838621159485,567.434311224338,1.55120104948717));
#9490=CARTESIAN_POINT('Ctrl Pts',(613.082448113817,579.075785233024,1.55120104948717));
#9491=CARTESIAN_POINT('Ctrl Pts',(605.291191773738,592.330512413348,1.55120104948717));
#9492=CARTESIAN_POINT('Ctrl Pts',(592.323940606179,605.295389279456,1.55120104948717));
#9493=CARTESIAN_POINT('Ctrl Pts',(579.082943174706,613.084323468873,1.55120104948717));
#9494=CARTESIAN_POINT('Ctrl Pts',(567.429277002953,616.841079137369,1.55120104948717));
#9495=CARTESIAN_POINT('Ctrl Pts',(558.437942447745,618.42891638058,1.55120104948717));
#9496=CARTESIAN_POINT('Ctrl Pts',(549.399941607769,618.998601695682,1.55120104948717));
#9497=CARTESIAN_POINT('Ctrl Pts',(543.453194082026,619.,1.55120104948717));
#9498=CARTESIAN_POINT('Ctrl Pts',(540.5,619.,1.55120104948717));
#9499=CARTESIAN_POINT('Ctrl Pts',(619.,540.5,2.));
#9500=CARTESIAN_POINT('Ctrl Pts',(619.,543.453194082026,2.));
#9501=CARTESIAN_POINT('Ctrl Pts',(618.998234507776,549.387394433567,2.));
#9502=CARTESIAN_POINT('Ctrl Pts',(618.429437998593,558.429115178392,2.));
#9503=CARTESIAN_POINT('Ctrl Pts',(616.838547963407,567.434357555542,2.));
#9504=CARTESIAN_POINT('Ctrl Pts',(613.082448110195,579.075628736417,2.));
#9505=CARTESIAN_POINT('Ctrl Pts',(605.291085627044,592.330467294201,2.));
#9506=CARTESIAN_POINT('Ctrl Pts',(592.323880954586,605.295351007049,2.));
#9507=CARTESIAN_POINT('Ctrl Pts',(579.082873862733,613.084253920979,2.));
#9508=CARTESIAN_POINT('Ctrl Pts',(567.42924654241,616.841040010862,2.));
#9509=CARTESIAN_POINT('Ctrl Pts',(558.438034659868,618.42885596435,2.));
#9510=CARTESIAN_POINT('Ctrl Pts',(549.4000111008,618.998580625434,2.));
#9511=CARTESIAN_POINT('Ctrl Pts',(543.453194082026,619.,2.));
#9512=CARTESIAN_POINT('Ctrl Pts',(540.5,619.,2.));
#9513=CARTESIAN_POINT('',(540.5,617.,0.));
#9514=CARTESIAN_POINT('',(540.5,619.,2.));
#9515=CARTESIAN_POINT('Origin',(540.5,617.,2.));
#9516=CARTESIAN_POINT('Ctrl Pts',(540.5,619.,2.));
#9517=CARTESIAN_POINT('Ctrl Pts',(543.453194082026,619.,2.));
#9518=CARTESIAN_POINT('Ctrl Pts',(549.4000111008,618.998580625434,2.));
#9519=CARTESIAN_POINT('Ctrl Pts',(558.438034659868,618.42885596435,2.));
#9520=CARTESIAN_POINT('Ctrl Pts',(567.42924654241,616.841040010862,2.));
#9521=CARTESIAN_POINT('Ctrl Pts',(579.082873862733,613.084253920979,2.));
#9522=CARTESIAN_POINT('Ctrl Pts',(592.323880954586,605.295351007049,2.));
#9523=CARTESIAN_POINT('Ctrl Pts',(605.291085627044,592.330467294201,2.));
#9524=CARTESIAN_POINT('Ctrl Pts',(613.082448110195,579.075628736417,2.));
#9525=CARTESIAN_POINT('Ctrl Pts',(616.838547963407,567.434357555542,2.));
#9526=CARTESIAN_POINT('Ctrl Pts',(618.429437998593,558.429115178392,2.));
#9527=CARTESIAN_POINT('Ctrl Pts',(618.998234507776,549.387394433567,2.));
#9528=CARTESIAN_POINT('Ctrl Pts',(619.,543.453194082026,2.));
#9529=CARTESIAN_POINT('Ctrl Pts',(619.,540.5,2.));
#9530=CARTESIAN_POINT('Ctrl Pts',(617.,540.5,0.));
#9531=CARTESIAN_POINT('Ctrl Pts',(617.,543.453194082026,0.));
#9532=CARTESIAN_POINT('Ctrl Pts',(616.997561182086,549.34288753742,0.));
#9533=CARTESIAN_POINT('Ctrl Pts',(616.437901402354,558.203888196188,0.));
#9534=CARTESIAN_POINT('Ctrl Pts',(614.89008795216,566.955691677316,0.));
#9535=CARTESIAN_POINT('Ctrl Pts',(611.252175337184,578.227878798349,0.));
#9536=CARTESIAN_POINT('Ctrl Pts',(603.702475950431,591.081625519869,0.));
#9537=CARTESIAN_POINT('Ctrl Pts',(591.075924194719,603.705952162114,0.));
#9538=CARTESIAN_POINT('Ctrl Pts',(578.234125195391,611.254029790761,0.));
#9539=CARTESIAN_POINT('Ctrl Pts',(566.95055079927,614.892466169806,0.));
#9540=CARTESIAN_POINT('Ctrl Pts',(558.212405295119,616.43727606128,0.));
#9541=CARTESIAN_POINT('Ctrl Pts',(549.355302954109,616.997880010543,0.));
#9542=CARTESIAN_POINT('Ctrl Pts',(543.453194082026,617.,0.));
#9543=CARTESIAN_POINT('Ctrl Pts',(540.5,617.,0.));
#9544=CARTESIAN_POINT('Origin',(466.5,617.,2.));
#9545=CARTESIAN_POINT('',(87.5,617.,0.));
#9546=CARTESIAN_POINT('',(87.5,619.,2.));
#9547=CARTESIAN_POINT('Origin',(87.5,617.,2.));
#9548=CARTESIAN_POINT('',(466.5,619.,2.));
#9549=CARTESIAN_POINT('',(466.5,617.,0.));
#9550=CARTESIAN_POINT('Ctrl Pts',(87.5,617.,0.));
#9551=CARTESIAN_POINT('Ctrl Pts',(84.546805917974,617.,0.));
#9552=CARTESIAN_POINT('Ctrl Pts',(78.6571508740652,616.997513936312,0.));
#9553=CARTESIAN_POINT('Ctrl Pts',(69.7962511955519,616.438413090259,0.));
#9554=CARTESIAN_POINT('Ctrl Pts',(61.0444300736554,614.889888049666,0.));
#9555=CARTESIAN_POINT('Ctrl Pts',(49.7706702200411,611.252946037411,0.));
#9556=CARTESIAN_POINT('Ctrl Pts',(36.9185674645403,603.702411123647,0.));
#9557=CARTESIAN_POINT('Ctrl Pts',(24.2939886597811,591.076050610591,0.));
#9558=CARTESIAN_POINT('Ctrl Pts',(16.7460336069635,578.234005814446,0.));
#9559=CARTESIAN_POINT('Ctrl Pts',(13.107744579564,566.950223647922,0.));
#9560=CARTESIAN_POINT('Ctrl Pts',(11.5628549634409,558.212235559685,0.));
#9561=CARTESIAN_POINT('Ctrl Pts',(11.0022107883691,549.355165186236,0.));
#9562=CARTESIAN_POINT('Ctrl Pts',(10.9999999999993,543.453194082026,0.));
#9563=CARTESIAN_POINT('Ctrl Pts',(10.9999999999993,540.5,0.));
#9564=CARTESIAN_POINT('Ctrl Pts',(87.5,617.598398600684,0.));
#9565=CARTESIAN_POINT('Ctrl Pts',(84.546805917974,617.598398600684,0.));
#9566=CARTESIAN_POINT('Ctrl Pts',(78.6439523316349,617.596143885723,9.07313569252932E-18));
#9567=CARTESIAN_POINT('Ctrl Pts',(69.7290126257395,617.034366581402,-3.36034020462336E-18));
#9568=CARTESIAN_POINT('Ctrl Pts',(60.9012198160589,615.472937436198,3.74913961973611E-17));
#9569=CARTESIAN_POINT('Ctrl Pts',(49.5167474878884,611.800542438857,-4.80880212815434E-17));
#9570=CARTESIAN_POINT('Ctrl Pts',(36.5448699987597,604.177871515717,3.18696311825369E-16));
#9571=CARTESIAN_POINT('Ctrl Pts',(23.8184352921565,591.449521506559,1.05968211898744E-17));
#9572=CARTESIAN_POINT('Ctrl Pts',(16.1983463014179,578.488042475256,1.13118950579305E-16));
#9573=CARTESIAN_POINT('Ctrl Pts',(12.5246997981667,567.093481430616,-1.28281389694435E-16));
#9574=CARTESIAN_POINT('Ctrl Pts',(10.9668995388313,558.279582650907,-1.33716987258045E-16));
#9575=CARTESIAN_POINT('Ctrl Pts',(10.4035827733894,549.368429170357,-2.15166564557121E-17));
#9576=CARTESIAN_POINT('Ctrl Pts',(10.4016013993155,543.453194082026,0.));
#9577=CARTESIAN_POINT('Ctrl Pts',(10.4016013993155,540.5,0.));
#9578=CARTESIAN_POINT('Ctrl Pts',(87.5,618.634276233853,0.502266448368804));
#9579=CARTESIAN_POINT('Ctrl Pts',(84.546805917974,618.634276233853,0.502266448368804));
#9580=CARTESIAN_POINT('Ctrl Pts',(78.6207483697559,618.632325906944,0.502266448368804));
#9581=CARTESIAN_POINT('Ctrl Pts',(69.6121833981697,618.065809684786,0.502266448368804));
#9582=CARTESIAN_POINT('Ctrl Pts',(60.653327013403,616.482028300949,0.502266448368804));
#9583=CARTESIAN_POINT('Ctrl Pts',(49.0777233825007,612.748500731941,0.502266448368804));
#9584=CARTESIAN_POINT('Ctrl Pts',(35.8981905884934,605.000533796696,0.502266448368804));
#9585=CARTESIAN_POINT('Ctrl Pts',(22.9952729899428,592.095846371053,0.502266448368804));
#9586=CARTESIAN_POINT('Ctrl Pts',(15.250535571228,578.927519856906,0.502266448368804));
#9587=CARTESIAN_POINT('Ctrl Pts',(11.5155159818026,567.341316590263,0.502266448368804));
#9588=CARTESIAN_POINT('Ctrl Pts',(9.93549740554828,558.396629623415,0.502266448368804));
#9589=CARTESIAN_POINT('Ctrl Pts',(9.36737777041651,549.391710860705,0.502266448368804));
#9590=CARTESIAN_POINT('Ctrl Pts',(9.36572376614662,543.453194082026,0.502266448368804));
#9591=CARTESIAN_POINT('Ctrl Pts',(9.36572376614657,540.5,0.502266448368804));
#9592=CARTESIAN_POINT('Ctrl Pts',(87.5,619.,1.55120104948717));
#9593=CARTESIAN_POINT('Ctrl Pts',(84.546805917974,619.,1.55120104948717));
#9594=CARTESIAN_POINT('Ctrl Pts',(78.6127141957014,618.998199805126,1.55120104948717));
#9595=CARTESIAN_POINT('Ctrl Pts',(69.5711285829214,618.430057425785,1.55120104948717));
#9596=CARTESIAN_POINT('Ctrl Pts',(60.5657996238835,616.838390717582,1.55120104948717));
#9597=CARTESIAN_POINT('Ctrl Pts',(48.922484365489,613.083173540731,1.55120104948717));
#9598=CARTESIAN_POINT('Ctrl Pts',(35.669777420672,605.29115760962,1.55120104948717));
#9599=CARTESIAN_POINT('Ctrl Pts',(22.7046231865595,592.324117640925,1.55120104948717));
#9600=CARTESIAN_POINT('Ctrl Pts',(14.9157794762015,579.082805219386,1.55120104948717));
#9601=CARTESIAN_POINT('Ctrl Pts',(11.1591655571409,567.428885748673,1.55120104948717));
#9602=CARTESIAN_POINT('Ctrl Pts',(9.57124445290839,558.437748046165,1.55120104948717));
#9603=CARTESIAN_POINT('Ctrl Pts',(9.00150744885099,549.399788264133,1.55120104948717));
#9604=CARTESIAN_POINT('Ctrl Pts',(8.99999999999931,543.453194082026,1.55120104948717));
#9605=CARTESIAN_POINT('Ctrl Pts',(8.99999999999925,540.5,1.55120104948717));
#9606=CARTESIAN_POINT('Ctrl Pts',(87.5,619.,2.));
#9607=CARTESIAN_POINT('Ctrl Pts',(84.546805917974,619.,2.));
#9608=CARTESIAN_POINT('Ctrl Pts',(78.6126468987737,618.998181649206,2.));
#9609=CARTESIAN_POINT('Ctrl Pts',(69.571046644611,618.430019290588,2.));
#9610=CARTESIAN_POINT('Ctrl Pts',(60.5658026538244,616.838349906534,2.));
#9611=CARTESIAN_POINT('Ctrl Pts',(48.9225858644665,613.08317797739,2.));
#9612=CARTESIAN_POINT('Ctrl Pts',(35.669819347866,605.291082203216,2.));
#9613=CARTESIAN_POINT('Ctrl Pts',(22.7046345300236,592.324082830062,2.));
#9614=CARTESIAN_POINT('Ctrl Pts',(14.9158326508213,579.082752098568,2.));
#9615=CARTESIAN_POINT('Ctrl Pts',(11.1591873001467,567.428856284201,2.));
#9616=CARTESIAN_POINT('Ctrl Pts',(9.57129096118335,558.437835630887,2.));
#9617=CARTESIAN_POINT('Ctrl Pts',(9.00152063001688,549.399848843166,2.));
#9618=CARTESIAN_POINT('Ctrl Pts',(8.99999999999931,543.453194082026,2.));
#9619=CARTESIAN_POINT('Ctrl Pts',(8.99999999999925,540.5,2.));
#9620=CARTESIAN_POINT('',(10.9999999999993,540.5,0.));
#9621=CARTESIAN_POINT('',(8.99999999999925,540.5,2.));
#9622=CARTESIAN_POINT('Origin',(10.9999999999993,540.5,2.));
#9623=CARTESIAN_POINT('Ctrl Pts',(8.99999999999925,540.5,2.));
#9624=CARTESIAN_POINT('Ctrl Pts',(8.99999999999931,543.453194082026,2.));
#9625=CARTESIAN_POINT('Ctrl Pts',(9.00152063001688,549.399848843166,2.));
#9626=CARTESIAN_POINT('Ctrl Pts',(9.57129096118335,558.437835630887,2.));
#9627=CARTESIAN_POINT('Ctrl Pts',(11.1591873001467,567.428856284201,2.));
#9628=CARTESIAN_POINT('Ctrl Pts',(14.9158326508213,579.082752098568,2.));
#9629=CARTESIAN_POINT('Ctrl Pts',(22.7046345300236,592.324082830062,2.));
#9630=CARTESIAN_POINT('Ctrl Pts',(35.669819347866,605.291082203216,2.));
#9631=CARTESIAN_POINT('Ctrl Pts',(48.9225858644665,613.08317797739,2.));
#9632=CARTESIAN_POINT('Ctrl Pts',(60.5658026538244,616.838349906534,2.));
#9633=CARTESIAN_POINT('Ctrl Pts',(69.571046644611,618.430019290588,2.));
#9634=CARTESIAN_POINT('Ctrl Pts',(78.6126468987737,618.998181649206,2.));
#9635=CARTESIAN_POINT('Ctrl Pts',(84.546805917974,619.,2.));
#9636=CARTESIAN_POINT('Ctrl Pts',(87.5,619.,2.));
#9637=CARTESIAN_POINT('Ctrl Pts',(87.5,617.,0.));
#9638=CARTESIAN_POINT('Ctrl Pts',(84.546805917974,617.,0.));
#9639=CARTESIAN_POINT('Ctrl Pts',(78.6571508740652,616.997513936312,0.));
#9640=CARTESIAN_POINT('Ctrl Pts',(69.7962511955519,616.438413090259,0.));
#9641=CARTESIAN_POINT('Ctrl Pts',(61.0444300736554,614.889888049666,0.));
#9642=CARTESIAN_POINT('Ctrl Pts',(49.7706702200411,611.252946037411,0.));
#9643=CARTESIAN_POINT('Ctrl Pts',(36.9185674645403,603.702411123647,0.));
#9644=CARTESIAN_POINT('Ctrl Pts',(24.2939886597811,591.076050610591,0.));
#9645=CARTESIAN_POINT('Ctrl Pts',(16.7460336069635,578.234005814446,0.));
#9646=CARTESIAN_POINT('Ctrl Pts',(13.107744579564,566.950223647922,0.));
#9647=CARTESIAN_POINT('Ctrl Pts',(11.5628549634409,558.212235559685,0.));
#9648=CARTESIAN_POINT('Ctrl Pts',(11.0022107883691,549.355165186236,0.));
#9649=CARTESIAN_POINT('Ctrl Pts',(10.9999999999993,543.453194082026,0.));
#9650=CARTESIAN_POINT('Ctrl Pts',(10.9999999999993,540.5,0.));
#9651=CARTESIAN_POINT('Origin',(11.,466.5,2.));
#9652=CARTESIAN_POINT('',(11.,466.5,0.));
#9653=CARTESIAN_POINT('',(9.00000000000006,466.5,2.));
#9654=CARTESIAN_POINT('Origin',(619.,619.,18.));
#9655=CARTESIAN_POINT('',(87.5,619.,16.));
#9656=CARTESIAN_POINT('',(87.5,619.,18.));
#9657=CARTESIAN_POINT('',(540.5,619.,16.));
#9658=CARTESIAN_POINT('',(466.5,619.,16.));
#9659=CARTESIAN_POINT('',(540.5,619.,18.));
#9660=CARTESIAN_POINT('Ctrl Pts',(87.5,619.,16.));
#9661=CARTESIAN_POINT('Ctrl Pts',(87.5,619.,11.3333333333333));
#9662=CARTESIAN_POINT('Ctrl Pts',(87.5,619.,6.66666666666667));
#9663=CARTESIAN_POINT('Ctrl Pts',(87.5,619.,2.));
#9664=CARTESIAN_POINT('Ctrl Pts',(81.6282137307905,619.,16.));
#9665=CARTESIAN_POINT('Ctrl Pts',(81.6282137307905,619.,11.3333333333333));
#9666=CARTESIAN_POINT('Ctrl Pts',(81.6282137307905,619.,6.66666666666667));
#9667=CARTESIAN_POINT('Ctrl Pts',(81.6282137307905,619.,2.));
#9668=CARTESIAN_POINT('Ctrl Pts',(70.0096461454817,618.9429993208,16.));
#9669=CARTESIAN_POINT('Ctrl Pts',(70.0096461454817,618.9429993208,11.3333333333333));
#9670=CARTESIAN_POINT('Ctrl Pts',(70.0096461454817,618.9429993208,6.66666666666666));
#9671=CARTESIAN_POINT('Ctrl Pts',(70.0096461454817,618.9429993208,2.));
#9672=CARTESIAN_POINT('Ctrl Pts',(52.7092681417439,615.074460696227,16.));
#9673=CARTESIAN_POINT('Ctrl Pts',(52.7092681417439,615.074460696227,11.3333333333333));
#9674=CARTESIAN_POINT('Ctrl Pts',(52.7092681417439,615.074460696227,6.66666666666667));
#9675=CARTESIAN_POINT('Ctrl Pts',(52.7092681417439,615.074460696227,2.));
#9676=CARTESIAN_POINT('Ctrl Pts',(36.2073987852792,605.846426935346,16.));
#9677=CARTESIAN_POINT('Ctrl Pts',(36.2073987852792,605.846426935346,11.3333333333333));
#9678=CARTESIAN_POINT('Ctrl Pts',(36.2073987852792,605.846426935346,6.66666666666667));
#9679=CARTESIAN_POINT('Ctrl Pts',(36.2073987852792,605.846426935346,2.));
#9680=CARTESIAN_POINT('Ctrl Pts',(22.149406733526,591.790620842531,16.));
#9681=CARTESIAN_POINT('Ctrl Pts',(22.149406733526,591.790620842531,11.3333333333333));
#9682=CARTESIAN_POINT('Ctrl Pts',(22.149406733526,591.790620842531,6.66666666666666));
#9683=CARTESIAN_POINT('Ctrl Pts',(22.149406733526,591.790620842531,2.));
#9684=CARTESIAN_POINT('Ctrl Pts',(12.9310421291338,575.292763434236,16.));
#9685=CARTESIAN_POINT('Ctrl Pts',(12.9310421291338,575.292763434236,11.3333333333333));
#9686=CARTESIAN_POINT('Ctrl Pts',(12.9310421291338,575.292763434236,6.66666666666668));
#9687=CARTESIAN_POINT('Ctrl Pts',(12.9310421291338,575.292763434236,2.));
#9688=CARTESIAN_POINT('Ctrl Pts',(9.05402247370103,557.989019642113,16.));
#9689=CARTESIAN_POINT('Ctrl Pts',(9.05402247370103,557.989019642113,11.3333333333333));
#9690=CARTESIAN_POINT('Ctrl Pts',(9.05402247370103,557.989019642113,6.66666666666665));
#9691=CARTESIAN_POINT('Ctrl Pts',(9.05402247370103,557.989019642113,2.));
#9692=CARTESIAN_POINT('Ctrl Pts',(8.99999999999937,546.371786269209,16.));
#9693=CARTESIAN_POINT('Ctrl Pts',(8.99999999999937,546.371786269209,11.3333333333333));
#9694=CARTESIAN_POINT('Ctrl Pts',(8.99999999999937,546.371786269209,6.66666666666668));
#9695=CARTESIAN_POINT('Ctrl Pts',(8.99999999999937,546.371786269209,2.));
#9696=CARTESIAN_POINT('Ctrl Pts',(8.99999999999926,540.5,16.));
#9697=CARTESIAN_POINT('Ctrl Pts',(8.99999999999926,540.5,11.3333333333333));
#9698=CARTESIAN_POINT('Ctrl Pts',(8.99999999999926,540.5,6.66666666666667));
#9699=CARTESIAN_POINT('Ctrl Pts',(8.99999999999926,540.5,2.));
#9700=CARTESIAN_POINT('',(9.00000000000006,540.5,16.));
#9701=CARTESIAN_POINT('',(9.00000000000006,540.5,18.));
#9702=CARTESIAN_POINT('Ctrl Pts',(87.5,619.,16.));
#9703=CARTESIAN_POINT('Ctrl Pts',(84.546805917974,619.,16.));
#9704=CARTESIAN_POINT('Ctrl Pts',(78.6001462510782,618.998479125448,16.));
#9705=CARTESIAN_POINT('Ctrl Pts',(69.5621529860695,618.428725057679,16.));
#9706=CARTESIAN_POINT('Ctrl Pts',(60.571132933528,616.8408065333,16.));
#9707=CARTESIAN_POINT('Ctrl Pts',(48.917216453818,613.084238563464,16.));
#9708=CARTESIAN_POINT('Ctrl Pts',(35.6759885035223,605.295169132552,16.));
#9709=CARTESIAN_POINT('Ctrl Pts',(22.7087727484565,592.330529987263,16.));
#9710=CARTESIAN_POINT('Ctrl Pts',(14.9171460938057,579.076172184884,16.));
#9711=CARTESIAN_POINT('Ctrl Pts',(11.1613168338654,567.434491158248,16.));
#9712=CARTESIAN_POINT('Ctrl Pts',(9.57041388256586,558.429260680401,16.));
#9713=CARTESIAN_POINT('Ctrl Pts',(9.00172462856581,549.387390668784,16.));
#9714=CARTESIAN_POINT('Ctrl Pts',(8.99999999999932,543.453194082026,16.));
#9715=CARTESIAN_POINT('Ctrl Pts',(8.99999999999926,540.5,16.));
#9716=CARTESIAN_POINT('Origin',(9.00000000000006,619.,18.));
#9717=CARTESIAN_POINT('',(9.00000000000006,87.4999999999999,16.));
#9718=CARTESIAN_POINT('',(9.00000000000006,87.4999999999999,18.));
#9719=CARTESIAN_POINT('',(9.00000000000006,466.5,16.));
#9720=CARTESIAN_POINT('Ctrl Pts',(9.00000000000006,87.4999999999999,16.));
#9721=CARTESIAN_POINT('Ctrl Pts',(9.00000000000006,87.4999999999999,11.3333333333333));
#9722=CARTESIAN_POINT('Ctrl Pts',(9.00000000000006,87.4999999999999,6.66666666666667));
#9723=CARTESIAN_POINT('Ctrl Pts',(9.00000000000006,87.4999999999999,2.));
#9724=CARTESIAN_POINT('Ctrl Pts',(9.00000000000006,81.6282137307904,16.));
#9725=CARTESIAN_POINT('Ctrl Pts',(9.00000000000006,81.6282137307904,11.3333333333333));
#9726=CARTESIAN_POINT('Ctrl Pts',(9.00000000000006,81.6282137307904,6.66666666666667));
#9727=CARTESIAN_POINT('Ctrl Pts',(9.00000000000006,81.6282137307904,2.));
#9728=CARTESIAN_POINT('Ctrl Pts',(9.05590248616854,70.0101482034543,16.));
#9729=CARTESIAN_POINT('Ctrl Pts',(9.05590248616854,70.0101482034543,11.3333333333333));
#9730=CARTESIAN_POINT('Ctrl Pts',(9.05590248616854,70.0101482034543,6.66666666666666));
#9731=CARTESIAN_POINT('Ctrl Pts',(9.05590248616854,70.0101482034543,2.));
#9732=CARTESIAN_POINT('Ctrl Pts',(12.9249050400351,52.7094192051905,16.));
#9733=CARTESIAN_POINT('Ctrl Pts',(12.9249050400351,52.7094192051905,11.3333333333333));
#9734=CARTESIAN_POINT('Ctrl Pts',(12.9249050400351,52.7094192051905,6.66666666666666));
#9735=CARTESIAN_POINT('Ctrl Pts',(12.9249050400351,52.7094192051905,2.));
#9736=CARTESIAN_POINT('Ctrl Pts',(22.1523239526584,36.2078976024672,16.));
#9737=CARTESIAN_POINT('Ctrl Pts',(22.1523239526584,36.2078976024672,11.3333333333333));
#9738=CARTESIAN_POINT('Ctrl Pts',(22.1523239526584,36.2078976024672,6.66666666666667));
#9739=CARTESIAN_POINT('Ctrl Pts',(22.1523239526584,36.2078976024672,2.));
#9740=CARTESIAN_POINT('Ctrl Pts',(36.2092710674401,22.1485040433781,16.));
#9741=CARTESIAN_POINT('Ctrl Pts',(36.2092710674401,22.1485040433781,11.3333333333333));
#9742=CARTESIAN_POINT('Ctrl Pts',(36.2092710674401,22.1485040433781,6.66666666666666));
#9743=CARTESIAN_POINT('Ctrl Pts',(36.2092710674401,22.1485040433781,2.));
#9744=CARTESIAN_POINT('Ctrl Pts',(52.707919046425,12.9288741417584,16.));
#9745=CARTESIAN_POINT('Ctrl Pts',(52.707919046425,12.9288741417584,11.3333333333333));
#9746=CARTESIAN_POINT('Ctrl Pts',(52.707919046425,12.9288741417584,6.66666666666668));
#9747=CARTESIAN_POINT('Ctrl Pts',(52.707919046425,12.9288741417584,2.));
#9748=CARTESIAN_POINT('Ctrl Pts',(70.0105973852065,9.05448694170921,16.));
#9749=CARTESIAN_POINT('Ctrl Pts',(70.0105973852065,9.05448694170921,11.3333333333334));
#9750=CARTESIAN_POINT('Ctrl Pts',(70.0105973852065,9.05448694170921,6.66666666666665));
#9751=CARTESIAN_POINT('Ctrl Pts',(70.0105973852065,9.05448694170921,2.));
#9752=CARTESIAN_POINT('Ctrl Pts',(81.6282137307905,9.00000000000014,16.));
#9753=CARTESIAN_POINT('Ctrl Pts',(81.6282137307905,9.00000000000014,11.3333333333333));
#9754=CARTESIAN_POINT('Ctrl Pts',(81.6282137307905,9.00000000000014,6.66666666666668));
#9755=CARTESIAN_POINT('Ctrl Pts',(81.6282137307905,9.00000000000014,2.));
#9756=CARTESIAN_POINT('Ctrl Pts',(87.5,9.00000000000019,16.));
#9757=CARTESIAN_POINT('Ctrl Pts',(87.5,9.00000000000019,11.3333333333333));
#9758=CARTESIAN_POINT('Ctrl Pts',(87.5,9.00000000000019,6.66666666666667));
#9759=CARTESIAN_POINT('Ctrl Pts',(87.5,9.00000000000019,2.));
#9760=CARTESIAN_POINT('',(87.5000000000001,8.99999999999993,16.));
#9761=CARTESIAN_POINT('',(87.5000000000001,8.99999999999993,18.));
#9762=CARTESIAN_POINT('Ctrl Pts',(9.00000000000006,87.4999999999999,16.));
#9763=CARTESIAN_POINT('Ctrl Pts',(9.00000000000006,84.546805917974,16.));
#9764=CARTESIAN_POINT('Ctrl Pts',(9.00184141171071,78.6004412382132,16.));
#9765=CARTESIAN_POINT('Ctrl Pts',(9.57139768449772,69.5626226371774,16.));
#9766=CARTESIAN_POINT('Ctrl Pts',(11.1601373875271,60.5718189720782,16.));
#9767=CARTESIAN_POINT('Ctrl Pts',(14.9158354492334,48.9205192740254,16.));
#9768=CARTESIAN_POINT('Ctrl Pts',(22.7071881674727,35.6699452937747,16.));
#9769=CARTESIAN_POINT('Ctrl Pts',(35.6692560702861,22.7170731735511,16.));
#9770=CARTESIAN_POINT('Ctrl Pts',(51.5697999616322,13.3347200048096,16.));
#9771=CARTESIAN_POINT('Ctrl Pts',(66.5598608112245,9.74042085135603,16.));
#9772=CARTESIAN_POINT('Ctrl Pts',(78.6115378825543,9.00968983341478,16.));
#9773=CARTESIAN_POINT('Ctrl Pts',(84.546805917974,9.00000000000018,16.));
#9774=CARTESIAN_POINT('Ctrl Pts',(87.5,9.00000000000021,16.));
#9775=CARTESIAN_POINT('Origin',(314.,314.,0.));
#9776=CARTESIAN_POINT('',(450.25,471.,0.));
#9777=CARTESIAN_POINT('Origin',(471.,471.,0.));
#9778=CARTESIAN_POINT('',(136.25,471.,0.));
#9779=CARTESIAN_POINT('Origin',(157.,471.,0.));
#9780=CARTESIAN_POINT('',(450.25,314.,0.));
#9781=CARTESIAN_POINT('Origin',(471.,314.,0.));
#9782=CARTESIAN_POINT('',(293.25,157.,0.));
#9783=CARTESIAN_POINT('Origin',(314.,157.,0.));
#9784=CARTESIAN_POINT('',(136.25,157.,0.));
#9785=CARTESIAN_POINT('Origin',(157.,157.,0.));
#9786=CARTESIAN_POINT('',(136.25,314.,0.));
#9787=CARTESIAN_POINT('Origin',(157.,314.,0.));
#9788=CARTESIAN_POINT('',(450.25,157.,0.));
#9789=CARTESIAN_POINT('Origin',(471.,157.,0.));
#9790=CARTESIAN_POINT('',(293.25,314.,0.));
#9791=CARTESIAN_POINT('Origin',(314.,314.,0.));
#9792=CARTESIAN_POINT('',(293.25,471.,0.));
#9793=CARTESIAN_POINT('Origin',(314.,471.,0.));
#9794=CARTESIAN_POINT('Ctrl Pts',(617.000000000001,87.4999999999999,18.));
#9795=CARTESIAN_POINT('Ctrl Pts',(617.000000000001,84.5468059179739,18.));
#9796=CARTESIAN_POINT('Ctrl Pts',(616.997601538796,78.6571217292083,18.));
#9797=CARTESIAN_POINT('Ctrl Pts',(616.438041718745,69.7959960437527,18.));
#9798=CARTESIAN_POINT('Ctrl Pts',(614.890212286066,61.0441979955604,18.));
#9799=CARTESIAN_POINT('Ctrl Pts',(611.252559724472,49.7716727443686,18.));
#9800=CARTESIAN_POINT('Ctrl Pts',(603.702570272741,36.9182881224437,18.));
#9801=CARTESIAN_POINT('Ctrl Pts',(591.075973325101,24.2941485534353,18.));
#9802=CARTESIAN_POINT('Ctrl Pts',(578.234039774787,16.7459765618849,18.));
#9803=CARTESIAN_POINT('Ctrl Pts',(566.950231130155,13.1077483595091,18.));
#9804=CARTESIAN_POINT('Ctrl Pts',(558.21224626886,11.5628415900349,18.));
#9805=CARTESIAN_POINT('Ctrl Pts',(549.355168953129,11.0022106260806,18.));
#9806=CARTESIAN_POINT('Ctrl Pts',(543.453194082026,11.,18.));
#9807=CARTESIAN_POINT('Ctrl Pts',(540.5,11.,18.));
#9808=CARTESIAN_POINT('Ctrl Pts',(617.598398600685,87.4999999999999,18.));
#9809=CARTESIAN_POINT('Ctrl Pts',(617.598398600685,84.5468059179739,18.));
#9810=CARTESIAN_POINT('Ctrl Pts',(617.596239528371,78.6439432258999,18.));
#9811=CARTESIAN_POINT('Ctrl Pts',(617.033964775485,69.728691170906,18.));
#9812=CARTESIAN_POINT('Ctrl Pts',(615.473289696173,60.9010589421681,18.));
#9813=CARTESIAN_POINT('Ctrl Pts',(611.800155383626,49.5177577587033,18.));
#9814=CARTESIAN_POINT('Ctrl Pts',(604.178038440104,36.5446042398803,18.));
#9815=CARTESIAN_POINT('Ctrl Pts',(591.449443089319,23.81859036241,18.));
#9816=CARTESIAN_POINT('Ctrl Pts',(578.488078623606,16.1982906300879,18.));
#9817=CARTESIAN_POINT('Ctrl Pts',(567.0934895655,12.5247022017693,18.));
#9818=CARTESIAN_POINT('Ctrl Pts',(558.279593429281,10.9668856231763,18.));
#9819=CARTESIAN_POINT('Ctrl Pts',(549.368432460634,10.4035819428048,18.));
#9820=CARTESIAN_POINT('Ctrl Pts',(543.453194082026,10.4016013993162,18.));
#9821=CARTESIAN_POINT('Ctrl Pts',(540.5,10.4016013993162,18.));
#9822=CARTESIAN_POINT('Ctrl Pts',(618.634275506362,87.4999999999999,17.4977326782914));
#9823=CARTESIAN_POINT('Ctrl Pts',(618.634275506362,84.5468059179739,17.4977326782914));
#9824=CARTESIAN_POINT('Ctrl Pts',(618.632415850056,78.6207053386946,17.4977326782914));
#9825=CARTESIAN_POINT('Ctrl Pts',(618.065390839815,69.6119015804201,17.4977326782914));
#9826=CARTESIAN_POINT('Ctrl Pts',(616.482351305175,60.6530166313924,17.4977326782914));
#9827=CARTESIAN_POINT('Ctrl Pts',(612.748170664521,49.0789417827576,17.4977326782914));
#9828=CARTESIAN_POINT('Ctrl Pts',(605.000677132094,35.8978436946541,17.4977326782914));
#9829=CARTESIAN_POINT('Ctrl Pts',(592.095774422042,22.9954681521249,17.4977326782914));
#9830=CARTESIAN_POINT('Ctrl Pts',(578.927550561479,15.2504658338871,17.4977326782914));
#9831=CARTESIAN_POINT('Ctrl Pts',(567.341326713565,11.5155230638582,17.4977326782914));
#9832=CARTESIAN_POINT('Ctrl Pts',(558.396640801087,9.93548249491838,17.4977326782914));
#9833=CARTESIAN_POINT('Ctrl Pts',(549.391715768762,9.36737890900972,17.4977326782914));
#9834=CARTESIAN_POINT('Ctrl Pts',(543.453194082026,9.36572449363875,17.4977326782914));
#9835=CARTESIAN_POINT('Ctrl Pts',(540.5,9.36572449363875,17.4977326782914));
#9836=CARTESIAN_POINT('Ctrl Pts',(619.000000000001,87.4999999999999,16.4487989505128));
#9837=CARTESIAN_POINT('Ctrl Pts',(619.000000000001,84.5468059179739,16.4487989505128));
#9838=CARTESIAN_POINT('Ctrl Pts',(618.998297098289,78.6126896021483,16.4487989505128));
#9839=CARTESIAN_POINT('Ctrl Pts',(618.429617383871,69.5707921039695,16.4487989505128));
#9840=CARTESIAN_POINT('Ctrl Pts',(616.838738541165,60.5655573847416,16.4487989505128));
#9841=CARTESIAN_POINT('Ctrl Pts',(613.082838332552,48.9236895725613,16.4487989505128));
#9842=CARTESIAN_POINT('Ctrl Pts',(605.291309555945,35.6694479412483,16.4487989505128));
#9843=CARTESIAN_POINT('Ctrl Pts',(592.324044632302,22.7048104790342,16.4487989505128));
#9844=CARTESIAN_POINT('Ctrl Pts',(579.082838357716,14.9157114901013,16.4487989505128));
#9845=CARTESIAN_POINT('Ctrl Pts',(567.428896338444,11.1591705214771,16.4487989505128));
#9846=CARTESIAN_POINT('Ctrl Pts',(558.437759353051,9.5712285774033,16.4487989505128));
#9847=CARTESIAN_POINT('Ctrl Pts',(549.399792699816,9.0015072390393,16.4487989505128));
#9848=CARTESIAN_POINT('Ctrl Pts',(543.453194082026,9.,16.4487989505128));
#9849=CARTESIAN_POINT('Ctrl Pts',(540.5,9.,16.4487989505128));
#9850=CARTESIAN_POINT('Ctrl Pts',(619.000000000001,87.4999999999999,16.));
#9851=CARTESIAN_POINT('Ctrl Pts',(619.000000000001,84.5468059179739,16.));
#9852=CARTESIAN_POINT('Ctrl Pts',(618.998275371434,78.6126093312158,16.));
#9853=CARTESIAN_POINT('Ctrl Pts',(618.429586117435,69.5707393195991,16.));
#9854=CARTESIAN_POINT('Ctrl Pts',(616.838683166135,60.5655088417518,16.));
#9855=CARTESIAN_POINT('Ctrl Pts',(613.082853906195,48.9238278151165,16.));
#9856=CARTESIAN_POINT('Ctrl Pts',(605.291227251543,35.6694700127366,16.));
#9857=CARTESIAN_POINT('Ctrl Pts',(592.324011496478,22.7048308674485,16.));
#9858=CARTESIAN_POINT('Ctrl Pts',(579.082783546182,14.9157614365362,16.));
#9859=CARTESIAN_POINT('Ctrl Pts',(567.428867066472,11.1591934667,16.));
#9860=CARTESIAN_POINT('Ctrl Pts',(558.43784701393,9.57127494232081,16.));
#9861=CARTESIAN_POINT('Ctrl Pts',(549.399853748922,9.00152087455174,16.));
#9862=CARTESIAN_POINT('Ctrl Pts',(543.453194082026,9.,16.));
#9863=CARTESIAN_POINT('Ctrl Pts',(540.5,9.,16.));
#9864=CARTESIAN_POINT('',(540.5,11.,18.));
#9865=CARTESIAN_POINT('',(540.5,9.,16.));
#9866=CARTESIAN_POINT('Origin',(540.5,11.,16.));
#9867=CARTESIAN_POINT('',(619.000000000001,87.4999999999999,16.));
#9868=CARTESIAN_POINT('Ctrl Pts',(540.5,9.,16.));
#9869=CARTESIAN_POINT('Ctrl Pts',(543.453194082026,9.,16.));
#9870=CARTESIAN_POINT('Ctrl Pts',(549.399853748922,9.00152087455174,16.));
#9871=CARTESIAN_POINT('Ctrl Pts',(558.43784701393,9.57127494232081,16.));
#9872=CARTESIAN_POINT('Ctrl Pts',(567.428867066472,11.1591934667,16.));
#9873=CARTESIAN_POINT('Ctrl Pts',(579.082783546182,14.9157614365362,16.));
#9874=CARTESIAN_POINT('Ctrl Pts',(592.324011496478,22.7048308674485,16.));
#9875=CARTESIAN_POINT('Ctrl Pts',(605.291227251543,35.6694700127366,16.));
#9876=CARTESIAN_POINT('Ctrl Pts',(613.082853906195,48.9238278151165,16.));
#9877=CARTESIAN_POINT('Ctrl Pts',(616.838683166135,60.5655088417518,16.));
#9878=CARTESIAN_POINT('Ctrl Pts',(618.429586117435,69.5707393195991,16.));
#9879=CARTESIAN_POINT('Ctrl Pts',(618.998275371434,78.6126093312158,16.));
#9880=CARTESIAN_POINT('Ctrl Pts',(619.000000000001,84.5468059179739,16.));
#9881=CARTESIAN_POINT('Ctrl Pts',(619.000000000001,87.4999999999999,16.));
#9882=CARTESIAN_POINT('',(617.000000000001,87.4999999999999,18.));
#9883=CARTESIAN_POINT('Origin',(617.000000000001,87.4999999999999,16.));
#9884=CARTESIAN_POINT('Ctrl Pts',(617.000000000001,87.4999999999999,18.));
#9885=CARTESIAN_POINT('Ctrl Pts',(617.000000000001,84.5468059179739,18.));
#9886=CARTESIAN_POINT('Ctrl Pts',(616.997601538796,78.6571217292083,18.));
#9887=CARTESIAN_POINT('Ctrl Pts',(616.438041718745,69.7959960437527,18.));
#9888=CARTESIAN_POINT('Ctrl Pts',(614.890212286066,61.0441979955604,18.));
#9889=CARTESIAN_POINT('Ctrl Pts',(611.252559724472,49.7716727443686,18.));
#9890=CARTESIAN_POINT('Ctrl Pts',(603.702570272741,36.9182881224437,18.));
#9891=CARTESIAN_POINT('Ctrl Pts',(591.075973325101,24.2941485534353,18.));
#9892=CARTESIAN_POINT('Ctrl Pts',(578.234039774787,16.7459765618849,18.));
#9893=CARTESIAN_POINT('Ctrl Pts',(566.950231130155,13.1077483595091,18.));
#9894=CARTESIAN_POINT('Ctrl Pts',(558.21224626886,11.5628415900349,18.));
#9895=CARTESIAN_POINT('Ctrl Pts',(549.355168953129,11.0022106260806,18.));
#9896=CARTESIAN_POINT('Ctrl Pts',(543.453194082026,11.,18.));
#9897=CARTESIAN_POINT('Ctrl Pts',(540.5,11.,18.));
#9898=CARTESIAN_POINT('Origin',(161.5,10.9999999999999,16.));
#9899=CARTESIAN_POINT('',(87.5000000000001,10.9999999999999,18.));
#9900=CARTESIAN_POINT('Origin',(87.5000000000001,10.9999999999999,16.));
#9901=CARTESIAN_POINT('',(161.5,8.99999999999994,16.));
#9902=CARTESIAN_POINT('',(161.5,10.9999999999999,18.));
#9903=CARTESIAN_POINT('Ctrl Pts',(87.5,11.0000000000002,18.));
#9904=CARTESIAN_POINT('Ctrl Pts',(84.546805917974,11.0000000000002,18.));
#9905=CARTESIAN_POINT('Ctrl Pts',(78.656170363462,11.0094623534942,18.));
#9906=CARTESIAN_POINT('Ctrl Pts',(66.8450780679663,11.731094008686,18.));
#9907=CARTESIAN_POINT('Ctrl Pts',(52.3388404780809,15.2153863181763,18.));
#9908=CARTESIAN_POINT('Ctrl Pts',(36.9175738006069,24.3052469125781,18.));
#9909=CARTESIAN_POINT('Ctrl Pts',(24.2960460637738,36.9189331497186,18.));
#9910=CARTESIAN_POINT('Ctrl Pts',(16.746113248151,49.7687734786634,18.));
#9911=CARTESIAN_POINT('Ctrl Pts',(13.1086445019939,61.0502914298144,18.));
#9912=CARTESIAN_POINT('Ctrl Pts',(11.562949937558,69.7881587629588,18.));
#9913=CARTESIAN_POINT('Ctrl Pts',(11.0024939323329,78.6450790894071,18.));
#9914=CARTESIAN_POINT('Ctrl Pts',(11.0000000000001,84.546805917974,18.));
#9915=CARTESIAN_POINT('Ctrl Pts',(11.0000000000001,87.4999999999999,18.));
#9916=CARTESIAN_POINT('Ctrl Pts',(87.5,10.4016013993164,18.));
#9917=CARTESIAN_POINT('Ctrl Pts',(84.546805917974,10.4016013993164,18.));
#9918=CARTESIAN_POINT('Ctrl Pts',(78.6428974257992,10.4111139016799,18.));
#9919=CARTESIAN_POINT('Ctrl Pts',(66.7597004678474,11.1354951709143,18.));
#9920=CARTESIAN_POINT('Ctrl Pts',(52.1087633323734,14.6526308782032,18.));
#9921=CARTESIAN_POINT('Ctrl Pts',(36.544069190121,23.830078083176,18.));
#9922=CARTESIAN_POINT('Ctrl Pts',(23.8206180855703,36.5452246472488,18.));
#9923=CARTESIAN_POINT('Ctrl Pts',(16.1985166854465,49.514916065495,18.));
#9924=CARTESIAN_POINT('Ctrl Pts',(12.5256339551517,60.9071146565583,18.));
#9925=CARTESIAN_POINT('Ctrl Pts',(10.9670566574165,69.7207619204958,18.));
#9926=CARTESIAN_POINT('Ctrl Pts',(10.403895210166,78.6317630808939,18.));
#9927=CARTESIAN_POINT('Ctrl Pts',(10.4016013993163,84.546805917974,18.));
#9928=CARTESIAN_POINT('Ctrl Pts',(10.4016013993163,87.4999999999999,18.));
#9929=CARTESIAN_POINT('Ctrl Pts',(87.5,9.36555697321755,17.4979337834038));
#9930=CARTESIAN_POINT('Ctrl Pts',(84.546805917974,9.36555697321753,17.4979337834038));
#9931=CARTESIAN_POINT('Ctrl Pts',(78.6196653140644,9.37521195103316,17.4979337834039));
#9932=CARTESIAN_POINT('Ctrl Pts',(66.6120077009075,10.1042696337883,17.4979337834039));
#9933=CARTESIAN_POINT('Ctrl Pts',(51.7103568029582,13.6784883892126,17.4979337834038));
#9934=CARTESIAN_POINT('Ctrl Pts',(35.8974250056501,23.0073527966825,17.4979337834038));
#9935=CARTESIAN_POINT('Ctrl Pts',(22.9976132750122,35.8982379862973,17.4979337834039));
#9936=CARTESIAN_POINT('Ctrl Pts',(15.2503628710792,49.0755845429905,17.4979337834038));
#9937=CARTESIAN_POINT('Ctrl Pts',(11.5162895427912,60.6592802550852,17.4979337834038));
#9938=CARTESIAN_POINT('Ctrl Pts',(9.93541893789871,69.6038144852138,17.4979337834039));
#9939=CARTESIAN_POINT('Ctrl Pts',(9.36751948606743,78.6085852129943,17.4979337834038));
#9940=CARTESIAN_POINT('Ctrl Pts',(9.3655569732174,84.546805917974,17.4979337834038));
#9941=CARTESIAN_POINT('Ctrl Pts',(9.3655569732174,87.4999999999999,17.4979337834038));
#9942=CARTESIAN_POINT('Ctrl Pts',(87.5,9.00000000000021,16.4487989505128));
#9943=CARTESIAN_POINT('Ctrl Pts',(84.546805917974,9.00000000000018,16.4487989505128));
#9944=CARTESIAN_POINT('Ctrl Pts',(78.6115845063396,9.00967953149817,16.4487989505128));
#9945=CARTESIAN_POINT('Ctrl Pts',(66.5598373487925,9.74042612977531,16.4487989505128));
#9946=CARTESIAN_POINT('Ctrl Pts',(51.5698110260205,13.3346846960519,16.4487989505128));
#9947=CARTESIAN_POINT('Ctrl Pts',(35.6692509984123,22.7170798690549,16.4487989505128));
#9948=CARTESIAN_POINT('Ctrl Pts',(22.7071635485925,35.6699382717814,16.4487989505128));
#9949=CARTESIAN_POINT('Ctrl Pts',(14.9158476842078,48.9204845669522,16.4487989505128));
#9950=CARTESIAN_POINT('Ctrl Pts',(11.1601267011389,60.5718085346054,16.4487989505128));
#9951=CARTESIAN_POINT('Ctrl Pts',(9.57138489438808,69.5626706062448,16.4487989505128));
#9952=CARTESIAN_POINT('Ctrl Pts',(9.00183860070776,78.6004640156187,16.4487989505128));
#9953=CARTESIAN_POINT('Ctrl Pts',(9.00000000000006,84.546805917974,16.4487989505128));
#9954=CARTESIAN_POINT('Ctrl Pts',(9.00000000000006,87.4999999999999,16.4487989505128));
#9955=CARTESIAN_POINT('Ctrl Pts',(87.5,9.00000000000021,16.));
#9956=CARTESIAN_POINT('Ctrl Pts',(84.546805917974,9.00000000000018,16.));
#9957=CARTESIAN_POINT('Ctrl Pts',(78.6115378825543,9.00968983341478,16.));
#9958=CARTESIAN_POINT('Ctrl Pts',(66.5598608112245,9.74042085135603,16.));
#9959=CARTESIAN_POINT('Ctrl Pts',(51.5697999616322,13.3347200048096,16.));
#9960=CARTESIAN_POINT('Ctrl Pts',(35.6692560702861,22.7170731735511,16.));
#9961=CARTESIAN_POINT('Ctrl Pts',(22.7071881674727,35.6699452937747,16.));
#9962=CARTESIAN_POINT('Ctrl Pts',(14.9158354492334,48.9205192740254,16.));
#9963=CARTESIAN_POINT('Ctrl Pts',(11.1601373875271,60.5718189720782,16.));
#9964=CARTESIAN_POINT('Ctrl Pts',(9.57139768449772,69.5626226371774,16.));
#9965=CARTESIAN_POINT('Ctrl Pts',(9.00184141171071,78.6004412382132,16.));
#9966=CARTESIAN_POINT('Ctrl Pts',(9.00000000000006,84.546805917974,16.));
#9967=CARTESIAN_POINT('Ctrl Pts',(9.00000000000006,87.4999999999999,16.));
#9968=CARTESIAN_POINT('',(11.0000000000001,87.4999999999999,18.));
#9969=CARTESIAN_POINT('Origin',(11.0000000000001,87.4999999999999,16.));
#9970=CARTESIAN_POINT('Ctrl Pts',(87.5,11.0000000000002,18.));
#9971=CARTESIAN_POINT('Ctrl Pts',(84.546805917974,11.0000000000002,18.));
#9972=CARTESIAN_POINT('Ctrl Pts',(78.656170363462,11.0094623534942,18.));
#9973=CARTESIAN_POINT('Ctrl Pts',(66.8450780679663,11.731094008686,18.));
#9974=CARTESIAN_POINT('Ctrl Pts',(52.3388404780809,15.2153863181763,18.));
#9975=CARTESIAN_POINT('Ctrl Pts',(36.9175738006069,24.3052469125781,18.));
#9976=CARTESIAN_POINT('Ctrl Pts',(24.2960460637738,36.9189331497186,18.));
#9977=CARTESIAN_POINT('Ctrl Pts',(16.746113248151,49.7687734786634,18.));
#9978=CARTESIAN_POINT('Ctrl Pts',(13.1086445019939,61.0502914298144,18.));
#9979=CARTESIAN_POINT('Ctrl Pts',(11.562949937558,69.7881587629588,18.));
#9980=CARTESIAN_POINT('Ctrl Pts',(11.0024939323329,78.6450790894071,18.));
#9981=CARTESIAN_POINT('Ctrl Pts',(11.0000000000001,84.546805917974,18.));
#9982=CARTESIAN_POINT('Ctrl Pts',(11.0000000000001,87.4999999999999,18.));
#9983=CARTESIAN_POINT('Origin',(11.,466.5,16.));
#9984=CARTESIAN_POINT('',(11.,540.5,18.));
#9985=CARTESIAN_POINT('Origin',(11.,540.5,16.));
#9986=CARTESIAN_POINT('',(11.,466.5,18.));
#9987=CARTESIAN_POINT('Ctrl Pts',(10.9999999999992,540.5,18.));
#9988=CARTESIAN_POINT('Ctrl Pts',(10.9999999999993,543.453194082026,18.));
#9989=CARTESIAN_POINT('Ctrl Pts',(11.0023984612036,549.342878270792,18.));
#9990=CARTESIAN_POINT('Ctrl Pts',(11.5619582812555,558.204003956247,18.));
#9991=CARTESIAN_POINT('Ctrl Pts',(13.1097877139346,566.955802004439,18.));
#9992=CARTESIAN_POINT('Ctrl Pts',(16.7474402755281,578.228327255631,18.));
#9993=CARTESIAN_POINT('Ctrl Pts',(24.2974297272593,591.081711877556,18.));
#9994=CARTESIAN_POINT('Ctrl Pts',(36.9240266748989,603.705851446565,18.));
#9995=CARTESIAN_POINT('Ctrl Pts',(49.7659602252131,611.254023438115,18.));
#9996=CARTESIAN_POINT('Ctrl Pts',(61.0497688698452,614.892251640491,18.));
#9997=CARTESIAN_POINT('Ctrl Pts',(69.78775373114,616.437158409965,18.));
#9998=CARTESIAN_POINT('Ctrl Pts',(78.6448310468711,616.997789373919,18.));
#9999=CARTESIAN_POINT('Ctrl Pts',(84.546805917974,617.,18.));
#10000=CARTESIAN_POINT('Ctrl Pts',(87.5,617.,18.));
#10001=CARTESIAN_POINT('Ctrl Pts',(10.4016013993155,540.5,18.));
#10002=CARTESIAN_POINT('Ctrl Pts',(10.4016013993155,543.453194082026,18.));
#10003=CARTESIAN_POINT('Ctrl Pts',(10.4037604716293,549.3560567741,18.));
#10004=CARTESIAN_POINT('Ctrl Pts',(10.9660352245157,558.271308829094,18.));
#10005=CARTESIAN_POINT('Ctrl Pts',(12.5267103038277,567.098941057831,18.));
#10006=CARTESIAN_POINT('Ctrl Pts',(16.1998446163742,578.482242241297,18.));
#10007=CARTESIAN_POINT('Ctrl Pts',(23.8219615598957,591.455395760119,18.));
#10008=CARTESIAN_POINT('Ctrl Pts',(36.5505569106813,604.18140963759,18.));
#10009=CARTESIAN_POINT('Ctrl Pts',(49.5119213763943,611.801709369912,18.));
#10010=CARTESIAN_POINT('Ctrl Pts',(60.9065104345007,615.475297798231,18.));
#10011=CARTESIAN_POINT('Ctrl Pts',(69.7204065707191,617.033114376824,18.));
#10012=CARTESIAN_POINT('Ctrl Pts',(78.6315675393663,617.596418057195,18.));
#10013=CARTESIAN_POINT('Ctrl Pts',(84.546805917974,617.598398600684,18.));
#10014=CARTESIAN_POINT('Ctrl Pts',(87.5,617.598398600684,18.));
#10015=CARTESIAN_POINT('Ctrl Pts',(9.365724493638,540.5,17.4977326782914));
#10016=CARTESIAN_POINT('Ctrl Pts',(9.36572449363806,543.453194082026,17.4977326782914));
#10017=CARTESIAN_POINT('Ctrl Pts',(9.367584149944,549.379294661305,17.4977326782914));
#10018=CARTESIAN_POINT('Ctrl Pts',(9.934609160185,558.38809841958,17.4977326782914));
#10019=CARTESIAN_POINT('Ctrl Pts',(11.5176486948259,567.346983368607,17.4977326782914));
#10020=CARTESIAN_POINT('Ctrl Pts',(15.2518293354795,578.921058217242,17.4977326782914));
#10021=CARTESIAN_POINT('Ctrl Pts',(22.9993228679061,592.102156305346,17.4977326782914));
#10022=CARTESIAN_POINT('Ctrl Pts',(35.9042255779583,605.004531847875,17.4977326782914));
#10023=CARTESIAN_POINT('Ctrl Pts',(49.0724494385216,612.749534166113,17.4977326782914));
#10024=CARTESIAN_POINT('Ctrl Pts',(60.6586732864354,616.484476936142,17.4977326782914));
#10025=CARTESIAN_POINT('Ctrl Pts',(69.6033591989127,618.064517505082,17.4977326782914));
#10026=CARTESIAN_POINT('Ctrl Pts',(78.6082842312382,618.63262109099,17.4977326782914));
#10027=CARTESIAN_POINT('Ctrl Pts',(84.546805917974,618.634275506362,17.4977326782914));
#10028=CARTESIAN_POINT('Ctrl Pts',(87.5,618.634275506362,17.4977326782914));
#10029=CARTESIAN_POINT('Ctrl Pts',(8.99999999999926,540.5,16.4487989505128));
#10030=CARTESIAN_POINT('Ctrl Pts',(8.99999999999932,543.453194082026,16.4487989505128));
#10031=CARTESIAN_POINT('Ctrl Pts',(9.0017029017107,549.387310397851,16.4487989505128));
#10032=CARTESIAN_POINT('Ctrl Pts',(9.57038261612967,558.42920789603,16.4487989505128));
#10033=CARTESIAN_POINT('Ctrl Pts',(11.1612614588356,567.434442615258,16.4487989505128));
#10034=CARTESIAN_POINT('Ctrl Pts',(14.9171616674489,579.076310427439,16.4487989505128));
#10035=CARTESIAN_POINT('Ctrl Pts',(22.7086904440546,592.330552058751,16.4487989505128));
#10036=CARTESIAN_POINT('Ctrl Pts',(35.6759553676984,605.295189520966,16.4487989505128));
#10037=CARTESIAN_POINT('Ctrl Pts',(48.9171616422839,613.084288509899,16.4487989505128));
#10038=CARTESIAN_POINT('Ctrl Pts',(60.5711036615558,616.840829478523,16.4487989505128));
#10039=CARTESIAN_POINT('Ctrl Pts',(69.5622406469489,618.428771422597,16.4487989505128));
#10040=CARTESIAN_POINT('Ctrl Pts',(78.6002073001841,618.998492760961,16.4487989505128));
#10041=CARTESIAN_POINT('Ctrl Pts',(84.546805917974,619.,16.4487989505128));
#10042=CARTESIAN_POINT('Ctrl Pts',(87.5,619.,16.4487989505128));
#10043=CARTESIAN_POINT('Ctrl Pts',(8.99999999999926,540.5,16.));
#10044=CARTESIAN_POINT('Ctrl Pts',(8.99999999999932,543.453194082026,16.));
#10045=CARTESIAN_POINT('Ctrl Pts',(9.00172462856581,549.387390668784,16.));
#10046=CARTESIAN_POINT('Ctrl Pts',(9.57041388256586,558.429260680401,16.));
#10047=CARTESIAN_POINT('Ctrl Pts',(11.1613168338654,567.434491158248,16.));
#10048=CARTESIAN_POINT('Ctrl Pts',(14.9171460938057,579.076172184884,16.));
#10049=CARTESIAN_POINT('Ctrl Pts',(22.7087727484565,592.330529987263,16.));
#10050=CARTESIAN_POINT('Ctrl Pts',(35.6759885035223,605.295169132552,16.));
#10051=CARTESIAN_POINT('Ctrl Pts',(48.917216453818,613.084238563464,16.));
#10052=CARTESIAN_POINT('Ctrl Pts',(60.571132933528,616.8408065333,16.));
#10053=CARTESIAN_POINT('Ctrl Pts',(69.5621529860695,618.428725057679,16.));
#10054=CARTESIAN_POINT('Ctrl Pts',(78.6001462510782,618.998479125448,16.));
#10055=CARTESIAN_POINT('Ctrl Pts',(84.546805917974,619.,16.));
#10056=CARTESIAN_POINT('Ctrl Pts',(87.5,619.,16.));
#10057=CARTESIAN_POINT('',(87.5,617.,18.));
#10058=CARTESIAN_POINT('Origin',(87.5,617.,16.));
#10059=CARTESIAN_POINT('Ctrl Pts',(10.9999999999992,540.5,18.));
#10060=CARTESIAN_POINT('Ctrl Pts',(10.9999999999993,543.453194082026,18.));
#10061=CARTESIAN_POINT('Ctrl Pts',(11.0023984612036,549.342878270792,18.));
#10062=CARTESIAN_POINT('Ctrl Pts',(11.5619582812555,558.204003956247,18.));
#10063=CARTESIAN_POINT('Ctrl Pts',(13.1097877139346,566.955802004439,18.));
#10064=CARTESIAN_POINT('Ctrl Pts',(16.7474402755281,578.228327255631,18.));
#10065=CARTESIAN_POINT('Ctrl Pts',(24.2974297272593,591.081711877556,18.));
#10066=CARTESIAN_POINT('Ctrl Pts',(36.9240266748989,603.705851446565,18.));
#10067=CARTESIAN_POINT('Ctrl Pts',(49.7659602252131,611.254023438115,18.));
#10068=CARTESIAN_POINT('Ctrl Pts',(61.0497688698452,614.892251640491,18.));
#10069=CARTESIAN_POINT('Ctrl Pts',(69.78775373114,616.437158409965,18.));
#10070=CARTESIAN_POINT('Ctrl Pts',(78.6448310468711,616.997789373919,18.));
#10071=CARTESIAN_POINT('Ctrl Pts',(84.546805917974,617.,18.));
#10072=CARTESIAN_POINT('Ctrl Pts',(87.5,617.,18.));
#10073=CARTESIAN_POINT('Origin',(466.5,617.,16.));
#10074=CARTESIAN_POINT('',(540.5,617.,18.));
#10075=CARTESIAN_POINT('Origin',(540.5,617.,16.));
#10076=CARTESIAN_POINT('',(466.5,617.,18.));
#10077=CARTESIAN_POINT('Ctrl Pts',(540.5,617.,18.));
#10078=CARTESIAN_POINT('Ctrl Pts',(543.453194082026,617.,18.));
#10079=CARTESIAN_POINT('Ctrl Pts',(549.342844549431,616.997474508477,18.));
#10080=CARTESIAN_POINT('Ctrl Pts',(558.203592006419,616.438244359203,18.));
#10081=CARTESIAN_POINT('Ctrl Pts',(566.955462444007,614.889728343325,18.));
#10082=CARTESIAN_POINT('Ctrl Pts',(578.228915956115,611.25249623186,18.));
#10083=CARTESIAN_POINT('Ctrl Pts',(591.081412111703,603.702322865615,18.));
#10084=CARTESIAN_POINT('Ctrl Pts',(603.706129282243,591.07599049878,18.));
#10085=CARTESIAN_POINT('Ctrl Pts',(611.253989030056,578.234098834427,18.));
#10086=CARTESIAN_POINT('Ctrl Pts',(614.892484957287,566.950562360435,18.));
#10087=CARTESIAN_POINT('Ctrl Pts',(616.437273651527,558.212404325913,18.));
#10088=CARTESIAN_POINT('Ctrl Pts',(616.997885786139,549.355307253743,18.));
#10089=CARTESIAN_POINT('Ctrl Pts',(617.,543.453194082026,18.));
#10090=CARTESIAN_POINT('Ctrl Pts',(617.,540.5,18.));
#10091=CARTESIAN_POINT('Ctrl Pts',(540.5,617.598398600684,18.));
#10092=CARTESIAN_POINT('Ctrl Pts',(543.453194082026,617.598398600684,18.));
#10093=CARTESIAN_POINT('Ctrl Pts',(549.35602390616,617.596119077252,18.));
#10094=CARTESIAN_POINT('Ctrl Pts',(558.270811491359,617.034220698085,18.));
#10095=CARTESIAN_POINT('Ctrl Pts',(567.098667318722,615.472804774213,18.));
#10096=CARTESIAN_POINT('Ctrl Pts',(578.482854566237,611.800110236109,18.));
#10097=CARTESIAN_POINT('Ctrl Pts',(591.455162415559,604.177810634559,18.));
#10098=CARTESIAN_POINT('Ctrl Pts',(604.181744491937,591.449483528006,18.));
#10099=CARTESIAN_POINT('Ctrl Pts',(611.801716160328,578.488163472764,18.));
#10100=CARTESIAN_POINT('Ctrl Pts',(615.475566191355,567.093841196439,18.));
#10101=CARTESIAN_POINT('Ctrl Pts',(617.033259594107,558.279751888733,18.));
#10102=CARTESIAN_POINT('Ctrl Pts',(617.596531157602,549.36856293572,18.));
#10103=CARTESIAN_POINT('Ctrl Pts',(617.598398600684,543.453194082026,18.));
#10104=CARTESIAN_POINT('Ctrl Pts',(617.598398600684,540.5,18.));
#10105=CARTESIAN_POINT('Ctrl Pts',(540.5,618.634261364272,17.4977157009789));
#10106=CARTESIAN_POINT('Ctrl Pts',(543.453194082026,618.634261364272,17.4977157009789));
#10107=CARTESIAN_POINT('Ctrl Pts',(549.379243164168,618.632269104434,17.4977157009789));
#10108=CARTESIAN_POINT('Ctrl Pts',(558.387627963225,618.065612280215,17.4977157009789));
#10109=CARTESIAN_POINT('Ctrl Pts',(567.346540800981,616.48183534221,17.4977157009789));
#10110=CARTESIAN_POINT('Ctrl Pts',(578.921776800177,612.747996818902,17.4977157009788));
#10111=CARTESIAN_POINT('Ctrl Pts',(592.10180090027,605.000376370424,17.4977157009788));
#10112=CARTESIAN_POINT('Ctrl Pts',(605.004895451928,592.095689194581,17.4977157009788));
#10113=CARTESIAN_POINT('Ctrl Pts',(612.749473616883,578.92760221974,17.4977157009789));
#10114=CARTESIAN_POINT('Ctrl Pts',(616.484706619778,567.341703172538,17.4977157009788));
#10115=CARTESIAN_POINT('Ctrl Pts',(618.064620990374,558.396823066279,17.4977157009788));
#10116=CARTESIAN_POINT('Ctrl Pts',(618.632709262826,549.391877072937,17.4977157009789));
#10117=CARTESIAN_POINT('Ctrl Pts',(618.634261364272,543.453194082026,17.4977157009789));
#10118=CARTESIAN_POINT('Ctrl Pts',(618.634261364272,540.5,17.4977157009789));
#10119=CARTESIAN_POINT('Ctrl Pts',(540.5,619.,16.4487989505128));
#10120=CARTESIAN_POINT('Ctrl Pts',(543.453194082026,619.,16.4487989505128));
#10121=CARTESIAN_POINT('Ctrl Pts',(549.387262176739,618.998170439453,16.4487989505128));
#10122=CARTESIAN_POINT('Ctrl Pts',(558.428671550774,618.429895264168,16.4487989505128));
#10123=CARTESIAN_POINT('Ctrl Pts',(567.434069007476,616.838236682789,16.4487989505128));
#10124=CARTESIAN_POINT('Ctrl Pts',(579.07704191609,613.082701939249,16.4487989505128));
#10125=CARTESIAN_POINT('Ctrl Pts',(592.330266265808,605.291039856318,16.4487989505128));
#10126=CARTESIAN_POINT('Ctrl Pts',(605.295604282754,592.323996195709,16.4487989505128));
#10127=CARTESIAN_POINT('Ctrl Pts',(613.084276885298,579.082917732257,16.4487989505128));
#10128=CARTESIAN_POINT('Ctrl Pts',(616.841101831889,567.429289039199,16.4487989505128));
#10129=CARTESIAN_POINT('Ctrl Pts',(618.428914022443,558.437941989248,16.4487989505128));
#10130=CARTESIAN_POINT('Ctrl Pts',(618.99860870618,549.399946059652,16.4487989505128));
#10131=CARTESIAN_POINT('Ctrl Pts',(619.,543.453194082026,16.4487989505128));
#10132=CARTESIAN_POINT('Ctrl Pts',(619.,540.5,16.4487989505128));
#10133=CARTESIAN_POINT('Ctrl Pts',(540.5,619.,16.));
#10134=CARTESIAN_POINT('Ctrl Pts',(543.453194082026,619.,16.));
#10135=CARTESIAN_POINT('Ctrl Pts',(549.387338841297,618.998144219646,16.));
#10136=CARTESIAN_POINT('Ctrl Pts',(558.428757795055,618.429842623434,16.));
#10137=CARTESIAN_POINT('Ctrl Pts',(567.434064752276,616.838178264464,16.));
#10138=CARTESIAN_POINT('Ctrl Pts',(579.076916939488,613.082689618383,16.));
#10139=CARTESIAN_POINT('Ctrl Pts',(592.330200959661,605.29093930276,16.));
#10140=CARTESIAN_POINT('Ctrl Pts',(605.295572745081,592.323933263024,16.));
#10141=CARTESIAN_POINT('Ctrl Pts',(613.08420305606,579.082849228505,16.));
#10142=CARTESIAN_POINT('Ctrl Pts',(616.841062634501,567.429258371883,16.));
#10143=CARTESIAN_POINT('Ctrl Pts',(618.428852521276,558.438034479013,16.));
#10144=CARTESIAN_POINT('Ctrl Pts',(618.99858753807,549.400015674497,16.));
#10145=CARTESIAN_POINT('Ctrl Pts',(619.,543.453194082026,16.));
#10146=CARTESIAN_POINT('Ctrl Pts',(619.,540.5,16.));
#10147=CARTESIAN_POINT('',(617.,540.5,18.));
#10148=CARTESIAN_POINT('',(619.,540.5,16.));
#10149=CARTESIAN_POINT('Origin',(617.,540.5,16.));
#10150=CARTESIAN_POINT('Ctrl Pts',(619.,540.5,16.));
#10151=CARTESIAN_POINT('Ctrl Pts',(619.,543.453194082026,16.));
#10152=CARTESIAN_POINT('Ctrl Pts',(618.99858753807,549.400015674497,16.));
#10153=CARTESIAN_POINT('Ctrl Pts',(618.428852521276,558.438034479013,16.));
#10154=CARTESIAN_POINT('Ctrl Pts',(616.841062634501,567.429258371883,16.));
#10155=CARTESIAN_POINT('Ctrl Pts',(613.08420305606,579.082849228505,16.));
#10156=CARTESIAN_POINT('Ctrl Pts',(605.295572745081,592.323933263024,16.));
#10157=CARTESIAN_POINT('Ctrl Pts',(592.330200959661,605.29093930276,16.));
#10158=CARTESIAN_POINT('Ctrl Pts',(579.076916939488,613.082689618383,16.));
#10159=CARTESIAN_POINT('Ctrl Pts',(567.434064752276,616.838178264464,16.));
#10160=CARTESIAN_POINT('Ctrl Pts',(558.428757795055,618.429842623434,16.));
#10161=CARTESIAN_POINT('Ctrl Pts',(549.387338841297,618.998144219646,16.));
#10162=CARTESIAN_POINT('Ctrl Pts',(543.453194082026,619.,16.));
#10163=CARTESIAN_POINT('Ctrl Pts',(540.5,619.,16.));
#10164=CARTESIAN_POINT('Ctrl Pts',(540.5,617.,18.));
#10165=CARTESIAN_POINT('Ctrl Pts',(543.453194082026,617.,18.));
#10166=CARTESIAN_POINT('Ctrl Pts',(549.342844549431,616.997474508477,18.));
#10167=CARTESIAN_POINT('Ctrl Pts',(558.203592006419,616.438244359203,18.));
#10168=CARTESIAN_POINT('Ctrl Pts',(566.955462444007,614.889728343325,18.));
#10169=CARTESIAN_POINT('Ctrl Pts',(578.228915956115,611.25249623186,18.));
#10170=CARTESIAN_POINT('Ctrl Pts',(591.081412111703,603.702322865615,18.));
#10171=CARTESIAN_POINT('Ctrl Pts',(603.706129282243,591.07599049878,18.));
#10172=CARTESIAN_POINT('Ctrl Pts',(611.253989030056,578.234098834427,18.));
#10173=CARTESIAN_POINT('Ctrl Pts',(614.892484957287,566.950562360435,18.));
#10174=CARTESIAN_POINT('Ctrl Pts',(616.437273651527,558.212404325913,18.));
#10175=CARTESIAN_POINT('Ctrl Pts',(616.997885786139,549.355307253743,18.));
#10176=CARTESIAN_POINT('Ctrl Pts',(617.,543.453194082026,18.));
#10177=CARTESIAN_POINT('Ctrl Pts',(617.,540.5,18.));
#10178=CARTESIAN_POINT('Origin',(617.,161.5,16.));
#10179=CARTESIAN_POINT('',(617.,161.5,18.));
#10180=CARTESIAN_POINT('',(619.,161.5,16.));
#10181=CARTESIAN_POINT('Ctrl Pts',(619.,540.5,16.));
#10182=CARTESIAN_POINT('Ctrl Pts',(619.,540.5,11.3333333333333));
#10183=CARTESIAN_POINT('Ctrl Pts',(619.,540.5,6.66666666666667));
#10184=CARTESIAN_POINT('Ctrl Pts',(619.,540.5,2.));
#10185=CARTESIAN_POINT('Ctrl Pts',(619.,546.37178626921,16.));
#10186=CARTESIAN_POINT('Ctrl Pts',(619.,546.37178626921,11.3333333333333));
#10187=CARTESIAN_POINT('Ctrl Pts',(619.,546.37178626921,6.66666666666667));
#10188=CARTESIAN_POINT('Ctrl Pts',(619.,546.37178626921,2.));
#10189=CARTESIAN_POINT('Ctrl Pts',(618.942801445256,557.990401839484,16.));
#10190=CARTESIAN_POINT('Ctrl Pts',(618.942801445256,557.990401839484,11.3333333333333));
#10191=CARTESIAN_POINT('Ctrl Pts',(618.942801445256,557.990401839484,6.66666666666666));
#10192=CARTESIAN_POINT('Ctrl Pts',(618.942801445256,557.990401839484,2.));
#10193=CARTESIAN_POINT('Ctrl Pts',(615.074250871939,575.290730229128,16.));
#10194=CARTESIAN_POINT('Ctrl Pts',(615.074250871939,575.290730229128,11.3333333333333));
#10195=CARTESIAN_POINT('Ctrl Pts',(615.074250871939,575.290730229128,6.66666666666667));
#10196=CARTESIAN_POINT('Ctrl Pts',(615.074250871939,575.290730229128,2.));
#10197=CARTESIAN_POINT('Ctrl Pts',(605.846149473129,591.792594827084,16.));
#10198=CARTESIAN_POINT('Ctrl Pts',(605.846149473129,591.792594827084,11.3333333333333));
#10199=CARTESIAN_POINT('Ctrl Pts',(605.846149473129,591.792594827084,6.66666666666667));
#10200=CARTESIAN_POINT('Ctrl Pts',(605.846149473129,591.792594827084,2.));
#10201=CARTESIAN_POINT('Ctrl Pts',(591.790503702553,605.850406902082,16.));
#10202=CARTESIAN_POINT('Ctrl Pts',(591.790503702553,605.850406902082,11.3333333333333));
#10203=CARTESIAN_POINT('Ctrl Pts',(591.790503702553,605.850406902082,6.66666666666666));
#10204=CARTESIAN_POINT('Ctrl Pts',(591.790503702553,605.850406902082,2.));
#10205=CARTESIAN_POINT('Ctrl Pts',(575.292753715605,615.068645017041,16.));
#10206=CARTESIAN_POINT('Ctrl Pts',(575.292753715605,615.068645017041,11.3333333333333));
#10207=CARTESIAN_POINT('Ctrl Pts',(575.292753715605,615.068645017041,6.66666666666668));
#10208=CARTESIAN_POINT('Ctrl Pts',(575.292753715605,615.068645017041,2.));
#10209=CARTESIAN_POINT('Ctrl Pts',(557.989017992459,618.945744208597,16.));
#10210=CARTESIAN_POINT('Ctrl Pts',(557.989017992459,618.945744208597,11.3333333333333));
#10211=CARTESIAN_POINT('Ctrl Pts',(557.989017992459,618.945744208597,6.66666666666665));
#10212=CARTESIAN_POINT('Ctrl Pts',(557.989017992459,618.945744208597,2.));
#10213=CARTESIAN_POINT('Ctrl Pts',(546.37178626921,619.,16.));
#10214=CARTESIAN_POINT('Ctrl Pts',(546.37178626921,619.,11.3333333333333));
#10215=CARTESIAN_POINT('Ctrl Pts',(546.37178626921,619.,6.66666666666668));
#10216=CARTESIAN_POINT('Ctrl Pts',(546.37178626921,619.,2.));
#10217=CARTESIAN_POINT('Ctrl Pts',(540.5,619.,16.));
#10218=CARTESIAN_POINT('Ctrl Pts',(540.5,619.,11.3333333333333));
#10219=CARTESIAN_POINT('Ctrl Pts',(540.5,619.,6.66666666666667));
#10220=CARTESIAN_POINT('Ctrl Pts',(540.5,619.,2.));
#10221=CARTESIAN_POINT('',(619.,540.5,18.));
#10222=CARTESIAN_POINT('Origin',(619.,9.00000000000006,18.));
#10223=CARTESIAN_POINT('',(619.,87.5000000000001,18.));
#10224=CARTESIAN_POINT('Ctrl Pts',(540.5,9.,16.));
#10225=CARTESIAN_POINT('Ctrl Pts',(540.5,9.,11.3333333333333));
#10226=CARTESIAN_POINT('Ctrl Pts',(540.5,9.,6.66666666666667));
#10227=CARTESIAN_POINT('Ctrl Pts',(540.5,9.,2.));
#10228=CARTESIAN_POINT('Ctrl Pts',(546.37178626921,9.,16.));
#10229=CARTESIAN_POINT('Ctrl Pts',(546.37178626921,9.,11.3333333333333));
#10230=CARTESIAN_POINT('Ctrl Pts',(546.37178626921,9.,6.66666666666667));
#10231=CARTESIAN_POINT('Ctrl Pts',(546.37178626921,9.,2.));
#10232=CARTESIAN_POINT('Ctrl Pts',(557.990353854519,9.05700067920053,16.));
#10233=CARTESIAN_POINT('Ctrl Pts',(557.990353854519,9.05700067920053,11.3333333333333));
#10234=CARTESIAN_POINT('Ctrl Pts',(557.990353854519,9.05700067920053,6.66666666666666));
#10235=CARTESIAN_POINT('Ctrl Pts',(557.990353854519,9.05700067920053,2.));
#10236=CARTESIAN_POINT('Ctrl Pts',(575.290731858256,12.9255393037732,16.));
#10237=CARTESIAN_POINT('Ctrl Pts',(575.290731858256,12.9255393037732,11.3333333333333));
#10238=CARTESIAN_POINT('Ctrl Pts',(575.290731858256,12.9255393037732,6.66666666666667));
#10239=CARTESIAN_POINT('Ctrl Pts',(575.290731858256,12.9255393037732,2.));
#10240=CARTESIAN_POINT('Ctrl Pts',(591.792601214721,22.1535730646546,16.));
#10241=CARTESIAN_POINT('Ctrl Pts',(591.792601214721,22.1535730646546,11.3333333333333));
#10242=CARTESIAN_POINT('Ctrl Pts',(591.792601214721,22.1535730646546,6.66666666666667));
#10243=CARTESIAN_POINT('Ctrl Pts',(591.792601214721,22.1535730646546,2.));
#10244=CARTESIAN_POINT('Ctrl Pts',(605.850593266474,36.2093791574685,16.));
#10245=CARTESIAN_POINT('Ctrl Pts',(605.850593266474,36.2093791574685,11.3333333333333));
#10246=CARTESIAN_POINT('Ctrl Pts',(605.850593266474,36.2093791574685,6.66666666666666));
#10247=CARTESIAN_POINT('Ctrl Pts',(605.850593266474,36.2093791574685,2.));
#10248=CARTESIAN_POINT('Ctrl Pts',(615.068957870867,52.7072365657645,16.));
#10249=CARTESIAN_POINT('Ctrl Pts',(615.068957870867,52.7072365657645,11.3333333333333));
#10250=CARTESIAN_POINT('Ctrl Pts',(615.068957870867,52.7072365657645,6.66666666666668));
#10251=CARTESIAN_POINT('Ctrl Pts',(615.068957870867,52.7072365657645,2.));
#10252=CARTESIAN_POINT('Ctrl Pts',(618.945977526299,70.010980357887,16.));
#10253=CARTESIAN_POINT('Ctrl Pts',(618.945977526299,70.010980357887,11.3333333333333));
#10254=CARTESIAN_POINT('Ctrl Pts',(618.945977526299,70.010980357887,6.66666666666665));
#10255=CARTESIAN_POINT('Ctrl Pts',(618.945977526299,70.010980357887,2.));
#10256=CARTESIAN_POINT('Ctrl Pts',(619.000000000001,81.6282137307904,16.));
#10257=CARTESIAN_POINT('Ctrl Pts',(619.000000000001,81.6282137307904,11.3333333333333));
#10258=CARTESIAN_POINT('Ctrl Pts',(619.000000000001,81.6282137307904,6.66666666666668));
#10259=CARTESIAN_POINT('Ctrl Pts',(619.000000000001,81.6282137307904,2.));
#10260=CARTESIAN_POINT('Ctrl Pts',(619.000000000001,87.4999999999999,16.));
#10261=CARTESIAN_POINT('Ctrl Pts',(619.000000000001,87.4999999999999,11.3333333333333));
#10262=CARTESIAN_POINT('Ctrl Pts',(619.000000000001,87.4999999999999,6.66666666666667));
#10263=CARTESIAN_POINT('Ctrl Pts',(619.000000000001,87.4999999999999,2.));
#10264=CARTESIAN_POINT('',(540.5,9.,18.));
#10265=CARTESIAN_POINT('Origin',(314.,314.,18.));
#10266=CARTESIAN_POINT('',(491.75,471.,18.));
#10267=CARTESIAN_POINT('Origin',(471.,471.,18.));
#10268=CARTESIAN_POINT('',(491.75,157.,18.));
#10269=CARTESIAN_POINT('Origin',(471.,157.,18.));
#10270=CARTESIAN_POINT('',(334.75,314.,18.));
#10271=CARTESIAN_POINT('Origin',(314.,314.,18.));
#10272=CARTESIAN_POINT('',(177.75,471.,18.));
#10273=CARTESIAN_POINT('Origin',(157.,471.,18.));
#10274=CARTESIAN_POINT('',(177.75,157.,18.));
#10275=CARTESIAN_POINT('Origin',(157.,157.,18.));
#10276=CARTESIAN_POINT('',(596.75,471.,18.));
#10277=CARTESIAN_POINT('Origin',(602.,471.,18.));
#10278=CARTESIAN_POINT('',(151.75,25.9999999999999,18.));
#10279=CARTESIAN_POINT('Origin',(157.,25.9999999999999,18.));
#10280=CARTESIAN_POINT('',(20.75,314.,18.));
#10281=CARTESIAN_POINT('Origin',(26.,314.,18.));
#10282=CARTESIAN_POINT('',(20.75,471.,18.));
#10283=CARTESIAN_POINT('Origin',(26.,471.,18.));
#10284=CARTESIAN_POINT('',(151.75,602.,18.));
#10285=CARTESIAN_POINT('Origin',(157.,602.,18.));
#10286=CARTESIAN_POINT('',(596.75,314.,18.));
#10287=CARTESIAN_POINT('Origin',(602.,314.,18.));
#10288=CARTESIAN_POINT('',(465.75,602.,18.));
#10289=CARTESIAN_POINT('Origin',(471.,602.,18.));
#10290=CARTESIAN_POINT('',(308.75,26.,18.));
#10291=CARTESIAN_POINT('Origin',(314.,26.,18.));
#10292=CARTESIAN_POINT('',(20.75,157.,18.));
#10293=CARTESIAN_POINT('Origin',(26.,157.,18.));
#10294=CARTESIAN_POINT('',(465.75,26.,18.));
#10295=CARTESIAN_POINT('Origin',(471.,26.,18.));
#10296=CARTESIAN_POINT('',(308.75,602.,18.));
#10297=CARTESIAN_POINT('Origin',(314.,602.,18.));
#10298=CARTESIAN_POINT('',(596.75,157.,18.));
#10299=CARTESIAN_POINT('Origin',(602.,157.,18.));
#10300=CARTESIAN_POINT('',(177.75,314.,18.));
#10301=CARTESIAN_POINT('Origin',(157.,314.,18.));
#10302=CARTESIAN_POINT('',(334.75,471.,18.));
#10303=CARTESIAN_POINT('Origin',(314.,471.,18.));
#10304=CARTESIAN_POINT('',(334.75,157.,18.));
#10305=CARTESIAN_POINT('Origin',(314.,157.,18.));
#10306=CARTESIAN_POINT('',(491.75,314.,18.));
#10307=CARTESIAN_POINT('Origin',(471.,314.,18.));
#10308=CARTESIAN_POINT('Origin',(471.,471.,15.125));
#10309=CARTESIAN_POINT('',(486.,471.,12.25));
#10310=CARTESIAN_POINT('',(488.875,471.,15.125));
#10311=CARTESIAN_POINT('',(456.,471.,12.25));
#10312=CARTESIAN_POINT('Origin',(471.,471.,12.25));
#10313=CARTESIAN_POINT('Origin',(471.,471.,12.25));
#10314=CARTESIAN_POINT('Origin',(471.,471.,18.));
#10315=CARTESIAN_POINT('',(456.,471.,5.75));
#10316=CARTESIAN_POINT('',(456.,471.,18.));
#10317=CARTESIAN_POINT('Origin',(471.,471.,5.75));
#10318=CARTESIAN_POINT('Origin',(471.,314.,15.125));
#10319=CARTESIAN_POINT('',(486.,314.,12.25));
#10320=CARTESIAN_POINT('',(488.875,314.,15.125));
#10321=CARTESIAN_POINT('',(456.,314.,12.25));
#10322=CARTESIAN_POINT('Origin',(471.,314.,12.25));
#10323=CARTESIAN_POINT('Origin',(471.,314.,12.25));
#10324=CARTESIAN_POINT('Origin',(471.,314.,18.));
#10325=CARTESIAN_POINT('',(456.,314.,5.75));
#10326=CARTESIAN_POINT('',(456.,314.,18.));
#10327=CARTESIAN_POINT('Origin',(471.,314.,5.75));
#10328=CARTESIAN_POINT('Origin',(471.,157.,15.125));
#10329=CARTESIAN_POINT('',(486.,157.,12.25));
#10330=CARTESIAN_POINT('',(488.875,157.,15.125));
#10331=CARTESIAN_POINT('',(456.,157.,12.25));
#10332=CARTESIAN_POINT('Origin',(471.,157.,12.25));
#10333=CARTESIAN_POINT('Origin',(471.,157.,12.25));
#10334=CARTESIAN_POINT('Origin',(471.,157.,18.));
#10335=CARTESIAN_POINT('',(456.,157.,5.75));
#10336=CARTESIAN_POINT('',(456.,157.,18.));
#10337=CARTESIAN_POINT('Origin',(471.,157.,5.75));
#10338=CARTESIAN_POINT('Origin',(314.,157.,15.125));
#10339=CARTESIAN_POINT('',(329.,157.,12.25));
#10340=CARTESIAN_POINT('',(331.875,157.,15.125));
#10341=CARTESIAN_POINT('',(299.,157.,12.25));
#10342=CARTESIAN_POINT('Origin',(314.,157.,12.25));
#10343=CARTESIAN_POINT('Origin',(314.,157.,12.25));
#10344=CARTESIAN_POINT('Origin',(314.,157.,18.));
#10345=CARTESIAN_POINT('',(299.,157.,5.75));
#10346=CARTESIAN_POINT('',(299.,157.,18.));
#10347=CARTESIAN_POINT('Origin',(314.,157.,5.75));
#10348=CARTESIAN_POINT('Origin',(314.,314.,15.125));
#10349=CARTESIAN_POINT('',(329.,314.,12.25));
#10350=CARTESIAN_POINT('',(331.875,314.,15.125));
#10351=CARTESIAN_POINT('',(299.,314.,12.25));
#10352=CARTESIAN_POINT('Origin',(314.,314.,12.25));
#10353=CARTESIAN_POINT('Origin',(314.,314.,12.25));
#10354=CARTESIAN_POINT('Origin',(314.,314.,18.));
#10355=CARTESIAN_POINT('',(299.,314.,5.75));
#10356=CARTESIAN_POINT('',(299.,314.,18.));
#10357=CARTESIAN_POINT('Origin',(314.,314.,5.75));
#10358=CARTESIAN_POINT('Origin',(314.,471.,15.125));
#10359=CARTESIAN_POINT('',(329.,471.,12.25));
#10360=CARTESIAN_POINT('',(331.875,471.,15.125));
#10361=CARTESIAN_POINT('',(299.,471.,12.25));
#10362=CARTESIAN_POINT('Origin',(314.,471.,12.25));
#10363=CARTESIAN_POINT('Origin',(314.,471.,12.25));
#10364=CARTESIAN_POINT('Origin',(314.,471.,18.));
#10365=CARTESIAN_POINT('',(299.,471.,5.75));
#10366=CARTESIAN_POINT('',(299.,471.,18.));
#10367=CARTESIAN_POINT('Origin',(314.,471.,5.75));
#10368=CARTESIAN_POINT('Origin',(157.,471.,15.125));
#10369=CARTESIAN_POINT('',(172.,471.,12.25));
#10370=CARTESIAN_POINT('',(174.875,471.,15.125));
#10371=CARTESIAN_POINT('',(142.,471.,12.25));
#10372=CARTESIAN_POINT('Origin',(157.,471.,12.25));
#10373=CARTESIAN_POINT('Origin',(157.,471.,12.25));
#10374=CARTESIAN_POINT('Origin',(157.,471.,18.));
#10375=CARTESIAN_POINT('',(142.,471.,5.75));
#10376=CARTESIAN_POINT('',(142.,471.,18.));
#10377=CARTESIAN_POINT('Origin',(157.,471.,5.75));
#10378=CARTESIAN_POINT('Origin',(157.,314.,15.125));
#10379=CARTESIAN_POINT('',(172.,314.,12.25));
#10380=CARTESIAN_POINT('',(174.875,314.,15.125));
#10381=CARTESIAN_POINT('',(142.,314.,12.25));
#10382=CARTESIAN_POINT('Origin',(157.,314.,12.25));
#10383=CARTESIAN_POINT('Origin',(157.,314.,12.25));
#10384=CARTESIAN_POINT('Origin',(157.,314.,18.));
#10385=CARTESIAN_POINT('',(142.,314.,5.75));
#10386=CARTESIAN_POINT('',(142.,314.,18.));
#10387=CARTESIAN_POINT('Origin',(157.,314.,5.75));
#10388=CARTESIAN_POINT('Origin',(471.,471.,2.875));
#10389=CARTESIAN_POINT('',(453.125,471.,2.875));
#10390=CARTESIAN_POINT('Origin',(314.,471.,2.875));
#10391=CARTESIAN_POINT('',(296.125,471.,2.875));
#10392=CARTESIAN_POINT('Origin',(157.,471.,2.875));
#10393=CARTESIAN_POINT('',(139.125,471.,2.875));
#10394=CARTESIAN_POINT('Origin',(314.,314.,2.875));
#10395=CARTESIAN_POINT('',(296.125,314.,2.875));
#10396=CARTESIAN_POINT('Origin',(471.,314.,2.875));
#10397=CARTESIAN_POINT('',(453.125,314.,2.875));
#10398=CARTESIAN_POINT('Origin',(471.,157.,2.875));
#10399=CARTESIAN_POINT('',(453.125,157.,2.875));
#10400=CARTESIAN_POINT('Origin',(314.,157.,2.875));
#10401=CARTESIAN_POINT('',(296.125,157.,2.875));
#10402=CARTESIAN_POINT('Origin',(157.,314.,2.875));
#10403=CARTESIAN_POINT('',(139.125,314.,2.875));
#10404=CARTESIAN_POINT('Origin',(157.,157.,2.875));
#10405=CARTESIAN_POINT('',(142.,157.,5.75));
#10406=CARTESIAN_POINT('',(139.125,157.,2.875));
#10407=CARTESIAN_POINT('Origin',(157.,157.,5.75));
#10408=CARTESIAN_POINT('Origin',(157.,157.,18.));
#10409=CARTESIAN_POINT('',(172.,157.,12.25));
#10410=CARTESIAN_POINT('',(142.,157.,12.25));
#10411=CARTESIAN_POINT('Origin',(157.,157.,12.25));
#10412=CARTESIAN_POINT('Origin',(157.,157.,12.25));
#10413=CARTESIAN_POINT('',(142.,157.,18.));
#10414=CARTESIAN_POINT('Origin',(157.,157.,15.125));
#10415=CARTESIAN_POINT('',(174.875,157.,15.125));
#10416=CARTESIAN_POINT('Origin',(9.00000000000006,8.99999999999991,18.));
#10417=CARTESIAN_POINT('Origin',(602.,471.,18.));
#10418=CARTESIAN_POINT('',(596.75,471.,3.));
#10419=CARTESIAN_POINT('',(596.75,471.,18.));
#10420=CARTESIAN_POINT('Origin',(602.,471.,3.));
#10421=CARTESIAN_POINT('Origin',(602.,471.,3.));
#10422=CARTESIAN_POINT('Origin',(157.,25.9999999999999,18.));
#10423=CARTESIAN_POINT('',(151.75,25.9999999999999,3.));
#10424=CARTESIAN_POINT('',(151.75,25.9999999999999,18.));
#10425=CARTESIAN_POINT('Origin',(157.,25.9999999999999,3.));
#10426=CARTESIAN_POINT('Origin',(157.,25.9999999999999,3.));
#10427=CARTESIAN_POINT('Origin',(26.,314.,18.));
#10428=CARTESIAN_POINT('',(20.75,314.,3.));
#10429=CARTESIAN_POINT('',(20.75,314.,18.));
#10430=CARTESIAN_POINT('Origin',(26.,314.,3.));
#10431=CARTESIAN_POINT('Origin',(26.,314.,3.));
#10432=CARTESIAN_POINT('Origin',(26.,471.,18.));
#10433=CARTESIAN_POINT('',(20.75,471.,3.));
#10434=CARTESIAN_POINT('',(20.75,471.,18.));
#10435=CARTESIAN_POINT('Origin',(26.,471.,3.));
#10436=CARTESIAN_POINT('Origin',(26.,471.,3.));
#10437=CARTESIAN_POINT('Origin',(157.,602.,18.));
#10438=CARTESIAN_POINT('',(151.75,602.,3.));
#10439=CARTESIAN_POINT('',(151.75,602.,18.));
#10440=CARTESIAN_POINT('Origin',(157.,602.,3.));
#10441=CARTESIAN_POINT('Origin',(157.,602.,3.));
#10442=CARTESIAN_POINT('Origin',(602.,314.,18.));
#10443=CARTESIAN_POINT('',(596.75,314.,3.));
#10444=CARTESIAN_POINT('',(596.75,314.,18.));
#10445=CARTESIAN_POINT('Origin',(602.,314.,3.));
#10446=CARTESIAN_POINT('Origin',(602.,314.,3.));
#10447=CARTESIAN_POINT('Origin',(471.,602.,18.));
#10448=CARTESIAN_POINT('',(465.75,602.,3.));
#10449=CARTESIAN_POINT('',(465.75,602.,18.));
#10450=CARTESIAN_POINT('Origin',(471.,602.,3.));
#10451=CARTESIAN_POINT('Origin',(471.,602.,3.));
#10452=CARTESIAN_POINT('Origin',(314.,26.,18.));
#10453=CARTESIAN_POINT('',(308.75,26.,3.));
#10454=CARTESIAN_POINT('',(308.75,26.,18.));
#10455=CARTESIAN_POINT('Origin',(314.,26.,3.));
#10456=CARTESIAN_POINT('Origin',(314.,26.,3.));
#10457=CARTESIAN_POINT('Origin',(26.,157.,18.));
#10458=CARTESIAN_POINT('',(20.75,157.,3.));
#10459=CARTESIAN_POINT('',(20.75,157.,18.));
#10460=CARTESIAN_POINT('Origin',(26.,157.,3.));
#10461=CARTESIAN_POINT('Origin',(26.,157.,3.));
#10462=CARTESIAN_POINT('Origin',(471.,26.,18.));
#10463=CARTESIAN_POINT('',(465.75,26.,3.));
#10464=CARTESIAN_POINT('',(465.75,26.,18.));
#10465=CARTESIAN_POINT('Origin',(471.,26.,3.));
#10466=CARTESIAN_POINT('Origin',(471.,26.,3.));
#10467=CARTESIAN_POINT('Origin',(314.,602.,18.));
#10468=CARTESIAN_POINT('',(308.75,602.,3.));
#10469=CARTESIAN_POINT('',(308.75,602.,18.));
#10470=CARTESIAN_POINT('Origin',(314.,602.,3.));
#10471=CARTESIAN_POINT('Origin',(314.,602.,3.));
#10472=CARTESIAN_POINT('Origin',(602.,157.,18.));
#10473=CARTESIAN_POINT('',(596.75,157.,3.));
#10474=CARTESIAN_POINT('',(596.75,157.,18.));
#10475=CARTESIAN_POINT('Origin',(602.,157.,3.));
#10476=CARTESIAN_POINT('Origin',(602.,157.,3.));
#10477=CARTESIAN_POINT('',(0.,0.,0.));
#10478=CARTESIAN_POINT('Origin',(314.,305.,9.));
#10479=CARTESIAN_POINT('',(310.5,305.,9.));
#10480=CARTESIAN_POINT('Origin',(314.,305.,9.));
#10481=CARTESIAN_POINT('',(310.5,291.913118960625,9.));
#10482=CARTESIAN_POINT('',(310.5,305.,9.));
#10483=CARTESIAN_POINT('Ctrl Pts',(310.5,291.913118960625,9.));
#10484=CARTESIAN_POINT('Ctrl Pts',(310.5,291.913118960625,9.46028191062735));
#10485=CARTESIAN_POINT('Ctrl Pts',(310.595044641719,292.002609956114,9.93330643036207));
#10486=CARTESIAN_POINT('Ctrl Pts',(310.955295087882,292.28303319313,10.787333640744));
#10487=CARTESIAN_POINT('Ctrl Pts',(311.220678398722,292.467330564232,11.1704258670275));
#10488=CARTESIAN_POINT('Ctrl Pts',(311.826224784986,292.79100872269,11.7759722532924));
#10489=CARTESIAN_POINT('Ctrl Pts',(312.210047247358,292.955427671664,12.0435690753599));
#10490=CARTESIAN_POINT('Ctrl Pts',(313.06892567111,293.185874592916,12.4059279299554));
#10491=CARTESIAN_POINT('Ctrl Pts',(313.544781827558,293.25,12.5));
#10492=CARTESIAN_POINT('Ctrl Pts',(314.455218172442,293.25,12.5));
#10493=CARTESIAN_POINT('Ctrl Pts',(314.93107432889,293.185874592916,12.4059279299554));
#10494=CARTESIAN_POINT('Ctrl Pts',(315.789952752642,292.955427671664,12.0435690753599));
#10495=CARTESIAN_POINT('Ctrl Pts',(316.173775215013,292.79100872269,11.7759722532924));
#10496=CARTESIAN_POINT('Ctrl Pts',(316.779321601278,292.467330564232,11.1704258670275));
#10497=CARTESIAN_POINT('Ctrl Pts',(317.044704912117,292.28303319313,10.787333640744));
#10498=CARTESIAN_POINT('Ctrl Pts',(317.404955358281,292.002609956115,9.93330643036208));
#10499=CARTESIAN_POINT('Ctrl Pts',(317.5,291.913118960625,9.46028191062734));
#10500=CARTESIAN_POINT('Ctrl Pts',(317.5,291.913118960625,8.53971808937266));
#10501=CARTESIAN_POINT('Ctrl Pts',(317.404955358281,292.002609956115,8.06669356963794));
#10502=CARTESIAN_POINT('Ctrl Pts',(317.044704912117,292.28303319313,7.21266635925604));
#10503=CARTESIAN_POINT('Ctrl Pts',(316.779321601278,292.467330564232,6.82957413297249));
#10504=CARTESIAN_POINT('Ctrl Pts',(316.173775215013,292.79100872269,6.22402774670756));
#10505=CARTESIAN_POINT('Ctrl Pts',(315.789952752642,292.955427671664,5.95643092464015));
#10506=CARTESIAN_POINT('Ctrl Pts',(314.93107432889,293.185874592916,5.59407207004464));
#10507=CARTESIAN_POINT('Ctrl Pts',(314.455218172442,293.25,5.5));
#10508=CARTESIAN_POINT('Ctrl Pts',(313.544781827558,293.25,5.5));
#10509=CARTESIAN_POINT('Ctrl Pts',(313.06892567111,293.185874592916,5.59407207004463));
#10510=CARTESIAN_POINT('Ctrl Pts',(312.210047247358,292.955427671664,5.95643092464012));
#10511=CARTESIAN_POINT('Ctrl Pts',(311.826224784986,292.79100872269,6.22402774670756));
#10512=CARTESIAN_POINT('Ctrl Pts',(311.220678398722,292.467330564232,6.82957413297249));
#10513=CARTESIAN_POINT('Ctrl Pts',(310.955295087882,292.28303319313,7.21266635925602));
#10514=CARTESIAN_POINT('Ctrl Pts',(310.595044641719,292.002609956114,8.0666935696379));
#10515=CARTESIAN_POINT('Ctrl Pts',(310.5,291.913118960625,8.53971808937265));
#10516=CARTESIAN_POINT('Ctrl Pts',(310.5,291.913118960625,9.));
#10517=CARTESIAN_POINT('Origin',(157.,305.,9.));
#10518=CARTESIAN_POINT('',(153.5,305.,9.));
#10519=CARTESIAN_POINT('Origin',(157.,305.,9.));
#10520=CARTESIAN_POINT('',(153.5,291.913118960625,9.));
#10521=CARTESIAN_POINT('',(153.5,305.,9.));
#10522=CARTESIAN_POINT('Ctrl Pts',(153.5,291.913118960625,9.));
#10523=CARTESIAN_POINT('Ctrl Pts',(153.5,291.913118960625,9.46028191062735));
#10524=CARTESIAN_POINT('Ctrl Pts',(153.595044641719,292.002609956114,9.93330643036209));
#10525=CARTESIAN_POINT('Ctrl Pts',(153.955295087882,292.28303319313,10.787333640744));
#10526=CARTESIAN_POINT('Ctrl Pts',(154.220678398722,292.467330564232,11.1704258670275));
#10527=CARTESIAN_POINT('Ctrl Pts',(154.826224784986,292.79100872269,11.7759722532924));
#10528=CARTESIAN_POINT('Ctrl Pts',(155.210047247358,292.955427671664,12.0435690753598));
#10529=CARTESIAN_POINT('Ctrl Pts',(156.06892567111,293.185874592916,12.4059279299554));
#10530=CARTESIAN_POINT('Ctrl Pts',(156.544781827558,293.25,12.5));
#10531=CARTESIAN_POINT('Ctrl Pts',(157.455218172442,293.25,12.5));
#10532=CARTESIAN_POINT('Ctrl Pts',(157.93107432889,293.185874592916,12.4059279299554));
#10533=CARTESIAN_POINT('Ctrl Pts',(158.789952752642,292.955427671664,12.0435690753599));
#10534=CARTESIAN_POINT('Ctrl Pts',(159.173775215013,292.79100872269,11.7759722532924));
#10535=CARTESIAN_POINT('Ctrl Pts',(159.779321601278,292.467330564232,11.1704258670275));
#10536=CARTESIAN_POINT('Ctrl Pts',(160.044704912117,292.28303319313,10.787333640744));
#10537=CARTESIAN_POINT('Ctrl Pts',(160.404955358281,292.002609956115,9.93330643036209));
#10538=CARTESIAN_POINT('Ctrl Pts',(160.5,291.913118960625,9.46028191062734));
#10539=CARTESIAN_POINT('Ctrl Pts',(160.5,291.913118960625,8.53971808937266));
#10540=CARTESIAN_POINT('Ctrl Pts',(160.404955358281,292.002609956115,8.06669356963791));
#10541=CARTESIAN_POINT('Ctrl Pts',(160.044704912117,292.28303319313,7.21266635925604));
#10542=CARTESIAN_POINT('Ctrl Pts',(159.779321601278,292.467330564232,6.82957413297249));
#10543=CARTESIAN_POINT('Ctrl Pts',(159.173775215013,292.79100872269,6.22402774670756));
#10544=CARTESIAN_POINT('Ctrl Pts',(158.789952752642,292.955427671664,5.95643092464013));
#10545=CARTESIAN_POINT('Ctrl Pts',(157.93107432889,293.185874592916,5.59407207004464));
#10546=CARTESIAN_POINT('Ctrl Pts',(157.455218172442,293.25,5.5));
#10547=CARTESIAN_POINT('Ctrl Pts',(156.544781827558,293.25,5.5));
#10548=CARTESIAN_POINT('Ctrl Pts',(156.06892567111,293.185874592916,5.59407207004465));
#10549=CARTESIAN_POINT('Ctrl Pts',(155.210047247358,292.955427671664,5.95643092464015));
#10550=CARTESIAN_POINT('Ctrl Pts',(154.826224784986,292.79100872269,6.22402774670756));
#10551=CARTESIAN_POINT('Ctrl Pts',(154.220678398722,292.467330564232,6.82957413297249));
#10552=CARTESIAN_POINT('Ctrl Pts',(153.955295087882,292.28303319313,7.21266635925602));
#10553=CARTESIAN_POINT('Ctrl Pts',(153.595044641719,292.002609956114,8.06669356963791));
#10554=CARTESIAN_POINT('Ctrl Pts',(153.5,291.913118960625,8.53971808937265));
#10555=CARTESIAN_POINT('Ctrl Pts',(153.5,291.913118960625,9.));
#10556=CARTESIAN_POINT('Origin',(8.99999999999991,157.,9.));
#10557=CARTESIAN_POINT('',(8.99999999999996,157.,5.5));
#10558=CARTESIAN_POINT('Origin',(8.99999999999996,157.,9.));
#10559=CARTESIAN_POINT('',(20.75,157.,5.5));
#10560=CARTESIAN_POINT('',(8.99999999999991,157.,5.5));
#10561=CARTESIAN_POINT('',(20.75,157.,12.5));
#10562=CARTESIAN_POINT('Ctrl Pts',(20.75,157.,12.5));
#10563=CARTESIAN_POINT('Ctrl Pts',(20.75,157.455218172441,12.5));
#10564=CARTESIAN_POINT('Ctrl Pts',(20.8141254070842,157.93107432889,12.4059279299554));
#10565=CARTESIAN_POINT('Ctrl Pts',(21.044572328336,158.789952752642,12.0435690753599));
#10566=CARTESIAN_POINT('Ctrl Pts',(21.2089912773104,159.173775215013,11.7759722532925));
#10567=CARTESIAN_POINT('Ctrl Pts',(21.5326694357679,159.779321601278,11.1704258670275));
#10568=CARTESIAN_POINT('Ctrl Pts',(21.7169668068698,160.044704912117,10.787333640744));
#10569=CARTESIAN_POINT('Ctrl Pts',(21.9973900438855,160.404955358281,9.93330643036208));
#10570=CARTESIAN_POINT('Ctrl Pts',(22.0868810393751,160.5,9.46028191062734));
#10571=CARTESIAN_POINT('Ctrl Pts',(22.0868810393751,160.5,8.53971808937266));
#10572=CARTESIAN_POINT('Ctrl Pts',(21.9973900438855,160.404955358281,8.06669356963792));
#10573=CARTESIAN_POINT('Ctrl Pts',(21.7169668068698,160.044704912117,7.21266635925604));
#10574=CARTESIAN_POINT('Ctrl Pts',(21.5326694357679,159.779321601278,6.82957413297248));
#10575=CARTESIAN_POINT('Ctrl Pts',(21.2089912773104,159.173775215013,6.22402774670755));
#10576=CARTESIAN_POINT('Ctrl Pts',(21.044572328336,158.789952752642,5.95643092464015));
#10577=CARTESIAN_POINT('Ctrl Pts',(20.8141254070842,157.93107432889,5.59407207004464));
#10578=CARTESIAN_POINT('Ctrl Pts',(20.75,157.455218172441,5.5));
#10579=CARTESIAN_POINT('Ctrl Pts',(20.75,157.,5.5));
#10580=CARTESIAN_POINT('',(22.0868810393756,153.5,9.));
#10581=CARTESIAN_POINT('Ctrl Pts',(22.0868810393756,153.5,9.));
#10582=CARTESIAN_POINT('Ctrl Pts',(22.0868810393756,153.5,9.46028191062735));
#10583=CARTESIAN_POINT('Ctrl Pts',(21.997390043886,153.595044641718,9.9333064303621));
#10584=CARTESIAN_POINT('Ctrl Pts',(21.7169668068702,153.955295087882,10.787333640744));
#10585=CARTESIAN_POINT('Ctrl Pts',(21.5326694357682,154.220678398721,11.1704258670275));
#10586=CARTESIAN_POINT('Ctrl Pts',(21.2089912773107,154.826224784986,11.7759722532924));
#10587=CARTESIAN_POINT('Ctrl Pts',(21.0445723283362,155.210047247358,12.0435690753599));
#10588=CARTESIAN_POINT('Ctrl Pts',(20.8141254070843,156.06892567111,12.4059279299554));
#10589=CARTESIAN_POINT('Ctrl Pts',(20.75,156.544781827558,12.5));
#10590=CARTESIAN_POINT('Ctrl Pts',(20.75,157.,12.5));
#10591=CARTESIAN_POINT('Ctrl Pts',(20.75,157.,5.5));
#10592=CARTESIAN_POINT('Ctrl Pts',(20.75,156.544781827558,5.49999999999999));
#10593=CARTESIAN_POINT('Ctrl Pts',(20.8141254070843,156.06892567111,5.59407207004463));
#10594=CARTESIAN_POINT('Ctrl Pts',(21.0445723283362,155.210047247358,5.95643092464013));
#10595=CARTESIAN_POINT('Ctrl Pts',(21.2089912773107,154.826224784986,6.22402774670757));
#10596=CARTESIAN_POINT('Ctrl Pts',(21.5326694357682,154.220678398721,6.82957413297249));
#10597=CARTESIAN_POINT('Ctrl Pts',(21.7169668068702,153.955295087882,7.21266635925602));
#10598=CARTESIAN_POINT('Ctrl Pts',(21.997390043886,153.595044641718,8.06669356963789));
#10599=CARTESIAN_POINT('Ctrl Pts',(22.0868810393757,153.5,8.53971808937265));
#10600=CARTESIAN_POINT('Ctrl Pts',(22.0868810393757,153.5,9.));
#10601=CARTESIAN_POINT('Origin',(462.,157.,9.));
#10602=CARTESIAN_POINT('',(462.,157.,12.5));
#10603=CARTESIAN_POINT('Origin',(462.,157.,9.));
#10604=CARTESIAN_POINT('',(450.25,157.,12.5));
#10605=CARTESIAN_POINT('',(462.,157.,12.5));
#10606=CARTESIAN_POINT('',(448.913118960625,160.5,9.));
#10607=CARTESIAN_POINT('Ctrl Pts',(448.913118960625,160.5,9.));
#10608=CARTESIAN_POINT('Ctrl Pts',(448.913118960625,160.5,9.46028191062734));
#10609=CARTESIAN_POINT('Ctrl Pts',(449.002609956114,160.404955358281,9.93330643036207));
#10610=CARTESIAN_POINT('Ctrl Pts',(449.28303319313,160.044704912118,10.787333640744));
#10611=CARTESIAN_POINT('Ctrl Pts',(449.467330564232,159.779321601278,11.1704258670275));
#10612=CARTESIAN_POINT('Ctrl Pts',(449.791008722689,159.173775215014,11.7759722532924));
#10613=CARTESIAN_POINT('Ctrl Pts',(449.955427671664,158.789952752642,12.0435690753599));
#10614=CARTESIAN_POINT('Ctrl Pts',(450.185874592916,157.93107432889,12.4059279299554));
#10615=CARTESIAN_POINT('Ctrl Pts',(450.25,157.455218172442,12.5));
#10616=CARTESIAN_POINT('Ctrl Pts',(450.25,157.,12.5));
#10617=CARTESIAN_POINT('Ctrl Pts',(450.25,157.,12.5));
#10618=CARTESIAN_POINT('Ctrl Pts',(450.25,156.544781827558,12.5));
#10619=CARTESIAN_POINT('Ctrl Pts',(450.185874592916,156.06892567111,12.4059279299554));
#10620=CARTESIAN_POINT('Ctrl Pts',(449.955427671664,155.210047247358,12.0435690753599));
#10621=CARTESIAN_POINT('Ctrl Pts',(449.791008722689,154.826224784987,11.7759722532924));
#10622=CARTESIAN_POINT('Ctrl Pts',(449.467330564232,154.220678398722,11.1704258670275));
#10623=CARTESIAN_POINT('Ctrl Pts',(449.28303319313,153.955295087883,10.787333640744));
#10624=CARTESIAN_POINT('Ctrl Pts',(449.002609956114,153.595044641719,9.93330643036209));
#10625=CARTESIAN_POINT('Ctrl Pts',(448.913118960625,153.5,9.46028191062735));
#10626=CARTESIAN_POINT('Ctrl Pts',(448.913118960625,153.5,8.53971808937265));
#10627=CARTESIAN_POINT('Ctrl Pts',(449.002609956114,153.595044641719,8.06669356963792));
#10628=CARTESIAN_POINT('Ctrl Pts',(449.28303319313,153.955295087883,7.21266635925604));
#10629=CARTESIAN_POINT('Ctrl Pts',(449.467330564232,154.220678398722,6.82957413297249));
#10630=CARTESIAN_POINT('Ctrl Pts',(449.791008722689,154.826224784987,6.22402774670756));
#10631=CARTESIAN_POINT('Ctrl Pts',(449.955427671664,155.210047247358,5.95643092464013));
#10632=CARTESIAN_POINT('Ctrl Pts',(450.185874592916,156.06892567111,5.59407207004464));
#10633=CARTESIAN_POINT('Ctrl Pts',(450.25,156.544781827558,5.5));
#10634=CARTESIAN_POINT('Ctrl Pts',(450.25,157.455218172442,5.5));
#10635=CARTESIAN_POINT('Ctrl Pts',(450.185874592916,157.93107432889,5.59407207004464));
#10636=CARTESIAN_POINT('Ctrl Pts',(449.955427671664,158.789952752642,5.95643092464013));
#10637=CARTESIAN_POINT('Ctrl Pts',(449.791008722689,159.173775215014,6.22402774670756));
#10638=CARTESIAN_POINT('Ctrl Pts',(449.467330564232,159.779321601278,6.82957413297249));
#10639=CARTESIAN_POINT('Ctrl Pts',(449.28303319313,160.044704912118,7.21266635925603));
#10640=CARTESIAN_POINT('Ctrl Pts',(449.002609956114,160.404955358281,8.06669356963792));
#10641=CARTESIAN_POINT('Ctrl Pts',(448.913118960625,160.5,8.53971808937265));
#10642=CARTESIAN_POINT('Ctrl Pts',(448.913118960625,160.5,9.));
#10643=CARTESIAN_POINT('Origin',(314.,8.99999999999996,9.));
#10644=CARTESIAN_POINT('',(310.5,8.99999999999991,9.));
#10645=CARTESIAN_POINT('Origin',(314.,8.99999999999991,9.));
#10646=CARTESIAN_POINT('',(310.5,22.0868810393754,9.));
#10647=CARTESIAN_POINT('',(310.5,8.99999999999996,9.));
#10648=CARTESIAN_POINT('',(317.5,22.0868810393754,9.));
#10649=CARTESIAN_POINT('Ctrl Pts',(317.5,22.0868810393754,9.));
#10650=CARTESIAN_POINT('Ctrl Pts',(317.5,22.0868810393754,9.46028191062735));
#10651=CARTESIAN_POINT('Ctrl Pts',(317.404955358281,21.9973900438857,9.93330643036208));
#10652=CARTESIAN_POINT('Ctrl Pts',(317.044704912117,21.71696680687,10.787333640744));
#10653=CARTESIAN_POINT('Ctrl Pts',(316.779321601278,21.532669435768,11.1704258670275));
#10654=CARTESIAN_POINT('Ctrl Pts',(316.173775215013,21.2089912773105,11.7759722532924));
#10655=CARTESIAN_POINT('Ctrl Pts',(315.789952752642,21.0445723283361,12.0435690753599));
#10656=CARTESIAN_POINT('Ctrl Pts',(314.93107432889,20.8141254070842,12.4059279299554));
#10657=CARTESIAN_POINT('Ctrl Pts',(314.455218172442,20.75,12.5));
#10658=CARTESIAN_POINT('Ctrl Pts',(313.544781827558,20.75,12.5));
#10659=CARTESIAN_POINT('Ctrl Pts',(313.06892567111,20.8141254070841,12.4059279299554));
#10660=CARTESIAN_POINT('Ctrl Pts',(312.210047247358,21.044572328336,12.0435690753599));
#10661=CARTESIAN_POINT('Ctrl Pts',(311.826224784987,21.2089912773105,11.7759722532924));
#10662=CARTESIAN_POINT('Ctrl Pts',(311.220678398722,21.5326694357679,11.1704258670275));
#10663=CARTESIAN_POINT('Ctrl Pts',(310.955295087883,21.7169668068699,10.787333640744));
#10664=CARTESIAN_POINT('Ctrl Pts',(310.595044641719,21.9973900438856,9.93330643036208));
#10665=CARTESIAN_POINT('Ctrl Pts',(310.5,22.0868810393753,9.46028191062735));
#10666=CARTESIAN_POINT('Ctrl Pts',(310.5,22.0868810393753,9.));
#10667=CARTESIAN_POINT('Ctrl Pts',(310.5,22.0868810393753,9.));
#10668=CARTESIAN_POINT('Ctrl Pts',(310.5,22.0868810393753,8.53971808937266));
#10669=CARTESIAN_POINT('Ctrl Pts',(310.595044641719,21.9973900438856,8.06669356963792));
#10670=CARTESIAN_POINT('Ctrl Pts',(310.955295087883,21.7169668068699,7.21266635925604));
#10671=CARTESIAN_POINT('Ctrl Pts',(311.220678398722,21.5326694357679,6.82957413297249));
#10672=CARTESIAN_POINT('Ctrl Pts',(311.826224784987,21.2089912773105,6.22402774670756));
#10673=CARTESIAN_POINT('Ctrl Pts',(312.210047247358,21.044572328336,5.95643092464011));
#10674=CARTESIAN_POINT('Ctrl Pts',(313.06892567111,20.8141254070841,5.59407207004462));
#10675=CARTESIAN_POINT('Ctrl Pts',(313.544781827558,20.75,5.5));
#10676=CARTESIAN_POINT('Ctrl Pts',(314.455218172442,20.75,5.5));
#10677=CARTESIAN_POINT('Ctrl Pts',(314.93107432889,20.8141254070842,5.59407207004463));
#10678=CARTESIAN_POINT('Ctrl Pts',(315.789952752642,21.0445723283361,5.95643092464011));
#10679=CARTESIAN_POINT('Ctrl Pts',(316.173775215013,21.2089912773105,6.22402774670756));
#10680=CARTESIAN_POINT('Ctrl Pts',(316.779321601278,21.532669435768,6.82957413297249));
#10681=CARTESIAN_POINT('Ctrl Pts',(317.044704912117,21.71696680687,7.21266635925604));
#10682=CARTESIAN_POINT('Ctrl Pts',(317.404955358281,21.9973900438857,8.06669356963792));
#10683=CARTESIAN_POINT('Ctrl Pts',(317.5,22.0868810393754,8.53971808937265));
#10684=CARTESIAN_POINT('Ctrl Pts',(317.5,22.0868810393754,9.));
#10685=CARTESIAN_POINT('Origin',(157.,8.99999999999994,9.));
#10686=CARTESIAN_POINT('',(153.5,8.99999999999991,9.));
#10687=CARTESIAN_POINT('Origin',(157.,8.99999999999991,9.));
#10688=CARTESIAN_POINT('',(153.5,22.0868810393754,9.));
#10689=CARTESIAN_POINT('',(153.5,8.99999999999994,9.));
#10690=CARTESIAN_POINT('',(160.5,22.0868810393754,9.));
#10691=CARTESIAN_POINT('Ctrl Pts',(160.5,22.0868810393754,9.));
#10692=CARTESIAN_POINT('Ctrl Pts',(160.5,22.0868810393754,9.46028191062735));
#10693=CARTESIAN_POINT('Ctrl Pts',(160.404955358281,21.9973900438857,9.93330643036207));
#10694=CARTESIAN_POINT('Ctrl Pts',(160.044704912117,21.71696680687,10.787333640744));
#10695=CARTESIAN_POINT('Ctrl Pts',(159.779321601278,21.532669435768,11.1704258670275));
#10696=CARTESIAN_POINT('Ctrl Pts',(159.173775215013,21.2089912773105,11.7759722532924));
#10697=CARTESIAN_POINT('Ctrl Pts',(158.789952752642,21.0445723283361,12.0435690753599));
#10698=CARTESIAN_POINT('Ctrl Pts',(157.93107432889,20.8141254070841,12.4059279299554));
#10699=CARTESIAN_POINT('Ctrl Pts',(157.455218172442,20.7499999999999,12.5));
#10700=CARTESIAN_POINT('Ctrl Pts',(156.544781827558,20.7499999999999,12.5));
#10701=CARTESIAN_POINT('Ctrl Pts',(156.06892567111,20.8141254070841,12.4059279299554));
#10702=CARTESIAN_POINT('Ctrl Pts',(155.210047247358,21.044572328336,12.0435690753599));
#10703=CARTESIAN_POINT('Ctrl Pts',(154.826224784987,21.2089912773104,11.7759722532924));
#10704=CARTESIAN_POINT('Ctrl Pts',(154.220678398722,21.5326694357679,11.1704258670275));
#10705=CARTESIAN_POINT('Ctrl Pts',(153.955295087883,21.7169668068698,10.787333640744));
#10706=CARTESIAN_POINT('Ctrl Pts',(153.595044641719,21.9973900438855,9.93330643036209));
#10707=CARTESIAN_POINT('Ctrl Pts',(153.5,22.0868810393752,9.46028191062735));
#10708=CARTESIAN_POINT('Ctrl Pts',(153.5,22.0868810393752,9.));
#10709=CARTESIAN_POINT('Ctrl Pts',(153.5,22.0868810393752,9.));
#10710=CARTESIAN_POINT('Ctrl Pts',(153.5,22.0868810393752,8.53971808937265));
#10711=CARTESIAN_POINT('Ctrl Pts',(153.595044641719,21.9973900438855,8.06669356963791));
#10712=CARTESIAN_POINT('Ctrl Pts',(153.955295087883,21.7169668068698,7.21266635925604));
#10713=CARTESIAN_POINT('Ctrl Pts',(154.220678398722,21.5326694357679,6.82957413297249));
#10714=CARTESIAN_POINT('Ctrl Pts',(154.826224784987,21.2089912773104,6.22402774670756));
#10715=CARTESIAN_POINT('Ctrl Pts',(155.210047247358,21.044572328336,5.95643092464012));
#10716=CARTESIAN_POINT('Ctrl Pts',(156.06892567111,20.8141254070841,5.59407207004463));
#10717=CARTESIAN_POINT('Ctrl Pts',(156.544781827558,20.7499999999999,5.5));
#10718=CARTESIAN_POINT('Ctrl Pts',(157.455218172442,20.7499999999999,5.5));
#10719=CARTESIAN_POINT('Ctrl Pts',(157.93107432889,20.8141254070841,5.59407207004464));
#10720=CARTESIAN_POINT('Ctrl Pts',(158.789952752642,21.0445723283361,5.95643092464014));
#10721=CARTESIAN_POINT('Ctrl Pts',(159.173775215013,21.2089912773105,6.22402774670757));
#10722=CARTESIAN_POINT('Ctrl Pts',(159.779321601278,21.532669435768,6.8295741329725));
#10723=CARTESIAN_POINT('Ctrl Pts',(160.044704912117,21.71696680687,7.21266635925604));
#10724=CARTESIAN_POINT('Ctrl Pts',(160.404955358281,21.9973900438857,8.06669356963793));
#10725=CARTESIAN_POINT('Ctrl Pts',(160.5,22.0868810393754,8.53971808937265));
#10726=CARTESIAN_POINT('Ctrl Pts',(160.5,22.0868810393754,9.));
#10727=CARTESIAN_POINT('Ctrl Pts',(11.,87.4999999999999,0.));
#10728=CARTESIAN_POINT('Ctrl Pts',(11.,84.5468059179739,0.));
#10729=CARTESIAN_POINT('Ctrl Pts',(11.0026231635413,78.6575016718856,0.));
#10730=CARTESIAN_POINT('Ctrl Pts',(11.5612418257149,69.7957483911954,0.));
#10731=CARTESIAN_POINT('Ctrl Pts',(13.1101796432788,61.0446915080726,0.));
#10732=CARTESIAN_POINT('Ctrl Pts',(16.7455759758967,49.7691585623318,0.));
#10733=CARTESIAN_POINT('Ctrl Pts',(24.2979556939181,36.9189704479043,0.));
#10734=CARTESIAN_POINT('Ctrl Pts',(36.9237322914231,24.2943595184529,0.));
#10735=CARTESIAN_POINT('Ctrl Pts',(49.7657747826673,16.7454660439965,0.));
#10736=CARTESIAN_POINT('Ctrl Pts',(61.050980090254,13.1085667306727,0.));
#10737=CARTESIAN_POINT('Ctrl Pts',(69.7876974346299,11.5629272722324,0.));
#10738=CARTESIAN_POINT('Ctrl Pts',(78.6453282933221,11.0025053529553,0.));
#10739=CARTESIAN_POINT('Ctrl Pts',(84.5468059179742,10.9999999999997,0.));
#10740=CARTESIAN_POINT('Ctrl Pts',(87.5000000000002,10.9999999999997,0.));
#10741=CARTESIAN_POINT('Ctrl Pts',(10.4016013993162,87.4999999999999,6.64355904382596E-16));
#10742=CARTESIAN_POINT('Ctrl Pts',(10.4016013993162,84.5468059179739,6.64355904382596E-16));
#10743=CARTESIAN_POINT('Ctrl Pts',(10.4040308849242,78.6442255712326,7.41350746861933E-16));
#10744=CARTESIAN_POINT('Ctrl Pts',(10.9653376036121,69.7284029027775,1.03721379064178E-16));
#10745=CARTESIAN_POINT('Ctrl Pts',(12.5271874830282,60.9014818365625,1.80033939647298E-16));
#10746=CARTESIAN_POINT('Ctrl Pts',(16.1979697806333,49.5152586846665,5.34663554713258E-16));
#10747=CARTESIAN_POINT('Ctrl Pts',(23.8225574027371,36.5454027354903,2.2081984484852E-16));
#10748=CARTESIAN_POINT('Ctrl Pts',(36.5502653569703,23.8188919541148,1.73608832975321E-15));
#10749=CARTESIAN_POINT('Ctrl Pts',(49.5118018520649,16.1978166608012,2.76437117181423E-16));
#10750=CARTESIAN_POINT('Ctrl Pts',(60.907804866578,12.5255801616771,2.9970421689961E-16));
#10751=CARTESIAN_POINT('Ctrl Pts',(69.7202810995867,10.9670274081727,1.45844817683929E-16));
#10752=CARTESIAN_POINT('Ctrl Pts',(78.6320076242199,10.403915048625,-9.83728520298296E-16));
#10753=CARTESIAN_POINT('Ctrl Pts',(84.5468059179741,10.4016013993159,-1.32871180876519E-15));
#10754=CARTESIAN_POINT('Ctrl Pts',(87.5000000000002,10.4016013993159,-1.32871180876519E-15));
#10755=CARTESIAN_POINT('Ctrl Pts',(9.3655237651247,87.4999999999999,0.502026350906077));
#10756=CARTESIAN_POINT('Ctrl Pts',(9.3655237651247,84.5468059179739,0.502026350906077));
#10757=CARTESIAN_POINT('Ctrl Pts',(9.36762843352,78.6211432424297,0.502026350906077));
#10758=CARTESIAN_POINT('Ctrl Pts',(9.93363649919585,69.6115672810317,0.502026350906076));
#10759=CARTESIAN_POINT('Ctrl Pts',(11.5178340708607,60.6535840266306,0.502026350906076));
#10760=CARTESIAN_POINT('Ctrl Pts',(15.2497685791158,49.0758058279957,0.502026350906078));
#10761=CARTESIAN_POINT('Ctrl Pts',(22.9995767503168,35.898625581668,0.502026350906076));
#10762=CARTESIAN_POINT('Ctrl Pts',(35.9036258565044,22.9956339053556,0.502026350906079));
#10763=CARTESIAN_POINT('Ctrl Pts',(49.0721386319404,15.2496987384551,0.502026350906076));
#10764=CARTESIAN_POINT('Ctrl Pts',(60.6600444282559,11.5161656629979,0.502026350906076));
#10765=CARTESIAN_POINT('Ctrl Pts',(69.6032897909138,9.93536883116456,0.502026350906076));
#10766=CARTESIAN_POINT('Ctrl Pts',(78.608867615715,9.36749690520062,0.502026350906074));
#10767=CARTESIAN_POINT('Ctrl Pts',(84.5468059179741,9.36552376512441,0.502026350906074));
#10768=CARTESIAN_POINT('Ctrl Pts',(87.5000000000002,9.36552376512439,0.502026350906074));
#10769=CARTESIAN_POINT('Ctrl Pts',(8.99999999999998,87.4999999999999,1.55120104948717));
#10770=CARTESIAN_POINT('Ctrl Pts',(8.99999999999998,84.5468059179739,1.55120104948717));
#10771=CARTESIAN_POINT('Ctrl Pts',(9.00198517558415,78.6130445324892,1.55120104948717));
#10772=CARTESIAN_POINT('Ctrl Pts',(9.56962987785194,69.5704564289608,1.55120104948717));
#10773=CARTESIAN_POINT('Ctrl Pts',(11.1617155657545,60.5660997861905,1.55120104948717));
#10774=CARTESIAN_POINT('Ctrl Pts',(14.9152781690023,48.9206971380593,1.55120104948717));
#10775=CARTESIAN_POINT('Ctrl Pts',(22.7091711643161,35.6704339963565,1.55120104948717));
#10776=CARTESIAN_POINT('Ctrl Pts',(35.6754999870984,22.7052037743691,1.55120104948717));
#10777=CARTESIAN_POINT('Ctrl Pts',(48.9169947846557,14.9151641102774,1.55120104948717));
#10778=CARTESIAN_POINT('Ctrl Pts',(60.5725724578447,11.1600585596531,1.55120104948717));
#10779=CARTESIAN_POINT('Ctrl Pts',(69.5621393898011,9.57136092401289,1.55120104948717));
#10780=CARTESIAN_POINT('Ctrl Pts',(78.6007394825503,9.00185700992111,1.55120104948717));
#10781=CARTESIAN_POINT('Ctrl Pts',(84.5468059179741,8.99999999999969,1.55120104948717));
#10782=CARTESIAN_POINT('Ctrl Pts',(87.5000000000001,8.99999999999967,1.55120104948717));
#10783=CARTESIAN_POINT('Ctrl Pts',(8.99999999999998,87.4999999999999,2.));
#10784=CARTESIAN_POINT('Ctrl Pts',(8.99999999999998,84.5468059179739,2.));
#10785=CARTESIAN_POINT('Ctrl Pts',(9.00198711527803,78.6130268578903,2.));
#10786=CARTESIAN_POINT('Ctrl Pts',(9.56964052021892,69.570413563538,2.));
#10787=CARTESIAN_POINT('Ctrl Pts',(11.1617246457181,60.5661104580266,2.));
#10788=CARTESIAN_POINT('Ctrl Pts',(14.915265923949,48.9207254884071,2.));
#10789=CARTESIAN_POINT('Ctrl Pts',(22.7091955263155,35.6704384973709,2.));
#10790=CARTESIAN_POINT('Ctrl Pts',(35.6754976964164,22.7051991047199,2.));
#10791=CARTESIAN_POINT('Ctrl Pts',(48.9170076695233,14.9151810074815,2.));
#10792=CARTESIAN_POINT('Ctrl Pts',(60.5725974611686,11.1600545915477,2.));
#10793=CARTESIAN_POINT('Ctrl Pts',(69.5620904358109,9.57137801632385,2.));
#10794=CARTESIAN_POINT('Ctrl Pts',(78.60072540094,9.00185542605343,2.));
#10795=CARTESIAN_POINT('Ctrl Pts',(84.5468059179741,8.99999999999969,2.));
#10796=CARTESIAN_POINT('Ctrl Pts',(87.5000000000001,8.99999999999967,2.));
#10797=CARTESIAN_POINT('',(87.5000000000002,10.9999999999997,0.));
#10798=CARTESIAN_POINT('',(87.5000000000001,8.99999999999967,2.));
#10799=CARTESIAN_POINT('Origin',(87.5000000000002,10.9999999999997,2.));
#10800=CARTESIAN_POINT('',(8.99999999999998,87.4999999999999,2.));
#10801=CARTESIAN_POINT('Ctrl Pts',(87.5000000000001,8.99999999999967,2.));
#10802=CARTESIAN_POINT('Ctrl Pts',(84.5468059179741,8.99999999999969,2.));
#10803=CARTESIAN_POINT('Ctrl Pts',(78.60072540094,9.00185542605343,2.));
#10804=CARTESIAN_POINT('Ctrl Pts',(69.5620904358109,9.57137801632385,2.));
#10805=CARTESIAN_POINT('Ctrl Pts',(60.5725974611686,11.1600545915477,2.));
#10806=CARTESIAN_POINT('Ctrl Pts',(48.9170076695233,14.9151810074815,2.));
#10807=CARTESIAN_POINT('Ctrl Pts',(35.6754976964164,22.7051991047199,2.));
#10808=CARTESIAN_POINT('Ctrl Pts',(22.7091955263155,35.6704384973709,2.));
#10809=CARTESIAN_POINT('Ctrl Pts',(14.915265923949,48.9207254884071,2.));
#10810=CARTESIAN_POINT('Ctrl Pts',(11.1617246457181,60.5661104580266,2.));
#10811=CARTESIAN_POINT('Ctrl Pts',(9.56964052021892,69.570413563538,2.));
#10812=CARTESIAN_POINT('Ctrl Pts',(9.00198711527803,78.6130268578903,2.));
#10813=CARTESIAN_POINT('Ctrl Pts',(8.99999999999998,84.5468059179739,2.));
#10814=CARTESIAN_POINT('Ctrl Pts',(8.99999999999998,87.4999999999999,2.));
#10815=CARTESIAN_POINT('',(11.,87.4999999999999,0.));
#10816=CARTESIAN_POINT('Origin',(11.,87.4999999999999,2.));
#10817=CARTESIAN_POINT('Ctrl Pts',(11.,87.4999999999999,0.));
#10818=CARTESIAN_POINT('Ctrl Pts',(11.,84.5468059179739,0.));
#10819=CARTESIAN_POINT('Ctrl Pts',(11.0026231635413,78.6575016718856,0.));
#10820=CARTESIAN_POINT('Ctrl Pts',(11.5612418257149,69.7957483911954,0.));
#10821=CARTESIAN_POINT('Ctrl Pts',(13.1101796432788,61.0446915080726,0.));
#10822=CARTESIAN_POINT('Ctrl Pts',(16.7455759758967,49.7691585623318,0.));
#10823=CARTESIAN_POINT('Ctrl Pts',(24.2979556939181,36.9189704479043,0.));
#10824=CARTESIAN_POINT('Ctrl Pts',(36.9237322914231,24.2943595184529,0.));
#10825=CARTESIAN_POINT('Ctrl Pts',(49.7657747826673,16.7454660439965,0.));
#10826=CARTESIAN_POINT('Ctrl Pts',(61.050980090254,13.1085667306727,0.));
#10827=CARTESIAN_POINT('Ctrl Pts',(69.7876974346299,11.5629272722324,0.));
#10828=CARTESIAN_POINT('Ctrl Pts',(78.6453282933221,11.0025053529553,0.));
#10829=CARTESIAN_POINT('Ctrl Pts',(84.5468059179742,10.9999999999997,0.));
#10830=CARTESIAN_POINT('Ctrl Pts',(87.5000000000002,10.9999999999997,0.));
#10831=CARTESIAN_POINT('Origin',(122.25,10.9999999999999,2.));
#10832=CARTESIAN_POINT('',(383.5,11.,0.));
#10833=CARTESIAN_POINT('',(383.5,8.99999999999998,2.));
#10834=CARTESIAN_POINT('Origin',(383.5,11.,2.));
#10835=CARTESIAN_POINT('',(122.25,8.99999999999993,2.));
#10836=CARTESIAN_POINT('',(122.25,10.9999999999999,0.));
#10837=CARTESIAN_POINT('Ctrl Pts',(383.5,11.,0.));
#10838=CARTESIAN_POINT('Ctrl Pts',(386.453194082026,11.,0.));
#10839=CARTESIAN_POINT('Ctrl Pts',(392.342817706035,11.0023376620895,0.));
#10840=CARTESIAN_POINT('Ctrl Pts',(401.203881353312,11.5617068362054,0.));
#10841=CARTESIAN_POINT('Ctrl Pts',(409.955678328124,13.1095900586104,0.));
#10842=CARTESIAN_POINT('Ctrl Pts',(421.229840453649,16.7472982612294,0.));
#10843=CARTESIAN_POINT('Ctrl Pts',(434.081732290578,24.2949380180885,0.));
#10844=CARTESIAN_POINT('Ctrl Pts',(445.653891770043,35.8752166678819,0.));
#10845=CARTESIAN_POINT('Ctrl Pts',(451.990542944847,45.9077712999643,0.));
#10846=CARTESIAN_POINT('Ctrl Pts',(456.836284577264,56.7001671157134,0.));
#10847=CARTESIAN_POINT('Ctrl Pts',(459.959761191889,69.7452892657366,0.));
#10848=CARTESIAN_POINT('Ctrl Pts',(460.,81.593611835948,0.));
#10849=CARTESIAN_POINT('Ctrl Pts',(460.,87.5,0.));
#10850=CARTESIAN_POINT('Ctrl Pts',(383.5,10.4016013993162,-6.64355904382597E-16));
#10851=CARTESIAN_POINT('Ctrl Pts',(386.453194082026,10.4016013993162,-6.64355904382597E-16));
#10852=CARTESIAN_POINT('Ctrl Pts',(392.356053675237,10.4037213823036,1.1086622582366E-15));
#10853=CARTESIAN_POINT('Ctrl Pts',(401.271163442998,10.9657903671632,-1.37863117619006E-16));
#10854=CARTESIAN_POINT('Ctrl Pts',(410.098893510398,12.5265553572873,-2.24655811472907E-15));
#10855=CARTESIAN_POINT('Ctrl Pts',(421.483767181331,16.1997476014545,6.66803699335077E-16));
#10856=CARTESIAN_POINT('Ctrl Pts',(434.455309748774,23.819388977235,-9.56653262466646E-16));
#10857=CARTESIAN_POINT('Ctrl Pts',(446.120972696515,35.4933747292265,4.51566831697926E-16));
#10858=CARTESIAN_POINT('Ctrl Pts',(452.516436229023,45.6176459238284,-9.32138082605349E-17));
#10859=CARTESIAN_POINT('Ctrl Pts',(457.409466711403,56.5138309826851,5.85218039232756E-17));
#10860=CARTESIAN_POINT('Ctrl Pts',(460.561004754375,69.6891997152853,-3.4878643389331E-17));
#10861=CARTESIAN_POINT('Ctrl Pts',(460.598398600683,81.593611835948,0.));
#10862=CARTESIAN_POINT('Ctrl Pts',(460.598398600683,87.5,0.));
#10863=CARTESIAN_POINT('Ctrl Pts',(383.5,9.36571371259659,0.502254379270437));
#10864=CARTESIAN_POINT('Ctrl Pts',(386.453194082026,9.36571371259659,0.502254379270437));
#10865=CARTESIAN_POINT('Ctrl Pts',(392.379215827449,9.36750099591365,0.502254379270439));
#10866=CARTESIAN_POINT('Ctrl Pts',(401.387992099,9.93432886910274,0.502254379270437));
#10867=CARTESIAN_POINT('Ctrl Pts',(410.346774374959,11.517365888817,0.502254379270434));
#10868=CARTESIAN_POINT('Ctrl Pts',(421.923005109256,15.251864123057,0.502254379270439));
#10869=CARTESIAN_POINT('Ctrl Pts',(435.101837448126,22.9962471810922,0.502254379270436));
#10870=CARTESIAN_POINT('Ctrl Pts',(446.92966859227,34.8327021281599,0.502254379270438));
#10871=CARTESIAN_POINT('Ctrl Pts',(453.426616612782,45.1153293861679,0.502254379270438));
#10872=CARTESIAN_POINT('Ctrl Pts',(458.401531113466,56.1912733662279,0.502254379270438));
#10873=CARTESIAN_POINT('Ctrl Pts',(461.601680347307,69.5915735451437,0.502254379270438));
#10874=CARTESIAN_POINT('Ctrl Pts',(461.634286287403,81.593611835948,0.502254379270438));
#10875=CARTESIAN_POINT('Ctrl Pts',(461.634286287403,87.5,0.502254379270438));
#10876=CARTESIAN_POINT('Ctrl Pts',(383.5,8.99999999999998,1.55120104948717));
#10877=CARTESIAN_POINT('Ctrl Pts',(386.453194082026,8.99999999999998,1.55120104948717));
#10878=CARTESIAN_POINT('Ctrl Pts',(392.387282085795,9.00165018564421,1.55120104948717));
#10879=CARTESIAN_POINT('Ctrl Pts',(401.429078985223,9.57012021103267,1.55120104948717));
#10880=CARTESIAN_POINT('Ctrl Pts',(410.434304491656,11.1610325154461,1.55120104948717));
#10881=CARTESIAN_POINT('Ctrl Pts',(422.078224252365,14.9172280512059,1.55120104948717));
#10882=CARTESIAN_POINT('Ctrl Pts',(435.330166664039,22.7056060101543,1.55120104948717));
#10883=CARTESIAN_POINT('Ctrl Pts',(447.215114808675,34.5993071517189,1.55120104948717));
#10884=CARTESIAN_POINT('Ctrl Pts',(453.748036211135,44.9380255119357,1.55120104948717));
#10885=CARTESIAN_POINT('Ctrl Pts',(458.751849429716,56.077392476528,1.55120104948717));
#10886=CARTESIAN_POINT('Ctrl Pts',(461.969145382906,69.557342943403,1.55120104948717));
#10887=CARTESIAN_POINT('Ctrl Pts',(462.,81.593611835948,1.55120104948717));
#10888=CARTESIAN_POINT('Ctrl Pts',(462.,87.5,1.55120104948717));
#10889=CARTESIAN_POINT('Ctrl Pts',(383.5,8.99999999999998,2.));
#10890=CARTESIAN_POINT('Ctrl Pts',(386.453194082026,8.99999999999998,2.));
#10891=CARTESIAN_POINT('Ctrl Pts',(392.387329142006,9.00165851200717,2.));
#10892=CARTESIAN_POINT('Ctrl Pts',(401.429146284633,9.57014462352532,2.));
#10893=CARTESIAN_POINT('Ctrl Pts',(410.434297150019,11.1610517205973,2.));
#10894=CARTESIAN_POINT('Ctrl Pts',(422.078161117677,14.9172245317273,2.));
#10895=CARTESIAN_POINT('Ctrl Pts',(435.330134177835,22.7056213033408,2.));
#10896=CARTESIAN_POINT('Ctrl Pts',(447.215139756139,34.5993701582003,2.));
#10897=CARTESIAN_POINT('Ctrl Pts',(453.747999722838,44.938010309689,2.));
#10898=CARTESIAN_POINT('Ctrl Pts',(458.751817149547,56.077394141375,2.));
#10899=CARTESIAN_POINT('Ctrl Pts',(461.969119529599,69.5572430144577,2.));
#10900=CARTESIAN_POINT('Ctrl Pts',(462.,81.593611835948,2.));
#10901=CARTESIAN_POINT('Ctrl Pts',(462.,87.5,2.));
#10902=CARTESIAN_POINT('',(460.,87.5,0.));
#10903=CARTESIAN_POINT('',(462.,87.5,2.));
#10904=CARTESIAN_POINT('Origin',(460.,87.5,2.));
#10905=CARTESIAN_POINT('Ctrl Pts',(462.,87.5,2.));
#10906=CARTESIAN_POINT('Ctrl Pts',(462.,81.593611835948,2.));
#10907=CARTESIAN_POINT('Ctrl Pts',(461.969119529599,69.5572430144577,2.));
#10908=CARTESIAN_POINT('Ctrl Pts',(458.751817149547,56.077394141375,2.));
#10909=CARTESIAN_POINT('Ctrl Pts',(453.747999722838,44.938010309689,2.));
#10910=CARTESIAN_POINT('Ctrl Pts',(447.215139756139,34.5993701582003,2.));
#10911=CARTESIAN_POINT('Ctrl Pts',(435.330134177835,22.7056213033408,2.));
#10912=CARTESIAN_POINT('Ctrl Pts',(422.078161117677,14.9172245317273,2.));
#10913=CARTESIAN_POINT('Ctrl Pts',(410.434297150019,11.1610517205973,2.));
#10914=CARTESIAN_POINT('Ctrl Pts',(401.429146284633,9.57014462352532,2.));
#10915=CARTESIAN_POINT('Ctrl Pts',(392.387329142006,9.00165851200717,2.));
#10916=CARTESIAN_POINT('Ctrl Pts',(386.453194082026,8.99999999999998,2.));
#10917=CARTESIAN_POINT('Ctrl Pts',(383.5,8.99999999999998,2.));
#10918=CARTESIAN_POINT('Ctrl Pts',(383.5,11.,0.));
#10919=CARTESIAN_POINT('Ctrl Pts',(386.453194082026,11.,0.));
#10920=CARTESIAN_POINT('Ctrl Pts',(392.342817706035,11.0023376620895,0.));
#10921=CARTESIAN_POINT('Ctrl Pts',(401.203881353312,11.5617068362054,0.));
#10922=CARTESIAN_POINT('Ctrl Pts',(409.955678328124,13.1095900586104,0.));
#10923=CARTESIAN_POINT('Ctrl Pts',(421.229840453649,16.7472982612294,0.));
#10924=CARTESIAN_POINT('Ctrl Pts',(434.081732290578,24.2949380180885,0.));
#10925=CARTESIAN_POINT('Ctrl Pts',(445.653891770043,35.8752166678819,0.));
#10926=CARTESIAN_POINT('Ctrl Pts',(451.990542944847,45.9077712999643,0.));
#10927=CARTESIAN_POINT('Ctrl Pts',(456.836284577264,56.7001671157134,0.));
#10928=CARTESIAN_POINT('Ctrl Pts',(459.959761191889,69.7452892657366,0.));
#10929=CARTESIAN_POINT('Ctrl Pts',(460.,81.593611835948,0.));
#10930=CARTESIAN_POINT('Ctrl Pts',(460.,87.5,0.));
#10931=CARTESIAN_POINT('Origin',(460.,83.0000000000001,2.));
#10932=CARTESIAN_POINT('',(460.,226.5,0.));
#10933=CARTESIAN_POINT('',(462.,226.5,2.));
#10934=CARTESIAN_POINT('Origin',(460.,226.5,2.));
#10935=CARTESIAN_POINT('',(462.,83.0000000000001,2.));
#10936=CARTESIAN_POINT('',(460.,83.0000000000001,0.));
#10937=CARTESIAN_POINT('Ctrl Pts',(460.,226.5,0.));
#10938=CARTESIAN_POINT('Ctrl Pts',(460.,229.453194082026,0.));
#10939=CARTESIAN_POINT('Ctrl Pts',(459.997512897555,235.342849976944,0.));
#10940=CARTESIAN_POINT('Ctrl Pts',(459.438405612501,244.203741421511,0.));
#10941=CARTESIAN_POINT('Ctrl Pts',(457.88988185598,252.955566228615,0.));
#10942=CARTESIAN_POINT('Ctrl Pts',(454.252923223528,264.229308170257,0.));
#10943=CARTESIAN_POINT('Ctrl Pts',(446.70240858899,277.081432850392,0.));
#10944=CARTESIAN_POINT('Ctrl Pts',(434.076047330621,289.706017348851,0.));
#10945=CARTESIAN_POINT('Ctrl Pts',(421.234009409236,297.253965834076,0.));
#10946=CARTESIAN_POINT('Ctrl Pts',(409.950241128168,300.892267117395,0.));
#10947=CARTESIAN_POINT('Ctrl Pts',(401.212243054958,302.437150887065,0.));
#10948=CARTESIAN_POINT('Ctrl Pts',(392.355172331819,302.997794002426,0.));
#10949=CARTESIAN_POINT('Ctrl Pts',(386.453194082026,303.,0.));
#10950=CARTESIAN_POINT('Ctrl Pts',(383.5,303.,0.));
#10951=CARTESIAN_POINT('Ctrl Pts',(460.598398600684,226.5,0.));
#10952=CARTESIAN_POINT('Ctrl Pts',(460.598398600684,229.453194082026,-3.82891136273931E-32));
#10953=CARTESIAN_POINT('Ctrl Pts',(460.596143560825,235.356047405157,4.89549139110037E-18));
#10954=CARTESIAN_POINT('Ctrl Pts',(460.03436016737,244.270978827238,-4.05909383976076E-18));
#10955=CARTESIAN_POINT('Ctrl Pts',(458.472932488657,253.098776131944,3.68941534330137E-19));
#10956=CARTESIAN_POINT('Ctrl Pts',(454.800520239315,264.483231599998,-1.36026199322715E-18));
#10957=CARTESIAN_POINT('Ctrl Pts',(447.177870183468,277.455132815518,4.10516878531967E-19));
#10958=CARTESIAN_POINT('Ctrl Pts',(434.449519050628,290.181573375247,-2.33713523261338E-19));
#10959=CARTESIAN_POINT('Ctrl Pts',(421.488047389094,297.801654772565,8.37741611881098E-20));
#10960=CARTESIAN_POINT('Ctrl Pts',(410.093499946213,301.475313484308,-1.77806630449747E-20));
#10961=CARTESIAN_POINT('Ctrl Pts',(401.279589959079,303.033107665607,1.3201020389166E-20));
#10962=CARTESIAN_POINT('Ctrl Pts',(392.368435735635,303.596422818317,-4.87663323305139E-21));
#10963=CARTESIAN_POINT('Ctrl Pts',(386.453194082026,303.598398600684,0.));
#10964=CARTESIAN_POINT('Ctrl Pts',(383.5,303.598398600684,0.));
#10965=CARTESIAN_POINT('Ctrl Pts',(461.634275267136,226.5,0.50226760889378));
#10966=CARTESIAN_POINT('Ctrl Pts',(461.634275267136,229.453194082026,0.50226760889378));
#10967=CARTESIAN_POINT('Ctrl Pts',(461.632323899419,235.379252452032,0.50226760889378));
#10968=CARTESIAN_POINT('Ctrl Pts',(461.065800741582,244.38780766625,0.50226760889378));
#10969=CARTESIAN_POINT('Ctrl Pts',(459.482020468583,253.346668273375,0.50226760889378));
#10970=CARTESIAN_POINT('Ctrl Pts',(455.748475257037,264.922250313841,0.50226760889378));
#10971=CARTESIAN_POINT('Ctrl Pts',(448.0005279043,278.101810448219,0.50226760889378));
#10972=CARTESIAN_POINT('Ctrl Pts',(435.095838253252,291.004735373889,0.50226760889378));
#10973=CARTESIAN_POINT('Ctrl Pts',(421.927522905631,298.749462703348,0.50226760889378));
#10974=CARTESIAN_POINT('Ctrl Pts',(410.341336671901,302.484495072517,0.50226760889378));
#10975=CARTESIAN_POINT('Ctrl Pts',(401.396638323164,304.064507633454,0.50226760889378));
#10976=CARTESIAN_POINT('Ctrl Pts',(392.391719280674,304.632626323719,0.50226760889378));
#10977=CARTESIAN_POINT('Ctrl Pts',(386.453194082026,304.634275267136,0.50226760889378));
#10978=CARTESIAN_POINT('Ctrl Pts',(383.5,304.634275267136,0.50226760889378));
#10979=CARTESIAN_POINT('Ctrl Pts',(462.,226.5,1.55120104948717));
#10980=CARTESIAN_POINT('Ctrl Pts',(462.,229.453194082026,1.55120104948717));
#10981=CARTESIAN_POINT('Ctrl Pts',(461.998199367775,235.387285729437,1.55120104948717));
#10982=CARTESIAN_POINT('Ctrl Pts',(461.43005038307,244.428861768155,1.55120104948717));
#10983=CARTESIAN_POINT('Ctrl Pts',(459.838384937685,253.434195659334,1.55120104948717));
#10984=CARTESIAN_POINT('Ctrl Pts',(456.083149642221,265.077490671196,1.55120104948717));
#10985=CARTESIAN_POINT('Ctrl Pts',(448.291153710343,278.330226222768,1.55120104948717));
#10986=CARTESIAN_POINT('Ctrl Pts',(435.324111199101,291.295387939806,1.55120104948717));
#10987=CARTESIAN_POINT('Ctrl Pts',(422.082809793663,299.084221081258,1.55120104948717));
#10988=CARTESIAN_POINT('Ctrl Pts',(410.428906677117,302.84084776173,1.55120104948717));
#10989=CARTESIAN_POINT('Ctrl Pts',(401.437756625008,304.42876267173,1.55120104948717));
#10990=CARTESIAN_POINT('Ctrl Pts',(392.399796124038,304.998498268398,1.55120104948717));
#10991=CARTESIAN_POINT('Ctrl Pts',(386.453194082026,305.,1.55120104948717));
#10992=CARTESIAN_POINT('Ctrl Pts',(383.5,305.,1.55120104948717));
#10993=CARTESIAN_POINT('Ctrl Pts',(462.,226.5,2.));
#10994=CARTESIAN_POINT('Ctrl Pts',(462.,229.453194082026,2.));
#10995=CARTESIAN_POINT('Ctrl Pts',(461.998180840976,235.387353607914,2.));
#10996=CARTESIAN_POINT('Ctrl Pts',(461.430011599385,244.428944044131,2.));
#10997=CARTESIAN_POINT('Ctrl Pts',(459.838343347018,253.434192663685,2.));
#10998=CARTESIAN_POINT('Ctrl Pts',(456.083153426713,265.077387990649,2.));
#10999=CARTESIAN_POINT('Ctrl Pts',(448.291077185085,278.330183251216,2.));
#11000=CARTESIAN_POINT('Ctrl Pts',(435.324075158686,291.295375813104,2.));
#11001=CARTESIAN_POINT('Ctrl Pts',(422.082755960155,299.084167004366,2.));
#11002=CARTESIAN_POINT('Ctrl Pts',(410.428877210108,302.840825254455,2.));
#11003=CARTESIAN_POINT('Ctrl Pts',(401.437844564901,304.428715487772,2.));
#11004=CARTESIAN_POINT('Ctrl Pts',(392.399857254634,304.998484723439,2.));
#11005=CARTESIAN_POINT('Ctrl Pts',(386.453194082026,305.,2.));
#11006=CARTESIAN_POINT('Ctrl Pts',(383.5,305.,2.));
#11007=CARTESIAN_POINT('',(383.5,303.,0.));
#11008=CARTESIAN_POINT('',(383.5,305.,2.));
#11009=CARTESIAN_POINT('Origin',(383.5,303.,2.));
#11010=CARTESIAN_POINT('Ctrl Pts',(383.5,305.,2.));
#11011=CARTESIAN_POINT('Ctrl Pts',(386.453194082026,305.,2.));
#11012=CARTESIAN_POINT('Ctrl Pts',(392.399857254634,304.998484723439,2.));
#11013=CARTESIAN_POINT('Ctrl Pts',(401.437844564901,304.428715487772,2.));
#11014=CARTESIAN_POINT('Ctrl Pts',(410.428877210108,302.840825254455,2.));
#11015=CARTESIAN_POINT('Ctrl Pts',(422.082755960155,299.084167004366,2.));
#11016=CARTESIAN_POINT('Ctrl Pts',(435.324075158686,291.295375813104,2.));
#11017=CARTESIAN_POINT('Ctrl Pts',(448.291077185085,278.330183251216,2.));
#11018=CARTESIAN_POINT('Ctrl Pts',(456.083153426713,265.077387990649,2.));
#11019=CARTESIAN_POINT('Ctrl Pts',(459.838343347018,253.434192663685,2.));
#11020=CARTESIAN_POINT('Ctrl Pts',(461.430011599385,244.428944044131,2.));
#11021=CARTESIAN_POINT('Ctrl Pts',(461.998180840976,235.387353607914,2.));
#11022=CARTESIAN_POINT('Ctrl Pts',(462.,229.453194082026,2.));
#11023=CARTESIAN_POINT('Ctrl Pts',(462.,226.5,2.));
#11024=CARTESIAN_POINT('Ctrl Pts',(460.,226.5,0.));
#11025=CARTESIAN_POINT('Ctrl Pts',(460.,229.453194082026,0.));
#11026=CARTESIAN_POINT('Ctrl Pts',(459.997512897555,235.342849976944,0.));
#11027=CARTESIAN_POINT('Ctrl Pts',(459.438405612501,244.203741421511,0.));
#11028=CARTESIAN_POINT('Ctrl Pts',(457.88988185598,252.955566228615,0.));
#11029=CARTESIAN_POINT('Ctrl Pts',(454.252923223528,264.229308170257,0.));
#11030=CARTESIAN_POINT('Ctrl Pts',(446.70240858899,277.081432850392,0.));
#11031=CARTESIAN_POINT('Ctrl Pts',(434.076047330621,289.706017348851,0.));
#11032=CARTESIAN_POINT('Ctrl Pts',(421.234009409236,297.253965834076,0.));
#11033=CARTESIAN_POINT('Ctrl Pts',(409.950241128168,300.892267117395,0.));
#11034=CARTESIAN_POINT('Ctrl Pts',(401.212243054958,302.437150887065,0.));
#11035=CARTESIAN_POINT('Ctrl Pts',(392.355172331819,302.997794002426,0.));
#11036=CARTESIAN_POINT('Ctrl Pts',(386.453194082026,303.,0.));
#11037=CARTESIAN_POINT('Ctrl Pts',(383.5,303.,0.));
#11038=CARTESIAN_POINT('Origin',(348.75,303.,2.));
#11039=CARTESIAN_POINT('',(87.4999999999999,303.,0.));
#11040=CARTESIAN_POINT('',(87.4999999999998,305.,2.));
#11041=CARTESIAN_POINT('Origin',(87.4999999999999,303.,2.));
#11042=CARTESIAN_POINT('',(348.75,305.,2.));
#11043=CARTESIAN_POINT('',(348.75,303.,0.));
#11044=CARTESIAN_POINT('Ctrl Pts',(87.4999999999998,303.,0.));
#11045=CARTESIAN_POINT('Ctrl Pts',(84.5468059179738,303.,0.));
#11046=CARTESIAN_POINT('Ctrl Pts',(78.6570224453399,302.997484356507,0.));
#11047=CARTESIAN_POINT('Ctrl Pts',(69.7963781255194,302.438564279109,0.));
#11048=CARTESIAN_POINT('Ctrl Pts',(61.0437725772984,300.889828416844,0.));
#11049=CARTESIAN_POINT('Ctrl Pts',(49.7719642420661,297.253644069974,0.));
#11050=CARTESIAN_POINT('Ctrl Pts',(36.9129410090995,289.701287344587,0.));
#11051=CARTESIAN_POINT('Ctrl Pts',(24.3026697732959,277.078131927285,0.));
#11052=CARTESIAN_POINT('Ctrl Pts',(15.2124083593289,261.661634799594,0.));
#11053=CARTESIAN_POINT('Ctrl Pts',(11.0361160198575,244.249167735186,0.));
#11054=CARTESIAN_POINT('Ctrl Pts',(11.0000000000002,232.406388164052,0.));
#11055=CARTESIAN_POINT('Ctrl Pts',(11.0000000000003,226.5,0.));
#11056=CARTESIAN_POINT('Ctrl Pts',(87.4999999999998,303.598398600684,0.));
#11057=CARTESIAN_POINT('Ctrl Pts',(84.5468059179738,303.598398600684,0.));
#11058=CARTESIAN_POINT('Ctrl Pts',(78.6437981905605,303.596105382407,3.20530918647329E-17));
#11059=CARTESIAN_POINT('Ctrl Pts',(69.7291299930448,303.034500131193,1.53485505467823E-16));
#11060=CARTESIAN_POINT('Ctrl Pts',(60.9005285240392,301.472866853727,6.25792745627088E-16));
#11061=CARTESIAN_POINT('Ctrl Pts',(49.5181248514446,297.801217178348,1.03632846757107E-15));
#11062=CARTESIAN_POINT('Ctrl Pts',(36.5390247709943,290.176790880815,1.73835817176976E-15));
#11063=CARTESIAN_POINT('Ctrl Pts',(23.8275365643084,277.451501556986,1.36341828572135E-15));
#11064=CARTESIAN_POINT('Ctrl Pts',(14.6492320213346,261.89200854222,1.41987201897849E-16));
#11065=CARTESIAN_POINT('Ctrl Pts',(10.4344941439901,244.305012122759,8.23401068252049E-16));
#11066=CARTESIAN_POINT('Ctrl Pts',(10.4016013993165,232.406388164052,6.64355904382596E-16));
#11067=CARTESIAN_POINT('Ctrl Pts',(10.4016013993165,226.5,6.64355904382596E-16));
#11068=CARTESIAN_POINT('Ctrl Pts',(87.4999999999998,304.634304117366,0.502232974735936));
#11069=CARTESIAN_POINT('Ctrl Pts',(84.5468059179738,304.634304117366,0.502232974735936));
#11070=CARTESIAN_POINT('Ctrl Pts',(78.6206020907276,304.632326698275,0.502232974735936));
#11071=CARTESIAN_POINT('Ctrl Pts',(69.6123148668425,304.065988562245,0.502232974735936));
#11072=CARTESIAN_POINT('Ctrl Pts',(60.6525782243449,302.482019484221,0.502232974735936));
#11073=CARTESIAN_POINT('Ctrl Pts',(49.0791399122293,298.749209730922,0.502232974735937));
#11074=CARTESIAN_POINT('Ctrl Pts',(35.8918746909134,290.99961285037,0.502232974735938));
#11075=CARTESIAN_POINT('Ctrl Pts',(23.0050584820895,278.097840746025,0.502232974735938));
#11076=CARTESIAN_POINT('Ctrl Pts',(13.6746458084134,262.290672500347,0.502232974735936));
#11077=CARTESIAN_POINT('Ctrl Pts',(9.39310971025744,244.402190640567,0.502232974735937));
#11078=CARTESIAN_POINT('Ctrl Pts',(9.36569588263421,232.406388164052,0.502232974735937));
#11079=CARTESIAN_POINT('Ctrl Pts',(9.36569588263426,226.5,0.502232974735937));
#11080=CARTESIAN_POINT('Ctrl Pts',(87.4999999999998,305.,1.55120104948717));
#11081=CARTESIAN_POINT('Ctrl Pts',(84.5468059179738,305.,1.55120104948717));
#11082=CARTESIAN_POINT('Ctrl Pts',(78.6125489459748,304.998165023471,1.55120104948717));
#11083=CARTESIAN_POINT('Ctrl Pts',(69.571255516143,304.430193860448,1.55120104948717));
#11084=CARTESIAN_POINT('Ctrl Pts',(60.5650360821624,302.838343678146,1.55120104948717));
#11085=CARTESIAN_POINT('Ctrl Pts',(48.9239707559283,299.083838100205,1.55120104948717));
#11086=CARTESIAN_POINT('Ctrl Pts',(35.6633515569031,291.290236209332,1.55120104948717));
#11087=CARTESIAN_POINT('Ctrl Pts',(22.7146893920882,278.326017103149,1.55120104948717));
#11088=CARTESIAN_POINT('Ctrl Pts',(13.3304426544378,262.431472910897,1.55120104948717));
#11089=CARTESIAN_POINT('Ctrl Pts',(9.02543450740909,244.436271034002,1.55120104948717));
#11090=CARTESIAN_POINT('Ctrl Pts',(9.00000000000023,232.406388164052,1.55120104948717));
#11091=CARTESIAN_POINT('Ctrl Pts',(9.00000000000028,226.5,1.55120104948717));
#11092=CARTESIAN_POINT('Ctrl Pts',(87.4999999999998,305.,2.));
#11093=CARTESIAN_POINT('Ctrl Pts',(84.5468059179738,305.,2.));
#11094=CARTESIAN_POINT('Ctrl Pts',(78.6124918571139,304.99815198503,2.));
#11095=CARTESIAN_POINT('Ctrl Pts',(69.5711802210925,304.430164911565,2.));
#11096=CARTESIAN_POINT('Ctrl Pts',(60.5650405478939,302.838313090481,2.));
#11097=CARTESIAN_POINT('Ctrl Pts',(48.9240543436533,299.083851760224,2.));
#11098=CARTESIAN_POINT('Ctrl Pts',(35.663379306485,291.290172894781,2.));
#11099=CARTESIAN_POINT('Ctrl Pts',(22.7146967482807,278.326014839898,2.));
#11100=CARTESIAN_POINT('Ctrl Pts',(13.3305076140338,262.431446015682,2.));
#11101=CARTESIAN_POINT('Ctrl Pts',(9.02545352250755,244.436366052438,2.));
#11102=CARTESIAN_POINT('Ctrl Pts',(9.00000000000023,232.406388164052,2.));
#11103=CARTESIAN_POINT('Ctrl Pts',(9.00000000000028,226.5,2.));
#11104=CARTESIAN_POINT('',(11.0000000000003,226.5,0.));
#11105=CARTESIAN_POINT('',(9.00000000000028,226.5,2.));
#11106=CARTESIAN_POINT('Origin',(11.0000000000003,226.5,2.));
#11107=CARTESIAN_POINT('Ctrl Pts',(9.00000000000028,226.5,2.));
#11108=CARTESIAN_POINT('Ctrl Pts',(9.00000000000023,232.406388164052,2.));
#11109=CARTESIAN_POINT('Ctrl Pts',(9.02545352250755,244.436366052438,2.));
#11110=CARTESIAN_POINT('Ctrl Pts',(13.3305076140338,262.431446015682,2.));
#11111=CARTESIAN_POINT('Ctrl Pts',(22.7146967482807,278.326014839898,2.));
#11112=CARTESIAN_POINT('Ctrl Pts',(35.663379306485,291.290172894781,2.));
#11113=CARTESIAN_POINT('Ctrl Pts',(48.9240543436533,299.083851760224,2.));
#11114=CARTESIAN_POINT('Ctrl Pts',(60.5650405478939,302.838313090481,2.));
#11115=CARTESIAN_POINT('Ctrl Pts',(69.5711802210925,304.430164911565,2.));
#11116=CARTESIAN_POINT('Ctrl Pts',(78.6124918571139,304.99815198503,2.));
#11117=CARTESIAN_POINT('Ctrl Pts',(84.5468059179738,305.,2.));
#11118=CARTESIAN_POINT('Ctrl Pts',(87.4999999999998,305.,2.));
#11119=CARTESIAN_POINT('Ctrl Pts',(87.4999999999998,303.,0.));
#11120=CARTESIAN_POINT('Ctrl Pts',(84.5468059179738,303.,0.));
#11121=CARTESIAN_POINT('Ctrl Pts',(78.6570224453399,302.997484356507,0.));
#11122=CARTESIAN_POINT('Ctrl Pts',(69.7963781255194,302.438564279109,0.));
#11123=CARTESIAN_POINT('Ctrl Pts',(61.0437725772984,300.889828416844,0.));
#11124=CARTESIAN_POINT('Ctrl Pts',(49.7719642420661,297.253644069974,0.));
#11125=CARTESIAN_POINT('Ctrl Pts',(36.9129410090995,289.701287344587,0.));
#11126=CARTESIAN_POINT('Ctrl Pts',(24.3026697732959,277.078131927285,0.));
#11127=CARTESIAN_POINT('Ctrl Pts',(15.2124083593289,261.661634799594,0.));
#11128=CARTESIAN_POINT('Ctrl Pts',(11.0361160198575,244.249167735186,0.));
#11129=CARTESIAN_POINT('Ctrl Pts',(11.0000000000002,232.406388164052,0.));
#11130=CARTESIAN_POINT('Ctrl Pts',(11.0000000000003,226.5,0.));
#11131=CARTESIAN_POINT('Origin',(10.9999999999998,231.,2.));
#11132=CARTESIAN_POINT('',(10.9999999999998,231.,0.));
#11133=CARTESIAN_POINT('',(8.99999999999984,231.,2.));
#11134=CARTESIAN_POINT('Origin',(462.,305.,18.));
#11135=CARTESIAN_POINT('',(87.4999999999998,305.,16.));
#11136=CARTESIAN_POINT('',(87.4999999999998,305.,18.));
#11137=CARTESIAN_POINT('',(383.5,305.,16.));
#11138=CARTESIAN_POINT('',(348.75,305.,16.));
#11139=CARTESIAN_POINT('',(383.5,305.,18.));
#11140=CARTESIAN_POINT('Ctrl Pts',(87.4999999999999,305.,16.));
#11141=CARTESIAN_POINT('Ctrl Pts',(87.4999999999999,305.,11.3333333333333));
#11142=CARTESIAN_POINT('Ctrl Pts',(87.4999999999999,305.,6.66666666666667));
#11143=CARTESIAN_POINT('Ctrl Pts',(87.4999999999999,305.,2.));
#11144=CARTESIAN_POINT('Ctrl Pts',(81.6282137307903,305.,16.));
#11145=CARTESIAN_POINT('Ctrl Pts',(81.6282137307903,305.,11.3333333333333));
#11146=CARTESIAN_POINT('Ctrl Pts',(81.6282137307903,305.,6.66666666666667));
#11147=CARTESIAN_POINT('Ctrl Pts',(81.6282137307903,305.,2.));
#11148=CARTESIAN_POINT('Ctrl Pts',(70.00963822965,304.943069869072,16.));
#11149=CARTESIAN_POINT('Ctrl Pts',(70.00963822965,304.943069869072,11.3333333333333));
#11150=CARTESIAN_POINT('Ctrl Pts',(70.00963822965,304.943069869072,6.66666666666665));
#11151=CARTESIAN_POINT('Ctrl Pts',(70.00963822965,304.943069869072,2.));
#11152=CARTESIAN_POINT('Ctrl Pts',(52.7092104300036,301.074539877942,16.));
#11153=CARTESIAN_POINT('Ctrl Pts',(52.7092104300036,301.074539877942,11.3333333333333));
#11154=CARTESIAN_POINT('Ctrl Pts',(52.7092104300036,301.074539877942,6.66666666666668));
#11155=CARTESIAN_POINT('Ctrl Pts',(52.7092104300036,301.074539877942,2.));
#11156=CARTESIAN_POINT('Ctrl Pts',(36.206945386235,291.845789049898,16.));
#11157=CARTESIAN_POINT('Ctrl Pts',(36.206945386235,291.845789049898,11.3333333333333));
#11158=CARTESIAN_POINT('Ctrl Pts',(36.206945386235,291.845789049898,6.66666666666665));
#11159=CARTESIAN_POINT('Ctrl Pts',(36.206945386235,291.845789049898,2.));
#11160=CARTESIAN_POINT('Ctrl Pts',(22.1497301721016,277.791946816635,16.));
#11161=CARTESIAN_POINT('Ctrl Pts',(22.1497301721016,277.791946816635,11.3333333333333));
#11162=CARTESIAN_POINT('Ctrl Pts',(22.1497301721016,277.791946816635,6.66666666666668));
#11163=CARTESIAN_POINT('Ctrl Pts',(22.1497301721016,277.791946816635,2.));
#11164=CARTESIAN_POINT('Ctrl Pts',(12.9305955649944,261.292728375141,16.));
#11165=CARTESIAN_POINT('Ctrl Pts',(12.9305955649944,261.292728375141,11.3333333333333));
#11166=CARTESIAN_POINT('Ctrl Pts',(12.9305955649944,261.292728375141,6.66666666666667));
#11167=CARTESIAN_POINT('Ctrl Pts',(12.9305955649944,261.292728375141,2.));
#11168=CARTESIAN_POINT('Ctrl Pts',(9.05387519292555,243.98938175982,16.));
#11169=CARTESIAN_POINT('Ctrl Pts',(9.05387519292555,243.98938175982,11.3333333333333));
#11170=CARTESIAN_POINT('Ctrl Pts',(9.05387519292555,243.98938175982,6.66666666666666));
#11171=CARTESIAN_POINT('Ctrl Pts',(9.05387519292555,243.98938175982,2.));
#11172=CARTESIAN_POINT('Ctrl Pts',(9.00000000000021,232.371786269209,16.));
#11173=CARTESIAN_POINT('Ctrl Pts',(9.00000000000021,232.371786269209,11.3333333333333));
#11174=CARTESIAN_POINT('Ctrl Pts',(9.00000000000021,232.371786269209,6.66666666666667));
#11175=CARTESIAN_POINT('Ctrl Pts',(9.00000000000021,232.371786269209,2.));
#11176=CARTESIAN_POINT('Ctrl Pts',(9.00000000000026,226.5,16.));
#11177=CARTESIAN_POINT('Ctrl Pts',(9.00000000000026,226.5,11.3333333333333));
#11178=CARTESIAN_POINT('Ctrl Pts',(9.00000000000026,226.5,6.66666666666667));
#11179=CARTESIAN_POINT('Ctrl Pts',(9.00000000000026,226.5,2.));
#11180=CARTESIAN_POINT('',(8.99999999999984,226.5,16.));
#11181=CARTESIAN_POINT('',(8.99999999999984,226.5,18.));
#11182=CARTESIAN_POINT('Ctrl Pts',(87.4999999999998,305.,16.));
#11183=CARTESIAN_POINT('Ctrl Pts',(81.5936118359479,305.,16.));
#11184=CARTESIAN_POINT('Ctrl Pts',(69.5635770574788,304.974496169771,16.));
#11185=CARTESIAN_POINT('Ctrl Pts',(51.5685500873601,300.669566841247,16.));
#11186=CARTESIAN_POINT('Ctrl Pts',(35.6739821980844,291.285351712073,16.));
#11187=CARTESIAN_POINT('Ctrl Pts',(22.7098267705379,278.336638947226,16.));
#11188=CARTESIAN_POINT('Ctrl Pts',(14.9161807310721,265.075925027251,16.));
#11189=CARTESIAN_POINT('Ctrl Pts',(11.1616904589006,253.434960464175,16.));
#11190=CARTESIAN_POINT('Ctrl Pts',(9.56984304102265,244.428813396574,16.));
#11191=CARTESIAN_POINT('Ctrl Pts',(9.00184672646361,235.387512100608,16.));
#11192=CARTESIAN_POINT('Ctrl Pts',(9.00000000000024,229.453194082026,16.));
#11193=CARTESIAN_POINT('Ctrl Pts',(9.00000000000026,226.5,16.));
#11194=CARTESIAN_POINT('Origin',(8.99999999999977,305.,18.));
#11195=CARTESIAN_POINT('',(8.99999999999998,87.4999999999999,16.));
#11196=CARTESIAN_POINT('',(8.99999999999998,87.4999999999999,18.));
#11197=CARTESIAN_POINT('',(8.99999999999984,231.,16.));
#11198=CARTESIAN_POINT('Ctrl Pts',(8.99999999999998,87.4999999999999,16.));
#11199=CARTESIAN_POINT('Ctrl Pts',(8.99999999999998,87.4999999999999,11.3333333333333));
#11200=CARTESIAN_POINT('Ctrl Pts',(8.99999999999998,87.4999999999999,6.66666666666667));
#11201=CARTESIAN_POINT('Ctrl Pts',(8.99999999999998,87.4999999999999,2.));
#11202=CARTESIAN_POINT('Ctrl Pts',(8.99999999999998,81.6282137307904,16.));
#11203=CARTESIAN_POINT('Ctrl Pts',(8.99999999999998,81.6282137307904,11.3333333333333));
#11204=CARTESIAN_POINT('Ctrl Pts',(8.99999999999998,81.6282137307904,6.66666666666667));
#11205=CARTESIAN_POINT('Ctrl Pts',(8.99999999999998,81.6282137307904,2.));
#11206=CARTESIAN_POINT('Ctrl Pts',(9.05590248616847,70.0101482034542,16.));
#11207=CARTESIAN_POINT('Ctrl Pts',(9.05590248616847,70.0101482034542,11.3333333333333));
#11208=CARTESIAN_POINT('Ctrl Pts',(9.05590248616847,70.0101482034542,6.66666666666667));
#11209=CARTESIAN_POINT('Ctrl Pts',(9.05590248616847,70.0101482034542,2.));
#11210=CARTESIAN_POINT('Ctrl Pts',(12.924905040035,52.7094192051905,16.));
#11211=CARTESIAN_POINT('Ctrl Pts',(12.924905040035,52.7094192051905,11.3333333333333));
#11212=CARTESIAN_POINT('Ctrl Pts',(12.924905040035,52.7094192051905,6.66666666666667));
#11213=CARTESIAN_POINT('Ctrl Pts',(12.924905040035,52.7094192051905,2.));
#11214=CARTESIAN_POINT('Ctrl Pts',(22.1523239526583,36.2078976024672,16.));
#11215=CARTESIAN_POINT('Ctrl Pts',(22.1523239526583,36.2078976024672,11.3333333333333));
#11216=CARTESIAN_POINT('Ctrl Pts',(22.1523239526583,36.2078976024672,6.66666666666667));
#11217=CARTESIAN_POINT('Ctrl Pts',(22.1523239526583,36.2078976024672,2.));
#11218=CARTESIAN_POINT('Ctrl Pts',(36.2092710674401,22.148504043378,16.));
#11219=CARTESIAN_POINT('Ctrl Pts',(36.2092710674401,22.148504043378,11.3333333333333));
#11220=CARTESIAN_POINT('Ctrl Pts',(36.2092710674401,22.148504043378,6.66666666666666));
#11221=CARTESIAN_POINT('Ctrl Pts',(36.2092710674401,22.148504043378,2.));
#11222=CARTESIAN_POINT('Ctrl Pts',(52.707919046425,12.9288741417582,16.));
#11223=CARTESIAN_POINT('Ctrl Pts',(52.707919046425,12.9288741417582,11.3333333333333));
#11224=CARTESIAN_POINT('Ctrl Pts',(52.707919046425,12.9288741417582,6.66666666666668));
#11225=CARTESIAN_POINT('Ctrl Pts',(52.707919046425,12.9288741417582,2.));
#11226=CARTESIAN_POINT('Ctrl Pts',(70.0105973852065,9.05448694170887,16.));
#11227=CARTESIAN_POINT('Ctrl Pts',(70.0105973852065,9.05448694170887,11.3333333333333));
#11228=CARTESIAN_POINT('Ctrl Pts',(70.0105973852065,9.05448694170887,6.66666666666665));
#11229=CARTESIAN_POINT('Ctrl Pts',(70.0105973852065,9.05448694170887,2.));
#11230=CARTESIAN_POINT('Ctrl Pts',(81.6282137307906,8.99999999999972,16.));
#11231=CARTESIAN_POINT('Ctrl Pts',(81.6282137307906,8.99999999999972,11.3333333333333));
#11232=CARTESIAN_POINT('Ctrl Pts',(81.6282137307906,8.99999999999972,6.66666666666668));
#11233=CARTESIAN_POINT('Ctrl Pts',(81.6282137307906,8.99999999999972,2.));
#11234=CARTESIAN_POINT('Ctrl Pts',(87.5000000000001,8.99999999999969,16.));
#11235=CARTESIAN_POINT('Ctrl Pts',(87.5000000000001,8.99999999999969,11.3333333333333));
#11236=CARTESIAN_POINT('Ctrl Pts',(87.5000000000001,8.99999999999969,6.66666666666667));
#11237=CARTESIAN_POINT('Ctrl Pts',(87.5000000000001,8.99999999999969,2.));
#11238=CARTESIAN_POINT('',(87.5,8.99999999999992,16.));
#11239=CARTESIAN_POINT('',(87.5,8.99999999999992,18.));
#11240=CARTESIAN_POINT('Ctrl Pts',(8.99999999999998,87.4999999999999,16.));
#11241=CARTESIAN_POINT('Ctrl Pts',(8.99999999999998,84.5468059179739,16.));
#11242=CARTESIAN_POINT('Ctrl Pts',(9.00183378259243,78.600486073416,16.));
#11243=CARTESIAN_POINT('Ctrl Pts',(9.57137383126948,69.5624931585148,16.));
#11244=CARTESIAN_POINT('Ctrl Pts',(11.1600126654732,60.5718687978297,16.));
#11245=CARTESIAN_POINT('Ctrl Pts',(14.9150774491916,48.9190134308736,16.));
#11246=CARTESIAN_POINT('Ctrl Pts',(22.705640451851,35.6714236650237,16.));
#11247=CARTESIAN_POINT('Ctrl Pts',(35.6693092324285,22.7177194712706,16.));
#11248=CARTESIAN_POINT('Ctrl Pts',(51.5729487284433,13.3406218666589,16.));
#11249=CARTESIAN_POINT('Ctrl Pts',(66.5594468793882,9.73659994819065,16.));
#11250=CARTESIAN_POINT('Ctrl Pts',(78.6118327115434,9.00983752949849,16.));
#11251=CARTESIAN_POINT('Ctrl Pts',(84.546805917974,8.99999999999969,16.));
#11252=CARTESIAN_POINT('Ctrl Pts',(87.5,8.99999999999967,16.));
#11253=CARTESIAN_POINT('Origin',(235.5,157.,0.));
#11254=CARTESIAN_POINT('',(293.25,157.,0.));
#11255=CARTESIAN_POINT('Origin',(314.,157.,0.));
#11256=CARTESIAN_POINT('',(136.25,157.,0.));
#11257=CARTESIAN_POINT('Origin',(157.,157.,0.));
#11258=CARTESIAN_POINT('Ctrl Pts',(460.,87.5,18.));
#11259=CARTESIAN_POINT('Ctrl Pts',(460.,84.546805917974,18.));
#11260=CARTESIAN_POINT('Ctrl Pts',(459.997663644129,78.6571777355784,18.));
#11261=CARTESIAN_POINT('Ctrl Pts',(459.438289561399,69.7961240448144,18.));
#11262=CARTESIAN_POINT('Ctrl Pts',(457.890410479081,61.0443182507511,18.));
#11263=CARTESIAN_POINT('Ctrl Pts',(454.252686533686,49.7701790734108,18.));
#11264=CARTESIAN_POINT('Ctrl Pts',(446.705064286131,36.9182611990014,18.));
#11265=CARTESIAN_POINT('Ctrl Pts',(435.124796419161,25.3460837908876,18.));
#11266=CARTESIAN_POINT('Ctrl Pts',(425.092234200141,19.0094320898056,18.));
#11267=CARTESIAN_POINT('Ctrl Pts',(414.299832647384,14.1637040636285,18.));
#11268=CARTESIAN_POINT('Ctrl Pts',(401.254735810521,11.0402838398944,18.));
#11269=CARTESIAN_POINT('Ctrl Pts',(389.406388164052,11.,18.));
#11270=CARTESIAN_POINT('Ctrl Pts',(383.5,11.,18.));
#11271=CARTESIAN_POINT('Ctrl Pts',(460.598398600683,87.5,18.));
#11272=CARTESIAN_POINT('Ctrl Pts',(460.598398600683,84.546805917974,18.));
#11273=CARTESIAN_POINT('Ctrl Pts',(460.596280454828,78.6439428799533,18.));
#11274=CARTESIAN_POINT('Ctrl Pts',(460.034206775096,69.7288433893245,18.));
#11275=CARTESIAN_POINT('Ctrl Pts',(458.473445963767,60.9011031177127,18.));
#11276=CARTESIAN_POINT('Ctrl Pts',(454.800237315868,49.5162519703435,18.));
#11277=CARTESIAN_POINT('Ctrl Pts',(447.180614176921,36.5446818652078,18.));
#11278=CARTESIAN_POINT('Ctrl Pts',(435.506640300016,24.8790017036511,18.));
#11279=CARTESIAN_POINT('Ctrl Pts',(425.382360620944,18.4835364778825,18.));
#11280=CARTESIAN_POINT('Ctrl Pts',(414.486168071953,13.5905206381954,18.));
#11281=CARTESIAN_POINT('Ctrl Pts',(401.3108233417,10.4390388151563,18.));
#11282=CARTESIAN_POINT('Ctrl Pts',(389.406388164052,10.4016013993162,18.));
#11283=CARTESIAN_POINT('Ctrl Pts',(383.5,10.4016013993162,18.));
#11284=CARTESIAN_POINT('Ctrl Pts',(461.634285104208,87.5,17.4977442003263));
#11285=CARTESIAN_POINT('Ctrl Pts',(461.634285104208,84.546805917974,17.4977442003263));
#11286=CARTESIAN_POINT('Ctrl Pts',(461.632499340003,78.6207789569581,17.4977442003264));
#11287=CARTESIAN_POINT('Ctrl Pts',(461.06566633658,69.6120144561317,17.4977442003263));
#11288=CARTESIAN_POINT('Ctrl Pts',(459.482633333838,60.6532219200424,17.4977442003263));
#11289=CARTESIAN_POINT('Ctrl Pts',(455.748119127598,49.0770192900908,17.4977442003263));
#11290=CARTESIAN_POINT('Ctrl Pts',(448.003753613788,35.8981550726442,17.4977442003263));
#11291=CARTESIAN_POINT('Ctrl Pts',(436.167310879127,24.070304849992,17.4977442003264));
#11292=CARTESIAN_POINT('Ctrl Pts',(425.884678174843,17.5733565385712,17.4977442003263));
#11293=CARTESIAN_POINT('Ctrl Pts',(414.80872583599,12.5984586673395,17.4977442003263));
#11294=CARTESIAN_POINT('Ctrl Pts',(401.408454086038,9.3983655960848,17.4977442003263));
#11295=CARTESIAN_POINT('Ctrl Pts',(389.406388164052,9.36571489579151,17.4977442003263));
#11296=CARTESIAN_POINT('Ctrl Pts',(383.5,9.36571489579151,17.4977442003263));
#11297=CARTESIAN_POINT('Ctrl Pts',(462.,87.5,16.4487989505128));
#11298=CARTESIAN_POINT('Ctrl Pts',(462.,84.546805917974,16.4487989505128));
#11299=CARTESIAN_POINT('Ctrl Pts',(461.998351766204,78.6127136623577,16.4487989505128));
#11300=CARTESIAN_POINT('Ctrl Pts',(461.4298767991,69.5709285320608,16.4487989505128));
#11301=CARTESIAN_POINT('Ctrl Pts',(459.838968536881,60.5656916199096,16.4487989505128));
#11302=CARTESIAN_POINT('Ctrl Pts',(456.082756432555,48.9217989638376,16.4487989505128));
#11303=CARTESIAN_POINT('Ctrl Pts',(448.294396499419,35.6698236806711,16.4487989505128));
#11304=CARTESIAN_POINT('Ctrl Pts',(436.400708178846,23.7848569713456,16.4487989505128));
#11305=CARTESIAN_POINT('Ctrl Pts',(426.061983291954,17.2519341877007,16.4487989505128));
#11306=CARTESIAN_POINT('Ctrl Pts',(414.922606499797,12.2481381264415,16.4487989505128));
#11307=CARTESIAN_POINT('Ctrl Pts',(401.44268288275,9.03089815452273,16.4487989505128));
#11308=CARTESIAN_POINT('Ctrl Pts',(389.406388164052,8.99999999999998,16.4487989505128));
#11309=CARTESIAN_POINT('Ctrl Pts',(383.5,8.99999999999998,16.4487989505128));
#11310=CARTESIAN_POINT('Ctrl Pts',(462.,87.5,16.));
#11311=CARTESIAN_POINT('Ctrl Pts',(462.,84.546805917974,16.));
#11312=CARTESIAN_POINT('Ctrl Pts',(461.998343205233,78.6126658963248,16.));
#11313=CARTESIAN_POINT('Ctrl Pts',(461.429851996647,69.5708606768387,16.));
#11314=CARTESIAN_POINT('Ctrl Pts',(459.838948894536,60.5656988302228,16.));
#11315=CARTESIAN_POINT('Ctrl Pts',(456.082759802335,48.9218631260146,16.));
#11316=CARTESIAN_POINT('Ctrl Pts',(448.294380658515,35.6698568161214,16.));
#11317=CARTESIAN_POINT('Ctrl Pts',(436.400644289522,23.784832044387,16.));
#11318=CARTESIAN_POINT('Ctrl Pts',(426.061998455179,17.2519713294535,16.));
#11319=CARTESIAN_POINT('Ctrl Pts',(414.922605163553,12.2481710781459,16.));
#11320=CARTESIAN_POINT('Ctrl Pts',(401.442784370213,9.03092471298506,16.));
#11321=CARTESIAN_POINT('Ctrl Pts',(389.406388164052,8.99999999999998,16.));
#11322=CARTESIAN_POINT('Ctrl Pts',(383.5,8.99999999999998,16.));
#11323=CARTESIAN_POINT('',(383.5,11.,18.));
#11324=CARTESIAN_POINT('',(383.5,8.99999999999998,16.));
#11325=CARTESIAN_POINT('Origin',(383.5,11.,16.));
#11326=CARTESIAN_POINT('',(462.,87.5000000000001,16.));
#11327=CARTESIAN_POINT('Ctrl Pts',(383.5,8.99999999999998,16.));
#11328=CARTESIAN_POINT('Ctrl Pts',(389.406388164052,8.99999999999998,16.));
#11329=CARTESIAN_POINT('Ctrl Pts',(401.442784370213,9.03092471298506,16.));
#11330=CARTESIAN_POINT('Ctrl Pts',(414.922605163553,12.2481710781459,16.));
#11331=CARTESIAN_POINT('Ctrl Pts',(426.061998455179,17.2519713294535,16.));
#11332=CARTESIAN_POINT('Ctrl Pts',(436.400644289522,23.784832044387,16.));
#11333=CARTESIAN_POINT('Ctrl Pts',(448.294380658515,35.6698568161214,16.));
#11334=CARTESIAN_POINT('Ctrl Pts',(456.082759802335,48.9218631260146,16.));
#11335=CARTESIAN_POINT('Ctrl Pts',(459.838948894536,60.5656988302228,16.));
#11336=CARTESIAN_POINT('Ctrl Pts',(461.429851996647,69.5708606768387,16.));
#11337=CARTESIAN_POINT('Ctrl Pts',(461.998343205233,78.6126658963248,16.));
#11338=CARTESIAN_POINT('Ctrl Pts',(462.,84.546805917974,16.));
#11339=CARTESIAN_POINT('Ctrl Pts',(462.,87.5,16.));
#11340=CARTESIAN_POINT('',(460.,87.5,18.));
#11341=CARTESIAN_POINT('Origin',(460.,87.5,16.));
#11342=CARTESIAN_POINT('Ctrl Pts',(460.,87.5,18.));
#11343=CARTESIAN_POINT('Ctrl Pts',(460.,84.546805917974,18.));
#11344=CARTESIAN_POINT('Ctrl Pts',(459.997663644129,78.6571777355784,18.));
#11345=CARTESIAN_POINT('Ctrl Pts',(459.438289561399,69.7961240448144,18.));
#11346=CARTESIAN_POINT('Ctrl Pts',(457.890410479081,61.0443182507511,18.));
#11347=CARTESIAN_POINT('Ctrl Pts',(454.252686533686,49.7701790734108,18.));
#11348=CARTESIAN_POINT('Ctrl Pts',(446.705064286131,36.9182611990014,18.));
#11349=CARTESIAN_POINT('Ctrl Pts',(435.124796419161,25.3460837908876,18.));
#11350=CARTESIAN_POINT('Ctrl Pts',(425.092234200141,19.0094320898056,18.));
#11351=CARTESIAN_POINT('Ctrl Pts',(414.299832647384,14.1637040636285,18.));
#11352=CARTESIAN_POINT('Ctrl Pts',(401.254735810521,11.0402838398944,18.));
#11353=CARTESIAN_POINT('Ctrl Pts',(389.406388164052,11.,18.));
#11354=CARTESIAN_POINT('Ctrl Pts',(383.5,11.,18.));
#11355=CARTESIAN_POINT('Origin',(122.25,10.9999999999999,16.));
#11356=CARTESIAN_POINT('',(87.5,10.9999999999999,18.));
#11357=CARTESIAN_POINT('Origin',(87.5,10.9999999999999,16.));
#11358=CARTESIAN_POINT('',(122.25,8.99999999999993,16.));
#11359=CARTESIAN_POINT('',(122.25,10.9999999999999,18.));
#11360=CARTESIAN_POINT('Ctrl Pts',(87.5,10.9999999999997,18.));
#11361=CARTESIAN_POINT('Ctrl Pts',(84.546805917974,10.9999999999997,18.));
#11362=CARTESIAN_POINT('Ctrl Pts',(78.6563916397827,11.0096184573012,18.));
#11363=CARTESIAN_POINT('Ctrl Pts',(66.8448390250265,11.7276084241843,18.));
#11364=CARTESIAN_POINT('Ctrl Pts',(52.3412223199158,15.2209603215211,18.));
#11365=CARTESIAN_POINT('Ctrl Pts',(36.9179175830313,24.3055512455458,18.));
#11366=CARTESIAN_POINT('Ctrl Pts',(24.294789129792,36.9200878914186,18.));
#11367=CARTESIAN_POINT('Ctrl Pts',(16.7453574393525,49.7675645910118,18.));
#11368=CARTESIAN_POINT('Ctrl Pts',(13.1085274923031,61.0503406892876,18.));
#11369=CARTESIAN_POINT('Ctrl Pts',(11.5629243763302,69.7880520126484,18.));
#11370=CARTESIAN_POINT('Ctrl Pts',(11.002487713021,78.645117043793,18.));
#11371=CARTESIAN_POINT('Ctrl Pts',(11.,84.5468059179739,18.));
#11372=CARTESIAN_POINT('Ctrl Pts',(11.,87.4999999999999,18.));
#11373=CARTESIAN_POINT('Ctrl Pts',(87.5,10.4016013993159,18.));
#11374=CARTESIAN_POINT('Ctrl Pts',(84.546805917974,10.4016013993159,18.));
#11375=CARTESIAN_POINT('Ctrl Pts',(78.6430909523465,10.4112915819727,18.));
#11376=CARTESIAN_POINT('Ctrl Pts',(66.7594874657158,11.1318532069049,18.));
#11377=CARTESIAN_POINT('Ctrl Pts',(52.1113417124953,14.6583783448925,18.));
#11378=CARTESIAN_POINT('Ctrl Pts',(36.5442927327282,23.8304365914714,18.));
#11379=CARTESIAN_POINT('Ctrl Pts',(23.8193407242037,36.5464850062041,18.));
#11380=CARTESIAN_POINT('Ctrl Pts',(16.1976978803006,49.5136528206273,18.));
#11381=CARTESIAN_POINT('Ctrl Pts',(12.5255407637379,60.9071349964885,18.));
#11382=CARTESIAN_POINT('Ctrl Pts',(10.9670190852883,69.7206597239719,18.));
#11383=CARTESIAN_POINT('Ctrl Pts',(10.4038954726342,78.631796178256,18.));
#11384=CARTESIAN_POINT('Ctrl Pts',(10.4016013993162,84.5468059179739,18.));
#11385=CARTESIAN_POINT('Ctrl Pts',(10.4016013993162,87.4999999999999,18.));
#11386=CARTESIAN_POINT('Ctrl Pts',(87.5,9.36555697321702,17.4979337834038));
#11387=CARTESIAN_POINT('Ctrl Pts',(84.546805917974,9.36555697321703,17.4979337834038));
#11388=CARTESIAN_POINT('Ctrl Pts',(78.619965373172,9.37535214197726,17.4979337834039));
#11389=CARTESIAN_POINT('Ctrl Pts',(66.6115963232537,10.1005310564432,17.4979337834038));
#11390=CARTESIAN_POINT('Ctrl Pts',(51.7133777493703,13.6843020394275,17.4979337834039));
#11391=CARTESIAN_POINT('Ctrl Pts',(35.8975437795142,23.0079546579243,17.4979337834039));
#11392=CARTESIAN_POINT('Ctrl Pts',(22.996093722315,35.8996539070208,17.4979337834039));
#11393=CARTESIAN_POINT('Ctrl Pts',(15.249628668378,49.0741200319998,17.4979337834038));
#11394=CARTESIAN_POINT('Ctrl Pts',(11.5161564252267,60.6593408945895,17.4979337834039));
#11395=CARTESIAN_POINT('Ctrl Pts',(9.93539947203714,69.6036848995495,17.4979337834038));
#11396=CARTESIAN_POINT('Ctrl Pts',(9.3675095236738,78.6086313860554,17.4979337834039));
#11397=CARTESIAN_POINT('Ctrl Pts',(9.36555697321733,84.5468059179739,17.4979337834039));
#11398=CARTESIAN_POINT('Ctrl Pts',(9.36555697321732,87.4999999999999,17.4979337834039));
#11399=CARTESIAN_POINT('Ctrl Pts',(87.5,8.99999999999967,16.4487989505128));
#11400=CARTESIAN_POINT('Ctrl Pts',(84.546805917974,8.99999999999969,16.4487989505128));
#11401=CARTESIAN_POINT('Ctrl Pts',(78.6118507197862,9.00984108316206,16.4487989505128));
#11402=CARTESIAN_POINT('Ctrl Pts',(66.5594684868221,9.73657299033993,16.4487989505128));
#11403=CARTESIAN_POINT('Ctrl Pts',(51.5729408572749,13.3406299029363,16.4487989505128));
#11404=CARTESIAN_POINT('Ctrl Pts',(35.6692850172095,22.7176984808353,16.4487989505128));
#11405=CARTESIAN_POINT('Ctrl Pts',(22.7056541204746,35.6714216968174,16.4487989505128));
#11406=CARTESIAN_POINT('Ctrl Pts',(14.9150538314169,48.9189985602848,16.4487989505128));
#11407=CARTESIAN_POINT('Ctrl Pts',(11.1600170042885,60.5718416310105,16.4487989505128));
#11408=CARTESIAN_POINT('Ctrl Pts',(9.57135383967663,69.5625476574299,16.4487989505128));
#11409=CARTESIAN_POINT('Ctrl Pts',(9.00183494191193,78.6005048735022,16.4487989505128));
#11410=CARTESIAN_POINT('Ctrl Pts',(8.99999999999998,84.5468059179739,16.4487989505128));
#11411=CARTESIAN_POINT('Ctrl Pts',(8.99999999999998,87.4999999999999,16.4487989505128));
#11412=CARTESIAN_POINT('Ctrl Pts',(87.5,8.99999999999967,16.));
#11413=CARTESIAN_POINT('Ctrl Pts',(84.546805917974,8.99999999999969,16.));
#11414=CARTESIAN_POINT('Ctrl Pts',(78.6118327115434,9.00983752949849,16.));
#11415=CARTESIAN_POINT('Ctrl Pts',(66.5594468793882,9.73659994819065,16.));
#11416=CARTESIAN_POINT('Ctrl Pts',(51.5729487284433,13.3406218666589,16.));
#11417=CARTESIAN_POINT('Ctrl Pts',(35.6693092324285,22.7177194712706,16.));
#11418=CARTESIAN_POINT('Ctrl Pts',(22.705640451851,35.6714236650237,16.));
#11419=CARTESIAN_POINT('Ctrl Pts',(14.9150774491916,48.9190134308736,16.));
#11420=CARTESIAN_POINT('Ctrl Pts',(11.1600126654732,60.5718687978297,16.));
#11421=CARTESIAN_POINT('Ctrl Pts',(9.57137383126948,69.5624931585148,16.));
#11422=CARTESIAN_POINT('Ctrl Pts',(9.00183378259243,78.600486073416,16.));
#11423=CARTESIAN_POINT('Ctrl Pts',(8.99999999999998,84.5468059179739,16.));
#11424=CARTESIAN_POINT('Ctrl Pts',(8.99999999999998,87.4999999999999,16.));
#11425=CARTESIAN_POINT('',(11.,87.4999999999999,18.));
#11426=CARTESIAN_POINT('Origin',(11.,87.4999999999999,16.));
#11427=CARTESIAN_POINT('Ctrl Pts',(87.5,10.9999999999997,18.));
#11428=CARTESIAN_POINT('Ctrl Pts',(84.546805917974,10.9999999999997,18.));
#11429=CARTESIAN_POINT('Ctrl Pts',(78.6563916397827,11.0096184573012,18.));
#11430=CARTESIAN_POINT('Ctrl Pts',(66.8448390250265,11.7276084241843,18.));
#11431=CARTESIAN_POINT('Ctrl Pts',(52.3412223199158,15.2209603215211,18.));
#11432=CARTESIAN_POINT('Ctrl Pts',(36.9179175830313,24.3055512455458,18.));
#11433=CARTESIAN_POINT('Ctrl Pts',(24.294789129792,36.9200878914186,18.));
#11434=CARTESIAN_POINT('Ctrl Pts',(16.7453574393525,49.7675645910118,18.));
#11435=CARTESIAN_POINT('Ctrl Pts',(13.1085274923031,61.0503406892876,18.));
#11436=CARTESIAN_POINT('Ctrl Pts',(11.5629243763302,69.7880520126484,18.));
#11437=CARTESIAN_POINT('Ctrl Pts',(11.002487713021,78.645117043793,18.));
#11438=CARTESIAN_POINT('Ctrl Pts',(11.,84.5468059179739,18.));
#11439=CARTESIAN_POINT('Ctrl Pts',(11.,87.4999999999999,18.));
#11440=CARTESIAN_POINT('Origin',(10.9999999999998,231.,16.));
#11441=CARTESIAN_POINT('',(10.9999999999998,226.5,18.));
#11442=CARTESIAN_POINT('Origin',(10.9999999999998,226.5,16.));
#11443=CARTESIAN_POINT('',(10.9999999999998,231.,18.));
#11444=CARTESIAN_POINT('Ctrl Pts',(11.0000000000003,226.5,18.));
#11445=CARTESIAN_POINT('Ctrl Pts',(11.0000000000002,229.453194082026,18.));
#11446=CARTESIAN_POINT('Ctrl Pts',(11.0025148898306,235.342981531398,18.));
#11447=CARTESIAN_POINT('Ctrl Pts',(11.5614438750498,244.203617255811,18.));
#11448=CARTESIAN_POINT('Ctrl Pts',(13.1101751533873,252.956228690644,18.));
#11449=CARTESIAN_POINT('Ctrl Pts',(16.7463872281533,264.22801949602,18.));
#11450=CARTESIAN_POINT('Ctrl Pts',(24.2987104048626,277.087073064206,18.));
#11451=CARTESIAN_POINT('Ctrl Pts',(36.9218641884881,289.697368859426,18.));
#11452=CARTESIAN_POINT('Ctrl Pts',(52.3383663829534,298.787659415344,18.));
#11453=CARTESIAN_POINT('Ctrl Pts',(69.7507799469209,302.963832926231,18.));
#11454=CARTESIAN_POINT('Ctrl Pts',(81.5936118359479,303.,18.));
#11455=CARTESIAN_POINT('Ctrl Pts',(87.4999999999998,303.,18.));
#11456=CARTESIAN_POINT('Ctrl Pts',(10.4016013993165,226.5,18.));
#11457=CARTESIAN_POINT('Ctrl Pts',(10.4016013993165,229.453194082026,18.));
#11458=CARTESIAN_POINT('Ctrl Pts',(10.4038930019353,235.356204140132,18.));
#11459=CARTESIAN_POINT('Ctrl Pts',(10.9655067864906,244.270863739471,18.));
#11460=CARTESIAN_POINT('Ctrl Pts',(12.5271353445471,253.099472375505,18.));
#11461=CARTESIAN_POINT('Ctrl Pts',(16.19881370019,264.48186028645,18.));
#11462=CARTESIAN_POINT('Ctrl Pts',(23.8232056403466,277.460992517635,18.));
#11463=CARTESIAN_POINT('Ctrl Pts',(36.548493677159,290.172506512183,18.));
#11464=CARTESIAN_POINT('Ctrl Pts',(52.1079910553668,299.350840124209,18.));
#11465=CARTESIAN_POINT('Ctrl Pts',(69.6949374646353,303.565456882018,18.));
#11466=CARTESIAN_POINT('Ctrl Pts',(81.5936118359479,303.598398600684,18.));
#11467=CARTESIAN_POINT('Ctrl Pts',(87.4999999999998,303.598398600684,18.));
#11468=CARTESIAN_POINT('Ctrl Pts',(9.365698135643,226.5,17.4977643205695));
#11469=CARTESIAN_POINT('Ctrl Pts',(9.36569813564298,229.453194082026,17.4977643205695));
#11470=CARTESIAN_POINT('Ctrl Pts',(9.36767457200771,235.379402265523,17.4977643205695));
#11471=CARTESIAN_POINT('Ctrl Pts',(9.93402200755104,244.387679070706,17.4977643205695));
#11472=CARTESIAN_POINT('Ctrl Pts',(11.5179866594738,253.347422395873,17.4977643205695));
#11473=CARTESIAN_POINT('Ctrl Pts',(15.2508248743904,264.920838551911,17.4977643205695));
#11474=CARTESIAN_POINT('Ctrl Pts',(23.0003887425715,278.108140797994,17.4977643205695));
#11475=CARTESIAN_POINT('Ctrl Pts',(35.9021578990194,290.994985918456,17.4977643205695));
#11476=CARTESIAN_POINT('Ctrl Pts',(51.7093253802442,300.325424635747,17.4977643205695));
#11477=CARTESIAN_POINT('Ctrl Pts',(69.597752600116,304.606837009756,17.4977643205695));
#11478=CARTESIAN_POINT('Ctrl Pts',(81.5936118359479,304.634301864357,17.4977643205695));
#11479=CARTESIAN_POINT('Ctrl Pts',(87.4999999999998,304.634301864357,17.4977643205695));
#11480=CARTESIAN_POINT('Ctrl Pts',(9.00000000000026,226.5,16.4487989505128));
#11481=CARTESIAN_POINT('Ctrl Pts',(9.00000000000024,229.453194082026,16.4487989505128));
#11482=CARTESIAN_POINT('Ctrl Pts',(9.00183328431314,235.387454068363,16.4487989505128));
#11483=CARTESIAN_POINT('Ctrl Pts',(9.56981341571572,244.428737456752,16.4487989505128));
#11484=CARTESIAN_POINT('Ctrl Pts',(11.1616590857984,253.434964762066,16.4487989505128));
#11485=CARTESIAN_POINT('Ctrl Pts',(14.9161939444698,265.07601017149,16.4487989505128));
#11486=CARTESIAN_POINT('Ctrl Pts',(22.7097624199184,278.336667826639,16.4487989505128));
#11487=CARTESIAN_POINT('Ctrl Pts',(35.673979269114,291.285359932856,16.4487989505128));
#11488=CARTESIAN_POINT('Ctrl Pts',(51.5685231546613,300.669633165024,16.4487989505128));
#11489=CARTESIAN_POINT('Ctrl Pts',(69.5636739584114,304.974516252652,16.4487989505128));
#11490=CARTESIAN_POINT('Ctrl Pts',(81.5936118359479,305.,16.4487989505128));
#11491=CARTESIAN_POINT('Ctrl Pts',(87.4999999999998,305.,16.4487989505128));
#11492=CARTESIAN_POINT('Ctrl Pts',(9.00000000000026,226.5,16.));
#11493=CARTESIAN_POINT('Ctrl Pts',(9.00000000000024,229.453194082026,16.));
#11494=CARTESIAN_POINT('Ctrl Pts',(9.00184672646361,235.387512100608,16.));
#11495=CARTESIAN_POINT('Ctrl Pts',(9.56984304102265,244.428813396574,16.));
#11496=CARTESIAN_POINT('Ctrl Pts',(11.1616904589006,253.434960464175,16.));
#11497=CARTESIAN_POINT('Ctrl Pts',(14.9161807310721,265.075925027251,16.));
#11498=CARTESIAN_POINT('Ctrl Pts',(22.7098267705379,278.336638947226,16.));
#11499=CARTESIAN_POINT('Ctrl Pts',(35.6739821980844,291.285351712073,16.));
#11500=CARTESIAN_POINT('Ctrl Pts',(51.5685500873601,300.669566841247,16.));
#11501=CARTESIAN_POINT('Ctrl Pts',(69.5635770574788,304.974496169771,16.));
#11502=CARTESIAN_POINT('Ctrl Pts',(81.5936118359479,305.,16.));
#11503=CARTESIAN_POINT('Ctrl Pts',(87.4999999999998,305.,16.));
#11504=CARTESIAN_POINT('',(87.4999999999998,303.,18.));
#11505=CARTESIAN_POINT('Origin',(87.4999999999998,303.,16.));
#11506=CARTESIAN_POINT('Ctrl Pts',(11.0000000000003,226.5,18.));
#11507=CARTESIAN_POINT('Ctrl Pts',(11.0000000000002,229.453194082026,18.));
#11508=CARTESIAN_POINT('Ctrl Pts',(11.0025148898306,235.342981531398,18.));
#11509=CARTESIAN_POINT('Ctrl Pts',(11.5614438750498,244.203617255811,18.));
#11510=CARTESIAN_POINT('Ctrl Pts',(13.1101751533873,252.956228690644,18.));
#11511=CARTESIAN_POINT('Ctrl Pts',(16.7463872281533,264.22801949602,18.));
#11512=CARTESIAN_POINT('Ctrl Pts',(24.2987104048626,277.087073064206,18.));
#11513=CARTESIAN_POINT('Ctrl Pts',(36.9218641884881,289.697368859426,18.));
#11514=CARTESIAN_POINT('Ctrl Pts',(52.3383663829534,298.787659415344,18.));
#11515=CARTESIAN_POINT('Ctrl Pts',(69.7507799469209,302.963832926231,18.));
#11516=CARTESIAN_POINT('Ctrl Pts',(81.5936118359479,303.,18.));
#11517=CARTESIAN_POINT('Ctrl Pts',(87.4999999999998,303.,18.));
#11518=CARTESIAN_POINT('Origin',(348.75,303.,16.));
#11519=CARTESIAN_POINT('',(383.5,303.,18.));
#11520=CARTESIAN_POINT('Origin',(383.5,303.,16.));
#11521=CARTESIAN_POINT('',(348.75,303.,18.));
#11522=CARTESIAN_POINT('Ctrl Pts',(383.5,303.,18.));
#11523=CARTESIAN_POINT('Ctrl Pts',(386.453194082026,303.,18.));
#11524=CARTESIAN_POINT('Ctrl Pts',(392.343065541156,302.997689059986,18.));
#11525=CARTESIAN_POINT('Ctrl Pts',(401.204284080735,302.438891028979,18.));
#11526=CARTESIAN_POINT('Ctrl Pts',(409.956562604788,300.890707170968,18.));
#11527=CARTESIAN_POINT('Ctrl Pts',(421.231343362005,297.254796389963,18.));
#11528=CARTESIAN_POINT('Ctrl Pts',(434.082145504724,289.702698488314,18.));
#11529=CARTESIAN_POINT('Ctrl Pts',(446.704213370157,277.076653859204,18.));
#11530=CARTESIAN_POINT('Ctrl Pts',(454.252509897163,264.231647719612,18.));
#11531=CARTESIAN_POINT('Ctrl Pts',(457.891387761202,252.949313037486,18.));
#11532=CARTESIAN_POINT('Ctrl Pts',(459.436736797156,244.211651152051,18.));
#11533=CARTESIAN_POINT('Ctrl Pts',(459.997603384902,235.354978663476,18.));
#11534=CARTESIAN_POINT('Ctrl Pts',(460.,229.453194082026,18.));
#11535=CARTESIAN_POINT('Ctrl Pts',(460.,226.5,18.));
#11536=CARTESIAN_POINT('Ctrl Pts',(383.5,303.598398600684,18.));
#11537=CARTESIAN_POINT('Ctrl Pts',(386.453194082026,303.598398600684,18.));
#11538=CARTESIAN_POINT('Ctrl Pts',(392.356286791417,303.596315083144,18.));
#11539=CARTESIAN_POINT('Ctrl Pts',(401.271553667225,303.034863333993,18.));
#11540=CARTESIAN_POINT('Ctrl Pts',(410.09988068063,301.473740669123,18.));
#11541=CARTESIAN_POINT('Ctrl Pts',(421.485358617102,297.802492660092,18.));
#11542=CARTESIAN_POINT('Ctrl Pts',(434.455671183448,290.178228089225,18.));
#11543=CARTESIAN_POINT('Ctrl Pts',(447.179690374487,277.450314011022,18.));
#11544=CARTESIAN_POINT('Ctrl Pts',(454.800104927405,264.485592951231,18.));
#11545=CARTESIAN_POINT('Ctrl Pts',(458.474452705595,253.092464800697,18.));
#11546=CARTESIAN_POINT('Ctrl Pts',(460.032678180924,244.278964581443,18.));
#11547=CARTESIAN_POINT('Ctrl Pts',(460.59623776408,235.368217206679,18.));
#11548=CARTESIAN_POINT('Ctrl Pts',(460.598398600684,229.453194082026,18.));
#11549=CARTESIAN_POINT('Ctrl Pts',(460.598398600684,226.5,18.));
#11550=CARTESIAN_POINT('Ctrl Pts',(383.5,304.634274586788,17.4977315743615));
#11551=CARTESIAN_POINT('Ctrl Pts',(386.453194082026,304.634274586788,17.4977315743615));
#11552=CARTESIAN_POINT('Ctrl Pts',(392.379499780265,304.632511723278,17.4977315743615));
#11553=CARTESIAN_POINT('Ctrl Pts',(401.388470327818,304.066286703365,17.4977315743616));
#11554=CARTESIAN_POINT('Ctrl Pts',(410.347819079685,302.482896508331,17.4977315743616));
#11555=CARTESIAN_POINT('Ctrl Pts',(421.924792240347,298.750309013697,17.4977315743615));
#11556=CARTESIAN_POINT('Ctrl Pts',(435.102078239871,291.001340848747,17.4977315743615));
#11557=CARTESIAN_POINT('Ctrl Pts',(448.002369966843,278.096918598303,17.4977315743615));
#11558=CARTESIAN_POINT('Ctrl Pts',(455.748053421254,264.924644280639,17.4977315743616));
#11559=CARTESIAN_POINT('Ctrl Pts',(459.483561674126,253.340256962882,17.4977315743615));
#11560=CARTESIAN_POINT('Ctrl Pts',(461.064092988427,244.395925239111,17.4977315743615));
#11561=CARTESIAN_POINT('Ctrl Pts',(461.632422391531,235.391495179119,17.4977315743615));
#11562=CARTESIAN_POINT('Ctrl Pts',(461.634274586788,229.453194082026,17.4977315743615));
#11563=CARTESIAN_POINT('Ctrl Pts',(461.634274586788,226.5,17.4977315743615));
#11564=CARTESIAN_POINT('Ctrl Pts',(383.5,305.,16.4487989505128));
#11565=CARTESIAN_POINT('Ctrl Pts',(386.453194082026,305.,16.4487989505128));
#11566=CARTESIAN_POINT('Ctrl Pts',(392.387550679769,304.998382758774,16.4487989505128));
#11567=CARTESIAN_POINT('Ctrl Pts',(401.429541286199,304.430552143456,16.4487989505128));
#11568=CARTESIAN_POINT('Ctrl Pts',(410.435425520155,302.839242241227,16.4487989505128));
#11569=CARTESIAN_POINT('Ctrl Pts',(422.080065712304,299.085072804216,16.4487989505128));
#11570=CARTESIAN_POINT('Ctrl Pts',(435.330385039306,291.29197806794,16.4487989505128));
#11571=CARTESIAN_POINT('Ctrl Pts',(448.29300608752,278.325310783326,16.4487989505128));
#11572=CARTESIAN_POINT('Ctrl Pts',(456.082727440666,265.079898648803,16.4487989505128));
#11573=CARTESIAN_POINT('Ctrl Pts',(459.839935819677,253.427748901536,16.4487989505128));
#11574=CARTESIAN_POINT('Ctrl Pts',(461.428335449684,244.437025887894,16.4487989505128));
#11575=CARTESIAN_POINT('Ctrl Pts',(461.998300936842,235.399553467006,16.4487989505128));
#11576=CARTESIAN_POINT('Ctrl Pts',(462.,229.453194082026,16.4487989505128));
#11577=CARTESIAN_POINT('Ctrl Pts',(462.,226.5,16.4487989505128));
#11578=CARTESIAN_POINT('Ctrl Pts',(383.5,305.,16.));
#11579=CARTESIAN_POINT('Ctrl Pts',(386.453194082026,305.,16.));
#11580=CARTESIAN_POINT('Ctrl Pts',(392.387612274725,304.998368957521,16.));
#11581=CARTESIAN_POINT('Ctrl Pts',(401.429629652271,304.430504426693,16.));
#11582=CARTESIAN_POINT('Ctrl Pts',(410.435395910118,302.839219201184,16.));
#11583=CARTESIAN_POINT('Ctrl Pts',(422.08001144604,299.085018033751,16.));
#11584=CARTESIAN_POINT('Ctrl Pts',(435.330348026716,291.291965382026,16.));
#11585=CARTESIAN_POINT('Ctrl Pts',(448.292928750121,278.32526710886,16.));
#11586=CARTESIAN_POINT('Ctrl Pts',(456.082730759816,265.079795045644,16.));
#11587=CARTESIAN_POINT('Ctrl Pts',(459.839893635305,253.427746062255,16.));
#11588=CARTESIAN_POINT('Ctrl Pts',(461.428296230196,244.437108225975,16.));
#11589=CARTESIAN_POINT('Ctrl Pts',(461.998282132004,235.399621685148,16.));
#11590=CARTESIAN_POINT('Ctrl Pts',(462.,229.453194082026,16.));
#11591=CARTESIAN_POINT('Ctrl Pts',(462.,226.5,16.));
#11592=CARTESIAN_POINT('',(460.,226.5,18.));
#11593=CARTESIAN_POINT('',(462.,226.5,16.));
#11594=CARTESIAN_POINT('Origin',(460.,226.5,16.));
#11595=CARTESIAN_POINT('Ctrl Pts',(462.,226.5,16.));
#11596=CARTESIAN_POINT('Ctrl Pts',(462.,229.453194082026,16.));
#11597=CARTESIAN_POINT('Ctrl Pts',(461.998282132004,235.399621685148,16.));
#11598=CARTESIAN_POINT('Ctrl Pts',(461.428296230196,244.437108225975,16.));
#11599=CARTESIAN_POINT('Ctrl Pts',(459.839893635305,253.427746062255,16.));
#11600=CARTESIAN_POINT('Ctrl Pts',(456.082730759816,265.079795045644,16.));
#11601=CARTESIAN_POINT('Ctrl Pts',(448.292928750121,278.32526710886,16.));
#11602=CARTESIAN_POINT('Ctrl Pts',(435.330348026716,291.291965382026,16.));
#11603=CARTESIAN_POINT('Ctrl Pts',(422.08001144604,299.085018033751,16.));
#11604=CARTESIAN_POINT('Ctrl Pts',(410.435395910118,302.839219201184,16.));
#11605=CARTESIAN_POINT('Ctrl Pts',(401.429629652271,304.430504426693,16.));
#11606=CARTESIAN_POINT('Ctrl Pts',(392.387612274725,304.998368957521,16.));
#11607=CARTESIAN_POINT('Ctrl Pts',(386.453194082026,305.,16.));
#11608=CARTESIAN_POINT('Ctrl Pts',(383.5,305.,16.));
#11609=CARTESIAN_POINT('Ctrl Pts',(383.5,303.,18.));
#11610=CARTESIAN_POINT('Ctrl Pts',(386.453194082026,303.,18.));
#11611=CARTESIAN_POINT('Ctrl Pts',(392.343065541156,302.997689059986,18.));
#11612=CARTESIAN_POINT('Ctrl Pts',(401.204284080735,302.438891028979,18.));
#11613=CARTESIAN_POINT('Ctrl Pts',(409.956562604788,300.890707170968,18.));
#11614=CARTESIAN_POINT('Ctrl Pts',(421.231343362005,297.254796389963,18.));
#11615=CARTESIAN_POINT('Ctrl Pts',(434.082145504724,289.702698488314,18.));
#11616=CARTESIAN_POINT('Ctrl Pts',(446.704213370157,277.076653859204,18.));
#11617=CARTESIAN_POINT('Ctrl Pts',(454.252509897163,264.231647719612,18.));
#11618=CARTESIAN_POINT('Ctrl Pts',(457.891387761202,252.949313037486,18.));
#11619=CARTESIAN_POINT('Ctrl Pts',(459.436736797156,244.211651152051,18.));
#11620=CARTESIAN_POINT('Ctrl Pts',(459.997603384902,235.354978663476,18.));
#11621=CARTESIAN_POINT('Ctrl Pts',(460.,229.453194082026,18.));
#11622=CARTESIAN_POINT('Ctrl Pts',(460.,226.5,18.));
#11623=CARTESIAN_POINT('Origin',(460.,83.0000000000001,16.));
#11624=CARTESIAN_POINT('',(460.,83.0000000000001,18.));
#11625=CARTESIAN_POINT('',(462.,83.0000000000001,16.));
#11626=CARTESIAN_POINT('Ctrl Pts',(462.,226.5,16.));
#11627=CARTESIAN_POINT('Ctrl Pts',(462.,226.5,11.3333333333333));
#11628=CARTESIAN_POINT('Ctrl Pts',(462.,226.5,6.66666666666667));
#11629=CARTESIAN_POINT('Ctrl Pts',(462.,226.5,2.));
#11630=CARTESIAN_POINT('Ctrl Pts',(462.,232.37178626921,16.));
#11631=CARTESIAN_POINT('Ctrl Pts',(462.,232.37178626921,11.3333333333333));
#11632=CARTESIAN_POINT('Ctrl Pts',(462.,232.37178626921,6.66666666666667));
#11633=CARTESIAN_POINT('Ctrl Pts',(462.,232.37178626921,2.));
#11634=CARTESIAN_POINT('Ctrl Pts',(461.942987639531,243.990357304476,16.));
#11635=CARTESIAN_POINT('Ctrl Pts',(461.942987639531,243.990357304476,11.3333333333333));
#11636=CARTESIAN_POINT('Ctrl Pts',(461.942987639531,243.990357304476,6.66666666666666));
#11637=CARTESIAN_POINT('Ctrl Pts',(461.942987639531,243.990357304476,2.));
#11638=CARTESIAN_POINT('Ctrl Pts',(458.074448956198,261.290732602158,16.));
#11639=CARTESIAN_POINT('Ctrl Pts',(458.074448956198,261.290732602158,11.3333333333333));
#11640=CARTESIAN_POINT('Ctrl Pts',(458.074448956198,261.290732602158,6.66666666666667));
#11641=CARTESIAN_POINT('Ctrl Pts',(458.074448956198,261.290732602158,2.));
#11642=CARTESIAN_POINT('Ctrl Pts',(448.846411062777,277.792602109758,16.));
#11643=CARTESIAN_POINT('Ctrl Pts',(448.846411062777,277.792602109758,11.3333333333333));
#11644=CARTESIAN_POINT('Ctrl Pts',(448.846411062777,277.792602109758,6.66666666666667));
#11645=CARTESIAN_POINT('Ctrl Pts',(448.846411062777,277.792602109758,2.));
#11646=CARTESIAN_POINT('Ctrl Pts',(434.790614729069,291.850583261077,16.));
#11647=CARTESIAN_POINT('Ctrl Pts',(434.790614729069,291.850583261077,11.3333333333333));
#11648=CARTESIAN_POINT('Ctrl Pts',(434.790614729069,291.850583261077,6.66666666666666));
#11649=CARTESIAN_POINT('Ctrl Pts',(434.790614729069,291.850583261077,2.));
#11650=CARTESIAN_POINT('Ctrl Pts',(418.292763842788,301.068939797737,16.));
#11651=CARTESIAN_POINT('Ctrl Pts',(418.292763842788,301.068939797737,11.3333333333333));
#11652=CARTESIAN_POINT('Ctrl Pts',(418.292763842788,301.068939797737,6.66666666666668));
#11653=CARTESIAN_POINT('Ctrl Pts',(418.292763842788,301.068939797737,2.));
#11654=CARTESIAN_POINT('Ctrl Pts',(400.989020262037,304.945964070671,16.));
#11655=CARTESIAN_POINT('Ctrl Pts',(400.989020262037,304.945964070671,11.3333333333334));
#11656=CARTESIAN_POINT('Ctrl Pts',(400.989020262037,304.945964070671,6.66666666666665));
#11657=CARTESIAN_POINT('Ctrl Pts',(400.989020262037,304.945964070671,2.));
#11658=CARTESIAN_POINT('Ctrl Pts',(389.371786269209,305.,16.));
#11659=CARTESIAN_POINT('Ctrl Pts',(389.371786269209,305.,11.3333333333333));
#11660=CARTESIAN_POINT('Ctrl Pts',(389.371786269209,305.,6.66666666666668));
#11661=CARTESIAN_POINT('Ctrl Pts',(389.371786269209,305.,2.));
#11662=CARTESIAN_POINT('Ctrl Pts',(383.5,305.,16.));
#11663=CARTESIAN_POINT('Ctrl Pts',(383.5,305.,11.3333333333333));
#11664=CARTESIAN_POINT('Ctrl Pts',(383.5,305.,6.66666666666667));
#11665=CARTESIAN_POINT('Ctrl Pts',(383.5,305.,2.));
#11666=CARTESIAN_POINT('',(462.,226.5,18.));
#11667=CARTESIAN_POINT('Origin',(462.,8.99999999999999,18.));
#11668=CARTESIAN_POINT('',(462.,87.5,18.));
#11669=CARTESIAN_POINT('Ctrl Pts',(383.5,8.99999999999998,16.));
#11670=CARTESIAN_POINT('Ctrl Pts',(383.5,8.99999999999998,11.3333333333333));
#11671=CARTESIAN_POINT('Ctrl Pts',(383.5,8.99999999999998,6.66666666666667));
#11672=CARTESIAN_POINT('Ctrl Pts',(383.5,8.99999999999998,2.));
#11673=CARTESIAN_POINT('Ctrl Pts',(389.371786269209,8.99999999999998,16.));
#11674=CARTESIAN_POINT('Ctrl Pts',(389.371786269209,8.99999999999998,11.3333333333333));
#11675=CARTESIAN_POINT('Ctrl Pts',(389.371786269209,8.99999999999998,6.66666666666667));
#11676=CARTESIAN_POINT('Ctrl Pts',(389.371786269209,8.99999999999998,2.));
#11677=CARTESIAN_POINT('Ctrl Pts',(400.990436925678,9.05712325466207,16.));
#11678=CARTESIAN_POINT('Ctrl Pts',(400.990436925678,9.05712325466207,11.3333333333333));
#11679=CARTESIAN_POINT('Ctrl Pts',(400.990436925678,9.05712325466207,6.66666666666665));
#11680=CARTESIAN_POINT('Ctrl Pts',(400.990436925678,9.05712325466207,2.));
#11681=CARTESIAN_POINT('Ctrl Pts',(418.290837329953,12.9256443282237,16.));
#11682=CARTESIAN_POINT('Ctrl Pts',(418.290837329953,12.9256443282237,11.3333333333333));
#11683=CARTESIAN_POINT('Ctrl Pts',(418.290837329953,12.9256443282237,6.66666666666668));
#11684=CARTESIAN_POINT('Ctrl Pts',(418.290837329953,12.9256443282237,2.));
#11685=CARTESIAN_POINT('Ctrl Pts',(434.793105264584,22.1544560656678,16.));
#11686=CARTESIAN_POINT('Ctrl Pts',(434.793105264584,22.1544560656678,11.3333333333333));
#11687=CARTESIAN_POINT('Ctrl Pts',(434.793105264584,22.1544560656678,6.66666666666665));
#11688=CARTESIAN_POINT('Ctrl Pts',(434.793105264584,22.1544560656678,2.));
#11689=CARTESIAN_POINT('Ctrl Pts',(448.850161910243,36.2081095896947,16.));
#11690=CARTESIAN_POINT('Ctrl Pts',(448.850161910243,36.2081095896947,11.3333333333333));
#11691=CARTESIAN_POINT('Ctrl Pts',(448.850161910243,36.2081095896947,6.66666666666667));
#11692=CARTESIAN_POINT('Ctrl Pts',(448.850161910243,36.2081095896947,2.));
#11693=CARTESIAN_POINT('Ctrl Pts',(458.069137656976,52.707196691503,16.));
#11694=CARTESIAN_POINT('Ctrl Pts',(458.069137656976,52.707196691503,11.3333333333333));
#11695=CARTESIAN_POINT('Ctrl Pts',(458.069137656976,52.707196691503,6.66666666666667));
#11696=CARTESIAN_POINT('Ctrl Pts',(458.069137656976,52.707196691503,2.));
#11697=CARTESIAN_POINT('Ctrl Pts',(461.945933949691,70.0105657280252,16.));
#11698=CARTESIAN_POINT('Ctrl Pts',(461.945933949691,70.0105657280252,11.3333333333333));
#11699=CARTESIAN_POINT('Ctrl Pts',(461.945933949691,70.0105657280252,6.66666666666666));
#11700=CARTESIAN_POINT('Ctrl Pts',(461.945933949691,70.0105657280252,2.));
#11701=CARTESIAN_POINT('Ctrl Pts',(462.,81.6282137307905,16.));
#11702=CARTESIAN_POINT('Ctrl Pts',(462.,81.6282137307905,11.3333333333333));
#11703=CARTESIAN_POINT('Ctrl Pts',(462.,81.6282137307905,6.66666666666667));
#11704=CARTESIAN_POINT('Ctrl Pts',(462.,81.6282137307905,2.));
#11705=CARTESIAN_POINT('Ctrl Pts',(462.,87.5,16.));
#11706=CARTESIAN_POINT('Ctrl Pts',(462.,87.5,11.3333333333333));
#11707=CARTESIAN_POINT('Ctrl Pts',(462.,87.5,6.66666666666667));
#11708=CARTESIAN_POINT('Ctrl Pts',(462.,87.5,2.));
#11709=CARTESIAN_POINT('',(383.5,8.99999999999998,18.));
#11710=CARTESIAN_POINT('Origin',(235.5,157.,18.));
#11711=CARTESIAN_POINT('',(334.75,157.,18.));
#11712=CARTESIAN_POINT('Origin',(314.,157.,18.));
#11713=CARTESIAN_POINT('',(151.75,288.,18.));
#11714=CARTESIAN_POINT('Origin',(157.,288.,18.));
#11715=CARTESIAN_POINT('',(308.75,26.,18.));
#11716=CARTESIAN_POINT('Origin',(314.,26.,18.));
#11717=CARTESIAN_POINT('',(151.75,25.9999999999999,18.));
#11718=CARTESIAN_POINT('Origin',(157.,25.9999999999999,18.));
#11719=CARTESIAN_POINT('',(308.75,288.,18.));
#11720=CARTESIAN_POINT('Origin',(314.,288.,18.));
#11721=CARTESIAN_POINT('',(20.75,157.,18.));
#11722=CARTESIAN_POINT('Origin',(26.,157.,18.));
#11723=CARTESIAN_POINT('',(439.75,157.,18.));
#11724=CARTESIAN_POINT('Origin',(445.,157.,18.));
#11725=CARTESIAN_POINT('',(177.75,157.,18.));
#11726=CARTESIAN_POINT('Origin',(157.,157.,18.));
#11727=CARTESIAN_POINT('Origin',(314.,157.,15.125));
#11728=CARTESIAN_POINT('',(329.,157.,12.25));
#11729=CARTESIAN_POINT('',(331.875,157.,15.125));
#11730=CARTESIAN_POINT('',(299.,157.,12.25));
#11731=CARTESIAN_POINT('Origin',(314.,157.,12.25));
#11732=CARTESIAN_POINT('Origin',(314.,157.,12.25));
#11733=CARTESIAN_POINT('Origin',(314.,157.,18.));
#11734=CARTESIAN_POINT('',(299.,157.,5.75));
#11735=CARTESIAN_POINT('',(299.,157.,18.));
#11736=CARTESIAN_POINT('Origin',(314.,157.,5.75));
#11737=CARTESIAN_POINT('Origin',(314.,157.,2.875));
#11738=CARTESIAN_POINT('',(296.125,157.,2.875));
#11739=CARTESIAN_POINT('Origin',(157.,157.,2.875));
#11740=CARTESIAN_POINT('',(142.,157.,5.75));
#11741=CARTESIAN_POINT('',(139.125,157.,2.875));
#11742=CARTESIAN_POINT('Origin',(157.,157.,5.75));
#11743=CARTESIAN_POINT('Origin',(157.,157.,18.));
#11744=CARTESIAN_POINT('',(172.,157.,12.25));
#11745=CARTESIAN_POINT('',(142.,157.,12.25));
#11746=CARTESIAN_POINT('Origin',(157.,157.,12.25));
#11747=CARTESIAN_POINT('Origin',(157.,157.,12.25));
#11748=CARTESIAN_POINT('',(142.,157.,18.));
#11749=CARTESIAN_POINT('Origin',(157.,157.,15.125));
#11750=CARTESIAN_POINT('',(174.875,157.,15.125));
#11751=CARTESIAN_POINT('Origin',(9.00000000000006,8.99999999999991,18.));
#11752=CARTESIAN_POINT('Origin',(445.,157.,18.));
#11753=CARTESIAN_POINT('',(439.75,157.,3.));
#11754=CARTESIAN_POINT('',(439.75,157.,18.));
#11755=CARTESIAN_POINT('Origin',(445.,157.,3.));
#11756=CARTESIAN_POINT('Origin',(445.,157.,3.));
#11757=CARTESIAN_POINT('Origin',(26.,157.,18.));
#11758=CARTESIAN_POINT('',(20.75,157.,18.));
#11759=CARTESIAN_POINT('',(20.75,157.,3.));
#11760=CARTESIAN_POINT('',(20.75,157.,18.));
#11761=CARTESIAN_POINT('Origin',(26.,157.,3.));
#11762=CARTESIAN_POINT('Origin',(26.,157.,3.));
#11763=CARTESIAN_POINT('Origin',(314.,288.,18.));
#11764=CARTESIAN_POINT('',(308.75,288.,3.));
#11765=CARTESIAN_POINT('',(308.75,288.,18.));
#11766=CARTESIAN_POINT('Origin',(314.,288.,3.));
#11767=CARTESIAN_POINT('Origin',(314.,288.,3.));
#11768=CARTESIAN_POINT('Origin',(157.,25.9999999999999,18.));
#11769=CARTESIAN_POINT('',(151.75,25.9999999999999,3.));
#11770=CARTESIAN_POINT('',(151.75,25.9999999999999,18.));
#11771=CARTESIAN_POINT('Origin',(157.,25.9999999999999,3.));
#11772=CARTESIAN_POINT('Origin',(157.,25.9999999999999,3.));
#11773=CARTESIAN_POINT('Origin',(314.,26.,18.));
#11774=CARTESIAN_POINT('',(308.75,26.,3.));
#11775=CARTESIAN_POINT('',(308.75,26.,18.));
#11776=CARTESIAN_POINT('Origin',(314.,26.,3.));
#11777=CARTESIAN_POINT('Origin',(314.,26.,3.));
#11778=CARTESIAN_POINT('Origin',(157.,288.,18.));
#11779=CARTESIAN_POINT('',(151.75,288.,3.));
#11780=CARTESIAN_POINT('',(151.75,288.,18.));
#11781=CARTESIAN_POINT('Origin',(157.,288.,3.));
#11782=CARTESIAN_POINT('Origin',(157.,288.,3.));
#11783=CARTESIAN_POINT('',(0.,0.,0.));
#11784=CARTESIAN_POINT('Origin',(0.,0.,0.));
#11785=CARTESIAN_POINT('',(-13.5,1600.,1.65327317884893E-15));
#11786=CARTESIAN_POINT('Origin',(0.,1600.,0.));
#11787=CARTESIAN_POINT('',(-13.5,0.,1.65327317884893E-15));
#11788=CARTESIAN_POINT('',(-13.5,0.,1.65327317884893E-15));
#11789=CARTESIAN_POINT('Origin',(0.,0.,0.));
#11790=CARTESIAN_POINT('Origin',(0.,0.,0.));
#11791=CARTESIAN_POINT('',(15.,1600.,-1.83697019872103E-15));
#11792=CARTESIAN_POINT('Origin',(0.,1600.,0.));
#11793=CARTESIAN_POINT('',(15.,0.,-1.83697019872103E-15));
#11794=CARTESIAN_POINT('',(15.,0.,-1.83697019872103E-15));
#11795=CARTESIAN_POINT('Origin',(0.,0.,0.));
#11796=CARTESIAN_POINT('Origin',(0.,1600.,0.));
#11797=CARTESIAN_POINT('Origin',(0.,0.,0.));
#11798=CARTESIAN_POINT('',(0.,0.,0.));
#11799=CARTESIAN_POINT('Origin',(14.1351512195661,1.5,3.));
#11800=CARTESIAN_POINT('',(14.6242567980978,3.,3.1038062283737));
#11801=CARTESIAN_POINT('',(14.6242567980978,0.500000000000002,3.1038062283737));
#11802=CARTESIAN_POINT('',(14.6242567980978,1.5,3.1038062283737));
#11803=CARTESIAN_POINT('',(14.1351512195661,0.500000000000002,2.5));
#11804=CARTESIAN_POINT('Origin',(14.1351512195661,0.500000000000002,3.));
#11805=CARTESIAN_POINT('',(14.1351512195661,3.2071067811866,2.5));
#11806=CARTESIAN_POINT('',(14.1351512195661,1.5,2.5));
#11807=CARTESIAN_POINT('',(14.6298420046475,2.99903274221504,3.07267046268281));
#11808=CARTESIAN_POINT('Ctrl Pts',(14.1351512195661,3.20710678118661,2.5));
#11809=CARTESIAN_POINT('Ctrl Pts',(14.1362066395309,3.20666278689004,2.5));
#11810=CARTESIAN_POINT('Ctrl Pts',(14.1372620361917,3.20621881633094,2.50000341486013));
#11811=CARTESIAN_POINT('Ctrl Pts',(14.1383173945204,3.20577487532355,2.50001023929748));
#11812=CARTESIAN_POINT('Ctrl Pts',(14.1646015011022,3.19471835315774,2.50018020454394));
#11813=CARTESIAN_POINT('Ctrl Pts',(14.1908268675296,3.18369532669738,2.50246044535369));
#11814=CARTESIAN_POINT('Ctrl Pts',(14.216761505878,3.17279500635087,2.50677980680041));
#11815=CARTESIAN_POINT('Ctrl Pts',(14.240955393593,3.16262632294847,2.51080924975768));
#11816=CARTESIAN_POINT('Ctrl Pts',(14.2648968919108,3.1525637906755,2.5166139805846));
#11817=CARTESIAN_POINT('Ctrl Pts',(14.2883892597956,3.14268834899363,2.52417533627721));
#11818=CARTESIAN_POINT('Ctrl Pts',(14.3127373021629,3.13245320906881,2.53201210307998));
#11819=CARTESIAN_POINT('Ctrl Pts',(14.3365292497497,3.12245058635319,2.54171142586458));
#11820=CARTESIAN_POINT('Ctrl Pts',(14.3595368297277,3.11277568297819,2.55326107483877));
#11821=CARTESIAN_POINT('Ctrl Pts',(14.3632713173676,3.11120529586639,2.55513576228441));
#11822=CARTESIAN_POINT('Ctrl Pts',(14.366985093736,3.10964358988472,2.55705928908541));
#11823=CARTESIAN_POINT('Ctrl Pts',(14.3706771239282,3.10809103199492,2.55903170606629));
#11824=CARTESIAN_POINT('Ctrl Pts',(14.3891236593056,3.10033396811714,2.56888651703003));
#11825=CARTESIAN_POINT('Ctrl Pts',(14.4070284122205,3.09280417727345,2.57996082544524));
#11826=CARTESIAN_POINT('Ctrl Pts',(14.4242715719346,3.08555041616712,2.59219987147901));
#11827=CARTESIAN_POINT('Ctrl Pts',(14.4450970152773,3.07678967895621,2.60698159153325));
#11828=CARTESIAN_POINT('Ctrl Pts',(14.4648489124778,3.0684777746322,2.62338314046548));
#11829=CARTESIAN_POINT('Ctrl Pts',(14.4833197681581,3.06070047257901,2.64128676820726));
#11830=CARTESIAN_POINT('Ctrl Pts',(14.5008635467929,3.0533135237576,2.65829178883545));
#11831=CARTESIAN_POINT('Ctrl Pts',(14.517252041605,3.04640845927806,2.67665274686337));
#11832=CARTESIAN_POINT('Ctrl Pts',(14.5322779856769,3.04008887424105,2.69628817778443));
#11833=CARTESIAN_POINT('Ctrl Pts',(14.5386514105675,3.03740835044963,2.70461676889134));
#11834=CARTESIAN_POINT('Ctrl Pts',(14.544779287382,3.0348335784169,2.71317482942004));
#11835=CARTESIAN_POINT('Ctrl Pts',(14.5506438102371,3.03237449585734,2.72195672987975));
#11836=CARTESIAN_POINT('Ctrl Pts',(14.5518967628566,3.03184911399584,2.72383297888696));
#11837=CARTESIAN_POINT('Ctrl Pts',(14.5531376895337,3.03132901787105,2.72571944615401));
#11838=CARTESIAN_POINT('Ctrl Pts',(14.5543664896686,3.03081422974785,2.72761601703272));
#11839=CARTESIAN_POINT('Ctrl Pts',(14.5685423445709,3.02487545945289,2.74949550159957));
#11840=CARTESIAN_POINT('Ctrl Pts',(14.5809827713867,3.01969005043476,2.77252866513763));
#11841=CARTESIAN_POINT('Ctrl Pts',(14.5915990116932,3.01526112928666,2.79649472787848));
#11842=CARTESIAN_POINT('Ctrl Pts',(14.6019804073042,3.01093018148959,2.81993063092593));
#11843=CARTESIAN_POINT('Ctrl Pts',(14.6106175649807,3.00732248480663,2.84425987430781));
#11844=CARTESIAN_POINT('Ctrl Pts',(14.6173936028376,3.00447564082109,2.86928211381515));
#11845=CARTESIAN_POINT('Ctrl Pts',(14.6195810511086,3.00355661939805,2.87735982171784));
#11846=CARTESIAN_POINT('Ctrl Pts',(14.6215742683811,3.00271717280703,2.88550971976297));
#11847=CARTESIAN_POINT('Ctrl Pts',(14.623368504634,3.00195940313996,2.8937248769239));
#11848=CARTESIAN_POINT('Ctrl Pts',(14.6290342647305,2.99956655151012,2.91966633784001));
#11849=CARTESIAN_POINT('Ctrl Pts',(14.6326535860638,2.99801121720713,2.94596559155981));
#11850=CARTESIAN_POINT('Ctrl Pts',(14.6341870283903,2.99732502270313,2.97238053893026));
#11851=CARTESIAN_POINT('Ctrl Pts',(14.635685291572,2.9966545703861,2.99818949333786));
#11852=CARTESIAN_POINT('Ctrl Pts',(14.6351923666521,2.99681375182853,3.02411016113875));
#11853=CARTESIAN_POINT('Ctrl Pts',(14.6326373912184,2.99786697239795,3.04991944107502));
#11854=CARTESIAN_POINT('Ctrl Pts',(14.6318855056541,2.99817691719495,3.05751467066199));
#11855=CARTESIAN_POINT('Ctrl Pts',(14.6309548076461,2.99856452754706,3.06510020454403));
#11856=CARTESIAN_POINT('Ctrl Pts',(14.6298428920846,2.99903205867804,3.07267016166438));
#11857=CARTESIAN_POINT('Ctrl Pts',(14.6298420358787,2.99903280388508,3.07267046343526));
#11858=CARTESIAN_POINT('Ctrl Pts',(14.6283070527485,2.99967833912637,3.08311957882304));
#11859=CARTESIAN_POINT('Ctrl Pts',(14.6264419956719,3.,3.09351019565514));
#11860=CARTESIAN_POINT('Ctrl Pts',(14.6242567980978,3.,3.1038062283737));
#11861=CARTESIAN_POINT('Ctrl Pts',(14.1351512195661,3.2071067811866,2.5));
#11862=CARTESIAN_POINT('Ctrl Pts',(15.4742388172474,4.51701720952364,2.5));
#11863=CARTESIAN_POINT('Ctrl Pts',(16.809499344533,5.83082763469064,2.5));
#11864=CARTESIAN_POINT('Ctrl Pts',(18.1429826466809,7.14644660940673,2.5));
#11865=CARTESIAN_POINT('Ctrl Pts',(14.1923630842726,3.14862056960192,2.5));
#11866=CARTESIAN_POINT('Ctrl Pts',(15.5311211939289,4.45910678080284,2.50000274599594));
#11867=CARTESIAN_POINT('Ctrl Pts',(16.8661219951929,5.77332424216297,2.49999836101337));
#11868=CARTESIAN_POINT('Ctrl Pts',(18.1993828047043,7.08928061347013,2.5));
#11869=CARTESIAN_POINT('Ctrl Pts',(14.3065174361341,3.03192352414587,2.54104171669437));
#11870=CARTESIAN_POINT('Ctrl Pts',(15.6446230988835,4.34355371799875,2.5403881457007));
#11871=CARTESIAN_POINT('Ctrl Pts',(16.9791140435317,5.65857455029634,2.53991208314215));
#11872=CARTESIAN_POINT('Ctrl Pts',(18.3119337936671,6.97520133420576,2.53951641067745));
#11873=CARTESIAN_POINT('Ctrl Pts',(14.4598404859449,2.87518533045046,2.7391281547399));
#11874=CARTESIAN_POINT('Ctrl Pts',(15.7977882961999,4.1876160586253,2.73556723763253));
#11875=CARTESIAN_POINT('Ctrl Pts',(17.1320816602576,5.50322726668282,2.73295635017902));
#11876=CARTESIAN_POINT('Ctrl Pts',(18.4647327015426,6.82032762369066,2.73078988714816));
#11877=CARTESIAN_POINT('Ctrl Pts',(14.4935995018477,2.84067436044257,2.95200794465025));
#11878=CARTESIAN_POINT('Ctrl Pts',(15.8328671510668,4.15189938444135,2.94605624350803));
#11879=CARTESIAN_POINT('Ctrl Pts',(17.1681403171842,5.46660481709986,2.94167961617134));
#11880=CARTESIAN_POINT('Ctrl Pts',(18.5015587182364,6.78300155946573,2.93802430602774));
#11881=CARTESIAN_POINT('Ctrl Pts',(14.4810010908621,2.85355339059333,3.07340208801244));
#11882=CARTESIAN_POINT('Ctrl Pts',(15.8215009105096,4.16346381893037,3.06674809766302));
#11883=CARTESIAN_POINT('Ctrl Pts',(17.1576339549463,5.47727424409737,3.06180441720032));
#11884=CARTESIAN_POINT('Ctrl Pts',(18.4917995748648,6.79289321881345,3.05767799071026));
#11885=CARTESIAN_POINT('',(18.1429826466809,7.14644660940673,2.5));
#11886=CARTESIAN_POINT('Ctrl Pts',(14.1351512195661,3.2071067811866,2.5));
#11887=CARTESIAN_POINT('Ctrl Pts',(15.4742388172474,4.51701720952364,2.5));
#11888=CARTESIAN_POINT('Ctrl Pts',(16.809499344533,5.83082763469064,2.5));
#11889=CARTESIAN_POINT('Ctrl Pts',(18.1429826466809,7.14644660940673,2.5));
#11890=CARTESIAN_POINT('',(18.4917995748648,6.79289321881345,3.05767799071026));
#11891=CARTESIAN_POINT('Origin',(18.1429826466809,7.14644660940673,3.));
#11892=CARTESIAN_POINT('',(14.6308313117521,2.99999993747396,3.07266564928404));
#11893=CARTESIAN_POINT('Ctrl Pts',(18.4917995748648,6.79289321881345,3.05767799071026));
#11894=CARTESIAN_POINT('Ctrl Pts',(17.2073476202955,5.52629682454731,3.06165065833968));
#11895=CARTESIAN_POINT('Ctrl Pts',(15.9210721298293,4.26137671061279,3.06638080964489));
#11896=CARTESIAN_POINT('Ctrl Pts',(14.6308320964716,2.99999913327305,3.07266534312209));
#11897=CARTESIAN_POINT('Ctrl Pts',(14.6298427804119,2.99903194950373,3.07267016220839));
#11898=CARTESIAN_POINT('Ctrl Pts',(14.6301725530795,2.99935434424207,3.07266855574284));
#11899=CARTESIAN_POINT('Ctrl Pts',(14.6305023254881,2.99967673921186,3.07266694937885));
#11900=CARTESIAN_POINT('Ctrl Pts',(14.6308320976377,2.99999913441306,3.07266534311641));
#11901=CARTESIAN_POINT('Ctrl Pts',(18.1429826466809,7.14644660940673,2.5));
#11902=CARTESIAN_POINT('Ctrl Pts',(18.2153087224268,7.21780375161076,2.5));
#11903=CARTESIAN_POINT('Ctrl Pts',(18.3151269738506,7.40584553678993,2.5));
#11904=CARTESIAN_POINT('Ctrl Pts',(18.2879103100488,7.61708607691742,2.5));
#11905=CARTESIAN_POINT('Ctrl Pts',(18.2449403416779,7.70915390405882,2.5));
#11906=CARTESIAN_POINT('Ctrl Pts',(18.1993828047043,7.08928061347013,2.5));
#11907=CARTESIAN_POINT('Ctrl Pts',(18.2840252478582,7.17124823517478,2.49999546515122));
#11908=CARTESIAN_POINT('Ctrl Pts',(18.4020249507642,7.38975898543585,2.49999226586799));
#11909=CARTESIAN_POINT('Ctrl Pts',(18.3697431340104,7.63679819930576,2.49999722875155));
#11910=CARTESIAN_POINT('Ctrl Pts',(18.3191037648588,7.7437675149944,2.5));
#11911=CARTESIAN_POINT('Ctrl Pts',(18.3119326648692,6.97520247833121,2.53951732997664));
#11912=CARTESIAN_POINT('Ctrl Pts',(18.4211550044783,7.07836176588693,2.54061210082882));
#11913=CARTESIAN_POINT('Ctrl Pts',(18.5754181907243,7.3576602401316,2.5421530996478));
#11914=CARTESIAN_POINT('Ctrl Pts',(18.5330215256177,7.67611204026946,2.54173000135544));
#11915=CARTESIAN_POINT('Ctrl Pts',(18.4670794456512,7.8128308405961,2.54107058433913));
#11916=CARTESIAN_POINT('Ctrl Pts',(18.4647300961716,6.82033026443909,2.73079099864041));
#11917=CARTESIAN_POINT('Ctrl Pts',(18.6060625120772,6.95339860640123,2.73678530147938));
#11918=CARTESIAN_POINT('Ctrl Pts',(18.8063251696884,7.3152382747098,2.74516532627141));
#11919=CARTESIAN_POINT('Ctrl Pts',(18.7512956081203,7.72856167554289,2.74287396968689));
#11920=CARTESIAN_POINT('Ctrl Pts',(18.6657895084115,7.90557295667395,2.73928152598405));
#11921=CARTESIAN_POINT('Ctrl Pts',(18.5015587182364,6.78300155946574,2.93802430602774));
#11922=CARTESIAN_POINT('Ctrl Pts',(18.648524152376,6.9256689941741,2.94813804240773));
#11923=CARTESIAN_POINT('Ctrl Pts',(18.8539656660755,7.30704825622909,2.96207139830231));
#11924=CARTESIAN_POINT('Ctrl Pts',(18.7975893125893,7.73908793091827,2.95826541938852));
#11925=CARTESIAN_POINT('Ctrl Pts',(18.7094698300673,7.92595947059804,2.95226206556551));
#11926=CARTESIAN_POINT('Ctrl Pts',(18.4917995748648,6.79289321881347,3.05767799071026));
#11927=CARTESIAN_POINT('Ctrl Pts',(18.6345638476849,6.93560750322153,3.06909524070336));
#11928=CARTESIAN_POINT('Ctrl Pts',(18.8316564445714,7.31169107357986,3.08460677246371));
#11929=CARTESIAN_POINT('Ctrl Pts',(18.7779118402302,7.73417215383484,3.0803969899922));
#11930=CARTESIAN_POINT('Ctrl Pts',(18.6930753116327,7.91830780811763,3.07368645140446));
#11931=CARTESIAN_POINT('',(18.2449403416799,7.70915390405686,2.5));
#11932=CARTESIAN_POINT('',(18.6930753116327,7.91830780811763,3.07368645140446));
#11933=CARTESIAN_POINT('Origin',(18.2449403416779,7.70915390405882,3.));
#11934=CARTESIAN_POINT('Ctrl Pts',(18.6930753116327,7.91830780811763,3.07368645140446));
#11935=CARTESIAN_POINT('Ctrl Pts',(18.7779118402302,7.73417215383484,3.0803969899922));
#11936=CARTESIAN_POINT('Ctrl Pts',(18.8316564445714,7.31169107357986,3.08460677246371));
#11937=CARTESIAN_POINT('Ctrl Pts',(18.6345638476849,6.93560750322153,3.06909524070336));
#11938=CARTESIAN_POINT('Ctrl Pts',(18.4917995748648,6.79289321881347,3.05767799071026));
#11939=CARTESIAN_POINT('Ctrl Pts',(18.1429826466809,7.14644660940673,2.5));
#11940=CARTESIAN_POINT('Ctrl Pts',(18.2153087224268,7.21780375161076,2.5));
#11941=CARTESIAN_POINT('Ctrl Pts',(18.3151269738506,7.40584553678993,2.5));
#11942=CARTESIAN_POINT('Ctrl Pts',(18.2879103100488,7.61708607691742,2.5));
#11943=CARTESIAN_POINT('Ctrl Pts',(18.2449403416779,7.70915390405882,2.5));
#11944=CARTESIAN_POINT('Ctrl Pts',(18.2449403416789,7.70915390405784,2.5));
#11945=CARTESIAN_POINT('Ctrl Pts',(18.220549098137,7.77944574683472,2.49999999999981));
#11946=CARTESIAN_POINT('Ctrl Pts',(18.1259312325771,7.8936598071552,2.4898092904622));
#11947=CARTESIAN_POINT('Ctrl Pts',(17.9702169104683,7.91920435326305,2.46120651467798));
#11948=CARTESIAN_POINT('Ctrl Pts',(17.8885892015171,7.90754325198432,2.44780229846294));
#11949=CARTESIAN_POINT('Ctrl Pts',(18.3191037648597,7.74376751499337,2.50000000000008));
#11950=CARTESIAN_POINT('Ctrl Pts',(18.2871029634895,7.82721541419686,2.50125465395495));
#11951=CARTESIAN_POINT('Ctrl Pts',(18.1717427451836,7.96366171344576,2.48955205060855));
#11952=CARTESIAN_POINT('Ctrl Pts',(17.9882095148147,8.00044376032974,2.45115410064896));
#11953=CARTESIAN_POINT('Ctrl Pts',(17.8914998527537,7.98975678260285,2.43260943751005));
#11954=CARTESIAN_POINT('Ctrl Pts',(18.4670793691136,7.81283080487301,2.54107063002249));
#11955=CARTESIAN_POINT('Ctrl Pts',(18.4185979570808,7.92385204414243,2.54345507672339));
#11956=CARTESIAN_POINT('Ctrl Pts',(18.2593157205151,8.10721927638821,2.5274152872883));
#11957=CARTESIAN_POINT('Ctrl Pts',(18.0174542187991,8.16918899225538,2.47154104035619));
#11958=CARTESIAN_POINT('Ctrl Pts',(17.8893659071191,8.16170519270853,2.44374809228955));
#11959=CARTESIAN_POINT('Ctrl Pts',(18.6657893326336,7.9055728746338,2.7392815788428));
#11960=CARTESIAN_POINT('Ctrl Pts',(18.5926399158604,8.05895227726197,2.73896739310818));
#11961=CARTESIAN_POINT('Ctrl Pts',(18.3650768100608,8.31702790183128,2.71277493761937));
#11962=CARTESIAN_POINT('Ctrl Pts',(18.0328221682815,8.41841179401567,2.63960029910334));
#11963=CARTESIAN_POINT('Ctrl Pts',(17.8588732312813,8.41722794128613,2.60291212344218));
#11964=CARTESIAN_POINT('Ctrl Pts',(18.7094698300674,7.92595947059775,2.95226206556558));
#11965=CARTESIAN_POINT('Ctrl Pts',(18.6291227753373,8.09585513458033,2.94773295008633));
#11966=CARTESIAN_POINT('Ctrl Pts',(18.3754279238705,8.38631433082912,2.91512097897762));
#11967=CARTESIAN_POINT('Ctrl Pts',(18.0078183031415,8.4993210756572,2.84277261887223));
#11968=CARTESIAN_POINT('Ctrl Pts',(17.8197433685969,8.5,2.80716007847272));
#11969=CARTESIAN_POINT('Ctrl Pts',(18.6930753116327,7.91830780811764,3.07368645140446));
#11970=CARTESIAN_POINT('Ctrl Pts',(18.6137633498251,8.09045252244431,3.06741290404227));
#11971=CARTESIAN_POINT('Ctrl Pts',(18.3561449938067,8.38849128504541,3.03280168672921));
#11972=CARTESIAN_POINT('Ctrl Pts',(17.9831126122856,8.5,2.96370305415586));
#11973=CARTESIAN_POINT('Ctrl Pts',(17.7961324535015,8.5,2.93040306461725));
#11974=CARTESIAN_POINT('',(17.8885892015171,7.90754325198432,2.44780229846294));
#11975=CARTESIAN_POINT('',(17.7961324535015,8.5,2.93040306461725));
#11976=CARTESIAN_POINT('Origin',(17.7961324535015,8.,2.93040306461725));
#11977=CARTESIAN_POINT('Ctrl Pts',(17.7961324535015,8.5,2.93040306461725));
#11978=CARTESIAN_POINT('Ctrl Pts',(17.9831126122856,8.5,2.96370305415586));
#11979=CARTESIAN_POINT('Ctrl Pts',(18.3561449938067,8.38849128504541,3.03280168672921));
#11980=CARTESIAN_POINT('Ctrl Pts',(18.6137633498251,8.09045252244431,3.06741290404227));
#11981=CARTESIAN_POINT('Ctrl Pts',(18.6930753116327,7.91830780811764,3.07368645140446));
#11982=CARTESIAN_POINT('Ctrl Pts',(18.2449403416789,7.70915390405784,2.5));
#11983=CARTESIAN_POINT('Ctrl Pts',(18.220549098137,7.77944574683472,2.49999999999981));
#11984=CARTESIAN_POINT('Ctrl Pts',(18.1259312325771,7.8936598071552,2.4898092904622));
#11985=CARTESIAN_POINT('Ctrl Pts',(17.9702169104683,7.91920435326305,2.46120651467798));
#11986=CARTESIAN_POINT('Ctrl Pts',(17.8885892015171,7.90754325198432,2.44780229846294));
#11987=CARTESIAN_POINT('Ctrl Pts',(15.7073593128807,8.5,1.));
#11988=CARTESIAN_POINT('Ctrl Pts',(15.7073593128807,8.5,1.37320369749761));
#11989=CARTESIAN_POINT('Ctrl Pts',(15.9605119092379,8.5,1.99417434594596));
#11990=CARTESIAN_POINT('Ctrl Pts',(16.8128106958859,8.5,2.64442279831857));
#11991=CARTESIAN_POINT('Ctrl Pts',(17.4565168157393,8.5,2.86533943512289));
#11992=CARTESIAN_POINT('Ctrl Pts',(17.7961324535015,8.5,2.93040306461725));
#11993=CARTESIAN_POINT('Ctrl Pts',(15.8195590505089,8.5,1.));
#11994=CARTESIAN_POINT('Ctrl Pts',(15.8195590505089,8.5,1.34363106341309));
#11995=CARTESIAN_POINT('Ctrl Pts',(16.0459880937245,8.50004751391566,1.92079749636576));
#11996=CARTESIAN_POINT('Ctrl Pts',(16.8556884775164,8.49996763697992,2.55778887232814));
#11997=CARTESIAN_POINT('Ctrl Pts',(17.480510702116,8.50002359402163,2.78057753033239));
#11998=CARTESIAN_POINT('Ctrl Pts',(17.8118730635651,8.5,2.84824107385423));
#11999=CARTESIAN_POINT('Ctrl Pts',(16.043625246752,8.42147095655419,1.));
#12000=CARTESIAN_POINT('Ctrl Pts',(16.043625246752,8.42147095655419,1.28446309753416));
#12001=CARTESIAN_POINT('Ctrl Pts',(16.2167700140413,8.42807904075629,1.77414874062527));
#12002=CARTESIAN_POINT('Ctrl Pts',(16.941312016857,8.44371474479495,2.38460696216142));
#12003=CARTESIAN_POINT('Ctrl Pts',(17.5284854929167,8.45278535063739,2.61112680813534));
#12004=CARTESIAN_POINT('Ctrl Pts',(17.8433395374414,8.45709496867063,2.68399406401669));
#12005=CARTESIAN_POINT('Ctrl Pts',(16.2333101773162,8.11989881082821,0.999999999999999));
#12006=CARTESIAN_POINT('Ctrl Pts',(16.2333101773162,8.11989881082821,1.23442557439855));
#12007=CARTESIAN_POINT('Ctrl Pts',(16.3737605124301,8.14762227162606,1.64564354846796));
#12008=CARTESIAN_POINT('Ctrl Pts',(17.031390107295,8.21707179428169,2.20733485737245));
#12009=CARTESIAN_POINT('Ctrl Pts',(17.5815913379233,8.25948606978242,2.42542596565876));
#12010=CARTESIAN_POINT('Ctrl Pts',(17.8789104053931,8.28003361090474,2.49832315848851));
#12011=CARTESIAN_POINT('Ctrl Pts',(16.1999103012073,7.8250602108008,1.));
#12012=CARTESIAN_POINT('Ctrl Pts',(16.1999103012073,7.8250602108008,1.24319342446286));
#12013=CARTESIAN_POINT('Ctrl Pts',(16.3704741859437,7.86293436973906,1.66000310888552));
#12014=CARTESIAN_POINT('Ctrl Pts',(17.0515724328311,7.96899809145168,2.17612786040338));
#12015=CARTESIAN_POINT('Ctrl Pts',(17.5984741904626,8.03947638339845,2.3697633267278));
#12016=CARTESIAN_POINT('Ctrl Pts',(17.8915167588396,8.07490148430689,2.43252119203109));
#12017=CARTESIAN_POINT('Ctrl Pts',(16.1005813011361,7.68611520706886,1.));
#12018=CARTESIAN_POINT('Ctrl Pts',(16.1005813011361,7.68611520706886,1.26949080712967));
#12019=CARTESIAN_POINT('Ctrl Pts',(16.3084653728774,7.72022701721493,1.72089709945066));
#12020=CARTESIAN_POINT('Ctrl Pts',(17.0361655849321,7.82857323186467,2.21478889985593));
#12021=CARTESIAN_POINT('Ctrl Pts',(17.594303303574,7.90755966489004,2.38769239899212));
#12022=CARTESIAN_POINT('Ctrl Pts',(17.8900445271354,7.94865001729359,2.4402058679865));
#12023=CARTESIAN_POINT('Ctrl Pts',(16.060912703474,7.64644660940673,1.));
#12024=CARTESIAN_POINT('Ctrl Pts',(16.060912703474,7.64644660940673,1.27990277312321));
#12025=CARTESIAN_POINT('Ctrl Pts',(16.2824212252865,7.67809068395137,1.74563075945947));
#12026=CARTESIAN_POINT('Ctrl Pts',(17.0281826636036,7.78462803228238,2.23331709873893));
#12027=CARTESIAN_POINT('Ctrl Pts',(17.5914255184753,7.86509129726405,2.39900457634217));
#12028=CARTESIAN_POINT('Ctrl Pts',(17.8885892015171,7.90754325198432,2.44780229846294));
#12029=CARTESIAN_POINT('',(16.060912703474,7.64644660940673,1.));
#12030=CARTESIAN_POINT('',(15.7073593128807,8.5,1.));
#12031=CARTESIAN_POINT('Origin',(15.7073593128807,8.,1.));
#12032=CARTESIAN_POINT('Origin',(18.5357864376269,8.5,1.));
#12033=CARTESIAN_POINT('Origin',(18.5357864376269,8.,1.));
#12034=CARTESIAN_POINT('Origin',(15.7073593128807,8.,0.));
#12035=CARTESIAN_POINT('',(16.060912703474,7.64644660940673,-1.));
#12036=CARTESIAN_POINT('',(15.7073593128807,8.5,-1.));
#12037=CARTESIAN_POINT('Origin',(15.7073593128807,8.,-1.));
#12038=CARTESIAN_POINT('',(15.7073593128807,8.5,0.));
#12039=CARTESIAN_POINT('',(16.060912703474,7.64644660940673,0.));
#12040=CARTESIAN_POINT('Ctrl Pts',(16.060912703474,7.64644660940673,-1.));
#12041=CARTESIAN_POINT('Ctrl Pts',(16.060912703474,7.64644660940673,-1.27990277312321));
#12042=CARTESIAN_POINT('Ctrl Pts',(16.2824212252865,7.67809068395137,-1.74563075945947));
#12043=CARTESIAN_POINT('Ctrl Pts',(17.0281826636036,7.78462803228238,-2.23331709873893));
#12044=CARTESIAN_POINT('Ctrl Pts',(17.5914255184753,7.86509129726405,-2.39900457634217));
#12045=CARTESIAN_POINT('Ctrl Pts',(17.8885892015171,7.90754325198432,-2.44780229846294));
#12046=CARTESIAN_POINT('Ctrl Pts',(16.1402498987982,7.72578380473099,-1.));
#12047=CARTESIAN_POINT('Ctrl Pts',(16.1402498987982,7.72578380473099,-1.25891620633668));
#12048=CARTESIAN_POINT('Ctrl Pts',(16.3345901486219,7.7622695605251,-1.69604597557739));
#12049=CARTESIAN_POINT('Ctrl Pts',(17.0440658329193,7.87261127416892,-2.19614787498283));
#12050=CARTESIAN_POINT('Ctrl Pts',(17.5972123391498,7.94999038380126,-2.37633847275408));
#12051=CARTESIAN_POINT('Ctrl Pts',(17.8914998527537,7.98975678260285,-2.43260943751005));
#12052=CARTESIAN_POINT('Ctrl Pts',(16.2431602064558,7.93975095066978,-1.));
#12053=CARTESIAN_POINT('Ctrl Pts',(16.2431602064558,7.93975095066978,-1.23180308713407));
#12054=CARTESIAN_POINT('Ctrl Pts',(16.3933115324163,7.97596694722747,-1.63504399214484));
#12055=CARTESIAN_POINT('Ctrl Pts',(17.0526887146803,8.07148810629005,-2.16924920108814));
#12056=CARTESIAN_POINT('Ctrl Pts',(17.596368748863,8.13213044338015,-2.37525214017001));
#12057=CARTESIAN_POINT('Ctrl Pts',(17.8893847091055,8.16204054320785,-2.44364995069116));
#12058=CARTESIAN_POINT('Ctrl Pts',(16.1640439978868,8.28712216062042,-1.));
#12059=CARTESIAN_POINT('Ctrl Pts',(16.1640439978868,8.28712216062042,-1.2526495181451));
#12060=CARTESIAN_POINT('Ctrl Pts',(16.3127697657992,8.30389375339245,-1.69382630470926));
#12061=CARTESIAN_POINT('Ctrl Pts',(16.993201688414,8.34477356009112,-2.28122325267975));
#12062=CARTESIAN_POINT('Ctrl Pts',(17.5584367327516,8.36894117212066,-2.5059659322682));
#12063=CARTESIAN_POINT('Ctrl Pts',(17.8632212079787,8.38056895395515,-2.58021678826692));
#12064=CARTESIAN_POINT('Ctrl Pts',(15.9319443455645,8.47198725516794,-1.));
#12065=CARTESIAN_POINT('Ctrl Pts',(15.9319443455645,8.47198725516794,-1.31394400963697));
#12066=CARTESIAN_POINT('Ctrl Pts',(16.1315811983462,8.47424045743509,-1.84726077446003));
#12067=CARTESIAN_POINT('Ctrl Pts',(16.8985488174721,8.47960438995475,-2.47106600706622));
#12068=CARTESIAN_POINT('Ctrl Pts',(17.5045232336901,8.48282407014276,-2.69575859268494));
#12069=CARTESIAN_POINT('Ctrl Pts',(17.8276205941892,8.48434389637433,-2.76604295952151));
#12070=CARTESIAN_POINT('Ctrl Pts',(15.7634591816948,8.5,-1.));
#12071=CARTESIAN_POINT('Ctrl Pts',(15.7634591816948,8.5,-1.35840673785018));
#12072=CARTESIAN_POINT('Ctrl Pts',(16.0032547663371,8.49996717627391,-1.9574778198685));
#12073=CARTESIAN_POINT('Ctrl Pts',(16.834243712978,8.50002265127958,-2.60109910197845));
#12074=CARTESIAN_POINT('Ctrl Pts',(17.4685155846502,8.49998404460795,-2.82295586781538));
#12075=CARTESIAN_POINT('Ctrl Pts',(17.8040027585333,8.5,-2.88932206923574));
#12076=CARTESIAN_POINT('Ctrl Pts',(15.7073593128807,8.5,-1.));
#12077=CARTESIAN_POINT('Ctrl Pts',(15.7073593128807,8.5,-1.37320369749761));
#12078=CARTESIAN_POINT('Ctrl Pts',(15.9605119092379,8.5,-1.99417434594596));
#12079=CARTESIAN_POINT('Ctrl Pts',(16.8128106958859,8.5,-2.64442279831857));
#12080=CARTESIAN_POINT('Ctrl Pts',(17.4565168157393,8.5,-2.86533943512289));
#12081=CARTESIAN_POINT('Ctrl Pts',(17.7961324535015,8.5,-2.93040306461725));
#12082=CARTESIAN_POINT('',(17.8885892015171,7.90754325198432,-2.44780229846294));
#12083=CARTESIAN_POINT('',(17.7961324535015,8.5,-2.93040306461725));
#12084=CARTESIAN_POINT('Origin',(17.7961324535015,8.,-2.93040306461725));
#12085=CARTESIAN_POINT('Origin',(18.5357864376269,8.5,-1.));
#12086=CARTESIAN_POINT('Origin',(18.5357864376269,8.,-1.));
#12087=CARTESIAN_POINT('Ctrl Pts',(18.6930753116327,7.91830780811762,-3.07368645140446));
#12088=CARTESIAN_POINT('Ctrl Pts',(18.6137633129919,8.09045260238992,-3.06741290112878));
#12089=CARTESIAN_POINT('Ctrl Pts',(18.3561476501107,8.38848957224689,-3.03280214447806));
#12090=CARTESIAN_POINT('Ctrl Pts',(17.9831126991209,8.5,-2.96370306962069));
#12091=CARTESIAN_POINT('Ctrl Pts',(17.7961324535015,8.5,-2.93040306461725));
#12092=CARTESIAN_POINT('Ctrl Pts',(18.7040049905892,7.92340891643769,-2.99273686084521));
#12093=CARTESIAN_POINT('Ctrl Pts',(18.6240632382455,8.09399615191612,-2.98762658914892));
#12094=CARTESIAN_POINT('Ctrl Pts',(18.3689819025001,8.3870352248902,-2.95432207779979));
#12095=CARTESIAN_POINT('Ctrl Pts',(17.9994974835318,8.499579278543,-2.88305771161819));
#12096=CARTESIAN_POINT('Ctrl Pts',(17.8118730635651,8.5,-2.84824107385423));
#12097=CARTESIAN_POINT('Ctrl Pts',(18.6890022138309,7.91640680872169,-2.82516836353521));
#12098=CARTESIAN_POINT('Ctrl Pts',(18.6122735311884,8.0773447962202,-2.82308598178083));
#12099=CARTESIAN_POINT('Ctrl Pts',(18.3726110365807,8.34996078408794,-2.79408205941997));
#12100=CARTESIAN_POINT('Ctrl Pts',(18.0240861380896,8.45724356581178,-2.72082898682196));
#12101=CARTESIAN_POINT('Ctrl Pts',(17.8432740498671,8.45705877634149,-2.6843358925389));
#12102=CARTESIAN_POINT('Ctrl Pts',(18.5406361627837,7.84716128920839,-2.57906494165393));
#12103=CARTESIAN_POINT('Ctrl Pts',(18.4834775853209,7.97242401807937,-2.58135040982002));
#12104=CARTESIAN_POINT('Ctrl Pts',(18.3012309081296,8.18027000204827,-2.5625208058273));
#12105=CARTESIAN_POINT('Ctrl Pts',(18.0290705158271,8.25593640483315,-2.49898786269839));
#12106=CARTESIAN_POINT('Ctrl Pts',(17.8848851473295,8.25054529753698,-2.46713652151541));
#12107=CARTESIAN_POINT('Ctrl Pts',(18.3561854764501,7.76107432046113,-2.50000000000012));
#12108=CARTESIAN_POINT('Ctrl Pts',(18.3203750254803,7.85109995866559,-2.50192701190125));
#12109=CARTESIAN_POINT('Ctrl Pts',(18.1946446165227,7.99866553259224,-2.48953371499118));
#12110=CARTESIAN_POINT('Ctrl Pts',(17.997211786787,8.04107316390471,-2.44618011815852));
#12111=CARTESIAN_POINT('Ctrl Pts',(17.8929551783719,8.03086354791211,-2.42501300703361));
#12112=CARTESIAN_POINT('Ctrl Pts',(18.2449403416789,7.70915390405783,-2.5));
#12113=CARTESIAN_POINT('Ctrl Pts',(18.2205490868095,7.77944577947891,-2.49999999999982));
#12114=CARTESIAN_POINT('Ctrl Pts',(18.1259322864599,7.89365922365338,-2.48980946836041));
#12115=CARTESIAN_POINT('Ctrl Pts',(17.9702169483769,7.91920435867858,-2.46120652090303));
#12116=CARTESIAN_POINT('Ctrl Pts',(17.8885892015171,7.90754325198432,-2.44780229846294));
#12117=CARTESIAN_POINT('',(18.2449403416803,7.70915390405637,-2.5));
#12118=CARTESIAN_POINT('Ctrl Pts',(17.8885892015171,7.90754325198432,-2.44780229846294));
#12119=CARTESIAN_POINT('Ctrl Pts',(17.9702169483769,7.91920435867858,-2.46120652090303));
#12120=CARTESIAN_POINT('Ctrl Pts',(18.1259322864599,7.89365922365338,-2.48980946836041));
#12121=CARTESIAN_POINT('Ctrl Pts',(18.2205490868095,7.77944577947891,-2.49999999999982));
#12122=CARTESIAN_POINT('Ctrl Pts',(18.2449403416789,7.70915390405783,-2.5));
#12123=CARTESIAN_POINT('',(18.6930753116327,7.91830780811762,-3.07368645140446));
#12124=CARTESIAN_POINT('Origin',(18.2449403416779,7.70915390405881,-3.));
#12125=CARTESIAN_POINT('Ctrl Pts',(18.6930753116327,7.91830780811762,-3.07368645140446));
#12126=CARTESIAN_POINT('Ctrl Pts',(18.6137633129919,8.09045260238992,-3.06741290112878));
#12127=CARTESIAN_POINT('Ctrl Pts',(18.3561476501107,8.38848957224689,-3.03280214447806));
#12128=CARTESIAN_POINT('Ctrl Pts',(17.9831126991209,8.5,-2.96370306962069));
#12129=CARTESIAN_POINT('Ctrl Pts',(17.7961324535015,8.5,-2.93040306461725));
#12130=CARTESIAN_POINT('Ctrl Pts',(18.2449403416786,7.70915390405734,-2.5));
#12131=CARTESIAN_POINT('Ctrl Pts',(18.2879103172881,7.61708606140554,-2.5));
#12132=CARTESIAN_POINT('Ctrl Pts',(18.3151227764214,7.40582466536548,-2.5));
#12133=CARTESIAN_POINT('Ctrl Pts',(18.2153087346113,7.21780376363199,-2.5));
#12134=CARTESIAN_POINT('Ctrl Pts',(18.1429826466809,7.14644660940673,-2.5));
#12135=CARTESIAN_POINT('Ctrl Pts',(18.3191037648596,7.74376751499269,-2.5));
#12136=CARTESIAN_POINT('Ctrl Pts',(18.3697431425419,7.63679818128321,-2.49999722875108));
#12137=CARTESIAN_POINT('Ctrl Pts',(18.4020199872093,7.3897346297544,-2.49999226614079));
#12138=CARTESIAN_POINT('Ctrl Pts',(18.2840252621176,7.1712482489835,-2.49999546515045));
#12139=CARTESIAN_POINT('Ctrl Pts',(18.1993828047043,7.08928061347013,-2.5));
#12140=CARTESIAN_POINT('Ctrl Pts',(18.4670794456522,7.81283084059391,-2.54107058433914));
#12141=CARTESIAN_POINT('Ctrl Pts',(18.5330215367272,7.67611201723462,-2.54173000146654));
#12142=CARTESIAN_POINT('Ctrl Pts',(18.5754116986774,7.35762892948067,-2.54215303480401));
#12143=CARTESIAN_POINT('Ctrl Pts',(18.4211550228785,7.07836178326572,-2.54061210101325));
#12144=CARTESIAN_POINT('Ctrl Pts',(18.3119326648692,6.97520247833121,-2.53951732997664));
#12145=CARTESIAN_POINT('Ctrl Pts',(18.6657895084129,7.90557295667112,-2.7392815259841));
#12146=CARTESIAN_POINT('Ctrl Pts',(18.7512956225259,7.72856164571942,-2.74287397029212));
#12147=CARTESIAN_POINT('Ctrl Pts',(18.8063167432877,7.31519768220627,-2.74516497384991));
#12148=CARTESIAN_POINT('Ctrl Pts',(18.6060625358869,6.95339862881866,-2.73678530248921));
#12149=CARTESIAN_POINT('Ctrl Pts',(18.4647300961716,6.82033026443909,-2.73079099864041));
#12150=CARTESIAN_POINT('Ctrl Pts',(18.7094698300687,7.92595947059505,-2.95226206556561));
#12151=CARTESIAN_POINT('Ctrl Pts',(18.7975893274352,7.73908789943353,-2.95826542039993));
#12152=CARTESIAN_POINT('Ctrl Pts',(18.8539570199082,7.3070056509626,-2.9620708120756));
#12153=CARTESIAN_POINT('Ctrl Pts',(18.6485241771346,6.92566901820865,-2.94813804411155));
#12154=CARTESIAN_POINT('Ctrl Pts',(18.5015587182364,6.78300155946573,-2.93802430602774));
#12155=CARTESIAN_POINT('Ctrl Pts',(18.693075311634,7.91830780811468,-3.07368645140457));
#12156=CARTESIAN_POINT('Ctrl Pts',(18.777911854523,7.73417212281107,-3.08039699112276));
#12157=CARTESIAN_POINT('Ctrl Pts',(18.8316481566653,7.31164933073096,-3.08460612028775));
#12158=CARTESIAN_POINT('Ctrl Pts',(18.6345638717358,6.93560752726397,-3.06909524262678));
#12159=CARTESIAN_POINT('Ctrl Pts',(18.4917995748648,6.79289321881345,-3.05767799071026));
#12160=CARTESIAN_POINT('',(18.1429826466809,7.14644660940673,-2.5));
#12161=CARTESIAN_POINT('',(18.4917995748648,6.79289321881345,-3.05767799071026));
#12162=CARTESIAN_POINT('Origin',(18.1429826466809,7.14644660940673,-3.));
#12163=CARTESIAN_POINT('Ctrl Pts',(18.4917995748648,6.79289321881345,-3.05767799071026));
#12164=CARTESIAN_POINT('Ctrl Pts',(18.6345638717358,6.93560752726397,-3.06909524262678));
#12165=CARTESIAN_POINT('Ctrl Pts',(18.8316481566653,7.31164933073096,-3.08460612028775));
#12166=CARTESIAN_POINT('Ctrl Pts',(18.777911854523,7.73417212281107,-3.08039699112276));
#12167=CARTESIAN_POINT('Ctrl Pts',(18.693075311634,7.91830780811468,-3.07368645140457));
#12168=CARTESIAN_POINT('Ctrl Pts',(18.2449403416786,7.70915390405734,-2.5));
#12169=CARTESIAN_POINT('Ctrl Pts',(18.2879103172881,7.61708606140554,-2.5));
#12170=CARTESIAN_POINT('Ctrl Pts',(18.3151227764214,7.40582466536548,-2.5));
#12171=CARTESIAN_POINT('Ctrl Pts',(18.2153087346113,7.21780376363199,-2.5));
#12172=CARTESIAN_POINT('Ctrl Pts',(18.1429826466809,7.14644660940673,-2.5));
#12173=CARTESIAN_POINT('Ctrl Pts',(18.1429826466809,7.14644660940673,-2.5));
#12174=CARTESIAN_POINT('Ctrl Pts',(16.809499344533,5.83082763469063,-2.5));
#12175=CARTESIAN_POINT('Ctrl Pts',(15.4742388172474,4.51701720952362,-2.5));
#12176=CARTESIAN_POINT('Ctrl Pts',(14.1351512195661,3.20710678118658,-2.5));
#12177=CARTESIAN_POINT('Ctrl Pts',(18.1993828047043,7.08928061347013,-2.5));
#12178=CARTESIAN_POINT('Ctrl Pts',(16.8661219951929,5.77332424216297,-2.49999836101337));
#12179=CARTESIAN_POINT('Ctrl Pts',(15.5311211939289,4.45910678080281,-2.50000274599594));
#12180=CARTESIAN_POINT('Ctrl Pts',(14.1923630842726,3.1486205696019,-2.5));
#12181=CARTESIAN_POINT('Ctrl Pts',(18.3119337936671,6.97520133420576,-2.53951641067744));
#12182=CARTESIAN_POINT('Ctrl Pts',(16.9791140435317,5.65857455029633,-2.53991208314215));
#12183=CARTESIAN_POINT('Ctrl Pts',(15.6446230988835,4.34355371799873,-2.5403881457007));
#12184=CARTESIAN_POINT('Ctrl Pts',(14.3065174361341,3.03192352414584,-2.54104171669437));
#12185=CARTESIAN_POINT('Ctrl Pts',(18.4647327015426,6.82032762369066,-2.73078988714816));
#12186=CARTESIAN_POINT('Ctrl Pts',(17.1320816602576,5.50322726668282,-2.73295635017902));
#12187=CARTESIAN_POINT('Ctrl Pts',(15.7977882961999,4.18761605862526,-2.73556723763253));
#12188=CARTESIAN_POINT('Ctrl Pts',(14.4598404859449,2.87518533045044,-2.7391281547399));
#12189=CARTESIAN_POINT('Ctrl Pts',(18.5015587182364,6.78300155946573,-2.93802430602774));
#12190=CARTESIAN_POINT('Ctrl Pts',(17.1681403171842,5.46660481709985,-2.94167961617134));
#12191=CARTESIAN_POINT('Ctrl Pts',(15.8328671510668,4.15189938444132,-2.94605624350803));
#12192=CARTESIAN_POINT('Ctrl Pts',(14.4935995018477,2.84067436044254,-2.95200794465025));
#12193=CARTESIAN_POINT('Ctrl Pts',(18.4917995748648,6.79289321881345,-3.05767799071026));
#12194=CARTESIAN_POINT('Ctrl Pts',(17.1576339549463,5.47727424409736,-3.06180441720032));
#12195=CARTESIAN_POINT('Ctrl Pts',(15.8215009105095,4.16346381893034,-3.06674809766302));
#12196=CARTESIAN_POINT('Ctrl Pts',(14.481001090862,2.8535533905933,-3.07340208801244));
#12197=CARTESIAN_POINT('',(14.6308313117521,2.99999993747397,-3.07266564928404));
#12198=CARTESIAN_POINT('Ctrl Pts',(14.6308320964716,2.99999913327306,-3.07266534312209));
#12199=CARTESIAN_POINT('Ctrl Pts',(15.9210721298293,4.26137671061278,-3.06638080964489));
#12200=CARTESIAN_POINT('Ctrl Pts',(17.2073476202955,5.52629682454731,-3.06165065833968));
#12201=CARTESIAN_POINT('Ctrl Pts',(18.4917995748648,6.79289321881345,-3.05767799071026));
#12202=CARTESIAN_POINT('',(14.1351512195661,3.20710678118661,-2.5));
#12203=CARTESIAN_POINT('Ctrl Pts',(18.1429826466809,7.14644660940673,-2.5));
#12204=CARTESIAN_POINT('Ctrl Pts',(16.809499344533,5.83082763469063,-2.5));
#12205=CARTESIAN_POINT('Ctrl Pts',(15.4742388172474,4.51701720952362,-2.5));
#12206=CARTESIAN_POINT('Ctrl Pts',(14.1351512195661,3.20710678118658,-2.5));
#12207=CARTESIAN_POINT('',(14.6298420046475,2.99903274221504,-3.07267046268281));
#12208=CARTESIAN_POINT('Ctrl Pts',(14.1351512195661,3.20710678118661,-2.5));
#12209=CARTESIAN_POINT('Ctrl Pts',(14.1362066395309,3.20666278689006,-2.5));
#12210=CARTESIAN_POINT('Ctrl Pts',(14.1372620361917,3.20621881633094,-2.50000341486013));
#12211=CARTESIAN_POINT('Ctrl Pts',(14.1383173945203,3.20577487532357,-2.50001023929748));
#12212=CARTESIAN_POINT('Ctrl Pts',(14.164658182585,3.1946945098489,-2.50018057107274));
#12213=CARTESIAN_POINT('Ctrl Pts',(14.1909508579296,3.183642791615,-2.50247040664456));
#12214=CARTESIAN_POINT('Ctrl Pts',(14.2169609903219,3.17271061883145,-2.50681313676442));
#12215=CARTESIAN_POINT('Ctrl Pts',(14.2270033228361,3.16848978240743,-2.50848983487672));
#12216=CARTESIAN_POINT('Ctrl Pts',(14.237003481814,3.16428682203316,-2.51047310119164));
#12217=CARTESIAN_POINT('Ctrl Pts',(14.2469475934094,3.16010735533344,-2.51276110905584));
#12218=CARTESIAN_POINT('Ctrl Pts',(14.2720882057391,3.14954086570446,-2.51854562969091));
#12219=CARTESIAN_POINT('Ctrl Pts',(14.2968225409688,3.13914439114028,-2.52626345784535));
#12220=CARTESIAN_POINT('Ctrl Pts',(14.3209196685538,3.12901246614032,-2.535893941486));
#12221=CARTESIAN_POINT('Ctrl Pts',(14.330791526833,3.12486172546208,-2.53983925693182));
#12222=CARTESIAN_POINT('Ctrl Pts',(14.3405562402502,3.12075559032031,-2.54410608576406));
#12223=CARTESIAN_POINT('Ctrl Pts',(14.350196872276,3.11670163898611,-2.54869508429494));
#12224=CARTESIAN_POINT('Ctrl Pts',(14.3570971179758,3.11380003873978,-2.551979642537));
#12225=CARTESIAN_POINT('Ctrl Pts',(14.3639256775816,3.11092882377096,-2.55542533387477));
#12226=CARTESIAN_POINT('Ctrl Pts',(14.3706765775382,3.10809049644132,-2.55903170643229));
#12227=CARTESIAN_POINT('Ctrl Pts',(14.3933690798161,3.09854973153492,-2.57115418165802));
#12228=CARTESIAN_POINT('Ctrl Pts',(14.4151861715296,3.08937845445016,-2.58508964993731));
#12229=CARTESIAN_POINT('Ctrl Pts',(14.4359164826946,3.08065582373963,-2.60071668391436));
#12230=CARTESIAN_POINT('Ctrl Pts',(14.4557633294455,3.07230492569478,-2.61567774002423));
#12231=CARTESIAN_POINT('Ctrl Pts',(14.4746145304189,3.06436475973396,-2.63219014996994));
#12232=CARTESIAN_POINT('Ctrl Pts',(14.4922556655781,3.05693432958757,-2.65017064391701));
#12233=CARTESIAN_POINT('Ctrl Pts',(14.4965529796557,3.05512430479138,-2.65455062451717));
#12234=CARTESIAN_POINT('Ctrl Pts',(14.5007783310105,3.05334468909851,-2.65901779830142));
#12235=CARTESIAN_POINT('Ctrl Pts',(14.5049282947603,3.05159724598663,-2.66357109387918));
#12236=CARTESIAN_POINT('Ctrl Pts',(14.5215553552199,3.04459601801869,-2.68181412572878));
#12237=CARTESIAN_POINT('Ctrl Pts',(14.5368573555652,3.03815663259708,-2.70131067798366));
#12238=CARTESIAN_POINT('Ctrl Pts',(14.5506455138772,3.03237616672641,-2.72195672587734));
#12239=CARTESIAN_POINT('Ctrl Pts',(14.5649159417623,3.02639351701479,-2.74332491232476));
#12240=CARTESIAN_POINT('Ctrl Pts',(14.577564913747,3.02111654417851,-2.76592573399419));
#12241=CARTESIAN_POINT('Ctrl Pts',(14.5884670881696,3.01656710040627,-2.78956728878192));
#12242=CARTESIAN_POINT('Ctrl Pts',(14.5928873222099,3.01472255037002,-2.79915264315137));
#12243=CARTESIAN_POINT('Ctrl Pts',(14.5970200020132,3.01299801060306,-2.80890910981542));
#12244=CARTESIAN_POINT('Ctrl Pts',(14.6008550425714,3.01139670838772,-2.81882372862223));
#12245=CARTESIAN_POINT('Ctrl Pts',(14.6103529667533,3.00743089712624,-2.84337843574775));
#12246=CARTESIAN_POINT('Ctrl Pts',(14.6179284415126,3.00425777282336,-2.86864935284197));
#12247=CARTESIAN_POINT('Ctrl Pts',(14.6235163383191,3.00189745189461,-2.89440236709348));
#12248=CARTESIAN_POINT('Ctrl Pts',(14.6289673750869,2.99959494048255,-2.91952463266628));
#12249=CARTESIAN_POINT('Ctrl Pts',(14.6325270981019,2.99806580686248,-2.94510692572449));
#12250=CARTESIAN_POINT('Ctrl Pts',(14.6341010889388,2.99736350272018,-2.97093514570573));
#12251=CARTESIAN_POINT('Ctrl Pts',(14.6345686194584,2.99715489374174,-2.97860703351164));
#12252=CARTESIAN_POINT('Ctrl Pts',(14.6348607110726,2.99701947960155,-2.98630057349451));
#12253=CARTESIAN_POINT('Ctrl Pts',(14.6349742698383,2.99695929557391,-2.99400996344041));
#12254=CARTESIAN_POINT('Ctrl Pts',(14.6353621896784,2.99675370529431,-3.02034544972425));
#12255=CARTESIAN_POINT('Ctrl Pts',(14.6336658601872,2.99742460154494,-3.04664327112371));
#12256=CARTESIAN_POINT('Ctrl Pts',(14.6298428920846,2.99903205867803,-3.07267016166438));
#12257=CARTESIAN_POINT('Ctrl Pts',(14.6298427804119,2.99903194950373,-3.07267016220839));
#12258=CARTESIAN_POINT('Ctrl Pts',(14.6301725530795,2.99935434424207,-3.07266855574284));
#12259=CARTESIAN_POINT('Ctrl Pts',(14.6305023254881,2.99967673921186,-3.07266694937885));
#12260=CARTESIAN_POINT('Ctrl Pts',(14.6308320976377,2.99999913441306,-3.07266534311641));
#12261=CARTESIAN_POINT('Origin',(14.1351512195661,1.5,-3.));
#12262=CARTESIAN_POINT('',(14.1351512195661,0.500000000000002,-2.5));
#12263=CARTESIAN_POINT('',(14.1351512195661,1.5,-2.5));
#12264=CARTESIAN_POINT('',(14.6242567980978,0.500000000000002,-3.1038062283737));
#12265=CARTESIAN_POINT('Origin',(14.1351512195661,0.500000000000002,-3.));
#12266=CARTESIAN_POINT('',(14.6242567980978,3.,-3.1038062283737));
#12267=CARTESIAN_POINT('',(14.6242567980978,1.5,-3.1038062283737));
#12268=CARTESIAN_POINT('Ctrl Pts',(14.6242567980978,3.,-3.1038062283737));
#12269=CARTESIAN_POINT('Ctrl Pts',(14.6264419956719,3.,-3.09351019565514));
#12270=CARTESIAN_POINT('Ctrl Pts',(14.6283070527485,2.99967833912637,-3.08311957882304));
#12271=CARTESIAN_POINT('Ctrl Pts',(14.6298420358787,2.99903280388508,-3.07267046343526));
#12272=CARTESIAN_POINT('Origin',(16.4985091512759,0.500000000000002,-3.));
#12273=CARTESIAN_POINT('',(14.1351512195661,1.80411241501588E-15,-3.));
#12274=CARTESIAN_POINT('Origin',(14.1351512195661,0.500000000000002,-3.));
#12275=CARTESIAN_POINT('',(11.0357864376269,0.500000000000002,-2.5));
#12276=CARTESIAN_POINT('',(16.4985091512759,0.500000000000002,-2.5));
#12277=CARTESIAN_POINT('',(11.0357864376269,1.80411241501588E-15,-3.));
#12278=CARTESIAN_POINT('Origin',(11.0357864376269,0.500000000000002,-3.));
#12279=CARTESIAN_POINT('',(16.4985091512759,1.80411241501588E-15,-3.));
#12280=CARTESIAN_POINT('Ctrl Pts',(8.20735931288073,1.80411241501588E-15,
-1.));
#12281=CARTESIAN_POINT('Ctrl Pts',(8.20735931288073,1.80411241501588E-15,
-1.44879895051283));
#12282=CARTESIAN_POINT('Ctrl Pts',(8.7230351981307,1.80411241501588E-15,
-2.49854358882934));
#12283=CARTESIAN_POINT('Ctrl Pts',(10.1895230208348,1.80411241501588E-15,
-3.));
#12284=CARTESIAN_POINT('Ctrl Pts',(11.0357864376269,1.80411241501588E-15,
-3.));
#12285=CARTESIAN_POINT('Ctrl Pts',(8.27280915983052,1.80411241501588E-15,
-1.));
#12286=CARTESIAN_POINT('Ctrl Pts',(8.27280915983052,1.80439757145674E-15,
-1.42802644023975));
#12287=CARTESIAN_POINT('Ctrl Pts',(8.78014812091184,-0.000132170406202048,
-2.42951909278659));
#12288=CARTESIAN_POINT('Ctrl Pts',(10.2172679914771,0.000574802876895515,
-2.88690392239419));
#12289=CARTESIAN_POINT('Ctrl Pts',(11.0357864376269,1.80411241501588E-15,
-2.86910030610042));
#12290=CARTESIAN_POINT('Ctrl Pts',(8.40368430420108,0.026029543321639,-1.));
#12291=CARTESIAN_POINT('Ctrl Pts',(8.40368430420108,0.026029543321639,-1.38650265695586));
#12292=CARTESIAN_POINT('Ctrl Pts',(8.89448367852696,0.0377794335135821,
-2.2917088491298));
#12293=CARTESIAN_POINT('Ctrl Pts',(10.2722713624814,0.0773120551034925,
-2.66006039675001));
#12294=CARTESIAN_POINT('Ctrl Pts',(11.0357864376269,0.108251177125931,-2.60825117712593));
#12295=CARTESIAN_POINT('Ctrl Pts',(8.51463267286819,0.100166578800911,-1.));
#12296=CARTESIAN_POINT('Ctrl Pts',(8.51463267286819,0.10016657880091,-1.35127327849224));
#12297=CARTESIAN_POINT('Ctrl Pts',(8.98141031441402,0.144592662097497,-2.17332287854604));
#12298=CARTESIAN_POINT('Ctrl Pts',(10.2955284557589,0.280898487470157,-2.52831977351917));
#12299=CARTESIAN_POINT('Ctrl Pts',(11.0357864376269,0.369100306100428,-2.5));
#12300=CARTESIAN_POINT('Ctrl Pts',(8.560912703474,0.146446609406726,-1.));
#12301=CARTESIAN_POINT('Ctrl Pts',(8.560912703474,0.146446609406726,-1.33659921288462));
#12302=CARTESIAN_POINT('Ctrl Pts',(9.01212910306772,0.210906095062974,-2.12390769162201));
#12303=CARTESIAN_POINT('Ctrl Pts',(10.2953059479339,0.394217072900994,-2.5));
#12304=CARTESIAN_POINT('Ctrl Pts',(11.0357864376269,0.500000000000003,-2.5));
#12305=CARTESIAN_POINT('',(8.560912703474,0.146446609406726,-1.));
#12306=CARTESIAN_POINT('',(8.20735931288073,1.80411241501588E-15,-1.));
#12307=CARTESIAN_POINT('Origin',(8.20735931288073,0.500000000000002,-1.));
#12308=CARTESIAN_POINT('Origin',(11.0357864376269,1.80411241501588E-15,
-1.));
#12309=CARTESIAN_POINT('Origin',(11.0357864376269,0.500000000000001,-1.));
#12310=CARTESIAN_POINT('Origin',(8.20735931288073,0.500000000000003,0.));
#12311=CARTESIAN_POINT('',(8.560912703474,0.146446609406731,1.));
#12312=CARTESIAN_POINT('',(8.20735931288073,1.80411241501588E-15,1.));
#12313=CARTESIAN_POINT('Origin',(8.20735931288073,0.500000000000003,1.));
#12314=CARTESIAN_POINT('',(8.20735931288073,1.80411241501588E-15,0.));
#12315=CARTESIAN_POINT('',(8.560912703474,0.146446609406731,0.));
#12316=CARTESIAN_POINT('Ctrl Pts',(11.0357864376269,1.80411241501588E-15,
3.));
#12317=CARTESIAN_POINT('Ctrl Pts',(10.4010888750329,1.80411241501588E-15,
3.));
#12318=CARTESIAN_POINT('Ctrl Pts',(8.91652577049721,1.80411241501588E-15,
2.63536208464537));
#12319=CARTESIAN_POINT('Ctrl Pts',(8.20735931288073,1.80411241501588E-15,
1.59839860068377));
#12320=CARTESIAN_POINT('Ctrl Pts',(8.20735931288073,1.80411241501588E-15,
0.999999999999999));
#12321=CARTESIAN_POINT('Ctrl Pts',(11.0357864376269,1.80411241501588E-15,
2.86910030610043));
#12322=CARTESIAN_POINT('Ctrl Pts',(10.4218976030146,0.00043110215767204,
2.88245301832075));
#12323=CARTESIAN_POINT('Ctrl Pts',(8.97121225398288,-4.45268859974709E-6,
2.55905976609696));
#12324=CARTESIAN_POINT('Ctrl Pts',(8.27280915983052,1.80451978135996E-15,
1.57070192031966));
#12325=CARTESIAN_POINT('Ctrl Pts',(8.27280915983052,1.80411241501588E-15,
0.999999999999999));
#12326=CARTESIAN_POINT('Ctrl Pts',(11.0357864376269,0.10825117712593,2.60825117712593));
#12327=CARTESIAN_POINT('Ctrl Pts',(10.4631501312678,0.0850468356091016,
2.64710809184399));
#12328=CARTESIAN_POINT('Ctrl Pts',(9.080618108886,0.0417650722073796,2.40646056393021));
#12329=CARTESIAN_POINT('Ctrl Pts',(8.40368430420108,0.0260295433216389,
1.51533687594115));
#12330=CARTESIAN_POINT('Ctrl Pts',(8.40368430420108,0.026029543321639,0.999999999999999));
#12331=CARTESIAN_POINT('Ctrl Pts',(11.0357864376269,0.369100306100426,2.5));
#12332=CARTESIAN_POINT('Ctrl Pts',(10.4805929512259,0.302948942127723,2.52123983013938));
#12333=CARTESIAN_POINT('Ctrl Pts',(9.15746877011441,0.160975935284935,2.27826509402503));
#12334=CARTESIAN_POINT('Ctrl Pts',(8.51463267286818,0.10016657880091,1.46836437132299));
#12335=CARTESIAN_POINT('Ctrl Pts',(8.51463267286819,0.100166578800911,1.));
#12336=CARTESIAN_POINT('Ctrl Pts',(11.0357864376269,0.5,2.5));
#12337=CARTESIAN_POINT('Ctrl Pts',(10.4804260703571,0.420662804675744,2.5));
#12338=CARTESIAN_POINT('Ctrl Pts',(9.18143335388843,0.235092416608789,2.22652156348403));
#12339=CARTESIAN_POINT('Ctrl Pts',(8.560912703474,0.146446609406726,1.44879895051283));
#12340=CARTESIAN_POINT('Ctrl Pts',(8.560912703474,0.146446609406726,1.));
#12341=CARTESIAN_POINT('',(11.0357864376269,0.499999999999998,2.5));
#12342=CARTESIAN_POINT('',(11.0357864376269,1.80411241501588E-15,3.));
#12343=CARTESIAN_POINT('Origin',(11.0357864376269,0.500000000000002,3.));
#12344=CARTESIAN_POINT('Origin',(11.0357864376269,1.80411241501588E-15,
1.));
#12345=CARTESIAN_POINT('Origin',(11.0357864376269,0.500000000000001,1.));
#12346=CARTESIAN_POINT('Origin',(16.4985091512759,0.500000000000002,3.));
#12347=CARTESIAN_POINT('',(14.1351512195661,1.80411241501588E-15,3.));
#12348=CARTESIAN_POINT('Origin',(14.1351512195661,0.500000000000002,3.));
#12349=CARTESIAN_POINT('',(16.4985091512759,1.80411241501588E-15,3.));
#12350=CARTESIAN_POINT('',(16.4985091512759,0.500000000000002,2.5));
#12351=CARTESIAN_POINT('Origin',(14.1351512195661,0.500000000000002,-3.));
#12352=CARTESIAN_POINT('Origin',(14.1351512195661,0.500000000000002,-3.));
#12353=CARTESIAN_POINT('Origin',(14.1351512195661,0.500000000000002,3.));
#12354=CARTESIAN_POINT('Origin',(14.1351512195661,0.500000000000002,3.));
#12355=CARTESIAN_POINT('Origin',(19.3448254394929,8.80903900186598,-1.));
#12356=CARTESIAN_POINT('',(18.2841652677131,9.8696991736458,-1.));
#12357=CARTESIAN_POINT('',(19.3448254394929,8.80903900186598,-2.5));
#12358=CARTESIAN_POINT('Origin',(21.6338704982679,13.2194044042007,0.));
#12359=CARTESIAN_POINT('',(18.2841652677131,9.8696991736458,1.));
#12360=CARTESIAN_POINT('Origin',(18.0470183025517,3.40743567769742,2.5));
#12361=CARTESIAN_POINT('',(19.3448254394929,8.80903900186598,2.5));
#12362=CARTESIAN_POINT('Origin',(19.3448254394929,8.80903900186598,1.));
#12363=CARTESIAN_POINT('Origin',(6.5,8.5,0.));
#12364=CARTESIAN_POINT('Origin',(0.,8.5,0.));
#12365=CARTESIAN_POINT('',(-1.87983283669119E-15,8.5,15.35));
#12366=CARTESIAN_POINT('Origin',(0.,8.5,0.));
#12367=CARTESIAN_POINT('Origin',(18.0470183025517,3.40743567769742,-2.5));
#12368=CARTESIAN_POINT('Origin',(0.,8.25,0.));
#12369=CARTESIAN_POINT('',(-1.59204083889156E-15,8.5,-13.));
#12370=CARTESIAN_POINT('Origin',(0.,8.5,0.));
#12371=CARTESIAN_POINT('',(-1.62265700887024E-15,8.25,-13.25));
#12372=CARTESIAN_POINT('Origin',(-1.59204083889156E-15,8.25,-13.));
#12373=CARTESIAN_POINT('',(13.25,8.25,-1.62265700887024E-15));
#12374=CARTESIAN_POINT('Origin',(0.,8.25,0.));
#12375=CARTESIAN_POINT('Origin',(0.,8.25,0.));
#12376=CARTESIAN_POINT('Origin',(0.,8.5,0.));
#12377=CARTESIAN_POINT('',(13.25,7.,-1.62265700887024E-15));
#12378=CARTESIAN_POINT('',(13.25,8.5,1.62265700887024E-15));
#12379=CARTESIAN_POINT('Origin',(0.,7.,0.));
#12380=CARTESIAN_POINT('Origin',(6.5,8.5,0.));
#12381=CARTESIAN_POINT('',(-6.5,8.5,7.9602041944578E-16));
#12382=CARTESIAN_POINT('Origin',(0.,8.5,0.));
#12383=CARTESIAN_POINT('Origin',(0.,8.25,0.));
#12384=CARTESIAN_POINT('',(-1.8492166667125E-15,8.25,15.1));
#12385=CARTESIAN_POINT('Origin',(-1.87983283669119E-15,8.25,15.35));
#12386=CARTESIAN_POINT('',(-15.1,8.25,-1.8492166667125E-15));
#12387=CARTESIAN_POINT('Origin',(0.,8.25,0.));
#12388=CARTESIAN_POINT('Origin',(0.,8.25,0.));
#12389=CARTESIAN_POINT('Origin',(0.,8.5,0.));
#12390=CARTESIAN_POINT('',(-15.1,7.,-1.8492166667125E-15));
#12391=CARTESIAN_POINT('',(-15.1,8.5,-1.8492166667125E-15));
#12392=CARTESIAN_POINT('Origin',(0.,7.,0.));
#12393=CARTESIAN_POINT('Origin',(0.,7.,0.));
#12394=CARTESIAN_POINT('Origin',(0.,7.5,0.));
#12395=CARTESIAN_POINT('Origin',(0.,6.79289321881345,2.29534241871805E-15));
#12396=CARTESIAN_POINT('Origin',(0.,5.75,0.));
#12397=CARTESIAN_POINT('Origin',(0.,3.,0.));
#12398=CARTESIAN_POINT('Origin',(0.,0.500000000000002,0.));
#12399=CARTESIAN_POINT('',(-4.89858719658941E-16,1.80411241501588E-15,-4.));
#12400=CARTESIAN_POINT('Origin',(0.,1.80411241501588E-15,0.));
#12401=CARTESIAN_POINT('',(-4.28626379701574E-16,0.500000000000002,-3.5));
#12402=CARTESIAN_POINT('Origin',(-4.89858719658941E-16,0.500000000000002,
-4.));
#12403=CARTESIAN_POINT('',(-3.5,0.500000000000002,4.28626379701574E-16));
#12404=CARTESIAN_POINT('Origin',(0.,0.500000000000002,0.));
#12405=CARTESIAN_POINT('Origin',(0.,0.500000000000002,0.));
#12406=CARTESIAN_POINT('Origin',(14.95,1.83084696472529E-15,0.));
#12407=CARTESIAN_POINT('Origin',(0.,1.80411241501588E-15,0.));
#12408=CARTESIAN_POINT('Origin',(0.,2.75,0.));
#12409=CARTESIAN_POINT('',(-3.5,5.5,4.28626379701574E-16));
#12410=CARTESIAN_POINT('Origin',(0.,5.5,0.));
#12411=CARTESIAN_POINT('',(-3.5,2.75,4.28626379701574E-16));
#12412=CARTESIAN_POINT('Origin',(0.,0.500000000000002,0.));
#12413=CARTESIAN_POINT('Origin',(0.,0.500000000000002,0.));
#12414=CARTESIAN_POINT('Origin',(0.,1.5,0.));
#12415=CARTESIAN_POINT('Origin',(0.,7.,0.));
#12416=CARTESIAN_POINT('',(-5.,7.,6.12323399573677E-16));
#12417=CARTESIAN_POINT('',(0.,0.,0.));
#12418=CARTESIAN_POINT('Origin',(0.,56.5,0.));
#12419=CARTESIAN_POINT('',(40.,56.5,-4.89858719658941E-15));
#12420=CARTESIAN_POINT('Origin',(0.,56.5,0.));
#12421=CARTESIAN_POINT('',(40.,12.,-4.89858719658941E-15));
#12422=CARTESIAN_POINT('',(40.,56.5,4.89858719658941E-15));
#12423=CARTESIAN_POINT('Origin',(0.,12.,0.));
#12424=CARTESIAN_POINT('Origin',(0.,12.,0.));
#12425=CARTESIAN_POINT('',(56.,12.,0.));
#12426=CARTESIAN_POINT('Origin',(0.,12.,0.));
#12427=CARTESIAN_POINT('Origin',(0.,56.5,0.));
#12428=CARTESIAN_POINT('',(56.,81.,-6.85802207522518E-15));
#12429=CARTESIAN_POINT('Origin',(0.,81.,0.));
#12430=CARTESIAN_POINT('',(56.,56.5,-6.85802207522518E-15));
#12431=CARTESIAN_POINT('Origin',(0.,81.,0.));
#12432=CARTESIAN_POINT('',(58.,81.,0.));
#12433=CARTESIAN_POINT('Origin',(0.,81.,0.));
#12434=CARTESIAN_POINT('Origin',(0.,56.5,0.));
#12435=CARTESIAN_POINT('',(58.,84.5,-7.10295143505465E-15));
#12436=CARTESIAN_POINT('Origin',(0.,84.5,0.));
#12437=CARTESIAN_POINT('',(58.,56.5,-7.10295143505465E-15));
#12438=CARTESIAN_POINT('Origin',(0.,84.5,0.));
#12439=CARTESIAN_POINT('',(-60.,84.5,7.34788079488412E-15));
#12440=CARTESIAN_POINT('Origin',(0.,84.5,0.));
#12441=CARTESIAN_POINT('Origin',(-12.75,56.5,32.5950533056782));
#12442=CARTESIAN_POINT('',(-12.75,56.5,32.5950533056782));
#12443=CARTESIAN_POINT('',(-12.75,56.5,28.8042965545073));
#12444=CARTESIAN_POINT('',(-12.75,56.5,16.2975266528391));
#12445=CARTESIAN_POINT('',(-12.75,41.5,32.5950533056782));
#12446=CARTESIAN_POINT('',(-12.75,56.5,32.5950533056782));
#12447=CARTESIAN_POINT('',(-12.75,41.5,28.8042965545073));
#12448=CARTESIAN_POINT('',(-12.75,41.5,28.8042965545073));
#12449=CARTESIAN_POINT('',(-12.75,8.50000000000001,28.8042965545073));
#12450=CARTESIAN_POINT('Origin',(-2.22044604925031E-15,56.5,8.88178419700125E-14));
#12451=CARTESIAN_POINT('',(12.75,56.5,32.5950533056781));
#12452=CARTESIAN_POINT('Origin',(-2.22044604925031E-15,56.5,8.88178419700125E-14));
#12453=CARTESIAN_POINT('',(12.75,41.5,32.5950533056781));
#12454=CARTESIAN_POINT('',(12.75,56.5,32.5950533056781));
#12455=CARTESIAN_POINT('Origin',(-2.22044604925031E-15,41.5,8.88178419700125E-14));
#12456=CARTESIAN_POINT('Origin',(12.75,56.5,28.8042965545073));
#12457=CARTESIAN_POINT('',(12.75,56.5,28.8042965545073));
#12458=CARTESIAN_POINT('',(12.75,56.5,14.4021482772536));
#12459=CARTESIAN_POINT('',(12.75,41.5,28.8042965545073));
#12460=CARTESIAN_POINT('',(12.75,8.50000000000001,28.8042965545073));
#12461=CARTESIAN_POINT('',(12.75,41.5,32.5950533056781));
#12462=CARTESIAN_POINT('Origin',(4.44089209850063E-15,41.5,31.9021482772536));
#12463=CARTESIAN_POINT('Origin',(0.,41.5,0.));
#12464=CARTESIAN_POINT('Origin',(0.,56.5,0.));
#12465=CARTESIAN_POINT('',(31.5,56.5,-3.85763741731416E-15));
#12466=CARTESIAN_POINT('Origin',(0.,56.5,0.));
#12467=CARTESIAN_POINT('Origin',(0.,56.5,0.));
#12468=CARTESIAN_POINT('Origin',(0.,10.5,12.25));
#12469=CARTESIAN_POINT('',(0.,10.5,10.25));
#12470=CARTESIAN_POINT('',(-2.,10.5,12.25));
#12471=CARTESIAN_POINT('Origin',(0.,10.5,12.25));
#12472=CARTESIAN_POINT('Origin',(0.,10.5,12.25));
#12473=CARTESIAN_POINT('',(-2.,2.22044604925031E-15,12.25));
#12474=CARTESIAN_POINT('',(-2.,10.5,12.25));
#12475=CARTESIAN_POINT('Origin',(0.,2.22044604925031E-15,12.25));
#12476=CARTESIAN_POINT('Origin',(0.,10.5,0.));
#12477=CARTESIAN_POINT('',(31.5,10.5,0.));
#12478=CARTESIAN_POINT('Origin',(0.,10.5,0.));
#12479=CARTESIAN_POINT('',(-10.25,10.5,1.25526296912604E-15));
#12480=CARTESIAN_POINT('Origin',(0.,10.5,0.));
#12481=CARTESIAN_POINT('Origin',(0.,10.5,0.));
#12482=CARTESIAN_POINT('Origin',(0.,8.5,0.));
#12483=CARTESIAN_POINT('',(31.5,8.5,-3.85763741731416E-15));
#12484=CARTESIAN_POINT('Origin',(0.,8.5,0.));
#12485=CARTESIAN_POINT('',(-60.,8.5,7.34788079488412E-15));
#12486=CARTESIAN_POINT('',(-60.,8.5,7.34788079488412E-15));
#12487=CARTESIAN_POINT('Origin',(0.,8.5,0.));
#12488=CARTESIAN_POINT('Origin',(0.,8.5,0.));
#12489=CARTESIAN_POINT('',(-20.45,8.50000000000001,2.50440270425634E-15));
#12490=CARTESIAN_POINT('Origin',(0.,8.5,0.));
#12491=CARTESIAN_POINT('Origin',(0.,5.75,0.));
#12492=CARTESIAN_POINT('',(-14.95,3.,1.83084696472529E-15));
#12493=CARTESIAN_POINT('',(-17.7,5.75,2.16762483449081E-15));
#12494=CARTESIAN_POINT('Origin',(0.,3.,0.));
#12495=CARTESIAN_POINT('Origin',(0.,0.500000000000002,0.));
#12496=CARTESIAN_POINT('',(-5.20474889637625E-16,1.80411241501588E-15,-4.25));
#12497=CARTESIAN_POINT('Origin',(0.,1.80411241501588E-15,0.));
#12498=CARTESIAN_POINT('',(-4.59242549680258E-16,0.500000000000002,-3.75));
#12499=CARTESIAN_POINT('Origin',(-5.20474889637625E-16,0.500000000000002,
-4.25));
#12500=CARTESIAN_POINT('',(-3.75,0.500000000000002,4.59242549680258E-16));
#12501=CARTESIAN_POINT('Origin',(0.,0.500000000000002,0.));
#12502=CARTESIAN_POINT('Origin',(0.,0.500000000000002,0.));
#12503=CARTESIAN_POINT('Origin',(14.95,1.83084696472529E-15,0.));
#12504=CARTESIAN_POINT('',(-1.76961462476793E-15,1.80411241501588E-15,-14.45));
#12505=CARTESIAN_POINT('Origin',(0.,1.80411241501588E-15,0.));
#12506=CARTESIAN_POINT('Origin',(0.,2.,0.));
#12507=CARTESIAN_POINT('',(-3.75,4.,4.59242549680258E-16));
#12508=CARTESIAN_POINT('Origin',(0.,4.,0.));
#12509=CARTESIAN_POINT('',(-3.75,2.,4.59242549680258E-16));
#12510=CARTESIAN_POINT('Origin',(0.,0.500000000000002,0.));
#12511=CARTESIAN_POINT('',(-1.83084696472529E-15,0.500000000000002,-14.95));
#12512=CARTESIAN_POINT('',(-14.95,0.500000000000002,1.83084696472529E-15));
#12513=CARTESIAN_POINT('Origin',(0.,0.500000000000002,0.));
#12514=CARTESIAN_POINT('Origin',(0.,0.500000000000002,0.));
#12515=CARTESIAN_POINT('Origin',(-1.76961462476793E-15,0.500000000000002,
-14.45));
#12516=CARTESIAN_POINT('Origin',(0.,1.5,0.));
#12517=CARTESIAN_POINT('',(-14.95,1.5,1.83084696472529E-15));
#12518=CARTESIAN_POINT('Origin',(0.,6.25,0.));
#12519=CARTESIAN_POINT('',(-6.,6.25,7.34788079488412E-16));
#12520=CARTESIAN_POINT('',(0.,0.,0.));
#12521=CARTESIAN_POINT('Origin',(0.,7.5,0.));
#12522=CARTESIAN_POINT('',(-3.3,2.2,-4.04133443718626E-16));
#12523=CARTESIAN_POINT('Origin',(0.,2.2,0.));
#12524=CARTESIAN_POINT('',(-3.3,7.5,4.04133443718626E-16));
#12525=CARTESIAN_POINT('',(-3.3,7.5,4.04133443718627E-16));
#12526=CARTESIAN_POINT('Origin',(0.,7.5,0.));
#12527=CARTESIAN_POINT('Origin',(0.,0.6,0.));
#12528=CARTESIAN_POINT('',(-5.,1.,6.12323399573677E-16));
#12529=CARTESIAN_POINT('Origin',(0.,1.,0.));
#12530=CARTESIAN_POINT('',(-5.,2.2,-6.12323399573677E-16));
#12531=CARTESIAN_POINT('',(-5.,0.6,6.12323399573677E-16));
#12532=CARTESIAN_POINT('Origin',(0.,2.2,0.));
#12533=CARTESIAN_POINT('Origin',(0.,13.5,0.));
#12534=CARTESIAN_POINT('',(0.,13.5185058345958,6.5));
#12535=CARTESIAN_POINT('',(-6.5,15.,-7.9602041944578E-16));
#12536=CARTESIAN_POINT('Ctrl Pts',(0.,13.5185058345958,6.5));
#12537=CARTESIAN_POINT('Ctrl Pts',(-0.828832746630529,13.5185058345958,
6.5));
#12538=CARTESIAN_POINT('Ctrl Pts',(-1.70393886222725,13.6028182222545,6.33210047947261));
#12539=CARTESIAN_POINT('Ctrl Pts',(-3.30130289884299,13.8935896356262,5.6657141095805));
#12540=CARTESIAN_POINT('Ctrl Pts',(-4.02473712246184,14.0945302678626,5.16765103296328));
#12541=CARTESIAN_POINT('Ctrl Pts',(-5.16683080850751,14.4621663272719,4.02555734691761));
#12542=CARTESIAN_POINT('Ctrl Pts',(-5.66551009448028,14.6545255501005,3.30182254672528));
#12543=CARTESIAN_POINT('Ctrl Pts',(-6.33237587194964,14.9250158199657,1.70324811576738));
#12544=CARTESIAN_POINT('Ctrl Pts',(-6.5,15.,0.827643105167103));
#12545=CARTESIAN_POINT('Ctrl Pts',(-6.5,15.,8.32667268468867E-16));
#12546=CARTESIAN_POINT('',(6.5,15.,-1.1751663269605E-15));
#12547=CARTESIAN_POINT('Ctrl Pts',(6.5,15.,-1.87350135405495E-15));
#12548=CARTESIAN_POINT('Ctrl Pts',(6.5,15.,0.8276431051671));
#12549=CARTESIAN_POINT('Ctrl Pts',(6.33237587194964,14.9250158199657,1.70324811576738));
#12550=CARTESIAN_POINT('Ctrl Pts',(5.66551009448028,14.6545255501005,3.30182254672528));
#12551=CARTESIAN_POINT('Ctrl Pts',(5.16683080850751,14.4621663272719,4.02555734691761));
#12552=CARTESIAN_POINT('Ctrl Pts',(4.02473712246184,14.0945302678626,5.16765103296328));
#12553=CARTESIAN_POINT('Ctrl Pts',(3.30130289884299,13.8935896356262,5.6657141095805));
#12554=CARTESIAN_POINT('Ctrl Pts',(1.70393886222726,13.6028182222545,6.33210047947261));
#12555=CARTESIAN_POINT('Ctrl Pts',(0.828832746630529,13.5185058345958,6.5));
#12556=CARTESIAN_POINT('Ctrl Pts',(0.,13.5185058345958,6.5));
#12557=CARTESIAN_POINT('Ctrl Pts',(-6.5,15.,0.));
#12558=CARTESIAN_POINT('Ctrl Pts',(-6.5,15.,-0.827643105167102));
#12559=CARTESIAN_POINT('Ctrl Pts',(-6.33237587194964,14.9250158199657,-1.70324811576738));
#12560=CARTESIAN_POINT('Ctrl Pts',(-5.66551009448028,14.6545255501005,-3.30182254672528));
#12561=CARTESIAN_POINT('Ctrl Pts',(-5.16683080850751,14.4621663272719,-4.02555734691761));
#12562=CARTESIAN_POINT('Ctrl Pts',(-4.02473712246184,14.0945302678626,-5.16765103296328));
#12563=CARTESIAN_POINT('Ctrl Pts',(-3.30130289884299,13.8935896356262,-5.6657141095805));
#12564=CARTESIAN_POINT('Ctrl Pts',(-1.70393886222725,13.6028182222545,-6.33210047947261));
#12565=CARTESIAN_POINT('Ctrl Pts',(-0.828832746630529,13.5185058345958,
-6.5));
#12566=CARTESIAN_POINT('Ctrl Pts',(0.828832746630529,13.5185058345958,-6.5));
#12567=CARTESIAN_POINT('Ctrl Pts',(1.70393886222725,13.6028182222545,-6.33210047947261));
#12568=CARTESIAN_POINT('Ctrl Pts',(3.30130289884299,13.8935896356262,-5.6657141095805));
#12569=CARTESIAN_POINT('Ctrl Pts',(4.02473712246184,14.0945302678626,-5.16765103296328));
#12570=CARTESIAN_POINT('Ctrl Pts',(5.16683080850751,14.4621663272719,-4.02555734691761));
#12571=CARTESIAN_POINT('Ctrl Pts',(5.66551009448028,14.6545255501005,-3.30182254672528));
#12572=CARTESIAN_POINT('Ctrl Pts',(6.33237587194964,14.9250158199657,-1.70324811576738));
#12573=CARTESIAN_POINT('Ctrl Pts',(6.5,15.,-0.827643105167104));
#12574=CARTESIAN_POINT('Ctrl Pts',(6.5,15.,-1.87350135405495E-15));
#12575=CARTESIAN_POINT('',(-6.5,11.,7.96020419445779E-16));
#12576=CARTESIAN_POINT('',(-6.5,13.5,-7.9602041944578E-16));
#12577=CARTESIAN_POINT('Origin',(0.,11.,0.));
#12578=CARTESIAN_POINT('Origin',(0.,-7.5,0.));
#12579=CARTESIAN_POINT('',(-3.3,-2.2,4.04133443718626E-16));
#12580=CARTESIAN_POINT('Origin',(0.,-2.2,0.));
#12581=CARTESIAN_POINT('',(-3.3,-7.5,-4.04133443718626E-16));
#12582=CARTESIAN_POINT('',(-3.3,-7.5,-4.04133443718627E-16));
#12583=CARTESIAN_POINT('Origin',(0.,-7.5,0.));
#12584=CARTESIAN_POINT('Origin',(0.,-0.6,0.));
#12585=CARTESIAN_POINT('',(-5.,-1.,-6.12323399573677E-16));
#12586=CARTESIAN_POINT('Origin',(0.,-1.,0.));
#12587=CARTESIAN_POINT('',(-5.,-2.2,6.12323399573677E-16));
#12588=CARTESIAN_POINT('',(-5.,-0.6,-6.12323399573677E-16));
#12589=CARTESIAN_POINT('Origin',(0.,-2.2,0.));
#12590=CARTESIAN_POINT('Origin',(0.,-13.5,0.));
#12591=CARTESIAN_POINT('',(0.,-13.5185058345958,-6.5));
#12592=CARTESIAN_POINT('',(-6.5,-15.,7.9602041944578E-16));
#12593=CARTESIAN_POINT('Ctrl Pts',(0.,-13.5185058345958,-6.5));
#12594=CARTESIAN_POINT('Ctrl Pts',(-0.828832746630529,-13.5185058345958,
-6.5));
#12595=CARTESIAN_POINT('Ctrl Pts',(-1.70393886222725,-13.6028182222545,
-6.33210047947261));
#12596=CARTESIAN_POINT('Ctrl Pts',(-3.30130289884299,-13.8935896356262,
-5.6657141095805));
#12597=CARTESIAN_POINT('Ctrl Pts',(-4.02473712246184,-14.0945302678626,
-5.16765103296328));
#12598=CARTESIAN_POINT('Ctrl Pts',(-5.16683080850751,-14.4621663272719,
-4.02555734691761));
#12599=CARTESIAN_POINT('Ctrl Pts',(-5.66551009448028,-14.6545255501005,
-3.30182254672528));
#12600=CARTESIAN_POINT('Ctrl Pts',(-6.33237587194964,-14.9250158199657,
-1.70324811576738));
#12601=CARTESIAN_POINT('Ctrl Pts',(-6.5,-15.,-0.827643105167103));
#12602=CARTESIAN_POINT('Ctrl Pts',(-6.5,-15.,-8.32667268468867E-16));
#12603=CARTESIAN_POINT('',(6.5,-15.,1.1751663269605E-15));
#12604=CARTESIAN_POINT('Ctrl Pts',(6.5,-15.,1.87350135405495E-15));
#12605=CARTESIAN_POINT('Ctrl Pts',(6.5,-15.,-0.8276431051671));
#12606=CARTESIAN_POINT('Ctrl Pts',(6.33237587194964,-14.9250158199657,-1.70324811576738));
#12607=CARTESIAN_POINT('Ctrl Pts',(5.66551009448028,-14.6545255501005,-3.30182254672528));
#12608=CARTESIAN_POINT('Ctrl Pts',(5.16683080850751,-14.4621663272719,-4.02555734691761));
#12609=CARTESIAN_POINT('Ctrl Pts',(4.02473712246184,-14.0945302678626,-5.16765103296328));
#12610=CARTESIAN_POINT('Ctrl Pts',(3.30130289884299,-13.8935896356262,-5.6657141095805));
#12611=CARTESIAN_POINT('Ctrl Pts',(1.70393886222726,-13.6028182222545,-6.33210047947261));
#12612=CARTESIAN_POINT('Ctrl Pts',(0.828832746630529,-13.5185058345958,
-6.5));
#12613=CARTESIAN_POINT('Ctrl Pts',(0.,-13.5185058345958,-6.5));
#12614=CARTESIAN_POINT('Ctrl Pts',(-6.5,-15.,0.));
#12615=CARTESIAN_POINT('Ctrl Pts',(-6.5,-15.,0.827643105167102));
#12616=CARTESIAN_POINT('Ctrl Pts',(-6.33237587194964,-14.9250158199657,
1.70324811576738));
#12617=CARTESIAN_POINT('Ctrl Pts',(-5.66551009448028,-14.6545255501005,
3.30182254672528));
#12618=CARTESIAN_POINT('Ctrl Pts',(-5.16683080850751,-14.4621663272719,
4.02555734691761));
#12619=CARTESIAN_POINT('Ctrl Pts',(-4.02473712246184,-14.0945302678626,
5.16765103296328));
#12620=CARTESIAN_POINT('Ctrl Pts',(-3.30130289884299,-13.8935896356262,
5.6657141095805));
#12621=CARTESIAN_POINT('Ctrl Pts',(-1.70393886222725,-13.6028182222545,
6.33210047947261));
#12622=CARTESIAN_POINT('Ctrl Pts',(-0.828832746630529,-13.5185058345958,
6.5));
#12623=CARTESIAN_POINT('Ctrl Pts',(0.828832746630529,-13.5185058345958,
6.5));
#12624=CARTESIAN_POINT('Ctrl Pts',(1.70393886222725,-13.6028182222545,6.33210047947261));
#12625=CARTESIAN_POINT('Ctrl Pts',(3.30130289884299,-13.8935896356262,5.6657141095805));
#12626=CARTESIAN_POINT('Ctrl Pts',(4.02473712246184,-14.0945302678626,5.16765103296328));
#12627=CARTESIAN_POINT('Ctrl Pts',(5.16683080850751,-14.4621663272719,4.02555734691761));
#12628=CARTESIAN_POINT('Ctrl Pts',(5.66551009448028,-14.6545255501005,3.30182254672528));
#12629=CARTESIAN_POINT('Ctrl Pts',(6.33237587194964,-14.9250158199657,1.70324811576738));
#12630=CARTESIAN_POINT('Ctrl Pts',(6.5,-15.,0.827643105167104));
#12631=CARTESIAN_POINT('Ctrl Pts',(6.5,-15.,1.87350135405495E-15));
#12632=CARTESIAN_POINT('',(-6.5,-11.,-7.96020419445779E-16));
#12633=CARTESIAN_POINT('',(-6.5,-13.5,7.9602041944578E-16));
#12634=CARTESIAN_POINT('Origin',(0.,-11.,0.));
#12635=CARTESIAN_POINT('Origin',(12.425,0.,0.));
#12636=CARTESIAN_POINT('',(13.1,3.91886975727153E-16,-3.2));
#12637=CARTESIAN_POINT('Origin',(13.1,0.,0.));
#12638=CARTESIAN_POINT('',(11.75,-3.91886975727153E-16,-3.2));
#12639=CARTESIAN_POINT('',(12.425,-3.91886975727153E-16,-3.2));
#12640=CARTESIAN_POINT('',(11.75,3.91886975727153E-16,3.2));
#12641=CARTESIAN_POINT('Origin',(11.75,0.,0.));
#12642=CARTESIAN_POINT('Origin',(11.75,0.,0.));
#12643=CARTESIAN_POINT('Origin',(10.075,0.,0.));
#12644=CARTESIAN_POINT('',(8.95,0.,-6.));
#12645=CARTESIAN_POINT('',(8.95,-7.34788079488412E-16,6.));
#12646=CARTESIAN_POINT('Origin',(8.95,0.,0.));
#12647=CARTESIAN_POINT('Origin',(8.95,0.,0.));
#12648=CARTESIAN_POINT('',(8.4,8.02143653441516E-16,-6.55));
#12649=CARTESIAN_POINT('',(10.075,-5.97015314584335E-16,-4.875));
#12650=CARTESIAN_POINT('Origin',(8.4,0.,0.));
#12651=CARTESIAN_POINT('Origin',(8.9180235,0.,0.));
#12652=CARTESIAN_POINT('',(8.4,1.27363267111325E-15,-10.4));
#12653=CARTESIAN_POINT('Origin',(8.4,0.,0.));
#12654=CARTESIAN_POINT('',(9.436047,1.27363267111325E-15,-10.4));
#12655=CARTESIAN_POINT('',(8.9180235,-1.27363267111325E-15,-10.4));
#12656=CARTESIAN_POINT('Origin',(9.436047,0.,0.));
#12657=CARTESIAN_POINT('Origin',(9.7680235,0.,0.));
#12658=CARTESIAN_POINT('',(10.1,-1.1327982892113E-15,-9.25));
#12659=CARTESIAN_POINT('',(9.7680235,-1.20321548016227E-15,-9.825));
#12660=CARTESIAN_POINT('',(10.1,-1.,-9.19578707887476));
#12661=CARTESIAN_POINT('Origin',(10.1,0.,0.));
#12662=CARTESIAN_POINT('',(10.1,-1.,9.19578707887476));
#12663=CARTESIAN_POINT('Origin',(10.1,0.,0.));
#12664=CARTESIAN_POINT('',(10.1,1.,9.19578707887476));
#12665=CARTESIAN_POINT('Origin',(10.1,0.,0.));
#12666=CARTESIAN_POINT('',(10.1,1.,-9.19578707887476));
#12667=CARTESIAN_POINT('Origin',(10.1,0.,0.));
#12668=CARTESIAN_POINT('Origin',(10.1,0.,0.));
#12669=CARTESIAN_POINT('Origin',(10.85,0.,0.));
#12670=CARTESIAN_POINT('',(11.6,1.,-9.19578707887476));
#12671=CARTESIAN_POINT('',(9.6,1.,-9.19578707887476));
#12672=CARTESIAN_POINT('',(11.6,-1.,-9.19578707887476));
#12673=CARTESIAN_POINT('Origin',(11.6,0.,0.));
#12674=CARTESIAN_POINT('',(9.6,-1.,-9.19578707887476));
#12675=CARTESIAN_POINT('Origin',(12.35,0.,0.));
#12676=CARTESIAN_POINT('',(11.6,1.83697019872103E-15,-15.));
#12677=CARTESIAN_POINT('Origin',(11.6,0.,0.));
#12678=CARTESIAN_POINT('',(13.1,1.83697019872103E-15,-15.));
#12679=CARTESIAN_POINT('',(12.35,-1.83697019872103E-15,-15.));
#12680=CARTESIAN_POINT('Origin',(13.1,0.,0.));
#12681=CARTESIAN_POINT('Origin',(10.85,0.,0.));
#12682=CARTESIAN_POINT('',(11.6,-1.,9.19578707887476));
#12683=CARTESIAN_POINT('',(11.6,1.,9.19578707887476));
#12684=CARTESIAN_POINT('Origin',(11.6,0.,0.));
#12685=CARTESIAN_POINT('',(9.6,1.,9.19578707887476));
#12686=CARTESIAN_POINT('',(9.6,-1.,9.19578707887476));
#12687=CARTESIAN_POINT('Origin',(0.,-10.5,0.));
#12688=CARTESIAN_POINT('',(-5.,-12.9,6.12323399573677E-16));
#12689=CARTESIAN_POINT('Origin',(0.,-12.9,0.));
#12690=CARTESIAN_POINT('',(-5.,-7.5,6.12323399573677E-16));
#12691=CARTESIAN_POINT('',(-5.,-10.5,-6.12323399573677E-16));
#12692=CARTESIAN_POINT('Origin',(0.,-7.5,0.));
#12693=CARTESIAN_POINT('Origin',(0.,-12.9,0.));
#12694=CARTESIAN_POINT('',(-4.4,-13.5,-5.38844591624835E-16));
#12695=CARTESIAN_POINT('Origin',(0.,-13.5,0.));
#12696=CARTESIAN_POINT('Origin',(-4.4,-12.9,-5.38844591624835E-16));
#12697=CARTESIAN_POINT('Origin',(0.,-7.25,0.));
#12698=CARTESIAN_POINT('',(-3.,-7.25,3.67394039744206E-16));
#12699=CARTESIAN_POINT('Origin',(0.,-7.25,0.));
#12700=CARTESIAN_POINT('',(-3.25,-7.5,-3.9801020972289E-16));
#12701=CARTESIAN_POINT('Origin',(-3.25,-7.25,3.9801020972289E-16));
#12702=CARTESIAN_POINT('Origin',(0.,-7.5,0.));
#12703=CARTESIAN_POINT('Origin',(0.,2.5,0.));
#12704=CARTESIAN_POINT('',(-3.,7.5,3.67394039744206E-16));
#12705=CARTESIAN_POINT('Origin',(0.,7.5,0.));
#12706=CARTESIAN_POINT('',(-3.,2.5,3.67394039744206E-16));
#12707=CARTESIAN_POINT('Origin',(0.,12.193275,0.));
#12708=CARTESIAN_POINT('',(-3.,11.88655,-3.67394039744206E-16));
#12709=CARTESIAN_POINT('Origin',(0.,11.88655,0.));
#12710=CARTESIAN_POINT('',(-2.38655,12.5,2.92268081850511E-16));
#12711=CARTESIAN_POINT('',(-2.693275,12.193275,-3.29831060797359E-16));
#12712=CARTESIAN_POINT('Origin',(0.,12.5,0.));
#12713=CARTESIAN_POINT('Origin',(10.3,0.,0.));
#12714=CARTESIAN_POINT('',(8.65,7.34788079488412E-16,6.));
#12715=CARTESIAN_POINT('',(10.3,-7.34788079488412E-16,6.));
#12716=CARTESIAN_POINT('Origin',(8.65,0.,0.));
#12717=CARTESIAN_POINT('Origin',(16.65,0.,0.));
#12718=CARTESIAN_POINT('',(24.03655,3.67394039744206E-16,3.));
#12719=CARTESIAN_POINT('Origin',(24.03655,0.,0.));
#12720=CARTESIAN_POINT('',(11.95,3.67394039744206E-16,3.));
#12721=CARTESIAN_POINT('',(16.65,-3.67394039744206E-16,3.));
#12722=CARTESIAN_POINT('Origin',(11.95,0.,0.));
#12723=CARTESIAN_POINT('Origin',(24.343275,0.,0.));
#12724=CARTESIAN_POINT('',(24.65,2.92268081850512E-16,2.38655));
#12725=CARTESIAN_POINT('',(24.343275,3.29831060797359E-16,2.693275));
#12726=CARTESIAN_POINT('Origin',(24.65,0.,0.));
#12727=CARTESIAN_POINT('Origin',(10.45,0.,0.));
#12728=CARTESIAN_POINT('',(10.45,5.51091059616309E-16,4.5));
#12729=CARTESIAN_POINT('Origin',(0.,2.5,0.));
#12730=CARTESIAN_POINT('',(-3.,10.65,-3.67394039744206E-16));
#12731=CARTESIAN_POINT('',(-3.,2.5,3.67394039744206E-16));
#12732=CARTESIAN_POINT('Origin',(0.,10.65,0.));
#12733=CARTESIAN_POINT('Origin',(-1.11022302462516E-16,7.5,0.));
#12734=CARTESIAN_POINT('Origin',(0.,7.65155444565,0.));
#12735=CARTESIAN_POINT('',(-5.,7.8031088913,-2.3506647995833));
#12736=CARTESIAN_POINT('',(-5.,7.5,0.));
#12737=CARTESIAN_POINT('Ctrl Pts',(-5.,7.8031088913,-2.3506647995833));
#12738=CARTESIAN_POINT('Ctrl Pts',(-5.,7.5,-1.11670536797306));
#12739=CARTESIAN_POINT('Ctrl Pts',(-5.,7.5,0.));
#12740=CARTESIAN_POINT('',(-4.53573543227134,7.8031088913,-3.15479461905816));
#12741=CARTESIAN_POINT('Origin',(0.,7.8031088913,0.));
#12742=CARTESIAN_POINT('',(-2.50000000002408,7.5,-4.3301270188861));
#12743=CARTESIAN_POINT('Ctrl Pts',(-2.50000000002408,7.5,-4.3301270188861));
#12744=CARTESIAN_POINT('Ctrl Pts',(-3.46709521728085,7.5,-3.77177433486087));
#12745=CARTESIAN_POINT('Ctrl Pts',(-4.53573543227134,7.8031088913,-3.15479461905817));
#12746=CARTESIAN_POINT('Origin',(0.,7.5,0.));
#12747=CARTESIAN_POINT('Origin',(0.,7.65155444565,0.));
#12748=CARTESIAN_POINT('',(-4.53573543227134,7.8031088913,3.15479461905816));
#12749=CARTESIAN_POINT('',(-2.50000000002408,7.5,4.3301270188861));
#12750=CARTESIAN_POINT('Ctrl Pts',(-4.53573543227134,7.8031088913,3.15479461905817));
#12751=CARTESIAN_POINT('Ctrl Pts',(-3.46709521728085,7.5,3.77177433486087));
#12752=CARTESIAN_POINT('Ctrl Pts',(-2.50000000002408,7.5,4.3301270188861));
#12753=CARTESIAN_POINT('',(-5.,7.8031088913,2.3506647995833));
#12754=CARTESIAN_POINT('Origin',(0.,7.8031088913,0.));
#12755=CARTESIAN_POINT('Ctrl Pts',(-5.,7.5,0.));
#12756=CARTESIAN_POINT('Ctrl Pts',(-5.,7.5,1.11670536797306));
#12757=CARTESIAN_POINT('Ctrl Pts',(-5.,7.8031088913,2.3506647995833));
#12758=CARTESIAN_POINT('Origin',(0.,7.5,0.));
#12759=CARTESIAN_POINT('Origin',(0.,7.65155444565,0.));
#12760=CARTESIAN_POINT('',(2.50000000002408,7.5,-4.3301270188861));
#12761=CARTESIAN_POINT('',(0.464264567776825,7.8031088913,-5.50545941871403));
#12762=CARTESIAN_POINT('Ctrl Pts',(2.50000000002408,7.5,-4.3301270188861));
#12763=CARTESIAN_POINT('Ctrl Pts',(1.53290478276732,7.5,-4.88847970291132));
#12764=CARTESIAN_POINT('Ctrl Pts',(0.464264567776829,7.8031088913,-5.50545941871403));
#12765=CARTESIAN_POINT('Origin',(0.,7.5,0.));
#12766=CARTESIAN_POINT('',(-0.464264567776825,7.8031088913,-5.50545941871403));
#12767=CARTESIAN_POINT('Ctrl Pts',(-0.464264567776829,7.8031088913,-5.50545941871403));
#12768=CARTESIAN_POINT('Ctrl Pts',(-1.53290478276732,7.5,-4.88847970291132));
#12769=CARTESIAN_POINT('Ctrl Pts',(-2.50000000002408,7.5,-4.3301270188861));
#12770=CARTESIAN_POINT('Origin',(0.,7.8031088913,0.));
#12771=CARTESIAN_POINT('Origin',(0.,7.65155444565,0.));
#12772=CARTESIAN_POINT('',(0.464264567776825,7.8031088913,5.50545941871403));
#12773=CARTESIAN_POINT('',(2.50000000002408,7.5,4.3301270188861));
#12774=CARTESIAN_POINT('Ctrl Pts',(0.464264567776829,7.8031088913,5.50545941871403));
#12775=CARTESIAN_POINT('Ctrl Pts',(1.53290478276732,7.5,4.88847970291132));
#12776=CARTESIAN_POINT('Ctrl Pts',(2.50000000002408,7.5,4.3301270188861));
#12777=CARTESIAN_POINT('',(-0.464264567776825,7.8031088913,5.50545941871403));
#12778=CARTESIAN_POINT('Origin',(0.,7.8031088913,0.));
#12779=CARTESIAN_POINT('Ctrl Pts',(-2.50000000002408,7.5,4.3301270188861));
#12780=CARTESIAN_POINT('Ctrl Pts',(-1.53290478276732,7.5,4.88847970291132));
#12781=CARTESIAN_POINT('Ctrl Pts',(-0.464264567776829,7.8031088913,5.50545941871403));
#12782=CARTESIAN_POINT('Origin',(0.,7.5,0.));
#12783=CARTESIAN_POINT('Origin',(0.,7.65155444565,0.));
#12784=CARTESIAN_POINT('',(5.,7.5,0.));
#12785=CARTESIAN_POINT('',(5.,7.8031088913,-2.3506647995833));
#12786=CARTESIAN_POINT('Ctrl Pts',(5.,7.5,0.));
#12787=CARTESIAN_POINT('Ctrl Pts',(5.,7.5,-1.11670536797306));
#12788=CARTESIAN_POINT('Ctrl Pts',(5.,7.8031088913,-2.3506647995833));
#12789=CARTESIAN_POINT('Origin',(0.,7.5,0.));
#12790=CARTESIAN_POINT('',(4.53573543227134,7.8031088913,-3.15479461905816));
#12791=CARTESIAN_POINT('Ctrl Pts',(4.53573543227134,7.8031088913,-3.15479461905817));
#12792=CARTESIAN_POINT('Ctrl Pts',(3.46709521728085,7.5,-3.77177433486087));
#12793=CARTESIAN_POINT('Ctrl Pts',(2.50000000002408,7.5,-4.3301270188861));
#12794=CARTESIAN_POINT('Origin',(0.,7.8031088913,0.));
#12795=CARTESIAN_POINT('Origin',(0.,7.65155444565,0.));
#12796=CARTESIAN_POINT('',(5.,7.8031088913,2.3506647995833));
#12797=CARTESIAN_POINT('Ctrl Pts',(5.,7.8031088913,2.3506647995833));
#12798=CARTESIAN_POINT('Ctrl Pts',(5.,7.5,1.11670536797306));
#12799=CARTESIAN_POINT('Ctrl Pts',(5.,7.5,0.));
#12800=CARTESIAN_POINT('',(4.53573543227134,7.8031088913,3.15479461905816));
#12801=CARTESIAN_POINT('Origin',(0.,7.8031088913,0.));
#12802=CARTESIAN_POINT('Ctrl Pts',(2.50000000002408,7.5,4.3301270188861));
#12803=CARTESIAN_POINT('Ctrl Pts',(3.46709521728085,7.5,3.77177433486087));
#12804=CARTESIAN_POINT('Ctrl Pts',(4.53573543227134,7.8031088913,3.15479461905817));
#12805=CARTESIAN_POINT('Origin',(0.,7.5,0.));
#12806=CARTESIAN_POINT('Origin',(5.,7.5,1.44337567295));
#12807=CARTESIAN_POINT('',(5.,10.3468911087,-2.3506647995833));
#12808=CARTESIAN_POINT('',(5.,9.075,-2.3506647995833));
#12809=CARTESIAN_POINT('',(5.,10.65,0.));
#12810=CARTESIAN_POINT('Ctrl Pts',(5.,10.3468911087,-2.3506647995833));
#12811=CARTESIAN_POINT('Ctrl Pts',(5.,10.65,-1.11670536797306));
#12812=CARTESIAN_POINT('Ctrl Pts',(5.,10.65,0.));
#12813=CARTESIAN_POINT('',(5.,10.3468911087,2.3506647995833));
#12814=CARTESIAN_POINT('Ctrl Pts',(5.,10.65,0.));
#12815=CARTESIAN_POINT('Ctrl Pts',(5.,10.65,1.11670536797306));
#12816=CARTESIAN_POINT('Ctrl Pts',(5.,10.3468911087,2.3506647995833));
#12817=CARTESIAN_POINT('',(5.,9.075,2.3506647995833));
#12818=CARTESIAN_POINT('Origin',(0.,9.075,0.));
#12819=CARTESIAN_POINT('',(4.53573543227134,10.3468911087,-3.15479461905816));
#12820=CARTESIAN_POINT('',(4.53573543227134,9.075,-3.15479461905816));
#12821=CARTESIAN_POINT('Origin',(0.,10.3468911087,0.));
#12822=CARTESIAN_POINT('Origin',(2.5,7.5,-4.3301270189));
#12823=CARTESIAN_POINT('',(0.464264567776825,10.3468911087,-5.50545941871403));
#12824=CARTESIAN_POINT('',(0.464264567776825,9.075,-5.50545941871403));
#12825=CARTESIAN_POINT('',(2.50000000002408,10.65,-4.3301270188861));
#12826=CARTESIAN_POINT('Ctrl Pts',(0.464264567776829,10.3468911087,-5.50545941871403));
#12827=CARTESIAN_POINT('Ctrl Pts',(1.53290478276731,10.65,-4.88847970291132));
#12828=CARTESIAN_POINT('Ctrl Pts',(2.50000000002408,10.65,-4.3301270188861));
#12829=CARTESIAN_POINT('Ctrl Pts',(2.50000000002408,10.65,-4.3301270188861));
#12830=CARTESIAN_POINT('Ctrl Pts',(3.46709521728085,10.65,-3.77177433486087));
#12831=CARTESIAN_POINT('Ctrl Pts',(4.53573543227134,10.3468911087,-3.15479461905817));
#12832=CARTESIAN_POINT('Origin',(0.,9.075,0.));
#12833=CARTESIAN_POINT('',(-0.464264567776825,10.3468911087,-5.50545941871403));
#12834=CARTESIAN_POINT('',(-0.464264567776825,9.075,-5.50545941871403));
#12835=CARTESIAN_POINT('Origin',(0.,10.3468911087,0.));
#12836=CARTESIAN_POINT('Origin',(-5.,7.5,0.));
#12837=CARTESIAN_POINT('',(-5.,10.3468911087,2.3506647995833));
#12838=CARTESIAN_POINT('',(-5.,9.075,2.3506647995833));
#12839=CARTESIAN_POINT('',(-5.,10.65,0.));
#12840=CARTESIAN_POINT('Ctrl Pts',(-5.,10.3468911087,2.3506647995833));
#12841=CARTESIAN_POINT('Ctrl Pts',(-5.,10.65,1.11670536797306));
#12842=CARTESIAN_POINT('Ctrl Pts',(-5.,10.65,0.));
#12843=CARTESIAN_POINT('',(-5.,10.3468911087,-2.3506647995833));
#12844=CARTESIAN_POINT('Ctrl Pts',(-5.,10.65,0.));
#12845=CARTESIAN_POINT('Ctrl Pts',(-5.,10.65,-1.11670536797306));
#12846=CARTESIAN_POINT('Ctrl Pts',(-5.,10.3468911087,-2.3506647995833));
#12847=CARTESIAN_POINT('',(-5.,9.075,-2.3506647995833));
#12848=CARTESIAN_POINT('Origin',(-2.5,7.5,-4.3301270189));
#12849=CARTESIAN_POINT('',(-4.53573543227134,10.3468911087,-3.15479461905816));
#12850=CARTESIAN_POINT('',(-4.53573543227134,9.075,-3.15479461905816));
#12851=CARTESIAN_POINT('',(-2.50000000002408,10.65,-4.3301270188861));
#12852=CARTESIAN_POINT('Ctrl Pts',(-4.53573543227134,10.3468911087,-3.15479461905817));
#12853=CARTESIAN_POINT('Ctrl Pts',(-3.46709521728085,10.65,-3.77177433486087));
#12854=CARTESIAN_POINT('Ctrl Pts',(-2.50000000002408,10.65,-4.3301270188861));
#12855=CARTESIAN_POINT('Ctrl Pts',(-2.50000000002408,10.65,-4.3301270188861));
#12856=CARTESIAN_POINT('Ctrl Pts',(-1.53290478276731,10.65,-4.88847970291132));
#12857=CARTESIAN_POINT('Ctrl Pts',(-0.464264567776829,10.3468911087,-5.50545941871403));
#12858=CARTESIAN_POINT('Origin',(0.,10.49844555435,0.));
#12859=CARTESIAN_POINT('',(-4.53573543227134,10.3468911087,3.15479461905816));
#12860=CARTESIAN_POINT('Origin',(0.,10.3468911087,0.));
#12861=CARTESIAN_POINT('',(-2.50000000002408,10.65,4.3301270188861));
#12862=CARTESIAN_POINT('Ctrl Pts',(-2.50000000002408,10.65,4.3301270188861));
#12863=CARTESIAN_POINT('Ctrl Pts',(-3.46709521728085,10.65,3.77177433486087));
#12864=CARTESIAN_POINT('Ctrl Pts',(-4.53573543227134,10.3468911087,3.15479461905817));
#12865=CARTESIAN_POINT('Origin',(0.,10.65,0.));
#12866=CARTESIAN_POINT('Origin',(0.,10.49844555435,0.));
#12867=CARTESIAN_POINT('Origin',(0.,10.3468911087,0.));
#12868=CARTESIAN_POINT('Origin',(0.,10.65,0.));
#12869=CARTESIAN_POINT('Origin',(0.,10.49844555435,0.));
#12870=CARTESIAN_POINT('',(2.50000000002408,10.65,4.3301270188861));
#12871=CARTESIAN_POINT('',(0.464264567776825,10.3468911087,5.50545941871403));
#12872=CARTESIAN_POINT('Ctrl Pts',(2.50000000002408,10.65,4.3301270188861));
#12873=CARTESIAN_POINT('Ctrl Pts',(1.53290478276731,10.65,4.88847970291132));
#12874=CARTESIAN_POINT('Ctrl Pts',(0.464264567776829,10.3468911087,5.50545941871403));
#12875=CARTESIAN_POINT('Origin',(0.,10.65,0.));
#12876=CARTESIAN_POINT('',(-0.464264567776825,10.3468911087,5.50545941871403));
#12877=CARTESIAN_POINT('Ctrl Pts',(-0.464264567776829,10.3468911087,5.50545941871403));
#12878=CARTESIAN_POINT('Ctrl Pts',(-1.53290478276731,10.65,4.88847970291132));
#12879=CARTESIAN_POINT('Ctrl Pts',(-2.50000000002408,10.65,4.3301270188861));
#12880=CARTESIAN_POINT('Origin',(0.,10.3468911087,0.));
#12881=CARTESIAN_POINT('Origin',(0.,10.49844555435,0.));
#12882=CARTESIAN_POINT('Origin',(0.,10.65,0.));
#12883=CARTESIAN_POINT('Origin',(0.,10.49844555435,0.));
#12884=CARTESIAN_POINT('Origin',(0.,10.65,0.));
#12885=CARTESIAN_POINT('',(4.53573543227134,10.3468911087,3.15479461905816));
#12886=CARTESIAN_POINT('Ctrl Pts',(4.53573543227134,10.3468911087,3.15479461905817));
#12887=CARTESIAN_POINT('Ctrl Pts',(3.46709521728085,10.65,3.77177433486087));
#12888=CARTESIAN_POINT('Ctrl Pts',(2.50000000002408,10.65,4.3301270188861));
#12889=CARTESIAN_POINT('Origin',(0.,10.3468911087,0.));
#12890=CARTESIAN_POINT('Origin',(0.,10.49844555435,0.));
#12891=CARTESIAN_POINT('Origin',(0.,10.65,0.));
#12892=CARTESIAN_POINT('Origin',(0.,9.075,0.));
#12893=CARTESIAN_POINT('',(4.53573543227134,9.075,3.15479461905816));
#12894=CARTESIAN_POINT('Origin',(2.5,7.5,4.3301270189));
#12895=CARTESIAN_POINT('',(0.464264567776825,9.075,5.50545941871403));
#12896=CARTESIAN_POINT('Origin',(0.,9.075,0.));
#12897=CARTESIAN_POINT('',(-0.464264567776825,9.075,5.50545941871403));
#12898=CARTESIAN_POINT('Origin',(-2.5,7.5,4.3301270189));
#12899=CARTESIAN_POINT('',(-4.53573543227134,9.075,3.15479461905816));
#12900=CARTESIAN_POINT('Origin',(0.,9.075,0.));
#12901=CARTESIAN_POINT('Origin',(0.,9.075,0.));
#12902=CARTESIAN_POINT('Origin',(0.,10.65,-1.34572487831454E-17));
#12903=CARTESIAN_POINT('Origin',(7.65,2.,-0.5773502692));
#12904=CARTESIAN_POINT('',(8.65,2.,-1.1547005384));
#12905=CARTESIAN_POINT('',(8.65,2.,1.1547005384));
#12906=CARTESIAN_POINT('',(8.65,2.,-0.2886751346));
#12907=CARTESIAN_POINT('',(11.15,2.,-1.1547005384));
#12908=CARTESIAN_POINT('',(7.65,2.,-1.1547005384));
#12909=CARTESIAN_POINT('',(11.15,2.,1.1547005384));
#12910=CARTESIAN_POINT('',(11.15,2.,0.));
#12911=CARTESIAN_POINT('',(7.65,2.,1.1547005384));
#12912=CARTESIAN_POINT('Origin',(7.65,1.,1.7320508076));
#12913=CARTESIAN_POINT('',(8.65,0.,2.3094010768));
#12914=CARTESIAN_POINT('',(8.65,1.00000000001348,1.73205080759222));
#12915=CARTESIAN_POINT('',(11.15,0.,2.3094010768));
#12916=CARTESIAN_POINT('',(11.15,2.,1.1547005384));
#12917=CARTESIAN_POINT('',(7.65,0.,2.3094010768));
#12918=CARTESIAN_POINT('Origin',(7.65,-1.,1.7320508076));
#12919=CARTESIAN_POINT('',(8.65,-2.,1.1547005384));
#12920=CARTESIAN_POINT('',(8.65,-1.00000000001348,1.73205080759222));
#12921=CARTESIAN_POINT('',(11.15,-2.,1.1547005384));
#12922=CARTESIAN_POINT('',(11.15,0.,2.3094010768));
#12923=CARTESIAN_POINT('',(7.65,-2.,1.1547005384));
#12924=CARTESIAN_POINT('Origin',(7.65,-2.,0.));
#12925=CARTESIAN_POINT('',(8.65,-2.,-1.1547005384));
#12926=CARTESIAN_POINT('',(8.65,-2.,0.));
#12927=CARTESIAN_POINT('',(11.15,-2.,-1.1547005384));
#12928=CARTESIAN_POINT('',(11.15,-2.,1.1547005384));
#12929=CARTESIAN_POINT('',(7.65,-2.,-1.1547005384));
#12930=CARTESIAN_POINT('Origin',(7.65,1.,-1.7320508076));
#12931=CARTESIAN_POINT('',(8.65,0.,-2.3094010768));
#12932=CARTESIAN_POINT('',(8.65,1.00000000001348,-1.73205080759222));
#12933=CARTESIAN_POINT('',(11.15,0.,-2.3094010768));
#12934=CARTESIAN_POINT('',(7.65,0.,-2.3094010768));
#12935=CARTESIAN_POINT('',(11.15,0.,-2.3094010768));
#12936=CARTESIAN_POINT('Origin',(7.65,-1.,-1.7320508076));
#12937=CARTESIAN_POINT('',(8.65,-1.00000000001348,-1.73205080759222));
#12938=CARTESIAN_POINT('',(11.15,-2.,-1.1547005384));
#12939=CARTESIAN_POINT('Origin',(11.15,-5.55111512312578E-17,-6.8968400014714E-17));
#12940=CARTESIAN_POINT('Origin',(24.65,0.,0.));
#12941=CARTESIAN_POINT('Origin',(8.65,0.,0.));
#12942=CARTESIAN_POINT('Origin',(0.,-7.5,0.));
#12943=CARTESIAN_POINT('Origin',(0.,12.5,0.));
#12944=CARTESIAN_POINT('Origin',(0.,-13.5,2.5));
#12945=CARTESIAN_POINT('',(1.443375673,-10.5,2.5));
#12946=CARTESIAN_POINT('',(-1.443375673,-10.5,2.5));
#12947=CARTESIAN_POINT('',(-1.443375673,-10.5,2.5));
#12948=CARTESIAN_POINT('',(1.443375673,-13.5,2.5));
#12949=CARTESIAN_POINT('',(1.443375673,-13.5,2.5));
#12950=CARTESIAN_POINT('',(-1.443375673,-13.5,2.5));
#12951=CARTESIAN_POINT('',(0.,-13.5,2.5));
#12952=CARTESIAN_POINT('',(-1.443375673,-13.5,2.5));
#12953=CARTESIAN_POINT('Origin',(-2.16506350945,-13.5,1.25));
#12954=CARTESIAN_POINT('',(-2.8867513459,-10.5,0.));
#12955=CARTESIAN_POINT('',(-2.8867513459,-10.5,0.));
#12956=CARTESIAN_POINT('',(-2.8867513459,-13.5,0.));
#12957=CARTESIAN_POINT('',(-2.16506350946527,-13.5,1.24999999997354));
#12958=CARTESIAN_POINT('',(-2.8867513459,-13.5,0.));
#12959=CARTESIAN_POINT('Origin',(-2.16506350945,-13.5,-1.25));
#12960=CARTESIAN_POINT('',(-1.443375673,-10.5,-2.5));
#12961=CARTESIAN_POINT('',(-1.443375673,-10.5,-2.5));
#12962=CARTESIAN_POINT('',(-1.443375673,-13.5,-2.5));
#12963=CARTESIAN_POINT('',(-2.16506350946527,-13.5,-1.24999999997354));
#12964=CARTESIAN_POINT('',(-1.443375673,-13.5,-2.5));
#12965=CARTESIAN_POINT('Origin',(0.7216878365,-13.5,-2.5));
#12966=CARTESIAN_POINT('',(1.443375673,-10.5,-2.5));
#12967=CARTESIAN_POINT('',(0.,-10.5,-2.5));
#12968=CARTESIAN_POINT('',(1.443375673,-13.5,-2.5));
#12969=CARTESIAN_POINT('',(0.36084391825,-13.5,-2.5));
#12970=CARTESIAN_POINT('',(1.443375673,-13.5,-2.5));
#12971=CARTESIAN_POINT('Origin',(2.16506350945,-13.5,-1.25));
#12972=CARTESIAN_POINT('',(2.8867513459,-10.5,0.));
#12973=CARTESIAN_POINT('',(2.8867513459,-10.5,0.));
#12974=CARTESIAN_POINT('',(2.8867513459,-13.5,0.));
#12975=CARTESIAN_POINT('',(2.16506350946527,-13.5,-1.24999999997354));
#12976=CARTESIAN_POINT('',(2.8867513459,-13.5,0.));
#12977=CARTESIAN_POINT('Origin',(2.16506350945,-13.5,1.25));
#12978=CARTESIAN_POINT('',(1.443375673,-10.5,2.5));
#12979=CARTESIAN_POINT('',(2.16506350946527,-13.5,1.24999999997354));
#12980=CARTESIAN_POINT('Origin',(-6.22397756230636E-17,-10.5,0.));
#12981=CARTESIAN_POINT('Origin',(0.,-13.5,0.));
#12982=CARTESIAN_POINT('Origin',(11.6,0.,12.125));
#12983=CARTESIAN_POINT('',(11.6,1.,-14.6659469520382));
#12984=CARTESIAN_POINT('',(11.6,1.,7.5));
#12985=CARTESIAN_POINT('',(11.6,1.,14.6659469520382));
#12986=CARTESIAN_POINT('Origin',(11.6,0.,0.));
#12987=CARTESIAN_POINT('',(11.6,1.,7.5));
#12988=CARTESIAN_POINT('',(11.6,-1.,14.6659469520382));
#12989=CARTESIAN_POINT('',(11.6,-1.,-7.5));
#12990=CARTESIAN_POINT('',(11.6,-1.,-14.6659469520382));
#12991=CARTESIAN_POINT('Origin',(11.6,0.,0.));
#12992=CARTESIAN_POINT('',(11.6,-1.,-7.5));
#12993=CARTESIAN_POINT('Origin',(13.1,0.,9.1));
#12994=CARTESIAN_POINT('Origin',(8.4,0.,8.475));
#12995=CARTESIAN_POINT('Origin',(8.35,0.,0.));
#12996=CARTESIAN_POINT('',(9.1,-1.,10.9544511501033));
#12997=CARTESIAN_POINT('',(7.6,-1.,10.9544511501033));
#12998=CARTESIAN_POINT('',(8.35,-1.,10.9544511501033));
#12999=CARTESIAN_POINT('',(9.1,-1.,-10.9544511501033));
#13000=CARTESIAN_POINT('Origin',(9.1,0.,0.));
#13001=CARTESIAN_POINT('',(7.6,-1.,-10.9544511501033));
#13002=CARTESIAN_POINT('',(8.35,-1.,-10.9544511501033));
#13003=CARTESIAN_POINT('Origin',(7.6,0.,0.));
#13004=CARTESIAN_POINT('Origin',(9.6,0.,0.));
#13005=CARTESIAN_POINT('Ctrl Pts',(10.0999999999986,-1.,9.19578707887736));
#13006=CARTESIAN_POINT('Ctrl Pts',(9.64363879104599,-1.,9.99912745709146));
#13007=CARTESIAN_POINT('Ctrl Pts',(9.10000000000002,-1.,10.9544511501033));
#13008=CARTESIAN_POINT('Ctrl Pts',(9.10000000000002,-1.,-10.9544511501033));
#13009=CARTESIAN_POINT('Ctrl Pts',(9.64363879108252,-1.,-9.99912745702726));
#13010=CARTESIAN_POINT('Ctrl Pts',(10.1000000000604,-1.,-9.19578707876856));
#13011=CARTESIAN_POINT('Origin',(7.6,0.,0.));
#13012=CARTESIAN_POINT('',(7.6,-1.,-4.6875));
#13013=CARTESIAN_POINT('Origin',(-0.850000000000001,-1.,0.));
#13014=CARTESIAN_POINT('',(11.3,-1.,-14.9666295470958));
#13015=CARTESIAN_POINT('',(11.6,-1.,-14.6659469520382));
#13016=CARTESIAN_POINT('',(-6.93337037784392,-0.999999999999999,-14.9666295470958));
#13017=CARTESIAN_POINT('',(-0.850000000000001,-1.,-14.9666295470958));
#13018=CARTESIAN_POINT('',(-6.93337037784392,-1.,14.9666295470958));
#13019=CARTESIAN_POINT('',(-6.9333703764443,-1.,0.));
#13020=CARTESIAN_POINT('',(11.3,-1.,14.9666295470958));
#13021=CARTESIAN_POINT('',(-0.850000000000001,-1.,14.9666295470958));
#13022=CARTESIAN_POINT('',(11.3,-1.,14.9666295470958));
#13023=CARTESIAN_POINT('Origin',(11.45,0.,0.));
#13024=CARTESIAN_POINT('Origin',(11.3,0.,0.));
#13025=CARTESIAN_POINT('Origin',(-0.85,0.,0.));
#13026=CARTESIAN_POINT('',(-8.89609290843718,-7.47652346761692,13.0039069871826));
#13027=CARTESIAN_POINT('Origin',(-21.9000004898815,0.,0.));
#13028=CARTESIAN_POINT('',(-10.15532,-7.643461,12.9064907678842));
#13029=CARTESIAN_POINT('Ctrl Pts',(-8.89609286448747,-7.47652348506069,
13.0039069735728));
#13030=CARTESIAN_POINT('Ctrl Pts',(-8.93514210497362,-7.5444417772265,12.9648577318738));
#13031=CARTESIAN_POINT('Ctrl Pts',(-8.98440242790113,-7.6064935735253,12.9284566085137));
#13032=CARTESIAN_POINT('Ctrl Pts',(-9.10730785424039,-7.72271776741023,
12.8594368167055));
#13033=CARTESIAN_POINT('Ctrl Pts',(-9.19311362510844,-7.78020212238969,
12.8246060903406));
#13034=CARTESIAN_POINT('Ctrl Pts',(-9.38418374696246,-7.85778957589735,
12.7772144629776));
#13035=CARTESIAN_POINT('Ctrl Pts',(-9.48953708255193,-7.8777755751206,12.7648208756736));
#13036=CARTESIAN_POINT('Ctrl Pts',(-9.69379594756904,-7.8777755751206,12.7648208756736));
#13037=CARTESIAN_POINT('Ctrl Pts',(-9.80300242046124,-7.85616099289557,
12.7782280610911));
#13038=CARTESIAN_POINT('Ctrl Pts',(-9.99974778127378,-7.77291361427714,
12.8290370588593));
#13039=CARTESIAN_POINT('Ctrl Pts',(-10.0873830566693,-7.71139794333066,
12.8662572616465));
#13040=CARTESIAN_POINT('Ctrl Pts',(-10.1553199999037,-7.64346100009626,
12.9064907678272));
#13041=CARTESIAN_POINT('',(-11.550383,-6.248398,13.6366243049222));
#13042=CARTESIAN_POINT('Origin',(-17.798781,0.,0.));
#13043=CARTESIAN_POINT('',(-13.3,-8.6,12.2898331965898));
#13044=CARTESIAN_POINT('Origin',(-6.90150816337119,0.,0.));
#13045=CARTESIAN_POINT('',(-13.3,-8.6,-12.2898331965898));
#13046=CARTESIAN_POINT('Origin',(-21.9,0.,0.));
#13047=CARTESIAN_POINT('',(-11.550383,-6.248398,-13.6366243049222));
#13048=CARTESIAN_POINT('Origin',(-6.90150816337119,0.,0.));
#13049=CARTESIAN_POINT('',(-10.15532,-7.643461,-12.9064907678842));
#13050=CARTESIAN_POINT('Origin',(-17.798781,0.,0.));
#13051=CARTESIAN_POINT('',(-8.89609290843718,-7.47652346761692,-13.0039069871826));
#13052=CARTESIAN_POINT('Ctrl Pts',(-10.1553199999037,-7.64346100009626,
-12.9064907678272));
#13053=CARTESIAN_POINT('Ctrl Pts',(-10.0873830566825,-7.71139794334067,
-12.8662572616413));
#13054=CARTESIAN_POINT('Ctrl Pts',(-9.99974778127378,-7.77291361427714,
-12.8290370588593));
#13055=CARTESIAN_POINT('Ctrl Pts',(-9.80300242046125,-7.85616099289557,
-12.7782280610911));
#13056=CARTESIAN_POINT('Ctrl Pts',(-9.69379594756904,-7.8777755751206,-12.7648208756736));
#13057=CARTESIAN_POINT('Ctrl Pts',(-9.48953708255193,-7.8777755751206,-12.7648208756736));
#13058=CARTESIAN_POINT('Ctrl Pts',(-9.38418374696246,-7.85778957589735,
-12.7772144629776));
#13059=CARTESIAN_POINT('Ctrl Pts',(-9.19311362510844,-7.78020212238969,
-12.8246060903406));
#13060=CARTESIAN_POINT('Ctrl Pts',(-9.10730785424039,-7.72271776741023,
-12.8594368167055));
#13061=CARTESIAN_POINT('Ctrl Pts',(-8.98440242790113,-7.6064935735253,-12.9284566085137));
#13062=CARTESIAN_POINT('Ctrl Pts',(-8.93514210497361,-7.54444177722649,
-12.9648577318738));
#13063=CARTESIAN_POINT('Ctrl Pts',(-8.89609286448747,-7.47652348506069,
-13.0039069735728));
#13064=CARTESIAN_POINT('Origin',(-21.9000004898815,0.,0.));
#13065=CARTESIAN_POINT('Origin',(5.2,-16.,1.5011106999));
#13066=CARTESIAN_POINT('',(5.2,-11.,3.0022213998));
#13067=CARTESIAN_POINT('',(5.2,-11.,-3.0022213998));
#13068=CARTESIAN_POINT('',(5.2,-11.,0.75055534995));
#13069=CARTESIAN_POINT('',(5.2,-7.5,3.0022213998));
#13070=CARTESIAN_POINT('',(5.2,-16.,3.0022213998));
#13071=CARTESIAN_POINT('',(5.2,-7.5,-3.0022213998));
#13072=CARTESIAN_POINT('',(5.2,-7.5,0.));
#13073=CARTESIAN_POINT('',(5.2,-16.,-3.0022213998));
#13074=CARTESIAN_POINT('Origin',(2.6,-16.,-4.5033320997));
#13075=CARTESIAN_POINT('',(0.,-11.,-6.0044427996));
#13076=CARTESIAN_POINT('',(2.60000000000906,-11.,-4.50333209969477));
#13077=CARTESIAN_POINT('',(0.,-7.5,-6.0044427996));
#13078=CARTESIAN_POINT('',(5.2,-7.5,-3.0022213998));
#13079=CARTESIAN_POINT('',(0.,-16.,-6.0044427996));
#13080=CARTESIAN_POINT('Origin',(-2.6,-16.,-4.5033320997));
#13081=CARTESIAN_POINT('',(-5.2,-11.,-3.0022213998));
#13082=CARTESIAN_POINT('',(-2.60000000000906,-11.,-4.50333209969477));
#13083=CARTESIAN_POINT('',(-5.2,-7.5,-3.0022213998));
#13084=CARTESIAN_POINT('',(0.,-7.5,-6.0044427996));
#13085=CARTESIAN_POINT('',(-5.2,-16.,-3.0022213998));
#13086=CARTESIAN_POINT('Origin',(-5.2,-16.,0.));
#13087=CARTESIAN_POINT('',(-5.2,-11.,3.0022213998));
#13088=CARTESIAN_POINT('',(-5.2,-11.,0.));
#13089=CARTESIAN_POINT('',(-5.2,-7.5,3.0022213998));
#13090=CARTESIAN_POINT('',(-5.2,-7.5,-3.0022213998));
#13091=CARTESIAN_POINT('',(-5.2,-16.,3.0022213998));
#13092=CARTESIAN_POINT('Origin',(2.6,-16.,4.5033320997));
#13093=CARTESIAN_POINT('',(0.,-11.,6.0044427996));
#13094=CARTESIAN_POINT('',(2.60000000000906,-11.,4.50333209969477));
#13095=CARTESIAN_POINT('',(0.,-7.5,6.0044427996));
#13096=CARTESIAN_POINT('',(0.,-16.,6.0044427996));
#13097=CARTESIAN_POINT('',(0.,-7.5,6.0044427996));
#13098=CARTESIAN_POINT('Origin',(-2.6,-16.,4.5033320997));
#13099=CARTESIAN_POINT('',(-2.60000000000906,-11.,4.50333209969477));
#13100=CARTESIAN_POINT('',(-5.2,-7.5,3.0022213998));
#13101=CARTESIAN_POINT('Origin',(0.,-7.5,2.08587356141665E-16));
#13102=CARTESIAN_POINT('Origin',(0.,-11.,0.));
#13103=CARTESIAN_POINT('Origin',(0.,-2.2,0.));
#13104=CARTESIAN_POINT('Origin',(-21.9000004898815,-7.105427357601E-15,
-15.));
#13105=CARTESIAN_POINT('',(-8.8960928652,-7.4765234863,-15.));
#13106=CARTESIAN_POINT('Origin',(-12.4251915,-7.424199,-15.));
#13107=CARTESIAN_POINT('',(-13.3,-8.6,-15.));
#13108=CARTESIAN_POINT('',(-11.550383,-6.248398,-15.));
#13109=CARTESIAN_POINT('Origin',(-10.8528515,-6.9459295,-15.));
#13110=CARTESIAN_POINT('',(-10.15532,-7.643461,-15.));
#13111=CARTESIAN_POINT('Origin',(-10.1,-11.8,-15.));
#13112=CARTESIAN_POINT('Origin',(-9.58963457501829,-7.07777557521081,-15.));
#13113=CARTESIAN_POINT('Origin',(8.35,0.,0.));
#13114=CARTESIAN_POINT('',(9.1,1.,-10.9544511501033));
#13115=CARTESIAN_POINT('',(7.6,1.,-10.9544511501033));
#13116=CARTESIAN_POINT('',(8.35,1.,-10.9544511501033));
#13117=CARTESIAN_POINT('',(9.1,1.,10.9544511501033));
#13118=CARTESIAN_POINT('Origin',(9.1,0.,0.));
#13119=CARTESIAN_POINT('',(7.6,1.,10.9544511501033));
#13120=CARTESIAN_POINT('',(8.35,1.,10.9544511501033));
#13121=CARTESIAN_POINT('Origin',(7.6,0.,0.));
#13122=CARTESIAN_POINT('Origin',(9.6,0.,0.));
#13123=CARTESIAN_POINT('Ctrl Pts',(10.0999999999986,1.,-9.19578707887736));
#13124=CARTESIAN_POINT('Ctrl Pts',(9.64363879104599,1.,-9.99912745709146));
#13125=CARTESIAN_POINT('Ctrl Pts',(9.10000000000002,1.,-10.9544511501033));
#13126=CARTESIAN_POINT('Ctrl Pts',(9.10000000000002,1.,10.9544511501033));
#13127=CARTESIAN_POINT('Ctrl Pts',(9.64363879108252,1.,9.99912745702726));
#13128=CARTESIAN_POINT('Ctrl Pts',(10.1000000000604,1.,9.19578707876856));
#13129=CARTESIAN_POINT('Origin',(7.6,0.,0.));
#13130=CARTESIAN_POINT('',(7.6,1.,4.6875));
#13131=CARTESIAN_POINT('Origin',(-0.850000000000001,1.,0.));
#13132=CARTESIAN_POINT('',(11.3,1.,14.9666295470958));
#13133=CARTESIAN_POINT('',(11.6,1.,14.6659469520382));
#13134=CARTESIAN_POINT('',(-6.93337037784392,0.999999999999999,14.9666295470958));
#13135=CARTESIAN_POINT('',(-0.850000000000001,1.,14.9666295470958));
#13136=CARTESIAN_POINT('',(-6.93337037784392,1.,-14.9666295470958));
#13137=CARTESIAN_POINT('',(-6.9333703764443,1.,0.));
#13138=CARTESIAN_POINT('',(11.3,1.,-14.9666295470958));
#13139=CARTESIAN_POINT('',(-0.850000000000001,1.,-14.9666295470958));
#13140=CARTESIAN_POINT('',(11.3,1.,-14.9666295470958));
#13141=CARTESIAN_POINT('Origin',(11.45,0.,0.));
#13142=CARTESIAN_POINT('Origin',(11.3,0.,0.));
#13143=CARTESIAN_POINT('Origin',(-0.85,0.,0.));
#13144=CARTESIAN_POINT('',(-8.89609290843718,7.47652346761692,-13.0039069871826));
#13145=CARTESIAN_POINT('Origin',(-21.9000004898815,0.,0.));
#13146=CARTESIAN_POINT('',(-10.15532,7.643461,-12.9064907678842));
#13147=CARTESIAN_POINT('Ctrl Pts',(-8.89609286448747,7.47652348506069,-13.0039069735728));
#13148=CARTESIAN_POINT('Ctrl Pts',(-8.93514210497362,7.5444417772265,-12.9648577318738));
#13149=CARTESIAN_POINT('Ctrl Pts',(-8.98440242790113,7.6064935735253,-12.9284566085137));
#13150=CARTESIAN_POINT('Ctrl Pts',(-9.10730785424039,7.72271776741023,-12.8594368167055));
#13151=CARTESIAN_POINT('Ctrl Pts',(-9.19311362510844,7.78020212238969,-12.8246060903406));
#13152=CARTESIAN_POINT('Ctrl Pts',(-9.38418374696246,7.85778957589735,-12.7772144629776));
#13153=CARTESIAN_POINT('Ctrl Pts',(-9.48953708255193,7.8777755751206,-12.7648208756736));
#13154=CARTESIAN_POINT('Ctrl Pts',(-9.69379594756904,7.8777755751206,-12.7648208756736));
#13155=CARTESIAN_POINT('Ctrl Pts',(-9.80300242046124,7.85616099289557,-12.7782280610911));
#13156=CARTESIAN_POINT('Ctrl Pts',(-9.99974778127378,7.77291361427714,-12.8290370588593));
#13157=CARTESIAN_POINT('Ctrl Pts',(-10.0873830566693,7.71139794333066,-12.8662572616465));
#13158=CARTESIAN_POINT('Ctrl Pts',(-10.1553199999037,7.64346100009626,-12.9064907678272));
#13159=CARTESIAN_POINT('',(-11.550383,6.248398,-13.6366243049222));
#13160=CARTESIAN_POINT('Origin',(-17.798781,0.,0.));
#13161=CARTESIAN_POINT('',(-13.3,8.6,-12.2898331965898));
#13162=CARTESIAN_POINT('Origin',(-6.90150816337119,0.,0.));
#13163=CARTESIAN_POINT('',(-13.3,8.6,12.2898331965898));
#13164=CARTESIAN_POINT('Origin',(-21.9,0.,0.));
#13165=CARTESIAN_POINT('',(-11.550383,6.248398,13.6366243049222));
#13166=CARTESIAN_POINT('Origin',(-6.90150816337119,0.,0.));
#13167=CARTESIAN_POINT('',(-10.15532,7.643461,12.9064907678842));
#13168=CARTESIAN_POINT('Origin',(-17.798781,0.,0.));
#13169=CARTESIAN_POINT('',(-8.89609290843718,7.47652346761692,13.0039069871826));
#13170=CARTESIAN_POINT('Ctrl Pts',(-10.1553199999037,7.64346100009626,12.9064907678272));
#13171=CARTESIAN_POINT('Ctrl Pts',(-10.0873830566825,7.71139794334067,12.8662572616413));
#13172=CARTESIAN_POINT('Ctrl Pts',(-9.99974778127378,7.77291361427714,12.8290370588593));
#13173=CARTESIAN_POINT('Ctrl Pts',(-9.80300242046125,7.85616099289557,12.7782280610911));
#13174=CARTESIAN_POINT('Ctrl Pts',(-9.69379594756904,7.8777755751206,12.7648208756736));
#13175=CARTESIAN_POINT('Ctrl Pts',(-9.48953708255193,7.8777755751206,12.7648208756736));
#13176=CARTESIAN_POINT('Ctrl Pts',(-9.38418374696246,7.85778957589735,12.7772144629776));
#13177=CARTESIAN_POINT('Ctrl Pts',(-9.19311362510844,7.78020212238969,12.8246060903406));
#13178=CARTESIAN_POINT('Ctrl Pts',(-9.10730785424039,7.72271776741023,12.8594368167055));
#13179=CARTESIAN_POINT('Ctrl Pts',(-8.98440242790113,7.6064935735253,12.9284566085137));
#13180=CARTESIAN_POINT('Ctrl Pts',(-8.93514210497361,7.54444177722649,12.9648577318738));
#13181=CARTESIAN_POINT('Ctrl Pts',(-8.89609286448747,7.47652348506069,13.0039069735728));
#13182=CARTESIAN_POINT('Origin',(-21.9000004898815,0.,0.));
#13183=CARTESIAN_POINT('Origin',(5.2,16.,-1.5011106999));
#13184=CARTESIAN_POINT('',(5.2,11.,-3.0022213998));
#13185=CARTESIAN_POINT('',(5.2,11.,3.0022213998));
#13186=CARTESIAN_POINT('',(5.2,11.,-0.75055534995));
#13187=CARTESIAN_POINT('',(5.2,7.5,-3.0022213998));
#13188=CARTESIAN_POINT('',(5.2,16.,-3.0022213998));
#13189=CARTESIAN_POINT('',(5.2,7.5,3.0022213998));
#13190=CARTESIAN_POINT('',(5.2,7.5,0.));
#13191=CARTESIAN_POINT('',(5.2,16.,3.0022213998));
#13192=CARTESIAN_POINT('Origin',(2.6,16.,4.5033320997));
#13193=CARTESIAN_POINT('',(0.,11.,6.0044427996));
#13194=CARTESIAN_POINT('',(2.60000000000906,11.,4.50333209969477));
#13195=CARTESIAN_POINT('',(0.,7.5,6.0044427996));
#13196=CARTESIAN_POINT('',(5.2,7.5,3.0022213998));
#13197=CARTESIAN_POINT('',(0.,16.,6.0044427996));
#13198=CARTESIAN_POINT('Origin',(-2.6,16.,4.5033320997));
#13199=CARTESIAN_POINT('',(-5.2,11.,3.0022213998));
#13200=CARTESIAN_POINT('',(-2.60000000000906,11.,4.50333209969477));
#13201=CARTESIAN_POINT('',(-5.2,7.5,3.0022213998));
#13202=CARTESIAN_POINT('',(0.,7.5,6.0044427996));
#13203=CARTESIAN_POINT('',(-5.2,16.,3.0022213998));
#13204=CARTESIAN_POINT('Origin',(-5.2,16.,0.));
#13205=CARTESIAN_POINT('',(-5.2,11.,-3.0022213998));
#13206=CARTESIAN_POINT('',(-5.2,11.,0.));
#13207=CARTESIAN_POINT('',(-5.2,7.5,-3.0022213998));
#13208=CARTESIAN_POINT('',(-5.2,7.5,3.0022213998));
#13209=CARTESIAN_POINT('',(-5.2,16.,-3.0022213998));
#13210=CARTESIAN_POINT('Origin',(2.6,16.,-4.5033320997));
#13211=CARTESIAN_POINT('',(0.,11.,-6.0044427996));
#13212=CARTESIAN_POINT('',(2.60000000000906,11.,-4.50333209969477));
#13213=CARTESIAN_POINT('',(0.,7.5,-6.0044427996));
#13214=CARTESIAN_POINT('',(0.,16.,-6.0044427996));
#13215=CARTESIAN_POINT('',(0.,7.5,-6.0044427996));
#13216=CARTESIAN_POINT('Origin',(-2.6,16.,-4.5033320997));
#13217=CARTESIAN_POINT('',(-2.60000000000906,11.,-4.50333209969477));
#13218=CARTESIAN_POINT('',(-5.2,7.5,-3.0022213998));
#13219=CARTESIAN_POINT('Origin',(0.,7.5,-2.08587356141665E-16));
#13220=CARTESIAN_POINT('Origin',(0.,11.,0.));
#13221=CARTESIAN_POINT('Origin',(0.,2.2,0.));
#13222=CARTESIAN_POINT('Origin',(-21.9000004898815,7.105427357601E-15,15.));
#13223=CARTESIAN_POINT('',(-8.8960928652,7.4765234863,15.));
#13224=CARTESIAN_POINT('Origin',(-12.4251915,7.424199,15.));
#13225=CARTESIAN_POINT('',(-13.3,8.6,15.));
#13226=CARTESIAN_POINT('',(-11.550383,6.248398,15.));
#13227=CARTESIAN_POINT('Origin',(-10.8528515,6.9459295,15.));
#13228=CARTESIAN_POINT('',(-10.15532,7.643461,15.));
#13229=CARTESIAN_POINT('Origin',(-10.1,11.8,15.));
#13230=CARTESIAN_POINT('Origin',(-9.58963457501829,7.07777557521081,15.));
#13231=CARTESIAN_POINT('',(0.,0.,0.));
#13232=CARTESIAN_POINT('Origin',(-18.0755485648604,18.5,7.31604690684416));
#13233=CARTESIAN_POINT('',(-18.53902417,-18.5,7.50363785));
#13234=CARTESIAN_POINT('',(-17.69705104,-18.5,7.64275721));
#13235=CARTESIAN_POINT('Origin',(-18.0755485648604,-18.5,7.31604690684416));
#13236=CARTESIAN_POINT('',(-17.69705104,18.5,7.64275721));
#13237=CARTESIAN_POINT('',(-17.69705104,18.5,7.64275721));
#13238=CARTESIAN_POINT('',(-18.53902417,18.5,7.50363785));
#13239=CARTESIAN_POINT('Origin',(-18.0755485648604,18.5,7.31604690684416));
#13240=CARTESIAN_POINT('',(-18.53902417,18.5,7.50363785));
#13241=CARTESIAN_POINT('Origin',(-17.25584936,18.5,7.13162014));
#13242=CARTESIAN_POINT('',(-16.81464768,-18.5,6.62048307));
#13243=CARTESIAN_POINT('',(-16.81464768,-18.5,6.62048307));
#13244=CARTESIAN_POINT('',(-16.81464768,18.5,6.62048307));
#13245=CARTESIAN_POINT('',(-16.81464768,18.5,6.62048307));
#13246=CARTESIAN_POINT('',(-16.81464768,18.5,6.62048307));
#13247=CARTESIAN_POINT('Origin',(-16.360450646714,18.5,7.0125354406709));
#13248=CARTESIAN_POINT('',(-15.80897478,-18.5,6.77615783000001));
#13249=CARTESIAN_POINT('Origin',(-16.360450646714,-18.5,7.0125354406709));
#13250=CARTESIAN_POINT('',(-15.80897478,18.5,6.77615783000001));
#13251=CARTESIAN_POINT('',(-15.80897478,18.5,6.77615783000001));
#13252=CARTESIAN_POINT('Origin',(-16.360450646714,18.5,7.0125354406709));
#13253=CARTESIAN_POINT('Origin',(1.71738649967779E-8,18.5,-1.71738587795289E-8));
#13254=CARTESIAN_POINT('',(-6.77615783,-18.5,15.80897478));
#13255=CARTESIAN_POINT('Origin',(1.71738649967779E-8,-18.5,-1.71738587795289E-8));
#13256=CARTESIAN_POINT('',(-6.77615783,18.5,15.80897478));
#13257=CARTESIAN_POINT('',(-6.77615783,18.5,15.80897478));
#13258=CARTESIAN_POINT('Origin',(1.71738649967779E-8,18.5,-1.71738587795289E-8));
#13259=CARTESIAN_POINT('Origin',(-7.01253541989536,18.5,16.360450643498));
#13260=CARTESIAN_POINT('',(-6.62048307,-18.5,16.81464768));
#13261=CARTESIAN_POINT('Origin',(-7.01253541989536,-18.5,16.360450643498));
#13262=CARTESIAN_POINT('',(-6.62048307,18.5,16.81464768));
#13263=CARTESIAN_POINT('',(-6.62048307,18.5,16.81464768));
#13264=CARTESIAN_POINT('Origin',(-7.01253541989536,18.5,16.360450643498));
#13265=CARTESIAN_POINT('Origin',(-7.13162014,18.5,17.25584936));
#13266=CARTESIAN_POINT('',(-7.64275721,-18.5,17.69705104));
#13267=CARTESIAN_POINT('',(-7.64275721,-18.5,17.69705104));
#13268=CARTESIAN_POINT('',(-7.64275721,18.5,17.69705104));
#13269=CARTESIAN_POINT('',(-7.64275721,18.5,17.69705104));
#13270=CARTESIAN_POINT('',(-7.64275721,18.5,17.69705104));
#13271=CARTESIAN_POINT('Origin',(-7.31604690684416,18.5,18.0755485648604));
#13272=CARTESIAN_POINT('',(-7.50363785,-18.5,18.53902417));
#13273=CARTESIAN_POINT('Origin',(-7.31604690684416,-18.5,18.0755485648604));
#13274=CARTESIAN_POINT('',(-7.50363785,18.5,18.53902417));
#13275=CARTESIAN_POINT('',(-7.50363785,18.5,18.53902417));
#13276=CARTESIAN_POINT('Origin',(-7.31604690684416,18.5,18.0755485648604));
#13277=CARTESIAN_POINT('Origin',(4.31438123005279E-8,18.5,-8.7919591607033E-8));
#13278=CARTESIAN_POINT('',(1.95035321,-18.5,19.90467586));
#13279=CARTESIAN_POINT('Origin',(4.31438123005279E-8,-18.5,-8.7919591607033E-8));
#13280=CARTESIAN_POINT('',(1.95035321,18.5,19.90467586));
#13281=CARTESIAN_POINT('',(1.95035321,18.5,19.90467586));
#13282=CARTESIAN_POINT('Origin',(4.31438123005279E-8,18.5,-8.7919591607033E-8));
#13283=CARTESIAN_POINT('Origin',(1.90159438709312,18.5,19.4070589705171));
#13284=CARTESIAN_POINT('',(2.38877941,-18.5,19.29458344));
#13285=CARTESIAN_POINT('Origin',(1.90159438709312,-18.5,19.4070589705171));
#13286=CARTESIAN_POINT('',(2.38877941,18.5,19.29458344));
#13287=CARTESIAN_POINT('',(2.38877941,18.5,19.29458344));
#13288=CARTESIAN_POINT('Origin',(1.90159438709312,18.5,19.4070589705171));
#13289=CARTESIAN_POINT('Origin',(2.198382195,18.5,18.469882495));
#13290=CARTESIAN_POINT('',(2.00798498,-18.5,17.64518155));
#13291=CARTESIAN_POINT('',(2.00798498,-18.5,17.64518155));
#13292=CARTESIAN_POINT('',(2.00798498,18.5,17.64518155));
#13293=CARTESIAN_POINT('',(2.00798498,18.5,17.64518155));
#13294=CARTESIAN_POINT('',(2.00798498,18.5,17.64518155));
#13295=CARTESIAN_POINT('Origin',(1.03361491093678,18.5,17.8701326071701));
#13296=CARTESIAN_POINT('',(0.975871069999994,-18.5,16.87180117));
#13297=CARTESIAN_POINT('Origin',(1.03361491093678,-18.5,17.8701326071701));
#13298=CARTESIAN_POINT('',(0.975871069999994,18.5,16.87180117));
#13299=CARTESIAN_POINT('',(0.975871069999994,18.5,16.87180117));
#13300=CARTESIAN_POINT('Origin',(1.03361491093678,18.5,17.8701326071701));
#13301=CARTESIAN_POINT('Origin',(-8.92690421583353E-9,18.5,1.54330055579521E-6));
#13302=CARTESIAN_POINT('',(-2.25028201,-18.5,16.74951431));
#13303=CARTESIAN_POINT('Origin',(-8.92690421583353E-9,-18.5,1.54330055579521E-6));
#13304=CARTESIAN_POINT('',(-2.25028201,18.5,16.74951431));
#13305=CARTESIAN_POINT('',(-2.25028201,18.5,16.74951431));
#13306=CARTESIAN_POINT('Origin',(-8.92690421583353E-9,18.5,1.54330055579521E-6));
#13307=CARTESIAN_POINT('Origin',(-2.11712921149863,18.5,15.7584187413521));
#13308=CARTESIAN_POINT('',(-2.75991684,-18.5,16.52446323));
#13309=CARTESIAN_POINT('Origin',(-2.11712921149863,-18.5,15.7584187413521));
#13310=CARTESIAN_POINT('',(-2.75991684,18.5,16.52446323));
#13311=CARTESIAN_POINT('',(-2.75991684,18.5,16.52446323));
#13312=CARTESIAN_POINT('Origin',(-2.11712921149863,18.5,15.7584187413521));
#13313=CARTESIAN_POINT('Origin',(-3.34065531,18.5,16.037165795));
#13314=CARTESIAN_POINT('',(-3.92139378,-18.5,15.54986836));
#13315=CARTESIAN_POINT('',(-3.92139378,-18.5,15.54986836));
#13316=CARTESIAN_POINT('',(-3.92139378,18.5,15.54986836));
#13317=CARTESIAN_POINT('',(-3.92139378,18.5,15.54986836));
#13318=CARTESIAN_POINT('',(-3.92139378,18.5,15.54986836));
#13319=CARTESIAN_POINT('Origin',(-3.59999996858627,18.5,15.1668461290542));
#13320=CARTESIAN_POINT('',(-4.09999998,-18.5,15.16684614));
#13321=CARTESIAN_POINT('Origin',(-3.59999996858627,-18.5,15.1668461290542));
#13322=CARTESIAN_POINT('',(-4.09999998,18.5,15.16684614));
#13323=CARTESIAN_POINT('',(-4.09999998,18.5,15.16684614));
#13324=CARTESIAN_POINT('Origin',(-3.59999996858627,18.5,15.1668461290542));
#13325=CARTESIAN_POINT('Origin',(-4.09999998,18.5,14.872970365));
#13326=CARTESIAN_POINT('',(-4.09999998,-18.5,14.57909459));
#13327=CARTESIAN_POINT('',(-4.09999998,-18.5,14.57909459));
#13328=CARTESIAN_POINT('',(-4.09999998,18.5,14.57909459));
#13329=CARTESIAN_POINT('',(-4.09999998,18.5,14.57909459));
#13330=CARTESIAN_POINT('',(-4.09999998,18.5,14.57909459));
#13331=CARTESIAN_POINT('Origin',(-4.29999997002763,18.5,14.579094584164));
#13332=CARTESIAN_POINT('',(-4.24342104518975,-18.5,14.3872644136909));
#13333=CARTESIAN_POINT('Origin',(-4.29999997002763,-18.5,14.579094584164));
#13334=CARTESIAN_POINT('',(-4.24342104518975,18.5,14.3872644136909));
#13335=CARTESIAN_POINT('',(-4.24342105,18.5,14.38726443));
#13336=CARTESIAN_POINT('Origin',(-4.29999997002763,18.5,14.579094584164));
#13337=CARTESIAN_POINT('Origin',(8.14175393770711E-9,18.5,7.47782280541287E-10));
#13338=CARTESIAN_POINT('',(-2.96052631,-18.5,-14.7049408));
#13339=CARTESIAN_POINT('Origin',(8.14175393770711E-9,-18.5,7.47782280541287E-10));
#13340=CARTESIAN_POINT('',(-2.96052631,18.5,-14.7049408));
#13341=CARTESIAN_POINT('',(-2.96052631,18.5,-14.7049408));
#13342=CARTESIAN_POINT('Origin',(8.14175393770711E-9,18.5,7.47782280541287E-10));
#13343=CARTESIAN_POINT('Origin',(-3.00000000207416,18.5,-14.9010066880675));
#13344=CARTESIAN_POINT('',(-2.79999999,-18.5,-14.90100668));
#13345=CARTESIAN_POINT('Origin',(-3.00000000207416,-18.5,-14.9010066880675));
#13346=CARTESIAN_POINT('',(-2.79999999,18.5,-14.90100668));
#13347=CARTESIAN_POINT('',(-2.79999999,18.5,-14.90100668));
#13348=CARTESIAN_POINT('Origin',(-3.00000000207416,18.5,-14.9010066880675));
#13349=CARTESIAN_POINT('Origin',(-2.79999999,18.5,-15.54062077));
#13350=CARTESIAN_POINT('',(-2.79999999,-18.5,-16.18023486));
#13351=CARTESIAN_POINT('',(-2.79999999,-18.5,-16.18023486));
#13352=CARTESIAN_POINT('',(-2.79999999,18.5,-16.18023486));
#13353=CARTESIAN_POINT('',(-2.79999999,18.5,-16.18023486));
#13354=CARTESIAN_POINT('',(-2.79999999,18.5,-16.18023486));
#13355=CARTESIAN_POINT('Origin',(-0.800000001191095,18.5,-16.1802348717644));
#13356=CARTESIAN_POINT('',(-0.898765420000009,-18.5,-18.17779472));
#13357=CARTESIAN_POINT('Origin',(-0.800000001191095,-18.5,-16.1802348717644));
#13358=CARTESIAN_POINT('',(-0.898765420000009,18.5,-18.17779472));
#13359=CARTESIAN_POINT('',(-0.898765420000009,18.5,-18.17779472));
#13360=CARTESIAN_POINT('Origin',(-0.800000001191095,18.5,-16.1802348717644));
#13361=CARTESIAN_POINT('Origin',(-1.10539133402199E-9,18.5,1.9578985188673E-7));
#13362=CARTESIAN_POINT('',(2.99761228,-18.5,-17.95144342));
#13363=CARTESIAN_POINT('Origin',(-1.10539133402199E-9,-18.5,1.9578985188673E-7));
#13364=CARTESIAN_POINT('',(2.99761228,18.5,-17.95144342));
#13365=CARTESIAN_POINT('',(2.99761228,18.5,-17.95144342));
#13366=CARTESIAN_POINT('Origin',(-1.10539133402199E-9,18.5,1.9578985188673E-7));
#13367=CARTESIAN_POINT('Origin',(2.96467148767361,18.5,-17.7541748103345));
#13368=CARTESIAN_POINT('',(3.09535561,-18.5,-17.6027758));
#13369=CARTESIAN_POINT('Origin',(2.96467148767361,-18.5,-17.7541748103345));
#13370=CARTESIAN_POINT('',(3.09535561,18.5,-17.6027758));
#13371=CARTESIAN_POINT('',(3.09535561,18.5,-17.6027758));
#13372=CARTESIAN_POINT('Origin',(2.96467148767361,18.5,-17.7541748103345));
#13373=CARTESIAN_POINT('Origin',(2.62722825,18.5,-17.1986991));
#13374=CARTESIAN_POINT('',(2.15910089,-18.5,-16.7946224));
#13375=CARTESIAN_POINT('',(2.15910089,-18.5,-16.7946224));
#13376=CARTESIAN_POINT('',(2.15910089,18.5,-16.7946224));
#13377=CARTESIAN_POINT('',(2.15910089,18.5,-16.7946224));
#13378=CARTESIAN_POINT('',(2.15910089,18.5,-16.7946224));
#13379=CARTESIAN_POINT('Origin',(2.28978500626038,18.5,-16.6432233894947));
#13380=CARTESIAN_POINT('',(2.26252566999999,-18.5,-16.44508978));
#13381=CARTESIAN_POINT('Origin',(2.28978500626038,-18.5,-16.6432233894947));
#13382=CARTESIAN_POINT('',(2.26252566999999,18.5,-16.44508978));
#13383=CARTESIAN_POINT('',(2.26252566999999,18.5,-16.44508978));
#13384=CARTESIAN_POINT('Origin',(2.28978500626038,18.5,-16.6432233894947));
#13385=CARTESIAN_POINT('Origin',(-2.68577207584997E-7,18.5,1.40269724724362E-6));
#13386=CARTESIAN_POINT('',(5.08170876,-18.5,-15.80304517));
#13387=CARTESIAN_POINT('Origin',(-2.68577207584997E-7,-18.5,1.40269724724362E-6));
#13388=CARTESIAN_POINT('',(5.08170876,18.5,-15.80304517));
#13389=CARTESIAN_POINT('',(5.08170876,18.5,-15.80304517));
#13390=CARTESIAN_POINT('Origin',(-2.68577207584997E-7,18.5,1.40269724724362E-6));
#13391=CARTESIAN_POINT('Origin',(5.23477228336305,18.5,-16.2790404703));
#13392=CARTESIAN_POINT('',(5.56148258,-18.5,-15.90054298));
#13393=CARTESIAN_POINT('Origin',(5.23477228336305,-18.5,-16.2790404703));
#13394=CARTESIAN_POINT('',(5.56148258,18.5,-15.90054298));
#13395=CARTESIAN_POINT('',(5.56148258,18.5,-15.90054298));
#13396=CARTESIAN_POINT('Origin',(5.23477228336305,18.5,-16.2790404703));
#13397=CARTESIAN_POINT('Origin',(6.60211992,18.5,-16.798797035));
#13398=CARTESIAN_POINT('',(7.64275726,-18.5,-17.69705109));
#13399=CARTESIAN_POINT('',(7.64275726,-18.5,-17.69705109));
#13400=CARTESIAN_POINT('',(7.64275726,18.5,-17.69705109));
#13401=CARTESIAN_POINT('',(7.64275726,18.5,-17.69705109));
#13402=CARTESIAN_POINT('',(7.64275726,18.5,-17.69705109));
#13403=CARTESIAN_POINT('Origin',(7.31604695684416,18.5,-18.0755486148604));
#13404=CARTESIAN_POINT('',(7.50363789999998,-18.5,-18.53902422));
#13405=CARTESIAN_POINT('Origin',(7.31604695684416,-18.5,-18.0755486148604));
#13406=CARTESIAN_POINT('',(7.50363789999998,18.5,-18.53902422));
#13407=CARTESIAN_POINT('',(7.50363789999998,18.5,-18.53902422));
#13408=CARTESIAN_POINT('Origin',(7.31604695684416,18.5,-18.0755486148604));
#13409=CARTESIAN_POINT('Origin',(2.49999851931193E-8,18.5,-3.80531162136322E-9));
#13410=CARTESIAN_POINT('',(-7.50363785,-18.5,-18.53902422));
#13411=CARTESIAN_POINT('Origin',(2.49999851931193E-8,-18.5,-3.80531162136322E-9));
#13412=CARTESIAN_POINT('',(-7.50363785,18.5,-18.53902422));
#13413=CARTESIAN_POINT('',(-7.50363785,18.5,-18.53902422));
#13414=CARTESIAN_POINT('Origin',(2.49999851931193E-8,18.5,-3.80531162136322E-9));
#13415=CARTESIAN_POINT('Origin',(-7.31604690684416,18.5,-18.0755486148604));
#13416=CARTESIAN_POINT('',(-7.64275721,-18.5,-17.69705109));
#13417=CARTESIAN_POINT('Origin',(-7.31604690684416,-18.5,-18.0755486148604));
#13418=CARTESIAN_POINT('',(-7.64275721,18.5,-17.69705109));
#13419=CARTESIAN_POINT('',(-7.64275721,18.5,-17.69705109));
#13420=CARTESIAN_POINT('Origin',(-7.31604690684416,18.5,-18.0755486148604));
#13421=CARTESIAN_POINT('Origin',(-7.13162014,18.5,-17.25584941));
#13422=CARTESIAN_POINT('',(-6.62048307,-18.5,-16.81464773));
#13423=CARTESIAN_POINT('',(-6.62048307,-18.5,-16.81464773));
#13424=CARTESIAN_POINT('',(-6.62048307,18.5,-16.81464773));
#13425=CARTESIAN_POINT('',(-6.62048307,18.5,-16.81464773));
#13426=CARTESIAN_POINT('',(-6.62048307,18.5,-16.81464773));
#13427=CARTESIAN_POINT('Origin',(-7.0125354406709,18.5,-16.360450696714));
#13428=CARTESIAN_POINT('',(-6.77615783,-18.5,-15.80897483));
#13429=CARTESIAN_POINT('Origin',(-7.0125354406709,-18.5,-16.360450696714));
#13430=CARTESIAN_POINT('',(-6.77615783,18.5,-15.80897483));
#13431=CARTESIAN_POINT('',(-6.77615783,18.5,-15.80897483));
#13432=CARTESIAN_POINT('Origin',(-7.0125354406709,18.5,-16.360450696714));
#13433=CARTESIAN_POINT('Origin',(1.71738712140268E-8,18.5,-3.28261142712449E-8));
#13434=CARTESIAN_POINT('',(-15.80897478,-18.5,-6.77615788));
#13435=CARTESIAN_POINT('Origin',(1.71738712140268E-8,-18.5,-3.28261142712449E-8));
#13436=CARTESIAN_POINT('',(-15.80897478,18.5,-6.77615788));
#13437=CARTESIAN_POINT('',(-15.80897478,18.5,-6.77615788));
#13438=CARTESIAN_POINT('Origin',(1.71738712140268E-8,18.5,-3.28261142712449E-8));
#13439=CARTESIAN_POINT('Origin',(-16.360450643498,18.5,-7.01253546989536));
#13440=CARTESIAN_POINT('',(-16.81464768,-18.5,-6.62048312));
#13441=CARTESIAN_POINT('Origin',(-16.360450643498,-18.5,-7.01253546989536));
#13442=CARTESIAN_POINT('',(-16.81464768,18.5,-6.62048312));
#13443=CARTESIAN_POINT('',(-16.81464768,18.5,-6.62048312));
#13444=CARTESIAN_POINT('Origin',(-16.360450643498,18.5,-7.01253546989536));
#13445=CARTESIAN_POINT('Origin',(-17.25584936,18.5,-7.13162019));
#13446=CARTESIAN_POINT('',(-17.69705104,-18.5,-7.64275726));
#13447=CARTESIAN_POINT('',(-17.69705104,-18.5,-7.64275726));
#13448=CARTESIAN_POINT('',(-17.69705104,18.5,-7.64275726));
#13449=CARTESIAN_POINT('',(-17.69705104,18.5,-7.64275726));
#13450=CARTESIAN_POINT('',(-17.69705104,18.5,-7.64275726));
#13451=CARTESIAN_POINT('Origin',(-18.0755485648604,18.5,-7.31604695684416));
#13452=CARTESIAN_POINT('',(-18.53902417,-18.5,-7.50363789999998));
#13453=CARTESIAN_POINT('Origin',(-18.0755485648604,-18.5,-7.31604695684416));
#13454=CARTESIAN_POINT('',(-18.53902417,18.5,-7.50363789999998));
#13455=CARTESIAN_POINT('',(-18.53902417,18.5,-7.50363789999998));
#13456=CARTESIAN_POINT('Origin',(-18.0755485648604,18.5,-7.31604695684416));
#13457=CARTESIAN_POINT('Origin',(4.61948168606341E-8,18.5,-2.49999905221898E-8));
#13458=CARTESIAN_POINT('Origin',(4.61948168606341E-8,-18.5,-2.49999905221898E-8));
#13459=CARTESIAN_POINT('Origin',(4.61948168606341E-8,18.5,-2.49999905221898E-8));
#13460=CARTESIAN_POINT('Origin',(-7.93952857477385,18.5,-1.69519958276521));
#13461=CARTESIAN_POINT('Origin',(-7.93952857477386,-18.5,-1.6951995827652));
#13462=CARTESIAN_POINT('Origin',(2.13876318877482E-8,18.5,-2.00000016548074E-8));
#13463=CARTESIAN_POINT('',(-1.77631577,-18.5,-14.89445208));
#13464=CARTESIAN_POINT('',(-1.77631577126737,-18.5,14.8944520506269));
#13465=CARTESIAN_POINT('Origin',(2.13876318877482E-8,-18.5,-2.00000016548074E-8));
#13466=CARTESIAN_POINT('',(-1.77631577126737,18.5,14.8944520506269));
#13467=CARTESIAN_POINT('',(-1.77631577,18.5,14.89445204));
#13468=CARTESIAN_POINT('',(-1.77631577,18.5,-14.89445208));
#13469=CARTESIAN_POINT('Origin',(2.13876318877482E-8,18.5,-2.00000016548074E-8));
#13470=CARTESIAN_POINT('',(-1.77631577,18.5,-14.89445208));
#13471=CARTESIAN_POINT('Origin',(-1.80000001414988,18.5,15.9728072163488));
#13472=CARTESIAN_POINT('',(-2.,-18.5,15.97280721));
#13473=CARTESIAN_POINT('',(-1.92855752,-18.5,16.1260161));
#13474=CARTESIAN_POINT('Origin',(-1.80000001414988,-18.5,15.9728072163488));
#13475=CARTESIAN_POINT('',(-1.92855752,18.5,16.1260161));
#13476=CARTESIAN_POINT('',(-1.92855752,18.5,16.1260161));
#13477=CARTESIAN_POINT('',(-2.,18.5,15.97280721));
#13478=CARTESIAN_POINT('Origin',(-1.80000001414988,18.5,15.9728072163488));
#13479=CARTESIAN_POINT('',(-2.,18.5,15.97280721));
#13480=CARTESIAN_POINT('Origin',(-1.576398435,18.5,16.421512655));
#13481=CARTESIAN_POINT('',(-1.22423935,-18.5,16.71700921));
#13482=CARTESIAN_POINT('',(-1.92855752,-18.5,16.1260161));
#13483=CARTESIAN_POINT('',(-1.22423935,18.5,16.71700921));
#13484=CARTESIAN_POINT('',(-1.22423935,18.5,16.71700921));
#13485=CARTESIAN_POINT('',(-1.92855752,18.5,16.1260161));
#13486=CARTESIAN_POINT('Origin',(-1.09568179154414,18.5,16.5638002261072));
#13487=CARTESIAN_POINT('',(-1.10888281,-18.5,16.76336418));
#13488=CARTESIAN_POINT('Origin',(-1.09568179154414,-18.5,16.5638002261072));
#13489=CARTESIAN_POINT('',(-1.10888281,18.5,16.76336418));
#13490=CARTESIAN_POINT('',(-1.10888281,18.5,16.76336418));
#13491=CARTESIAN_POINT('Origin',(-1.09568179154414,18.5,16.5638002261072));
#13492=CARTESIAN_POINT('Origin',(-1.22331584861968E-8,18.5,-1.13853152328147E-6));
#13493=CARTESIAN_POINT('',(2.00489936,-18.5,16.6799394));
#13494=CARTESIAN_POINT('Origin',(-1.22331584861968E-8,-18.5,-1.13853152328147E-6));
#13495=CARTESIAN_POINT('',(2.00489936,18.5,16.6799394));
#13496=CARTESIAN_POINT('',(2.00489936,18.5,16.6799394));
#13497=CARTESIAN_POINT('Origin',(-1.22331584861968E-8,18.5,-1.13853152328147E-6));
#13498=CARTESIAN_POINT('Origin',(2.24357785447805,18.5,18.6656464679905));
#13499=CARTESIAN_POINT('',(4.19231798,-18.5,18.21574436));
#13500=CARTESIAN_POINT('Origin',(2.24357785447805,-18.5,18.6656464679905));
#13501=CARTESIAN_POINT('',(4.19231798,18.5,18.21574436));
#13502=CARTESIAN_POINT('',(4.19231798,18.5,18.21574436));
#13503=CARTESIAN_POINT('Origin',(2.24357785447805,18.5,18.6656464679905));
#13504=CARTESIAN_POINT('Origin',(4.31684779,18.5,18.755142225));
#13505=CARTESIAN_POINT('',(4.4413776,-18.5,19.29454009));
#13506=CARTESIAN_POINT('',(4.19231798,-18.5,18.21574436));
#13507=CARTESIAN_POINT('',(4.4413776,18.5,19.29454009));
#13508=CARTESIAN_POINT('',(4.4413776,18.5,19.29454009));
#13509=CARTESIAN_POINT('',(4.19231798,18.5,18.21574436));
#13510=CARTESIAN_POINT('Origin',(4.63625161847669,18.5,19.2495498749263));
#13511=CARTESIAN_POINT('',(4.68308244,-18.5,19.44398978));
#13512=CARTESIAN_POINT('Origin',(4.63625161847669,-18.5,19.2495498749263));
#13513=CARTESIAN_POINT('',(4.68308244,18.5,19.44398978));
#13514=CARTESIAN_POINT('',(4.68308244,18.5,19.44398978));
#13515=CARTESIAN_POINT('Origin',(4.63625161847669,18.5,19.2495498749263));
#13516=CARTESIAN_POINT('Origin',(3.55105244764786E-7,18.5,1.06945161704175E-6));
#13517=CARTESIAN_POINT('',(7.99852871823511,-18.5,18.3309448159552));
#13518=CARTESIAN_POINT('Origin',(3.55105244764786E-7,-18.5,1.06945161704175E-6));
#13519=CARTESIAN_POINT('',(7.99852871823511,18.5,18.3309448159552));
#13520=CARTESIAN_POINT('',(7.99852872,18.5,18.33094482));
#13521=CARTESIAN_POINT('Origin',(3.55105244764786E-7,18.5,1.06945161704175E-6));
#13522=CARTESIAN_POINT('Origin',(7.91854343631037,18.5,18.1476353636563));
#13523=CARTESIAN_POINT('',(8.04975524,-18.5,17.99669345));
#13524=CARTESIAN_POINT('Origin',(7.91854343631037,-18.5,18.1476353636563));
#13525=CARTESIAN_POINT('',(8.04975524,18.5,17.99669345));
#13526=CARTESIAN_POINT('',(8.04975524,18.5,17.99669345));
#13527=CARTESIAN_POINT('Origin',(7.91854343631037,18.5,18.1476353636563));
#13528=CARTESIAN_POINT('Origin',(7.35756807,18.5,17.394984325));
#13529=CARTESIAN_POINT('',(6.6653809,-18.5,16.7932752));
#13530=CARTESIAN_POINT('',(8.04975524,-18.5,17.99669345));
#13531=CARTESIAN_POINT('',(6.6653809,18.5,16.7932752));
#13532=CARTESIAN_POINT('',(6.6653809,18.5,16.7932752));
#13533=CARTESIAN_POINT('',(8.04975524,18.5,17.99669345));
#13534=CARTESIAN_POINT('Origin',(7.05901633813222,18.5,16.3404494616861));
#13535=CARTESIAN_POINT('',(6.82107196,-18.5,15.78964779));
#13536=CARTESIAN_POINT('Origin',(7.05901633813222,-18.5,16.3404494616861));
#13537=CARTESIAN_POINT('',(6.82107196,18.5,15.78964779));
#13538=CARTESIAN_POINT('',(6.82107196,18.5,15.78964779));
#13539=CARTESIAN_POINT('Origin',(7.05901633813222,18.5,16.3404494616861));
#13540=CARTESIAN_POINT('Origin',(7.27046529647168E-8,18.5,3.3647553188132E-8));
#13541=CARTESIAN_POINT('',(15.81698472,-18.5,6.75743998));
#13542=CARTESIAN_POINT('Origin',(7.27046529647168E-8,-18.5,3.3647553188132E-8));
#13543=CARTESIAN_POINT('',(15.81698472,18.5,6.75743998));
#13544=CARTESIAN_POINT('',(15.81698472,18.5,6.75743998));
#13545=CARTESIAN_POINT('Origin',(7.27046529647168E-8,18.5,3.3647553188132E-8));
#13546=CARTESIAN_POINT('Origin',(16.3687399961473,18.5,6.99316461986675));
#13547=CARTESIAN_POINT('',(16.82293703,-18.5,6.60111227));
#13548=CARTESIAN_POINT('Origin',(16.3687399961473,-18.5,6.99316461986675));
#13549=CARTESIAN_POINT('',(16.82293703,18.5,6.60111227));
#13550=CARTESIAN_POINT('',(16.82293703,18.5,6.60111227));
#13551=CARTESIAN_POINT('Origin',(16.3687399961473,18.5,6.99316461986675));
#13552=CARTESIAN_POINT('Origin',(17.21017398,18.5,7.049730595));
#13553=CARTESIAN_POINT('',(17.59741093,-18.5,7.49834892));
#13554=CARTESIAN_POINT('',(16.82293703,-18.5,6.60111227));
#13555=CARTESIAN_POINT('',(17.59741093,18.5,7.49834892));
#13556=CARTESIAN_POINT('',(17.59741093,18.5,7.49834892));
#13557=CARTESIAN_POINT('',(16.82293703,18.5,6.60111227));
#13558=CARTESIAN_POINT('Origin',(18.051607966086,18.5,7.10629655518091));
#13559=CARTESIAN_POINT('',(18.60990512,-18.5,7.32607893));
#13560=CARTESIAN_POINT('Origin',(18.051607966086,-18.5,7.10629655518091));
#13561=CARTESIAN_POINT('',(18.60990512,18.5,7.32607893));
#13562=CARTESIAN_POINT('',(18.60990512,18.5,7.32607893));
#13563=CARTESIAN_POINT('Origin',(18.051607966086,18.5,7.10629655518091));
#13564=CARTESIAN_POINT('Origin',(-2.78880740722798E-8,18.5,-8.7227718381655E-9));
#13565=CARTESIAN_POINT('',(18.59778142,-18.5,-7.35680145));
#13566=CARTESIAN_POINT('Origin',(-2.78880740722798E-8,-18.5,-8.7227718381655E-9));
#13567=CARTESIAN_POINT('',(18.59778142,18.5,-7.35680145));
#13568=CARTESIAN_POINT('',(18.59778142,18.5,-7.35680145));
#13569=CARTESIAN_POINT('Origin',(-2.78880740722798E-8,18.5,-8.7227718381655E-9));
#13570=CARTESIAN_POINT('Origin',(18.0398479787491,18.5,-7.13609740106639));
#13571=CARTESIAN_POINT('',(17.58060638,-18.5,-7.52222841));
#13572=CARTESIAN_POINT('Origin',(18.0398479787491,-18.5,-7.13609740106639));
#13573=CARTESIAN_POINT('',(17.58060638,18.5,-7.52222841));
#13574=CARTESIAN_POINT('',(17.58060638,18.5,-7.52222841));
#13575=CARTESIAN_POINT('Origin',(18.0398479787491,18.5,-7.13609740106639));
#13576=CARTESIAN_POINT('Origin',(17.201449545,18.5,-7.07128148));
#13577=CARTESIAN_POINT('',(16.82229271,-18.5,-6.62033455));
#13578=CARTESIAN_POINT('',(17.58060638,-18.5,-7.52222841));
#13579=CARTESIAN_POINT('',(16.82229271,18.5,-6.62033455));
#13580=CARTESIAN_POINT('',(16.82229271,18.5,-6.62033455));
#13581=CARTESIAN_POINT('',(17.58060638,18.5,-7.52222841));
#13582=CARTESIAN_POINT('Origin',(16.3630511108094,18.5,-7.00646556035327));
#13583=CARTESIAN_POINT('',(15.81148759,-18.5,-6.77029256));
#13584=CARTESIAN_POINT('Origin',(16.3630511108094,-18.5,-7.00646556035327));
#13585=CARTESIAN_POINT('',(15.81148759,18.5,-6.77029256));
#13586=CARTESIAN_POINT('',(15.81148759,18.5,-6.77029256));
#13587=CARTESIAN_POINT('Origin',(16.3630511108094,18.5,-7.00646556035327));
#13588=CARTESIAN_POINT('Origin',(1.01240065220054E-8,18.5,2.01168290914211E-8));
#13589=CARTESIAN_POINT('',(7.23486578999997,-18.5,-15.60438136));
#13590=CARTESIAN_POINT('Origin',(1.01240065220054E-8,-18.5,2.01168290914211E-8));
#13591=CARTESIAN_POINT('',(7.23486578999997,18.5,-15.60438136));
#13592=CARTESIAN_POINT('',(7.23486578999997,18.5,-15.60438136));
#13593=CARTESIAN_POINT('Origin',(1.01240065220054E-8,18.5,2.01168290914211E-8));
#13594=CARTESIAN_POINT('Origin',(7.15073943954473,18.5,-15.4229350644342));
#13595=CARTESIAN_POINT('',(7.02005532,-18.5,-15.57433408));
#13596=CARTESIAN_POINT('Origin',(7.15073943954473,-18.5,-15.4229350644342));
#13597=CARTESIAN_POINT('',(7.02005532,18.5,-15.57433408));
#13598=CARTESIAN_POINT('',(7.02005532,18.5,-15.57433408));
#13599=CARTESIAN_POINT('Origin',(7.15073943954473,18.5,-15.4229350644342));
#13600=CARTESIAN_POINT('Origin',(6.73351818,18.5,-15.327001855));
#13601=CARTESIAN_POINT('',(6.44698104,-18.5,-15.07966963));
#13602=CARTESIAN_POINT('',(7.02005532,-18.5,-15.57433408));
#13603=CARTESIAN_POINT('',(6.44698104,18.5,-15.07966963));
#13604=CARTESIAN_POINT('',(6.44698104,18.5,-15.07966963));
#13605=CARTESIAN_POINT('',(7.02005532,18.5,-15.57433408));
#13606=CARTESIAN_POINT('Origin',(1.17127946674955E-7,18.5,-3.24322353861817E-7));
#13607=CARTESIAN_POINT('',(1.88409120000001,-18.5,-16.29141494));
#13608=CARTESIAN_POINT('Origin',(1.17127946674955E-7,-18.5,-3.24322353861817E-7));
#13609=CARTESIAN_POINT('',(1.88409120000001,18.5,-16.29141494));
#13610=CARTESIAN_POINT('',(1.88409120000001,18.5,-16.29141494));
#13611=CARTESIAN_POINT('Origin',(1.17127946674955E-7,18.5,-3.24322353861817E-7));
#13612=CARTESIAN_POINT('Origin',(1.90706791262454,18.5,-16.4900907280951));
#13613=CARTESIAN_POINT('',(1.7763838,-18.5,-16.64148974));
#13614=CARTESIAN_POINT('Origin',(1.90706791262454,-18.5,-16.4900907280951));
#13615=CARTESIAN_POINT('',(1.7763838,18.5,-16.64148974));
#13616=CARTESIAN_POINT('',(1.7763838,18.5,-16.64148974));
#13617=CARTESIAN_POINT('Origin',(1.90706791262454,18.5,-16.4900907280951));
#13618=CARTESIAN_POINT('Origin',(2.346954095,18.5,-17.13399281));
#13619=CARTESIAN_POINT('',(2.91752439,-18.5,-17.62649588));
#13620=CARTESIAN_POINT('',(1.7763838,-18.5,-16.64148974));
#13621=CARTESIAN_POINT('',(2.91752439,18.5,-17.62649588));
#13622=CARTESIAN_POINT('',(2.91752439,18.5,-17.62649588));
#13623=CARTESIAN_POINT('',(1.7763838,18.5,-16.64148974));
#13624=CARTESIAN_POINT('Origin',(2.78684026831081,18.5,-17.777894889462));
#13625=CARTESIAN_POINT('',(2.81781376,-18.5,-17.97548194));
#13626=CARTESIAN_POINT('Origin',(2.78684026831081,-18.5,-17.777894889462));
#13627=CARTESIAN_POINT('',(2.81781376,18.5,-17.97548194));
#13628=CARTESIAN_POINT('',(2.81781376,18.5,-17.97548194));
#13629=CARTESIAN_POINT('Origin',(2.78684026831081,18.5,-17.777894889462));
#13630=CARTESIAN_POINT('Origin',(5.98294967938646E-8,18.5,-7.73888551464097E-7));
#13631=CARTESIAN_POINT('',(1.99999860361716E-8,-18.5,-18.19500001));
#13632=CARTESIAN_POINT('Origin',(5.98294967938646E-8,-18.5,-7.73888551464097E-7));
#13633=CARTESIAN_POINT('',(1.99999860361716E-8,18.5,-18.19500001));
#13634=CARTESIAN_POINT('',(1.99999860361716E-8,18.5,-18.19500001));
#13635=CARTESIAN_POINT('Origin',(5.98294967938646E-8,18.5,-7.73888551464097E-7));
#13636=CARTESIAN_POINT('Origin',(2.81022558556998E-8,18.5,-16.1950000018977));
#13637=CARTESIAN_POINT('',(-1.99999998,-18.5,-16.19500001));
#13638=CARTESIAN_POINT('Origin',(2.81022558556998E-8,-18.5,-16.1950000018977));
#13639=CARTESIAN_POINT('',(-1.99999998,18.5,-16.19500001));
#13640=CARTESIAN_POINT('',(-1.99999998,18.5,-16.19500001));
#13641=CARTESIAN_POINT('Origin',(2.81022558556998E-8,18.5,-16.1950000018977));
#13642=CARTESIAN_POINT('Origin',(-1.99999998,18.5,-15.64402239));
#13643=CARTESIAN_POINT('',(-1.99999998,-18.5,-15.09304477));
#13644=CARTESIAN_POINT('',(-1.99999998,-18.5,-16.19500001));
#13645=CARTESIAN_POINT('',(-1.99999998,18.5,-15.09304477));
#13646=CARTESIAN_POINT('',(-1.99999998,18.5,-15.09304477));
#13647=CARTESIAN_POINT('',(-1.99999998,18.5,-16.19500001));
#13648=CARTESIAN_POINT('Origin',(-1.79999999099694,18.5,-15.0930447618314));
#13649=CARTESIAN_POINT('Origin',(-1.79999999099694,-18.5,-15.0930447618314));
#13650=CARTESIAN_POINT('Origin',(-1.79999999099694,18.5,-15.0930447618314));
#13651=CARTESIAN_POINT('Origin',(-1.80000001099694,18.5,15.0930447418314));
#13652=CARTESIAN_POINT('',(-2.,-18.5,15.09304475));
#13653=CARTESIAN_POINT('Origin',(-1.80000001099694,-18.5,15.0930447418314));
#13654=CARTESIAN_POINT('',(-2.,18.5,15.09304475));
#13655=CARTESIAN_POINT('',(-2.,18.5,15.09304475));
#13656=CARTESIAN_POINT('Origin',(-1.80000001099694,18.5,15.0930447418314));
#13657=CARTESIAN_POINT('Origin',(-2.,18.5,15.53292598));
#13658=CARTESIAN_POINT('',(-2.,-18.5,15.09304475));
#13659=CARTESIAN_POINT('',(-2.,18.5,15.09304475));
#13660=CARTESIAN_POINT('Origin',(9.20797586314735,-18.5,0.308206274462084));
#13661=CARTESIAN_POINT('Origin',(9.20797586314735,18.5,0.308206274462085));
#13662=CARTESIAN_POINT('',(-314.000000016854,-285.806304113057,0.));
#13663=CARTESIAN_POINT('',(-157.,-30.6270072199176,1188.));
#13664=CARTESIAN_POINT('',(-1.68582028443777E-8,28.193695886946,8.50000000000035));
#13665=CARTESIAN_POINT('',(-1.68582383715145E-8,28.193695886946,18.));
#13666=CARTESIAN_POINT('',(-1.68582383715145E-8,28.193695886946,9.5));
#13667=CARTESIAN_POINT('',(2.4252549193817E-40,-21.1270072199176,1345.));
#13668=CARTESIAN_POINT('',(1.73953628911747E-31,-22.1270072199176,1345.));
#13669=CARTESIAN_POINT('',(-9.54778012101194E-31,0.472992780082362,1345.));
#13670=CARTESIAN_POINT('',(-2.49999923092215E-8,28.1936958861982,1345.49553049684));
#13671=CARTESIAN_POINT('',(4.95214495796341E-14,-22.1270072199176,1502.));
#13672=CARTESIAN_POINT('',(2.55351295663786E-14,0.472992780082366,1502.));
#13673=CARTESIAN_POINT('',(-2.49999430574734E-8,28.1936958861982,1502.49553049684));
#13674=UNCERTAINTY_MEASURE_WITH_UNIT(LENGTH_MEASURE(0.01),#13692,
'DISTANCE_ACCURACY_VALUE',
'Maximum model space distance between geometric entities at asserted c
onnectivities');
#13675=UNCERTAINTY_MEASURE_WITH_UNIT(LENGTH_MEASURE(0.01),#13692,
'DISTANCE_ACCURACY_VALUE',
'Maximum model space distance between geometric entities at asserted c
onnectivities');
#13676=UNCERTAINTY_MEASURE_WITH_UNIT(LENGTH_MEASURE(0.01),#13692,
'DISTANCE_ACCURACY_VALUE',
'Maximum model space distance between geometric entities at asserted c
onnectivities');
#13677=UNCERTAINTY_MEASURE_WITH_UNIT(LENGTH_MEASURE(0.01),#13692,
'DISTANCE_ACCURACY_VALUE',
'Maximum model space distance between geometric entities at asserted c
onnectivities');
#13678=UNCERTAINTY_MEASURE_WITH_UNIT(LENGTH_MEASURE(0.01),#13692,
'DISTANCE_ACCURACY_VALUE',
'Maximum model space distance between geometric entities at asserted c
onnectivities');
#13679=UNCERTAINTY_MEASURE_WITH_UNIT(LENGTH_MEASURE(0.01),#13692,
'DISTANCE_ACCURACY_VALUE',
'Maximum model space distance between geometric entities at asserted c
onnectivities');
#13680=UNCERTAINTY_MEASURE_WITH_UNIT(LENGTH_MEASURE(0.01),#13692,
'DISTANCE_ACCURACY_VALUE',
'Maximum model space distance between geometric entities at asserted c
onnectivities');
#13681=UNCERTAINTY_MEASURE_WITH_UNIT(LENGTH_MEASURE(0.01),#13692,
'DISTANCE_ACCURACY_VALUE',
'Maximum model space distance between geometric entities at asserted c
onnectivities');
#13682=UNCERTAINTY_MEASURE_WITH_UNIT(LENGTH_MEASURE(0.01),#13692,
'DISTANCE_ACCURACY_VALUE',
'Maximum model space distance between geometric entities at asserted c
onnectivities');
#13683=(
GEOMETRIC_REPRESENTATION_CONTEXT(3)
GLOBAL_UNCERTAINTY_ASSIGNED_CONTEXT((#13674))
GLOBAL_UNIT_ASSIGNED_CONTEXT((#13692,#13694,#13695))
REPRESENTATION_CONTEXT('','3D')
);
#13684=(
GEOMETRIC_REPRESENTATION_CONTEXT(3)
GLOBAL_UNCERTAINTY_ASSIGNED_CONTEXT((#13675))
GLOBAL_UNIT_ASSIGNED_CONTEXT((#13692,#13694,#13695))
REPRESENTATION_CONTEXT('','3D')
);
#13685=(
GEOMETRIC_REPRESENTATION_CONTEXT(3)
GLOBAL_UNCERTAINTY_ASSIGNED_CONTEXT((#13676))
GLOBAL_UNIT_ASSIGNED_CONTEXT((#13692,#13694,#13695))
REPRESENTATION_CONTEXT('','3D')
);
#13686=(
GEOMETRIC_REPRESENTATION_CONTEXT(3)
GLOBAL_UNCERTAINTY_ASSIGNED_CONTEXT((#13677))
GLOBAL_UNIT_ASSIGNED_CONTEXT((#13692,#13694,#13695))
REPRESENTATION_CONTEXT('','3D')
);
#13687=(
GEOMETRIC_REPRESENTATION_CONTEXT(3)
GLOBAL_UNCERTAINTY_ASSIGNED_CONTEXT((#13678))
GLOBAL_UNIT_ASSIGNED_CONTEXT((#13692,#13694,#13695))
REPRESENTATION_CONTEXT('','3D')
);
#13688=(
GEOMETRIC_REPRESENTATION_CONTEXT(3)
GLOBAL_UNCERTAINTY_ASSIGNED_CONTEXT((#13679))
GLOBAL_UNIT_ASSIGNED_CONTEXT((#13692,#13694,#13695))
REPRESENTATION_CONTEXT('','3D')
);
#13689=(
GEOMETRIC_REPRESENTATION_CONTEXT(3)
GLOBAL_UNCERTAINTY_ASSIGNED_CONTEXT((#13680))
GLOBAL_UNIT_ASSIGNED_CONTEXT((#13692,#13694,#13695))
REPRESENTATION_CONTEXT('','3D')
);
#13690=(
GEOMETRIC_REPRESENTATION_CONTEXT(3)
GLOBAL_UNCERTAINTY_ASSIGNED_CONTEXT((#13681))
GLOBAL_UNIT_ASSIGNED_CONTEXT((#13692,#13694,#13695))
REPRESENTATION_CONTEXT('','3D')
);
#13691=(
GEOMETRIC_REPRESENTATION_CONTEXT(3)
GLOBAL_UNCERTAINTY_ASSIGNED_CONTEXT((#13682))
GLOBAL_UNIT_ASSIGNED_CONTEXT((#13692,#13694,#13695))
REPRESENTATION_CONTEXT('','3D')
);
#13692=(
LENGTH_UNIT()
NAMED_UNIT(*)
SI_UNIT(.MILLI.,.METRE.)
);
#13693=(
LENGTH_UNIT()
NAMED_UNIT(*)
SI_UNIT(.CENTI.,.METRE.)
);
#13694=(
NAMED_UNIT(*)
PLANE_ANGLE_UNIT()
SI_UNIT($,.RADIAN.)
);
#13695=(
NAMED_UNIT(*)
SI_UNIT($,.STERADIAN.)
SOLID_ANGLE_UNIT()
);
#13696=SHAPE_DEFINITION_REPRESENTATION(#13704,#13724);
#13697=SHAPE_DEFINITION_REPRESENTATION(#13705,#13725);
#13698=SHAPE_DEFINITION_REPRESENTATION(#13706,#13726);
#13699=SHAPE_DEFINITION_REPRESENTATION(#13707,#13727);
#13700=SHAPE_DEFINITION_REPRESENTATION(#13708,#13728);
#13701=SHAPE_DEFINITION_REPRESENTATION(#13709,#13729);
#13702=SHAPE_DEFINITION_REPRESENTATION(#13710,#13730);
#13703=SHAPE_DEFINITION_REPRESENTATION(#13711,#13731);
#13704=PRODUCT_DEFINITION_SHAPE('',$,#13733);
#13705=PRODUCT_DEFINITION_SHAPE('',$,#13734);
#13706=PRODUCT_DEFINITION_SHAPE('',$,#13735);
#13707=PRODUCT_DEFINITION_SHAPE('',$,#13736);
#13708=PRODUCT_DEFINITION_SHAPE('',$,#13737);
#13709=PRODUCT_DEFINITION_SHAPE('',$,#13738);
#13710=PRODUCT_DEFINITION_SHAPE('',$,#13739);
#13711=PRODUCT_DEFINITION_SHAPE('',$,#13740);
#13712=PRODUCT_DEFINITION_SHAPE($,$,#47);
#13713=PRODUCT_DEFINITION_SHAPE($,$,#48);
#13714=PRODUCT_DEFINITION_SHAPE($,$,#49);
#13715=PRODUCT_DEFINITION_SHAPE($,$,#50);
#13716=PRODUCT_DEFINITION_SHAPE($,$,#51);
#13717=PRODUCT_DEFINITION_SHAPE($,$,#52);
#13718=PRODUCT_DEFINITION_SHAPE($,$,#53);
#13719=PRODUCT_DEFINITION_SHAPE($,$,#54);
#13720=PRODUCT_DEFINITION_SHAPE($,$,#55);
#13721=PRODUCT_DEFINITION_SHAPE($,$,#56);
#13722=PRODUCT_DEFINITION_SHAPE($,$,#57);
#13723=PRODUCT_DEFINITION_SHAPE($,$,#58);
#13724=SHAPE_REPRESENTATION('',(#6536,#7290,#7291,#7292,#7293,#7294,#7295,
#7296,#7297,#7298,#7299,#7300,#7301),#13683);
#13725=SHAPE_REPRESENTATION('',(#6537),#13684);
#13726=SHAPE_REPRESENTATION('',(#6688),#13685);
#13727=SHAPE_REPRESENTATION('',(#6771),#13686);
#13728=SHAPE_REPRESENTATION('',(#6780),#13687);
#13729=SHAPE_REPRESENTATION('',(#6856),#13688);
#13730=SHAPE_REPRESENTATION('',(#6910),#13689);
#13731=SHAPE_REPRESENTATION('',(#7110),#13690);
#13732=PRODUCT_DEFINITION_CONTEXT('part definition',#13758,'design');
#13733=PRODUCT_DEFINITION('250324_Exponat_#000','250407_Ampel',#13741,#13732);
#13734=PRODUCT_DEFINITION('60x60_005','60x60_005',#13742,#13732);
#13735=PRODUCT_DEFINITION('30x45_005','30x45_005',#13743,#13732);
#13736=PRODUCT_DEFINITION('250430_Item Rohr Ampel',
'250430_Item Rohr Ampel',#13744,#13732);
#13737=PRODUCT_DEFINITION('Verbinder_006_Kabel','Verbinder_006',#13745,
#13732);
#13738=PRODUCT_DEFINITION('Verbinder_006','250430_Ampel_LED Verbinder',
#13746,#13732);
#13739=PRODUCT_DEFINITION(
'item_0069044_Verbinder D30 innen Anschluss M6-12_1','item_69',#13747,#13732);
#13740=PRODUCT_DEFINITION('item_0063061_Rohradapter D30_1',
'item_63061_rohradapter-d30-63061__high.step',#13748,#13732);
#13741=PRODUCT_DEFINITION_FORMATION('',$,#13760);
#13742=PRODUCT_DEFINITION_FORMATION('',$,#13761);
#13743=PRODUCT_DEFINITION_FORMATION('',$,#13762);
#13744=PRODUCT_DEFINITION_FORMATION('',$,#13763);
#13745=PRODUCT_DEFINITION_FORMATION('',$,#13764);
#13746=PRODUCT_DEFINITION_FORMATION('',$,#13765);
#13747=PRODUCT_DEFINITION_FORMATION(' NONE',$,#13766);
#13748=PRODUCT_DEFINITION_FORMATION(' NONE',$,#13767);
#13749=PRODUCT_RELATED_PRODUCT_CATEGORY('250407_Ampel','250407_Ampel',(#13760));
#13750=PRODUCT_RELATED_PRODUCT_CATEGORY('60x60_005','60x60_005',(#13761));
#13751=PRODUCT_RELATED_PRODUCT_CATEGORY('30x45_005','30x45_005',(#13762));
#13752=PRODUCT_RELATED_PRODUCT_CATEGORY('250430_Item Rohr Ampel',
'250430_Item Rohr Ampel',(#13763));
#13753=PRODUCT_RELATED_PRODUCT_CATEGORY('Verbinder_006','Verbinder_006',
(#13764));
#13754=PRODUCT_RELATED_PRODUCT_CATEGORY('250430_Ampel_LED Verbinder',
'250430_Ampel_LED Verbinder',(#13765));
#13755=PRODUCT_RELATED_PRODUCT_CATEGORY('item_69','item_69',(#13766));
#13756=PRODUCT_RELATED_PRODUCT_CATEGORY(
'item_63061_rohradapter-d30-63061__high.step',
'item_63061_rohradapter-d30-63061__high.step',(#13767));
#13757=APPLICATION_PROTOCOL_DEFINITION('international standard',
'automotive_design',2009,#13758);
#13758=APPLICATION_CONTEXT(
'Core Data for Automotive Mechanical Design Process');
#13759=PRODUCT_CONTEXT('part definition',#13758,'mechanical');
#13760=PRODUCT('250324_Exponat_#000','250407_Ampel',$,(#13759));
#13761=PRODUCT('60x60_005','60x60_005',$,(#13759));
#13762=PRODUCT('30x45_005','30x45_005',$,(#13759));
#13763=PRODUCT('250430_Item Rohr Ampel','250430_Item Rohr Ampel',$,(#13759));
#13764=PRODUCT('Verbinder_006_Kabel','Verbinder_006',$,(#13759));
#13765=PRODUCT('Verbinder_006','250430_Ampel_LED Verbinder',$,(#13759));
#13766=PRODUCT('item_0069044_Verbinder D30 innen Anschluss M6-12_1',
'item_69','STEP AP214',(#13759));
#13767=PRODUCT('item_0063061_Rohradapter D30_1',
'item_63061_rohradapter-d30-63061__high.step','STEP AP214',(#13759));
ENDSEC;
END-ISO-10303-21;
