ISO-10303-21;
HEADER;
/* Generated by software containing ST-Developer
 * from STEP Tools, Inc. (www.steptools.com) 
 */

FILE_DESCRIPTION(
/* description */ (''),
/* implementation_level */ '2;1');

FILE_NAME(
/* name */ 'drilling jig plate system.stp',
/* time_stamp */ '2025-06-03T10:06:05+02:00',
/* author */ ('clehmann'),
/* organization */ (''),
/* preprocessor_version */ 'ST-DEVELOPER v20',
/* originating_system */ 'Autodesk Inventor 2025',
/* authorisation */ '');

FILE_SCHEMA (('AUTOMOTIVE_DESIGN { 1 0 10303 214 3 1 1 }'));
ENDSEC;

DATA;
#10=MECHANICAL_DESIGN_GEOMETRIC_PRESENTATION_REPRESENTATION('',(#19),#9833);
#11=GEOMETRICALLY_BOUNDED_WIREFRAME_SHAPE_REPRESENTATION('',(#12,#13,#14,
#15),#9832);
#12=GEOMETRIC_CURVE_SET('Skizze4',(#9826));
#13=GEOMETRIC_CURVE_SET('Skizze7',(#9827));
#14=GEOMETRIC_CURVE_SET('Skizze20',(#9828));
#15=GEOMETRIC_CURVE_SET('Skizze23',(#9829));
#16=SHAPE_REPRESENTATION_RELATIONSHIP('SRR','None',#9840,#18);
#17=SHAPE_REPRESENTATION_RELATIONSHIP('SRR','None',#9840,#11);
#18=ADVANCED_BREP_SHAPE_REPRESENTATION('',(#20),#9832);
#19=STYLED_ITEM('',(#9849),#20);
#20=MANIFOLD_SOLID_BREP('Volumenk\X\F6rper1',#4119);
#21=FACE_BOUND('',#1227,.T.);
#22=FACE_BOUND('',#1290,.T.);
#23=FACE_BOUND('',#1315,.T.);
#24=FACE_BOUND('',#1320,.T.);
#25=FACE_BOUND('',#1353,.T.);
#26=FACE_BOUND('',#1355,.T.);
#27=FACE_BOUND('',#1366,.T.);
#28=FACE_BOUND('',#1428,.T.);
#29=FACE_BOUND('',#1431,.T.);
#30=FACE_BOUND('',#1437,.T.);
#31=PLANE('',#4186);
#32=PLANE('',#4190);
#33=PLANE('',#4212);
#34=PLANE('',#4215);
#35=PLANE('',#4216);
#36=PLANE('',#4235);
#37=PLANE('',#4238);
#38=PLANE('',#4248);
#39=PLANE('',#4297);
#40=PLANE('',#4299);
#41=PLANE('',#4305);
#42=PLANE('',#4333);
#43=PLANE('',#4334);
#44=PLANE('',#4336);
#45=PLANE('',#4338);
#46=PLANE('',#4361);
#47=PLANE('',#4365);
#48=PLANE('',#4368);
#49=PLANE('',#4371);
#50=PLANE('',#4376);
#51=PLANE('',#4381);
#52=PLANE('',#4404);
#53=PLANE('',#4430);
#54=PLANE('',#4434);
#55=PLANE('',#4440);
#56=PLANE('',#4442);
#57=PLANE('',#4461);
#58=PLANE('',#4464);
#59=PLANE('',#4465);
#60=PLANE('',#4484);
#61=PLANE('',#4487);
#62=PLANE('',#4497);
#63=PLANE('',#4546);
#64=PLANE('',#4548);
#65=PLANE('',#4554);
#66=PLANE('',#4577);
#67=PLANE('',#4579);
#68=PLANE('',#4580);
#69=PLANE('',#4582);
#70=PLANE('',#4584);
#71=PLANE('',#4589);
#72=PLANE('',#4593);
#73=PLANE('',#4612);
#74=PLANE('',#4614);
#75=ELLIPSE('',#4164,4.94974746830583,3.5);
#76=ELLIPSE('',#4167,4.94974746830583,3.5);
#77=ELLIPSE('',#4180,14.9818651318001,14.731319891878);
#78=ELLIPSE('',#4181,14.9818651318001,14.731319891878);
#79=ELLIPSE('',#4182,14.9818651318001,14.731319891878);
#80=ELLIPSE('',#4183,14.9818651318001,14.731319891878);
#81=ELLIPSE('',#4189,0.762755742955877,0.75);
#82=ELLIPSE('',#4192,0.762755742955877,0.75);
#83=ELLIPSE('',#4267,3.07935189371145,3.);
#84=ELLIPSE('',#4268,3.81377871477939,3.75);
#85=ELLIPSE('',#4272,8.11191310487672,8.);
#86=ELLIPSE('',#4273,7.37330551524014,7.25);
#87=ELLIPSE('',#4280,3.81377871477939,3.75);
#88=ELLIPSE('',#4281,3.07935189371145,3.);
#89=ELLIPSE('',#4285,7.37330551524014,7.25);
#90=ELLIPSE('',#4286,8.11191310487672,8.);
#91=ELLIPSE('',#4295,11.8559057013794,8.);
#92=ELLIPSE('',#4303,11.8559057013794,8.);
#93=ELLIPSE('',#4311,12.3743686707646,8.75);
#94=ELLIPSE('',#4345,12.3743686707646,8.75);
#95=ELLIPSE('',#4369,12.3743686707646,8.75);
#96=ELLIPSE('',#4406,4.94974746830583,3.5);
#97=ELLIPSE('',#4409,4.94974746830583,3.5);
#98=ELLIPSE('',#4424,14.9818651318001,14.731319891878);
#99=ELLIPSE('',#4425,14.9818651318001,14.731319891878);
#100=ELLIPSE('',#4426,14.9818651318001,14.731319891878);
#101=ELLIPSE('',#4427,14.9818651318001,14.731319891878);
#102=ELLIPSE('',#4432,0.762755742955877,0.75);
#103=ELLIPSE('',#4437,0.762755742955877,0.75);
#104=ELLIPSE('',#4516,3.81377871477939,3.75);
#105=ELLIPSE('',#4517,3.07935189371145,3.);
#106=ELLIPSE('',#4521,7.37330551524014,7.25);
#107=ELLIPSE('',#4522,8.11191310487672,8.);
#108=ELLIPSE('',#4529,3.07935189371145,3.);
#109=ELLIPSE('',#4530,3.81377871477939,3.75);
#110=ELLIPSE('',#4534,8.11191310487672,8.);
#111=ELLIPSE('',#4535,7.37330551524014,7.25);
#112=ELLIPSE('',#4543,11.8559057013794,8.);
#113=ELLIPSE('',#4553,11.8559057013794,8.);
#114=ELLIPSE('',#4594,12.3743686707646,8.75);
#115=SPHERICAL_SURFACE('',#4159,0.75);
#116=SPHERICAL_SURFACE('',#4161,0.75);
#117=SPHERICAL_SURFACE('',#4244,0.75);
#118=SPHERICAL_SURFACE('',#4246,0.75);
#119=SPHERICAL_SURFACE('',#4400,0.75);
#120=SPHERICAL_SURFACE('',#4402,0.75);
#121=SPHERICAL_SURFACE('',#4493,0.75);
#122=SPHERICAL_SURFACE('',#4495,0.75);
#123=TOROIDAL_SURFACE('',#4149,13.25,0.75);
#124=TOROIDAL_SURFACE('',#4155,13.25,0.75);
#125=TOROIDAL_SURFACE('',#4196,5.25,0.75);
#126=TOROIDAL_SURFACE('',#4204,13.25,0.75);
#127=TOROIDAL_SURFACE('',#4207,5.25,0.75);
#128=TOROIDAL_SURFACE('',#4221,6.75,0.75);
#129=TOROIDAL_SURFACE('',#4227,14.75,0.75);
#130=TOROIDAL_SURFACE('',#4231,6.75,0.75);
#131=TOROIDAL_SURFACE('',#4254,17.7500000000087,0.75);
#132=TOROIDAL_SURFACE('',#4260,14.25,0.75);
#133=TOROIDAL_SURFACE('',#4275,16.2500000000087,0.75);
#134=TOROIDAL_SURFACE('',#4288,14.25,0.75);
#135=TOROIDAL_SURFACE('',#4312,8.75,0.75);
#136=TOROIDAL_SURFACE('',#4317,2.25,0.75);
#137=TOROIDAL_SURFACE('',#4322,14.25,0.75);
#138=TOROIDAL_SURFACE('',#4346,8.75,0.75);
#139=TOROIDAL_SURFACE('',#4351,2.25,0.75);
#140=TOROIDAL_SURFACE('',#4356,14.25,0.75);
#141=TOROIDAL_SURFACE('',#4378,9.74999999999999,0.75);
#142=TOROIDAL_SURFACE('',#4391,13.25,0.75);
#143=TOROIDAL_SURFACE('',#4397,13.25,0.75);
#144=TOROIDAL_SURFACE('',#4445,5.25,0.75);
#145=TOROIDAL_SURFACE('',#4453,13.25,0.75);
#146=TOROIDAL_SURFACE('',#4456,5.25,0.75);
#147=TOROIDAL_SURFACE('',#4470,6.75,0.75);
#148=TOROIDAL_SURFACE('',#4476,14.75,0.75);
#149=TOROIDAL_SURFACE('',#4480,6.75,0.75);
#150=TOROIDAL_SURFACE('',#4503,17.7500000000087,0.75);
#151=TOROIDAL_SURFACE('',#4509,14.25,0.75);
#152=TOROIDAL_SURFACE('',#4524,16.2500000000087,0.75);
#153=TOROIDAL_SURFACE('',#4537,14.25,0.75);
#154=TOROIDAL_SURFACE('',#4560,8.75,0.75);
#155=TOROIDAL_SURFACE('',#4564,2.25,0.75);
#156=TOROIDAL_SURFACE('',#4568,14.25,0.75);
#157=TOROIDAL_SURFACE('',#4597,8.75,0.75);
#158=TOROIDAL_SURFACE('',#4602,2.25,0.75);
#159=TOROIDAL_SURFACE('',#4607,14.25,0.75);
#160=LINE('',#5931,#371);
#161=LINE('',#5932,#372);
#162=LINE('',#5937,#373);
#163=LINE('',#5938,#374);
#164=LINE('',#6031,#375);
#165=LINE('',#6034,#376);
#166=LINE('',#6076,#377);
#167=LINE('',#6079,#378);
#168=LINE('',#6207,#379);
#169=LINE('',#6208,#380);
#170=LINE('',#6294,#381);
#171=LINE('',#6295,#382);
#172=LINE('',#6384,#383);
#173=LINE('',#6385,#384);
#174=LINE('',#6457,#385);
#175=LINE('',#6463,#386);
#176=LINE('',#6470,#387);
#177=LINE('',#6477,#388);
#178=LINE('',#6483,#389);
#179=LINE('',#6601,#390);
#180=LINE('',#6609,#391);
#181=LINE('',#6613,#392);
#182=LINE('',#6616,#393);
#183=LINE('',#6628,#394);
#184=LINE('',#6642,#395);
#185=LINE('',#6646,#396);
#186=LINE('',#6661,#397);
#187=LINE('',#6673,#398);
#188=LINE('',#6674,#399);
#189=LINE('',#6677,#400);
#190=LINE('',#6679,#401);
#191=LINE('',#6680,#402);
#192=LINE('',#6684,#403);
#193=LINE('',#6687,#404);
#194=LINE('',#6688,#405);
#195=LINE('',#6696,#406);
#196=LINE('',#6719,#407);
#197=LINE('',#6737,#408);
#198=LINE('',#6794,#409);
#199=LINE('',#6798,#410);
#200=LINE('',#6799,#411);
#201=LINE('',#6801,#412);
#202=LINE('',#6803,#413);
#203=LINE('',#6807,#414);
#204=LINE('',#6812,#415);
#205=LINE('',#6819,#416);
#206=LINE('',#6827,#417);
#207=LINE('',#6829,#418);
#208=LINE('',#6831,#419);
#209=LINE('',#6832,#420);
#210=LINE('',#6836,#421);
#211=LINE('',#6872,#422);
#212=LINE('',#6945,#423);
#213=LINE('',#6952,#424);
#214=LINE('',#6967,#425);
#215=LINE('',#6969,#426);
#216=LINE('',#7010,#427);
#217=LINE('',#7011,#428);
#218=LINE('',#7054,#429);
#219=LINE('',#7055,#430);
#220=LINE('',#7073,#431);
#221=LINE('',#7075,#432);
#222=LINE('',#7116,#433);
#223=LINE('',#7117,#434);
#224=LINE('',#7159,#435);
#225=LINE('',#7166,#436);
#226=LINE('',#7169,#437);
#227=LINE('',#7175,#438);
#228=LINE('',#7177,#439);
#229=LINE('',#7180,#440);
#230=LINE('',#7182,#441);
#231=LINE('',#7183,#442);
#232=LINE('',#7186,#443);
#233=LINE('',#7193,#444);
#234=LINE('',#7196,#445);
#235=LINE('',#7197,#446);
#236=LINE('',#7201,#447);
#237=LINE('',#7349,#448);
#238=LINE('',#7424,#449);
#239=LINE('',#7433,#450);
#240=LINE('',#7434,#451);
#241=LINE('',#7443,#452);
#242=LINE('',#7446,#453);
#243=LINE('',#7450,#454);
#244=LINE('',#7454,#455);
#245=LINE('',#7458,#456);
#246=LINE('',#7463,#457);
#247=LINE('',#7465,#458);
#248=LINE('',#7467,#459);
#249=LINE('',#7469,#460);
#250=LINE('',#7473,#461);
#251=LINE('',#7477,#462);
#252=LINE('',#7478,#463);
#253=LINE('',#7481,#464);
#254=LINE('',#7482,#465);
#255=LINE('',#7696,#466);
#256=LINE('',#7770,#467);
#257=LINE('',#7778,#468);
#258=LINE('',#7784,#469);
#259=LINE('',#7786,#470);
#260=LINE('',#7787,#471);
#261=LINE('',#7792,#472);
#262=LINE('',#7796,#473);
#263=LINE('',#7800,#474);
#264=LINE('',#7804,#475);
#265=LINE('',#7808,#476);
#266=LINE('',#7810,#477);
#267=LINE('',#7812,#478);
#268=LINE('',#7813,#479);
#269=LINE('',#7821,#480);
#270=LINE('',#7883,#481);
#271=LINE('',#7884,#482);
#272=LINE('',#7890,#483);
#273=LINE('',#7917,#484);
#274=LINE('',#7930,#485);
#275=LINE('',#7943,#486);
#276=LINE('',#7957,#487);
#277=LINE('',#7980,#488);
#278=LINE('',#7982,#489);
#279=LINE('',#7985,#490);
#280=LINE('',#7995,#491);
#281=LINE('',#8073,#492);
#282=LINE('',#8165,#493);
#283=LINE('',#8166,#494);
#284=LINE('',#8232,#495);
#285=LINE('',#8328,#496);
#286=LINE('',#8329,#497);
#287=LINE('',#8415,#498);
#288=LINE('',#8416,#499);
#289=LINE('',#8505,#500);
#290=LINE('',#8506,#501);
#291=LINE('',#8578,#502);
#292=LINE('',#8584,#503);
#293=LINE('',#8591,#504);
#294=LINE('',#8598,#505);
#295=LINE('',#8604,#506);
#296=LINE('',#8712,#507);
#297=LINE('',#8720,#508);
#298=LINE('',#8724,#509);
#299=LINE('',#8727,#510);
#300=LINE('',#8744,#511);
#301=LINE('',#8746,#512);
#302=LINE('',#8762,#513);
#303=LINE('',#8766,#514);
#304=LINE('',#8789,#515);
#305=LINE('',#8790,#516);
#306=LINE('',#8793,#517);
#307=LINE('',#8795,#518);
#308=LINE('',#8796,#519);
#309=LINE('',#8799,#520);
#310=LINE('',#8803,#521);
#311=LINE('',#8804,#522);
#312=LINE('',#8813,#523);
#313=LINE('',#8823,#524);
#314=LINE('',#8853,#525);
#315=LINE('',#8910,#526);
#316=LINE('',#8912,#527);
#317=LINE('',#8915,#528);
#318=LINE('',#8917,#529);
#319=LINE('',#8919,#530);
#320=LINE('',#8924,#531);
#321=LINE('',#8927,#532);
#322=LINE('',#8935,#533);
#323=LINE('',#8937,#534);
#324=LINE('',#8939,#535);
#325=LINE('',#8941,#536);
#326=LINE('',#8948,#537);
#327=LINE('',#8986,#538);
#328=LINE('',#9059,#539);
#329=LINE('',#9066,#540);
#330=LINE('',#9081,#541);
#331=LINE('',#9084,#542);
#332=LINE('',#9124,#543);
#333=LINE('',#9125,#544);
#334=LINE('',#9168,#545);
#335=LINE('',#9169,#546);
#336=LINE('',#9187,#547);
#337=LINE('',#9190,#548);
#338=LINE('',#9230,#549);
#339=LINE('',#9231,#550);
#340=LINE('',#9273,#551);
#341=LINE('',#9280,#552);
#342=LINE('',#9286,#553);
#343=LINE('',#9289,#554);
#344=LINE('',#9291,#555);
#345=LINE('',#9294,#556);
#346=LINE('',#9296,#557);
#347=LINE('',#9297,#558);
#348=LINE('',#9302,#559);
#349=LINE('',#9308,#560);
#350=LINE('',#9309,#561);
#351=LINE('',#9312,#562);
#352=LINE('',#9504,#563);
#353=LINE('',#9513,#564);
#354=LINE('',#9518,#565);
#355=LINE('',#9526,#566);
#356=LINE('',#9529,#567);
#357=LINE('',#9532,#568);
#358=LINE('',#9534,#569);
#359=LINE('',#9537,#570);
#360=LINE('',#9540,#571);
#361=LINE('',#9541,#572);
#362=LINE('',#9546,#573);
#363=LINE('',#9653,#574);
#364=LINE('',#9667,#575);
#365=LINE('',#9803,#576);
#366=LINE('',#9811,#577);
#367=LINE('',#9817,#578);
#368=LINE('',#9819,#579);
#369=LINE('',#9820,#580);
#370=LINE('',#9823,#581);
#371=VECTOR('',#4628,10.);
#372=VECTOR('',#4629,10.);
#373=VECTOR('',#4634,10.);
#374=VECTOR('',#4635,10.);
#375=VECTOR('',#4666,10.);
#376=VECTOR('',#4669,10.);
#377=VECTOR('',#4674,10.);
#378=VECTOR('',#4677,10.);
#379=VECTOR('',#4688,10.);
#380=VECTOR('',#4689,10.);
#381=VECTOR('',#4696,10.);
#382=VECTOR('',#4697,10.);
#383=VECTOR('',#4702,10.);
#384=VECTOR('',#4703,10.);
#385=VECTOR('',#4708,10.);
#386=VECTOR('',#4713,10.);
#387=VECTOR('',#4714,10.);
#388=VECTOR('',#4715,10.);
#389=VECTOR('',#4720,10.);
#390=VECTOR('',#4731,10.);
#391=VECTOR('',#4740,10.);
#392=VECTOR('',#4745,10.);
#393=VECTOR('',#4748,15.);
#394=VECTOR('',#4761,10.);
#395=VECTOR('',#4762,10.);
#396=VECTOR('',#4765,10.);
#397=VECTOR('',#4766,10.);
#398=VECTOR('',#4785,10.);
#399=VECTOR('',#4786,10.);
#400=VECTOR('',#4789,10.);
#401=VECTOR('',#4790,10.);
#402=VECTOR('',#4791,10.);
#403=VECTOR('',#4796,10.);
#404=VECTOR('',#4799,10.);
#405=VECTOR('',#4800,10.);
#406=VECTOR('',#4809,10.);
#407=VECTOR('',#4824,10.);
#408=VECTOR('',#4831,10.);
#409=VECTOR('',#4844,10.);
#410=VECTOR('',#4847,10.);
#411=VECTOR('',#4848,15.);
#412=VECTOR('',#4851,10.);
#413=VECTOR('',#4854,10.);
#414=VECTOR('',#4859,10.);
#415=VECTOR('',#4866,10.);
#416=VECTOR('',#4877,10.);
#417=VECTOR('',#4878,10.);
#418=VECTOR('',#4879,10.);
#419=VECTOR('',#4880,10.);
#420=VECTOR('',#4881,10.);
#421=VECTOR('',#4886,10.);
#422=VECTOR('',#4893,10.);
#423=VECTOR('',#4906,10.);
#424=VECTOR('',#4915,10.);
#425=VECTOR('',#4918,10.);
#426=VECTOR('',#4919,10.);
#427=VECTOR('',#4932,10.);
#428=VECTOR('',#4933,10.);
#429=VECTOR('',#4942,10.);
#430=VECTOR('',#4943,10.);
#431=VECTOR('',#4950,10.);
#432=VECTOR('',#4951,10.);
#433=VECTOR('',#4964,10.);
#434=VECTOR('',#4965,10.);
#435=VECTOR('',#4974,10.);
#436=VECTOR('',#4985,10.);
#437=VECTOR('',#4988,10.);
#438=VECTOR('',#4997,10.);
#439=VECTOR('',#5000,10.);
#440=VECTOR('',#5003,10.);
#441=VECTOR('',#5004,10.);
#442=VECTOR('',#5005,10.);
#443=VECTOR('',#5008,10.);
#444=VECTOR('',#5017,10.);
#445=VECTOR('',#5020,10.);
#446=VECTOR('',#5021,10.);
#447=VECTOR('',#5026,10.);
#448=VECTOR('',#5031,10.);
#449=VECTOR('',#5046,10.);
#450=VECTOR('',#5057,10.);
#451=VECTOR('',#5058,10.);
#452=VECTOR('',#5069,10.);
#453=VECTOR('',#5072,10.);
#454=VECTOR('',#5077,5.);
#455=VECTOR('',#5080,10.);
#456=VECTOR('',#5083,10.);
#457=VECTOR('',#5090,10.);
#458=VECTOR('',#5091,10.);
#459=VECTOR('',#5092,10.);
#460=VECTOR('',#5093,10.);
#461=VECTOR('',#5098,10.);
#462=VECTOR('',#5101,10.);
#463=VECTOR('',#5102,10.);
#464=VECTOR('',#5105,10.);
#465=VECTOR('',#5106,10.);
#466=VECTOR('',#5119,10.);
#467=VECTOR('',#5132,10.);
#468=VECTOR('',#5143,10.);
#469=VECTOR('',#5152,10.);
#470=VECTOR('',#5155,10.);
#471=VECTOR('',#5156,10.);
#472=VECTOR('',#5161,10.);
#473=VECTOR('',#5164,10.);
#474=VECTOR('',#5169,10.);
#475=VECTOR('',#5172,10.);
#476=VECTOR('',#5175,10.);
#477=VECTOR('',#5176,10.);
#478=VECTOR('',#5177,10.);
#479=VECTOR('',#5178,10.);
#480=VECTOR('',#5181,10.);
#481=VECTOR('',#5188,10.);
#482=VECTOR('',#5189,10.);
#483=VECTOR('',#5196,10.5);
#484=VECTOR('',#5197,10.);
#485=VECTOR('',#5198,10.);
#486=VECTOR('',#5199,10.);
#487=VECTOR('',#5200,10.);
#488=VECTOR('',#5205,10.);
#489=VECTOR('',#5206,10.);
#490=VECTOR('',#5209,10.);
#491=VECTOR('',#5222,7.49999999999998);
#492=VECTOR('',#5233,10.);
#493=VECTOR('',#5266,10.);
#494=VECTOR('',#5267,10.);
#495=VECTOR('',#5282,3.5);
#496=VECTOR('',#5293,10.);
#497=VECTOR('',#5294,10.);
#498=VECTOR('',#5301,10.);
#499=VECTOR('',#5302,10.);
#500=VECTOR('',#5307,10.);
#501=VECTOR('',#5308,10.);
#502=VECTOR('',#5313,10.);
#503=VECTOR('',#5318,10.);
#504=VECTOR('',#5319,10.);
#505=VECTOR('',#5320,10.);
#506=VECTOR('',#5325,10.);
#507=VECTOR('',#5336,10.);
#508=VECTOR('',#5345,10.);
#509=VECTOR('',#5350,15.);
#510=VECTOR('',#5353,10.);
#511=VECTOR('',#5376,10.);
#512=VECTOR('',#5377,10.);
#513=VECTOR('',#5380,10.);
#514=VECTOR('',#5383,10.);
#515=VECTOR('',#5400,10.);
#516=VECTOR('',#5401,10.);
#517=VECTOR('',#5404,10.);
#518=VECTOR('',#5405,10.);
#519=VECTOR('',#5406,10.);
#520=VECTOR('',#5409,10.);
#521=VECTOR('',#5414,10.);
#522=VECTOR('',#5415,10.);
#523=VECTOR('',#5426,10.);
#524=VECTOR('',#5439,10.);
#525=VECTOR('',#5446,10.);
#526=VECTOR('',#5459,15.);
#527=VECTOR('',#5460,10.);
#528=VECTOR('',#5463,10.);
#529=VECTOR('',#5466,10.);
#530=VECTOR('',#5469,10.);
#531=VECTOR('',#5476,10.);
#532=VECTOR('',#5479,10.);
#533=VECTOR('',#5492,10.);
#534=VECTOR('',#5493,10.);
#535=VECTOR('',#5494,10.);
#536=VECTOR('',#5495,10.);
#537=VECTOR('',#5496,10.);
#538=VECTOR('',#5507,10.);
#539=VECTOR('',#5520,10.);
#540=VECTOR('',#5529,10.);
#541=VECTOR('',#5532,10.);
#542=VECTOR('',#5535,10.);
#543=VECTOR('',#5546,10.);
#544=VECTOR('',#5547,10.);
#545=VECTOR('',#5556,10.);
#546=VECTOR('',#5557,10.);
#547=VECTOR('',#5564,10.);
#548=VECTOR('',#5567,10.);
#549=VECTOR('',#5578,10.);
#550=VECTOR('',#5579,10.);
#551=VECTOR('',#5588,10.);
#552=VECTOR('',#5599,10.);
#553=VECTOR('',#5606,10.);
#554=VECTOR('',#5611,10.);
#555=VECTOR('',#5614,10.);
#556=VECTOR('',#5617,10.);
#557=VECTOR('',#5618,10.);
#558=VECTOR('',#5619,10.);
#559=VECTOR('',#5626,10.);
#560=VECTOR('',#5633,10.);
#561=VECTOR('',#5634,10.);
#562=VECTOR('',#5637,10.);
#563=VECTOR('',#5662,10.);
#564=VECTOR('',#5673,10.);
#565=VECTOR('',#5680,5.);
#566=VECTOR('',#5691,10.);
#567=VECTOR('',#5694,10.);
#568=VECTOR('',#5697,10.);
#569=VECTOR('',#5698,10.);
#570=VECTOR('',#5701,10.);
#571=VECTOR('',#5704,10.);
#572=VECTOR('',#5705,10.);
#573=VECTOR('',#5712,6.05);
#574=VECTOR('',#5725,10.);
#575=VECTOR('',#5728,10.);
#576=VECTOR('',#5743,10.);
#577=VECTOR('',#5754,10.);
#578=VECTOR('',#5763,10.);
#579=VECTOR('',#5766,10.);
#580=VECTOR('',#5767,10.);
#581=VECTOR('',#5772,3.5);
#582=CYLINDRICAL_SURFACE('',#4145,0.75);
#583=CYLINDRICAL_SURFACE('',#4147,0.75);
#584=CYLINDRICAL_SURFACE('',#4163,3.5);
#585=CYLINDRICAL_SURFACE('',#4166,3.5);
#586=CYLINDRICAL_SURFACE('',#4171,0.75);
#587=CYLINDRICAL_SURFACE('',#4174,0.75);
#588=CYLINDRICAL_SURFACE('',#4177,0.75);
#589=CYLINDRICAL_SURFACE('',#4178,12.5);
#590=CYLINDRICAL_SURFACE('',#4179,14.731319891878);
#591=CYLINDRICAL_SURFACE('',#4194,15.);
#592=CYLINDRICAL_SURFACE('',#4201,0.75);
#593=CYLINDRICAL_SURFACE('',#4202,0.75);
#594=CYLINDRICAL_SURFACE('',#4211,0.75);
#595=CYLINDRICAL_SURFACE('',#4213,14.);
#596=CYLINDRICAL_SURFACE('',#4218,0.75);
#597=CYLINDRICAL_SURFACE('',#4226,0.75);
#598=CYLINDRICAL_SURFACE('',#4229,0.75);
#599=CYLINDRICAL_SURFACE('',#4237,6.);
#600=CYLINDRICAL_SURFACE('',#4239,6.);
#601=CYLINDRICAL_SURFACE('',#4240,0.75);
#602=CYLINDRICAL_SURFACE('',#4242,0.75);
#603=CYLINDRICAL_SURFACE('',#4249,0.75);
#604=CYLINDRICAL_SURFACE('',#4253,0.75);
#605=CYLINDRICAL_SURFACE('',#4259,0.75);
#606=CYLINDRICAL_SURFACE('',#4263,0.75);
#607=CYLINDRICAL_SURFACE('',#4264,0.75);
#608=CYLINDRICAL_SURFACE('',#4269,0.75);
#609=CYLINDRICAL_SURFACE('',#4274,0.75);
#610=CYLINDRICAL_SURFACE('',#4277,0.75);
#611=CYLINDRICAL_SURFACE('',#4282,0.75);
#612=CYLINDRICAL_SURFACE('',#4287,0.75);
#613=CYLINDRICAL_SURFACE('',#4292,0.75);
#614=CYLINDRICAL_SURFACE('',#4293,8.);
#615=CYLINDRICAL_SURFACE('',#4296,15.);
#616=CYLINDRICAL_SURFACE('',#4298,17.0000000000087);
#617=CYLINDRICAL_SURFACE('',#4300,0.75);
#618=CYLINDRICAL_SURFACE('',#4302,8.);
#619=CYLINDRICAL_SURFACE('',#4306,3.);
#620=CYLINDRICAL_SURFACE('',#4309,0.75);
#621=CYLINDRICAL_SURFACE('',#4315,0.75);
#622=CYLINDRICAL_SURFACE('',#4320,0.75);
#623=CYLINDRICAL_SURFACE('',#4326,15.);
#624=CYLINDRICAL_SURFACE('',#4328,5.);
#625=CYLINDRICAL_SURFACE('',#4330,6.05);
#626=CYLINDRICAL_SURFACE('',#4339,3.);
#627=CYLINDRICAL_SURFACE('',#4343,0.75);
#628=CYLINDRICAL_SURFACE('',#4349,0.75);
#629=CYLINDRICAL_SURFACE('',#4354,0.75);
#630=CYLINDRICAL_SURFACE('',#4359,0.75);
#631=CYLINDRICAL_SURFACE('',#4360,15.);
#632=CYLINDRICAL_SURFACE('',#4362,7.5);
#633=CYLINDRICAL_SURFACE('',#4373,10.5);
#634=CYLINDRICAL_SURFACE('',#4383,7.49999999999998);
#635=CYLINDRICAL_SURFACE('',#4387,0.75);
#636=CYLINDRICAL_SURFACE('',#4389,0.75);
#637=CYLINDRICAL_SURFACE('',#4405,3.5);
#638=CYLINDRICAL_SURFACE('',#4408,3.5);
#639=CYLINDRICAL_SURFACE('',#4411,3.5);
#640=CYLINDRICAL_SURFACE('',#4415,0.75);
#641=CYLINDRICAL_SURFACE('',#4418,0.75);
#642=CYLINDRICAL_SURFACE('',#4421,0.75);
#643=CYLINDRICAL_SURFACE('',#4422,12.5);
#644=CYLINDRICAL_SURFACE('',#4423,14.731319891878);
#645=CYLINDRICAL_SURFACE('',#4438,15.);
#646=CYLINDRICAL_SURFACE('',#4450,0.75);
#647=CYLINDRICAL_SURFACE('',#4451,0.75);
#648=CYLINDRICAL_SURFACE('',#4460,0.75);
#649=CYLINDRICAL_SURFACE('',#4462,14.);
#650=CYLINDRICAL_SURFACE('',#4467,0.75);
#651=CYLINDRICAL_SURFACE('',#4475,0.75);
#652=CYLINDRICAL_SURFACE('',#4478,0.75);
#653=CYLINDRICAL_SURFACE('',#4486,6.);
#654=CYLINDRICAL_SURFACE('',#4488,6.);
#655=CYLINDRICAL_SURFACE('',#4489,0.75);
#656=CYLINDRICAL_SURFACE('',#4491,0.75);
#657=CYLINDRICAL_SURFACE('',#4498,0.75);
#658=CYLINDRICAL_SURFACE('',#4502,0.75);
#659=CYLINDRICAL_SURFACE('',#4508,0.75);
#660=CYLINDRICAL_SURFACE('',#4512,0.75);
#661=CYLINDRICAL_SURFACE('',#4513,0.75);
#662=CYLINDRICAL_SURFACE('',#4518,0.75);
#663=CYLINDRICAL_SURFACE('',#4523,0.75);
#664=CYLINDRICAL_SURFACE('',#4526,0.75);
#665=CYLINDRICAL_SURFACE('',#4531,0.75);
#666=CYLINDRICAL_SURFACE('',#4536,0.75);
#667=CYLINDRICAL_SURFACE('',#4541,0.75);
#668=CYLINDRICAL_SURFACE('',#4542,8.);
#669=CYLINDRICAL_SURFACE('',#4545,15.);
#670=CYLINDRICAL_SURFACE('',#4547,17.0000000000087);
#671=CYLINDRICAL_SURFACE('',#4549,0.75);
#672=CYLINDRICAL_SURFACE('',#4551,8.);
#673=CYLINDRICAL_SURFACE('',#4555,3.);
#674=CYLINDRICAL_SURFACE('',#4558,0.75);
#675=CYLINDRICAL_SURFACE('',#4562,0.75);
#676=CYLINDRICAL_SURFACE('',#4566,0.75);
#677=CYLINDRICAL_SURFACE('',#4572,15.);
#678=CYLINDRICAL_SURFACE('',#4574,5.);
#679=CYLINDRICAL_SURFACE('',#4576,6.05);
#680=CYLINDRICAL_SURFACE('',#4585,3.);
#681=CYLINDRICAL_SURFACE('',#4587,6.05);
#682=CYLINDRICAL_SURFACE('',#4595,0.75);
#683=CYLINDRICAL_SURFACE('',#4600,0.75);
#684=CYLINDRICAL_SURFACE('',#4605,0.75);
#685=CYLINDRICAL_SURFACE('',#4610,0.75);
#686=CYLINDRICAL_SURFACE('',#4611,15.);
#687=CYLINDRICAL_SURFACE('',#4613,3.5);
#688=CYLINDRICAL_SURFACE('',#4615,7.5);
#689=CIRCLE('',#4142,0.750000000001326);
#690=CIRCLE('',#4143,0.750000000000002);
#691=CIRCLE('',#4144,0.750000000000003);
#692=CIRCLE('',#4146,0.750000000000002);
#693=CIRCLE('',#4148,0.75);
#694=CIRCLE('',#4150,0.750000000000004);
#695=CIRCLE('',#4151,12.5);
#696=CIRCLE('',#4152,0.750000000000011);
#697=CIRCLE('',#4153,13.25);
#698=CIRCLE('',#4154,0.750000000000002);
#699=CIRCLE('',#4156,0.750000000000002);
#700=CIRCLE('',#4157,13.25);
#701=CIRCLE('',#4158,12.5);
#702=CIRCLE('',#4160,0.750000000000004);
#703=CIRCLE('',#4162,0.750000000000002);
#704=CIRCLE('',#4165,0.750000000000002);
#705=CIRCLE('',#4168,0.750000000000001);
#706=CIRCLE('',#4169,0.749999999999999);
#707=CIRCLE('',#4170,0.750000000000014);
#708=CIRCLE('',#4172,0.749999999999999);
#709=CIRCLE('',#4173,0.750000000000001);
#710=CIRCLE('',#4175,0.749999999999999);
#711=CIRCLE('',#4176,0.75);
#712=CIRCLE('',#4184,0.749999999999994);
#713=CIRCLE('',#4185,0.750000000000001);
#714=CIRCLE('',#4187,15.);
#715=CIRCLE('',#4188,0.75);
#716=CIRCLE('',#4191,15.);
#717=CIRCLE('',#4193,0.75);
#718=CIRCLE('',#4195,15.);
#719=CIRCLE('',#4197,0.749999999999971);
#720=CIRCLE('',#4198,5.25);
#721=CIRCLE('',#4199,0.749999999999997);
#722=CIRCLE('',#4200,6.);
#723=CIRCLE('',#4203,0.75);
#724=CIRCLE('',#4205,13.25);
#725=CIRCLE('',#4206,14.);
#726=CIRCLE('',#4208,0.749999999999988);
#727=CIRCLE('',#4209,5.25);
#728=CIRCLE('',#4210,6.);
#729=CIRCLE('',#4214,14.);
#730=CIRCLE('',#4217,5.);
#731=CIRCLE('',#4219,0.749999999999997);
#732=CIRCLE('',#4220,0.750000000000001);
#733=CIRCLE('',#4222,0.75);
#734=CIRCLE('',#4223,6.);
#735=CIRCLE('',#4224,0.750000000000004);
#736=CIRCLE('',#4225,6.75);
#737=CIRCLE('',#4228,14.75);
#738=CIRCLE('',#4230,0.75);
#739=CIRCLE('',#4232,0.750000000000006);
#740=CIRCLE('',#4233,6.75);
#741=CIRCLE('',#4234,6.);
#742=CIRCLE('',#4236,16.2500000000087);
#743=CIRCLE('',#4241,0.750000000000002);
#744=CIRCLE('',#4243,0.75);
#745=CIRCLE('',#4245,0.749999999999998);
#746=CIRCLE('',#4247,0.750000000000001);
#747=CIRCLE('',#4250,0.750000000000013);
#748=CIRCLE('',#4251,0.749999999999999);
#749=CIRCLE('',#4252,0.750000000000001);
#750=CIRCLE('',#4255,17.7500000000087);
#751=CIRCLE('',#4256,17.0000000000087);
#752=CIRCLE('',#4257,0.750000000000001);
#753=CIRCLE('',#4258,0.750000000000004);
#754=CIRCLE('',#4261,0.749999999999995);
#755=CIRCLE('',#4262,14.25);
#756=CIRCLE('',#4265,0.75);
#757=CIRCLE('',#4266,0.75);
#758=CIRCLE('',#4270,0.749999999999995);
#759=CIRCLE('',#4271,0.75);
#760=CIRCLE('',#4276,17.0000000000087);
#761=CIRCLE('',#4278,0.750000000000002);
#762=CIRCLE('',#4279,0.750000000000002);
#763=CIRCLE('',#4283,0.749999999999999);
#764=CIRCLE('',#4284,0.749999999999999);
#765=CIRCLE('',#4289,0.750000000000011);
#766=CIRCLE('',#4290,14.25);
#767=CIRCLE('',#4291,15.);
#768=CIRCLE('',#4294,8.);
#769=CIRCLE('',#4301,0.750000000000013);
#770=CIRCLE('',#4304,8.);
#771=CIRCLE('',#4307,3.);
#772=CIRCLE('',#4308,0.749999999999993);
#773=CIRCLE('',#4310,0.750000000000001);
#774=CIRCLE('',#4313,8.75);
#775=CIRCLE('',#4314,0.749999999999997);
#776=CIRCLE('',#4316,0.75);
#777=CIRCLE('',#4318,0.750000000000002);
#778=CIRCLE('',#4319,2.25);
#779=CIRCLE('',#4321,0.750000000000002);
#780=CIRCLE('',#4323,0.749999999999991);
#781=CIRCLE('',#4324,14.25);
#782=CIRCLE('',#4325,15.);
#783=CIRCLE('',#4327,15.);
#784=CIRCLE('',#4329,5.);
#785=CIRCLE('',#4331,6.05);
#786=CIRCLE('',#4332,6.05);
#787=CIRCLE('',#4335,15.);
#788=CIRCLE('',#4337,14.25);
#789=CIRCLE('',#4340,3.);
#790=CIRCLE('',#4341,0.750000000001326);
#791=CIRCLE('',#4342,0.749999999999993);
#792=CIRCLE('',#4344,0.750000000000001);
#793=CIRCLE('',#4347,0.749999999999997);
#794=CIRCLE('',#4348,8.75);
#795=CIRCLE('',#4350,0.75);
#796=CIRCLE('',#4352,0.750000000000002);
#797=CIRCLE('',#4353,2.25);
#798=CIRCLE('',#4355,0.750000000000002);
#799=CIRCLE('',#4357,0.749999999999991);
#800=CIRCLE('',#4358,15.);
#801=CIRCLE('',#4363,7.5);
#802=CIRCLE('',#4364,7.5);
#803=CIRCLE('',#4366,8.75);
#804=CIRCLE('',#4367,2.25);
#805=CIRCLE('',#4370,0.750000000001326);
#806=CIRCLE('',#4372,7.5);
#807=CIRCLE('',#4374,10.5);
#808=CIRCLE('',#4375,10.5);
#809=CIRCLE('',#4377,13.25);
#810=CIRCLE('',#4379,9.74999999999999);
#811=CIRCLE('',#4380,0.75);
#812=CIRCLE('',#4382,7.49999999999998);
#813=CIRCLE('',#4384,7.49999999999998);
#814=CIRCLE('',#4385,0.750000000000002);
#815=CIRCLE('',#4386,0.750000000000003);
#816=CIRCLE('',#4388,0.750000000000002);
#817=CIRCLE('',#4390,0.75);
#818=CIRCLE('',#4392,0.750000000000004);
#819=CIRCLE('',#4393,13.25);
#820=CIRCLE('',#4394,0.750000000000011);
#821=CIRCLE('',#4395,12.5);
#822=CIRCLE('',#4396,0.750000000000002);
#823=CIRCLE('',#4398,0.750000000000002);
#824=CIRCLE('',#4399,12.5);
#825=CIRCLE('',#4401,0.750000000000004);
#826=CIRCLE('',#4403,0.750000000000002);
#827=CIRCLE('',#4407,0.750000000000002);
#828=CIRCLE('',#4410,0.750000000000001);
#829=CIRCLE('',#4412,3.5);
#830=CIRCLE('',#4413,0.749999999999999);
#831=CIRCLE('',#4414,0.750000000000014);
#832=CIRCLE('',#4416,0.749999999999999);
#833=CIRCLE('',#4417,0.750000000000001);
#834=CIRCLE('',#4419,0.749999999999999);
#835=CIRCLE('',#4420,0.75);
#836=CIRCLE('',#4428,0.749999999999994);
#837=CIRCLE('',#4429,0.750000000000001);
#838=CIRCLE('',#4431,15.);
#839=CIRCLE('',#4433,0.75);
#840=CIRCLE('',#4435,15.);
#841=CIRCLE('',#4436,0.75);
#842=CIRCLE('',#4439,15.);
#843=CIRCLE('',#4441,6.05);
#844=CIRCLE('',#4443,7.5);
#845=CIRCLE('',#4444,6.05);
#846=CIRCLE('',#4446,0.749999999999971);
#847=CIRCLE('',#4447,6.);
#848=CIRCLE('',#4448,0.749999999999997);
#849=CIRCLE('',#4449,5.25);
#850=CIRCLE('',#4452,0.75);
#851=CIRCLE('',#4454,13.25);
#852=CIRCLE('',#4455,14.);
#853=CIRCLE('',#4457,0.749999999999988);
#854=CIRCLE('',#4458,6.);
#855=CIRCLE('',#4459,5.25);
#856=CIRCLE('',#4463,14.);
#857=CIRCLE('',#4466,5.);
#858=CIRCLE('',#4468,0.749999999999997);
#859=CIRCLE('',#4469,0.750000000000001);
#860=CIRCLE('',#4471,0.75);
#861=CIRCLE('',#4472,6.75);
#862=CIRCLE('',#4473,0.750000000000004);
#863=CIRCLE('',#4474,6.);
#864=CIRCLE('',#4477,14.75);
#865=CIRCLE('',#4479,0.75);
#866=CIRCLE('',#4481,0.750000000000006);
#867=CIRCLE('',#4482,6.);
#868=CIRCLE('',#4483,6.75);
#869=CIRCLE('',#4485,16.2500000000087);
#870=CIRCLE('',#4490,0.750000000000002);
#871=CIRCLE('',#4492,0.75);
#872=CIRCLE('',#4494,0.749999999999998);
#873=CIRCLE('',#4496,0.750000000000001);
#874=CIRCLE('',#4499,0.750000000000013);
#875=CIRCLE('',#4500,0.750000000000001);
#876=CIRCLE('',#4501,0.749999999999999);
#877=CIRCLE('',#4504,17.7500000000087);
#878=CIRCLE('',#4505,17.0000000000087);
#879=CIRCLE('',#4506,0.750000000000004);
#880=CIRCLE('',#4507,0.750000000000001);
#881=CIRCLE('',#4510,0.749999999999995);
#882=CIRCLE('',#4511,14.25);
#883=CIRCLE('',#4514,0.75);
#884=CIRCLE('',#4515,0.75);
#885=CIRCLE('',#4519,0.749999999999995);
#886=CIRCLE('',#4520,0.75);
#887=CIRCLE('',#4525,17.0000000000087);
#888=CIRCLE('',#4527,0.750000000000002);
#889=CIRCLE('',#4528,0.750000000000002);
#890=CIRCLE('',#4532,0.749999999999999);
#891=CIRCLE('',#4533,0.749999999999999);
#892=CIRCLE('',#4538,0.750000000000011);
#893=CIRCLE('',#4539,15.);
#894=CIRCLE('',#4540,14.25);
#895=CIRCLE('',#4544,8.);
#896=CIRCLE('',#4550,0.750000000000013);
#897=CIRCLE('',#4552,8.);
#898=CIRCLE('',#4556,3.);
#899=CIRCLE('',#4557,0.749999999999993);
#900=CIRCLE('',#4559,0.750000000000001);
#901=CIRCLE('',#4561,0.749999999999997);
#902=CIRCLE('',#4563,0.75);
#903=CIRCLE('',#4565,0.750000000000002);
#904=CIRCLE('',#4567,0.750000000000002);
#905=CIRCLE('',#4569,0.749999999999991);
#906=CIRCLE('',#4570,15.);
#907=CIRCLE('',#4571,14.25);
#908=CIRCLE('',#4573,15.);
#909=CIRCLE('',#4575,5.);
#910=CIRCLE('',#4578,6.05);
#911=CIRCLE('',#4581,15.);
#912=CIRCLE('',#4583,14.25);
#913=CIRCLE('',#4586,3.);
#914=CIRCLE('',#4588,6.05);
#915=CIRCLE('',#4590,3.5);
#916=CIRCLE('',#4591,0.750000000001326);
#917=CIRCLE('',#4592,0.749999999999993);
#918=CIRCLE('',#4596,0.750000000000001);
#919=CIRCLE('',#4598,8.75);
#920=CIRCLE('',#4599,0.749999999999997);
#921=CIRCLE('',#4601,0.75);
#922=CIRCLE('',#4603,0.750000000000002);
#923=CIRCLE('',#4604,2.25);
#924=CIRCLE('',#4606,0.750000000000002);
#925=CIRCLE('',#4608,0.749999999999991);
#926=CIRCLE('',#4609,15.);
#927=FACE_OUTER_BOUND('',#1187,.T.);
#928=FACE_OUTER_BOUND('',#1188,.T.);
#929=FACE_OUTER_BOUND('',#1189,.T.);
#930=FACE_OUTER_BOUND('',#1190,.T.);
#931=FACE_OUTER_BOUND('',#1191,.T.);
#932=FACE_OUTER_BOUND('',#1192,.T.);
#933=FACE_OUTER_BOUND('',#1193,.T.);
#934=FACE_OUTER_BOUND('',#1194,.T.);
#935=FACE_OUTER_BOUND('',#1195,.T.);
#936=FACE_OUTER_BOUND('',#1196,.T.);
#937=FACE_OUTER_BOUND('',#1197,.T.);
#938=FACE_OUTER_BOUND('',#1198,.T.);
#939=FACE_OUTER_BOUND('',#1199,.T.);
#940=FACE_OUTER_BOUND('',#1200,.T.);
#941=FACE_OUTER_BOUND('',#1201,.T.);
#942=FACE_OUTER_BOUND('',#1202,.T.);
#943=FACE_OUTER_BOUND('',#1203,.T.);
#944=FACE_OUTER_BOUND('',#1204,.T.);
#945=FACE_OUTER_BOUND('',#1205,.T.);
#946=FACE_OUTER_BOUND('',#1206,.T.);
#947=FACE_OUTER_BOUND('',#1207,.T.);
#948=FACE_OUTER_BOUND('',#1208,.T.);
#949=FACE_OUTER_BOUND('',#1209,.T.);
#950=FACE_OUTER_BOUND('',#1210,.T.);
#951=FACE_OUTER_BOUND('',#1211,.T.);
#952=FACE_OUTER_BOUND('',#1212,.T.);
#953=FACE_OUTER_BOUND('',#1213,.T.);
#954=FACE_OUTER_BOUND('',#1214,.T.);
#955=FACE_OUTER_BOUND('',#1215,.T.);
#956=FACE_OUTER_BOUND('',#1216,.T.);
#957=FACE_OUTER_BOUND('',#1217,.T.);
#958=FACE_OUTER_BOUND('',#1218,.T.);
#959=FACE_OUTER_BOUND('',#1219,.T.);
#960=FACE_OUTER_BOUND('',#1220,.T.);
#961=FACE_OUTER_BOUND('',#1221,.T.);
#962=FACE_OUTER_BOUND('',#1222,.T.);
#963=FACE_OUTER_BOUND('',#1223,.T.);
#964=FACE_OUTER_BOUND('',#1224,.T.);
#965=FACE_OUTER_BOUND('',#1225,.T.);
#966=FACE_OUTER_BOUND('',#1226,.T.);
#967=FACE_OUTER_BOUND('',#1228,.T.);
#968=FACE_OUTER_BOUND('',#1229,.T.);
#969=FACE_OUTER_BOUND('',#1230,.T.);
#970=FACE_OUTER_BOUND('',#1231,.T.);
#971=FACE_OUTER_BOUND('',#1232,.T.);
#972=FACE_OUTER_BOUND('',#1233,.T.);
#973=FACE_OUTER_BOUND('',#1234,.T.);
#974=FACE_OUTER_BOUND('',#1235,.T.);
#975=FACE_OUTER_BOUND('',#1236,.T.);
#976=FACE_OUTER_BOUND('',#1237,.T.);
#977=FACE_OUTER_BOUND('',#1238,.T.);
#978=FACE_OUTER_BOUND('',#1239,.T.);
#979=FACE_OUTER_BOUND('',#1240,.T.);
#980=FACE_OUTER_BOUND('',#1241,.T.);
#981=FACE_OUTER_BOUND('',#1242,.T.);
#982=FACE_OUTER_BOUND('',#1243,.T.);
#983=FACE_OUTER_BOUND('',#1244,.T.);
#984=FACE_OUTER_BOUND('',#1245,.T.);
#985=FACE_OUTER_BOUND('',#1246,.T.);
#986=FACE_OUTER_BOUND('',#1247,.T.);
#987=FACE_OUTER_BOUND('',#1248,.T.);
#988=FACE_OUTER_BOUND('',#1249,.T.);
#989=FACE_OUTER_BOUND('',#1250,.T.);
#990=FACE_OUTER_BOUND('',#1251,.T.);
#991=FACE_OUTER_BOUND('',#1252,.T.);
#992=FACE_OUTER_BOUND('',#1253,.T.);
#993=FACE_OUTER_BOUND('',#1254,.T.);
#994=FACE_OUTER_BOUND('',#1255,.T.);
#995=FACE_OUTER_BOUND('',#1256,.T.);
#996=FACE_OUTER_BOUND('',#1257,.T.);
#997=FACE_OUTER_BOUND('',#1258,.T.);
#998=FACE_OUTER_BOUND('',#1259,.T.);
#999=FACE_OUTER_BOUND('',#1260,.T.);
#1000=FACE_OUTER_BOUND('',#1261,.T.);
#1001=FACE_OUTER_BOUND('',#1262,.T.);
#1002=FACE_OUTER_BOUND('',#1263,.T.);
#1003=FACE_OUTER_BOUND('',#1264,.T.);
#1004=FACE_OUTER_BOUND('',#1265,.T.);
#1005=FACE_OUTER_BOUND('',#1266,.T.);
#1006=FACE_OUTER_BOUND('',#1267,.T.);
#1007=FACE_OUTER_BOUND('',#1268,.T.);
#1008=FACE_OUTER_BOUND('',#1269,.T.);
#1009=FACE_OUTER_BOUND('',#1270,.T.);
#1010=FACE_OUTER_BOUND('',#1271,.T.);
#1011=FACE_OUTER_BOUND('',#1272,.T.);
#1012=FACE_OUTER_BOUND('',#1273,.T.);
#1013=FACE_OUTER_BOUND('',#1274,.T.);
#1014=FACE_OUTER_BOUND('',#1275,.T.);
#1015=FACE_OUTER_BOUND('',#1276,.T.);
#1016=FACE_OUTER_BOUND('',#1277,.T.);
#1017=FACE_OUTER_BOUND('',#1278,.T.);
#1018=FACE_OUTER_BOUND('',#1279,.T.);
#1019=FACE_OUTER_BOUND('',#1280,.T.);
#1020=FACE_OUTER_BOUND('',#1281,.T.);
#1021=FACE_OUTER_BOUND('',#1282,.T.);
#1022=FACE_OUTER_BOUND('',#1283,.T.);
#1023=FACE_OUTER_BOUND('',#1284,.T.);
#1024=FACE_OUTER_BOUND('',#1285,.T.);
#1025=FACE_OUTER_BOUND('',#1286,.T.);
#1026=FACE_OUTER_BOUND('',#1287,.T.);
#1027=FACE_OUTER_BOUND('',#1288,.T.);
#1028=FACE_OUTER_BOUND('',#1289,.T.);
#1029=FACE_OUTER_BOUND('',#1291,.T.);
#1030=FACE_OUTER_BOUND('',#1292,.T.);
#1031=FACE_OUTER_BOUND('',#1293,.T.);
#1032=FACE_OUTER_BOUND('',#1294,.T.);
#1033=FACE_OUTER_BOUND('',#1295,.T.);
#1034=FACE_OUTER_BOUND('',#1296,.T.);
#1035=FACE_OUTER_BOUND('',#1297,.T.);
#1036=FACE_OUTER_BOUND('',#1298,.T.);
#1037=FACE_OUTER_BOUND('',#1299,.T.);
#1038=FACE_OUTER_BOUND('',#1300,.T.);
#1039=FACE_OUTER_BOUND('',#1301,.T.);
#1040=FACE_OUTER_BOUND('',#1302,.T.);
#1041=FACE_OUTER_BOUND('',#1303,.T.);
#1042=FACE_OUTER_BOUND('',#1304,.T.);
#1043=FACE_OUTER_BOUND('',#1305,.T.);
#1044=FACE_OUTER_BOUND('',#1306,.T.);
#1045=FACE_OUTER_BOUND('',#1307,.T.);
#1046=FACE_OUTER_BOUND('',#1308,.T.);
#1047=FACE_OUTER_BOUND('',#1309,.T.);
#1048=FACE_OUTER_BOUND('',#1310,.T.);
#1049=FACE_OUTER_BOUND('',#1311,.T.);
#1050=FACE_OUTER_BOUND('',#1312,.T.);
#1051=FACE_OUTER_BOUND('',#1313,.T.);
#1052=FACE_OUTER_BOUND('',#1314,.T.);
#1053=FACE_OUTER_BOUND('',#1316,.T.);
#1054=FACE_OUTER_BOUND('',#1317,.T.);
#1055=FACE_OUTER_BOUND('',#1318,.T.);
#1056=FACE_OUTER_BOUND('',#1319,.T.);
#1057=FACE_OUTER_BOUND('',#1321,.T.);
#1058=FACE_OUTER_BOUND('',#1322,.T.);
#1059=FACE_OUTER_BOUND('',#1323,.T.);
#1060=FACE_OUTER_BOUND('',#1324,.T.);
#1061=FACE_OUTER_BOUND('',#1325,.T.);
#1062=FACE_OUTER_BOUND('',#1326,.T.);
#1063=FACE_OUTER_BOUND('',#1327,.T.);
#1064=FACE_OUTER_BOUND('',#1328,.T.);
#1065=FACE_OUTER_BOUND('',#1329,.T.);
#1066=FACE_OUTER_BOUND('',#1330,.T.);
#1067=FACE_OUTER_BOUND('',#1331,.T.);
#1068=FACE_OUTER_BOUND('',#1332,.T.);
#1069=FACE_OUTER_BOUND('',#1333,.T.);
#1070=FACE_OUTER_BOUND('',#1334,.T.);
#1071=FACE_OUTER_BOUND('',#1335,.T.);
#1072=FACE_OUTER_BOUND('',#1336,.T.);
#1073=FACE_OUTER_BOUND('',#1337,.T.);
#1074=FACE_OUTER_BOUND('',#1338,.T.);
#1075=FACE_OUTER_BOUND('',#1339,.T.);
#1076=FACE_OUTER_BOUND('',#1340,.T.);
#1077=FACE_OUTER_BOUND('',#1341,.T.);
#1078=FACE_OUTER_BOUND('',#1342,.T.);
#1079=FACE_OUTER_BOUND('',#1343,.T.);
#1080=FACE_OUTER_BOUND('',#1344,.T.);
#1081=FACE_OUTER_BOUND('',#1345,.T.);
#1082=FACE_OUTER_BOUND('',#1346,.T.);
#1083=FACE_OUTER_BOUND('',#1347,.T.);
#1084=FACE_OUTER_BOUND('',#1348,.T.);
#1085=FACE_OUTER_BOUND('',#1349,.T.);
#1086=FACE_OUTER_BOUND('',#1350,.T.);
#1087=FACE_OUTER_BOUND('',#1351,.T.);
#1088=FACE_OUTER_BOUND('',#1352,.T.);
#1089=FACE_OUTER_BOUND('',#1354,.T.);
#1090=FACE_OUTER_BOUND('',#1356,.T.);
#1091=FACE_OUTER_BOUND('',#1357,.T.);
#1092=FACE_OUTER_BOUND('',#1358,.T.);
#1093=FACE_OUTER_BOUND('',#1359,.T.);
#1094=FACE_OUTER_BOUND('',#1360,.T.);
#1095=FACE_OUTER_BOUND('',#1361,.T.);
#1096=FACE_OUTER_BOUND('',#1362,.T.);
#1097=FACE_OUTER_BOUND('',#1363,.T.);
#1098=FACE_OUTER_BOUND('',#1364,.T.);
#1099=FACE_OUTER_BOUND('',#1365,.T.);
#1100=FACE_OUTER_BOUND('',#1367,.T.);
#1101=FACE_OUTER_BOUND('',#1368,.T.);
#1102=FACE_OUTER_BOUND('',#1369,.T.);
#1103=FACE_OUTER_BOUND('',#1370,.T.);
#1104=FACE_OUTER_BOUND('',#1371,.T.);
#1105=FACE_OUTER_BOUND('',#1372,.T.);
#1106=FACE_OUTER_BOUND('',#1373,.T.);
#1107=FACE_OUTER_BOUND('',#1374,.T.);
#1108=FACE_OUTER_BOUND('',#1375,.T.);
#1109=FACE_OUTER_BOUND('',#1376,.T.);
#1110=FACE_OUTER_BOUND('',#1377,.T.);
#1111=FACE_OUTER_BOUND('',#1378,.T.);
#1112=FACE_OUTER_BOUND('',#1379,.T.);
#1113=FACE_OUTER_BOUND('',#1380,.T.);
#1114=FACE_OUTER_BOUND('',#1381,.T.);
#1115=FACE_OUTER_BOUND('',#1382,.T.);
#1116=FACE_OUTER_BOUND('',#1383,.T.);
#1117=FACE_OUTER_BOUND('',#1384,.T.);
#1118=FACE_OUTER_BOUND('',#1385,.T.);
#1119=FACE_OUTER_BOUND('',#1386,.T.);
#1120=FACE_OUTER_BOUND('',#1387,.T.);
#1121=FACE_OUTER_BOUND('',#1388,.T.);
#1122=FACE_OUTER_BOUND('',#1389,.T.);
#1123=FACE_OUTER_BOUND('',#1390,.T.);
#1124=FACE_OUTER_BOUND('',#1391,.T.);
#1125=FACE_OUTER_BOUND('',#1392,.T.);
#1126=FACE_OUTER_BOUND('',#1393,.T.);
#1127=FACE_OUTER_BOUND('',#1394,.T.);
#1128=FACE_OUTER_BOUND('',#1395,.T.);
#1129=FACE_OUTER_BOUND('',#1396,.T.);
#1130=FACE_OUTER_BOUND('',#1397,.T.);
#1131=FACE_OUTER_BOUND('',#1398,.T.);
#1132=FACE_OUTER_BOUND('',#1399,.T.);
#1133=FACE_OUTER_BOUND('',#1400,.T.);
#1134=FACE_OUTER_BOUND('',#1401,.T.);
#1135=FACE_OUTER_BOUND('',#1402,.T.);
#1136=FACE_OUTER_BOUND('',#1403,.T.);
#1137=FACE_OUTER_BOUND('',#1404,.T.);
#1138=FACE_OUTER_BOUND('',#1405,.T.);
#1139=FACE_OUTER_BOUND('',#1406,.T.);
#1140=FACE_OUTER_BOUND('',#1407,.T.);
#1141=FACE_OUTER_BOUND('',#1408,.T.);
#1142=FACE_OUTER_BOUND('',#1409,.T.);
#1143=FACE_OUTER_BOUND('',#1410,.T.);
#1144=FACE_OUTER_BOUND('',#1411,.T.);
#1145=FACE_OUTER_BOUND('',#1412,.T.);
#1146=FACE_OUTER_BOUND('',#1413,.T.);
#1147=FACE_OUTER_BOUND('',#1414,.T.);
#1148=FACE_OUTER_BOUND('',#1415,.T.);
#1149=FACE_OUTER_BOUND('',#1416,.T.);
#1150=FACE_OUTER_BOUND('',#1417,.T.);
#1151=FACE_OUTER_BOUND('',#1418,.T.);
#1152=FACE_OUTER_BOUND('',#1419,.T.);
#1153=FACE_OUTER_BOUND('',#1420,.T.);
#1154=FACE_OUTER_BOUND('',#1421,.T.);
#1155=FACE_OUTER_BOUND('',#1422,.T.);
#1156=FACE_OUTER_BOUND('',#1423,.T.);
#1157=FACE_OUTER_BOUND('',#1424,.T.);
#1158=FACE_OUTER_BOUND('',#1425,.T.);
#1159=FACE_OUTER_BOUND('',#1426,.T.);
#1160=FACE_OUTER_BOUND('',#1427,.T.);
#1161=FACE_OUTER_BOUND('',#1429,.T.);
#1162=FACE_OUTER_BOUND('',#1430,.T.);
#1163=FACE_OUTER_BOUND('',#1432,.T.);
#1164=FACE_OUTER_BOUND('',#1433,.T.);
#1165=FACE_OUTER_BOUND('',#1434,.T.);
#1166=FACE_OUTER_BOUND('',#1435,.T.);
#1167=FACE_OUTER_BOUND('',#1436,.T.);
#1168=FACE_OUTER_BOUND('',#1438,.T.);
#1169=FACE_OUTER_BOUND('',#1439,.T.);
#1170=FACE_OUTER_BOUND('',#1440,.T.);
#1171=FACE_OUTER_BOUND('',#1441,.T.);
#1172=FACE_OUTER_BOUND('',#1442,.T.);
#1173=FACE_OUTER_BOUND('',#1443,.T.);
#1174=FACE_OUTER_BOUND('',#1444,.T.);
#1175=FACE_OUTER_BOUND('',#1445,.T.);
#1176=FACE_OUTER_BOUND('',#1446,.T.);
#1177=FACE_OUTER_BOUND('',#1447,.T.);
#1178=FACE_OUTER_BOUND('',#1448,.T.);
#1179=FACE_OUTER_BOUND('',#1449,.T.);
#1180=FACE_OUTER_BOUND('',#1450,.T.);
#1181=FACE_OUTER_BOUND('',#1451,.T.);
#1182=FACE_OUTER_BOUND('',#1452,.T.);
#1183=FACE_OUTER_BOUND('',#1453,.T.);
#1184=FACE_OUTER_BOUND('',#1454,.T.);
#1185=FACE_OUTER_BOUND('',#1455,.T.);
#1186=FACE_OUTER_BOUND('',#1456,.T.);
#1187=EDGE_LOOP('',(#2561,#2562,#2563,#2564));
#1188=EDGE_LOOP('',(#2565,#2566,#2567,#2568));
#1189=EDGE_LOOP('',(#2569,#2570,#2571,#2572));
#1190=EDGE_LOOP('',(#2573,#2574,#2575,#2576));
#1191=EDGE_LOOP('',(#2577,#2578,#2579,#2580));
#1192=EDGE_LOOP('',(#2581,#2582,#2583,#2584));
#1193=EDGE_LOOP('',(#2585,#2586,#2587,#2588));
#1194=EDGE_LOOP('',(#2589,#2590,#2591,#2592));
#1195=EDGE_LOOP('',(#2593,#2594,#2595));
#1196=EDGE_LOOP('',(#2596,#2597,#2598));
#1197=EDGE_LOOP('',(#2599,#2600,#2601,#2602));
#1198=EDGE_LOOP('',(#2603,#2604,#2605,#2606));
#1199=EDGE_LOOP('',(#2607,#2608,#2609,#2610));
#1200=EDGE_LOOP('',(#2611,#2612,#2613,#2614));
#1201=EDGE_LOOP('',(#2615,#2616,#2617,#2618));
#1202=EDGE_LOOP('',(#2619,#2620,#2621,#2622));
#1203=EDGE_LOOP('',(#2623,#2624,#2625,#2626));
#1204=EDGE_LOOP('',(#2627,#2628,#2629,#2630));
#1205=EDGE_LOOP('',(#2631,#2632,#2633,#2634));
#1206=EDGE_LOOP('',(#2635,#2636,#2637,#2638));
#1207=EDGE_LOOP('',(#2639,#2640,#2641,#2642));
#1208=EDGE_LOOP('',(#2643,#2644,#2645,#2646,#2647,#2648,#2649,#2650,#2651,
#2652,#2653,#2654));
#1209=EDGE_LOOP('',(#2655,#2656));
#1210=EDGE_LOOP('',(#2657,#2658,#2659,#2660,#2661,#2662,#2663,#2664,#2665,
#2666,#2667,#2668,#2669,#2670,#2671,#2672,#2673,#2674));
#1211=EDGE_LOOP('',(#2675,#2676));
#1212=EDGE_LOOP('',(#2677,#2678,#2679,#2680));
#1213=EDGE_LOOP('',(#2681,#2682,#2683,#2684));
#1214=EDGE_LOOP('',(#2685,#2686,#2687,#2688,#2689));
#1215=EDGE_LOOP('',(#2690,#2691,#2692,#2693,#2694));
#1216=EDGE_LOOP('',(#2695,#2696,#2697,#2698,#2699));
#1217=EDGE_LOOP('',(#2700,#2701,#2702,#2703));
#1218=EDGE_LOOP('',(#2704,#2705,#2706,#2707));
#1219=EDGE_LOOP('',(#2708,#2709,#2710,#2711));
#1220=EDGE_LOOP('',(#2712,#2713,#2714,#2715));
#1221=EDGE_LOOP('',(#2716,#2717,#2718,#2719));
#1222=EDGE_LOOP('',(#2720,#2721,#2722,#2723));
#1223=EDGE_LOOP('',(#2724,#2725,#2726,#2727));
#1224=EDGE_LOOP('',(#2728,#2729,#2730,#2731));
#1225=EDGE_LOOP('',(#2732,#2733,#2734,#2735));
#1226=EDGE_LOOP('',(#2736,#2737,#2738,#2739,#2740,#2741));
#1227=EDGE_LOOP('',(#2742));
#1228=EDGE_LOOP('',(#2743,#2744,#2745,#2746));
#1229=EDGE_LOOP('',(#2747,#2748,#2749,#2750));
#1230=EDGE_LOOP('',(#2751,#2752,#2753,#2754));
#1231=EDGE_LOOP('',(#2755,#2756,#2757,#2758));
#1232=EDGE_LOOP('',(#2759,#2760,#2761,#2762));
#1233=EDGE_LOOP('',(#2763,#2764,#2765,#2766));
#1234=EDGE_LOOP('',(#2767,#2768,#2769,#2770));
#1235=EDGE_LOOP('',(#2771,#2772,#2773,#2774));
#1236=EDGE_LOOP('',(#2775,#2776,#2777,#2778,#2779,#2780,#2781,#2782,#2783,
#2784,#2785,#2786));
#1237=EDGE_LOOP('',(#2787,#2788,#2789,#2790,#2791));
#1238=EDGE_LOOP('',(#2792,#2793,#2794,#2795));
#1239=EDGE_LOOP('',(#2796,#2797,#2798,#2799,#2800));
#1240=EDGE_LOOP('',(#2801,#2802,#2803,#2804));
#1241=EDGE_LOOP('',(#2805,#2806,#2807,#2808));
#1242=EDGE_LOOP('',(#2809,#2810,#2811));
#1243=EDGE_LOOP('',(#2812,#2813,#2814));
#1244=EDGE_LOOP('',(#2815,#2816,#2817,#2818,#2819,#2820,#2821,#2822));
#1245=EDGE_LOOP('',(#2823,#2824,#2825,#2826));
#1246=EDGE_LOOP('',(#2827,#2828,#2829,#2830));
#1247=EDGE_LOOP('',(#2831,#2832,#2833,#2834));
#1248=EDGE_LOOP('',(#2835,#2836,#2837,#2838));
#1249=EDGE_LOOP('',(#2839,#2840,#2841,#2842));
#1250=EDGE_LOOP('',(#2843,#2844,#2845,#2846));
#1251=EDGE_LOOP('',(#2847,#2848,#2849,#2850));
#1252=EDGE_LOOP('',(#2851,#2852,#2853,#2854));
#1253=EDGE_LOOP('',(#2855,#2856,#2857,#2858));
#1254=EDGE_LOOP('',(#2859,#2860,#2861,#2862));
#1255=EDGE_LOOP('',(#2863,#2864,#2865,#2866));
#1256=EDGE_LOOP('',(#2867,#2868,#2869,#2870));
#1257=EDGE_LOOP('',(#2871,#2872,#2873,#2874));
#1258=EDGE_LOOP('',(#2875,#2876,#2877,#2878));
#1259=EDGE_LOOP('',(#2879,#2880,#2881,#2882));
#1260=EDGE_LOOP('',(#2883,#2884,#2885,#2886));
#1261=EDGE_LOOP('',(#2887,#2888,#2889,#2890));
#1262=EDGE_LOOP('',(#2891,#2892,#2893,#2894));
#1263=EDGE_LOOP('',(#2895,#2896,#2897,#2898));
#1264=EDGE_LOOP('',(#2899,#2900,#2901,#2902));
#1265=EDGE_LOOP('',(#2903,#2904,#2905,#2906));
#1266=EDGE_LOOP('',(#2907,#2908,#2909,#2910,#2911));
#1267=EDGE_LOOP('',(#2912,#2913,#2914,#2915,#2916));
#1268=EDGE_LOOP('',(#2917,#2918,#2919,#2920,#2921,#2922,#2923,#2924));
#1269=EDGE_LOOP('',(#2925,#2926,#2927,#2928));
#1270=EDGE_LOOP('',(#2929,#2930,#2931,#2932,#2933,#2934,#2935,#2936));
#1271=EDGE_LOOP('',(#2937,#2938,#2939,#2940));
#1272=EDGE_LOOP('',(#2941,#2942,#2943,#2944,#2945));
#1273=EDGE_LOOP('',(#2946,#2947,#2948,#2949));
#1274=EDGE_LOOP('',(#2950,#2951,#2952,#2953));
#1275=EDGE_LOOP('',(#2954,#2955,#2956,#2957));
#1276=EDGE_LOOP('',(#2958,#2959,#2960));
#1277=EDGE_LOOP('',(#2961,#2962,#2963,#2964,#2965,#2966));
#1278=EDGE_LOOP('',(#2967,#2968,#2969,#2970));
#1279=EDGE_LOOP('',(#2971,#2972,#2973,#2974));
#1280=EDGE_LOOP('',(#2975,#2976,#2977,#2978,#2979));
#1281=EDGE_LOOP('',(#2980,#2981,#2982,#2983));
#1282=EDGE_LOOP('',(#2984,#2985,#2986,#2987));
#1283=EDGE_LOOP('',(#2988,#2989,#2990,#2991));
#1284=EDGE_LOOP('',(#2992,#2993,#2994,#2995));
#1285=EDGE_LOOP('',(#2996,#2997,#2998,#2999));
#1286=EDGE_LOOP('',(#3000,#3001,#3002,#3003));
#1287=EDGE_LOOP('',(#3004,#3005,#3006,#3007));
#1288=EDGE_LOOP('',(#3008,#3009,#3010,#3011,#3012,#3013,#3014,#3015));
#1289=EDGE_LOOP('',(#3016,#3017,#3018,#3019,#3020,#3021));
#1290=EDGE_LOOP('',(#3022));
#1291=EDGE_LOOP('',(#3023,#3024,#3025,#3026,#3027,#3028,#3029,#3030,#3031,
#3032));
#1292=EDGE_LOOP('',(#3033,#3034,#3035,#3036));
#1293=EDGE_LOOP('',(#3037,#3038,#3039,#3040));
#1294=EDGE_LOOP('',(#3041,#3042,#3043,#3044));
#1295=EDGE_LOOP('',(#3045,#3046,#3047,#3048));
#1296=EDGE_LOOP('',(#3049,#3050,#3051));
#1297=EDGE_LOOP('',(#3052,#3053,#3054,#3055));
#1298=EDGE_LOOP('',(#3056,#3057,#3058,#3059,#3060,#3061));
#1299=EDGE_LOOP('',(#3062,#3063,#3064,#3065));
#1300=EDGE_LOOP('',(#3066,#3067,#3068,#3069));
#1301=EDGE_LOOP('',(#3070,#3071,#3072,#3073,#3074));
#1302=EDGE_LOOP('',(#3075,#3076,#3077,#3078));
#1303=EDGE_LOOP('',(#3079,#3080,#3081,#3082));
#1304=EDGE_LOOP('',(#3083,#3084,#3085,#3086));
#1305=EDGE_LOOP('',(#3087,#3088,#3089,#3090));
#1306=EDGE_LOOP('',(#3091,#3092,#3093,#3094));
#1307=EDGE_LOOP('',(#3095,#3096,#3097,#3098));
#1308=EDGE_LOOP('',(#3099,#3100,#3101,#3102));
#1309=EDGE_LOOP('',(#3103,#3104,#3105,#3106));
#1310=EDGE_LOOP('',(#3107,#3108,#3109,#3110,#3111,#3112,#3113,#3114,#3115,
#3116,#3117,#3118,#3119,#3120));
#1311=EDGE_LOOP('',(#3121,#3122,#3123,#3124,#3125,#3126,#3127,#3128,#3129));
#1312=EDGE_LOOP('',(#3130,#3131,#3132,#3133));
#1313=EDGE_LOOP('',(#3134,#3135,#3136,#3137));
#1314=EDGE_LOOP('',(#3138,#3139,#3140,#3141));
#1315=EDGE_LOOP('',(#3142,#3143));
#1316=EDGE_LOOP('',(#3144,#3145,#3146,#3147,#3148,#3149,#3150,#3151,#3152,
#3153,#3154,#3155,#3156,#3157,#3158,#3159,#3160,#3161,#3162,#3163,#3164,
#3165,#3166,#3167,#3168,#3169,#3170,#3171,#3172,#3173,#3174,#3175,#3176,
#3177,#3178,#3179,#3180,#3181));
#1317=EDGE_LOOP('',(#3182,#3183,#3184,#3185,#3186,#3187,#3188,#3189));
#1318=EDGE_LOOP('',(#3190,#3191,#3192,#3193,#3194));
#1319=EDGE_LOOP('',(#3195));
#1320=EDGE_LOOP('',(#3196));
#1321=EDGE_LOOP('',(#3197,#3198,#3199,#3200));
#1322=EDGE_LOOP('',(#3201,#3202,#3203,#3204));
#1323=EDGE_LOOP('',(#3205,#3206,#3207,#3208));
#1324=EDGE_LOOP('',(#3209,#3210,#3211,#3212));
#1325=EDGE_LOOP('',(#3213,#3214,#3215,#3216));
#1326=EDGE_LOOP('',(#3217,#3218,#3219,#3220));
#1327=EDGE_LOOP('',(#3221,#3222,#3223,#3224));
#1328=EDGE_LOOP('',(#3225,#3226,#3227));
#1329=EDGE_LOOP('',(#3228,#3229,#3230));
#1330=EDGE_LOOP('',(#3231,#3232,#3233,#3234,#3235,#3236,#3237,#3238));
#1331=EDGE_LOOP('',(#3239,#3240,#3241,#3242));
#1332=EDGE_LOOP('',(#3243,#3244,#3245,#3246));
#1333=EDGE_LOOP('',(#3247,#3248,#3249,#3250));
#1334=EDGE_LOOP('',(#3251,#3252,#3253,#3254));
#1335=EDGE_LOOP('',(#3255,#3256,#3257,#3258,#3259));
#1336=EDGE_LOOP('',(#3260,#3261,#3262,#3263));
#1337=EDGE_LOOP('',(#3264,#3265,#3266,#3267));
#1338=EDGE_LOOP('',(#3268,#3269,#3270,#3271));
#1339=EDGE_LOOP('',(#3272,#3273,#3274,#3275));
#1340=EDGE_LOOP('',(#3276,#3277,#3278,#3279));
#1341=EDGE_LOOP('',(#3280,#3281,#3282,#3283));
#1342=EDGE_LOOP('',(#3284,#3285,#3286,#3287));
#1343=EDGE_LOOP('',(#3288,#3289,#3290,#3291,#3292,#3293,#3294,#3295,#3296,
#3297,#3298,#3299));
#1344=EDGE_LOOP('',(#3300,#3301));
#1345=EDGE_LOOP('',(#3302,#3303,#3304,#3305,#3306,#3307,#3308,#3309,#3310,
#3311,#3312,#3313,#3314,#3315,#3316,#3317,#3318,#3319));
#1346=EDGE_LOOP('',(#3320,#3321));
#1347=EDGE_LOOP('',(#3322,#3323,#3324,#3325));
#1348=EDGE_LOOP('',(#3326,#3327,#3328,#3329));
#1349=EDGE_LOOP('',(#3330,#3331,#3332,#3333,#3334));
#1350=EDGE_LOOP('',(#3335,#3336,#3337,#3338,#3339));
#1351=EDGE_LOOP('',(#3340,#3341,#3342,#3343,#3344));
#1352=EDGE_LOOP('',(#3345,#3346));
#1353=EDGE_LOOP('',(#3347));
#1354=EDGE_LOOP('',(#3348,#3349));
#1355=EDGE_LOOP('',(#3350,#3351));
#1356=EDGE_LOOP('',(#3352,#3353,#3354,#3355));
#1357=EDGE_LOOP('',(#3356,#3357,#3358,#3359));
#1358=EDGE_LOOP('',(#3360,#3361,#3362,#3363));
#1359=EDGE_LOOP('',(#3364,#3365,#3366,#3367));
#1360=EDGE_LOOP('',(#3368,#3369,#3370,#3371));
#1361=EDGE_LOOP('',(#3372,#3373,#3374,#3375));
#1362=EDGE_LOOP('',(#3376,#3377,#3378,#3379));
#1363=EDGE_LOOP('',(#3380,#3381,#3382,#3383));
#1364=EDGE_LOOP('',(#3384,#3385,#3386,#3387));
#1365=EDGE_LOOP('',(#3388,#3389,#3390,#3391,#3392,#3393));
#1366=EDGE_LOOP('',(#3394));
#1367=EDGE_LOOP('',(#3395,#3396,#3397,#3398));
#1368=EDGE_LOOP('',(#3399,#3400,#3401,#3402));
#1369=EDGE_LOOP('',(#3403,#3404,#3405,#3406));
#1370=EDGE_LOOP('',(#3407,#3408,#3409,#3410));
#1371=EDGE_LOOP('',(#3411,#3412,#3413,#3414));
#1372=EDGE_LOOP('',(#3415,#3416,#3417,#3418));
#1373=EDGE_LOOP('',(#3419,#3420,#3421,#3422));
#1374=EDGE_LOOP('',(#3423,#3424,#3425,#3426));
#1375=EDGE_LOOP('',(#3427,#3428,#3429,#3430,#3431,#3432,#3433,#3434,#3435,
#3436,#3437,#3438));
#1376=EDGE_LOOP('',(#3439,#3440,#3441,#3442,#3443));
#1377=EDGE_LOOP('',(#3444,#3445,#3446,#3447));
#1378=EDGE_LOOP('',(#3448,#3449,#3450,#3451,#3452));
#1379=EDGE_LOOP('',(#3453,#3454,#3455,#3456));
#1380=EDGE_LOOP('',(#3457,#3458,#3459,#3460));
#1381=EDGE_LOOP('',(#3461,#3462,#3463));
#1382=EDGE_LOOP('',(#3464,#3465,#3466));
#1383=EDGE_LOOP('',(#3467,#3468,#3469,#3470,#3471,#3472,#3473,#3474));
#1384=EDGE_LOOP('',(#3475,#3476,#3477,#3478));
#1385=EDGE_LOOP('',(#3479,#3480,#3481,#3482));
#1386=EDGE_LOOP('',(#3483,#3484,#3485,#3486));
#1387=EDGE_LOOP('',(#3487,#3488,#3489,#3490));
#1388=EDGE_LOOP('',(#3491,#3492,#3493,#3494));
#1389=EDGE_LOOP('',(#3495,#3496,#3497,#3498));
#1390=EDGE_LOOP('',(#3499,#3500,#3501,#3502));
#1391=EDGE_LOOP('',(#3503,#3504,#3505,#3506));
#1392=EDGE_LOOP('',(#3507,#3508,#3509,#3510));
#1393=EDGE_LOOP('',(#3511,#3512,#3513,#3514));
#1394=EDGE_LOOP('',(#3515,#3516,#3517,#3518));
#1395=EDGE_LOOP('',(#3519,#3520,#3521,#3522));
#1396=EDGE_LOOP('',(#3523,#3524,#3525,#3526));
#1397=EDGE_LOOP('',(#3527,#3528,#3529,#3530));
#1398=EDGE_LOOP('',(#3531,#3532,#3533,#3534));
#1399=EDGE_LOOP('',(#3535,#3536,#3537,#3538));
#1400=EDGE_LOOP('',(#3539,#3540,#3541,#3542));
#1401=EDGE_LOOP('',(#3543,#3544,#3545,#3546));
#1402=EDGE_LOOP('',(#3547,#3548,#3549,#3550));
#1403=EDGE_LOOP('',(#3551,#3552,#3553,#3554));
#1404=EDGE_LOOP('',(#3555,#3556,#3557,#3558));
#1405=EDGE_LOOP('',(#3559,#3560,#3561,#3562,#3563));
#1406=EDGE_LOOP('',(#3564,#3565,#3566,#3567,#3568));
#1407=EDGE_LOOP('',(#3569,#3570,#3571,#3572,#3573,#3574,#3575,#3576));
#1408=EDGE_LOOP('',(#3577,#3578,#3579,#3580));
#1409=EDGE_LOOP('',(#3581,#3582,#3583,#3584,#3585,#3586,#3587,#3588));
#1410=EDGE_LOOP('',(#3589,#3590,#3591,#3592));
#1411=EDGE_LOOP('',(#3593,#3594,#3595,#3596,#3597));
#1412=EDGE_LOOP('',(#3598,#3599,#3600,#3601));
#1413=EDGE_LOOP('',(#3602,#3603,#3604,#3605));
#1414=EDGE_LOOP('',(#3606,#3607,#3608,#3609));
#1415=EDGE_LOOP('',(#3610,#3611,#3612));
#1416=EDGE_LOOP('',(#3613,#3614,#3615,#3616,#3617,#3618));
#1417=EDGE_LOOP('',(#3619,#3620,#3621,#3622));
#1418=EDGE_LOOP('',(#3623,#3624,#3625,#3626));
#1419=EDGE_LOOP('',(#3627,#3628,#3629,#3630,#3631));
#1420=EDGE_LOOP('',(#3632,#3633,#3634,#3635));
#1421=EDGE_LOOP('',(#3636,#3637,#3638,#3639));
#1422=EDGE_LOOP('',(#3640,#3641,#3642,#3643));
#1423=EDGE_LOOP('',(#3644,#3645,#3646,#3647));
#1424=EDGE_LOOP('',(#3648,#3649,#3650,#3651));
#1425=EDGE_LOOP('',(#3652,#3653,#3654,#3655));
#1426=EDGE_LOOP('',(#3656,#3657,#3658,#3659));
#1427=EDGE_LOOP('',(#3660));
#1428=EDGE_LOOP('',(#3661));
#1429=EDGE_LOOP('',(#3662,#3663,#3664,#3665,#3666,#3667,#3668,#3669));
#1430=EDGE_LOOP('',(#3670,#3671,#3672,#3673,#3674,#3675));
#1431=EDGE_LOOP('',(#3676));
#1432=EDGE_LOOP('',(#3677,#3678,#3679,#3680,#3681,#3682,#3683,#3684,#3685,
#3686));
#1433=EDGE_LOOP('',(#3687,#3688,#3689,#3690));
#1434=EDGE_LOOP('',(#3691,#3692,#3693,#3694));
#1435=EDGE_LOOP('',(#3695,#3696,#3697,#3698));
#1436=EDGE_LOOP('',(#3699));
#1437=EDGE_LOOP('',(#3700));
#1438=EDGE_LOOP('',(#3701,#3702,#3703,#3704));
#1439=EDGE_LOOP('',(#3705,#3706,#3707,#3708));
#1440=EDGE_LOOP('',(#3709,#3710,#3711));
#1441=EDGE_LOOP('',(#3712,#3713,#3714,#3715));
#1442=EDGE_LOOP('',(#3716,#3717,#3718,#3719,#3720,#3721,#3722,#3723,#3724));
#1443=EDGE_LOOP('',(#3725,#3726,#3727,#3728,#3729,#3730));
#1444=EDGE_LOOP('',(#3731,#3732,#3733,#3734));
#1445=EDGE_LOOP('',(#3735,#3736,#3737,#3738));
#1446=EDGE_LOOP('',(#3739,#3740,#3741,#3742,#3743));
#1447=EDGE_LOOP('',(#3744,#3745,#3746,#3747));
#1448=EDGE_LOOP('',(#3748,#3749,#3750,#3751));
#1449=EDGE_LOOP('',(#3752,#3753,#3754,#3755));
#1450=EDGE_LOOP('',(#3756,#3757,#3758,#3759));
#1451=EDGE_LOOP('',(#3760,#3761,#3762,#3763));
#1452=EDGE_LOOP('',(#3764,#3765,#3766,#3767));
#1453=EDGE_LOOP('',(#3768,#3769,#3770,#3771));
#1454=EDGE_LOOP('',(#3772,#3773,#3774,#3775,#3776));
#1455=EDGE_LOOP('',(#3777,#3778,#3779,#3780,#3781,#3782,#3783,#3784,#3785,
#3786,#3787,#3788,#3789,#3790));
#1456=EDGE_LOOP('',(#3791,#3792,#3793,#3794));
#1457=B_SPLINE_CURVE_WITH_KNOTS('',3,(#5796,#5797,#5798,#5799),
 .UNSPECIFIED.,.F.,.F.,(4,4),(-0.059093497724739,-0.032125327134651),
 .UNSPECIFIED.);
#1458=B_SPLINE_CURVE_WITH_KNOTS('',3,(#5801,#5802,#5803,#5804),
 .UNSPECIFIED.,.F.,.F.,(4,4),(3.41374093952967,3.48871752864624),
 .UNSPECIFIED.);
#1459=B_SPLINE_CURVE_WITH_KNOTS('',3,(#5806,#5807,#5808,#5809),
 .UNSPECIFIED.,.F.,.F.,(4,4),(0.590606597435197,1.),.UNSPECIFIED.);
#1460=B_SPLINE_CURVE_WITH_KNOTS('',3,(#5810,#5811,#5812,#5813),
 .UNSPECIFIED.,.F.,.F.,(4,4),(0.128367952172088,0.185107556647432),
 .UNSPECIFIED.);
#1461=B_SPLINE_CURVE_WITH_KNOTS('',3,(#5831,#5832,#5833,#5834),
 .UNSPECIFIED.,.F.,.F.,(4,4),(-0.032061292152853,0.),.UNSPECIFIED.);
#1462=B_SPLINE_CURVE_WITH_KNOTS('',3,(#5837,#5838,#5839,#5840),
 .UNSPECIFIED.,.F.,.F.,(4,4),(-0.150167328093688,-0.0750834725831638),
 .UNSPECIFIED.);
#1463=B_SPLINE_CURVE_WITH_KNOTS('',3,(#5905,#5906,#5907,#5908,#5909,#5910,
#5911,#5912,#5913,#5914),.UNSPECIFIED.,.F.,.F.,(4,1,1,1,1,1,1,4),(0.,0.193221376284375,
0.38644275256875,0.579664128853125,0.7728855051375,0.966106881421876,1.15932825770625,
1.35254963399063),.UNSPECIFIED.);
#1464=B_SPLINE_CURVE_WITH_KNOTS('',3,(#5917,#5918,#5919,#5920,#5921,#5922,
#5923,#5924,#5925,#5926),.UNSPECIFIED.,.F.,.F.,(4,1,1,1,1,1,1,4),(-1.35254963399063,
-1.15932825770625,-0.966106881421876,-0.7728855051375,-0.579664128853125,
-0.38644275256875,-0.193221376284375,0.),.UNSPECIFIED.);
#1465=B_SPLINE_CURVE_WITH_KNOTS('',3,(#6000,#6001,#6002,#6003,#6004,#6005,
#6006,#6007,#6008,#6009),.UNSPECIFIED.,.F.,.F.,(4,1,1,1,1,1,1,4),(0.,0.191125988105912,
0.382251976211824,0.573377964317735,0.764503952423647,0.955629940529559,
1.14675592863547,1.33788191674138),.UNSPECIFIED.);
#1466=B_SPLINE_CURVE_WITH_KNOTS('',3,(#6010,#6011,#6012,#6013,#6014,#6015,
#6016,#6017,#6018,#6019),.UNSPECIFIED.,.F.,.F.,(4,1,1,1,1,1,1,4),(-1.33788191674138,
-1.14675592863547,-0.955629940529559,-0.764503952423647,-0.573377964317735,
-0.382251976211824,-0.191125988105912,0.),.UNSPECIFIED.);
#1467=B_SPLINE_CURVE_WITH_KNOTS('',3,(#6060,#6061,#6062,#6063,#6064,#6065),
 .UNSPECIFIED.,.F.,.F.,(4,1,1,4),(-2.69498087942235,-2.31617171986757,-2.06363228016439,
-1.8110928404612),.UNSPECIFIED.);
#1468=B_SPLINE_CURVE_WITH_KNOTS('',3,(#6068,#6069,#6070,#6071,#6072,#6073),
 .UNSPECIFIED.,.F.,.F.,(4,1,1,4),(1.8110928404612,2.06363228016439,2.31617171986757,
2.69498087942235),.UNSPECIFIED.);
#1469=B_SPLINE_CURVE_WITH_KNOTS('',3,(#6101,#6102,#6103,#6104,#6105),
 .UNSPECIFIED.,.F.,.F.,(4,1,4),(0.,0.505073067637971,0.883877868366449),
 .UNSPECIFIED.);
#1470=B_SPLINE_CURVE_WITH_KNOTS('',3,(#6108,#6109,#6110,#6111,#6112),
 .UNSPECIFIED.,.F.,.F.,(4,1,4),(-0.883877868366449,-0.505073067637971,0.),
 .UNSPECIFIED.);
#1471=B_SPLINE_CURVE_WITH_KNOTS('',3,(#6173,#6174,#6175,#6176,#6177,#6178,
#6179,#6180,#6181,#6182,#6183,#6184,#6185,#6186),.UNSPECIFIED.,.F.,.F.,
(4,1,1,1,1,1,1,1,1,1,1,4),(0.,0.343846132926755,0.68769226585351,1.03153839878026,
1.11749993201195,1.20346146524364,1.28942299847533,1.37538453170702,1.5473075981704,
1.71923066463377,2.06307679756053,2.40692293048728),.UNSPECIFIED.);
#1472=B_SPLINE_CURVE_WITH_KNOTS('',3,(#6189,#6190,#6191,#6192,#6193,#6194,
#6195,#6196,#6197,#6198,#6199,#6200,#6201,#6202),.UNSPECIFIED.,.F.,.F.,
(4,1,1,1,1,1,1,1,1,1,1,4),(-2.40692293048728,-2.06307679756053,-1.71923066463377,
-1.5473075981704,-1.37538453170702,-1.28942299847533,-1.20346146524364,
-1.11749993201195,-1.03153839878026,-0.68769226585351,-0.343846132926755,
0.),.UNSPECIFIED.);
#1473=B_SPLINE_CURVE_WITH_KNOTS('',3,(#6237,#6238,#6239,#6240,#6241,#6242,
#6243),.UNSPECIFIED.,.F.,.F.,(4,1,1,1,4),(0.,0.0433424655865022,0.0866849311730044,
0.144474885288341,0.202264839403677),.UNSPECIFIED.);
#1474=B_SPLINE_CURVE_WITH_KNOTS('',3,(#6244,#6245,#6246,#6247,#6248,#6249,
#6250),.UNSPECIFIED.,.F.,.F.,(4,1,1,1,4),(-0.202264839403677,-0.144474885288341,
-0.0866849311730044,-0.0433424655865022,0.),.UNSPECIFIED.);
#1475=B_SPLINE_CURVE_WITH_KNOTS('',3,(#6278,#6279,#6280,#6281,#6282,#6283),
 .UNSPECIFIED.,.F.,.F.,(4,1,1,4),(1.63255409918473E-14,0.0866834261334433,
0.144472376889061,0.202261327644679),.UNSPECIFIED.);
#1476=B_SPLINE_CURVE_WITH_KNOTS('',3,(#6284,#6285,#6286,#6287,#6288,#6289),
 .UNSPECIFIED.,.F.,.F.,(4,1,1,4),(-0.202261327644679,-0.144472376889061,
-0.0866834261334433,-1.63255409918473E-14),.UNSPECIFIED.);
#1477=B_SPLINE_CURVE_WITH_KNOTS('',3,(#6353,#6354,#6355,#6356,#6357,#6358,
#6359,#6360,#6361,#6362,#6363,#6364,#6365,#6366),.UNSPECIFIED.,.F.,.F.,
(4,1,1,1,1,1,1,1,1,1,1,4),(0.,0.343845851500578,0.687691703001156,1.03153755450173,
1.11749901737688,1.20346048025202,1.28942194312717,1.37538340600231,1.5473063317526,
1.71922925750289,2.06307510900347,2.40692096050405),.UNSPECIFIED.);
#1478=B_SPLINE_CURVE_WITH_KNOTS('',3,(#6369,#6370,#6371,#6372,#6373,#6374,
#6375,#6376,#6377,#6378,#6379,#6380,#6381,#6382),.UNSPECIFIED.,.F.,.F.,
(4,1,1,1,1,1,1,1,1,1,1,4),(-2.40692096050405,-2.06307510900347,-1.71922925750289,
-1.5473063317526,-1.37538340600231,-1.28942194312717,-1.20346048025202,
-1.11749901737688,-1.03153755450173,-0.687691703001156,-0.343845851500578,
0.),.UNSPECIFIED.);
#1479=B_SPLINE_CURVE_WITH_KNOTS('',3,(#6387,#6388,#6389,#6390,#6391,#6392,
#6393),.UNSPECIFIED.,.F.,.F.,(4,1,1,1,4),(-0.431869212595224,-0.414150875538012,
-0.40522685193467,-0.396302828331327,-0.378529028868907),.UNSPECIFIED.);
#1480=B_SPLINE_CURVE_WITH_KNOTS('',3,(#6394,#6395,#6396,#6397,#6398,#6399),
 .UNSPECIFIED.,.F.,.F.,(4,1,1,4),(-0.433346561771036,-0.415614927885637,
-0.397762702739017,-0.380007648966715),.UNSPECIFIED.);
#1481=B_SPLINE_CURVE_WITH_KNOTS('',3,(#6452,#6453,#6454,#6455),
 .UNSPECIFIED.,.F.,.F.,(4,4),(2.65251494701004,3.23440497990945),
 .UNSPECIFIED.);
#1482=B_SPLINE_CURVE_WITH_KNOTS('',3,(#6465,#6466,#6467,#6468),
 .UNSPECIFIED.,.F.,.F.,(4,4),(-1.89756793728123E-5,0.321226459122558),
 .UNSPECIFIED.);
#1483=B_SPLINE_CURVE_WITH_KNOTS('',3,(#6472,#6473,#6474,#6475),
 .UNSPECIFIED.,.F.,.F.,(4,4),(0.,0.3212454347983),.UNSPECIFIED.);
#1484=B_SPLINE_CURVE_WITH_KNOTS('',3,(#6484,#6485,#6486,#6487),
 .UNSPECIFIED.,.F.,.F.,(4,4),(0.,0.581892285928653),.UNSPECIFIED.);
#1485=B_SPLINE_CURVE_WITH_KNOTS('',3,(#6564,#6565,#6566,#6567),
 .UNSPECIFIED.,.F.,.F.,(4,4),(-3.23440497990945,-2.61834373830645),
 .UNSPECIFIED.);
#1486=B_SPLINE_CURVE_WITH_KNOTS('',3,(#6591,#6592,#6593,#6594),
 .UNSPECIFIED.,.F.,.F.,(4,4),(-0.61606334540784,0.),.UNSPECIFIED.);
#1487=B_SPLINE_CURVE_WITH_KNOTS('',3,(#6630,#6631,#6632,#6633,#6634,#6635,
#6636,#6637,#6638,#6639,#6640,#6641),.UNSPECIFIED.,.F.,.F.,(4,2,2,2,2,4),
(-0.000645827254841808,0.,0.0296461688471952,0.0589460096909767,0.0882435133818566,
0.11753984946449),.UNSPECIFIED.);
#1488=B_SPLINE_CURVE_WITH_KNOTS('',3,(#6648,#6649,#6650,#6651,#6652,#6653,
#6654,#6655,#6656,#6657,#6658,#6659),.UNSPECIFIED.,.F.,.F.,(4,2,2,2,2,4),
(0.,0.0292962373362373,0.0585936422767723,0.0878933843623283,0.117539453283951,
0.118185278361948),.UNSPECIFIED.);
#1489=B_SPLINE_CURVE_WITH_KNOTS('',3,(#6707,#6708,#6709,#6710,#6711,#6712,
#6713,#6714,#6715,#6716,#6717,#6718),.UNSPECIFIED.,.F.,.F.,(4,2,2,2,2,4),
(-0.000632568680411157,0.,0.0296592330914643,0.0589590760810456,0.0882565999821764,
0.117552928132445),.UNSPECIFIED.);
#1490=B_SPLINE_CURVE_WITH_KNOTS('',3,(#6723,#6724,#6725,#6726,#6727,#6728,
#6729,#6730,#6731,#6732,#6733,#6734),.UNSPECIFIED.,.F.,.F.,(4,2,2,2,2,4),
(-0.118185134542798,-0.117552567801281,-0.0878934256238092,-0.0585936724459091,
-0.0292962383493606,0.),.UNSPECIFIED.);
#1491=B_SPLINE_CURVE_WITH_KNOTS('',3,(#6764,#6765,#6766,#6767),
 .UNSPECIFIED.,.F.,.F.,(4,4),(-0.321226459122558,-3.62584178718699E-12),
 .UNSPECIFIED.);
#1492=B_SPLINE_CURVE_WITH_KNOTS('',3,(#6788,#6789,#6790,#6791),
 .UNSPECIFIED.,.F.,.F.,(4,4),(-0.321226459115303,0.),.UNSPECIFIED.);
#1493=B_SPLINE_CURVE_WITH_KNOTS('',3,(#6821,#6822,#6823,#6824,#6825),
 .UNSPECIFIED.,.F.,.F.,(4,1,4),(-0.237242497549896,-0.101675356092813,-2.67873872929424E-16),
 .UNSPECIFIED.);
#1494=B_SPLINE_CURVE_WITH_KNOTS('',3,(#6864,#6865,#6866,#6867,#6868),
 .UNSPECIFIED.,.F.,.F.,(4,1,4),(2.67873872929424E-16,0.101675356092813,
0.237242497549896),.UNSPECIFIED.);
#1495=B_SPLINE_CURVE_WITH_KNOTS('',3,(#6878,#6879,#6880,#6881,#6882,#6883,
#6884,#6885,#6886,#6887,#6888,#6889),.UNSPECIFIED.,.F.,.F.,(4,2,2,2,2,4),
(-0.117574156543509,-0.0882774734555702,-0.0589798074591936,-0.0296802301646111,
0.,0.00061076386170971),.UNSPECIFIED.);
#1496=B_SPLINE_CURVE_WITH_KNOTS('',3,(#6892,#6893,#6894,#6895,#6896,#6897,
#6898,#6899,#6900,#6901,#6902,#6903),.UNSPECIFIED.,.F.,.F.,(4,2,2,2,2,4),
(-0.118184619257771,-0.117573856952424,-0.0878937024154865,-0.0585941997794669,
-0.0292966084367762,0.),.UNSPECIFIED.);
#1497=B_SPLINE_CURVE_WITH_KNOTS('',3,(#6931,#6932,#6933,#6934,#6935),
 .UNSPECIFIED.,.F.,.F.,(4,1,4),(-0.237245671248867,-0.101676716249515,-1.03040241232901E-15),
 .UNSPECIFIED.);
#1498=B_SPLINE_CURVE_WITH_KNOTS('',3,(#6938,#6939,#6940,#6941,#6942),
 .UNSPECIFIED.,.F.,.F.,(4,1,4),(1.03040241232901E-15,0.101676716249515,
0.237245671248867),.UNSPECIFIED.);
#1499=B_SPLINE_CURVE_WITH_KNOTS('',3,(#6953,#6954,#6955,#6956,#6957,#6958,
#6959,#6960,#6961,#6962,#6963,#6964),.UNSPECIFIED.,.F.,.F.,(4,2,2,2,2,4),
(-0.00062099294981967,0.,0.029670120625803,0.0589696966212015,0.0882673490067601,
0.11756403755014),.UNSPECIFIED.);
#1500=B_SPLINE_CURVE_WITH_KNOTS('',3,(#7059,#7060,#7061,#7062,#7063,#7064,
#7065,#7066,#7067,#7068,#7069,#7070),.UNSPECIFIED.,.F.,.F.,(4,2,2,2,2,4),
(-0.118184704576797,-0.117563713339528,-0.0878936745360514,-0.0585941793411729,
-0.0292966077508384,0.),.UNSPECIFIED.);
#1501=B_SPLINE_CURVE_WITH_KNOTS('',3,(#7221,#7222,#7223,#7224),
 .UNSPECIFIED.,.F.,.F.,(4,4),(-0.0973530257749483,-0.0469451723003737),
 .UNSPECIFIED.);
#1502=B_SPLINE_CURVE_WITH_KNOTS('',3,(#7225,#7226,#7227,#7228),
 .UNSPECIFIED.,.F.,.F.,(4,4),(-0.0887745024053544,-0.0506456545192656),
 .UNSPECIFIED.);
#1503=B_SPLINE_CURVE_WITH_KNOTS('',3,(#7254,#7255,#7256,#7257,#7258,#7259,
#7260),.UNSPECIFIED.,.F.,.F.,(4,3,4),(0.,0.000184167949494151,0.0506456545192656),
 .UNSPECIFIED.);
#1504=B_SPLINE_CURVE_WITH_KNOTS('',3,(#7261,#7262,#7263,#7264,#7265,#7266),
 .UNSPECIFIED.,.F.,.F.,(4,2,4),(-0.0493957491786682,-0.0492161263872103,
0.),.UNSPECIFIED.);
#1505=B_SPLINE_CURVE_WITH_KNOTS('',3,(#7297,#7298,#7299,#7300,#7301,#7302,
#7303,#7304,#7305,#7306,#7307,#7308,#7309,#7310,#7311,#7312,#7313,#7314,
#7315,#7316,#7317,#7318,#7319,#7320,#7321,#7322,#7323,#7324,#7325,#7326,
#7327,#7328,#7329,#7330,#7331,#7332,#7333,#7334,#7335,#7336,#7337,#7338,
#7339),.UNSPECIFIED.,.F.,.F.,(4,3,3,3,3,3,3,3,3,3,3,3,3,3,4),(-1.42323770525525,
-1.40868366619695,-1.39998526171283,-1.38126923733924,-1.36297377551569,
-1.34476291198965,-1.32562823045969,-1.31305206436866,-1.29150860192069,
-1.26779920932989,-1.26640972519064,-1.24462014571696,-1.20988176094373,
-1.17023774841926,-1.14892913789435),.UNSPECIFIED.);
#1506=B_SPLINE_CURVE_WITH_KNOTS('',3,(#7340,#7341,#7342,#7343,#7344,#7345,
#7346),.UNSPECIFIED.,.F.,.F.,(4,3,4),(1.14892913789435,1.26648995255486,
1.32308014331576),.UNSPECIFIED.);
#1507=B_SPLINE_CURVE_WITH_KNOTS('',3,(#7378,#7379,#7380,#7381,#7382,#7383,
#7384,#7385,#7386,#7387,#7388,#7389,#7390,#7391,#7392,#7393,#7394,#7395,
#7396,#7397,#7398,#7399,#7400,#7401,#7402,#7403,#7404,#7405),
 .UNSPECIFIED.,.F.,.F.,(4,3,3,3,3,3,3,3,3,4),(-0.000340884025858961,0.,
0.0111333449122458,0.0213145525609759,0.0322652219511355,0.0412765630289215,
0.0423900148827153,0.0532929578763661,0.0639900939368246,0.0718740191981891),
 .UNSPECIFIED.);
#1508=B_SPLINE_CURVE_WITH_KNOTS('',3,(#7408,#7409,#7410,#7411,#7412,#7413,
#7414,#7415,#7416,#7417),.UNSPECIFIED.,.F.,.F.,(4,2,2,2,4),(0.214385803287552,
0.239458247727306,0.256766646607209,0.269749257474178,0.272463318595092),
 .UNSPECIFIED.);
#1509=B_SPLINE_CURVE_WITH_KNOTS('',3,(#7503,#7504,#7505,#7506),
 .UNSPECIFIED.,.F.,.F.,(4,4),(-0.032061292152852,0.),.UNSPECIFIED.);
#1510=B_SPLINE_CURVE_WITH_KNOTS('',3,(#7508,#7509,#7510,#7511),
 .UNSPECIFIED.,.F.,.F.,(4,4),(-0.150167328093688,-0.0750834725831638),
 .UNSPECIFIED.);
#1511=B_SPLINE_CURVE_WITH_KNOTS('',3,(#7514,#7515,#7516,#7517),
 .UNSPECIFIED.,.F.,.F.,(4,4),(0.128367952172088,0.185107556647432),
 .UNSPECIFIED.);
#1512=B_SPLINE_CURVE_WITH_KNOTS('',3,(#7537,#7538,#7539,#7540),
 .UNSPECIFIED.,.F.,.F.,(4,4),(-0.0887745024053544,-0.0506456545192656),
 .UNSPECIFIED.);
#1513=B_SPLINE_CURVE_WITH_KNOTS('',3,(#7541,#7542,#7543,#7544),
 .UNSPECIFIED.,.F.,.F.,(4,4),(-0.0973530257749483,-0.0469451723003737),
 .UNSPECIFIED.);
#1514=B_SPLINE_CURVE_WITH_KNOTS('',3,(#7570,#7571,#7572,#7573,#7574,#7575),
 .UNSPECIFIED.,.F.,.F.,(4,2,4),(-0.0493957491786682,-0.0492161263872103,
0.),.UNSPECIFIED.);
#1515=B_SPLINE_CURVE_WITH_KNOTS('',3,(#7576,#7577,#7578,#7579,#7580,#7581,
#7582),.UNSPECIFIED.,.F.,.F.,(4,3,4),(0.,0.000184167949494151,0.0506456545192656),
 .UNSPECIFIED.);
#1516=B_SPLINE_CURVE_WITH_KNOTS('',3,(#7600,#7601,#7602,#7603),
 .UNSPECIFIED.,.F.,.F.,(4,4),(-0.026964251030003,0.),.UNSPECIFIED.);
#1517=B_SPLINE_CURVE_WITH_KNOTS('',3,(#7605,#7606,#7607,#7608),
 .UNSPECIFIED.,.F.,.F.,(4,4),(0.590606597435177,1.),.UNSPECIFIED.);
#1518=B_SPLINE_CURVE_WITH_KNOTS('',3,(#7609,#7610,#7611,#7612),
 .UNSPECIFIED.,.F.,.F.,(4,4),(3.41374093952967,3.48871752864624),
 .UNSPECIFIED.);
#1519=B_SPLINE_CURVE_WITH_KNOTS('',3,(#7643,#7644,#7645,#7646,#7647,#7648,
#7649,#7650,#7651,#7652,#7653,#7654,#7655,#7656,#7657,#7658,#7659,#7660,
#7661,#7662,#7663,#7664,#7665,#7666,#7667,#7668,#7669,#7670,#7671,#7672,
#7673,#7674,#7675,#7676,#7677,#7678,#7679,#7680,#7681,#7682,#7683,#7684,
#7685),.UNSPECIFIED.,.F.,.F.,(4,3,3,3,3,3,3,3,3,3,3,3,3,3,4),(-1.42323770525525,
-1.40868290258067,-1.39998526171283,-1.38126829079324,-1.36297377551569,
-1.34476313109726,-1.3256294417277,-1.31305206436866,-1.29151007784805,
-1.2678022412727,-1.26641002337717,-1.24462014571696,-1.20988526801077,
-1.17024470180665,-1.14892913789435),.UNSPECIFIED.);
#1520=B_SPLINE_CURVE_WITH_KNOTS('',3,(#7686,#7687,#7688,#7689,#7690,#7691,
#7692),.UNSPECIFIED.,.F.,.F.,(4,3,4),(1.14892913789435,1.26648995255486,
1.32308014331576),.UNSPECIFIED.);
#1521=B_SPLINE_CURVE_WITH_KNOTS('',3,(#7724,#7725,#7726,#7727,#7728,#7729,
#7730,#7731,#7732,#7733,#7734,#7735,#7736,#7737,#7738,#7739,#7740,#7741,
#7742,#7743,#7744,#7745,#7746,#7747,#7748,#7749,#7750,#7751),
 .UNSPECIFIED.,.F.,.F.,(4,3,3,3,3,3,3,3,3,4),(-0.000340884025858961,0.,
0.0111324603825476,0.0213145525609759,0.0322634543050087,0.0412765630289215,
0.0423900148827153,0.0532934772955087,0.0639928163528216,0.0718740191981891),
 .UNSPECIFIED.);
#1522=B_SPLINE_CURVE_WITH_KNOTS('',3,(#7757,#7758,#7759,#7760,#7761,#7762,
#7763,#7764,#7765,#7766),.UNSPECIFIED.,.F.,.F.,(4,2,2,2,4),(0.214385803287552,
0.239458247727306,0.256766646607209,0.269749257474178,0.272463318595092),
 .UNSPECIFIED.);
#1523=B_SPLINE_CURVE_WITH_KNOTS('',3,(#7816,#7817,#7818,#7819),
 .UNSPECIFIED.,.F.,.F.,(4,4),(3.41374093952967,3.48871752864624),
 .UNSPECIFIED.);
#1524=B_SPLINE_CURVE_WITH_KNOTS('',3,(#7824,#7825,#7826,#7827,#7828,#7829,
#7830,#7831,#7832,#7833),.UNSPECIFIED.,.F.,.F.,(4,2,2,2,4),(0.214385803287552,
0.239458247727306,0.256766646607209,0.269749257474178,0.272463318595092),
 .UNSPECIFIED.);
#1525=B_SPLINE_CURVE_WITH_KNOTS('',3,(#7851,#7852,#7853,#7854),
 .UNSPECIFIED.,.F.,.F.,(4,4),(0.128367952172088,0.185107556647432),
 .UNSPECIFIED.);
#1526=B_SPLINE_CURVE_WITH_KNOTS('',3,(#7855,#7856,#7857,#7858),
 .UNSPECIFIED.,.F.,.F.,(4,4),(0.590606597435197,1.),.UNSPECIFIED.);
#1527=B_SPLINE_CURVE_WITH_KNOTS('',3,(#7876,#7877,#7878,#7879),
 .UNSPECIFIED.,.F.,.F.,(4,4),(-0.150167328093688,-0.0750834725831638),
 .UNSPECIFIED.);
#1528=B_SPLINE_CURVE_WITH_KNOTS('',3,(#7892,#7893,#7894,#7895),
 .UNSPECIFIED.,.F.,.F.,(4,4),(-0.150167328093688,-0.0750834725831638),
 .UNSPECIFIED.);
#1529=B_SPLINE_CURVE_WITH_KNOTS('',3,(#7897,#7898,#7899,#7900),
 .UNSPECIFIED.,.F.,.F.,(4,4),(-0.0973530257749483,-0.0469451723003737),
 .UNSPECIFIED.);
#1530=B_SPLINE_CURVE_WITH_KNOTS('',3,(#7902,#7903,#7904,#7905,#7906,#7907),
 .UNSPECIFIED.,.F.,.F.,(4,2,4),(-0.0493957491786682,-0.0492161263872103,
0.),.UNSPECIFIED.);
#1531=B_SPLINE_CURVE_WITH_KNOTS('',3,(#7909,#7910,#7911,#7912,#7913,#7914,
#7915),.UNSPECIFIED.,.F.,.F.,(4,3,4),(1.14892913789435,1.26648995255486,
1.32308014331576),.UNSPECIFIED.);
#1532=B_SPLINE_CURVE_WITH_KNOTS('',3,(#7919,#7920,#7921,#7922),
 .UNSPECIFIED.,.F.,.F.,(4,4),(-0.61606334540784,0.),.UNSPECIFIED.);
#1533=B_SPLINE_CURVE_WITH_KNOTS('',3,(#7924,#7925,#7926,#7927,#7928),
 .UNSPECIFIED.,.F.,.F.,(4,1,4),(-0.883877868366449,-0.505073067637971,0.),
 .UNSPECIFIED.);
#1534=B_SPLINE_CURVE_WITH_KNOTS('',3,(#7932,#7933,#7934,#7935,#7936,#7937,
#7938,#7939,#7940,#7941),.UNSPECIFIED.,.F.,.F.,(4,1,1,1,1,1,1,4),(-1.35254963399063,
-1.15932825770625,-0.966106881421876,-0.7728855051375,-0.579664128853125,
-0.38644275256875,-0.193221376284375,0.),.UNSPECIFIED.);
#1535=B_SPLINE_CURVE_WITH_KNOTS('',3,(#7945,#7946,#7947,#7948,#7949,#7950),
 .UNSPECIFIED.,.F.,.F.,(4,1,1,4),(-2.69498087942235,-2.31617171986757,-2.06363228016439,
-1.8110928404612),.UNSPECIFIED.);
#1536=B_SPLINE_CURVE_WITH_KNOTS('',3,(#7952,#7953,#7954,#7955),
 .UNSPECIFIED.,.F.,.F.,(4,4),(-3.23440497990945,-2.61834373830645),
 .UNSPECIFIED.);
#1537=B_SPLINE_CURVE_WITH_KNOTS('',3,(#7959,#7960,#7961,#7962,#7963,#7964,
#7965),.UNSPECIFIED.,.F.,.F.,(4,3,4),(1.14892913789435,1.26648995255486,
1.32308014331576),.UNSPECIFIED.);
#1538=B_SPLINE_CURVE_WITH_KNOTS('',3,(#7967,#7968,#7969,#7970,#7971,#7972),
 .UNSPECIFIED.,.F.,.F.,(4,2,4),(-0.0493957491786682,-0.0492161263872103,
0.),.UNSPECIFIED.);
#1539=B_SPLINE_CURVE_WITH_KNOTS('',3,(#7973,#7974,#7975,#7976),
 .UNSPECIFIED.,.F.,.F.,(4,4),(-0.0973530257749483,-0.0469451723003737),
 .UNSPECIFIED.);
#1540=B_SPLINE_CURVE_WITH_KNOTS('',3,(#8060,#8061,#8062,#8063,#8064,#8065,
#8066,#8067,#8068,#8069),.UNSPECIFIED.,.F.,.F.,(4,1,1,1,1,1,1,4),(0.,0.193221376284375,
0.38644275256875,0.579664128853125,0.7728855051375,0.966106881421876,1.15932825770625,
1.35254963399063),.UNSPECIFIED.);
#1541=B_SPLINE_CURVE_WITH_KNOTS('',3,(#8136,#8137,#8138,#8139,#8140,#8141,
#8142,#8143,#8144,#8145),.UNSPECIFIED.,.F.,.F.,(4,1,1,1,1,1,1,4),(-1.33788191674138,
-1.14675592863547,-0.955629940529559,-0.764503952423647,-0.573377964317735,
-0.382251976211824,-0.191125988105912,0.),.UNSPECIFIED.);
#1542=B_SPLINE_CURVE_WITH_KNOTS('',3,(#8146,#8147,#8148,#8149,#8150,#8151,
#8152,#8153,#8154,#8155),.UNSPECIFIED.,.F.,.F.,(4,1,1,1,1,1,1,4),(0.,0.191125988105912,
0.382251976211824,0.573377964317735,0.764503952423647,0.955629940529559,
1.14675592863547,1.33788191674138),.UNSPECIFIED.);
#1543=B_SPLINE_CURVE_WITH_KNOTS('',3,(#8194,#8195,#8196,#8197,#8198,#8199),
 .UNSPECIFIED.,.F.,.F.,(4,1,1,4),(1.8110928404612,2.06363228016439,2.31617171986757,
2.69498087942235),.UNSPECIFIED.);
#1544=B_SPLINE_CURVE_WITH_KNOTS('',3,(#8225,#8226,#8227,#8228,#8229),
 .UNSPECIFIED.,.F.,.F.,(4,1,4),(0.,0.505073067637971,0.883877868366449),
 .UNSPECIFIED.);
#1545=B_SPLINE_CURVE_WITH_KNOTS('',3,(#8294,#8295,#8296,#8297,#8298,#8299,
#8300,#8301,#8302,#8303,#8304,#8305,#8306,#8307),.UNSPECIFIED.,.F.,.F.,
(4,1,1,1,1,1,1,1,1,1,1,4),(-2.40692293048728,-2.06307679756053,-1.71923066463377,
-1.5473075981704,-1.37538453170702,-1.28942299847533,-1.20346146524364,
-1.11749993201195,-1.03153839878026,-0.68769226585351,-0.343846132926755,
0.),.UNSPECIFIED.);
#1546=B_SPLINE_CURVE_WITH_KNOTS('',3,(#8310,#8311,#8312,#8313,#8314,#8315,
#8316,#8317,#8318,#8319,#8320,#8321,#8322,#8323),.UNSPECIFIED.,.F.,.F.,
(4,1,1,1,1,1,1,1,1,1,1,4),(0.,0.343846132926755,0.68769226585351,1.03153839878026,
1.11749993201195,1.20346146524364,1.28942299847533,1.37538453170702,1.5473075981704,
1.71923066463377,2.06307679756053,2.40692293048728),.UNSPECIFIED.);
#1547=B_SPLINE_CURVE_WITH_KNOTS('',3,(#8358,#8359,#8360,#8361,#8362,#8363,
#8364),.UNSPECIFIED.,.F.,.F.,(4,1,1,1,4),(-0.202264839403677,-0.144474885288341,
-0.0866849311730044,-0.0433424655865022,0.),.UNSPECIFIED.);
#1548=B_SPLINE_CURVE_WITH_KNOTS('',3,(#8365,#8366,#8367,#8368,#8369,#8370,
#8371),.UNSPECIFIED.,.F.,.F.,(4,1,1,1,4),(0.,0.0433424655865022,0.0866849311730044,
0.144474885288341,0.202264839403677),.UNSPECIFIED.);
#1549=B_SPLINE_CURVE_WITH_KNOTS('',3,(#8399,#8400,#8401,#8402,#8403,#8404),
 .UNSPECIFIED.,.F.,.F.,(4,1,1,4),(-0.202261327644679,-0.144472376889061,
-0.0866834261334433,-1.63255409918473E-14),.UNSPECIFIED.);
#1550=B_SPLINE_CURVE_WITH_KNOTS('',3,(#8405,#8406,#8407,#8408,#8409,#8410),
 .UNSPECIFIED.,.F.,.F.,(4,1,1,4),(1.63255409918473E-14,0.0866834261334433,
0.144472376889061,0.202261327644679),.UNSPECIFIED.);
#1551=B_SPLINE_CURVE_WITH_KNOTS('',3,(#8474,#8475,#8476,#8477,#8478,#8479,
#8480,#8481,#8482,#8483,#8484,#8485,#8486,#8487),.UNSPECIFIED.,.F.,.F.,
(4,1,1,1,1,1,1,1,1,1,1,4),(-2.40692096050405,-2.06307510900347,-1.71922925750289,
-1.5473063317526,-1.37538340600231,-1.28942194312717,-1.20346048025202,
-1.11749901737688,-1.03153755450173,-0.687691703001156,-0.343845851500578,
0.),.UNSPECIFIED.);
#1552=B_SPLINE_CURVE_WITH_KNOTS('',3,(#8490,#8491,#8492,#8493,#8494,#8495,
#8496,#8497,#8498,#8499,#8500,#8501,#8502,#8503),.UNSPECIFIED.,.F.,.F.,
(4,1,1,1,1,1,1,1,1,1,1,4),(0.,0.343845851500578,0.687691703001156,1.03153755450173,
1.11749901737688,1.20346048025202,1.28942194312717,1.37538340600231,1.5473063317526,
1.71922925750289,2.06307510900347,2.40692096050405),.UNSPECIFIED.);
#1553=B_SPLINE_CURVE_WITH_KNOTS('',3,(#8508,#8509,#8510,#8511,#8512,#8513),
 .UNSPECIFIED.,.F.,.F.,(4,1,1,4),(-0.433346561771036,-0.415614927885637,
-0.397762702739017,-0.380007648966715),.UNSPECIFIED.);
#1554=B_SPLINE_CURVE_WITH_KNOTS('',3,(#8514,#8515,#8516,#8517,#8518,#8519,
#8520),.UNSPECIFIED.,.F.,.F.,(4,1,1,1,4),(-0.431869212595224,-0.414150875538012,
-0.40522685193467,-0.396302828331327,-0.378529028868907),.UNSPECIFIED.);
#1555=B_SPLINE_CURVE_WITH_KNOTS('',3,(#8573,#8574,#8575,#8576),
 .UNSPECIFIED.,.F.,.F.,(4,4),(0.,0.581892285928653),.UNSPECIFIED.);
#1556=B_SPLINE_CURVE_WITH_KNOTS('',3,(#8586,#8587,#8588,#8589),
 .UNSPECIFIED.,.F.,.F.,(4,4),(0.,0.3212454347983),.UNSPECIFIED.);
#1557=B_SPLINE_CURVE_WITH_KNOTS('',3,(#8593,#8594,#8595,#8596),
 .UNSPECIFIED.,.F.,.F.,(4,4),(-1.89756793728123E-5,0.321226459122558),
 .UNSPECIFIED.);
#1558=B_SPLINE_CURVE_WITH_KNOTS('',3,(#8605,#8606,#8607,#8608),
 .UNSPECIFIED.,.F.,.F.,(4,4),(2.65251494701004,3.23440497990945),
 .UNSPECIFIED.);
#1559=B_SPLINE_CURVE_WITH_KNOTS('',3,(#8747,#8748,#8749,#8750,#8751,#8752,
#8753,#8754,#8755,#8756,#8757,#8758),.UNSPECIFIED.,.F.,.F.,(4,2,2,2,2,4),
(-0.000645827254841808,0.,0.0296461688471952,0.0589460096909767,0.0882435133818566,
0.11753984946449),.UNSPECIFIED.);
#1560=B_SPLINE_CURVE_WITH_KNOTS('',3,(#8767,#8768,#8769,#8770,#8771,#8772,
#8773,#8774,#8775,#8776,#8777,#8778),.UNSPECIFIED.,.F.,.F.,(4,2,2,2,2,4),
(0.,0.0292962373362373,0.0585936422767723,0.0878933843623283,0.117539453283951,
0.118185278361948),.UNSPECIFIED.);
#1561=B_SPLINE_CURVE_WITH_KNOTS('',3,(#8824,#8825,#8826,#8827,#8828,#8829,
#8830,#8831,#8832,#8833,#8834,#8835),.UNSPECIFIED.,.F.,.F.,(4,2,2,2,2,4),
(-0.000632568680411157,0.,0.0296592330914643,0.0589590760810456,0.0882565999821764,
0.117552928132445),.UNSPECIFIED.);
#1562=B_SPLINE_CURVE_WITH_KNOTS('',3,(#8839,#8840,#8841,#8842,#8843,#8844,
#8845,#8846,#8847,#8848,#8849,#8850),.UNSPECIFIED.,.F.,.F.,(4,2,2,2,2,4),
(-0.118185134542798,-0.117552567801281,-0.0878934256238092,-0.0585936724459091,
-0.0292962383493606,0.),.UNSPECIFIED.);
#1563=B_SPLINE_CURVE_WITH_KNOTS('',3,(#8880,#8881,#8882,#8883),
 .UNSPECIFIED.,.F.,.F.,(4,4),(-0.321226459122558,-3.62584178718699E-12),
 .UNSPECIFIED.);
#1564=B_SPLINE_CURVE_WITH_KNOTS('',3,(#8904,#8905,#8906,#8907),
 .UNSPECIFIED.,.F.,.F.,(4,4),(-0.321226459115303,0.),.UNSPECIFIED.);
#1565=B_SPLINE_CURVE_WITH_KNOTS('',3,(#8943,#8944,#8945,#8946,#8947),
 .UNSPECIFIED.,.F.,.F.,(4,1,4),(-0.237242497549896,-0.101675356092813,-2.67873872929424E-16),
 .UNSPECIFIED.);
#1566=B_SPLINE_CURVE_WITH_KNOTS('',3,(#8978,#8979,#8980,#8981,#8982),
 .UNSPECIFIED.,.F.,.F.,(4,1,4),(2.67873872929424E-16,0.101675356092813,
0.237242497549896),.UNSPECIFIED.);
#1567=B_SPLINE_CURVE_WITH_KNOTS('',3,(#8992,#8993,#8994,#8995,#8996,#8997,
#8998,#8999,#9000,#9001,#9002,#9003),.UNSPECIFIED.,.F.,.F.,(4,2,2,2,2,4),
(-0.118184619257771,-0.117573856952424,-0.0878937024154865,-0.0585941997794669,
-0.0292966084367762,0.),.UNSPECIFIED.);
#1568=B_SPLINE_CURVE_WITH_KNOTS('',3,(#9006,#9007,#9008,#9009,#9010,#9011,
#9012,#9013,#9014,#9015,#9016,#9017),.UNSPECIFIED.,.F.,.F.,(4,2,2,2,2,4),
(-0.117574156543509,-0.0882774734555702,-0.0589798074591936,-0.0296802301646111,
0.,0.00061076386170971),.UNSPECIFIED.);
#1569=B_SPLINE_CURVE_WITH_KNOTS('',3,(#9045,#9046,#9047,#9048,#9049),
 .UNSPECIFIED.,.F.,.F.,(4,1,4),(-0.237245671248867,-0.101676716249515,-1.03040241232901E-15),
 .UNSPECIFIED.);
#1570=B_SPLINE_CURVE_WITH_KNOTS('',3,(#9052,#9053,#9054,#9055,#9056),
 .UNSPECIFIED.,.F.,.F.,(4,1,4),(1.03040241232901E-15,0.101676716249515,
0.237245671248867),.UNSPECIFIED.);
#1571=B_SPLINE_CURVE_WITH_KNOTS('',3,(#9067,#9068,#9069,#9070,#9071,#9072,
#9073,#9074,#9075,#9076,#9077,#9078),.UNSPECIFIED.,.F.,.F.,(4,2,2,2,2,4),
(-0.00062099294981967,0.,0.029670120625803,0.0589696966212015,0.0882673490067601,
0.11756403755014),.UNSPECIFIED.);
#1572=B_SPLINE_CURVE_WITH_KNOTS('',3,(#9173,#9174,#9175,#9176,#9177,#9178,
#9179,#9180,#9181,#9182,#9183,#9184),.UNSPECIFIED.,.F.,.F.,(4,2,2,2,2,4),
(-0.118184704576797,-0.117563713339528,-0.0878936745360514,-0.0585941793411729,
-0.0292966077508384,0.),.UNSPECIFIED.);
#1573=B_SPLINE_CURVE_WITH_KNOTS('',3,(#9332,#9333,#9334,#9335),
 .UNSPECIFIED.,.F.,.F.,(4,4),(-0.0887745024053544,-0.0506456545192656),
 .UNSPECIFIED.);
#1574=B_SPLINE_CURVE_WITH_KNOTS('',3,(#9360,#9361,#9362,#9363,#9364,#9365,
#9366),.UNSPECIFIED.,.F.,.F.,(4,3,4),(0.,0.000184167949494151,0.0506456545192656),
 .UNSPECIFIED.);
#1575=B_SPLINE_CURVE_WITH_KNOTS('',3,(#9397,#9398,#9399,#9400,#9401,#9402,
#9403,#9404,#9405,#9406,#9407,#9408,#9409,#9410,#9411,#9412,#9413,#9414,
#9415,#9416,#9417,#9418,#9419,#9420,#9421,#9422,#9423,#9424,#9425,#9426,
#9427,#9428,#9429,#9430,#9431,#9432,#9433,#9434,#9435,#9436,#9437,#9438,
#9439),.UNSPECIFIED.,.F.,.F.,(4,3,3,3,3,3,3,3,3,3,3,3,3,3,4),(-1.42323770525525,
-1.40868366619695,-1.39998526171283,-1.38126923733924,-1.36297377551569,
-1.34476291198965,-1.32562823045969,-1.31305206436866,-1.29150860192069,
-1.26779920932989,-1.26640972519064,-1.24462014571696,-1.20988176094373,
-1.17023774841926,-1.14892913789435),.UNSPECIFIED.);
#1576=B_SPLINE_CURVE_WITH_KNOTS('',3,(#9467,#9468,#9469,#9470,#9471,#9472,
#9473,#9474,#9475,#9476,#9477,#9478,#9479,#9480,#9481,#9482,#9483,#9484,
#9485,#9486,#9487,#9488,#9489,#9490,#9491,#9492,#9493,#9494),
 .UNSPECIFIED.,.F.,.F.,(4,3,3,3,3,3,3,3,3,4),(-0.000340884025858961,0.,
0.0111333449122458,0.0213145525609759,0.0322652219511355,0.0412765630289215,
0.0423900148827153,0.0532929578763661,0.0639900939368246,0.0718740191981891),
 .UNSPECIFIED.);
#1577=B_SPLINE_CURVE_WITH_KNOTS('',3,(#9568,#9569,#9570,#9571),
 .UNSPECIFIED.,.F.,.F.,(4,4),(0.128367952172088,0.185107556647432),
 .UNSPECIFIED.);
#1578=B_SPLINE_CURVE_WITH_KNOTS('',3,(#9591,#9592,#9593,#9594),
 .UNSPECIFIED.,.F.,.F.,(4,4),(-0.0887745024053544,-0.0506456545192656),
 .UNSPECIFIED.);
#1579=B_SPLINE_CURVE_WITH_KNOTS('',3,(#9619,#9620,#9621,#9622,#9623,#9624,
#9625),.UNSPECIFIED.,.F.,.F.,(4,3,4),(0.,0.000184167949494151,0.0506456545192656),
 .UNSPECIFIED.);
#1580=B_SPLINE_CURVE_WITH_KNOTS('',3,(#9643,#9644,#9645,#9646),
 .UNSPECIFIED.,.F.,.F.,(4,4),(3.41374093952967,3.48871752864624),
 .UNSPECIFIED.);
#1581=B_SPLINE_CURVE_WITH_KNOTS('',3,(#9647,#9648,#9649,#9650),
 .UNSPECIFIED.,.F.,.F.,(4,4),(0.590606597435177,1.),.UNSPECIFIED.);
#1582=B_SPLINE_CURVE_WITH_KNOTS('',3,(#9655,#9656,#9657,#9658,#9659,#9660,
#9661,#9662,#9663,#9664),.UNSPECIFIED.,.F.,.F.,(4,2,2,2,4),(0.214385803287552,
0.239458247727306,0.256766646607209,0.269749257474178,0.272463318595092),
 .UNSPECIFIED.);
#1583=B_SPLINE_CURVE_WITH_KNOTS('',3,(#9698,#9699,#9700,#9701,#9702,#9703,
#9704,#9705,#9706,#9707,#9708,#9709,#9710,#9711,#9712,#9713,#9714,#9715,
#9716,#9717,#9718,#9719,#9720,#9721,#9722,#9723,#9724,#9725,#9726,#9727,
#9728,#9729,#9730,#9731,#9732,#9733,#9734,#9735,#9736,#9737,#9738,#9739,
#9740),.UNSPECIFIED.,.F.,.F.,(4,3,3,3,3,3,3,3,3,3,3,3,3,3,4),(-1.42323770525525,
-1.40868290258067,-1.39998526171283,-1.38126829079324,-1.36297377551569,
-1.34476313109726,-1.3256294417277,-1.31305206436866,-1.29151007784805,
-1.2678022412727,-1.26641002337717,-1.24462014571696,-1.20988526801077,
-1.17024470180665,-1.14892913789435),.UNSPECIFIED.);
#1584=B_SPLINE_CURVE_WITH_KNOTS('',3,(#9768,#9769,#9770,#9771,#9772,#9773,
#9774,#9775,#9776,#9777,#9778,#9779,#9780,#9781,#9782,#9783,#9784,#9785,
#9786,#9787,#9788,#9789,#9790,#9791,#9792,#9793,#9794,#9795),
 .UNSPECIFIED.,.F.,.F.,(4,3,3,3,3,3,3,3,3,4),(-0.000340884025858961,0.,
0.0111324603825476,0.0213145525609759,0.0322634543050087,0.0412765630289215,
0.0423900148827153,0.0532934772955087,0.0639928163528216,0.0718740191981891),
 .UNSPECIFIED.);
#1585=VERTEX_POINT('',#5794);
#1586=VERTEX_POINT('',#5795);
#1587=VERTEX_POINT('',#5800);
#1588=VERTEX_POINT('',#5805);
#1589=VERTEX_POINT('',#5830);
#1590=VERTEX_POINT('',#5835);
#1591=VERTEX_POINT('',#5901);
#1592=VERTEX_POINT('',#5902);
#1593=VERTEX_POINT('',#5904);
#1594=VERTEX_POINT('',#5915);
#1595=VERTEX_POINT('',#5928);
#1596=VERTEX_POINT('',#5929);
#1597=VERTEX_POINT('',#5934);
#1598=VERTEX_POINT('',#5935);
#1599=VERTEX_POINT('',#5940);
#1600=VERTEX_POINT('',#5942);
#1601=VERTEX_POINT('',#5944);
#1602=VERTEX_POINT('',#5997);
#1603=VERTEX_POINT('',#5998);
#1604=VERTEX_POINT('',#6021);
#1605=VERTEX_POINT('',#6030);
#1606=VERTEX_POINT('',#6032);
#1607=VERTEX_POINT('',#6059);
#1608=VERTEX_POINT('',#6066);
#1609=VERTEX_POINT('',#6075);
#1610=VERTEX_POINT('',#6077);
#1611=VERTEX_POINT('',#6100);
#1612=VERTEX_POINT('',#6106);
#1613=VERTEX_POINT('',#6169);
#1614=VERTEX_POINT('',#6170);
#1615=VERTEX_POINT('',#6172);
#1616=VERTEX_POINT('',#6187);
#1617=VERTEX_POINT('',#6204);
#1618=VERTEX_POINT('',#6205);
#1619=VERTEX_POINT('',#6275);
#1620=VERTEX_POINT('',#6276);
#1621=VERTEX_POINT('',#6291);
#1622=VERTEX_POINT('',#6292);
#1623=VERTEX_POINT('',#6352);
#1624=VERTEX_POINT('',#6367);
#1625=VERTEX_POINT('',#6451);
#1626=VERTEX_POINT('',#6456);
#1627=VERTEX_POINT('',#6458);
#1628=VERTEX_POINT('',#6460);
#1629=VERTEX_POINT('',#6462);
#1630=VERTEX_POINT('',#6464);
#1631=VERTEX_POINT('',#6469);
#1632=VERTEX_POINT('',#6471);
#1633=VERTEX_POINT('',#6476);
#1634=VERTEX_POINT('',#6478);
#1635=VERTEX_POINT('',#6480);
#1636=VERTEX_POINT('',#6482);
#1637=VERTEX_POINT('',#6563);
#1638=VERTEX_POINT('',#6589);
#1639=VERTEX_POINT('',#6596);
#1640=VERTEX_POINT('',#6598);
#1641=VERTEX_POINT('',#6600);
#1642=VERTEX_POINT('',#6604);
#1643=VERTEX_POINT('',#6606);
#1644=VERTEX_POINT('',#6608);
#1645=VERTEX_POINT('',#6612);
#1646=VERTEX_POINT('',#6614);
#1647=VERTEX_POINT('',#6618);
#1648=VERTEX_POINT('',#6619);
#1649=VERTEX_POINT('',#6621);
#1650=VERTEX_POINT('',#6623);
#1651=VERTEX_POINT('',#6627);
#1652=VERTEX_POINT('',#6629);
#1653=VERTEX_POINT('',#6644);
#1654=VERTEX_POINT('',#6645);
#1655=VERTEX_POINT('',#6647);
#1656=VERTEX_POINT('',#6660);
#1657=VERTEX_POINT('',#6667);
#1658=VERTEX_POINT('',#6668);
#1659=VERTEX_POINT('',#6676);
#1660=VERTEX_POINT('',#6678);
#1661=VERTEX_POINT('',#6682);
#1662=VERTEX_POINT('',#6686);
#1663=VERTEX_POINT('',#6690);
#1664=VERTEX_POINT('',#6693);
#1665=VERTEX_POINT('',#6695);
#1666=VERTEX_POINT('',#6699);
#1667=VERTEX_POINT('',#6702);
#1668=VERTEX_POINT('',#6706);
#1669=VERTEX_POINT('',#6721);
#1670=VERTEX_POINT('',#6736);
#1671=VERTEX_POINT('',#6740);
#1672=VERTEX_POINT('',#6793);
#1673=VERTEX_POINT('',#6795);
#1674=VERTEX_POINT('',#6797);
#1675=VERTEX_POINT('',#6806);
#1676=VERTEX_POINT('',#6810);
#1677=VERTEX_POINT('',#6818);
#1678=VERTEX_POINT('',#6820);
#1679=VERTEX_POINT('',#6826);
#1680=VERTEX_POINT('',#6828);
#1681=VERTEX_POINT('',#6830);
#1682=VERTEX_POINT('',#6834);
#1683=VERTEX_POINT('',#6862);
#1684=VERTEX_POINT('',#6863);
#1685=VERTEX_POINT('',#6874);
#1686=VERTEX_POINT('',#6875);
#1687=VERTEX_POINT('',#6877);
#1688=VERTEX_POINT('',#6890);
#1689=VERTEX_POINT('',#6929);
#1690=VERTEX_POINT('',#6930);
#1691=VERTEX_POINT('',#6936);
#1692=VERTEX_POINT('',#6947);
#1693=VERTEX_POINT('',#6951);
#1694=VERTEX_POINT('',#6966);
#1695=VERTEX_POINT('',#6968);
#1696=VERTEX_POINT('',#7001);
#1697=VERTEX_POINT('',#7002);
#1698=VERTEX_POINT('',#7007);
#1699=VERTEX_POINT('',#7008);
#1700=VERTEX_POINT('',#7048);
#1701=VERTEX_POINT('',#7049);
#1702=VERTEX_POINT('',#7057);
#1703=VERTEX_POINT('',#7072);
#1704=VERTEX_POINT('',#7074);
#1705=VERTEX_POINT('',#7107);
#1706=VERTEX_POINT('',#7108);
#1707=VERTEX_POINT('',#7113);
#1708=VERTEX_POINT('',#7114);
#1709=VERTEX_POINT('',#7154);
#1710=VERTEX_POINT('',#7161);
#1711=VERTEX_POINT('',#7168);
#1712=VERTEX_POINT('',#7170);
#1713=VERTEX_POINT('',#7179);
#1714=VERTEX_POINT('',#7181);
#1715=VERTEX_POINT('',#7185);
#1716=VERTEX_POINT('',#7189);
#1717=VERTEX_POINT('',#7191);
#1718=VERTEX_POINT('',#7195);
#1719=VERTEX_POINT('',#7199);
#1720=VERTEX_POINT('',#7218);
#1721=VERTEX_POINT('',#7219);
#1722=VERTEX_POINT('',#7253);
#1723=VERTEX_POINT('',#7348);
#1724=VERTEX_POINT('',#7376);
#1725=VERTEX_POINT('',#7407);
#1726=VERTEX_POINT('',#7418);
#1727=VERTEX_POINT('',#7422);
#1728=VERTEX_POINT('',#7426);
#1729=VERTEX_POINT('',#7430);
#1730=VERTEX_POINT('',#7431);
#1731=VERTEX_POINT('',#7436);
#1732=VERTEX_POINT('',#7437);
#1733=VERTEX_POINT('',#7442);
#1734=VERTEX_POINT('',#7444);
#1735=VERTEX_POINT('',#7448);
#1736=VERTEX_POINT('',#7452);
#1737=VERTEX_POINT('',#7453);
#1738=VERTEX_POINT('',#7455);
#1739=VERTEX_POINT('',#7457);
#1740=VERTEX_POINT('',#7462);
#1741=VERTEX_POINT('',#7464);
#1742=VERTEX_POINT('',#7466);
#1743=VERTEX_POINT('',#7468);
#1744=VERTEX_POINT('',#7472);
#1745=VERTEX_POINT('',#7474);
#1746=VERTEX_POINT('',#7476);
#1747=VERTEX_POINT('',#7480);
#1748=VERTEX_POINT('',#7501);
#1749=VERTEX_POINT('',#7502);
#1750=VERTEX_POINT('',#7507);
#1751=VERTEX_POINT('',#7512);
#1752=VERTEX_POINT('',#7534);
#1753=VERTEX_POINT('',#7535);
#1754=VERTEX_POINT('',#7569);
#1755=VERTEX_POINT('',#7599);
#1756=VERTEX_POINT('',#7604);
#1757=VERTEX_POINT('',#7694);
#1758=VERTEX_POINT('',#7722);
#1759=VERTEX_POINT('',#7753);
#1760=VERTEX_POINT('',#7755);
#1761=VERTEX_POINT('',#7768);
#1762=VERTEX_POINT('',#7772);
#1763=VERTEX_POINT('',#7776);
#1764=VERTEX_POINT('',#7780);
#1765=VERTEX_POINT('',#7790);
#1766=VERTEX_POINT('',#7791);
#1767=VERTEX_POINT('',#7793);
#1768=VERTEX_POINT('',#7795);
#1769=VERTEX_POINT('',#7799);
#1770=VERTEX_POINT('',#7801);
#1771=VERTEX_POINT('',#7803);
#1772=VERTEX_POINT('',#7805);
#1773=VERTEX_POINT('',#7807);
#1774=VERTEX_POINT('',#7809);
#1775=VERTEX_POINT('',#7811);
#1776=VERTEX_POINT('',#7815);
#1777=VERTEX_POINT('',#7820);
#1778=VERTEX_POINT('',#7822);
#1779=VERTEX_POINT('',#7850);
#1780=VERTEX_POINT('',#7875);
#1781=VERTEX_POINT('',#7882);
#1782=VERTEX_POINT('',#7887);
#1783=VERTEX_POINT('',#7888);
#1784=VERTEX_POINT('',#7891);
#1785=VERTEX_POINT('',#7896);
#1786=VERTEX_POINT('',#7901);
#1787=VERTEX_POINT('',#7908);
#1788=VERTEX_POINT('',#7916);
#1789=VERTEX_POINT('',#7918);
#1790=VERTEX_POINT('',#7923);
#1791=VERTEX_POINT('',#7929);
#1792=VERTEX_POINT('',#7931);
#1793=VERTEX_POINT('',#7942);
#1794=VERTEX_POINT('',#7944);
#1795=VERTEX_POINT('',#7951);
#1796=VERTEX_POINT('',#7956);
#1797=VERTEX_POINT('',#7958);
#1798=VERTEX_POINT('',#7966);
#1799=VERTEX_POINT('',#7979);
#1800=VERTEX_POINT('',#7981);
#1801=VERTEX_POINT('',#7983);
#1802=VERTEX_POINT('',#7987);
#1803=VERTEX_POINT('',#7991);
#1804=VERTEX_POINT('',#7994);
#1805=VERTEX_POINT('',#8057);
#1806=VERTEX_POINT('',#8071);
#1807=VERTEX_POINT('',#8077);
#1808=VERTEX_POINT('',#8079);
#1809=VERTEX_POINT('',#8081);
#1810=VERTEX_POINT('',#8134);
#1811=VERTEX_POINT('',#8157);
#1812=VERTEX_POINT('',#8193);
#1813=VERTEX_POINT('',#8223);
#1814=VERTEX_POINT('',#8231);
#1815=VERTEX_POINT('',#8290);
#1816=VERTEX_POINT('',#8291);
#1817=VERTEX_POINT('',#8293);
#1818=VERTEX_POINT('',#8308);
#1819=VERTEX_POINT('',#8325);
#1820=VERTEX_POINT('',#8326);
#1821=VERTEX_POINT('',#8396);
#1822=VERTEX_POINT('',#8397);
#1823=VERTEX_POINT('',#8412);
#1824=VERTEX_POINT('',#8413);
#1825=VERTEX_POINT('',#8473);
#1826=VERTEX_POINT('',#8488);
#1827=VERTEX_POINT('',#8572);
#1828=VERTEX_POINT('',#8577);
#1829=VERTEX_POINT('',#8579);
#1830=VERTEX_POINT('',#8581);
#1831=VERTEX_POINT('',#8583);
#1832=VERTEX_POINT('',#8585);
#1833=VERTEX_POINT('',#8590);
#1834=VERTEX_POINT('',#8592);
#1835=VERTEX_POINT('',#8597);
#1836=VERTEX_POINT('',#8599);
#1837=VERTEX_POINT('',#8601);
#1838=VERTEX_POINT('',#8603);
#1839=VERTEX_POINT('',#8707);
#1840=VERTEX_POINT('',#8709);
#1841=VERTEX_POINT('',#8711);
#1842=VERTEX_POINT('',#8715);
#1843=VERTEX_POINT('',#8717);
#1844=VERTEX_POINT('',#8719);
#1845=VERTEX_POINT('',#8723);
#1846=VERTEX_POINT('',#8725);
#1847=VERTEX_POINT('',#8734);
#1848=VERTEX_POINT('',#8735);
#1849=VERTEX_POINT('',#8737);
#1850=VERTEX_POINT('',#8739);
#1851=VERTEX_POINT('',#8743);
#1852=VERTEX_POINT('',#8745);
#1853=VERTEX_POINT('',#8760);
#1854=VERTEX_POINT('',#8761);
#1855=VERTEX_POINT('',#8763);
#1856=VERTEX_POINT('',#8765);
#1857=VERTEX_POINT('',#8783);
#1858=VERTEX_POINT('',#8784);
#1859=VERTEX_POINT('',#8792);
#1860=VERTEX_POINT('',#8794);
#1861=VERTEX_POINT('',#8798);
#1862=VERTEX_POINT('',#8802);
#1863=VERTEX_POINT('',#8806);
#1864=VERTEX_POINT('',#8809);
#1865=VERTEX_POINT('',#8811);
#1866=VERTEX_POINT('',#8815);
#1867=VERTEX_POINT('',#8817);
#1868=VERTEX_POINT('',#8822);
#1869=VERTEX_POINT('',#8837);
#1870=VERTEX_POINT('',#8852);
#1871=VERTEX_POINT('',#8856);
#1872=VERTEX_POINT('',#8909);
#1873=VERTEX_POINT('',#8911);
#1874=VERTEX_POINT('',#8913);
#1875=VERTEX_POINT('',#8922);
#1876=VERTEX_POINT('',#8926);
#1877=VERTEX_POINT('',#8934);
#1878=VERTEX_POINT('',#8936);
#1879=VERTEX_POINT('',#8938);
#1880=VERTEX_POINT('',#8940);
#1881=VERTEX_POINT('',#8942);
#1882=VERTEX_POINT('',#8976);
#1883=VERTEX_POINT('',#8977);
#1884=VERTEX_POINT('',#8988);
#1885=VERTEX_POINT('',#8989);
#1886=VERTEX_POINT('',#8991);
#1887=VERTEX_POINT('',#9004);
#1888=VERTEX_POINT('',#9043);
#1889=VERTEX_POINT('',#9044);
#1890=VERTEX_POINT('',#9051);
#1891=VERTEX_POINT('',#9061);
#1892=VERTEX_POINT('',#9065);
#1893=VERTEX_POINT('',#9080);
#1894=VERTEX_POINT('',#9082);
#1895=VERTEX_POINT('',#9115);
#1896=VERTEX_POINT('',#9116);
#1897=VERTEX_POINT('',#9121);
#1898=VERTEX_POINT('',#9122);
#1899=VERTEX_POINT('',#9162);
#1900=VERTEX_POINT('',#9163);
#1901=VERTEX_POINT('',#9171);
#1902=VERTEX_POINT('',#9186);
#1903=VERTEX_POINT('',#9188);
#1904=VERTEX_POINT('',#9221);
#1905=VERTEX_POINT('',#9222);
#1906=VERTEX_POINT('',#9227);
#1907=VERTEX_POINT('',#9228);
#1908=VERTEX_POINT('',#9268);
#1909=VERTEX_POINT('',#9275);
#1910=VERTEX_POINT('',#9282);
#1911=VERTEX_POINT('',#9284);
#1912=VERTEX_POINT('',#9293);
#1913=VERTEX_POINT('',#9295);
#1914=VERTEX_POINT('',#9301);
#1915=VERTEX_POINT('',#9303);
#1916=VERTEX_POINT('',#9307);
#1917=VERTEX_POINT('',#9311);
#1918=VERTEX_POINT('',#9330);
#1919=VERTEX_POINT('',#9502);
#1920=VERTEX_POINT('',#9506);
#1921=VERTEX_POINT('',#9507);
#1922=VERTEX_POINT('',#9512);
#1923=VERTEX_POINT('',#9516);
#1924=VERTEX_POINT('',#9521);
#1925=VERTEX_POINT('',#9525);
#1926=VERTEX_POINT('',#9527);
#1927=VERTEX_POINT('',#9531);
#1928=VERTEX_POINT('',#9533);
#1929=VERTEX_POINT('',#9535);
#1930=VERTEX_POINT('',#9539);
#1931=VERTEX_POINT('',#9545);
#1932=VERTEX_POINT('',#9549);
#1933=VERTEX_POINT('',#9567);
#1934=VERTEX_POINT('',#9589);
#1935=VERTEX_POINT('',#9642);
#1936=VERTEX_POINT('',#9652);
#1937=VERTEX_POINT('',#9654);
#1938=VERTEX_POINT('',#9665);
#1939=VERTEX_POINT('',#9797);
#1940=VERTEX_POINT('',#9801);
#1941=VERTEX_POINT('',#9805);
#1942=VERTEX_POINT('',#9809);
#1943=VERTEX_POINT('',#9813);
#1944=EDGE_CURVE('',#1585,#1586,#1457,.T.);
#1945=EDGE_CURVE('',#1585,#1587,#1458,.T.);
#1946=EDGE_CURVE('',#1588,#1587,#1459,.T.);
#1947=EDGE_CURVE('',#1586,#1588,#1460,.F.);
#1948=EDGE_CURVE('',#1586,#1589,#1461,.T.);
#1949=EDGE_CURVE('',#1588,#1590,#689,.T.);
#1950=EDGE_CURVE('',#1590,#1589,#1462,.T.);
#1951=EDGE_CURVE('',#1591,#1592,#690,.T.);
#1952=EDGE_CURVE('',#1593,#1591,#1463,.T.);
#1953=EDGE_CURVE('',#1594,#1593,#691,.T.);
#1954=EDGE_CURVE('',#1592,#1594,#1464,.T.);
#1955=EDGE_CURVE('',#1595,#1596,#692,.T.);
#1956=EDGE_CURVE('',#1591,#1595,#160,.T.);
#1957=EDGE_CURVE('',#1596,#1592,#161,.T.);
#1958=EDGE_CURVE('',#1597,#1598,#693,.T.);
#1959=EDGE_CURVE('',#1594,#1597,#162,.T.);
#1960=EDGE_CURVE('',#1598,#1593,#163,.T.);
#1961=EDGE_CURVE('',#1599,#1595,#694,.T.);
#1962=EDGE_CURVE('',#1600,#1599,#695,.T.);
#1963=EDGE_CURVE('',#1601,#1600,#696,.T.);
#1964=EDGE_CURVE('',#1595,#1601,#697,.T.);
#1965=EDGE_CURVE('',#1602,#1603,#698,.T.);
#1966=EDGE_CURVE('',#1601,#1602,#1465,.T.);
#1967=EDGE_CURVE('',#1603,#1600,#1466,.T.);
#1968=EDGE_CURVE('',#1598,#1604,#699,.T.);
#1969=EDGE_CURVE('',#1602,#1598,#700,.T.);
#1970=EDGE_CURVE('',#1604,#1603,#701,.T.);
#1971=EDGE_CURVE('',#1599,#1596,#702,.T.);
#1972=EDGE_CURVE('',#1597,#1604,#703,.T.);
#1973=EDGE_CURVE('',#1605,#1591,#164,.T.);
#1974=EDGE_CURVE('',#1605,#1606,#75,.T.);
#1975=EDGE_CURVE('',#1593,#1606,#165,.T.);
#1976=EDGE_CURVE('',#1607,#1596,#1467,.T.);
#1977=EDGE_CURVE('',#1608,#1607,#704,.T.);
#1978=EDGE_CURVE('',#1599,#1608,#1468,.T.);
#1979=EDGE_CURVE('',#1602,#1609,#166,.T.);
#1980=EDGE_CURVE('',#1609,#1610,#76,.T.);
#1981=EDGE_CURVE('',#1601,#1610,#167,.T.);
#1982=EDGE_CURVE('',#1611,#1604,#1469,.T.);
#1983=EDGE_CURVE('',#1611,#1612,#705,.T.);
#1984=EDGE_CURVE('',#1597,#1612,#1470,.T.);
#1985=EDGE_CURVE('',#1613,#1614,#706,.T.);
#1986=EDGE_CURVE('',#1615,#1613,#1471,.T.);
#1987=EDGE_CURVE('',#1616,#1615,#707,.T.);
#1988=EDGE_CURVE('',#1614,#1616,#1472,.T.);
#1989=EDGE_CURVE('',#1617,#1618,#708,.T.);
#1990=EDGE_CURVE('',#1613,#1617,#168,.T.);
#1991=EDGE_CURVE('',#1618,#1614,#169,.T.);
#1992=EDGE_CURVE('',#1617,#1611,#1473,.T.);
#1993=EDGE_CURVE('',#1612,#1618,#1474,.T.);
#1994=EDGE_CURVE('',#1619,#1620,#709,.T.);
#1995=EDGE_CURVE('',#1608,#1619,#1475,.T.);
#1996=EDGE_CURVE('',#1620,#1607,#1476,.T.);
#1997=EDGE_CURVE('',#1621,#1622,#710,.T.);
#1998=EDGE_CURVE('',#1619,#1621,#170,.T.);
#1999=EDGE_CURVE('',#1622,#1620,#171,.T.);
#2000=EDGE_CURVE('',#1623,#1622,#1477,.T.);
#2001=EDGE_CURVE('',#1624,#1623,#711,.T.);
#2002=EDGE_CURVE('',#1621,#1624,#1478,.T.);
#2003=EDGE_CURVE('',#1624,#1615,#172,.T.);
#2004=EDGE_CURVE('',#1616,#1623,#173,.T.);
#2005=EDGE_CURVE('',#1621,#1624,#1479,.T.);
#2006=EDGE_CURVE('',#1615,#1613,#1480,.T.);
#2007=EDGE_CURVE('',#1620,#1625,#1481,.T.);
#2008=EDGE_CURVE('',#1625,#1626,#174,.T.);
#2009=EDGE_CURVE('',#1627,#1626,#77,.T.);
#2010=EDGE_CURVE('',#1628,#1627,#78,.T.);
#2011=EDGE_CURVE('',#1628,#1629,#175,.T.);
#2012=EDGE_CURVE('',#1629,#1630,#1482,.T.);
#2013=EDGE_CURVE('',#1630,#1631,#176,.T.);
#2014=EDGE_CURVE('',#1631,#1632,#1483,.T.);
#2015=EDGE_CURVE('',#1632,#1633,#177,.T.);
#2016=EDGE_CURVE('',#1633,#1634,#79,.T.);
#2017=EDGE_CURVE('',#1634,#1635,#80,.T.);
#2018=EDGE_CURVE('',#1635,#1636,#178,.T.);
#2019=EDGE_CURVE('',#1636,#1618,#1484,.T.);
#2020=EDGE_CURVE('',#1637,#1607,#1485,.T.);
#2021=EDGE_CURVE('',#1625,#1637,#712,.T.);
#2022=EDGE_CURVE('',#1638,#1636,#713,.T.);
#2023=EDGE_CURVE('',#1612,#1638,#1486,.T.);
#2024=EDGE_CURVE('',#1634,#1639,#714,.T.);
#2025=EDGE_CURVE('',#1640,#1639,#715,.T.);
#2026=EDGE_CURVE('',#1640,#1641,#179,.T.);
#2027=EDGE_CURVE('',#1641,#1635,#81,.T.);
#2028=EDGE_CURVE('',#1627,#1642,#716,.T.);
#2029=EDGE_CURVE('',#1643,#1626,#82,.F.);
#2030=EDGE_CURVE('',#1643,#1644,#180,.T.);
#2031=EDGE_CURVE('',#1642,#1644,#717,.T.);
#2032=EDGE_CURVE('',#1642,#1645,#181,.T.);
#2033=EDGE_CURVE('',#1645,#1646,#718,.T.);
#2034=EDGE_CURVE('',#1646,#1628,#182,.T.);
#2035=EDGE_CURVE('',#1647,#1648,#719,.T.);
#2036=EDGE_CURVE('',#1649,#1647,#720,.T.);
#2037=EDGE_CURVE('',#1650,#1649,#721,.T.);
#2038=EDGE_CURVE('',#1648,#1650,#722,.T.);
#2039=EDGE_CURVE('',#1651,#1648,#183,.T.);
#2040=EDGE_CURVE('',#1652,#1651,#1487,.T.);
#2041=EDGE_CURVE('',#1647,#1652,#184,.T.);
#2042=EDGE_CURVE('',#1653,#1654,#185,.T.);
#2043=EDGE_CURVE('',#1655,#1653,#1488,.T.);
#2044=EDGE_CURVE('',#1656,#1655,#186,.T.);
#2045=EDGE_CURVE('',#1654,#1656,#723,.T.);
#2046=EDGE_CURVE('',#1652,#1653,#724,.T.);
#2047=EDGE_CURVE('',#1655,#1651,#725,.T.);
#2048=EDGE_CURVE('',#1657,#1658,#726,.T.);
#2049=EDGE_CURVE('',#1654,#1657,#727,.T.);
#2050=EDGE_CURVE('',#1658,#1656,#728,.T.);
#2051=EDGE_CURVE('',#1657,#1649,#187,.T.);
#2052=EDGE_CURVE('',#1650,#1658,#188,.T.);
#2053=EDGE_CURVE('',#1648,#1659,#189,.T.);
#2054=EDGE_CURVE('',#1659,#1660,#190,.T.);
#2055=EDGE_CURVE('',#1651,#1660,#191,.T.);
#2056=EDGE_CURVE('',#1660,#1661,#729,.T.);
#2057=EDGE_CURVE('',#1655,#1661,#192,.T.);
#2058=EDGE_CURVE('',#1661,#1662,#193,.T.);
#2059=EDGE_CURVE('',#1662,#1656,#194,.T.);
#2060=EDGE_CURVE('',#1663,#1663,#730,.T.);
#2061=EDGE_CURVE('',#1664,#1630,#731,.T.);
#2062=EDGE_CURVE('',#1665,#1664,#195,.T.);
#2063=EDGE_CURVE('',#1631,#1665,#732,.T.);
#2064=EDGE_CURVE('',#1666,#1632,#733,.T.);
#2065=EDGE_CURVE('',#1662,#1666,#734,.T.);
#2066=EDGE_CURVE('',#1667,#1662,#735,.T.);
#2067=EDGE_CURVE('',#1632,#1667,#736,.T.);
#2068=EDGE_CURVE('',#1668,#1661,#1489,.T.);
#2069=EDGE_CURVE('',#1667,#1668,#196,.T.);
#2070=EDGE_CURVE('',#1668,#1669,#737,.T.);
#2071=EDGE_CURVE('',#1669,#1660,#1490,.T.);
#2072=EDGE_CURVE('',#1669,#1670,#197,.T.);
#2073=EDGE_CURVE('',#1670,#1659,#738,.T.);
#2074=EDGE_CURVE('',#1629,#1671,#739,.T.);
#2075=EDGE_CURVE('',#1670,#1629,#740,.T.);
#2076=EDGE_CURVE('',#1671,#1659,#741,.T.);
#2077=EDGE_CURVE('',#1664,#1671,#1491,.T.);
#2078=EDGE_CURVE('',#1666,#1665,#1492,.T.);
#2079=EDGE_CURVE('',#1646,#1672,#198,.T.);
#2080=EDGE_CURVE('',#1672,#1673,#742,.T.);
#2081=EDGE_CURVE('',#1673,#1674,#199,.T.);
#2082=EDGE_CURVE('',#1674,#1633,#200,.T.);
#2083=EDGE_CURVE('',#1664,#1650,#201,.T.);
#2084=EDGE_CURVE('',#1658,#1665,#202,.T.);
#2085=EDGE_CURVE('',#1675,#1641,#203,.T.);
#2086=EDGE_CURVE('',#1636,#1675,#743,.T.);
#2087=EDGE_CURVE('',#1676,#1625,#744,.T.);
#2088=EDGE_CURVE('',#1643,#1676,#204,.T.);
#2089=EDGE_CURVE('',#1676,#1637,#745,.T.);
#2090=EDGE_CURVE('',#1638,#1675,#746,.T.);
#2091=EDGE_CURVE('',#1640,#1677,#205,.T.);
#2092=EDGE_CURVE('',#1677,#1678,#1493,.T.);
#2093=EDGE_CURVE('',#1678,#1679,#206,.T.);
#2094=EDGE_CURVE('',#1680,#1679,#207,.T.);
#2095=EDGE_CURVE('',#1681,#1680,#208,.T.);
#2096=EDGE_CURVE('',#1681,#1675,#209,.T.);
#2097=EDGE_CURVE('',#1681,#1682,#747,.T.);
#2098=EDGE_CURVE('',#1638,#1682,#210,.T.);
#2099=EDGE_CURVE('',#1683,#1684,#1494,.F.);
#2100=EDGE_CURVE('',#1684,#1678,#748,.T.);
#2101=EDGE_CURVE('',#1677,#1683,#749,.T.);
#2102=EDGE_CURVE('',#1683,#1639,#211,.T.);
#2103=EDGE_CURVE('',#1685,#1686,#750,.T.);
#2104=EDGE_CURVE('',#1687,#1685,#1495,.T.);
#2105=EDGE_CURVE('',#1688,#1687,#751,.T.);
#2106=EDGE_CURVE('',#1686,#1688,#1496,.T.);
#2107=EDGE_CURVE('',#1689,#1690,#1497,.T.);
#2108=EDGE_CURVE('',#1689,#1691,#752,.T.);
#2109=EDGE_CURVE('',#1691,#1645,#1498,.F.);
#2110=EDGE_CURVE('',#1645,#1690,#753,.T.);
#2111=EDGE_CURVE('',#1690,#1644,#212,.T.);
#2112=EDGE_CURVE('',#1646,#1692,#754,.T.);
#2113=EDGE_CURVE('',#1692,#1691,#755,.T.);
#2114=EDGE_CURVE('',#1693,#1692,#213,.T.);
#2115=EDGE_CURVE('',#1672,#1693,#1499,.T.);
#2116=EDGE_CURVE('',#1686,#1694,#214,.T.);
#2117=EDGE_CURVE('',#1695,#1688,#215,.T.);
#2118=EDGE_CURVE('',#1694,#1695,#756,.T.);
#2119=EDGE_CURVE('',#1696,#1697,#757,.T.);
#2120=EDGE_CURVE('',#1694,#1696,#83,.T.);
#2121=EDGE_CURVE('',#1697,#1695,#84,.T.);
#2122=EDGE_CURVE('',#1698,#1699,#758,.T.);
#2123=EDGE_CURVE('',#1696,#1698,#216,.T.);
#2124=EDGE_CURVE('',#1699,#1697,#217,.T.);
#2125=EDGE_CURVE('',#1700,#1701,#759,.T.);
#2126=EDGE_CURVE('',#1698,#1700,#85,.T.);
#2127=EDGE_CURVE('',#1701,#1699,#86,.T.);
#2128=EDGE_CURVE('',#1700,#1689,#218,.T.);
#2129=EDGE_CURVE('',#1691,#1701,#219,.T.);
#2130=EDGE_CURVE('',#1702,#1693,#760,.T.);
#2131=EDGE_CURVE('',#1673,#1702,#1500,.T.);
#2132=EDGE_CURVE('',#1687,#1703,#220,.T.);
#2133=EDGE_CURVE('',#1704,#1685,#221,.T.);
#2134=EDGE_CURVE('',#1703,#1704,#761,.T.);
#2135=EDGE_CURVE('',#1705,#1706,#762,.T.);
#2136=EDGE_CURVE('',#1703,#1705,#87,.T.);
#2137=EDGE_CURVE('',#1706,#1704,#88,.T.);
#2138=EDGE_CURVE('',#1707,#1708,#763,.T.);
#2139=EDGE_CURVE('',#1705,#1707,#222,.T.);
#2140=EDGE_CURVE('',#1708,#1706,#223,.T.);
#2141=EDGE_CURVE('',#1709,#1679,#764,.T.);
#2142=EDGE_CURVE('',#1707,#1709,#89,.T.);
#2143=EDGE_CURVE('',#1679,#1708,#90,.T.);
#2144=EDGE_CURVE('',#1709,#1684,#224,.T.);
#2145=EDGE_CURVE('',#1710,#1674,#765,.T.);
#2146=EDGE_CURVE('',#1684,#1710,#766,.T.);
#2147=EDGE_CURVE('',#1674,#1683,#767,.T.);
#2148=EDGE_CURVE('',#1710,#1702,#225,.T.);
#2149=EDGE_CURVE('',#1708,#1711,#226,.T.);
#2150=EDGE_CURVE('',#1712,#1711,#768,.T.);
#2151=EDGE_CURVE('',#1680,#1712,#91,.T.);
#2152=EDGE_CURVE('',#1688,#1693,#227,.T.);
#2153=EDGE_CURVE('',#1687,#1702,#228,.T.);
#2154=EDGE_CURVE('',#1713,#1676,#229,.T.);
#2155=EDGE_CURVE('',#1713,#1714,#230,.T.);
#2156=EDGE_CURVE('',#1714,#1700,#231,.T.);
#2157=EDGE_CURVE('',#1637,#1715,#232,.T.);
#2158=EDGE_CURVE('',#1713,#1715,#769,.T.);
#2159=EDGE_CURVE('',#1714,#1716,#92,.T.);
#2160=EDGE_CURVE('',#1716,#1717,#770,.T.);
#2161=EDGE_CURVE('',#1698,#1717,#233,.T.);
#2162=EDGE_CURVE('',#1717,#1718,#234,.T.);
#2163=EDGE_CURVE('',#1718,#1696,#235,.T.);
#2164=EDGE_CURVE('',#1718,#1719,#771,.T.);
#2165=EDGE_CURVE('',#1694,#1719,#236,.T.);
#2166=EDGE_CURVE('',#1720,#1721,#772,.T.);
#2167=EDGE_CURVE('',#1721,#1590,#1501,.T.);
#2168=EDGE_CURVE('',#1588,#1720,#1502,.T.);
#2169=EDGE_CURVE('',#1722,#1720,#1503,.T.);
#2170=EDGE_CURVE('',#1722,#1721,#1504,.T.);
#2171=EDGE_CURVE('',#1587,#1713,#1505,.T.);
#2172=EDGE_CURVE('',#1715,#1722,#1506,.T.);
#2173=EDGE_CURVE('',#1723,#1587,#237,.T.);
#2174=EDGE_CURVE('',#1714,#1723,#773,.T.);
#2175=EDGE_CURVE('',#1724,#1723,#93,.T.);
#2176=EDGE_CURVE('',#1716,#1724,#1507,.T.);
#2177=EDGE_CURVE('',#1725,#1724,#1508,.T.);
#2178=EDGE_CURVE('',#1726,#1725,#774,.T.);
#2179=EDGE_CURVE('',#1717,#1726,#775,.T.);
#2180=EDGE_CURVE('',#1718,#1727,#776,.T.);
#2181=EDGE_CURVE('',#1727,#1726,#238,.T.);
#2182=EDGE_CURVE('',#1719,#1728,#777,.T.);
#2183=EDGE_CURVE('',#1728,#1727,#778,.T.);
#2184=EDGE_CURVE('',#1729,#1730,#779,.T.);
#2185=EDGE_CURVE('',#1719,#1729,#239,.T.);
#2186=EDGE_CURVE('',#1730,#1728,#240,.T.);
#2187=EDGE_CURVE('',#1731,#1732,#780,.T.);
#2188=EDGE_CURVE('',#1729,#1731,#781,.T.);
#2189=EDGE_CURVE('',#1732,#1730,#782,.T.);
#2190=EDGE_CURVE('',#1733,#1730,#241,.T.);
#2191=EDGE_CURVE('',#1734,#1733,#783,.T.);
#2192=EDGE_CURVE('',#1732,#1734,#242,.T.);
#2193=EDGE_CURVE('',#1735,#1735,#784,.T.);
#2194=EDGE_CURVE('',#1735,#1663,#243,.T.);
#2195=EDGE_CURVE('',#1736,#1737,#244,.T.);
#2196=EDGE_CURVE('',#1738,#1736,#785,.T.);
#2197=EDGE_CURVE('',#1739,#1738,#245,.T.);
#2198=EDGE_CURVE('',#1739,#1737,#786,.T.);
#2199=EDGE_CURVE('',#1740,#1734,#246,.T.);
#2200=EDGE_CURVE('',#1741,#1733,#247,.T.);
#2201=EDGE_CURVE('',#1742,#1741,#248,.T.);
#2202=EDGE_CURVE('',#1742,#1743,#249,.T.);
#2203=EDGE_CURVE('',#1740,#1743,#787,.T.);
#2204=EDGE_CURVE('',#1744,#1731,#250,.T.);
#2205=EDGE_CURVE('',#1745,#1744,#788,.T.);
#2206=EDGE_CURVE('',#1746,#1745,#251,.T.);
#2207=EDGE_CURVE('',#1704,#1746,#252,.T.);
#2208=EDGE_CURVE('',#1747,#1706,#253,.T.);
#2209=EDGE_CURVE('',#1711,#1747,#254,.T.);
#2210=EDGE_CURVE('',#1747,#1746,#789,.T.);
#2211=EDGE_CURVE('',#1748,#1749,#1509,.T.);
#2212=EDGE_CURVE('',#1750,#1748,#1510,.T.);
#2213=EDGE_CURVE('',#1751,#1750,#790,.T.);
#2214=EDGE_CURVE('',#1749,#1751,#1511,.F.);
#2215=EDGE_CURVE('',#1752,#1753,#791,.T.);
#2216=EDGE_CURVE('',#1751,#1752,#1512,.T.);
#2217=EDGE_CURVE('',#1753,#1750,#1513,.T.);
#2218=EDGE_CURVE('',#1754,#1753,#1514,.T.);
#2219=EDGE_CURVE('',#1754,#1752,#1515,.T.);
#2220=EDGE_CURVE('',#1749,#1755,#1516,.T.);
#2221=EDGE_CURVE('',#1751,#1756,#1517,.T.);
#2222=EDGE_CURVE('',#1755,#1756,#1518,.T.);
#2223=EDGE_CURVE('',#1756,#1681,#1519,.T.);
#2224=EDGE_CURVE('',#1682,#1754,#1520,.T.);
#2225=EDGE_CURVE('',#1680,#1757,#792,.T.);
#2226=EDGE_CURVE('',#1757,#1756,#255,.T.);
#2227=EDGE_CURVE('',#1758,#1757,#94,.T.);
#2228=EDGE_CURVE('',#1712,#1758,#1521,.T.);
#2229=EDGE_CURVE('',#1711,#1759,#793,.T.);
#2230=EDGE_CURVE('',#1759,#1760,#794,.T.);
#2231=EDGE_CURVE('',#1760,#1758,#1522,.T.);
#2232=EDGE_CURVE('',#1747,#1761,#795,.T.);
#2233=EDGE_CURVE('',#1761,#1759,#256,.T.);
#2234=EDGE_CURVE('',#1746,#1762,#796,.T.);
#2235=EDGE_CURVE('',#1762,#1761,#797,.T.);
#2236=EDGE_CURVE('',#1745,#1763,#798,.T.);
#2237=EDGE_CURVE('',#1763,#1762,#257,.T.);
#2238=EDGE_CURVE('',#1744,#1764,#799,.T.);
#2239=EDGE_CURVE('',#1764,#1763,#800,.T.);
#2240=EDGE_CURVE('',#1732,#1764,#258,.T.);
#2241=EDGE_CURVE('',#1764,#1740,#259,.T.);
#2242=EDGE_CURVE('',#1743,#1763,#260,.T.);
#2243=EDGE_CURVE('',#1765,#1766,#261,.T.);
#2244=EDGE_CURVE('',#1765,#1767,#801,.T.);
#2245=EDGE_CURVE('',#1768,#1767,#262,.T.);
#2246=EDGE_CURVE('',#1768,#1766,#802,.T.);
#2247=EDGE_CURVE('',#1725,#1769,#263,.T.);
#2248=EDGE_CURVE('',#1770,#1769,#803,.T.);
#2249=EDGE_CURVE('',#1771,#1770,#264,.T.);
#2250=EDGE_CURVE('',#1772,#1771,#804,.T.);
#2251=EDGE_CURVE('',#1773,#1772,#265,.T.);
#2252=EDGE_CURVE('',#1774,#1773,#266,.T.);
#2253=EDGE_CURVE('',#1775,#1774,#267,.T.);
#2254=EDGE_CURVE('',#1741,#1775,#268,.T.);
#2255=EDGE_CURVE('',#1585,#1776,#1523,.T.);
#2256=EDGE_CURVE('',#1777,#1776,#269,.T.);
#2257=EDGE_CURVE('',#1778,#1777,#95,.T.);
#2258=EDGE_CURVE('',#1769,#1778,#1524,.T.);
#2259=EDGE_CURVE('',#1586,#1779,#1525,.F.);
#2260=EDGE_CURVE('',#1779,#1776,#1526,.T.);
#2261=EDGE_CURVE('',#1780,#1589,#1527,.T.);
#2262=EDGE_CURVE('',#1779,#1780,#805,.T.);
#2263=EDGE_CURVE('',#1781,#1742,#270,.T.);
#2264=EDGE_CURVE('',#1781,#1775,#271,.T.);
#2265=EDGE_CURVE('',#1768,#1766,#806,.T.);
#2266=EDGE_CURVE('',#1782,#1783,#807,.T.);
#2267=EDGE_CURVE('',#1783,#1589,#272,.T.);
#2268=EDGE_CURVE('',#1784,#1748,#1528,.T.);
#2269=EDGE_CURVE('',#1785,#1784,#1529,.T.);
#2270=EDGE_CURVE('',#1786,#1785,#1530,.T.);
#2271=EDGE_CURVE('',#1787,#1786,#1531,.T.);
#2272=EDGE_CURVE('',#1788,#1787,#273,.T.);
#2273=EDGE_CURVE('',#1789,#1788,#1532,.T.);
#2274=EDGE_CURVE('',#1790,#1789,#1533,.T.);
#2275=EDGE_CURVE('',#1791,#1790,#274,.T.);
#2276=EDGE_CURVE('',#1792,#1791,#1534,.T.);
#2277=EDGE_CURVE('',#1793,#1792,#275,.T.);
#2278=EDGE_CURVE('',#1794,#1793,#1535,.T.);
#2279=EDGE_CURVE('',#1795,#1794,#1536,.T.);
#2280=EDGE_CURVE('',#1795,#1796,#276,.T.);
#2281=EDGE_CURVE('',#1796,#1797,#1537,.T.);
#2282=EDGE_CURVE('',#1797,#1798,#1538,.T.);
#2283=EDGE_CURVE('',#1798,#1780,#1539,.T.);
#2284=EDGE_CURVE('',#1783,#1782,#808,.T.);
#2285=EDGE_CURVE('',#1799,#1606,#277,.T.);
#2286=EDGE_CURVE('',#1800,#1799,#278,.T.);
#2287=EDGE_CURVE('',#1801,#1800,#809,.T.);
#2288=EDGE_CURVE('',#1801,#1609,#279,.T.);
#2289=EDGE_CURVE('',#1802,#1802,#810,.T.);
#2290=EDGE_CURVE('',#1802,#1782,#811,.T.);
#2291=EDGE_CURVE('',#1803,#1803,#812,.T.);
#2292=EDGE_CURVE('',#1803,#1804,#280,.T.);
#2293=EDGE_CURVE('',#1804,#1804,#813,.T.);
#2294=EDGE_CURVE('',#1805,#1792,#814,.T.);
#2295=EDGE_CURVE('',#1791,#1799,#815,.T.);
#2296=EDGE_CURVE('',#1799,#1805,#1540,.T.);
#2297=EDGE_CURVE('',#1806,#1793,#816,.T.);
#2298=EDGE_CURVE('',#1805,#1806,#281,.T.);
#2299=EDGE_CURVE('',#1790,#1800,#817,.T.);
#2300=EDGE_CURVE('',#1807,#1806,#818,.T.);
#2301=EDGE_CURVE('',#1806,#1808,#819,.T.);
#2302=EDGE_CURVE('',#1808,#1809,#820,.T.);
#2303=EDGE_CURVE('',#1809,#1807,#821,.T.);
#2304=EDGE_CURVE('',#1801,#1810,#822,.T.);
#2305=EDGE_CURVE('',#1810,#1809,#1541,.T.);
#2306=EDGE_CURVE('',#1808,#1801,#1542,.T.);
#2307=EDGE_CURVE('',#1800,#1811,#823,.T.);
#2308=EDGE_CURVE('',#1811,#1810,#824,.T.);
#2309=EDGE_CURVE('',#1807,#1793,#825,.T.);
#2310=EDGE_CURVE('',#1790,#1811,#826,.T.);
#2311=EDGE_CURVE('',#1808,#1610,#282,.T.);
#2312=EDGE_CURVE('',#1605,#1805,#283,.T.);
#2313=EDGE_CURVE('',#1605,#1606,#96,.T.);
#2314=EDGE_CURVE('',#1807,#1812,#1543,.T.);
#2315=EDGE_CURVE('',#1812,#1794,#827,.T.);
#2316=EDGE_CURVE('',#1609,#1610,#97,.T.);
#2317=EDGE_CURVE('',#1813,#1789,#828,.T.);
#2318=EDGE_CURVE('',#1813,#1811,#1544,.T.);
#2319=EDGE_CURVE('',#1610,#1814,#284,.T.);
#2320=EDGE_CURVE('',#1814,#1814,#829,.T.);
#2321=EDGE_CURVE('',#1815,#1816,#830,.T.);
#2322=EDGE_CURVE('',#1816,#1817,#1545,.T.);
#2323=EDGE_CURVE('',#1817,#1818,#831,.T.);
#2324=EDGE_CURVE('',#1818,#1815,#1546,.T.);
#2325=EDGE_CURVE('',#1819,#1820,#832,.T.);
#2326=EDGE_CURVE('',#1820,#1816,#285,.T.);
#2327=EDGE_CURVE('',#1815,#1819,#286,.T.);
#2328=EDGE_CURVE('',#1789,#1820,#1547,.T.);
#2329=EDGE_CURVE('',#1819,#1813,#1548,.T.);
#2330=EDGE_CURVE('',#1821,#1822,#833,.T.);
#2331=EDGE_CURVE('',#1822,#1794,#1549,.T.);
#2332=EDGE_CURVE('',#1812,#1821,#1550,.T.);
#2333=EDGE_CURVE('',#1823,#1824,#834,.T.);
#2334=EDGE_CURVE('',#1824,#1822,#287,.T.);
#2335=EDGE_CURVE('',#1821,#1823,#288,.T.);
#2336=EDGE_CURVE('',#1823,#1825,#1551,.T.);
#2337=EDGE_CURVE('',#1825,#1826,#835,.T.);
#2338=EDGE_CURVE('',#1826,#1824,#1552,.T.);
#2339=EDGE_CURVE('',#1817,#1826,#289,.T.);
#2340=EDGE_CURVE('',#1825,#1818,#290,.T.);
#2341=EDGE_CURVE('',#1818,#1815,#1553,.T.);
#2342=EDGE_CURVE('',#1823,#1825,#1554,.T.);
#2343=EDGE_CURVE('',#1827,#1820,#1555,.T.);
#2344=EDGE_CURVE('',#1828,#1827,#291,.T.);
#2345=EDGE_CURVE('',#1829,#1828,#98,.T.);
#2346=EDGE_CURVE('',#1830,#1829,#99,.T.);
#2347=EDGE_CURVE('',#1831,#1830,#292,.T.);
#2348=EDGE_CURVE('',#1832,#1831,#1556,.T.);
#2349=EDGE_CURVE('',#1833,#1832,#293,.T.);
#2350=EDGE_CURVE('',#1834,#1833,#1557,.T.);
#2351=EDGE_CURVE('',#1835,#1834,#294,.T.);
#2352=EDGE_CURVE('',#1835,#1836,#100,.T.);
#2353=EDGE_CURVE('',#1836,#1837,#101,.T.);
#2354=EDGE_CURVE('',#1838,#1837,#295,.T.);
#2355=EDGE_CURVE('',#1822,#1838,#1558,.T.);
#2356=EDGE_CURVE('',#1838,#1795,#836,.T.);
#2357=EDGE_CURVE('',#1788,#1827,#837,.T.);
#2358=EDGE_CURVE('',#1829,#1839,#838,.T.);
#2359=EDGE_CURVE('',#1840,#1828,#102,.T.);
#2360=EDGE_CURVE('',#1841,#1840,#296,.T.);
#2361=EDGE_CURVE('',#1841,#1839,#839,.T.);
#2362=EDGE_CURVE('',#1836,#1842,#840,.T.);
#2363=EDGE_CURVE('',#1842,#1843,#841,.T.);
#2364=EDGE_CURVE('',#1844,#1843,#297,.T.);
#2365=EDGE_CURVE('',#1844,#1837,#103,.F.);
#2366=EDGE_CURVE('',#1845,#1835,#298,.T.);
#2367=EDGE_CURVE('',#1846,#1845,#842,.T.);
#2368=EDGE_CURVE('',#1842,#1846,#299,.T.);
#2369=EDGE_CURVE('',#1738,#1736,#843,.T.);
#2370=EDGE_CURVE('',#1765,#1767,#844,.T.);
#2371=EDGE_CURVE('',#1739,#1737,#845,.T.);
#2372=EDGE_CURVE('',#1847,#1848,#846,.T.);
#2373=EDGE_CURVE('',#1848,#1849,#847,.T.);
#2374=EDGE_CURVE('',#1849,#1850,#848,.T.);
#2375=EDGE_CURVE('',#1850,#1847,#849,.T.);
#2376=EDGE_CURVE('',#1851,#1848,#300,.T.);
#2377=EDGE_CURVE('',#1847,#1852,#301,.T.);
#2378=EDGE_CURVE('',#1852,#1851,#1559,.T.);
#2379=EDGE_CURVE('',#1853,#1854,#302,.T.);
#2380=EDGE_CURVE('',#1854,#1855,#850,.T.);
#2381=EDGE_CURVE('',#1855,#1856,#303,.T.);
#2382=EDGE_CURVE('',#1856,#1853,#1560,.T.);
#2383=EDGE_CURVE('',#1852,#1853,#851,.T.);
#2384=EDGE_CURVE('',#1856,#1851,#852,.T.);
#2385=EDGE_CURVE('',#1857,#1858,#853,.T.);
#2386=EDGE_CURVE('',#1858,#1855,#854,.T.);
#2387=EDGE_CURVE('',#1854,#1857,#855,.T.);
#2388=EDGE_CURVE('',#1849,#1858,#304,.T.);
#2389=EDGE_CURVE('',#1857,#1850,#305,.T.);
#2390=EDGE_CURVE('',#1851,#1859,#306,.T.);
#2391=EDGE_CURVE('',#1860,#1859,#307,.T.);
#2392=EDGE_CURVE('',#1848,#1860,#308,.T.);
#2393=EDGE_CURVE('',#1856,#1861,#309,.T.);
#2394=EDGE_CURVE('',#1859,#1861,#856,.T.);
#2395=EDGE_CURVE('',#1862,#1855,#310,.T.);
#2396=EDGE_CURVE('',#1861,#1862,#311,.T.);
#2397=EDGE_CURVE('',#1863,#1863,#857,.T.);
#2398=EDGE_CURVE('',#1864,#1833,#858,.T.);
#2399=EDGE_CURVE('',#1832,#1865,#859,.T.);
#2400=EDGE_CURVE('',#1865,#1864,#312,.T.);
#2401=EDGE_CURVE('',#1866,#1831,#860,.T.);
#2402=EDGE_CURVE('',#1831,#1867,#861,.T.);
#2403=EDGE_CURVE('',#1867,#1862,#862,.T.);
#2404=EDGE_CURVE('',#1862,#1866,#863,.T.);
#2405=EDGE_CURVE('',#1867,#1868,#313,.T.);
#2406=EDGE_CURVE('',#1868,#1861,#1561,.T.);
#2407=EDGE_CURVE('',#1868,#1869,#864,.T.);
#2408=EDGE_CURVE('',#1869,#1859,#1562,.T.);
#2409=EDGE_CURVE('',#1869,#1870,#314,.T.);
#2410=EDGE_CURVE('',#1870,#1860,#865,.T.);
#2411=EDGE_CURVE('',#1834,#1871,#866,.T.);
#2412=EDGE_CURVE('',#1871,#1860,#867,.T.);
#2413=EDGE_CURVE('',#1870,#1834,#868,.T.);
#2414=EDGE_CURVE('',#1864,#1871,#1563,.T.);
#2415=EDGE_CURVE('',#1866,#1865,#1564,.T.);
#2416=EDGE_CURVE('',#1872,#1830,#315,.T.);
#2417=EDGE_CURVE('',#1873,#1872,#316,.T.);
#2418=EDGE_CURVE('',#1874,#1873,#869,.T.);
#2419=EDGE_CURVE('',#1845,#1874,#317,.T.);
#2420=EDGE_CURVE('',#1864,#1849,#318,.T.);
#2421=EDGE_CURVE('',#1858,#1865,#319,.T.);
#2422=EDGE_CURVE('',#1827,#1875,#870,.T.);
#2423=EDGE_CURVE('',#1875,#1840,#320,.T.);
#2424=EDGE_CURVE('',#1844,#1876,#321,.T.);
#2425=EDGE_CURVE('',#1876,#1838,#871,.T.);
#2426=EDGE_CURVE('',#1876,#1795,#872,.T.);
#2427=EDGE_CURVE('',#1788,#1875,#873,.T.);
#2428=EDGE_CURVE('',#1877,#1875,#322,.T.);
#2429=EDGE_CURVE('',#1877,#1878,#323,.T.);
#2430=EDGE_CURVE('',#1878,#1879,#324,.T.);
#2431=EDGE_CURVE('',#1880,#1879,#325,.T.);
#2432=EDGE_CURVE('',#1881,#1880,#1565,.T.);
#2433=EDGE_CURVE('',#1841,#1881,#326,.T.);
#2434=EDGE_CURVE('',#1877,#1787,#874,.T.);
#2435=EDGE_CURVE('',#1882,#1883,#1566,.F.);
#2436=EDGE_CURVE('',#1881,#1882,#875,.T.);
#2437=EDGE_CURVE('',#1883,#1880,#876,.T.);
#2438=EDGE_CURVE('',#1882,#1839,#327,.T.);
#2439=EDGE_CURVE('',#1884,#1885,#877,.T.);
#2440=EDGE_CURVE('',#1885,#1886,#1567,.T.);
#2441=EDGE_CURVE('',#1886,#1887,#878,.T.);
#2442=EDGE_CURVE('',#1887,#1884,#1568,.T.);
#2443=EDGE_CURVE('',#1888,#1889,#1569,.T.);
#2444=EDGE_CURVE('',#1846,#1889,#879,.T.);
#2445=EDGE_CURVE('',#1890,#1846,#1570,.F.);
#2446=EDGE_CURVE('',#1888,#1890,#880,.T.);
#2447=EDGE_CURVE('',#1889,#1843,#328,.T.);
#2448=EDGE_CURVE('',#1845,#1891,#881,.T.);
#2449=EDGE_CURVE('',#1891,#1890,#882,.T.);
#2450=EDGE_CURVE('',#1892,#1891,#329,.T.);
#2451=EDGE_CURVE('',#1874,#1892,#1571,.T.);
#2452=EDGE_CURVE('',#1885,#1893,#330,.T.);
#2453=EDGE_CURVE('',#1893,#1894,#883,.T.);
#2454=EDGE_CURVE('',#1894,#1886,#331,.T.);
#2455=EDGE_CURVE('',#1895,#1896,#884,.T.);
#2456=EDGE_CURVE('',#1896,#1894,#104,.T.);
#2457=EDGE_CURVE('',#1893,#1895,#105,.T.);
#2458=EDGE_CURVE('',#1897,#1898,#885,.T.);
#2459=EDGE_CURVE('',#1898,#1896,#332,.T.);
#2460=EDGE_CURVE('',#1895,#1897,#333,.T.);
#2461=EDGE_CURVE('',#1899,#1900,#886,.T.);
#2462=EDGE_CURVE('',#1900,#1898,#106,.T.);
#2463=EDGE_CURVE('',#1897,#1899,#107,.T.);
#2464=EDGE_CURVE('',#1890,#1900,#334,.T.);
#2465=EDGE_CURVE('',#1899,#1888,#335,.T.);
#2466=EDGE_CURVE('',#1901,#1892,#887,.T.);
#2467=EDGE_CURVE('',#1873,#1901,#1572,.T.);
#2468=EDGE_CURVE('',#1887,#1902,#336,.T.);
#2469=EDGE_CURVE('',#1902,#1903,#888,.T.);
#2470=EDGE_CURVE('',#1903,#1884,#337,.T.);
#2471=EDGE_CURVE('',#1904,#1905,#889,.T.);
#2472=EDGE_CURVE('',#1905,#1903,#108,.T.);
#2473=EDGE_CURVE('',#1902,#1904,#109,.T.);
#2474=EDGE_CURVE('',#1906,#1907,#890,.T.);
#2475=EDGE_CURVE('',#1907,#1905,#338,.T.);
#2476=EDGE_CURVE('',#1904,#1906,#339,.T.);
#2477=EDGE_CURVE('',#1908,#1879,#891,.T.);
#2478=EDGE_CURVE('',#1879,#1907,#110,.T.);
#2479=EDGE_CURVE('',#1906,#1908,#111,.T.);
#2480=EDGE_CURVE('',#1908,#1883,#340,.T.);
#2481=EDGE_CURVE('',#1909,#1872,#892,.T.);
#2482=EDGE_CURVE('',#1872,#1882,#893,.T.);
#2483=EDGE_CURVE('',#1883,#1909,#894,.T.);
#2484=EDGE_CURVE('',#1909,#1901,#341,.T.);
#2485=EDGE_CURVE('',#1878,#1910,#112,.T.);
#2486=EDGE_CURVE('',#1910,#1911,#895,.T.);
#2487=EDGE_CURVE('',#1907,#1911,#342,.T.);
#2488=EDGE_CURVE('',#1886,#1892,#343,.T.);
#2489=EDGE_CURVE('',#1887,#1901,#344,.T.);
#2490=EDGE_CURVE('',#1912,#1899,#345,.T.);
#2491=EDGE_CURVE('',#1913,#1912,#346,.T.);
#2492=EDGE_CURVE('',#1913,#1876,#347,.T.);
#2493=EDGE_CURVE('',#1913,#1796,#896,.T.);
#2494=EDGE_CURVE('',#1897,#1914,#348,.T.);
#2495=EDGE_CURVE('',#1915,#1914,#897,.T.);
#2496=EDGE_CURVE('',#1912,#1915,#113,.T.);
#2497=EDGE_CURVE('',#1916,#1895,#349,.T.);
#2498=EDGE_CURVE('',#1914,#1916,#350,.T.);
#2499=EDGE_CURVE('',#1893,#1917,#351,.T.);
#2500=EDGE_CURVE('',#1916,#1917,#898,.T.);
#2501=EDGE_CURVE('',#1918,#1798,#899,.T.);
#2502=EDGE_CURVE('',#1779,#1918,#1573,.T.);
#2503=EDGE_CURVE('',#1797,#1918,#1574,.T.);
#2504=EDGE_CURVE('',#1776,#1913,#1575,.T.);
#2505=EDGE_CURVE('',#1912,#1777,#900,.T.);
#2506=EDGE_CURVE('',#1915,#1778,#1576,.T.);
#2507=EDGE_CURVE('',#1914,#1770,#901,.T.);
#2508=EDGE_CURVE('',#1916,#1771,#902,.T.);
#2509=EDGE_CURVE('',#1917,#1772,#903,.T.);
#2510=EDGE_CURVE('',#1919,#1773,#904,.T.);
#2511=EDGE_CURVE('',#1917,#1919,#352,.T.);
#2512=EDGE_CURVE('',#1920,#1921,#905,.T.);
#2513=EDGE_CURVE('',#1921,#1773,#906,.T.);
#2514=EDGE_CURVE('',#1919,#1920,#907,.T.);
#2515=EDGE_CURVE('',#1921,#1922,#353,.T.);
#2516=EDGE_CURVE('',#1922,#1774,#908,.T.);
#2517=EDGE_CURVE('',#1923,#1923,#909,.T.);
#2518=EDGE_CURVE('',#1923,#1863,#354,.T.);
#2519=EDGE_CURVE('',#1924,#1924,#910,.T.);
#2520=EDGE_CURVE('',#1925,#1922,#355,.T.);
#2521=EDGE_CURVE('',#1925,#1926,#911,.T.);
#2522=EDGE_CURVE('',#1781,#1926,#356,.T.);
#2523=EDGE_CURVE('',#1903,#1927,#357,.T.);
#2524=EDGE_CURVE('',#1927,#1928,#358,.T.);
#2525=EDGE_CURVE('',#1928,#1929,#912,.T.);
#2526=EDGE_CURVE('',#1929,#1920,#359,.T.);
#2527=EDGE_CURVE('',#1911,#1930,#360,.T.);
#2528=EDGE_CURVE('',#1930,#1905,#361,.T.);
#2529=EDGE_CURVE('',#1930,#1927,#913,.T.);
#2530=EDGE_CURVE('',#1924,#1931,#362,.T.);
#2531=EDGE_CURVE('',#1931,#1931,#914,.T.);
#2532=EDGE_CURVE('',#1932,#1932,#915,.T.);
#2533=EDGE_CURVE('',#1749,#1933,#1577,.F.);
#2534=EDGE_CURVE('',#1933,#1784,#916,.T.);
#2535=EDGE_CURVE('',#1934,#1785,#917,.T.);
#2536=EDGE_CURVE('',#1933,#1934,#1578,.T.);
#2537=EDGE_CURVE('',#1786,#1934,#1579,.T.);
#2538=EDGE_CURVE('',#1755,#1935,#1580,.T.);
#2539=EDGE_CURVE('',#1933,#1935,#1581,.T.);
#2540=EDGE_CURVE('',#1760,#1936,#363,.T.);
#2541=EDGE_CURVE('',#1936,#1937,#1582,.T.);
#2542=EDGE_CURVE('',#1937,#1938,#114,.T.);
#2543=EDGE_CURVE('',#1938,#1935,#364,.T.);
#2544=EDGE_CURVE('',#1935,#1877,#1583,.T.);
#2545=EDGE_CURVE('',#1878,#1938,#918,.T.);
#2546=EDGE_CURVE('',#1910,#1937,#1584,.T.);
#2547=EDGE_CURVE('',#1939,#1936,#919,.T.);
#2548=EDGE_CURVE('',#1911,#1939,#920,.T.);
#2549=EDGE_CURVE('',#1930,#1940,#921,.T.);
#2550=EDGE_CURVE('',#1940,#1939,#365,.T.);
#2551=EDGE_CURVE('',#1927,#1941,#922,.T.);
#2552=EDGE_CURVE('',#1941,#1940,#923,.T.);
#2553=EDGE_CURVE('',#1928,#1942,#924,.T.);
#2554=EDGE_CURVE('',#1942,#1941,#366,.T.);
#2555=EDGE_CURVE('',#1929,#1943,#925,.T.);
#2556=EDGE_CURVE('',#1943,#1942,#926,.T.);
#2557=EDGE_CURVE('',#1921,#1943,#367,.T.);
#2558=EDGE_CURVE('',#1926,#1942,#368,.T.);
#2559=EDGE_CURVE('',#1943,#1925,#369,.T.);
#2560=EDGE_CURVE('',#1932,#1605,#370,.T.);
#2561=ORIENTED_EDGE('',*,*,#1944,.F.);
#2562=ORIENTED_EDGE('',*,*,#1945,.T.);
#2563=ORIENTED_EDGE('',*,*,#1946,.F.);
#2564=ORIENTED_EDGE('',*,*,#1947,.F.);
#2565=ORIENTED_EDGE('',*,*,#1948,.F.);
#2566=ORIENTED_EDGE('',*,*,#1947,.T.);
#2567=ORIENTED_EDGE('',*,*,#1949,.T.);
#2568=ORIENTED_EDGE('',*,*,#1950,.T.);
#2569=ORIENTED_EDGE('',*,*,#1951,.F.);
#2570=ORIENTED_EDGE('',*,*,#1952,.F.);
#2571=ORIENTED_EDGE('',*,*,#1953,.F.);
#2572=ORIENTED_EDGE('',*,*,#1954,.F.);
#2573=ORIENTED_EDGE('',*,*,#1955,.F.);
#2574=ORIENTED_EDGE('',*,*,#1956,.F.);
#2575=ORIENTED_EDGE('',*,*,#1951,.T.);
#2576=ORIENTED_EDGE('',*,*,#1957,.F.);
#2577=ORIENTED_EDGE('',*,*,#1958,.F.);
#2578=ORIENTED_EDGE('',*,*,#1959,.F.);
#2579=ORIENTED_EDGE('',*,*,#1953,.T.);
#2580=ORIENTED_EDGE('',*,*,#1960,.F.);
#2581=ORIENTED_EDGE('',*,*,#1961,.F.);
#2582=ORIENTED_EDGE('',*,*,#1962,.F.);
#2583=ORIENTED_EDGE('',*,*,#1963,.F.);
#2584=ORIENTED_EDGE('',*,*,#1964,.F.);
#2585=ORIENTED_EDGE('',*,*,#1965,.F.);
#2586=ORIENTED_EDGE('',*,*,#1966,.F.);
#2587=ORIENTED_EDGE('',*,*,#1963,.T.);
#2588=ORIENTED_EDGE('',*,*,#1967,.F.);
#2589=ORIENTED_EDGE('',*,*,#1968,.F.);
#2590=ORIENTED_EDGE('',*,*,#1969,.F.);
#2591=ORIENTED_EDGE('',*,*,#1965,.T.);
#2592=ORIENTED_EDGE('',*,*,#1970,.F.);
#2593=ORIENTED_EDGE('',*,*,#1961,.T.);
#2594=ORIENTED_EDGE('',*,*,#1955,.T.);
#2595=ORIENTED_EDGE('',*,*,#1971,.F.);
#2596=ORIENTED_EDGE('',*,*,#1958,.T.);
#2597=ORIENTED_EDGE('',*,*,#1968,.T.);
#2598=ORIENTED_EDGE('',*,*,#1972,.F.);
#2599=ORIENTED_EDGE('',*,*,#1952,.T.);
#2600=ORIENTED_EDGE('',*,*,#1973,.F.);
#2601=ORIENTED_EDGE('',*,*,#1974,.T.);
#2602=ORIENTED_EDGE('',*,*,#1975,.F.);
#2603=ORIENTED_EDGE('',*,*,#1971,.T.);
#2604=ORIENTED_EDGE('',*,*,#1976,.F.);
#2605=ORIENTED_EDGE('',*,*,#1977,.F.);
#2606=ORIENTED_EDGE('',*,*,#1978,.F.);
#2607=ORIENTED_EDGE('',*,*,#1966,.T.);
#2608=ORIENTED_EDGE('',*,*,#1979,.T.);
#2609=ORIENTED_EDGE('',*,*,#1980,.T.);
#2610=ORIENTED_EDGE('',*,*,#1981,.F.);
#2611=ORIENTED_EDGE('',*,*,#1972,.T.);
#2612=ORIENTED_EDGE('',*,*,#1982,.F.);
#2613=ORIENTED_EDGE('',*,*,#1983,.T.);
#2614=ORIENTED_EDGE('',*,*,#1984,.F.);
#2615=ORIENTED_EDGE('',*,*,#1985,.F.);
#2616=ORIENTED_EDGE('',*,*,#1986,.F.);
#2617=ORIENTED_EDGE('',*,*,#1987,.F.);
#2618=ORIENTED_EDGE('',*,*,#1988,.F.);
#2619=ORIENTED_EDGE('',*,*,#1989,.F.);
#2620=ORIENTED_EDGE('',*,*,#1990,.F.);
#2621=ORIENTED_EDGE('',*,*,#1985,.T.);
#2622=ORIENTED_EDGE('',*,*,#1991,.F.);
#2623=ORIENTED_EDGE('',*,*,#1983,.F.);
#2624=ORIENTED_EDGE('',*,*,#1992,.F.);
#2625=ORIENTED_EDGE('',*,*,#1989,.T.);
#2626=ORIENTED_EDGE('',*,*,#1993,.F.);
#2627=ORIENTED_EDGE('',*,*,#1994,.F.);
#2628=ORIENTED_EDGE('',*,*,#1995,.F.);
#2629=ORIENTED_EDGE('',*,*,#1977,.T.);
#2630=ORIENTED_EDGE('',*,*,#1996,.F.);
#2631=ORIENTED_EDGE('',*,*,#1997,.F.);
#2632=ORIENTED_EDGE('',*,*,#1998,.F.);
#2633=ORIENTED_EDGE('',*,*,#1994,.T.);
#2634=ORIENTED_EDGE('',*,*,#1999,.F.);
#2635=ORIENTED_EDGE('',*,*,#1997,.T.);
#2636=ORIENTED_EDGE('',*,*,#2000,.F.);
#2637=ORIENTED_EDGE('',*,*,#2001,.F.);
#2638=ORIENTED_EDGE('',*,*,#2002,.F.);
#2639=ORIENTED_EDGE('',*,*,#1987,.T.);
#2640=ORIENTED_EDGE('',*,*,#2003,.F.);
#2641=ORIENTED_EDGE('',*,*,#2001,.T.);
#2642=ORIENTED_EDGE('',*,*,#2004,.F.);
#2643=ORIENTED_EDGE('',*,*,#1970,.T.);
#2644=ORIENTED_EDGE('',*,*,#1967,.T.);
#2645=ORIENTED_EDGE('',*,*,#1962,.T.);
#2646=ORIENTED_EDGE('',*,*,#1978,.T.);
#2647=ORIENTED_EDGE('',*,*,#1995,.T.);
#2648=ORIENTED_EDGE('',*,*,#1998,.T.);
#2649=ORIENTED_EDGE('',*,*,#2005,.T.);
#2650=ORIENTED_EDGE('',*,*,#2003,.T.);
#2651=ORIENTED_EDGE('',*,*,#2006,.T.);
#2652=ORIENTED_EDGE('',*,*,#1990,.T.);
#2653=ORIENTED_EDGE('',*,*,#1992,.T.);
#2654=ORIENTED_EDGE('',*,*,#1982,.T.);
#2655=ORIENTED_EDGE('',*,*,#1986,.T.);
#2656=ORIENTED_EDGE('',*,*,#2006,.F.);
#2657=ORIENTED_EDGE('',*,*,#1999,.T.);
#2658=ORIENTED_EDGE('',*,*,#2007,.T.);
#2659=ORIENTED_EDGE('',*,*,#2008,.T.);
#2660=ORIENTED_EDGE('',*,*,#2009,.F.);
#2661=ORIENTED_EDGE('',*,*,#2010,.F.);
#2662=ORIENTED_EDGE('',*,*,#2011,.T.);
#2663=ORIENTED_EDGE('',*,*,#2012,.T.);
#2664=ORIENTED_EDGE('',*,*,#2013,.T.);
#2665=ORIENTED_EDGE('',*,*,#2014,.T.);
#2666=ORIENTED_EDGE('',*,*,#2015,.T.);
#2667=ORIENTED_EDGE('',*,*,#2016,.T.);
#2668=ORIENTED_EDGE('',*,*,#2017,.T.);
#2669=ORIENTED_EDGE('',*,*,#2018,.T.);
#2670=ORIENTED_EDGE('',*,*,#2019,.T.);
#2671=ORIENTED_EDGE('',*,*,#1991,.T.);
#2672=ORIENTED_EDGE('',*,*,#1988,.T.);
#2673=ORIENTED_EDGE('',*,*,#2004,.T.);
#2674=ORIENTED_EDGE('',*,*,#2000,.T.);
#2675=ORIENTED_EDGE('',*,*,#2002,.T.);
#2676=ORIENTED_EDGE('',*,*,#2005,.F.);
#2677=ORIENTED_EDGE('',*,*,#1996,.T.);
#2678=ORIENTED_EDGE('',*,*,#2020,.F.);
#2679=ORIENTED_EDGE('',*,*,#2021,.F.);
#2680=ORIENTED_EDGE('',*,*,#2007,.F.);
#2681=ORIENTED_EDGE('',*,*,#1993,.T.);
#2682=ORIENTED_EDGE('',*,*,#2019,.F.);
#2683=ORIENTED_EDGE('',*,*,#2022,.F.);
#2684=ORIENTED_EDGE('',*,*,#2023,.F.);
#2685=ORIENTED_EDGE('',*,*,#2024,.T.);
#2686=ORIENTED_EDGE('',*,*,#2025,.F.);
#2687=ORIENTED_EDGE('',*,*,#2026,.T.);
#2688=ORIENTED_EDGE('',*,*,#2027,.T.);
#2689=ORIENTED_EDGE('',*,*,#2017,.F.);
#2690=ORIENTED_EDGE('',*,*,#2028,.F.);
#2691=ORIENTED_EDGE('',*,*,#2009,.T.);
#2692=ORIENTED_EDGE('',*,*,#2029,.F.);
#2693=ORIENTED_EDGE('',*,*,#2030,.T.);
#2694=ORIENTED_EDGE('',*,*,#2031,.F.);
#2695=ORIENTED_EDGE('',*,*,#2028,.T.);
#2696=ORIENTED_EDGE('',*,*,#2032,.T.);
#2697=ORIENTED_EDGE('',*,*,#2033,.T.);
#2698=ORIENTED_EDGE('',*,*,#2034,.T.);
#2699=ORIENTED_EDGE('',*,*,#2010,.T.);
#2700=ORIENTED_EDGE('',*,*,#2035,.F.);
#2701=ORIENTED_EDGE('',*,*,#2036,.F.);
#2702=ORIENTED_EDGE('',*,*,#2037,.F.);
#2703=ORIENTED_EDGE('',*,*,#2038,.F.);
#2704=ORIENTED_EDGE('',*,*,#2039,.F.);
#2705=ORIENTED_EDGE('',*,*,#2040,.F.);
#2706=ORIENTED_EDGE('',*,*,#2041,.F.);
#2707=ORIENTED_EDGE('',*,*,#2035,.T.);
#2708=ORIENTED_EDGE('',*,*,#2042,.F.);
#2709=ORIENTED_EDGE('',*,*,#2043,.F.);
#2710=ORIENTED_EDGE('',*,*,#2044,.F.);
#2711=ORIENTED_EDGE('',*,*,#2045,.F.);
#2712=ORIENTED_EDGE('',*,*,#2046,.F.);
#2713=ORIENTED_EDGE('',*,*,#2040,.T.);
#2714=ORIENTED_EDGE('',*,*,#2047,.F.);
#2715=ORIENTED_EDGE('',*,*,#2043,.T.);
#2716=ORIENTED_EDGE('',*,*,#2048,.F.);
#2717=ORIENTED_EDGE('',*,*,#2049,.F.);
#2718=ORIENTED_EDGE('',*,*,#2045,.T.);
#2719=ORIENTED_EDGE('',*,*,#2050,.F.);
#2720=ORIENTED_EDGE('',*,*,#2037,.T.);
#2721=ORIENTED_EDGE('',*,*,#2051,.F.);
#2722=ORIENTED_EDGE('',*,*,#2048,.T.);
#2723=ORIENTED_EDGE('',*,*,#2052,.F.);
#2724=ORIENTED_EDGE('',*,*,#2039,.T.);
#2725=ORIENTED_EDGE('',*,*,#2053,.T.);
#2726=ORIENTED_EDGE('',*,*,#2054,.T.);
#2727=ORIENTED_EDGE('',*,*,#2055,.F.);
#2728=ORIENTED_EDGE('',*,*,#2047,.T.);
#2729=ORIENTED_EDGE('',*,*,#2055,.T.);
#2730=ORIENTED_EDGE('',*,*,#2056,.T.);
#2731=ORIENTED_EDGE('',*,*,#2057,.F.);
#2732=ORIENTED_EDGE('',*,*,#2044,.T.);
#2733=ORIENTED_EDGE('',*,*,#2057,.T.);
#2734=ORIENTED_EDGE('',*,*,#2058,.T.);
#2735=ORIENTED_EDGE('',*,*,#2059,.T.);
#2736=ORIENTED_EDGE('',*,*,#2042,.T.);
#2737=ORIENTED_EDGE('',*,*,#2049,.T.);
#2738=ORIENTED_EDGE('',*,*,#2051,.T.);
#2739=ORIENTED_EDGE('',*,*,#2036,.T.);
#2740=ORIENTED_EDGE('',*,*,#2041,.T.);
#2741=ORIENTED_EDGE('',*,*,#2046,.T.);
#2742=ORIENTED_EDGE('',*,*,#2060,.T.);
#2743=ORIENTED_EDGE('',*,*,#2061,.F.);
#2744=ORIENTED_EDGE('',*,*,#2062,.F.);
#2745=ORIENTED_EDGE('',*,*,#2063,.F.);
#2746=ORIENTED_EDGE('',*,*,#2013,.F.);
#2747=ORIENTED_EDGE('',*,*,#2064,.F.);
#2748=ORIENTED_EDGE('',*,*,#2065,.F.);
#2749=ORIENTED_EDGE('',*,*,#2066,.F.);
#2750=ORIENTED_EDGE('',*,*,#2067,.F.);
#2751=ORIENTED_EDGE('',*,*,#2058,.F.);
#2752=ORIENTED_EDGE('',*,*,#2068,.F.);
#2753=ORIENTED_EDGE('',*,*,#2069,.F.);
#2754=ORIENTED_EDGE('',*,*,#2066,.T.);
#2755=ORIENTED_EDGE('',*,*,#2070,.F.);
#2756=ORIENTED_EDGE('',*,*,#2068,.T.);
#2757=ORIENTED_EDGE('',*,*,#2056,.F.);
#2758=ORIENTED_EDGE('',*,*,#2071,.F.);
#2759=ORIENTED_EDGE('',*,*,#2072,.F.);
#2760=ORIENTED_EDGE('',*,*,#2071,.T.);
#2761=ORIENTED_EDGE('',*,*,#2054,.F.);
#2762=ORIENTED_EDGE('',*,*,#2073,.F.);
#2763=ORIENTED_EDGE('',*,*,#2074,.F.);
#2764=ORIENTED_EDGE('',*,*,#2075,.F.);
#2765=ORIENTED_EDGE('',*,*,#2073,.T.);
#2766=ORIENTED_EDGE('',*,*,#2076,.F.);
#2767=ORIENTED_EDGE('',*,*,#2074,.T.);
#2768=ORIENTED_EDGE('',*,*,#2077,.F.);
#2769=ORIENTED_EDGE('',*,*,#2061,.T.);
#2770=ORIENTED_EDGE('',*,*,#2012,.F.);
#2771=ORIENTED_EDGE('',*,*,#2064,.T.);
#2772=ORIENTED_EDGE('',*,*,#2014,.F.);
#2773=ORIENTED_EDGE('',*,*,#2063,.T.);
#2774=ORIENTED_EDGE('',*,*,#2078,.F.);
#2775=ORIENTED_EDGE('',*,*,#2075,.T.);
#2776=ORIENTED_EDGE('',*,*,#2011,.F.);
#2777=ORIENTED_EDGE('',*,*,#2034,.F.);
#2778=ORIENTED_EDGE('',*,*,#2079,.T.);
#2779=ORIENTED_EDGE('',*,*,#2080,.T.);
#2780=ORIENTED_EDGE('',*,*,#2081,.T.);
#2781=ORIENTED_EDGE('',*,*,#2082,.T.);
#2782=ORIENTED_EDGE('',*,*,#2015,.F.);
#2783=ORIENTED_EDGE('',*,*,#2067,.T.);
#2784=ORIENTED_EDGE('',*,*,#2069,.T.);
#2785=ORIENTED_EDGE('',*,*,#2070,.T.);
#2786=ORIENTED_EDGE('',*,*,#2072,.T.);
#2787=ORIENTED_EDGE('',*,*,#2038,.T.);
#2788=ORIENTED_EDGE('',*,*,#2083,.F.);
#2789=ORIENTED_EDGE('',*,*,#2077,.T.);
#2790=ORIENTED_EDGE('',*,*,#2076,.T.);
#2791=ORIENTED_EDGE('',*,*,#2053,.F.);
#2792=ORIENTED_EDGE('',*,*,#2052,.T.);
#2793=ORIENTED_EDGE('',*,*,#2084,.T.);
#2794=ORIENTED_EDGE('',*,*,#2062,.T.);
#2795=ORIENTED_EDGE('',*,*,#2083,.T.);
#2796=ORIENTED_EDGE('',*,*,#2050,.T.);
#2797=ORIENTED_EDGE('',*,*,#2059,.F.);
#2798=ORIENTED_EDGE('',*,*,#2065,.T.);
#2799=ORIENTED_EDGE('',*,*,#2078,.T.);
#2800=ORIENTED_EDGE('',*,*,#2084,.F.);
#2801=ORIENTED_EDGE('',*,*,#2027,.F.);
#2802=ORIENTED_EDGE('',*,*,#2085,.F.);
#2803=ORIENTED_EDGE('',*,*,#2086,.F.);
#2804=ORIENTED_EDGE('',*,*,#2018,.F.);
#2805=ORIENTED_EDGE('',*,*,#2029,.T.);
#2806=ORIENTED_EDGE('',*,*,#2008,.F.);
#2807=ORIENTED_EDGE('',*,*,#2087,.F.);
#2808=ORIENTED_EDGE('',*,*,#2088,.F.);
#2809=ORIENTED_EDGE('',*,*,#2021,.T.);
#2810=ORIENTED_EDGE('',*,*,#2089,.F.);
#2811=ORIENTED_EDGE('',*,*,#2087,.T.);
#2812=ORIENTED_EDGE('',*,*,#2022,.T.);
#2813=ORIENTED_EDGE('',*,*,#2086,.T.);
#2814=ORIENTED_EDGE('',*,*,#2090,.F.);
#2815=ORIENTED_EDGE('',*,*,#2026,.F.);
#2816=ORIENTED_EDGE('',*,*,#2091,.T.);
#2817=ORIENTED_EDGE('',*,*,#2092,.T.);
#2818=ORIENTED_EDGE('',*,*,#2093,.T.);
#2819=ORIENTED_EDGE('',*,*,#2094,.F.);
#2820=ORIENTED_EDGE('',*,*,#2095,.F.);
#2821=ORIENTED_EDGE('',*,*,#2096,.T.);
#2822=ORIENTED_EDGE('',*,*,#2085,.T.);
#2823=ORIENTED_EDGE('',*,*,#2090,.T.);
#2824=ORIENTED_EDGE('',*,*,#2096,.F.);
#2825=ORIENTED_EDGE('',*,*,#2097,.T.);
#2826=ORIENTED_EDGE('',*,*,#2098,.F.);
#2827=ORIENTED_EDGE('',*,*,#2099,.T.);
#2828=ORIENTED_EDGE('',*,*,#2100,.T.);
#2829=ORIENTED_EDGE('',*,*,#2092,.F.);
#2830=ORIENTED_EDGE('',*,*,#2101,.T.);
#2831=ORIENTED_EDGE('',*,*,#2025,.T.);
#2832=ORIENTED_EDGE('',*,*,#2102,.F.);
#2833=ORIENTED_EDGE('',*,*,#2101,.F.);
#2834=ORIENTED_EDGE('',*,*,#2091,.F.);
#2835=ORIENTED_EDGE('',*,*,#2103,.F.);
#2836=ORIENTED_EDGE('',*,*,#2104,.F.);
#2837=ORIENTED_EDGE('',*,*,#2105,.F.);
#2838=ORIENTED_EDGE('',*,*,#2106,.F.);
#2839=ORIENTED_EDGE('',*,*,#2107,.F.);
#2840=ORIENTED_EDGE('',*,*,#2108,.T.);
#2841=ORIENTED_EDGE('',*,*,#2109,.T.);
#2842=ORIENTED_EDGE('',*,*,#2110,.T.);
#2843=ORIENTED_EDGE('',*,*,#2031,.T.);
#2844=ORIENTED_EDGE('',*,*,#2111,.F.);
#2845=ORIENTED_EDGE('',*,*,#2110,.F.);
#2846=ORIENTED_EDGE('',*,*,#2032,.F.);
#2847=ORIENTED_EDGE('',*,*,#2112,.F.);
#2848=ORIENTED_EDGE('',*,*,#2033,.F.);
#2849=ORIENTED_EDGE('',*,*,#2109,.F.);
#2850=ORIENTED_EDGE('',*,*,#2113,.F.);
#2851=ORIENTED_EDGE('',*,*,#2114,.F.);
#2852=ORIENTED_EDGE('',*,*,#2115,.F.);
#2853=ORIENTED_EDGE('',*,*,#2079,.F.);
#2854=ORIENTED_EDGE('',*,*,#2112,.T.);
#2855=ORIENTED_EDGE('',*,*,#2116,.F.);
#2856=ORIENTED_EDGE('',*,*,#2106,.T.);
#2857=ORIENTED_EDGE('',*,*,#2117,.F.);
#2858=ORIENTED_EDGE('',*,*,#2118,.F.);
#2859=ORIENTED_EDGE('',*,*,#2119,.F.);
#2860=ORIENTED_EDGE('',*,*,#2120,.F.);
#2861=ORIENTED_EDGE('',*,*,#2118,.T.);
#2862=ORIENTED_EDGE('',*,*,#2121,.F.);
#2863=ORIENTED_EDGE('',*,*,#2122,.F.);
#2864=ORIENTED_EDGE('',*,*,#2123,.F.);
#2865=ORIENTED_EDGE('',*,*,#2119,.T.);
#2866=ORIENTED_EDGE('',*,*,#2124,.F.);
#2867=ORIENTED_EDGE('',*,*,#2125,.F.);
#2868=ORIENTED_EDGE('',*,*,#2126,.F.);
#2869=ORIENTED_EDGE('',*,*,#2122,.T.);
#2870=ORIENTED_EDGE('',*,*,#2127,.F.);
#2871=ORIENTED_EDGE('',*,*,#2108,.F.);
#2872=ORIENTED_EDGE('',*,*,#2128,.F.);
#2873=ORIENTED_EDGE('',*,*,#2125,.T.);
#2874=ORIENTED_EDGE('',*,*,#2129,.F.);
#2875=ORIENTED_EDGE('',*,*,#2130,.F.);
#2876=ORIENTED_EDGE('',*,*,#2131,.F.);
#2877=ORIENTED_EDGE('',*,*,#2080,.F.);
#2878=ORIENTED_EDGE('',*,*,#2115,.T.);
#2879=ORIENTED_EDGE('',*,*,#2132,.F.);
#2880=ORIENTED_EDGE('',*,*,#2104,.T.);
#2881=ORIENTED_EDGE('',*,*,#2133,.F.);
#2882=ORIENTED_EDGE('',*,*,#2134,.F.);
#2883=ORIENTED_EDGE('',*,*,#2135,.F.);
#2884=ORIENTED_EDGE('',*,*,#2136,.F.);
#2885=ORIENTED_EDGE('',*,*,#2134,.T.);
#2886=ORIENTED_EDGE('',*,*,#2137,.F.);
#2887=ORIENTED_EDGE('',*,*,#2138,.F.);
#2888=ORIENTED_EDGE('',*,*,#2139,.F.);
#2889=ORIENTED_EDGE('',*,*,#2135,.T.);
#2890=ORIENTED_EDGE('',*,*,#2140,.F.);
#2891=ORIENTED_EDGE('',*,*,#2141,.F.);
#2892=ORIENTED_EDGE('',*,*,#2142,.F.);
#2893=ORIENTED_EDGE('',*,*,#2138,.T.);
#2894=ORIENTED_EDGE('',*,*,#2143,.F.);
#2895=ORIENTED_EDGE('',*,*,#2100,.F.);
#2896=ORIENTED_EDGE('',*,*,#2144,.F.);
#2897=ORIENTED_EDGE('',*,*,#2141,.T.);
#2898=ORIENTED_EDGE('',*,*,#2093,.F.);
#2899=ORIENTED_EDGE('',*,*,#2145,.F.);
#2900=ORIENTED_EDGE('',*,*,#2146,.F.);
#2901=ORIENTED_EDGE('',*,*,#2099,.F.);
#2902=ORIENTED_EDGE('',*,*,#2147,.F.);
#2903=ORIENTED_EDGE('',*,*,#2081,.F.);
#2904=ORIENTED_EDGE('',*,*,#2131,.T.);
#2905=ORIENTED_EDGE('',*,*,#2148,.F.);
#2906=ORIENTED_EDGE('',*,*,#2145,.T.);
#2907=ORIENTED_EDGE('',*,*,#2143,.T.);
#2908=ORIENTED_EDGE('',*,*,#2149,.T.);
#2909=ORIENTED_EDGE('',*,*,#2150,.F.);
#2910=ORIENTED_EDGE('',*,*,#2151,.F.);
#2911=ORIENTED_EDGE('',*,*,#2094,.T.);
#2912=ORIENTED_EDGE('',*,*,#2024,.F.);
#2913=ORIENTED_EDGE('',*,*,#2016,.F.);
#2914=ORIENTED_EDGE('',*,*,#2082,.F.);
#2915=ORIENTED_EDGE('',*,*,#2147,.T.);
#2916=ORIENTED_EDGE('',*,*,#2102,.T.);
#2917=ORIENTED_EDGE('',*,*,#2117,.T.);
#2918=ORIENTED_EDGE('',*,*,#2152,.T.);
#2919=ORIENTED_EDGE('',*,*,#2114,.T.);
#2920=ORIENTED_EDGE('',*,*,#2113,.T.);
#2921=ORIENTED_EDGE('',*,*,#2129,.T.);
#2922=ORIENTED_EDGE('',*,*,#2127,.T.);
#2923=ORIENTED_EDGE('',*,*,#2124,.T.);
#2924=ORIENTED_EDGE('',*,*,#2121,.T.);
#2925=ORIENTED_EDGE('',*,*,#2105,.T.);
#2926=ORIENTED_EDGE('',*,*,#2153,.T.);
#2927=ORIENTED_EDGE('',*,*,#2130,.T.);
#2928=ORIENTED_EDGE('',*,*,#2152,.F.);
#2929=ORIENTED_EDGE('',*,*,#2030,.F.);
#2930=ORIENTED_EDGE('',*,*,#2088,.T.);
#2931=ORIENTED_EDGE('',*,*,#2154,.F.);
#2932=ORIENTED_EDGE('',*,*,#2155,.T.);
#2933=ORIENTED_EDGE('',*,*,#2156,.T.);
#2934=ORIENTED_EDGE('',*,*,#2128,.T.);
#2935=ORIENTED_EDGE('',*,*,#2107,.T.);
#2936=ORIENTED_EDGE('',*,*,#2111,.T.);
#2937=ORIENTED_EDGE('',*,*,#2089,.T.);
#2938=ORIENTED_EDGE('',*,*,#2157,.T.);
#2939=ORIENTED_EDGE('',*,*,#2158,.F.);
#2940=ORIENTED_EDGE('',*,*,#2154,.T.);
#2941=ORIENTED_EDGE('',*,*,#2126,.T.);
#2942=ORIENTED_EDGE('',*,*,#2156,.F.);
#2943=ORIENTED_EDGE('',*,*,#2159,.T.);
#2944=ORIENTED_EDGE('',*,*,#2160,.T.);
#2945=ORIENTED_EDGE('',*,*,#2161,.F.);
#2946=ORIENTED_EDGE('',*,*,#2123,.T.);
#2947=ORIENTED_EDGE('',*,*,#2161,.T.);
#2948=ORIENTED_EDGE('',*,*,#2162,.T.);
#2949=ORIENTED_EDGE('',*,*,#2163,.T.);
#2950=ORIENTED_EDGE('',*,*,#2120,.T.);
#2951=ORIENTED_EDGE('',*,*,#2163,.F.);
#2952=ORIENTED_EDGE('',*,*,#2164,.T.);
#2953=ORIENTED_EDGE('',*,*,#2165,.F.);
#2954=ORIENTED_EDGE('',*,*,#2166,.T.);
#2955=ORIENTED_EDGE('',*,*,#2167,.T.);
#2956=ORIENTED_EDGE('',*,*,#1949,.F.);
#2957=ORIENTED_EDGE('',*,*,#2168,.T.);
#2958=ORIENTED_EDGE('',*,*,#2166,.F.);
#2959=ORIENTED_EDGE('',*,*,#2169,.F.);
#2960=ORIENTED_EDGE('',*,*,#2170,.T.);
#2961=ORIENTED_EDGE('',*,*,#2171,.T.);
#2962=ORIENTED_EDGE('',*,*,#2158,.T.);
#2963=ORIENTED_EDGE('',*,*,#2172,.T.);
#2964=ORIENTED_EDGE('',*,*,#2169,.T.);
#2965=ORIENTED_EDGE('',*,*,#2168,.F.);
#2966=ORIENTED_EDGE('',*,*,#1946,.T.);
#2967=ORIENTED_EDGE('',*,*,#2171,.F.);
#2968=ORIENTED_EDGE('',*,*,#2173,.F.);
#2969=ORIENTED_EDGE('',*,*,#2174,.F.);
#2970=ORIENTED_EDGE('',*,*,#2155,.F.);
#2971=ORIENTED_EDGE('',*,*,#2175,.F.);
#2972=ORIENTED_EDGE('',*,*,#2176,.F.);
#2973=ORIENTED_EDGE('',*,*,#2159,.F.);
#2974=ORIENTED_EDGE('',*,*,#2174,.T.);
#2975=ORIENTED_EDGE('',*,*,#2160,.F.);
#2976=ORIENTED_EDGE('',*,*,#2176,.T.);
#2977=ORIENTED_EDGE('',*,*,#2177,.F.);
#2978=ORIENTED_EDGE('',*,*,#2178,.F.);
#2979=ORIENTED_EDGE('',*,*,#2179,.F.);
#2980=ORIENTED_EDGE('',*,*,#2180,.F.);
#2981=ORIENTED_EDGE('',*,*,#2162,.F.);
#2982=ORIENTED_EDGE('',*,*,#2179,.T.);
#2983=ORIENTED_EDGE('',*,*,#2181,.F.);
#2984=ORIENTED_EDGE('',*,*,#2182,.F.);
#2985=ORIENTED_EDGE('',*,*,#2164,.F.);
#2986=ORIENTED_EDGE('',*,*,#2180,.T.);
#2987=ORIENTED_EDGE('',*,*,#2183,.F.);
#2988=ORIENTED_EDGE('',*,*,#2184,.F.);
#2989=ORIENTED_EDGE('',*,*,#2185,.F.);
#2990=ORIENTED_EDGE('',*,*,#2182,.T.);
#2991=ORIENTED_EDGE('',*,*,#2186,.F.);
#2992=ORIENTED_EDGE('',*,*,#2187,.F.);
#2993=ORIENTED_EDGE('',*,*,#2188,.F.);
#2994=ORIENTED_EDGE('',*,*,#2184,.T.);
#2995=ORIENTED_EDGE('',*,*,#2189,.F.);
#2996=ORIENTED_EDGE('',*,*,#2189,.T.);
#2997=ORIENTED_EDGE('',*,*,#2190,.F.);
#2998=ORIENTED_EDGE('',*,*,#2191,.F.);
#2999=ORIENTED_EDGE('',*,*,#2192,.F.);
#3000=ORIENTED_EDGE('',*,*,#2193,.F.);
#3001=ORIENTED_EDGE('',*,*,#2194,.T.);
#3002=ORIENTED_EDGE('',*,*,#2060,.F.);
#3003=ORIENTED_EDGE('',*,*,#2194,.F.);
#3004=ORIENTED_EDGE('',*,*,#2195,.F.);
#3005=ORIENTED_EDGE('',*,*,#2196,.F.);
#3006=ORIENTED_EDGE('',*,*,#2197,.F.);
#3007=ORIENTED_EDGE('',*,*,#2198,.T.);
#3008=ORIENTED_EDGE('',*,*,#2132,.T.);
#3009=ORIENTED_EDGE('',*,*,#2136,.T.);
#3010=ORIENTED_EDGE('',*,*,#2139,.T.);
#3011=ORIENTED_EDGE('',*,*,#2142,.T.);
#3012=ORIENTED_EDGE('',*,*,#2144,.T.);
#3013=ORIENTED_EDGE('',*,*,#2146,.T.);
#3014=ORIENTED_EDGE('',*,*,#2148,.T.);
#3015=ORIENTED_EDGE('',*,*,#2153,.F.);
#3016=ORIENTED_EDGE('',*,*,#2199,.T.);
#3017=ORIENTED_EDGE('',*,*,#2191,.T.);
#3018=ORIENTED_EDGE('',*,*,#2200,.F.);
#3019=ORIENTED_EDGE('',*,*,#2201,.F.);
#3020=ORIENTED_EDGE('',*,*,#2202,.T.);
#3021=ORIENTED_EDGE('',*,*,#2203,.F.);
#3022=ORIENTED_EDGE('',*,*,#2193,.T.);
#3023=ORIENTED_EDGE('',*,*,#2133,.T.);
#3024=ORIENTED_EDGE('',*,*,#2103,.T.);
#3025=ORIENTED_EDGE('',*,*,#2116,.T.);
#3026=ORIENTED_EDGE('',*,*,#2165,.T.);
#3027=ORIENTED_EDGE('',*,*,#2185,.T.);
#3028=ORIENTED_EDGE('',*,*,#2188,.T.);
#3029=ORIENTED_EDGE('',*,*,#2204,.F.);
#3030=ORIENTED_EDGE('',*,*,#2205,.F.);
#3031=ORIENTED_EDGE('',*,*,#2206,.F.);
#3032=ORIENTED_EDGE('',*,*,#2207,.F.);
#3033=ORIENTED_EDGE('',*,*,#2140,.T.);
#3034=ORIENTED_EDGE('',*,*,#2208,.F.);
#3035=ORIENTED_EDGE('',*,*,#2209,.F.);
#3036=ORIENTED_EDGE('',*,*,#2149,.F.);
#3037=ORIENTED_EDGE('',*,*,#2137,.T.);
#3038=ORIENTED_EDGE('',*,*,#2207,.T.);
#3039=ORIENTED_EDGE('',*,*,#2210,.F.);
#3040=ORIENTED_EDGE('',*,*,#2208,.T.);
#3041=ORIENTED_EDGE('',*,*,#2211,.F.);
#3042=ORIENTED_EDGE('',*,*,#2212,.F.);
#3043=ORIENTED_EDGE('',*,*,#2213,.F.);
#3044=ORIENTED_EDGE('',*,*,#2214,.F.);
#3045=ORIENTED_EDGE('',*,*,#2215,.F.);
#3046=ORIENTED_EDGE('',*,*,#2216,.F.);
#3047=ORIENTED_EDGE('',*,*,#2213,.T.);
#3048=ORIENTED_EDGE('',*,*,#2217,.F.);
#3049=ORIENTED_EDGE('',*,*,#2215,.T.);
#3050=ORIENTED_EDGE('',*,*,#2218,.F.);
#3051=ORIENTED_EDGE('',*,*,#2219,.T.);
#3052=ORIENTED_EDGE('',*,*,#2220,.F.);
#3053=ORIENTED_EDGE('',*,*,#2214,.T.);
#3054=ORIENTED_EDGE('',*,*,#2221,.T.);
#3055=ORIENTED_EDGE('',*,*,#2222,.F.);
#3056=ORIENTED_EDGE('',*,*,#2223,.F.);
#3057=ORIENTED_EDGE('',*,*,#2221,.F.);
#3058=ORIENTED_EDGE('',*,*,#2216,.T.);
#3059=ORIENTED_EDGE('',*,*,#2219,.F.);
#3060=ORIENTED_EDGE('',*,*,#2224,.F.);
#3061=ORIENTED_EDGE('',*,*,#2097,.F.);
#3062=ORIENTED_EDGE('',*,*,#2223,.T.);
#3063=ORIENTED_EDGE('',*,*,#2095,.T.);
#3064=ORIENTED_EDGE('',*,*,#2225,.T.);
#3065=ORIENTED_EDGE('',*,*,#2226,.T.);
#3066=ORIENTED_EDGE('',*,*,#2227,.T.);
#3067=ORIENTED_EDGE('',*,*,#2225,.F.);
#3068=ORIENTED_EDGE('',*,*,#2151,.T.);
#3069=ORIENTED_EDGE('',*,*,#2228,.T.);
#3070=ORIENTED_EDGE('',*,*,#2150,.T.);
#3071=ORIENTED_EDGE('',*,*,#2229,.T.);
#3072=ORIENTED_EDGE('',*,*,#2230,.T.);
#3073=ORIENTED_EDGE('',*,*,#2231,.T.);
#3074=ORIENTED_EDGE('',*,*,#2228,.F.);
#3075=ORIENTED_EDGE('',*,*,#2232,.T.);
#3076=ORIENTED_EDGE('',*,*,#2233,.T.);
#3077=ORIENTED_EDGE('',*,*,#2229,.F.);
#3078=ORIENTED_EDGE('',*,*,#2209,.T.);
#3079=ORIENTED_EDGE('',*,*,#2234,.T.);
#3080=ORIENTED_EDGE('',*,*,#2235,.T.);
#3081=ORIENTED_EDGE('',*,*,#2232,.F.);
#3082=ORIENTED_EDGE('',*,*,#2210,.T.);
#3083=ORIENTED_EDGE('',*,*,#2236,.T.);
#3084=ORIENTED_EDGE('',*,*,#2237,.T.);
#3085=ORIENTED_EDGE('',*,*,#2234,.F.);
#3086=ORIENTED_EDGE('',*,*,#2206,.T.);
#3087=ORIENTED_EDGE('',*,*,#2238,.T.);
#3088=ORIENTED_EDGE('',*,*,#2239,.T.);
#3089=ORIENTED_EDGE('',*,*,#2236,.F.);
#3090=ORIENTED_EDGE('',*,*,#2205,.T.);
#3091=ORIENTED_EDGE('',*,*,#2204,.T.);
#3092=ORIENTED_EDGE('',*,*,#2187,.T.);
#3093=ORIENTED_EDGE('',*,*,#2240,.T.);
#3094=ORIENTED_EDGE('',*,*,#2238,.F.);
#3095=ORIENTED_EDGE('',*,*,#2239,.F.);
#3096=ORIENTED_EDGE('',*,*,#2241,.T.);
#3097=ORIENTED_EDGE('',*,*,#2203,.T.);
#3098=ORIENTED_EDGE('',*,*,#2242,.T.);
#3099=ORIENTED_EDGE('',*,*,#2240,.F.);
#3100=ORIENTED_EDGE('',*,*,#2192,.T.);
#3101=ORIENTED_EDGE('',*,*,#2199,.F.);
#3102=ORIENTED_EDGE('',*,*,#2241,.F.);
#3103=ORIENTED_EDGE('',*,*,#2243,.F.);
#3104=ORIENTED_EDGE('',*,*,#2244,.T.);
#3105=ORIENTED_EDGE('',*,*,#2245,.F.);
#3106=ORIENTED_EDGE('',*,*,#2246,.T.);
#3107=ORIENTED_EDGE('',*,*,#2247,.T.);
#3108=ORIENTED_EDGE('',*,*,#2248,.F.);
#3109=ORIENTED_EDGE('',*,*,#2249,.F.);
#3110=ORIENTED_EDGE('',*,*,#2250,.F.);
#3111=ORIENTED_EDGE('',*,*,#2251,.F.);
#3112=ORIENTED_EDGE('',*,*,#2252,.F.);
#3113=ORIENTED_EDGE('',*,*,#2253,.F.);
#3114=ORIENTED_EDGE('',*,*,#2254,.F.);
#3115=ORIENTED_EDGE('',*,*,#2200,.T.);
#3116=ORIENTED_EDGE('',*,*,#2190,.T.);
#3117=ORIENTED_EDGE('',*,*,#2186,.T.);
#3118=ORIENTED_EDGE('',*,*,#2183,.T.);
#3119=ORIENTED_EDGE('',*,*,#2181,.T.);
#3120=ORIENTED_EDGE('',*,*,#2178,.T.);
#3121=ORIENTED_EDGE('',*,*,#2255,.T.);
#3122=ORIENTED_EDGE('',*,*,#2256,.F.);
#3123=ORIENTED_EDGE('',*,*,#2257,.F.);
#3124=ORIENTED_EDGE('',*,*,#2258,.F.);
#3125=ORIENTED_EDGE('',*,*,#2247,.F.);
#3126=ORIENTED_EDGE('',*,*,#2177,.T.);
#3127=ORIENTED_EDGE('',*,*,#2175,.T.);
#3128=ORIENTED_EDGE('',*,*,#2173,.T.);
#3129=ORIENTED_EDGE('',*,*,#1945,.F.);
#3130=ORIENTED_EDGE('',*,*,#1944,.T.);
#3131=ORIENTED_EDGE('',*,*,#2259,.T.);
#3132=ORIENTED_EDGE('',*,*,#2260,.T.);
#3133=ORIENTED_EDGE('',*,*,#2255,.F.);
#3134=ORIENTED_EDGE('',*,*,#1948,.T.);
#3135=ORIENTED_EDGE('',*,*,#2261,.F.);
#3136=ORIENTED_EDGE('',*,*,#2262,.F.);
#3137=ORIENTED_EDGE('',*,*,#2259,.F.);
#3138=ORIENTED_EDGE('',*,*,#2263,.T.);
#3139=ORIENTED_EDGE('',*,*,#2201,.T.);
#3140=ORIENTED_EDGE('',*,*,#2254,.T.);
#3141=ORIENTED_EDGE('',*,*,#2264,.F.);
#3142=ORIENTED_EDGE('',*,*,#2265,.T.);
#3143=ORIENTED_EDGE('',*,*,#2246,.F.);
#3144=ORIENTED_EDGE('',*,*,#2266,.T.);
#3145=ORIENTED_EDGE('',*,*,#2267,.T.);
#3146=ORIENTED_EDGE('',*,*,#1950,.F.);
#3147=ORIENTED_EDGE('',*,*,#2167,.F.);
#3148=ORIENTED_EDGE('',*,*,#2170,.F.);
#3149=ORIENTED_EDGE('',*,*,#2172,.F.);
#3150=ORIENTED_EDGE('',*,*,#2157,.F.);
#3151=ORIENTED_EDGE('',*,*,#2020,.T.);
#3152=ORIENTED_EDGE('',*,*,#1976,.T.);
#3153=ORIENTED_EDGE('',*,*,#1957,.T.);
#3154=ORIENTED_EDGE('',*,*,#1954,.T.);
#3155=ORIENTED_EDGE('',*,*,#1959,.T.);
#3156=ORIENTED_EDGE('',*,*,#1984,.T.);
#3157=ORIENTED_EDGE('',*,*,#2023,.T.);
#3158=ORIENTED_EDGE('',*,*,#2098,.T.);
#3159=ORIENTED_EDGE('',*,*,#2224,.T.);
#3160=ORIENTED_EDGE('',*,*,#2218,.T.);
#3161=ORIENTED_EDGE('',*,*,#2217,.T.);
#3162=ORIENTED_EDGE('',*,*,#2212,.T.);
#3163=ORIENTED_EDGE('',*,*,#2268,.F.);
#3164=ORIENTED_EDGE('',*,*,#2269,.F.);
#3165=ORIENTED_EDGE('',*,*,#2270,.F.);
#3166=ORIENTED_EDGE('',*,*,#2271,.F.);
#3167=ORIENTED_EDGE('',*,*,#2272,.F.);
#3168=ORIENTED_EDGE('',*,*,#2273,.F.);
#3169=ORIENTED_EDGE('',*,*,#2274,.F.);
#3170=ORIENTED_EDGE('',*,*,#2275,.F.);
#3171=ORIENTED_EDGE('',*,*,#2276,.F.);
#3172=ORIENTED_EDGE('',*,*,#2277,.F.);
#3173=ORIENTED_EDGE('',*,*,#2278,.F.);
#3174=ORIENTED_EDGE('',*,*,#2279,.F.);
#3175=ORIENTED_EDGE('',*,*,#2280,.T.);
#3176=ORIENTED_EDGE('',*,*,#2281,.T.);
#3177=ORIENTED_EDGE('',*,*,#2282,.T.);
#3178=ORIENTED_EDGE('',*,*,#2283,.T.);
#3179=ORIENTED_EDGE('',*,*,#2261,.T.);
#3180=ORIENTED_EDGE('',*,*,#2267,.F.);
#3181=ORIENTED_EDGE('',*,*,#2284,.T.);
#3182=ORIENTED_EDGE('',*,*,#2285,.F.);
#3183=ORIENTED_EDGE('',*,*,#2286,.F.);
#3184=ORIENTED_EDGE('',*,*,#2287,.F.);
#3185=ORIENTED_EDGE('',*,*,#2288,.T.);
#3186=ORIENTED_EDGE('',*,*,#1979,.F.);
#3187=ORIENTED_EDGE('',*,*,#1969,.T.);
#3188=ORIENTED_EDGE('',*,*,#1960,.T.);
#3189=ORIENTED_EDGE('',*,*,#1975,.T.);
#3190=ORIENTED_EDGE('',*,*,#2289,.T.);
#3191=ORIENTED_EDGE('',*,*,#2290,.T.);
#3192=ORIENTED_EDGE('',*,*,#2284,.F.);
#3193=ORIENTED_EDGE('',*,*,#2266,.F.);
#3194=ORIENTED_EDGE('',*,*,#2290,.F.);
#3195=ORIENTED_EDGE('',*,*,#2289,.F.);
#3196=ORIENTED_EDGE('',*,*,#2291,.T.);
#3197=ORIENTED_EDGE('',*,*,#2291,.F.);
#3198=ORIENTED_EDGE('',*,*,#2292,.T.);
#3199=ORIENTED_EDGE('',*,*,#2293,.T.);
#3200=ORIENTED_EDGE('',*,*,#2292,.F.);
#3201=ORIENTED_EDGE('',*,*,#2294,.T.);
#3202=ORIENTED_EDGE('',*,*,#2276,.T.);
#3203=ORIENTED_EDGE('',*,*,#2295,.T.);
#3204=ORIENTED_EDGE('',*,*,#2296,.T.);
#3205=ORIENTED_EDGE('',*,*,#2297,.T.);
#3206=ORIENTED_EDGE('',*,*,#2277,.T.);
#3207=ORIENTED_EDGE('',*,*,#2294,.F.);
#3208=ORIENTED_EDGE('',*,*,#2298,.T.);
#3209=ORIENTED_EDGE('',*,*,#2299,.T.);
#3210=ORIENTED_EDGE('',*,*,#2286,.T.);
#3211=ORIENTED_EDGE('',*,*,#2295,.F.);
#3212=ORIENTED_EDGE('',*,*,#2275,.T.);
#3213=ORIENTED_EDGE('',*,*,#2300,.T.);
#3214=ORIENTED_EDGE('',*,*,#2301,.T.);
#3215=ORIENTED_EDGE('',*,*,#2302,.T.);
#3216=ORIENTED_EDGE('',*,*,#2303,.T.);
#3217=ORIENTED_EDGE('',*,*,#2304,.T.);
#3218=ORIENTED_EDGE('',*,*,#2305,.T.);
#3219=ORIENTED_EDGE('',*,*,#2302,.F.);
#3220=ORIENTED_EDGE('',*,*,#2306,.T.);
#3221=ORIENTED_EDGE('',*,*,#2307,.T.);
#3222=ORIENTED_EDGE('',*,*,#2308,.T.);
#3223=ORIENTED_EDGE('',*,*,#2304,.F.);
#3224=ORIENTED_EDGE('',*,*,#2287,.T.);
#3225=ORIENTED_EDGE('',*,*,#2300,.F.);
#3226=ORIENTED_EDGE('',*,*,#2309,.T.);
#3227=ORIENTED_EDGE('',*,*,#2297,.F.);
#3228=ORIENTED_EDGE('',*,*,#2299,.F.);
#3229=ORIENTED_EDGE('',*,*,#2310,.T.);
#3230=ORIENTED_EDGE('',*,*,#2307,.F.);
#3231=ORIENTED_EDGE('',*,*,#2311,.F.);
#3232=ORIENTED_EDGE('',*,*,#2301,.F.);
#3233=ORIENTED_EDGE('',*,*,#2298,.F.);
#3234=ORIENTED_EDGE('',*,*,#2312,.F.);
#3235=ORIENTED_EDGE('',*,*,#1973,.T.);
#3236=ORIENTED_EDGE('',*,*,#1956,.T.);
#3237=ORIENTED_EDGE('',*,*,#1964,.T.);
#3238=ORIENTED_EDGE('',*,*,#1981,.T.);
#3239=ORIENTED_EDGE('',*,*,#2296,.F.);
#3240=ORIENTED_EDGE('',*,*,#2285,.T.);
#3241=ORIENTED_EDGE('',*,*,#2313,.F.);
#3242=ORIENTED_EDGE('',*,*,#2312,.T.);
#3243=ORIENTED_EDGE('',*,*,#2309,.F.);
#3244=ORIENTED_EDGE('',*,*,#2314,.T.);
#3245=ORIENTED_EDGE('',*,*,#2315,.T.);
#3246=ORIENTED_EDGE('',*,*,#2278,.T.);
#3247=ORIENTED_EDGE('',*,*,#2306,.F.);
#3248=ORIENTED_EDGE('',*,*,#2311,.T.);
#3249=ORIENTED_EDGE('',*,*,#2316,.F.);
#3250=ORIENTED_EDGE('',*,*,#2288,.F.);
#3251=ORIENTED_EDGE('',*,*,#2310,.F.);
#3252=ORIENTED_EDGE('',*,*,#2274,.T.);
#3253=ORIENTED_EDGE('',*,*,#2317,.F.);
#3254=ORIENTED_EDGE('',*,*,#2318,.T.);
#3255=ORIENTED_EDGE('',*,*,#2316,.T.);
#3256=ORIENTED_EDGE('',*,*,#2319,.T.);
#3257=ORIENTED_EDGE('',*,*,#2320,.F.);
#3258=ORIENTED_EDGE('',*,*,#2319,.F.);
#3259=ORIENTED_EDGE('',*,*,#1980,.F.);
#3260=ORIENTED_EDGE('',*,*,#2321,.T.);
#3261=ORIENTED_EDGE('',*,*,#2322,.T.);
#3262=ORIENTED_EDGE('',*,*,#2323,.T.);
#3263=ORIENTED_EDGE('',*,*,#2324,.T.);
#3264=ORIENTED_EDGE('',*,*,#2325,.T.);
#3265=ORIENTED_EDGE('',*,*,#2326,.T.);
#3266=ORIENTED_EDGE('',*,*,#2321,.F.);
#3267=ORIENTED_EDGE('',*,*,#2327,.T.);
#3268=ORIENTED_EDGE('',*,*,#2317,.T.);
#3269=ORIENTED_EDGE('',*,*,#2328,.T.);
#3270=ORIENTED_EDGE('',*,*,#2325,.F.);
#3271=ORIENTED_EDGE('',*,*,#2329,.T.);
#3272=ORIENTED_EDGE('',*,*,#2330,.T.);
#3273=ORIENTED_EDGE('',*,*,#2331,.T.);
#3274=ORIENTED_EDGE('',*,*,#2315,.F.);
#3275=ORIENTED_EDGE('',*,*,#2332,.T.);
#3276=ORIENTED_EDGE('',*,*,#2333,.T.);
#3277=ORIENTED_EDGE('',*,*,#2334,.T.);
#3278=ORIENTED_EDGE('',*,*,#2330,.F.);
#3279=ORIENTED_EDGE('',*,*,#2335,.T.);
#3280=ORIENTED_EDGE('',*,*,#2333,.F.);
#3281=ORIENTED_EDGE('',*,*,#2336,.T.);
#3282=ORIENTED_EDGE('',*,*,#2337,.T.);
#3283=ORIENTED_EDGE('',*,*,#2338,.T.);
#3284=ORIENTED_EDGE('',*,*,#2323,.F.);
#3285=ORIENTED_EDGE('',*,*,#2339,.T.);
#3286=ORIENTED_EDGE('',*,*,#2337,.F.);
#3287=ORIENTED_EDGE('',*,*,#2340,.T.);
#3288=ORIENTED_EDGE('',*,*,#2308,.F.);
#3289=ORIENTED_EDGE('',*,*,#2318,.F.);
#3290=ORIENTED_EDGE('',*,*,#2329,.F.);
#3291=ORIENTED_EDGE('',*,*,#2327,.F.);
#3292=ORIENTED_EDGE('',*,*,#2341,.F.);
#3293=ORIENTED_EDGE('',*,*,#2340,.F.);
#3294=ORIENTED_EDGE('',*,*,#2342,.F.);
#3295=ORIENTED_EDGE('',*,*,#2335,.F.);
#3296=ORIENTED_EDGE('',*,*,#2332,.F.);
#3297=ORIENTED_EDGE('',*,*,#2314,.F.);
#3298=ORIENTED_EDGE('',*,*,#2303,.F.);
#3299=ORIENTED_EDGE('',*,*,#2305,.F.);
#3300=ORIENTED_EDGE('',*,*,#2324,.F.);
#3301=ORIENTED_EDGE('',*,*,#2341,.T.);
#3302=ORIENTED_EDGE('',*,*,#2334,.F.);
#3303=ORIENTED_EDGE('',*,*,#2338,.F.);
#3304=ORIENTED_EDGE('',*,*,#2339,.F.);
#3305=ORIENTED_EDGE('',*,*,#2322,.F.);
#3306=ORIENTED_EDGE('',*,*,#2326,.F.);
#3307=ORIENTED_EDGE('',*,*,#2343,.F.);
#3308=ORIENTED_EDGE('',*,*,#2344,.F.);
#3309=ORIENTED_EDGE('',*,*,#2345,.F.);
#3310=ORIENTED_EDGE('',*,*,#2346,.F.);
#3311=ORIENTED_EDGE('',*,*,#2347,.F.);
#3312=ORIENTED_EDGE('',*,*,#2348,.F.);
#3313=ORIENTED_EDGE('',*,*,#2349,.F.);
#3314=ORIENTED_EDGE('',*,*,#2350,.F.);
#3315=ORIENTED_EDGE('',*,*,#2351,.F.);
#3316=ORIENTED_EDGE('',*,*,#2352,.T.);
#3317=ORIENTED_EDGE('',*,*,#2353,.T.);
#3318=ORIENTED_EDGE('',*,*,#2354,.F.);
#3319=ORIENTED_EDGE('',*,*,#2355,.F.);
#3320=ORIENTED_EDGE('',*,*,#2336,.F.);
#3321=ORIENTED_EDGE('',*,*,#2342,.T.);
#3322=ORIENTED_EDGE('',*,*,#2331,.F.);
#3323=ORIENTED_EDGE('',*,*,#2355,.T.);
#3324=ORIENTED_EDGE('',*,*,#2356,.T.);
#3325=ORIENTED_EDGE('',*,*,#2279,.T.);
#3326=ORIENTED_EDGE('',*,*,#2328,.F.);
#3327=ORIENTED_EDGE('',*,*,#2273,.T.);
#3328=ORIENTED_EDGE('',*,*,#2357,.T.);
#3329=ORIENTED_EDGE('',*,*,#2343,.T.);
#3330=ORIENTED_EDGE('',*,*,#2358,.F.);
#3331=ORIENTED_EDGE('',*,*,#2345,.T.);
#3332=ORIENTED_EDGE('',*,*,#2359,.F.);
#3333=ORIENTED_EDGE('',*,*,#2360,.F.);
#3334=ORIENTED_EDGE('',*,*,#2361,.T.);
#3335=ORIENTED_EDGE('',*,*,#2362,.T.);
#3336=ORIENTED_EDGE('',*,*,#2363,.T.);
#3337=ORIENTED_EDGE('',*,*,#2364,.F.);
#3338=ORIENTED_EDGE('',*,*,#2365,.T.);
#3339=ORIENTED_EDGE('',*,*,#2353,.F.);
#3340=ORIENTED_EDGE('',*,*,#2362,.F.);
#3341=ORIENTED_EDGE('',*,*,#2352,.F.);
#3342=ORIENTED_EDGE('',*,*,#2366,.F.);
#3343=ORIENTED_EDGE('',*,*,#2367,.F.);
#3344=ORIENTED_EDGE('',*,*,#2368,.F.);
#3345=ORIENTED_EDGE('',*,*,#2196,.T.);
#3346=ORIENTED_EDGE('',*,*,#2369,.F.);
#3347=ORIENTED_EDGE('',*,*,#2320,.T.);
#3348=ORIENTED_EDGE('',*,*,#2244,.F.);
#3349=ORIENTED_EDGE('',*,*,#2370,.T.);
#3350=ORIENTED_EDGE('',*,*,#2371,.T.);
#3351=ORIENTED_EDGE('',*,*,#2198,.F.);
#3352=ORIENTED_EDGE('',*,*,#2372,.T.);
#3353=ORIENTED_EDGE('',*,*,#2373,.T.);
#3354=ORIENTED_EDGE('',*,*,#2374,.T.);
#3355=ORIENTED_EDGE('',*,*,#2375,.T.);
#3356=ORIENTED_EDGE('',*,*,#2376,.T.);
#3357=ORIENTED_EDGE('',*,*,#2372,.F.);
#3358=ORIENTED_EDGE('',*,*,#2377,.T.);
#3359=ORIENTED_EDGE('',*,*,#2378,.T.);
#3360=ORIENTED_EDGE('',*,*,#2379,.T.);
#3361=ORIENTED_EDGE('',*,*,#2380,.T.);
#3362=ORIENTED_EDGE('',*,*,#2381,.T.);
#3363=ORIENTED_EDGE('',*,*,#2382,.T.);
#3364=ORIENTED_EDGE('',*,*,#2383,.T.);
#3365=ORIENTED_EDGE('',*,*,#2382,.F.);
#3366=ORIENTED_EDGE('',*,*,#2384,.T.);
#3367=ORIENTED_EDGE('',*,*,#2378,.F.);
#3368=ORIENTED_EDGE('',*,*,#2385,.T.);
#3369=ORIENTED_EDGE('',*,*,#2386,.T.);
#3370=ORIENTED_EDGE('',*,*,#2380,.F.);
#3371=ORIENTED_EDGE('',*,*,#2387,.T.);
#3372=ORIENTED_EDGE('',*,*,#2374,.F.);
#3373=ORIENTED_EDGE('',*,*,#2388,.T.);
#3374=ORIENTED_EDGE('',*,*,#2385,.F.);
#3375=ORIENTED_EDGE('',*,*,#2389,.T.);
#3376=ORIENTED_EDGE('',*,*,#2376,.F.);
#3377=ORIENTED_EDGE('',*,*,#2390,.T.);
#3378=ORIENTED_EDGE('',*,*,#2391,.F.);
#3379=ORIENTED_EDGE('',*,*,#2392,.F.);
#3380=ORIENTED_EDGE('',*,*,#2384,.F.);
#3381=ORIENTED_EDGE('',*,*,#2393,.T.);
#3382=ORIENTED_EDGE('',*,*,#2394,.F.);
#3383=ORIENTED_EDGE('',*,*,#2390,.F.);
#3384=ORIENTED_EDGE('',*,*,#2381,.F.);
#3385=ORIENTED_EDGE('',*,*,#2395,.F.);
#3386=ORIENTED_EDGE('',*,*,#2396,.F.);
#3387=ORIENTED_EDGE('',*,*,#2393,.F.);
#3388=ORIENTED_EDGE('',*,*,#2379,.F.);
#3389=ORIENTED_EDGE('',*,*,#2383,.F.);
#3390=ORIENTED_EDGE('',*,*,#2377,.F.);
#3391=ORIENTED_EDGE('',*,*,#2375,.F.);
#3392=ORIENTED_EDGE('',*,*,#2389,.F.);
#3393=ORIENTED_EDGE('',*,*,#2387,.F.);
#3394=ORIENTED_EDGE('',*,*,#2397,.F.);
#3395=ORIENTED_EDGE('',*,*,#2398,.T.);
#3396=ORIENTED_EDGE('',*,*,#2349,.T.);
#3397=ORIENTED_EDGE('',*,*,#2399,.T.);
#3398=ORIENTED_EDGE('',*,*,#2400,.T.);
#3399=ORIENTED_EDGE('',*,*,#2401,.T.);
#3400=ORIENTED_EDGE('',*,*,#2402,.T.);
#3401=ORIENTED_EDGE('',*,*,#2403,.T.);
#3402=ORIENTED_EDGE('',*,*,#2404,.T.);
#3403=ORIENTED_EDGE('',*,*,#2396,.T.);
#3404=ORIENTED_EDGE('',*,*,#2403,.F.);
#3405=ORIENTED_EDGE('',*,*,#2405,.T.);
#3406=ORIENTED_EDGE('',*,*,#2406,.T.);
#3407=ORIENTED_EDGE('',*,*,#2407,.T.);
#3408=ORIENTED_EDGE('',*,*,#2408,.T.);
#3409=ORIENTED_EDGE('',*,*,#2394,.T.);
#3410=ORIENTED_EDGE('',*,*,#2406,.F.);
#3411=ORIENTED_EDGE('',*,*,#2409,.T.);
#3412=ORIENTED_EDGE('',*,*,#2410,.T.);
#3413=ORIENTED_EDGE('',*,*,#2391,.T.);
#3414=ORIENTED_EDGE('',*,*,#2408,.F.);
#3415=ORIENTED_EDGE('',*,*,#2411,.T.);
#3416=ORIENTED_EDGE('',*,*,#2412,.T.);
#3417=ORIENTED_EDGE('',*,*,#2410,.F.);
#3418=ORIENTED_EDGE('',*,*,#2413,.T.);
#3419=ORIENTED_EDGE('',*,*,#2411,.F.);
#3420=ORIENTED_EDGE('',*,*,#2350,.T.);
#3421=ORIENTED_EDGE('',*,*,#2398,.F.);
#3422=ORIENTED_EDGE('',*,*,#2414,.T.);
#3423=ORIENTED_EDGE('',*,*,#2401,.F.);
#3424=ORIENTED_EDGE('',*,*,#2415,.T.);
#3425=ORIENTED_EDGE('',*,*,#2399,.F.);
#3426=ORIENTED_EDGE('',*,*,#2348,.T.);
#3427=ORIENTED_EDGE('',*,*,#2413,.F.);
#3428=ORIENTED_EDGE('',*,*,#2409,.F.);
#3429=ORIENTED_EDGE('',*,*,#2407,.F.);
#3430=ORIENTED_EDGE('',*,*,#2405,.F.);
#3431=ORIENTED_EDGE('',*,*,#2402,.F.);
#3432=ORIENTED_EDGE('',*,*,#2347,.T.);
#3433=ORIENTED_EDGE('',*,*,#2416,.F.);
#3434=ORIENTED_EDGE('',*,*,#2417,.F.);
#3435=ORIENTED_EDGE('',*,*,#2418,.F.);
#3436=ORIENTED_EDGE('',*,*,#2419,.F.);
#3437=ORIENTED_EDGE('',*,*,#2366,.T.);
#3438=ORIENTED_EDGE('',*,*,#2351,.T.);
#3439=ORIENTED_EDGE('',*,*,#2373,.F.);
#3440=ORIENTED_EDGE('',*,*,#2392,.T.);
#3441=ORIENTED_EDGE('',*,*,#2412,.F.);
#3442=ORIENTED_EDGE('',*,*,#2414,.F.);
#3443=ORIENTED_EDGE('',*,*,#2420,.T.);
#3444=ORIENTED_EDGE('',*,*,#2388,.F.);
#3445=ORIENTED_EDGE('',*,*,#2420,.F.);
#3446=ORIENTED_EDGE('',*,*,#2400,.F.);
#3447=ORIENTED_EDGE('',*,*,#2421,.F.);
#3448=ORIENTED_EDGE('',*,*,#2386,.F.);
#3449=ORIENTED_EDGE('',*,*,#2421,.T.);
#3450=ORIENTED_EDGE('',*,*,#2415,.F.);
#3451=ORIENTED_EDGE('',*,*,#2404,.F.);
#3452=ORIENTED_EDGE('',*,*,#2395,.T.);
#3453=ORIENTED_EDGE('',*,*,#2359,.T.);
#3454=ORIENTED_EDGE('',*,*,#2344,.T.);
#3455=ORIENTED_EDGE('',*,*,#2422,.T.);
#3456=ORIENTED_EDGE('',*,*,#2423,.T.);
#3457=ORIENTED_EDGE('',*,*,#2365,.F.);
#3458=ORIENTED_EDGE('',*,*,#2424,.T.);
#3459=ORIENTED_EDGE('',*,*,#2425,.T.);
#3460=ORIENTED_EDGE('',*,*,#2354,.T.);
#3461=ORIENTED_EDGE('',*,*,#2356,.F.);
#3462=ORIENTED_EDGE('',*,*,#2425,.F.);
#3463=ORIENTED_EDGE('',*,*,#2426,.T.);
#3464=ORIENTED_EDGE('',*,*,#2357,.F.);
#3465=ORIENTED_EDGE('',*,*,#2427,.T.);
#3466=ORIENTED_EDGE('',*,*,#2422,.F.);
#3467=ORIENTED_EDGE('',*,*,#2360,.T.);
#3468=ORIENTED_EDGE('',*,*,#2423,.F.);
#3469=ORIENTED_EDGE('',*,*,#2428,.F.);
#3470=ORIENTED_EDGE('',*,*,#2429,.T.);
#3471=ORIENTED_EDGE('',*,*,#2430,.T.);
#3472=ORIENTED_EDGE('',*,*,#2431,.F.);
#3473=ORIENTED_EDGE('',*,*,#2432,.F.);
#3474=ORIENTED_EDGE('',*,*,#2433,.F.);
#3475=ORIENTED_EDGE('',*,*,#2427,.F.);
#3476=ORIENTED_EDGE('',*,*,#2272,.T.);
#3477=ORIENTED_EDGE('',*,*,#2434,.F.);
#3478=ORIENTED_EDGE('',*,*,#2428,.T.);
#3479=ORIENTED_EDGE('',*,*,#2435,.F.);
#3480=ORIENTED_EDGE('',*,*,#2436,.F.);
#3481=ORIENTED_EDGE('',*,*,#2432,.T.);
#3482=ORIENTED_EDGE('',*,*,#2437,.F.);
#3483=ORIENTED_EDGE('',*,*,#2361,.F.);
#3484=ORIENTED_EDGE('',*,*,#2433,.T.);
#3485=ORIENTED_EDGE('',*,*,#2436,.T.);
#3486=ORIENTED_EDGE('',*,*,#2438,.T.);
#3487=ORIENTED_EDGE('',*,*,#2439,.T.);
#3488=ORIENTED_EDGE('',*,*,#2440,.T.);
#3489=ORIENTED_EDGE('',*,*,#2441,.T.);
#3490=ORIENTED_EDGE('',*,*,#2442,.T.);
#3491=ORIENTED_EDGE('',*,*,#2443,.T.);
#3492=ORIENTED_EDGE('',*,*,#2444,.F.);
#3493=ORIENTED_EDGE('',*,*,#2445,.F.);
#3494=ORIENTED_EDGE('',*,*,#2446,.F.);
#3495=ORIENTED_EDGE('',*,*,#2363,.F.);
#3496=ORIENTED_EDGE('',*,*,#2368,.T.);
#3497=ORIENTED_EDGE('',*,*,#2444,.T.);
#3498=ORIENTED_EDGE('',*,*,#2447,.T.);
#3499=ORIENTED_EDGE('',*,*,#2448,.T.);
#3500=ORIENTED_EDGE('',*,*,#2449,.T.);
#3501=ORIENTED_EDGE('',*,*,#2445,.T.);
#3502=ORIENTED_EDGE('',*,*,#2367,.T.);
#3503=ORIENTED_EDGE('',*,*,#2450,.T.);
#3504=ORIENTED_EDGE('',*,*,#2448,.F.);
#3505=ORIENTED_EDGE('',*,*,#2419,.T.);
#3506=ORIENTED_EDGE('',*,*,#2451,.T.);
#3507=ORIENTED_EDGE('',*,*,#2452,.T.);
#3508=ORIENTED_EDGE('',*,*,#2453,.T.);
#3509=ORIENTED_EDGE('',*,*,#2454,.T.);
#3510=ORIENTED_EDGE('',*,*,#2440,.F.);
#3511=ORIENTED_EDGE('',*,*,#2455,.T.);
#3512=ORIENTED_EDGE('',*,*,#2456,.T.);
#3513=ORIENTED_EDGE('',*,*,#2453,.F.);
#3514=ORIENTED_EDGE('',*,*,#2457,.T.);
#3515=ORIENTED_EDGE('',*,*,#2458,.T.);
#3516=ORIENTED_EDGE('',*,*,#2459,.T.);
#3517=ORIENTED_EDGE('',*,*,#2455,.F.);
#3518=ORIENTED_EDGE('',*,*,#2460,.T.);
#3519=ORIENTED_EDGE('',*,*,#2461,.T.);
#3520=ORIENTED_EDGE('',*,*,#2462,.T.);
#3521=ORIENTED_EDGE('',*,*,#2458,.F.);
#3522=ORIENTED_EDGE('',*,*,#2463,.T.);
#3523=ORIENTED_EDGE('',*,*,#2446,.T.);
#3524=ORIENTED_EDGE('',*,*,#2464,.T.);
#3525=ORIENTED_EDGE('',*,*,#2461,.F.);
#3526=ORIENTED_EDGE('',*,*,#2465,.T.);
#3527=ORIENTED_EDGE('',*,*,#2466,.T.);
#3528=ORIENTED_EDGE('',*,*,#2451,.F.);
#3529=ORIENTED_EDGE('',*,*,#2418,.T.);
#3530=ORIENTED_EDGE('',*,*,#2467,.T.);
#3531=ORIENTED_EDGE('',*,*,#2468,.T.);
#3532=ORIENTED_EDGE('',*,*,#2469,.T.);
#3533=ORIENTED_EDGE('',*,*,#2470,.T.);
#3534=ORIENTED_EDGE('',*,*,#2442,.F.);
#3535=ORIENTED_EDGE('',*,*,#2471,.T.);
#3536=ORIENTED_EDGE('',*,*,#2472,.T.);
#3537=ORIENTED_EDGE('',*,*,#2469,.F.);
#3538=ORIENTED_EDGE('',*,*,#2473,.T.);
#3539=ORIENTED_EDGE('',*,*,#2474,.T.);
#3540=ORIENTED_EDGE('',*,*,#2475,.T.);
#3541=ORIENTED_EDGE('',*,*,#2471,.F.);
#3542=ORIENTED_EDGE('',*,*,#2476,.T.);
#3543=ORIENTED_EDGE('',*,*,#2477,.T.);
#3544=ORIENTED_EDGE('',*,*,#2478,.T.);
#3545=ORIENTED_EDGE('',*,*,#2474,.F.);
#3546=ORIENTED_EDGE('',*,*,#2479,.T.);
#3547=ORIENTED_EDGE('',*,*,#2437,.T.);
#3548=ORIENTED_EDGE('',*,*,#2431,.T.);
#3549=ORIENTED_EDGE('',*,*,#2477,.F.);
#3550=ORIENTED_EDGE('',*,*,#2480,.T.);
#3551=ORIENTED_EDGE('',*,*,#2481,.T.);
#3552=ORIENTED_EDGE('',*,*,#2482,.T.);
#3553=ORIENTED_EDGE('',*,*,#2435,.T.);
#3554=ORIENTED_EDGE('',*,*,#2483,.T.);
#3555=ORIENTED_EDGE('',*,*,#2417,.T.);
#3556=ORIENTED_EDGE('',*,*,#2481,.F.);
#3557=ORIENTED_EDGE('',*,*,#2484,.T.);
#3558=ORIENTED_EDGE('',*,*,#2467,.F.);
#3559=ORIENTED_EDGE('',*,*,#2478,.F.);
#3560=ORIENTED_EDGE('',*,*,#2430,.F.);
#3561=ORIENTED_EDGE('',*,*,#2485,.T.);
#3562=ORIENTED_EDGE('',*,*,#2486,.T.);
#3563=ORIENTED_EDGE('',*,*,#2487,.F.);
#3564=ORIENTED_EDGE('',*,*,#2358,.T.);
#3565=ORIENTED_EDGE('',*,*,#2438,.F.);
#3566=ORIENTED_EDGE('',*,*,#2482,.F.);
#3567=ORIENTED_EDGE('',*,*,#2416,.T.);
#3568=ORIENTED_EDGE('',*,*,#2346,.T.);
#3569=ORIENTED_EDGE('',*,*,#2454,.F.);
#3570=ORIENTED_EDGE('',*,*,#2456,.F.);
#3571=ORIENTED_EDGE('',*,*,#2459,.F.);
#3572=ORIENTED_EDGE('',*,*,#2462,.F.);
#3573=ORIENTED_EDGE('',*,*,#2464,.F.);
#3574=ORIENTED_EDGE('',*,*,#2449,.F.);
#3575=ORIENTED_EDGE('',*,*,#2450,.F.);
#3576=ORIENTED_EDGE('',*,*,#2488,.F.);
#3577=ORIENTED_EDGE('',*,*,#2441,.F.);
#3578=ORIENTED_EDGE('',*,*,#2488,.T.);
#3579=ORIENTED_EDGE('',*,*,#2466,.F.);
#3580=ORIENTED_EDGE('',*,*,#2489,.F.);
#3581=ORIENTED_EDGE('',*,*,#2364,.T.);
#3582=ORIENTED_EDGE('',*,*,#2447,.F.);
#3583=ORIENTED_EDGE('',*,*,#2443,.F.);
#3584=ORIENTED_EDGE('',*,*,#2465,.F.);
#3585=ORIENTED_EDGE('',*,*,#2490,.F.);
#3586=ORIENTED_EDGE('',*,*,#2491,.F.);
#3587=ORIENTED_EDGE('',*,*,#2492,.T.);
#3588=ORIENTED_EDGE('',*,*,#2424,.F.);
#3589=ORIENTED_EDGE('',*,*,#2426,.F.);
#3590=ORIENTED_EDGE('',*,*,#2492,.F.);
#3591=ORIENTED_EDGE('',*,*,#2493,.T.);
#3592=ORIENTED_EDGE('',*,*,#2280,.F.);
#3593=ORIENTED_EDGE('',*,*,#2463,.F.);
#3594=ORIENTED_EDGE('',*,*,#2494,.T.);
#3595=ORIENTED_EDGE('',*,*,#2495,.F.);
#3596=ORIENTED_EDGE('',*,*,#2496,.F.);
#3597=ORIENTED_EDGE('',*,*,#2490,.T.);
#3598=ORIENTED_EDGE('',*,*,#2460,.F.);
#3599=ORIENTED_EDGE('',*,*,#2497,.F.);
#3600=ORIENTED_EDGE('',*,*,#2498,.F.);
#3601=ORIENTED_EDGE('',*,*,#2494,.F.);
#3602=ORIENTED_EDGE('',*,*,#2457,.F.);
#3603=ORIENTED_EDGE('',*,*,#2499,.T.);
#3604=ORIENTED_EDGE('',*,*,#2500,.F.);
#3605=ORIENTED_EDGE('',*,*,#2497,.T.);
#3606=ORIENTED_EDGE('',*,*,#2501,.F.);
#3607=ORIENTED_EDGE('',*,*,#2502,.F.);
#3608=ORIENTED_EDGE('',*,*,#2262,.T.);
#3609=ORIENTED_EDGE('',*,*,#2283,.F.);
#3610=ORIENTED_EDGE('',*,*,#2501,.T.);
#3611=ORIENTED_EDGE('',*,*,#2282,.F.);
#3612=ORIENTED_EDGE('',*,*,#2503,.T.);
#3613=ORIENTED_EDGE('',*,*,#2504,.F.);
#3614=ORIENTED_EDGE('',*,*,#2260,.F.);
#3615=ORIENTED_EDGE('',*,*,#2502,.T.);
#3616=ORIENTED_EDGE('',*,*,#2503,.F.);
#3617=ORIENTED_EDGE('',*,*,#2281,.F.);
#3618=ORIENTED_EDGE('',*,*,#2493,.F.);
#3619=ORIENTED_EDGE('',*,*,#2504,.T.);
#3620=ORIENTED_EDGE('',*,*,#2491,.T.);
#3621=ORIENTED_EDGE('',*,*,#2505,.T.);
#3622=ORIENTED_EDGE('',*,*,#2256,.T.);
#3623=ORIENTED_EDGE('',*,*,#2257,.T.);
#3624=ORIENTED_EDGE('',*,*,#2505,.F.);
#3625=ORIENTED_EDGE('',*,*,#2496,.T.);
#3626=ORIENTED_EDGE('',*,*,#2506,.T.);
#3627=ORIENTED_EDGE('',*,*,#2495,.T.);
#3628=ORIENTED_EDGE('',*,*,#2507,.T.);
#3629=ORIENTED_EDGE('',*,*,#2248,.T.);
#3630=ORIENTED_EDGE('',*,*,#2258,.T.);
#3631=ORIENTED_EDGE('',*,*,#2506,.F.);
#3632=ORIENTED_EDGE('',*,*,#2508,.T.);
#3633=ORIENTED_EDGE('',*,*,#2249,.T.);
#3634=ORIENTED_EDGE('',*,*,#2507,.F.);
#3635=ORIENTED_EDGE('',*,*,#2498,.T.);
#3636=ORIENTED_EDGE('',*,*,#2509,.T.);
#3637=ORIENTED_EDGE('',*,*,#2250,.T.);
#3638=ORIENTED_EDGE('',*,*,#2508,.F.);
#3639=ORIENTED_EDGE('',*,*,#2500,.T.);
#3640=ORIENTED_EDGE('',*,*,#2510,.T.);
#3641=ORIENTED_EDGE('',*,*,#2251,.T.);
#3642=ORIENTED_EDGE('',*,*,#2509,.F.);
#3643=ORIENTED_EDGE('',*,*,#2511,.T.);
#3644=ORIENTED_EDGE('',*,*,#2512,.T.);
#3645=ORIENTED_EDGE('',*,*,#2513,.T.);
#3646=ORIENTED_EDGE('',*,*,#2510,.F.);
#3647=ORIENTED_EDGE('',*,*,#2514,.T.);
#3648=ORIENTED_EDGE('',*,*,#2513,.F.);
#3649=ORIENTED_EDGE('',*,*,#2515,.T.);
#3650=ORIENTED_EDGE('',*,*,#2516,.T.);
#3651=ORIENTED_EDGE('',*,*,#2252,.T.);
#3652=ORIENTED_EDGE('',*,*,#2517,.T.);
#3653=ORIENTED_EDGE('',*,*,#2518,.T.);
#3654=ORIENTED_EDGE('',*,*,#2397,.T.);
#3655=ORIENTED_EDGE('',*,*,#2518,.F.);
#3656=ORIENTED_EDGE('',*,*,#2195,.T.);
#3657=ORIENTED_EDGE('',*,*,#2371,.F.);
#3658=ORIENTED_EDGE('',*,*,#2197,.T.);
#3659=ORIENTED_EDGE('',*,*,#2369,.T.);
#3660=ORIENTED_EDGE('',*,*,#2293,.F.);
#3661=ORIENTED_EDGE('',*,*,#2519,.T.);
#3662=ORIENTED_EDGE('',*,*,#2468,.F.);
#3663=ORIENTED_EDGE('',*,*,#2489,.T.);
#3664=ORIENTED_EDGE('',*,*,#2484,.F.);
#3665=ORIENTED_EDGE('',*,*,#2483,.F.);
#3666=ORIENTED_EDGE('',*,*,#2480,.F.);
#3667=ORIENTED_EDGE('',*,*,#2479,.F.);
#3668=ORIENTED_EDGE('',*,*,#2476,.F.);
#3669=ORIENTED_EDGE('',*,*,#2473,.F.);
#3670=ORIENTED_EDGE('',*,*,#2520,.F.);
#3671=ORIENTED_EDGE('',*,*,#2521,.T.);
#3672=ORIENTED_EDGE('',*,*,#2522,.F.);
#3673=ORIENTED_EDGE('',*,*,#2264,.T.);
#3674=ORIENTED_EDGE('',*,*,#2253,.T.);
#3675=ORIENTED_EDGE('',*,*,#2516,.F.);
#3676=ORIENTED_EDGE('',*,*,#2517,.F.);
#3677=ORIENTED_EDGE('',*,*,#2470,.F.);
#3678=ORIENTED_EDGE('',*,*,#2523,.T.);
#3679=ORIENTED_EDGE('',*,*,#2524,.T.);
#3680=ORIENTED_EDGE('',*,*,#2525,.T.);
#3681=ORIENTED_EDGE('',*,*,#2526,.T.);
#3682=ORIENTED_EDGE('',*,*,#2514,.F.);
#3683=ORIENTED_EDGE('',*,*,#2511,.F.);
#3684=ORIENTED_EDGE('',*,*,#2499,.F.);
#3685=ORIENTED_EDGE('',*,*,#2452,.F.);
#3686=ORIENTED_EDGE('',*,*,#2439,.F.);
#3687=ORIENTED_EDGE('',*,*,#2475,.F.);
#3688=ORIENTED_EDGE('',*,*,#2487,.T.);
#3689=ORIENTED_EDGE('',*,*,#2527,.T.);
#3690=ORIENTED_EDGE('',*,*,#2528,.T.);
#3691=ORIENTED_EDGE('',*,*,#2472,.F.);
#3692=ORIENTED_EDGE('',*,*,#2528,.F.);
#3693=ORIENTED_EDGE('',*,*,#2529,.T.);
#3694=ORIENTED_EDGE('',*,*,#2523,.F.);
#3695=ORIENTED_EDGE('',*,*,#2519,.F.);
#3696=ORIENTED_EDGE('',*,*,#2530,.T.);
#3697=ORIENTED_EDGE('',*,*,#2531,.T.);
#3698=ORIENTED_EDGE('',*,*,#2530,.F.);
#3699=ORIENTED_EDGE('',*,*,#2531,.F.);
#3700=ORIENTED_EDGE('',*,*,#2532,.F.);
#3701=ORIENTED_EDGE('',*,*,#2211,.T.);
#3702=ORIENTED_EDGE('',*,*,#2533,.T.);
#3703=ORIENTED_EDGE('',*,*,#2534,.T.);
#3704=ORIENTED_EDGE('',*,*,#2268,.T.);
#3705=ORIENTED_EDGE('',*,*,#2535,.T.);
#3706=ORIENTED_EDGE('',*,*,#2269,.T.);
#3707=ORIENTED_EDGE('',*,*,#2534,.F.);
#3708=ORIENTED_EDGE('',*,*,#2536,.T.);
#3709=ORIENTED_EDGE('',*,*,#2535,.F.);
#3710=ORIENTED_EDGE('',*,*,#2537,.F.);
#3711=ORIENTED_EDGE('',*,*,#2270,.T.);
#3712=ORIENTED_EDGE('',*,*,#2220,.T.);
#3713=ORIENTED_EDGE('',*,*,#2538,.T.);
#3714=ORIENTED_EDGE('',*,*,#2539,.F.);
#3715=ORIENTED_EDGE('',*,*,#2533,.F.);
#3716=ORIENTED_EDGE('',*,*,#2540,.T.);
#3717=ORIENTED_EDGE('',*,*,#2541,.T.);
#3718=ORIENTED_EDGE('',*,*,#2542,.T.);
#3719=ORIENTED_EDGE('',*,*,#2543,.T.);
#3720=ORIENTED_EDGE('',*,*,#2538,.F.);
#3721=ORIENTED_EDGE('',*,*,#2222,.T.);
#3722=ORIENTED_EDGE('',*,*,#2226,.F.);
#3723=ORIENTED_EDGE('',*,*,#2227,.F.);
#3724=ORIENTED_EDGE('',*,*,#2231,.F.);
#3725=ORIENTED_EDGE('',*,*,#2544,.T.);
#3726=ORIENTED_EDGE('',*,*,#2434,.T.);
#3727=ORIENTED_EDGE('',*,*,#2271,.T.);
#3728=ORIENTED_EDGE('',*,*,#2537,.T.);
#3729=ORIENTED_EDGE('',*,*,#2536,.F.);
#3730=ORIENTED_EDGE('',*,*,#2539,.T.);
#3731=ORIENTED_EDGE('',*,*,#2544,.F.);
#3732=ORIENTED_EDGE('',*,*,#2543,.F.);
#3733=ORIENTED_EDGE('',*,*,#2545,.F.);
#3734=ORIENTED_EDGE('',*,*,#2429,.F.);
#3735=ORIENTED_EDGE('',*,*,#2542,.F.);
#3736=ORIENTED_EDGE('',*,*,#2546,.F.);
#3737=ORIENTED_EDGE('',*,*,#2485,.F.);
#3738=ORIENTED_EDGE('',*,*,#2545,.T.);
#3739=ORIENTED_EDGE('',*,*,#2486,.F.);
#3740=ORIENTED_EDGE('',*,*,#2546,.T.);
#3741=ORIENTED_EDGE('',*,*,#2541,.F.);
#3742=ORIENTED_EDGE('',*,*,#2547,.F.);
#3743=ORIENTED_EDGE('',*,*,#2548,.F.);
#3744=ORIENTED_EDGE('',*,*,#2549,.F.);
#3745=ORIENTED_EDGE('',*,*,#2527,.F.);
#3746=ORIENTED_EDGE('',*,*,#2548,.T.);
#3747=ORIENTED_EDGE('',*,*,#2550,.F.);
#3748=ORIENTED_EDGE('',*,*,#2551,.F.);
#3749=ORIENTED_EDGE('',*,*,#2529,.F.);
#3750=ORIENTED_EDGE('',*,*,#2549,.T.);
#3751=ORIENTED_EDGE('',*,*,#2552,.F.);
#3752=ORIENTED_EDGE('',*,*,#2553,.F.);
#3753=ORIENTED_EDGE('',*,*,#2524,.F.);
#3754=ORIENTED_EDGE('',*,*,#2551,.T.);
#3755=ORIENTED_EDGE('',*,*,#2554,.F.);
#3756=ORIENTED_EDGE('',*,*,#2555,.F.);
#3757=ORIENTED_EDGE('',*,*,#2525,.F.);
#3758=ORIENTED_EDGE('',*,*,#2553,.T.);
#3759=ORIENTED_EDGE('',*,*,#2556,.F.);
#3760=ORIENTED_EDGE('',*,*,#2526,.F.);
#3761=ORIENTED_EDGE('',*,*,#2555,.T.);
#3762=ORIENTED_EDGE('',*,*,#2557,.F.);
#3763=ORIENTED_EDGE('',*,*,#2512,.F.);
#3764=ORIENTED_EDGE('',*,*,#2556,.T.);
#3765=ORIENTED_EDGE('',*,*,#2558,.F.);
#3766=ORIENTED_EDGE('',*,*,#2521,.F.);
#3767=ORIENTED_EDGE('',*,*,#2559,.F.);
#3768=ORIENTED_EDGE('',*,*,#2557,.T.);
#3769=ORIENTED_EDGE('',*,*,#2559,.T.);
#3770=ORIENTED_EDGE('',*,*,#2520,.T.);
#3771=ORIENTED_EDGE('',*,*,#2515,.F.);
#3772=ORIENTED_EDGE('',*,*,#2532,.T.);
#3773=ORIENTED_EDGE('',*,*,#2560,.T.);
#3774=ORIENTED_EDGE('',*,*,#2313,.T.);
#3775=ORIENTED_EDGE('',*,*,#1974,.F.);
#3776=ORIENTED_EDGE('',*,*,#2560,.F.);
#3777=ORIENTED_EDGE('',*,*,#2263,.F.);
#3778=ORIENTED_EDGE('',*,*,#2522,.T.);
#3779=ORIENTED_EDGE('',*,*,#2558,.T.);
#3780=ORIENTED_EDGE('',*,*,#2554,.T.);
#3781=ORIENTED_EDGE('',*,*,#2552,.T.);
#3782=ORIENTED_EDGE('',*,*,#2550,.T.);
#3783=ORIENTED_EDGE('',*,*,#2547,.T.);
#3784=ORIENTED_EDGE('',*,*,#2540,.F.);
#3785=ORIENTED_EDGE('',*,*,#2230,.F.);
#3786=ORIENTED_EDGE('',*,*,#2233,.F.);
#3787=ORIENTED_EDGE('',*,*,#2235,.F.);
#3788=ORIENTED_EDGE('',*,*,#2237,.F.);
#3789=ORIENTED_EDGE('',*,*,#2242,.F.);
#3790=ORIENTED_EDGE('',*,*,#2202,.F.);
#3791=ORIENTED_EDGE('',*,*,#2243,.T.);
#3792=ORIENTED_EDGE('',*,*,#2265,.F.);
#3793=ORIENTED_EDGE('',*,*,#2245,.T.);
#3794=ORIENTED_EDGE('',*,*,#2370,.F.);
#3795=B_SPLINE_SURFACE_WITH_KNOTS('',3,3,((#5778,#5779,#5780,#5781),(#5782,
#5783,#5784,#5785),(#5786,#5787,#5788,#5789),(#5790,#5791,#5792,#5793)),
 .UNSPECIFIED.,.F.,.F.,.F.,(4,4),(4,4),(0.54377334490451,1.),(3.41374093952967,
3.48871752864624),.UNSPECIFIED.);
#3796=B_SPLINE_SURFACE_WITH_KNOTS('',3,3,((#5814,#5815,#5816,#5817),(#5818,
#5819,#5820,#5821),(#5822,#5823,#5824,#5825),(#5826,#5827,#5828,#5829)),
 .UNSPECIFIED.,.F.,.F.,.F.,(4,4),(4,4),(0.,1.),(-0.150167328093688,-0.0750834725831638),
 .UNSPECIFIED.);
#3797=B_SPLINE_SURFACE_WITH_KNOTS('',3,3,((#5841,#5842,#5843,#5844,#5845,
#5846,#5847,#5848,#5849,#5850),(#5851,#5852,#5853,#5854,#5855,#5856,#5857,
#5858,#5859,#5860),(#5861,#5862,#5863,#5864,#5865,#5866,#5867,#5868,#5869,
#5870),(#5871,#5872,#5873,#5874,#5875,#5876,#5877,#5878,#5879,#5880),(#5881,
#5882,#5883,#5884,#5885,#5886,#5887,#5888,#5889,#5890),(#5891,#5892,#5893,
#5894,#5895,#5896,#5897,#5898,#5899,#5900)),.UNSPECIFIED.,.F.,.F.,.F.,(4,
1,1,4),(4,1,1,1,1,1,1,4),(0.,0.285714285714286,0.571428571428571,1.),(0.,
0.193221376284375,0.38644275256875,0.579664128853125,0.7728855051375,0.966106881421876,
1.15932825770625,1.35254963399063),.UNSPECIFIED.);
#3798=B_SPLINE_SURFACE_WITH_KNOTS('',3,3,((#5947,#5948,#5949,#5950,#5951,
#5952,#5953,#5954,#5955,#5956),(#5957,#5958,#5959,#5960,#5961,#5962,#5963,
#5964,#5965,#5966),(#5967,#5968,#5969,#5970,#5971,#5972,#5973,#5974,#5975,
#5976),(#5977,#5978,#5979,#5980,#5981,#5982,#5983,#5984,#5985,#5986),(#5987,
#5988,#5989,#5990,#5991,#5992,#5993,#5994,#5995,#5996)),.UNSPECIFIED.,.F.,
 .F.,.F.,(4,1,4),(4,1,1,1,1,1,1,4),(0.,0.571428571428571,1.),(0.,0.191125988105912,
0.382251976211824,0.573377964317735,0.764503952423647,0.955629940529559,
1.14675592863547,1.33788191674138),.UNSPECIFIED.);
#3799=B_SPLINE_SURFACE_WITH_KNOTS('',3,3,((#6035,#6036,#6037,#6038,#6039,
#6040),(#6041,#6042,#6043,#6044,#6045,#6046),(#6047,#6048,#6049,#6050,#6051,
#6052),(#6053,#6054,#6055,#6056,#6057,#6058)),.UNSPECIFIED.,.F.,.F.,.F.,
(4,4),(4,1,1,4),(0.,1.),(1.8110928404612,2.06363228016439,2.31617171986757,
2.69498087942235),.UNSPECIFIED.);
#3800=B_SPLINE_SURFACE_WITH_KNOTS('',3,3,((#6080,#6081,#6082,#6083,#6084),
(#6085,#6086,#6087,#6088,#6089),(#6090,#6091,#6092,#6093,#6094),(#6095,
#6096,#6097,#6098,#6099)),.UNSPECIFIED.,.F.,.F.,.F.,(4,4),(4,1,4),(0.,1.),
(0.,0.505073067637971,0.883877868366449),.UNSPECIFIED.);
#3801=B_SPLINE_SURFACE_WITH_KNOTS('',3,3,((#6113,#6114,#6115,#6116,#6117,
#6118,#6119,#6120,#6121,#6122,#6123,#6124,#6125,#6126),(#6127,#6128,#6129,
#6130,#6131,#6132,#6133,#6134,#6135,#6136,#6137,#6138,#6139,#6140),(#6141,
#6142,#6143,#6144,#6145,#6146,#6147,#6148,#6149,#6150,#6151,#6152,#6153,
#6154),(#6155,#6156,#6157,#6158,#6159,#6160,#6161,#6162,#6163,#6164,#6165,
#6166,#6167,#6168)),.UNSPECIFIED.,.F.,.F.,.F.,(4,4),(4,1,1,1,1,1,1,1,1,
1,1,4),(0.,1.),(0.,0.343846132926755,0.68769226585351,1.03153839878026,
1.11749993201195,1.20346146524364,1.28942299847533,1.37538453170702,1.5473075981704,
1.71923066463377,2.06307679756053,2.40692293048728),.UNSPECIFIED.);
#3802=B_SPLINE_SURFACE_WITH_KNOTS('',3,3,((#6209,#6210,#6211,#6212,#6213,
#6214,#6215),(#6216,#6217,#6218,#6219,#6220,#6221,#6222),(#6223,#6224,#6225,
#6226,#6227,#6228,#6229),(#6230,#6231,#6232,#6233,#6234,#6235,#6236)),
 .UNSPECIFIED.,.F.,.F.,.F.,(4,4),(4,1,1,1,4),(0.,1.),(0.,0.0433424655865022,
0.0866849311730044,0.144474885288341,0.202264839403677),.UNSPECIFIED.);
#3803=B_SPLINE_SURFACE_WITH_KNOTS('',3,3,((#6251,#6252,#6253,#6254,#6255,
#6256),(#6257,#6258,#6259,#6260,#6261,#6262),(#6263,#6264,#6265,#6266,#6267,
#6268),(#6269,#6270,#6271,#6272,#6273,#6274)),.UNSPECIFIED.,.F.,.F.,.F.,
(4,4),(4,1,1,4),(0.,1.),(1.63255409918473E-14,0.0866834261334433,0.144472376889061,
0.202261327644679),.UNSPECIFIED.);
#3804=B_SPLINE_SURFACE_WITH_KNOTS('',3,3,((#6296,#6297,#6298,#6299,#6300,
#6301,#6302,#6303,#6304,#6305,#6306,#6307,#6308,#6309),(#6310,#6311,#6312,
#6313,#6314,#6315,#6316,#6317,#6318,#6319,#6320,#6321,#6322,#6323),(#6324,
#6325,#6326,#6327,#6328,#6329,#6330,#6331,#6332,#6333,#6334,#6335,#6336,
#6337),(#6338,#6339,#6340,#6341,#6342,#6343,#6344,#6345,#6346,#6347,#6348,
#6349,#6350,#6351)),.UNSPECIFIED.,.F.,.F.,.F.,(4,4),(4,1,1,1,1,1,1,1,1,
1,1,4),(0.,1.),(0.,0.343845851500578,0.687691703001156,1.03153755450173,
1.11749901737688,1.20346048025202,1.28942194312717,1.37538340600231,1.5473063317526,
1.71922925750289,2.06307510900347,2.40692096050405),.UNSPECIFIED.);
#3805=B_SPLINE_SURFACE_WITH_KNOTS('',3,3,((#6400,#6401,#6402,#6403,#6404,
#6405,#6406,#6407,#6408,#6409),(#6410,#6411,#6412,#6413,#6414,#6415,#6416,
#6417,#6418,#6419),(#6420,#6421,#6422,#6423,#6424,#6425,#6426,#6427,#6428,
#6429),(#6430,#6431,#6432,#6433,#6434,#6435,#6436,#6437,#6438,#6439),(#6440,
#6441,#6442,#6443,#6444,#6445,#6446,#6447,#6448,#6449)),.UNSPECIFIED.,.F.,
 .F.,.F.,(4,1,4),(4,1,1,1,1,1,1,4),(0.0292576834576482,0.445290104832942,
1.),(-0.469171603325497,-0.451319378178877,-0.433467153032257,-0.415614927885637,
-0.397762702739017,-0.379910477592396,-0.362058252445776,-0.344206027299156),
 .UNSPECIFIED.);
#3806=B_SPLINE_SURFACE_WITH_KNOTS('',3,3,((#6488,#6489,#6490,#6491,#6492,
#6493,#6494,#6495,#6496,#6497,#6498),(#6499,#6500,#6501,#6502,#6503,#6504,
#6505,#6506,#6507,#6508,#6509),(#6510,#6511,#6512,#6513,#6514,#6515,#6516,
#6517,#6518,#6519,#6520),(#6521,#6522,#6523,#6524,#6525,#6526,#6527,#6528,
#6529,#6530,#6531),(#6532,#6533,#6534,#6535,#6536,#6537,#6538,#6539,#6540,
#6541,#6542)),.UNSPECIFIED.,.F.,.F.,.F.,(4,1,4),(4,1,1,1,1,1,1,1,4),(0.0299684569884467,
0.584272195852191,1.),(-0.467695017158064,-0.44984696995138,-0.431998922744696,
-0.414150875538012,-0.40522685193467,-0.396302828331327,-0.378454781124643,
-0.360606733917959,-0.342758686711275),.UNSPECIFIED.);
#3807=B_SPLINE_SURFACE_WITH_KNOTS('',3,3,((#6543,#6544,#6545,#6546),(#6547,
#6548,#6549,#6550),(#6551,#6552,#6553,#6554),(#6555,#6556,#6557,#6558),
(#6559,#6560,#6561,#6562)),.UNSPECIFIED.,.F.,.F.,.F.,(4,1,4),(4,4),(0.,
0.571428571428571,1.),(2.60046586222654,3.23440497990945),.UNSPECIFIED.);
#3808=B_SPLINE_SURFACE_WITH_KNOTS('',3,3,((#6569,#6570,#6571,#6572),(#6573,
#6574,#6575,#6576),(#6577,#6578,#6579,#6580),(#6581,#6582,#6583,#6584),
(#6585,#6586,#6587,#6588)),.UNSPECIFIED.,.F.,.F.,.F.,(4,1,4),(4,4),(0.,
0.571428571428571,1.),(0.,0.633856151737586),.UNSPECIFIED.);
#3809=B_SPLINE_SURFACE_WITH_KNOTS('',3,3,((#6744,#6745,#6746,#6747),(#6748,
#6749,#6750,#6751),(#6752,#6753,#6754,#6755),(#6756,#6757,#6758,#6759),
(#6760,#6761,#6762,#6763)),.UNSPECIFIED.,.F.,.F.,.F.,(4,1,4),(4,4),(0.,
0.571428571428571,1.),(-1.92691228885984E-5,0.321226459122558),
 .UNSPECIFIED.);
#3810=B_SPLINE_SURFACE_WITH_KNOTS('',3,3,((#6768,#6769,#6770,#6771),(#6772,
#6773,#6774,#6775),(#6776,#6777,#6778,#6779),(#6780,#6781,#6782,#6783),
(#6784,#6785,#6786,#6787)),.UNSPECIFIED.,.F.,.F.,.F.,(4,1,4),(4,4),(0.,
0.571428571428571,1.),(0.,0.321245728241815),.UNSPECIFIED.);
#3811=B_SPLINE_SURFACE_WITH_KNOTS('',3,3,((#6837,#6838,#6839,#6840,#6841),
(#6842,#6843,#6844,#6845,#6846),(#6847,#6848,#6849,#6850,#6851),(#6852,
#6853,#6854,#6855,#6856),(#6857,#6858,#6859,#6860,#6861)),.UNSPECIFIED.,
 .F.,.F.,.F.,(4,1,4),(4,1,4),(0.,0.571428571428571,1.),(2.67873872929424E-16,
0.101675356092813,0.237242497549896),.UNSPECIFIED.);
#3812=B_SPLINE_SURFACE_WITH_KNOTS('',3,3,((#6904,#6905,#6906,#6907,#6908),
(#6909,#6910,#6911,#6912,#6913),(#6914,#6915,#6916,#6917,#6918),(#6919,
#6920,#6921,#6922,#6923),(#6924,#6925,#6926,#6927,#6928)),.UNSPECIFIED.,
 .F.,.F.,.F.,(4,1,4),(4,1,4),(0.,0.571428571428571,1.),(1.03040241232901E-15,
0.101676716249515,0.237245671248867),.UNSPECIFIED.);
#3813=B_SPLINE_SURFACE_WITH_KNOTS('',3,3,((#6971,#6972,#6973,#6974,#6975),
(#6976,#6977,#6978,#6979,#6980),(#6981,#6982,#6983,#6984,#6985),(#6986,
#6987,#6988,#6989,#6990),(#6991,#6992,#6993,#6994,#6995),(#6996,#6997,#6998,
#6999,#7000)),.UNSPECIFIED.,.F.,.F.,.F.,(4,1,1,4),(4,1,4),(0.,0.285714285714286,
0.571428571428571,1.),(-1.5707963267949,-0.897597901025655,4.58651259951233E-32),
 .UNSPECIFIED.);
#3814=B_SPLINE_SURFACE_WITH_KNOTS('',3,3,((#7012,#7013,#7014,#7015,#7016,
#7017),(#7018,#7019,#7020,#7021,#7022,#7023),(#7024,#7025,#7026,#7027,#7028,
#7029),(#7030,#7031,#7032,#7033,#7034,#7035),(#7036,#7037,#7038,#7039,#7040,
#7041),(#7042,#7043,#7044,#7045,#7046,#7047)),.UNSPECIFIED.,.F.,.F.,.F.,
(4,1,1,4),(4,1,1,4),(0.,0.285714285714286,0.571428571428571,1.),(2.43224378807825E-16,
0.673198425769242,1.12199737628207,1.5707963267949),.UNSPECIFIED.);
#3815=B_SPLINE_SURFACE_WITH_KNOTS('',3,3,((#7077,#7078,#7079,#7080,#7081),
(#7082,#7083,#7084,#7085,#7086),(#7087,#7088,#7089,#7090,#7091),(#7092,
#7093,#7094,#7095,#7096),(#7097,#7098,#7099,#7100,#7101),(#7102,#7103,#7104,
#7105,#7106)),.UNSPECIFIED.,.F.,.F.,.F.,(4,1,1,4),(4,1,4),(0.,0.285714285714286,
0.571428571428571,1.),(-1.5707963267949,-0.897597901025655,3.50469613301049E-18),
 .UNSPECIFIED.);
#3816=B_SPLINE_SURFACE_WITH_KNOTS('',3,3,((#7118,#7119,#7120,#7121,#7122,
#7123),(#7124,#7125,#7126,#7127,#7128,#7129),(#7130,#7131,#7132,#7133,#7134,
#7135),(#7136,#7137,#7138,#7139,#7140,#7141),(#7142,#7143,#7144,#7145,#7146,
#7147),(#7148,#7149,#7150,#7151,#7152,#7153)),.UNSPECIFIED.,.F.,.F.,.F.,
(4,1,1,4),(4,1,1,4),(0.,0.285714285714286,0.571428571428571,1.),(2.81983735285965E-16,
0.673198425769242,1.12199737628207,1.5707963267949),.UNSPECIFIED.);
#3817=B_SPLINE_SURFACE_WITH_KNOTS('',3,3,((#7202,#7203,#7204,#7205),(#7206,
#7207,#7208,#7209),(#7210,#7211,#7212,#7213),(#7214,#7215,#7216,#7217)),
 .UNSPECIFIED.,.F.,.F.,.F.,(4,4),(4,4),(0.,1.),(-0.0973530257749483,-0.0469451723003737),
 .UNSPECIFIED.);
#3818=B_SPLINE_SURFACE_WITH_KNOTS('',3,3,((#7229,#7230,#7231,#7232,#7233,
#7234),(#7235,#7236,#7237,#7238,#7239,#7240),(#7241,#7242,#7243,#7244,#7245,
#7246),(#7247,#7248,#7249,#7250,#7251,#7252)),.UNSPECIFIED.,.F.,.F.,.F.,
(4,4),(4,2,4),(0.,1.),(-0.0493957491786682,-0.0492161263872103,0.),
 .UNSPECIFIED.);
#3819=B_SPLINE_SURFACE_WITH_KNOTS('',3,3,((#7267,#7268,#7269,#7270,#7271,
#7272),(#7273,#7274,#7275,#7276,#7277,#7278),(#7279,#7280,#7281,#7282,#7283,
#7284),(#7285,#7286,#7287,#7288,#7289,#7290),(#7291,#7292,#7293,#7294,#7295,
#7296)),.UNSPECIFIED.,.F.,.F.,.F.,(4,1,4),(4,1,1,4),(0.,0.5,1.),(1.14892913788646,
1.26648995255332,1.34486382899789,1.42323770544247),.UNSPECIFIED.);
#3820=B_SPLINE_SURFACE_WITH_KNOTS('',3,3,((#7351,#7352,#7353,#7354,#7355),
(#7356,#7357,#7358,#7359,#7360),(#7361,#7362,#7363,#7364,#7365),(#7366,
#7367,#7368,#7369,#7370),(#7371,#7372,#7373,#7374,#7375)),.UNSPECIFIED.,
 .F.,.F.,.F.,(4,1,4),(4,1,4),(0.,0.571428571428571,1.),(4.71238898038469,
5.28658540937217,5.71723273111278),.UNSPECIFIED.);
#3821=B_SPLINE_SURFACE_WITH_KNOTS('',3,3,((#7485,#7486,#7487,#7488),(#7489,
#7490,#7491,#7492),(#7493,#7494,#7495,#7496),(#7497,#7498,#7499,#7500)),
 .UNSPECIFIED.,.F.,.F.,.F.,(4,4),(4,4),(0.,1.),(-0.150167328093688,-0.0750834725831638),
 .UNSPECIFIED.);
#3822=B_SPLINE_SURFACE_WITH_KNOTS('',3,3,((#7518,#7519,#7520,#7521),(#7522,
#7523,#7524,#7525),(#7526,#7527,#7528,#7529),(#7530,#7531,#7532,#7533)),
 .UNSPECIFIED.,.F.,.F.,.F.,(4,4),(4,4),(0.,1.),(-0.0973530257749483,-0.0469451723003737),
 .UNSPECIFIED.);
#3823=B_SPLINE_SURFACE_WITH_KNOTS('',3,3,((#7545,#7546,#7547,#7548,#7549,
#7550),(#7551,#7552,#7553,#7554,#7555,#7556),(#7557,#7558,#7559,#7560,#7561,
#7562),(#7563,#7564,#7565,#7566,#7567,#7568)),.UNSPECIFIED.,.F.,.F.,.F.,
(4,4),(4,2,4),(0.,1.),(-0.0493957491786682,-0.0492161263872103,0.),
 .UNSPECIFIED.);
#3824=B_SPLINE_SURFACE_WITH_KNOTS('',3,3,((#7583,#7584,#7585,#7586),(#7587,
#7588,#7589,#7590),(#7591,#7592,#7593,#7594),(#7595,#7596,#7597,#7598)),
 .UNSPECIFIED.,.F.,.F.,.F.,(4,4),(4,4),(0.543773344904519,1.),(3.41374093952967,
3.48871752864624),.UNSPECIFIED.);
#3825=B_SPLINE_SURFACE_WITH_KNOTS('',3,3,((#7613,#7614,#7615,#7616,#7617,
#7618),(#7619,#7620,#7621,#7622,#7623,#7624),(#7625,#7626,#7627,#7628,#7629,
#7630),(#7631,#7632,#7633,#7634,#7635,#7636),(#7637,#7638,#7639,#7640,#7641,
#7642)),.UNSPECIFIED.,.F.,.F.,.F.,(4,1,4),(4,1,1,4),(0.,0.5,1.),(1.14892913788646,
1.26648995255332,1.34486382899789,1.42323770544247),.UNSPECIFIED.);
#3826=B_SPLINE_SURFACE_WITH_KNOTS('',3,3,((#7697,#7698,#7699,#7700,#7701),
(#7702,#7703,#7704,#7705,#7706),(#7707,#7708,#7709,#7710,#7711),(#7712,
#7713,#7714,#7715,#7716),(#7717,#7718,#7719,#7720,#7721)),.UNSPECIFIED.,
 .F.,.F.,.F.,(4,1,4),(4,1,4),(0.,0.571428571428571,1.),(4.71238898038469,
5.28658540937217,5.71723273111278),.UNSPECIFIED.);
#3827=B_SPLINE_SURFACE_WITH_KNOTS('',3,3,((#7834,#7835,#7836,#7837),(#7838,
#7839,#7840,#7841),(#7842,#7843,#7844,#7845),(#7846,#7847,#7848,#7849)),
 .UNSPECIFIED.,.F.,.F.,.F.,(4,4),(4,4),(0.54377334490451,1.),(3.41374093952967,
3.48871752864624),.UNSPECIFIED.);
#3828=B_SPLINE_SURFACE_WITH_KNOTS('',3,3,((#7859,#7860,#7861,#7862),(#7863,
#7864,#7865,#7866),(#7867,#7868,#7869,#7870),(#7871,#7872,#7873,#7874)),
 .UNSPECIFIED.,.F.,.F.,.F.,(4,4),(4,4),(0.,1.),(-0.150167328093688,-0.0750834725831638),
 .UNSPECIFIED.);
#3829=B_SPLINE_SURFACE_WITH_KNOTS('',3,3,((#7997,#7998,#7999,#8000,#8001,
#8002,#8003,#8004,#8005,#8006),(#8007,#8008,#8009,#8010,#8011,#8012,#8013,
#8014,#8015,#8016),(#8017,#8018,#8019,#8020,#8021,#8022,#8023,#8024,#8025,
#8026),(#8027,#8028,#8029,#8030,#8031,#8032,#8033,#8034,#8035,#8036),(#8037,
#8038,#8039,#8040,#8041,#8042,#8043,#8044,#8045,#8046),(#8047,#8048,#8049,
#8050,#8051,#8052,#8053,#8054,#8055,#8056)),.UNSPECIFIED.,.F.,.F.,.F.,(4,
1,1,4),(4,1,1,1,1,1,1,4),(0.,0.285714285714286,0.571428571428571,1.),(0.,
0.193221376284375,0.38644275256875,0.579664128853125,0.7728855051375,0.966106881421876,
1.15932825770625,1.35254963399063),.UNSPECIFIED.);
#3830=B_SPLINE_SURFACE_WITH_KNOTS('',3,3,((#8084,#8085,#8086,#8087,#8088,
#8089,#8090,#8091,#8092,#8093),(#8094,#8095,#8096,#8097,#8098,#8099,#8100,
#8101,#8102,#8103),(#8104,#8105,#8106,#8107,#8108,#8109,#8110,#8111,#8112,
#8113),(#8114,#8115,#8116,#8117,#8118,#8119,#8120,#8121,#8122,#8123),(#8124,
#8125,#8126,#8127,#8128,#8129,#8130,#8131,#8132,#8133)),.UNSPECIFIED.,.F.,
 .F.,.F.,(4,1,4),(4,1,1,1,1,1,1,4),(0.,0.571428571428571,1.),(0.,0.191125988105912,
0.382251976211824,0.573377964317735,0.764503952423647,0.955629940529559,
1.14675592863547,1.33788191674138),.UNSPECIFIED.);
#3831=B_SPLINE_SURFACE_WITH_KNOTS('',3,3,((#8169,#8170,#8171,#8172,#8173,
#8174),(#8175,#8176,#8177,#8178,#8179,#8180),(#8181,#8182,#8183,#8184,#8185,
#8186),(#8187,#8188,#8189,#8190,#8191,#8192)),.UNSPECIFIED.,.F.,.F.,.F.,
(4,4),(4,1,1,4),(0.,1.),(1.8110928404612,2.06363228016439,2.31617171986757,
2.69498087942235),.UNSPECIFIED.);
#3832=B_SPLINE_SURFACE_WITH_KNOTS('',3,3,((#8203,#8204,#8205,#8206,#8207),
(#8208,#8209,#8210,#8211,#8212),(#8213,#8214,#8215,#8216,#8217),(#8218,
#8219,#8220,#8221,#8222)),.UNSPECIFIED.,.F.,.F.,.F.,(4,4),(4,1,4),(0.,1.),
(0.,0.505073067637971,0.883877868366449),.UNSPECIFIED.);
#3833=B_SPLINE_SURFACE_WITH_KNOTS('',3,3,((#8234,#8235,#8236,#8237,#8238,
#8239,#8240,#8241,#8242,#8243,#8244,#8245,#8246,#8247),(#8248,#8249,#8250,
#8251,#8252,#8253,#8254,#8255,#8256,#8257,#8258,#8259,#8260,#8261),(#8262,
#8263,#8264,#8265,#8266,#8267,#8268,#8269,#8270,#8271,#8272,#8273,#8274,
#8275),(#8276,#8277,#8278,#8279,#8280,#8281,#8282,#8283,#8284,#8285,#8286,
#8287,#8288,#8289)),.UNSPECIFIED.,.F.,.F.,.F.,(4,4),(4,1,1,1,1,1,1,1,1,
1,1,4),(0.,1.),(0.,0.343846132926755,0.68769226585351,1.03153839878026,
1.11749993201195,1.20346146524364,1.28942299847533,1.37538453170702,1.5473075981704,
1.71923066463377,2.06307679756053,2.40692293048728),.UNSPECIFIED.);
#3834=B_SPLINE_SURFACE_WITH_KNOTS('',3,3,((#8330,#8331,#8332,#8333,#8334,
#8335,#8336),(#8337,#8338,#8339,#8340,#8341,#8342,#8343),(#8344,#8345,#8346,
#8347,#8348,#8349,#8350),(#8351,#8352,#8353,#8354,#8355,#8356,#8357)),
 .UNSPECIFIED.,.F.,.F.,.F.,(4,4),(4,1,1,1,4),(0.,1.),(0.,0.0433424655865022,
0.0866849311730044,0.144474885288341,0.202264839403677),.UNSPECIFIED.);
#3835=B_SPLINE_SURFACE_WITH_KNOTS('',3,3,((#8372,#8373,#8374,#8375,#8376,
#8377),(#8378,#8379,#8380,#8381,#8382,#8383),(#8384,#8385,#8386,#8387,#8388,
#8389),(#8390,#8391,#8392,#8393,#8394,#8395)),.UNSPECIFIED.,.F.,.F.,.F.,
(4,4),(4,1,1,4),(0.,1.),(1.63255409918473E-14,0.0866834261334433,0.144472376889061,
0.202261327644679),.UNSPECIFIED.);
#3836=B_SPLINE_SURFACE_WITH_KNOTS('',3,3,((#8417,#8418,#8419,#8420,#8421,
#8422,#8423,#8424,#8425,#8426,#8427,#8428,#8429,#8430),(#8431,#8432,#8433,
#8434,#8435,#8436,#8437,#8438,#8439,#8440,#8441,#8442,#8443,#8444),(#8445,
#8446,#8447,#8448,#8449,#8450,#8451,#8452,#8453,#8454,#8455,#8456,#8457,
#8458),(#8459,#8460,#8461,#8462,#8463,#8464,#8465,#8466,#8467,#8468,#8469,
#8470,#8471,#8472)),.UNSPECIFIED.,.F.,.F.,.F.,(4,4),(4,1,1,1,1,1,1,1,1,
1,1,4),(0.,1.),(0.,0.343845851500578,0.687691703001156,1.03153755450173,
1.11749901737688,1.20346048025202,1.28942194312717,1.37538340600231,1.5473063317526,
1.71922925750289,2.06307510900347,2.40692096050405),.UNSPECIFIED.);
#3837=B_SPLINE_SURFACE_WITH_KNOTS('',3,3,((#8521,#8522,#8523,#8524,#8525,
#8526,#8527,#8528,#8529,#8530),(#8531,#8532,#8533,#8534,#8535,#8536,#8537,
#8538,#8539,#8540),(#8541,#8542,#8543,#8544,#8545,#8546,#8547,#8548,#8549,
#8550),(#8551,#8552,#8553,#8554,#8555,#8556,#8557,#8558,#8559,#8560),(#8561,
#8562,#8563,#8564,#8565,#8566,#8567,#8568,#8569,#8570)),.UNSPECIFIED.,.F.,
 .F.,.F.,(4,1,4),(4,1,1,1,1,1,1,4),(0.0292576834576482,0.445290104832942,
1.),(-0.469171603325497,-0.451319378178877,-0.433467153032257,-0.415614927885637,
-0.397762702739017,-0.379910477592396,-0.362058252445776,-0.344206027299156),
 .UNSPECIFIED.);
#3838=B_SPLINE_SURFACE_WITH_KNOTS('',3,3,((#8609,#8610,#8611,#8612,#8613,
#8614,#8615,#8616,#8617,#8618,#8619),(#8620,#8621,#8622,#8623,#8624,#8625,
#8626,#8627,#8628,#8629,#8630),(#8631,#8632,#8633,#8634,#8635,#8636,#8637,
#8638,#8639,#8640,#8641),(#8642,#8643,#8644,#8645,#8646,#8647,#8648,#8649,
#8650,#8651,#8652),(#8653,#8654,#8655,#8656,#8657,#8658,#8659,#8660,#8661,
#8662,#8663)),.UNSPECIFIED.,.F.,.F.,.F.,(4,1,4),(4,1,1,1,1,1,1,1,4),(0.0299684569884467,
0.584272195852191,1.),(-0.467695017158064,-0.44984696995138,-0.431998922744696,
-0.414150875538012,-0.40522685193467,-0.396302828331327,-0.378454781124643,
-0.360606733917959,-0.342758686711275),.UNSPECIFIED.);
#3839=B_SPLINE_SURFACE_WITH_KNOTS('',3,3,((#8664,#8665,#8666,#8667),(#8668,
#8669,#8670,#8671),(#8672,#8673,#8674,#8675),(#8676,#8677,#8678,#8679),
(#8680,#8681,#8682,#8683)),.UNSPECIFIED.,.F.,.F.,.F.,(4,1,4),(4,4),(0.,
0.571428571428571,1.),(2.60046586222654,3.23440497990945),.UNSPECIFIED.);
#3840=B_SPLINE_SURFACE_WITH_KNOTS('',3,3,((#8685,#8686,#8687,#8688),(#8689,
#8690,#8691,#8692),(#8693,#8694,#8695,#8696),(#8697,#8698,#8699,#8700),
(#8701,#8702,#8703,#8704)),.UNSPECIFIED.,.F.,.F.,.F.,(4,1,4),(4,4),(0.,
0.571428571428571,1.),(0.,0.633856151737586),.UNSPECIFIED.);
#3841=B_SPLINE_SURFACE_WITH_KNOTS('',3,3,((#8860,#8861,#8862,#8863),(#8864,
#8865,#8866,#8867),(#8868,#8869,#8870,#8871),(#8872,#8873,#8874,#8875),
(#8876,#8877,#8878,#8879)),.UNSPECIFIED.,.F.,.F.,.F.,(4,1,4),(4,4),(0.,
0.571428571428571,1.),(-1.92691228883811E-5,0.321226459122558),
 .UNSPECIFIED.);
#3842=B_SPLINE_SURFACE_WITH_KNOTS('',3,3,((#8884,#8885,#8886,#8887),(#8888,
#8889,#8890,#8891),(#8892,#8893,#8894,#8895),(#8896,#8897,#8898,#8899),
(#8900,#8901,#8902,#8903)),.UNSPECIFIED.,.F.,.F.,.F.,(4,1,4),(4,4),(0.,
0.571428571428571,1.),(0.,0.321245728241815),.UNSPECIFIED.);
#3843=B_SPLINE_SURFACE_WITH_KNOTS('',3,3,((#8951,#8952,#8953,#8954,#8955),
(#8956,#8957,#8958,#8959,#8960),(#8961,#8962,#8963,#8964,#8965),(#8966,
#8967,#8968,#8969,#8970),(#8971,#8972,#8973,#8974,#8975)),.UNSPECIFIED.,
 .F.,.F.,.F.,(4,1,4),(4,1,4),(0.,0.571428571428571,1.),(2.67873872929424E-16,
0.101675356092813,0.237242497549896),.UNSPECIFIED.);
#3844=B_SPLINE_SURFACE_WITH_KNOTS('',3,3,((#9018,#9019,#9020,#9021,#9022),
(#9023,#9024,#9025,#9026,#9027),(#9028,#9029,#9030,#9031,#9032),(#9033,
#9034,#9035,#9036,#9037),(#9038,#9039,#9040,#9041,#9042)),.UNSPECIFIED.,
 .F.,.F.,.F.,(4,1,4),(4,1,4),(0.,0.571428571428571,1.),(1.03040241232901E-15,
0.101676716249515,0.237245671248867),.UNSPECIFIED.);
#3845=B_SPLINE_SURFACE_WITH_KNOTS('',3,3,((#9085,#9086,#9087,#9088,#9089),
(#9090,#9091,#9092,#9093,#9094),(#9095,#9096,#9097,#9098,#9099),(#9100,
#9101,#9102,#9103,#9104),(#9105,#9106,#9107,#9108,#9109),(#9110,#9111,#9112,
#9113,#9114)),.UNSPECIFIED.,.F.,.F.,.F.,(4,1,1,4),(4,1,4),(0.,0.285714285714286,
0.571428571428571,1.),(-1.5707963267949,-0.897597901025655,4.58651259951233E-32),
 .UNSPECIFIED.);
#3846=B_SPLINE_SURFACE_WITH_KNOTS('',3,3,((#9126,#9127,#9128,#9129,#9130,
#9131),(#9132,#9133,#9134,#9135,#9136,#9137),(#9138,#9139,#9140,#9141,#9142,
#9143),(#9144,#9145,#9146,#9147,#9148,#9149),(#9150,#9151,#9152,#9153,#9154,
#9155),(#9156,#9157,#9158,#9159,#9160,#9161)),.UNSPECIFIED.,.F.,.F.,.F.,
(4,1,1,4),(4,1,1,4),(0.,0.285714285714286,0.571428571428571,1.),(2.43224378807825E-16,
0.673198425769242,1.12199737628207,1.5707963267949),.UNSPECIFIED.);
#3847=B_SPLINE_SURFACE_WITH_KNOTS('',3,3,((#9191,#9192,#9193,#9194,#9195),
(#9196,#9197,#9198,#9199,#9200),(#9201,#9202,#9203,#9204,#9205),(#9206,
#9207,#9208,#9209,#9210),(#9211,#9212,#9213,#9214,#9215),(#9216,#9217,#9218,
#9219,#9220)),.UNSPECIFIED.,.F.,.F.,.F.,(4,1,1,4),(4,1,4),(0.,0.285714285714286,
0.571428571428571,1.),(-1.5707963267949,-0.897597901025655,3.50469613301049E-18),
 .UNSPECIFIED.);
#3848=B_SPLINE_SURFACE_WITH_KNOTS('',3,3,((#9232,#9233,#9234,#9235,#9236,
#9237),(#9238,#9239,#9240,#9241,#9242,#9243),(#9244,#9245,#9246,#9247,#9248,
#9249),(#9250,#9251,#9252,#9253,#9254,#9255),(#9256,#9257,#9258,#9259,#9260,
#9261),(#9262,#9263,#9264,#9265,#9266,#9267)),.UNSPECIFIED.,.F.,.F.,.F.,
(4,1,1,4),(4,1,1,4),(0.,0.285714285714286,0.571428571428571,1.),(2.81983735285965E-16,
0.673198425769242,1.12199737628207,1.5707963267949),.UNSPECIFIED.);
#3849=B_SPLINE_SURFACE_WITH_KNOTS('',3,3,((#9314,#9315,#9316,#9317),(#9318,
#9319,#9320,#9321),(#9322,#9323,#9324,#9325),(#9326,#9327,#9328,#9329)),
 .UNSPECIFIED.,.F.,.F.,.F.,(4,4),(4,4),(0.,1.),(-0.0973530257749483,-0.0469451723003737),
 .UNSPECIFIED.);
#3850=B_SPLINE_SURFACE_WITH_KNOTS('',3,3,((#9336,#9337,#9338,#9339,#9340,
#9341),(#9342,#9343,#9344,#9345,#9346,#9347),(#9348,#9349,#9350,#9351,#9352,
#9353),(#9354,#9355,#9356,#9357,#9358,#9359)),.UNSPECIFIED.,.F.,.F.,.F.,
(4,4),(4,2,4),(0.,1.),(-0.0493957491786682,-0.0492161263872103,0.),
 .UNSPECIFIED.);
#3851=B_SPLINE_SURFACE_WITH_KNOTS('',3,3,((#9367,#9368,#9369,#9370,#9371,
#9372),(#9373,#9374,#9375,#9376,#9377,#9378),(#9379,#9380,#9381,#9382,#9383,
#9384),(#9385,#9386,#9387,#9388,#9389,#9390),(#9391,#9392,#9393,#9394,#9395,
#9396)),.UNSPECIFIED.,.F.,.F.,.F.,(4,1,4),(4,1,1,4),(0.,0.5,1.),(1.14892913788646,
1.26648995255332,1.34486382899789,1.42323770544247),.UNSPECIFIED.);
#3852=B_SPLINE_SURFACE_WITH_KNOTS('',3,3,((#9442,#9443,#9444,#9445,#9446),
(#9447,#9448,#9449,#9450,#9451),(#9452,#9453,#9454,#9455,#9456),(#9457,
#9458,#9459,#9460,#9461),(#9462,#9463,#9464,#9465,#9466)),.UNSPECIFIED.,
 .F.,.F.,.F.,(4,1,4),(4,1,4),(0.,0.571428571428571,1.),(4.71238898038469,
5.28658540937217,5.71723273111278),.UNSPECIFIED.);
#3853=B_SPLINE_SURFACE_WITH_KNOTS('',3,3,((#9551,#9552,#9553,#9554),(#9555,
#9556,#9557,#9558),(#9559,#9560,#9561,#9562),(#9563,#9564,#9565,#9566)),
 .UNSPECIFIED.,.F.,.F.,.F.,(4,4),(4,4),(0.,1.),(-0.150167328093688,-0.0750834725831638),
 .UNSPECIFIED.);
#3854=B_SPLINE_SURFACE_WITH_KNOTS('',3,3,((#9573,#9574,#9575,#9576),(#9577,
#9578,#9579,#9580),(#9581,#9582,#9583,#9584),(#9585,#9586,#9587,#9588)),
 .UNSPECIFIED.,.F.,.F.,.F.,(4,4),(4,4),(0.,1.),(-0.0973530257749483,-0.0469451723003737),
 .UNSPECIFIED.);
#3855=B_SPLINE_SURFACE_WITH_KNOTS('',3,3,((#9595,#9596,#9597,#9598,#9599,
#9600),(#9601,#9602,#9603,#9604,#9605,#9606),(#9607,#9608,#9609,#9610,#9611,
#9612),(#9613,#9614,#9615,#9616,#9617,#9618)),.UNSPECIFIED.,.F.,.F.,.F.,
(4,4),(4,2,4),(0.,1.),(-0.0493957491786682,-0.0492161263872103,0.),
 .UNSPECIFIED.);
#3856=B_SPLINE_SURFACE_WITH_KNOTS('',3,3,((#9626,#9627,#9628,#9629),(#9630,
#9631,#9632,#9633),(#9634,#9635,#9636,#9637),(#9638,#9639,#9640,#9641)),
 .UNSPECIFIED.,.F.,.F.,.F.,(4,4),(4,4),(0.543773344904519,1.),(3.41374093952967,
3.48871752864624),.UNSPECIFIED.);
#3857=B_SPLINE_SURFACE_WITH_KNOTS('',3,3,((#9668,#9669,#9670,#9671,#9672,
#9673),(#9674,#9675,#9676,#9677,#9678,#9679),(#9680,#9681,#9682,#9683,#9684,
#9685),(#9686,#9687,#9688,#9689,#9690,#9691),(#9692,#9693,#9694,#9695,#9696,
#9697)),.UNSPECIFIED.,.F.,.F.,.F.,(4,1,4),(4,1,1,4),(0.,0.5,1.),(1.14892913788646,
1.26648995255332,1.34486382899789,1.42323770544247),.UNSPECIFIED.);
#3858=B_SPLINE_SURFACE_WITH_KNOTS('',3,3,((#9743,#9744,#9745,#9746,#9747),
(#9748,#9749,#9750,#9751,#9752),(#9753,#9754,#9755,#9756,#9757),(#9758,
#9759,#9760,#9761,#9762),(#9763,#9764,#9765,#9766,#9767)),.UNSPECIFIED.,
 .F.,.F.,.F.,(4,1,4),(4,1,4),(0.,0.571428571428571,1.),(4.71238898038469,
5.28658540937217,5.71723273111278),.UNSPECIFIED.);
#3859=ADVANCED_FACE('',(#927),#3795,.T.);
#3860=ADVANCED_FACE('',(#928),#3796,.T.);
#3861=ADVANCED_FACE('',(#929),#3797,.T.);
#3862=ADVANCED_FACE('',(#930),#582,.T.);
#3863=ADVANCED_FACE('',(#931),#583,.T.);
#3864=ADVANCED_FACE('',(#932),#123,.T.);
#3865=ADVANCED_FACE('',(#933),#3798,.T.);
#3866=ADVANCED_FACE('',(#934),#124,.T.);
#3867=ADVANCED_FACE('',(#935),#115,.T.);
#3868=ADVANCED_FACE('',(#936),#116,.T.);
#3869=ADVANCED_FACE('',(#937),#584,.F.);
#3870=ADVANCED_FACE('',(#938),#3799,.T.);
#3871=ADVANCED_FACE('',(#939),#585,.F.);
#3872=ADVANCED_FACE('',(#940),#3800,.T.);
#3873=ADVANCED_FACE('',(#941),#3801,.T.);
#3874=ADVANCED_FACE('',(#942),#586,.T.);
#3875=ADVANCED_FACE('',(#943),#3802,.T.);
#3876=ADVANCED_FACE('',(#944),#3803,.T.);
#3877=ADVANCED_FACE('',(#945),#587,.T.);
#3878=ADVANCED_FACE('',(#946),#3804,.T.);
#3879=ADVANCED_FACE('',(#947),#588,.T.);
#3880=ADVANCED_FACE('',(#948),#589,.F.);
#3881=ADVANCED_FACE('',(#949),#3805,.F.);
#3882=ADVANCED_FACE('',(#950),#590,.T.);
#3883=ADVANCED_FACE('',(#951),#3806,.F.);
#3884=ADVANCED_FACE('',(#952),#3807,.F.);
#3885=ADVANCED_FACE('',(#953),#3808,.F.);
#3886=ADVANCED_FACE('',(#954),#31,.T.);
#3887=ADVANCED_FACE('',(#955),#32,.F.);
#3888=ADVANCED_FACE('',(#956),#591,.T.);
#3889=ADVANCED_FACE('',(#957),#125,.F.);
#3890=ADVANCED_FACE('',(#958),#592,.F.);
#3891=ADVANCED_FACE('',(#959),#593,.F.);
#3892=ADVANCED_FACE('',(#960),#126,.F.);
#3893=ADVANCED_FACE('',(#961),#127,.F.);
#3894=ADVANCED_FACE('',(#962),#594,.F.);
#3895=ADVANCED_FACE('',(#963),#33,.T.);
#3896=ADVANCED_FACE('',(#964),#595,.F.);
#3897=ADVANCED_FACE('',(#965),#34,.F.);
#3898=ADVANCED_FACE('',(#966,#21),#35,.T.);
#3899=ADVANCED_FACE('',(#967),#596,.T.);
#3900=ADVANCED_FACE('',(#968),#128,.T.);
#3901=ADVANCED_FACE('',(#969),#597,.T.);
#3902=ADVANCED_FACE('',(#970),#129,.T.);
#3903=ADVANCED_FACE('',(#971),#598,.T.);
#3904=ADVANCED_FACE('',(#972),#130,.T.);
#3905=ADVANCED_FACE('',(#973),#3809,.T.);
#3906=ADVANCED_FACE('',(#974),#3810,.T.);
#3907=ADVANCED_FACE('',(#975),#36,.F.);
#3908=ADVANCED_FACE('',(#976),#599,.F.);
#3909=ADVANCED_FACE('',(#977),#37,.F.);
#3910=ADVANCED_FACE('',(#978),#600,.F.);
#3911=ADVANCED_FACE('',(#979),#601,.F.);
#3912=ADVANCED_FACE('',(#980),#602,.F.);
#3913=ADVANCED_FACE('',(#981),#117,.F.);
#3914=ADVANCED_FACE('',(#982),#118,.F.);
#3915=ADVANCED_FACE('',(#983),#38,.T.);
#3916=ADVANCED_FACE('',(#984),#603,.F.);
#3917=ADVANCED_FACE('',(#985),#3811,.F.);
#3918=ADVANCED_FACE('',(#986),#604,.F.);
#3919=ADVANCED_FACE('',(#987),#131,.F.);
#3920=ADVANCED_FACE('',(#988),#3812,.F.);
#3921=ADVANCED_FACE('',(#989),#605,.F.);
#3922=ADVANCED_FACE('',(#990),#132,.T.);
#3923=ADVANCED_FACE('',(#991),#606,.T.);
#3924=ADVANCED_FACE('',(#992),#607,.F.);
#3925=ADVANCED_FACE('',(#993),#3813,.F.);
#3926=ADVANCED_FACE('',(#994),#608,.F.);
#3927=ADVANCED_FACE('',(#995),#3814,.F.);
#3928=ADVANCED_FACE('',(#996),#609,.F.);
#3929=ADVANCED_FACE('',(#997),#133,.T.);
#3930=ADVANCED_FACE('',(#998),#610,.F.);
#3931=ADVANCED_FACE('',(#999),#3815,.F.);
#3932=ADVANCED_FACE('',(#1000),#611,.F.);
#3933=ADVANCED_FACE('',(#1001),#3816,.F.);
#3934=ADVANCED_FACE('',(#1002),#612,.F.);
#3935=ADVANCED_FACE('',(#1003),#134,.T.);
#3936=ADVANCED_FACE('',(#1004),#613,.T.);
#3937=ADVANCED_FACE('',(#1005),#614,.F.);
#3938=ADVANCED_FACE('',(#1006),#615,.T.);
#3939=ADVANCED_FACE('',(#1007),#39,.T.);
#3940=ADVANCED_FACE('',(#1008),#616,.T.);
#3941=ADVANCED_FACE('',(#1009),#40,.F.);
#3942=ADVANCED_FACE('',(#1010),#617,.F.);
#3943=ADVANCED_FACE('',(#1011),#618,.F.);
#3944=ADVANCED_FACE('',(#1012),#41,.F.);
#3945=ADVANCED_FACE('',(#1013),#619,.T.);
#3946=ADVANCED_FACE('',(#1014),#3817,.T.);
#3947=ADVANCED_FACE('',(#1015),#3818,.T.);
#3948=ADVANCED_FACE('',(#1016),#3819,.T.);
#3949=ADVANCED_FACE('',(#1017),#620,.T.);
#3950=ADVANCED_FACE('',(#1018),#3820,.T.);
#3951=ADVANCED_FACE('',(#1019),#135,.T.);
#3952=ADVANCED_FACE('',(#1020),#621,.T.);
#3953=ADVANCED_FACE('',(#1021),#136,.T.);
#3954=ADVANCED_FACE('',(#1022),#622,.T.);
#3955=ADVANCED_FACE('',(#1023),#137,.T.);
#3956=ADVANCED_FACE('',(#1024),#623,.T.);
#3957=ADVANCED_FACE('',(#1025),#624,.F.);
#3958=ADVANCED_FACE('',(#1026),#625,.F.);
#3959=ADVANCED_FACE('',(#1027),#42,.F.);
#3960=ADVANCED_FACE('',(#1028,#22),#43,.T.);
#3961=ADVANCED_FACE('',(#1029),#44,.T.);
#3962=ADVANCED_FACE('',(#1030),#45,.T.);
#3963=ADVANCED_FACE('',(#1031),#626,.T.);
#3964=ADVANCED_FACE('',(#1032),#3821,.F.);
#3965=ADVANCED_FACE('',(#1033),#3822,.F.);
#3966=ADVANCED_FACE('',(#1034),#3823,.F.);
#3967=ADVANCED_FACE('',(#1035),#3824,.F.);
#3968=ADVANCED_FACE('',(#1036),#3825,.F.);
#3969=ADVANCED_FACE('',(#1037),#627,.T.);
#3970=ADVANCED_FACE('',(#1038),#3826,.F.);
#3971=ADVANCED_FACE('',(#1039),#138,.T.);
#3972=ADVANCED_FACE('',(#1040),#628,.T.);
#3973=ADVANCED_FACE('',(#1041),#139,.T.);
#3974=ADVANCED_FACE('',(#1042),#629,.T.);
#3975=ADVANCED_FACE('',(#1043),#140,.T.);
#3976=ADVANCED_FACE('',(#1044),#630,.T.);
#3977=ADVANCED_FACE('',(#1045),#631,.T.);
#3978=ADVANCED_FACE('',(#1046),#46,.T.);
#3979=ADVANCED_FACE('',(#1047),#632,.F.);
#3980=ADVANCED_FACE('',(#1048),#47,.T.);
#3981=ADVANCED_FACE('',(#1049),#48,.F.);
#3982=ADVANCED_FACE('',(#1050),#3827,.F.);
#3983=ADVANCED_FACE('',(#1051),#3828,.F.);
#3984=ADVANCED_FACE('',(#1052,#23),#49,.T.);
#3985=ADVANCED_FACE('',(#1053),#633,.T.);
#3986=ADVANCED_FACE('',(#1054),#50,.F.);
#3987=ADVANCED_FACE('',(#1055),#141,.T.);
#3988=ADVANCED_FACE('',(#1056,#24),#51,.T.);
#3989=ADVANCED_FACE('',(#1057),#634,.F.);
#3990=ADVANCED_FACE('',(#1058),#3829,.F.);
#3991=ADVANCED_FACE('',(#1059),#635,.T.);
#3992=ADVANCED_FACE('',(#1060),#636,.T.);
#3993=ADVANCED_FACE('',(#1061),#142,.T.);
#3994=ADVANCED_FACE('',(#1062),#3830,.F.);
#3995=ADVANCED_FACE('',(#1063),#143,.T.);
#3996=ADVANCED_FACE('',(#1064),#119,.T.);
#3997=ADVANCED_FACE('',(#1065),#120,.T.);
#3998=ADVANCED_FACE('',(#1066),#52,.F.);
#3999=ADVANCED_FACE('',(#1067),#637,.F.);
#4000=ADVANCED_FACE('',(#1068),#3831,.F.);
#4001=ADVANCED_FACE('',(#1069),#638,.F.);
#4002=ADVANCED_FACE('',(#1070),#3832,.F.);
#4003=ADVANCED_FACE('',(#1071),#639,.F.);
#4004=ADVANCED_FACE('',(#1072),#3833,.F.);
#4005=ADVANCED_FACE('',(#1073),#640,.T.);
#4006=ADVANCED_FACE('',(#1074),#3834,.F.);
#4007=ADVANCED_FACE('',(#1075),#3835,.F.);
#4008=ADVANCED_FACE('',(#1076),#641,.T.);
#4009=ADVANCED_FACE('',(#1077),#3836,.F.);
#4010=ADVANCED_FACE('',(#1078),#642,.T.);
#4011=ADVANCED_FACE('',(#1079),#643,.F.);
#4012=ADVANCED_FACE('',(#1080),#3837,.T.);
#4013=ADVANCED_FACE('',(#1081),#644,.T.);
#4014=ADVANCED_FACE('',(#1082),#3838,.T.);
#4015=ADVANCED_FACE('',(#1083),#3839,.T.);
#4016=ADVANCED_FACE('',(#1084),#3840,.T.);
#4017=ADVANCED_FACE('',(#1085),#53,.F.);
#4018=ADVANCED_FACE('',(#1086),#54,.T.);
#4019=ADVANCED_FACE('',(#1087),#645,.T.);
#4020=ADVANCED_FACE('',(#1088,#25),#55,.T.);
#4021=ADVANCED_FACE('',(#1089,#26),#56,.T.);
#4022=ADVANCED_FACE('',(#1090),#144,.F.);
#4023=ADVANCED_FACE('',(#1091),#646,.F.);
#4024=ADVANCED_FACE('',(#1092),#647,.F.);
#4025=ADVANCED_FACE('',(#1093),#145,.F.);
#4026=ADVANCED_FACE('',(#1094),#146,.F.);
#4027=ADVANCED_FACE('',(#1095),#648,.F.);
#4028=ADVANCED_FACE('',(#1096),#57,.F.);
#4029=ADVANCED_FACE('',(#1097),#649,.F.);
#4030=ADVANCED_FACE('',(#1098),#58,.T.);
#4031=ADVANCED_FACE('',(#1099,#27),#59,.F.);
#4032=ADVANCED_FACE('',(#1100),#650,.T.);
#4033=ADVANCED_FACE('',(#1101),#147,.T.);
#4034=ADVANCED_FACE('',(#1102),#651,.T.);
#4035=ADVANCED_FACE('',(#1103),#148,.T.);
#4036=ADVANCED_FACE('',(#1104),#652,.T.);
#4037=ADVANCED_FACE('',(#1105),#149,.T.);
#4038=ADVANCED_FACE('',(#1106),#3841,.F.);
#4039=ADVANCED_FACE('',(#1107),#3842,.F.);
#4040=ADVANCED_FACE('',(#1108),#60,.T.);
#4041=ADVANCED_FACE('',(#1109),#653,.F.);
#4042=ADVANCED_FACE('',(#1110),#61,.T.);
#4043=ADVANCED_FACE('',(#1111),#654,.F.);
#4044=ADVANCED_FACE('',(#1112),#655,.F.);
#4045=ADVANCED_FACE('',(#1113),#656,.F.);
#4046=ADVANCED_FACE('',(#1114),#121,.F.);
#4047=ADVANCED_FACE('',(#1115),#122,.F.);
#4048=ADVANCED_FACE('',(#1116),#62,.F.);
#4049=ADVANCED_FACE('',(#1117),#657,.F.);
#4050=ADVANCED_FACE('',(#1118),#3843,.T.);
#4051=ADVANCED_FACE('',(#1119),#658,.F.);
#4052=ADVANCED_FACE('',(#1120),#150,.F.);
#4053=ADVANCED_FACE('',(#1121),#3844,.T.);
#4054=ADVANCED_FACE('',(#1122),#659,.F.);
#4055=ADVANCED_FACE('',(#1123),#151,.T.);
#4056=ADVANCED_FACE('',(#1124),#660,.T.);
#4057=ADVANCED_FACE('',(#1125),#661,.F.);
#4058=ADVANCED_FACE('',(#1126),#3845,.T.);
#4059=ADVANCED_FACE('',(#1127),#662,.F.);
#4060=ADVANCED_FACE('',(#1128),#3846,.T.);
#4061=ADVANCED_FACE('',(#1129),#663,.F.);
#4062=ADVANCED_FACE('',(#1130),#152,.T.);
#4063=ADVANCED_FACE('',(#1131),#664,.F.);
#4064=ADVANCED_FACE('',(#1132),#3847,.T.);
#4065=ADVANCED_FACE('',(#1133),#665,.F.);
#4066=ADVANCED_FACE('',(#1134),#3848,.T.);
#4067=ADVANCED_FACE('',(#1135),#666,.F.);
#4068=ADVANCED_FACE('',(#1136),#153,.T.);
#4069=ADVANCED_FACE('',(#1137),#667,.T.);
#4070=ADVANCED_FACE('',(#1138),#668,.F.);
#4071=ADVANCED_FACE('',(#1139),#669,.T.);
#4072=ADVANCED_FACE('',(#1140),#63,.F.);
#4073=ADVANCED_FACE('',(#1141),#670,.T.);
#4074=ADVANCED_FACE('',(#1142),#64,.T.);
#4075=ADVANCED_FACE('',(#1143),#671,.F.);
#4076=ADVANCED_FACE('',(#1144),#672,.F.);
#4077=ADVANCED_FACE('',(#1145),#65,.T.);
#4078=ADVANCED_FACE('',(#1146),#673,.T.);
#4079=ADVANCED_FACE('',(#1147),#3849,.F.);
#4080=ADVANCED_FACE('',(#1148),#3850,.F.);
#4081=ADVANCED_FACE('',(#1149),#3851,.F.);
#4082=ADVANCED_FACE('',(#1150),#674,.T.);
#4083=ADVANCED_FACE('',(#1151),#3852,.F.);
#4084=ADVANCED_FACE('',(#1152),#154,.T.);
#4085=ADVANCED_FACE('',(#1153),#675,.T.);
#4086=ADVANCED_FACE('',(#1154),#155,.T.);
#4087=ADVANCED_FACE('',(#1155),#676,.T.);
#4088=ADVANCED_FACE('',(#1156),#156,.T.);
#4089=ADVANCED_FACE('',(#1157),#677,.T.);
#4090=ADVANCED_FACE('',(#1158),#678,.F.);
#4091=ADVANCED_FACE('',(#1159),#679,.F.);
#4092=ADVANCED_FACE('',(#1160,#28),#66,.T.);
#4093=ADVANCED_FACE('',(#1161),#67,.T.);
#4094=ADVANCED_FACE('',(#1162,#29),#68,.F.);
#4095=ADVANCED_FACE('',(#1163),#69,.F.);
#4096=ADVANCED_FACE('',(#1164),#70,.F.);
#4097=ADVANCED_FACE('',(#1165),#680,.T.);
#4098=ADVANCED_FACE('',(#1166),#681,.F.);
#4099=ADVANCED_FACE('',(#1167,#30),#71,.T.);
#4100=ADVANCED_FACE('',(#1168),#3853,.T.);
#4101=ADVANCED_FACE('',(#1169),#3854,.T.);
#4102=ADVANCED_FACE('',(#1170),#3855,.T.);
#4103=ADVANCED_FACE('',(#1171),#3856,.T.);
#4104=ADVANCED_FACE('',(#1172),#72,.T.);
#4105=ADVANCED_FACE('',(#1173),#3857,.T.);
#4106=ADVANCED_FACE('',(#1174),#682,.T.);
#4107=ADVANCED_FACE('',(#1175),#3858,.T.);
#4108=ADVANCED_FACE('',(#1176),#157,.T.);
#4109=ADVANCED_FACE('',(#1177),#683,.T.);
#4110=ADVANCED_FACE('',(#1178),#158,.T.);
#4111=ADVANCED_FACE('',(#1179),#684,.T.);
#4112=ADVANCED_FACE('',(#1180),#159,.T.);
#4113=ADVANCED_FACE('',(#1181),#685,.T.);
#4114=ADVANCED_FACE('',(#1182),#686,.T.);
#4115=ADVANCED_FACE('',(#1183),#73,.F.);
#4116=ADVANCED_FACE('',(#1184),#687,.F.);
#4117=ADVANCED_FACE('',(#1185),#74,.F.);
#4118=ADVANCED_FACE('',(#1186),#688,.F.);
#4119=CLOSED_SHELL('',(#3859,#3860,#3861,#3862,#3863,#3864,#3865,#3866,
#3867,#3868,#3869,#3870,#3871,#3872,#3873,#3874,#3875,#3876,#3877,#3878,
#3879,#3880,#3881,#3882,#3883,#3884,#3885,#3886,#3887,#3888,#3889,#3890,
#3891,#3892,#3893,#3894,#3895,#3896,#3897,#3898,#3899,#3900,#3901,#3902,
#3903,#3904,#3905,#3906,#3907,#3908,#3909,#3910,#3911,#3912,#3913,#3914,
#3915,#3916,#3917,#3918,#3919,#3920,#3921,#3922,#3923,#3924,#3925,#3926,
#3927,#3928,#3929,#3930,#3931,#3932,#3933,#3934,#3935,#3936,#3937,#3938,
#3939,#3940,#3941,#3942,#3943,#3944,#3945,#3946,#3947,#3948,#3949,#3950,
#3951,#3952,#3953,#3954,#3955,#3956,#3957,#3958,#3959,#3960,#3961,#3962,
#3963,#3964,#3965,#3966,#3967,#3968,#3969,#3970,#3971,#3972,#3973,#3974,
#3975,#3976,#3977,#3978,#3979,#3980,#3981,#3982,#3983,#3984,#3985,#3986,
#3987,#3988,#3989,#3990,#3991,#3992,#3993,#3994,#3995,#3996,#3997,#3998,
#3999,#4000,#4001,#4002,#4003,#4004,#4005,#4006,#4007,#4008,#4009,#4010,
#4011,#4012,#4013,#4014,#4015,#4016,#4017,#4018,#4019,#4020,#4021,#4022,
#4023,#4024,#4025,#4026,#4027,#4028,#4029,#4030,#4031,#4032,#4033,#4034,
#4035,#4036,#4037,#4038,#4039,#4040,#4041,#4042,#4043,#4044,#4045,#4046,
#4047,#4048,#4049,#4050,#4051,#4052,#4053,#4054,#4055,#4056,#4057,#4058,
#4059,#4060,#4061,#4062,#4063,#4064,#4065,#4066,#4067,#4068,#4069,#4070,
#4071,#4072,#4073,#4074,#4075,#4076,#4077,#4078,#4079,#4080,#4081,#4082,
#4083,#4084,#4085,#4086,#4087,#4088,#4089,#4090,#4091,#4092,#4093,#4094,
#4095,#4096,#4097,#4098,#4099,#4100,#4101,#4102,#4103,#4104,#4105,#4106,
#4107,#4108,#4109,#4110,#4111,#4112,#4113,#4114,#4115,#4116,#4117,#4118));
#4120=DERIVED_UNIT_ELEMENT(#4123,1.);
#4121=DERIVED_UNIT_ELEMENT(#9835,-3.);
#4122=DIMENSIONAL_EXPONENTS(0.,1.,0.,0.,0.,0.,0.);
#4123=(
CONVERSION_BASED_UNIT('gram',#4125)
MASS_UNIT()
NAMED_UNIT(#4122)
);
#4124=(
MASS_UNIT()
NAMED_UNIT(*)
SI_UNIT(.KILO.,.GRAM.)
);
#4125=MASS_MEASURE_WITH_UNIT(MASS_MEASURE(0.001),#4124);
#4126=DERIVED_UNIT((#4120,#4121));
#4127=MEASURE_REPRESENTATION_ITEM('density measure',
POSITIVE_RATIO_MEASURE(1.),#4126);
#4128=PROPERTY_DEFINITION_REPRESENTATION(#4133,#4130);
#4129=PROPERTY_DEFINITION_REPRESENTATION(#4134,#4131);
#4130=REPRESENTATION('material name',(#4132),#9832);
#4131=REPRESENTATION('density',(#4127),#9832);
#4132=DESCRIPTIVE_REPRESENTATION_ITEM('Generisch','Generisch');
#4133=PROPERTY_DEFINITION('material property','material name',#9842);
#4134=PROPERTY_DEFINITION('material property','density of part',#9842);
#4135=DATE_TIME_ROLE('creation_date');
#4136=APPLIED_DATE_AND_TIME_ASSIGNMENT(#4137,#4135,(#9842));
#4137=DATE_AND_TIME(#4138,#4139);
#4138=CALENDAR_DATE(2025,27,3);
#4139=LOCAL_TIME(0,0,0.,#4140);
#4140=COORDINATED_UNIVERSAL_TIME_OFFSET(0,0,.BEHIND.);
#4141=AXIS2_PLACEMENT_3D('',#5777,#4616,#4617);
#4142=AXIS2_PLACEMENT_3D('',#5836,#4618,#4619);
#4143=AXIS2_PLACEMENT_3D('',#5903,#4620,#4621);
#4144=AXIS2_PLACEMENT_3D('',#5916,#4622,#4623);
#4145=AXIS2_PLACEMENT_3D('',#5927,#4624,#4625);
#4146=AXIS2_PLACEMENT_3D('',#5930,#4626,#4627);
#4147=AXIS2_PLACEMENT_3D('',#5933,#4630,#4631);
#4148=AXIS2_PLACEMENT_3D('',#5936,#4632,#4633);
#4149=AXIS2_PLACEMENT_3D('',#5939,#4636,#4637);
#4150=AXIS2_PLACEMENT_3D('',#5941,#4638,#4639);
#4151=AXIS2_PLACEMENT_3D('',#5943,#4640,#4641);
#4152=AXIS2_PLACEMENT_3D('',#5945,#4642,#4643);
#4153=AXIS2_PLACEMENT_3D('',#5946,#4644,#4645);
#4154=AXIS2_PLACEMENT_3D('',#5999,#4646,#4647);
#4155=AXIS2_PLACEMENT_3D('',#6020,#4648,#4649);
#4156=AXIS2_PLACEMENT_3D('',#6022,#4650,#4651);
#4157=AXIS2_PLACEMENT_3D('',#6023,#4652,#4653);
#4158=AXIS2_PLACEMENT_3D('',#6024,#4654,#4655);
#4159=AXIS2_PLACEMENT_3D('',#6025,#4656,#4657);
#4160=AXIS2_PLACEMENT_3D('',#6026,#4658,#4659);
#4161=AXIS2_PLACEMENT_3D('',#6027,#4660,#4661);
#4162=AXIS2_PLACEMENT_3D('',#6028,#4662,#4663);
#4163=AXIS2_PLACEMENT_3D('',#6029,#4664,#4665);
#4164=AXIS2_PLACEMENT_3D('',#6033,#4667,#4668);
#4165=AXIS2_PLACEMENT_3D('',#6067,#4670,#4671);
#4166=AXIS2_PLACEMENT_3D('',#6074,#4672,#4673);
#4167=AXIS2_PLACEMENT_3D('',#6078,#4675,#4676);
#4168=AXIS2_PLACEMENT_3D('',#6107,#4678,#4679);
#4169=AXIS2_PLACEMENT_3D('',#6171,#4680,#4681);
#4170=AXIS2_PLACEMENT_3D('',#6188,#4682,#4683);
#4171=AXIS2_PLACEMENT_3D('',#6203,#4684,#4685);
#4172=AXIS2_PLACEMENT_3D('',#6206,#4686,#4687);
#4173=AXIS2_PLACEMENT_3D('',#6277,#4690,#4691);
#4174=AXIS2_PLACEMENT_3D('',#6290,#4692,#4693);
#4175=AXIS2_PLACEMENT_3D('',#6293,#4694,#4695);
#4176=AXIS2_PLACEMENT_3D('',#6368,#4698,#4699);
#4177=AXIS2_PLACEMENT_3D('',#6383,#4700,#4701);
#4178=AXIS2_PLACEMENT_3D('',#6386,#4704,#4705);
#4179=AXIS2_PLACEMENT_3D('',#6450,#4706,#4707);
#4180=AXIS2_PLACEMENT_3D('',#6459,#4709,#4710);
#4181=AXIS2_PLACEMENT_3D('',#6461,#4711,#4712);
#4182=AXIS2_PLACEMENT_3D('',#6479,#4716,#4717);
#4183=AXIS2_PLACEMENT_3D('',#6481,#4718,#4719);
#4184=AXIS2_PLACEMENT_3D('',#6568,#4721,#4722);
#4185=AXIS2_PLACEMENT_3D('',#6590,#4723,#4724);
#4186=AXIS2_PLACEMENT_3D('',#6595,#4725,#4726);
#4187=AXIS2_PLACEMENT_3D('',#6597,#4727,#4728);
#4188=AXIS2_PLACEMENT_3D('',#6599,#4729,#4730);
#4189=AXIS2_PLACEMENT_3D('',#6602,#4732,#4733);
#4190=AXIS2_PLACEMENT_3D('',#6603,#4734,#4735);
#4191=AXIS2_PLACEMENT_3D('',#6605,#4736,#4737);
#4192=AXIS2_PLACEMENT_3D('',#6607,#4738,#4739);
#4193=AXIS2_PLACEMENT_3D('',#6610,#4741,#4742);
#4194=AXIS2_PLACEMENT_3D('',#6611,#4743,#4744);
#4195=AXIS2_PLACEMENT_3D('',#6615,#4746,#4747);
#4196=AXIS2_PLACEMENT_3D('',#6617,#4749,#4750);
#4197=AXIS2_PLACEMENT_3D('',#6620,#4751,#4752);
#4198=AXIS2_PLACEMENT_3D('',#6622,#4753,#4754);
#4199=AXIS2_PLACEMENT_3D('',#6624,#4755,#4756);
#4200=AXIS2_PLACEMENT_3D('',#6625,#4757,#4758);
#4201=AXIS2_PLACEMENT_3D('',#6626,#4759,#4760);
#4202=AXIS2_PLACEMENT_3D('',#6643,#4763,#4764);
#4203=AXIS2_PLACEMENT_3D('',#6662,#4767,#4768);
#4204=AXIS2_PLACEMENT_3D('',#6663,#4769,#4770);
#4205=AXIS2_PLACEMENT_3D('',#6664,#4771,#4772);
#4206=AXIS2_PLACEMENT_3D('',#6665,#4773,#4774);
#4207=AXIS2_PLACEMENT_3D('',#6666,#4775,#4776);
#4208=AXIS2_PLACEMENT_3D('',#6669,#4777,#4778);
#4209=AXIS2_PLACEMENT_3D('',#6670,#4779,#4780);
#4210=AXIS2_PLACEMENT_3D('',#6671,#4781,#4782);
#4211=AXIS2_PLACEMENT_3D('',#6672,#4783,#4784);
#4212=AXIS2_PLACEMENT_3D('',#6675,#4787,#4788);
#4213=AXIS2_PLACEMENT_3D('',#6681,#4792,#4793);
#4214=AXIS2_PLACEMENT_3D('',#6683,#4794,#4795);
#4215=AXIS2_PLACEMENT_3D('',#6685,#4797,#4798);
#4216=AXIS2_PLACEMENT_3D('',#6689,#4801,#4802);
#4217=AXIS2_PLACEMENT_3D('',#6691,#4803,#4804);
#4218=AXIS2_PLACEMENT_3D('',#6692,#4805,#4806);
#4219=AXIS2_PLACEMENT_3D('',#6694,#4807,#4808);
#4220=AXIS2_PLACEMENT_3D('',#6697,#4810,#4811);
#4221=AXIS2_PLACEMENT_3D('',#6698,#4812,#4813);
#4222=AXIS2_PLACEMENT_3D('',#6700,#4814,#4815);
#4223=AXIS2_PLACEMENT_3D('',#6701,#4816,#4817);
#4224=AXIS2_PLACEMENT_3D('',#6703,#4818,#4819);
#4225=AXIS2_PLACEMENT_3D('',#6704,#4820,#4821);
#4226=AXIS2_PLACEMENT_3D('',#6705,#4822,#4823);
#4227=AXIS2_PLACEMENT_3D('',#6720,#4825,#4826);
#4228=AXIS2_PLACEMENT_3D('',#6722,#4827,#4828);
#4229=AXIS2_PLACEMENT_3D('',#6735,#4829,#4830);
#4230=AXIS2_PLACEMENT_3D('',#6738,#4832,#4833);
#4231=AXIS2_PLACEMENT_3D('',#6739,#4834,#4835);
#4232=AXIS2_PLACEMENT_3D('',#6741,#4836,#4837);
#4233=AXIS2_PLACEMENT_3D('',#6742,#4838,#4839);
#4234=AXIS2_PLACEMENT_3D('',#6743,#4840,#4841);
#4235=AXIS2_PLACEMENT_3D('',#6792,#4842,#4843);
#4236=AXIS2_PLACEMENT_3D('',#6796,#4845,#4846);
#4237=AXIS2_PLACEMENT_3D('',#6800,#4849,#4850);
#4238=AXIS2_PLACEMENT_3D('',#6802,#4852,#4853);
#4239=AXIS2_PLACEMENT_3D('',#6804,#4855,#4856);
#4240=AXIS2_PLACEMENT_3D('',#6805,#4857,#4858);
#4241=AXIS2_PLACEMENT_3D('',#6808,#4860,#4861);
#4242=AXIS2_PLACEMENT_3D('',#6809,#4862,#4863);
#4243=AXIS2_PLACEMENT_3D('',#6811,#4864,#4865);
#4244=AXIS2_PLACEMENT_3D('',#6813,#4867,#4868);
#4245=AXIS2_PLACEMENT_3D('',#6814,#4869,#4870);
#4246=AXIS2_PLACEMENT_3D('',#6815,#4871,#4872);
#4247=AXIS2_PLACEMENT_3D('',#6816,#4873,#4874);
#4248=AXIS2_PLACEMENT_3D('',#6817,#4875,#4876);
#4249=AXIS2_PLACEMENT_3D('',#6833,#4882,#4883);
#4250=AXIS2_PLACEMENT_3D('',#6835,#4884,#4885);
#4251=AXIS2_PLACEMENT_3D('',#6869,#4887,#4888);
#4252=AXIS2_PLACEMENT_3D('',#6870,#4889,#4890);
#4253=AXIS2_PLACEMENT_3D('',#6871,#4891,#4892);
#4254=AXIS2_PLACEMENT_3D('',#6873,#4894,#4895);
#4255=AXIS2_PLACEMENT_3D('',#6876,#4896,#4897);
#4256=AXIS2_PLACEMENT_3D('',#6891,#4898,#4899);
#4257=AXIS2_PLACEMENT_3D('',#6937,#4900,#4901);
#4258=AXIS2_PLACEMENT_3D('',#6943,#4902,#4903);
#4259=AXIS2_PLACEMENT_3D('',#6944,#4904,#4905);
#4260=AXIS2_PLACEMENT_3D('',#6946,#4907,#4908);
#4261=AXIS2_PLACEMENT_3D('',#6948,#4909,#4910);
#4262=AXIS2_PLACEMENT_3D('',#6949,#4911,#4912);
#4263=AXIS2_PLACEMENT_3D('',#6950,#4913,#4914);
#4264=AXIS2_PLACEMENT_3D('',#6965,#4916,#4917);
#4265=AXIS2_PLACEMENT_3D('',#6970,#4920,#4921);
#4266=AXIS2_PLACEMENT_3D('',#7003,#4922,#4923);
#4267=AXIS2_PLACEMENT_3D('',#7004,#4924,#4925);
#4268=AXIS2_PLACEMENT_3D('',#7005,#4926,#4927);
#4269=AXIS2_PLACEMENT_3D('',#7006,#4928,#4929);
#4270=AXIS2_PLACEMENT_3D('',#7009,#4930,#4931);
#4271=AXIS2_PLACEMENT_3D('',#7050,#4934,#4935);
#4272=AXIS2_PLACEMENT_3D('',#7051,#4936,#4937);
#4273=AXIS2_PLACEMENT_3D('',#7052,#4938,#4939);
#4274=AXIS2_PLACEMENT_3D('',#7053,#4940,#4941);
#4275=AXIS2_PLACEMENT_3D('',#7056,#4944,#4945);
#4276=AXIS2_PLACEMENT_3D('',#7058,#4946,#4947);
#4277=AXIS2_PLACEMENT_3D('',#7071,#4948,#4949);
#4278=AXIS2_PLACEMENT_3D('',#7076,#4952,#4953);
#4279=AXIS2_PLACEMENT_3D('',#7109,#4954,#4955);
#4280=AXIS2_PLACEMENT_3D('',#7110,#4956,#4957);
#4281=AXIS2_PLACEMENT_3D('',#7111,#4958,#4959);
#4282=AXIS2_PLACEMENT_3D('',#7112,#4960,#4961);
#4283=AXIS2_PLACEMENT_3D('',#7115,#4962,#4963);
#4284=AXIS2_PLACEMENT_3D('',#7155,#4966,#4967);
#4285=AXIS2_PLACEMENT_3D('',#7156,#4968,#4969);
#4286=AXIS2_PLACEMENT_3D('',#7157,#4970,#4971);
#4287=AXIS2_PLACEMENT_3D('',#7158,#4972,#4973);
#4288=AXIS2_PLACEMENT_3D('',#7160,#4975,#4976);
#4289=AXIS2_PLACEMENT_3D('',#7162,#4977,#4978);
#4290=AXIS2_PLACEMENT_3D('',#7163,#4979,#4980);
#4291=AXIS2_PLACEMENT_3D('',#7164,#4981,#4982);
#4292=AXIS2_PLACEMENT_3D('',#7165,#4983,#4984);
#4293=AXIS2_PLACEMENT_3D('',#7167,#4986,#4987);
#4294=AXIS2_PLACEMENT_3D('',#7171,#4989,#4990);
#4295=AXIS2_PLACEMENT_3D('',#7172,#4991,#4992);
#4296=AXIS2_PLACEMENT_3D('',#7173,#4993,#4994);
#4297=AXIS2_PLACEMENT_3D('',#7174,#4995,#4996);
#4298=AXIS2_PLACEMENT_3D('',#7176,#4998,#4999);
#4299=AXIS2_PLACEMENT_3D('',#7178,#5001,#5002);
#4300=AXIS2_PLACEMENT_3D('',#7184,#5006,#5007);
#4301=AXIS2_PLACEMENT_3D('',#7187,#5009,#5010);
#4302=AXIS2_PLACEMENT_3D('',#7188,#5011,#5012);
#4303=AXIS2_PLACEMENT_3D('',#7190,#5013,#5014);
#4304=AXIS2_PLACEMENT_3D('',#7192,#5015,#5016);
#4305=AXIS2_PLACEMENT_3D('',#7194,#5018,#5019);
#4306=AXIS2_PLACEMENT_3D('',#7198,#5022,#5023);
#4307=AXIS2_PLACEMENT_3D('',#7200,#5024,#5025);
#4308=AXIS2_PLACEMENT_3D('',#7220,#5027,#5028);
#4309=AXIS2_PLACEMENT_3D('',#7347,#5029,#5030);
#4310=AXIS2_PLACEMENT_3D('',#7350,#5032,#5033);
#4311=AXIS2_PLACEMENT_3D('',#7377,#5034,#5035);
#4312=AXIS2_PLACEMENT_3D('',#7406,#5036,#5037);
#4313=AXIS2_PLACEMENT_3D('',#7419,#5038,#5039);
#4314=AXIS2_PLACEMENT_3D('',#7420,#5040,#5041);
#4315=AXIS2_PLACEMENT_3D('',#7421,#5042,#5043);
#4316=AXIS2_PLACEMENT_3D('',#7423,#5044,#5045);
#4317=AXIS2_PLACEMENT_3D('',#7425,#5047,#5048);
#4318=AXIS2_PLACEMENT_3D('',#7427,#5049,#5050);
#4319=AXIS2_PLACEMENT_3D('',#7428,#5051,#5052);
#4320=AXIS2_PLACEMENT_3D('',#7429,#5053,#5054);
#4321=AXIS2_PLACEMENT_3D('',#7432,#5055,#5056);
#4322=AXIS2_PLACEMENT_3D('',#7435,#5059,#5060);
#4323=AXIS2_PLACEMENT_3D('',#7438,#5061,#5062);
#4324=AXIS2_PLACEMENT_3D('',#7439,#5063,#5064);
#4325=AXIS2_PLACEMENT_3D('',#7440,#5065,#5066);
#4326=AXIS2_PLACEMENT_3D('',#7441,#5067,#5068);
#4327=AXIS2_PLACEMENT_3D('',#7445,#5070,#5071);
#4328=AXIS2_PLACEMENT_3D('',#7447,#5073,#5074);
#4329=AXIS2_PLACEMENT_3D('',#7449,#5075,#5076);
#4330=AXIS2_PLACEMENT_3D('',#7451,#5078,#5079);
#4331=AXIS2_PLACEMENT_3D('',#7456,#5081,#5082);
#4332=AXIS2_PLACEMENT_3D('',#7459,#5084,#5085);
#4333=AXIS2_PLACEMENT_3D('',#7460,#5086,#5087);
#4334=AXIS2_PLACEMENT_3D('',#7461,#5088,#5089);
#4335=AXIS2_PLACEMENT_3D('',#7470,#5094,#5095);
#4336=AXIS2_PLACEMENT_3D('',#7471,#5096,#5097);
#4337=AXIS2_PLACEMENT_3D('',#7475,#5099,#5100);
#4338=AXIS2_PLACEMENT_3D('',#7479,#5103,#5104);
#4339=AXIS2_PLACEMENT_3D('',#7483,#5107,#5108);
#4340=AXIS2_PLACEMENT_3D('',#7484,#5109,#5110);
#4341=AXIS2_PLACEMENT_3D('',#7513,#5111,#5112);
#4342=AXIS2_PLACEMENT_3D('',#7536,#5113,#5114);
#4343=AXIS2_PLACEMENT_3D('',#7693,#5115,#5116);
#4344=AXIS2_PLACEMENT_3D('',#7695,#5117,#5118);
#4345=AXIS2_PLACEMENT_3D('',#7723,#5120,#5121);
#4346=AXIS2_PLACEMENT_3D('',#7752,#5122,#5123);
#4347=AXIS2_PLACEMENT_3D('',#7754,#5124,#5125);
#4348=AXIS2_PLACEMENT_3D('',#7756,#5126,#5127);
#4349=AXIS2_PLACEMENT_3D('',#7767,#5128,#5129);
#4350=AXIS2_PLACEMENT_3D('',#7769,#5130,#5131);
#4351=AXIS2_PLACEMENT_3D('',#7771,#5133,#5134);
#4352=AXIS2_PLACEMENT_3D('',#7773,#5135,#5136);
#4353=AXIS2_PLACEMENT_3D('',#7774,#5137,#5138);
#4354=AXIS2_PLACEMENT_3D('',#7775,#5139,#5140);
#4355=AXIS2_PLACEMENT_3D('',#7777,#5141,#5142);
#4356=AXIS2_PLACEMENT_3D('',#7779,#5144,#5145);
#4357=AXIS2_PLACEMENT_3D('',#7781,#5146,#5147);
#4358=AXIS2_PLACEMENT_3D('',#7782,#5148,#5149);
#4359=AXIS2_PLACEMENT_3D('',#7783,#5150,#5151);
#4360=AXIS2_PLACEMENT_3D('',#7785,#5153,#5154);
#4361=AXIS2_PLACEMENT_3D('',#7788,#5157,#5158);
#4362=AXIS2_PLACEMENT_3D('',#7789,#5159,#5160);
#4363=AXIS2_PLACEMENT_3D('',#7794,#5162,#5163);
#4364=AXIS2_PLACEMENT_3D('',#7797,#5165,#5166);
#4365=AXIS2_PLACEMENT_3D('',#7798,#5167,#5168);
#4366=AXIS2_PLACEMENT_3D('',#7802,#5170,#5171);
#4367=AXIS2_PLACEMENT_3D('',#7806,#5173,#5174);
#4368=AXIS2_PLACEMENT_3D('',#7814,#5179,#5180);
#4369=AXIS2_PLACEMENT_3D('',#7823,#5182,#5183);
#4370=AXIS2_PLACEMENT_3D('',#7880,#5184,#5185);
#4371=AXIS2_PLACEMENT_3D('',#7881,#5186,#5187);
#4372=AXIS2_PLACEMENT_3D('',#7885,#5190,#5191);
#4373=AXIS2_PLACEMENT_3D('',#7886,#5192,#5193);
#4374=AXIS2_PLACEMENT_3D('',#7889,#5194,#5195);
#4375=AXIS2_PLACEMENT_3D('',#7977,#5201,#5202);
#4376=AXIS2_PLACEMENT_3D('',#7978,#5203,#5204);
#4377=AXIS2_PLACEMENT_3D('',#7984,#5207,#5208);
#4378=AXIS2_PLACEMENT_3D('',#7986,#5210,#5211);
#4379=AXIS2_PLACEMENT_3D('',#7988,#5212,#5213);
#4380=AXIS2_PLACEMENT_3D('',#7989,#5214,#5215);
#4381=AXIS2_PLACEMENT_3D('',#7990,#5216,#5217);
#4382=AXIS2_PLACEMENT_3D('',#7992,#5218,#5219);
#4383=AXIS2_PLACEMENT_3D('',#7993,#5220,#5221);
#4384=AXIS2_PLACEMENT_3D('',#7996,#5223,#5224);
#4385=AXIS2_PLACEMENT_3D('',#8058,#5225,#5226);
#4386=AXIS2_PLACEMENT_3D('',#8059,#5227,#5228);
#4387=AXIS2_PLACEMENT_3D('',#8070,#5229,#5230);
#4388=AXIS2_PLACEMENT_3D('',#8072,#5231,#5232);
#4389=AXIS2_PLACEMENT_3D('',#8074,#5234,#5235);
#4390=AXIS2_PLACEMENT_3D('',#8075,#5236,#5237);
#4391=AXIS2_PLACEMENT_3D('',#8076,#5238,#5239);
#4392=AXIS2_PLACEMENT_3D('',#8078,#5240,#5241);
#4393=AXIS2_PLACEMENT_3D('',#8080,#5242,#5243);
#4394=AXIS2_PLACEMENT_3D('',#8082,#5244,#5245);
#4395=AXIS2_PLACEMENT_3D('',#8083,#5246,#5247);
#4396=AXIS2_PLACEMENT_3D('',#8135,#5248,#5249);
#4397=AXIS2_PLACEMENT_3D('',#8156,#5250,#5251);
#4398=AXIS2_PLACEMENT_3D('',#8158,#5252,#5253);
#4399=AXIS2_PLACEMENT_3D('',#8159,#5254,#5255);
#4400=AXIS2_PLACEMENT_3D('',#8160,#5256,#5257);
#4401=AXIS2_PLACEMENT_3D('',#8161,#5258,#5259);
#4402=AXIS2_PLACEMENT_3D('',#8162,#5260,#5261);
#4403=AXIS2_PLACEMENT_3D('',#8163,#5262,#5263);
#4404=AXIS2_PLACEMENT_3D('',#8164,#5264,#5265);
#4405=AXIS2_PLACEMENT_3D('',#8167,#5268,#5269);
#4406=AXIS2_PLACEMENT_3D('',#8168,#5270,#5271);
#4407=AXIS2_PLACEMENT_3D('',#8200,#5272,#5273);
#4408=AXIS2_PLACEMENT_3D('',#8201,#5274,#5275);
#4409=AXIS2_PLACEMENT_3D('',#8202,#5276,#5277);
#4410=AXIS2_PLACEMENT_3D('',#8224,#5278,#5279);
#4411=AXIS2_PLACEMENT_3D('',#8230,#5280,#5281);
#4412=AXIS2_PLACEMENT_3D('',#8233,#5283,#5284);
#4413=AXIS2_PLACEMENT_3D('',#8292,#5285,#5286);
#4414=AXIS2_PLACEMENT_3D('',#8309,#5287,#5288);
#4415=AXIS2_PLACEMENT_3D('',#8324,#5289,#5290);
#4416=AXIS2_PLACEMENT_3D('',#8327,#5291,#5292);
#4417=AXIS2_PLACEMENT_3D('',#8398,#5295,#5296);
#4418=AXIS2_PLACEMENT_3D('',#8411,#5297,#5298);
#4419=AXIS2_PLACEMENT_3D('',#8414,#5299,#5300);
#4420=AXIS2_PLACEMENT_3D('',#8489,#5303,#5304);
#4421=AXIS2_PLACEMENT_3D('',#8504,#5305,#5306);
#4422=AXIS2_PLACEMENT_3D('',#8507,#5309,#5310);
#4423=AXIS2_PLACEMENT_3D('',#8571,#5311,#5312);
#4424=AXIS2_PLACEMENT_3D('',#8580,#5314,#5315);
#4425=AXIS2_PLACEMENT_3D('',#8582,#5316,#5317);
#4426=AXIS2_PLACEMENT_3D('',#8600,#5321,#5322);
#4427=AXIS2_PLACEMENT_3D('',#8602,#5323,#5324);
#4428=AXIS2_PLACEMENT_3D('',#8684,#5326,#5327);
#4429=AXIS2_PLACEMENT_3D('',#8705,#5328,#5329);
#4430=AXIS2_PLACEMENT_3D('',#8706,#5330,#5331);
#4431=AXIS2_PLACEMENT_3D('',#8708,#5332,#5333);
#4432=AXIS2_PLACEMENT_3D('',#8710,#5334,#5335);
#4433=AXIS2_PLACEMENT_3D('',#8713,#5337,#5338);
#4434=AXIS2_PLACEMENT_3D('',#8714,#5339,#5340);
#4435=AXIS2_PLACEMENT_3D('',#8716,#5341,#5342);
#4436=AXIS2_PLACEMENT_3D('',#8718,#5343,#5344);
#4437=AXIS2_PLACEMENT_3D('',#8721,#5346,#5347);
#4438=AXIS2_PLACEMENT_3D('',#8722,#5348,#5349);
#4439=AXIS2_PLACEMENT_3D('',#8726,#5351,#5352);
#4440=AXIS2_PLACEMENT_3D('',#8728,#5354,#5355);
#4441=AXIS2_PLACEMENT_3D('',#8729,#5356,#5357);
#4442=AXIS2_PLACEMENT_3D('',#8730,#5358,#5359);
#4443=AXIS2_PLACEMENT_3D('',#8731,#5360,#5361);
#4444=AXIS2_PLACEMENT_3D('',#8732,#5362,#5363);
#4445=AXIS2_PLACEMENT_3D('',#8733,#5364,#5365);
#4446=AXIS2_PLACEMENT_3D('',#8736,#5366,#5367);
#4447=AXIS2_PLACEMENT_3D('',#8738,#5368,#5369);
#4448=AXIS2_PLACEMENT_3D('',#8740,#5370,#5371);
#4449=AXIS2_PLACEMENT_3D('',#8741,#5372,#5373);
#4450=AXIS2_PLACEMENT_3D('',#8742,#5374,#5375);
#4451=AXIS2_PLACEMENT_3D('',#8759,#5378,#5379);
#4452=AXIS2_PLACEMENT_3D('',#8764,#5381,#5382);
#4453=AXIS2_PLACEMENT_3D('',#8779,#5384,#5385);
#4454=AXIS2_PLACEMENT_3D('',#8780,#5386,#5387);
#4455=AXIS2_PLACEMENT_3D('',#8781,#5388,#5389);
#4456=AXIS2_PLACEMENT_3D('',#8782,#5390,#5391);
#4457=AXIS2_PLACEMENT_3D('',#8785,#5392,#5393);
#4458=AXIS2_PLACEMENT_3D('',#8786,#5394,#5395);
#4459=AXIS2_PLACEMENT_3D('',#8787,#5396,#5397);
#4460=AXIS2_PLACEMENT_3D('',#8788,#5398,#5399);
#4461=AXIS2_PLACEMENT_3D('',#8791,#5402,#5403);
#4462=AXIS2_PLACEMENT_3D('',#8797,#5407,#5408);
#4463=AXIS2_PLACEMENT_3D('',#8800,#5410,#5411);
#4464=AXIS2_PLACEMENT_3D('',#8801,#5412,#5413);
#4465=AXIS2_PLACEMENT_3D('',#8805,#5416,#5417);
#4466=AXIS2_PLACEMENT_3D('',#8807,#5418,#5419);
#4467=AXIS2_PLACEMENT_3D('',#8808,#5420,#5421);
#4468=AXIS2_PLACEMENT_3D('',#8810,#5422,#5423);
#4469=AXIS2_PLACEMENT_3D('',#8812,#5424,#5425);
#4470=AXIS2_PLACEMENT_3D('',#8814,#5427,#5428);
#4471=AXIS2_PLACEMENT_3D('',#8816,#5429,#5430);
#4472=AXIS2_PLACEMENT_3D('',#8818,#5431,#5432);
#4473=AXIS2_PLACEMENT_3D('',#8819,#5433,#5434);
#4474=AXIS2_PLACEMENT_3D('',#8820,#5435,#5436);
#4475=AXIS2_PLACEMENT_3D('',#8821,#5437,#5438);
#4476=AXIS2_PLACEMENT_3D('',#8836,#5440,#5441);
#4477=AXIS2_PLACEMENT_3D('',#8838,#5442,#5443);
#4478=AXIS2_PLACEMENT_3D('',#8851,#5444,#5445);
#4479=AXIS2_PLACEMENT_3D('',#8854,#5447,#5448);
#4480=AXIS2_PLACEMENT_3D('',#8855,#5449,#5450);
#4481=AXIS2_PLACEMENT_3D('',#8857,#5451,#5452);
#4482=AXIS2_PLACEMENT_3D('',#8858,#5453,#5454);
#4483=AXIS2_PLACEMENT_3D('',#8859,#5455,#5456);
#4484=AXIS2_PLACEMENT_3D('',#8908,#5457,#5458);
#4485=AXIS2_PLACEMENT_3D('',#8914,#5461,#5462);
#4486=AXIS2_PLACEMENT_3D('',#8916,#5464,#5465);
#4487=AXIS2_PLACEMENT_3D('',#8918,#5467,#5468);
#4488=AXIS2_PLACEMENT_3D('',#8920,#5470,#5471);
#4489=AXIS2_PLACEMENT_3D('',#8921,#5472,#5473);
#4490=AXIS2_PLACEMENT_3D('',#8923,#5474,#5475);
#4491=AXIS2_PLACEMENT_3D('',#8925,#5477,#5478);
#4492=AXIS2_PLACEMENT_3D('',#8928,#5480,#5481);
#4493=AXIS2_PLACEMENT_3D('',#8929,#5482,#5483);
#4494=AXIS2_PLACEMENT_3D('',#8930,#5484,#5485);
#4495=AXIS2_PLACEMENT_3D('',#8931,#5486,#5487);
#4496=AXIS2_PLACEMENT_3D('',#8932,#5488,#5489);
#4497=AXIS2_PLACEMENT_3D('',#8933,#5490,#5491);
#4498=AXIS2_PLACEMENT_3D('',#8949,#5497,#5498);
#4499=AXIS2_PLACEMENT_3D('',#8950,#5499,#5500);
#4500=AXIS2_PLACEMENT_3D('',#8983,#5501,#5502);
#4501=AXIS2_PLACEMENT_3D('',#8984,#5503,#5504);
#4502=AXIS2_PLACEMENT_3D('',#8985,#5505,#5506);
#4503=AXIS2_PLACEMENT_3D('',#8987,#5508,#5509);
#4504=AXIS2_PLACEMENT_3D('',#8990,#5510,#5511);
#4505=AXIS2_PLACEMENT_3D('',#9005,#5512,#5513);
#4506=AXIS2_PLACEMENT_3D('',#9050,#5514,#5515);
#4507=AXIS2_PLACEMENT_3D('',#9057,#5516,#5517);
#4508=AXIS2_PLACEMENT_3D('',#9058,#5518,#5519);
#4509=AXIS2_PLACEMENT_3D('',#9060,#5521,#5522);
#4510=AXIS2_PLACEMENT_3D('',#9062,#5523,#5524);
#4511=AXIS2_PLACEMENT_3D('',#9063,#5525,#5526);
#4512=AXIS2_PLACEMENT_3D('',#9064,#5527,#5528);
#4513=AXIS2_PLACEMENT_3D('',#9079,#5530,#5531);
#4514=AXIS2_PLACEMENT_3D('',#9083,#5533,#5534);
#4515=AXIS2_PLACEMENT_3D('',#9117,#5536,#5537);
#4516=AXIS2_PLACEMENT_3D('',#9118,#5538,#5539);
#4517=AXIS2_PLACEMENT_3D('',#9119,#5540,#5541);
#4518=AXIS2_PLACEMENT_3D('',#9120,#5542,#5543);
#4519=AXIS2_PLACEMENT_3D('',#9123,#5544,#5545);
#4520=AXIS2_PLACEMENT_3D('',#9164,#5548,#5549);
#4521=AXIS2_PLACEMENT_3D('',#9165,#5550,#5551);
#4522=AXIS2_PLACEMENT_3D('',#9166,#5552,#5553);
#4523=AXIS2_PLACEMENT_3D('',#9167,#5554,#5555);
#4524=AXIS2_PLACEMENT_3D('',#9170,#5558,#5559);
#4525=AXIS2_PLACEMENT_3D('',#9172,#5560,#5561);
#4526=AXIS2_PLACEMENT_3D('',#9185,#5562,#5563);
#4527=AXIS2_PLACEMENT_3D('',#9189,#5565,#5566);
#4528=AXIS2_PLACEMENT_3D('',#9223,#5568,#5569);
#4529=AXIS2_PLACEMENT_3D('',#9224,#5570,#5571);
#4530=AXIS2_PLACEMENT_3D('',#9225,#5572,#5573);
#4531=AXIS2_PLACEMENT_3D('',#9226,#5574,#5575);
#4532=AXIS2_PLACEMENT_3D('',#9229,#5576,#5577);
#4533=AXIS2_PLACEMENT_3D('',#9269,#5580,#5581);
#4534=AXIS2_PLACEMENT_3D('',#9270,#5582,#5583);
#4535=AXIS2_PLACEMENT_3D('',#9271,#5584,#5585);
#4536=AXIS2_PLACEMENT_3D('',#9272,#5586,#5587);
#4537=AXIS2_PLACEMENT_3D('',#9274,#5589,#5590);
#4538=AXIS2_PLACEMENT_3D('',#9276,#5591,#5592);
#4539=AXIS2_PLACEMENT_3D('',#9277,#5593,#5594);
#4540=AXIS2_PLACEMENT_3D('',#9278,#5595,#5596);
#4541=AXIS2_PLACEMENT_3D('',#9279,#5597,#5598);
#4542=AXIS2_PLACEMENT_3D('',#9281,#5600,#5601);
#4543=AXIS2_PLACEMENT_3D('',#9283,#5602,#5603);
#4544=AXIS2_PLACEMENT_3D('',#9285,#5604,#5605);
#4545=AXIS2_PLACEMENT_3D('',#9287,#5607,#5608);
#4546=AXIS2_PLACEMENT_3D('',#9288,#5609,#5610);
#4547=AXIS2_PLACEMENT_3D('',#9290,#5612,#5613);
#4548=AXIS2_PLACEMENT_3D('',#9292,#5615,#5616);
#4549=AXIS2_PLACEMENT_3D('',#9298,#5620,#5621);
#4550=AXIS2_PLACEMENT_3D('',#9299,#5622,#5623);
#4551=AXIS2_PLACEMENT_3D('',#9300,#5624,#5625);
#4552=AXIS2_PLACEMENT_3D('',#9304,#5627,#5628);
#4553=AXIS2_PLACEMENT_3D('',#9305,#5629,#5630);
#4554=AXIS2_PLACEMENT_3D('',#9306,#5631,#5632);
#4555=AXIS2_PLACEMENT_3D('',#9310,#5635,#5636);
#4556=AXIS2_PLACEMENT_3D('',#9313,#5638,#5639);
#4557=AXIS2_PLACEMENT_3D('',#9331,#5640,#5641);
#4558=AXIS2_PLACEMENT_3D('',#9440,#5642,#5643);
#4559=AXIS2_PLACEMENT_3D('',#9441,#5644,#5645);
#4560=AXIS2_PLACEMENT_3D('',#9495,#5646,#5647);
#4561=AXIS2_PLACEMENT_3D('',#9496,#5648,#5649);
#4562=AXIS2_PLACEMENT_3D('',#9497,#5650,#5651);
#4563=AXIS2_PLACEMENT_3D('',#9498,#5652,#5653);
#4564=AXIS2_PLACEMENT_3D('',#9499,#5654,#5655);
#4565=AXIS2_PLACEMENT_3D('',#9500,#5656,#5657);
#4566=AXIS2_PLACEMENT_3D('',#9501,#5658,#5659);
#4567=AXIS2_PLACEMENT_3D('',#9503,#5660,#5661);
#4568=AXIS2_PLACEMENT_3D('',#9505,#5663,#5664);
#4569=AXIS2_PLACEMENT_3D('',#9508,#5665,#5666);
#4570=AXIS2_PLACEMENT_3D('',#9509,#5667,#5668);
#4571=AXIS2_PLACEMENT_3D('',#9510,#5669,#5670);
#4572=AXIS2_PLACEMENT_3D('',#9511,#5671,#5672);
#4573=AXIS2_PLACEMENT_3D('',#9514,#5674,#5675);
#4574=AXIS2_PLACEMENT_3D('',#9515,#5676,#5677);
#4575=AXIS2_PLACEMENT_3D('',#9517,#5678,#5679);
#4576=AXIS2_PLACEMENT_3D('',#9519,#5681,#5682);
#4577=AXIS2_PLACEMENT_3D('',#9520,#5683,#5684);
#4578=AXIS2_PLACEMENT_3D('',#9522,#5685,#5686);
#4579=AXIS2_PLACEMENT_3D('',#9523,#5687,#5688);
#4580=AXIS2_PLACEMENT_3D('',#9524,#5689,#5690);
#4581=AXIS2_PLACEMENT_3D('',#9528,#5692,#5693);
#4582=AXIS2_PLACEMENT_3D('',#9530,#5695,#5696);
#4583=AXIS2_PLACEMENT_3D('',#9536,#5699,#5700);
#4584=AXIS2_PLACEMENT_3D('',#9538,#5702,#5703);
#4585=AXIS2_PLACEMENT_3D('',#9542,#5706,#5707);
#4586=AXIS2_PLACEMENT_3D('',#9543,#5708,#5709);
#4587=AXIS2_PLACEMENT_3D('',#9544,#5710,#5711);
#4588=AXIS2_PLACEMENT_3D('',#9547,#5713,#5714);
#4589=AXIS2_PLACEMENT_3D('',#9548,#5715,#5716);
#4590=AXIS2_PLACEMENT_3D('',#9550,#5717,#5718);
#4591=AXIS2_PLACEMENT_3D('',#9572,#5719,#5720);
#4592=AXIS2_PLACEMENT_3D('',#9590,#5721,#5722);
#4593=AXIS2_PLACEMENT_3D('',#9651,#5723,#5724);
#4594=AXIS2_PLACEMENT_3D('',#9666,#5726,#5727);
#4595=AXIS2_PLACEMENT_3D('',#9741,#5729,#5730);
#4596=AXIS2_PLACEMENT_3D('',#9742,#5731,#5732);
#4597=AXIS2_PLACEMENT_3D('',#9796,#5733,#5734);
#4598=AXIS2_PLACEMENT_3D('',#9798,#5735,#5736);
#4599=AXIS2_PLACEMENT_3D('',#9799,#5737,#5738);
#4600=AXIS2_PLACEMENT_3D('',#9800,#5739,#5740);
#4601=AXIS2_PLACEMENT_3D('',#9802,#5741,#5742);
#4602=AXIS2_PLACEMENT_3D('',#9804,#5744,#5745);
#4603=AXIS2_PLACEMENT_3D('',#9806,#5746,#5747);
#4604=AXIS2_PLACEMENT_3D('',#9807,#5748,#5749);
#4605=AXIS2_PLACEMENT_3D('',#9808,#5750,#5751);
#4606=AXIS2_PLACEMENT_3D('',#9810,#5752,#5753);
#4607=AXIS2_PLACEMENT_3D('',#9812,#5755,#5756);
#4608=AXIS2_PLACEMENT_3D('',#9814,#5757,#5758);
#4609=AXIS2_PLACEMENT_3D('',#9815,#5759,#5760);
#4610=AXIS2_PLACEMENT_3D('',#9816,#5761,#5762);
#4611=AXIS2_PLACEMENT_3D('',#9818,#5764,#5765);
#4612=AXIS2_PLACEMENT_3D('',#9821,#5768,#5769);
#4613=AXIS2_PLACEMENT_3D('',#9822,#5770,#5771);
#4614=AXIS2_PLACEMENT_3D('',#9824,#5773,#5774);
#4615=AXIS2_PLACEMENT_3D('',#9825,#5775,#5776);
#4616=DIRECTION('axis',(0.,0.,1.));
#4617=DIRECTION('refdir',(1.,0.,0.));
#4618=DIRECTION('center_axis',(0.995565388348637,0.0665190105246099,-0.0665190105237236));
#4619=DIRECTION('ref_axis',(-0.0298103759605891,-0.447584015272518,-0.893744868940582));
#4620=DIRECTION('center_axis',(-1.14712968002442E-14,-1.,2.36847578586699E-14));
#4621=DIRECTION('ref_axis',(0.,-2.368475785867E-14,-1.));
#4622=DIRECTION('center_axis',(0.,-1.,0.));
#4623=DIRECTION('ref_axis',(0.899996347424832,0.,-0.435897435897439));
#4624=DIRECTION('center_axis',(-1.88672644740858E-16,1.,3.89551938464967E-16));
#4625=DIRECTION('ref_axis',(0.847318545736319,0.,-0.531085004543801));
#4626=DIRECTION('center_axis',(0.,-1.,0.));
#4627=DIRECTION('ref_axis',(0.,0.,-1.));
#4628=DIRECTION('',(1.88672644740858E-16,-1.,-3.89551938464967E-16));
#4629=DIRECTION('',(0.,1.,0.));
#4630=DIRECTION('center_axis',(-9.43363223704286E-17,-1.,-1.94775969232483E-16));
#4631=DIRECTION('ref_axis',(0.847318545736325,0.,0.531085004543792));
#4632=DIRECTION('center_axis',(0.,-1.,0.));
#4633=DIRECTION('ref_axis',(0.899996347568194,0.,-0.43589743560144));
#4634=DIRECTION('',(0.,-1.,0.));
#4635=DIRECTION('',(9.43363223704286E-17,1.,1.94775969232483E-16));
#4636=DIRECTION('center_axis',(0.,3.89551938464967E-16,-1.));
#4637=DIRECTION('ref_axis',(1.,0.,0.));
#4638=DIRECTION('center_axis',(0.563712168084954,0.825971301894297,0.));
#4639=DIRECTION('ref_axis',(0.825971301894297,-0.563712168084954,-7.81597009336106E-11));
#4640=DIRECTION('center_axis',(0.,3.89551938464967E-16,-1.));
#4641=DIRECTION('ref_axis',(-0.929911212212086,0.367784090741088,1.4432899320127E-16));
#4642=DIRECTION('center_axis',(-0.105566992349324,-0.994412193271139,3.12541081457721E-16));
#4643=DIRECTION('ref_axis',(-2.96059473233371E-15,0.,-1.));
#4644=DIRECTION('center_axis',(0.,-3.89551938464967E-16,1.));
#4645=DIRECTION('ref_axis',(-0.929911212212086,0.367784090741088,1.43271005484766E-16));
#4646=DIRECTION('center_axis',(0.10556699234933,0.994412193271139,5.88810300233396E-15));
#4647=DIRECTION('ref_axis',(0.,-5.92118946466749E-15,1.));
#4648=DIRECTION('center_axis',(0.,-1.94775969232483E-16,1.));
#4649=DIRECTION('ref_axis',(-1.,0.,0.));
#4650=DIRECTION('center_axis',(0.563712168110339,0.825971301876972,0.));
#4651=DIRECTION('ref_axis',(0.,0.,1.));
#4652=DIRECTION('center_axis',(0.,1.94775969232483E-16,-1.));
#4653=DIRECTION('ref_axis',(-0.92991121147589,0.367784092602498,7.1635503104941E-17));
#4654=DIRECTION('center_axis',(0.,-1.94775969232483E-16,1.));
#4655=DIRECTION('ref_axis',(-0.92991121147589,0.367784092602498,6.66133814775094E-17));
#4656=DIRECTION('center_axis',(-0.282031530246535,0.0921133170630812,-0.954972959180748));
#4657=DIRECTION('ref_axis',(0.907782189673154,-0.296487518925583,-0.296692849987266));
#4658=DIRECTION('center_axis',(-0.367361856319748,-0.538271777537641,0.758491107415095));
#4659=DIRECTION('ref_axis',(0.82597130189772,-0.563712168079939,-1.18423789293349E-14));
#4660=DIRECTION('center_axis',(0.282031530095806,-0.0921133169018639,-0.954972959240813));
#4661=DIRECTION('ref_axis',(0.907782189836627,-0.296487518618529,0.296692849793933));
#4662=DIRECTION('center_axis',(-0.367361856309154,-0.538271777505068,-0.758491107443342));
#4663=DIRECTION('ref_axis',(0.825971301889398,-0.563712168092132,-1.1842378929335E-14));
#4664=DIRECTION('center_axis',(1.,0.,0.));
#4665=DIRECTION('ref_axis',(0.,0.,-1.));
#4666=DIRECTION('',(1.,0.,0.));
#4667=DIRECTION('center_axis',(-0.707106781186548,0.707106781186548,0.));
#4668=DIRECTION('ref_axis',(0.707106781186548,0.707106781186548,0.));
#4669=DIRECTION('',(-1.,0.,0.));
#4670=DIRECTION('center_axis',(0.00582130494713121,-0.999969728858532,-0.00516272944343361));
#4671=DIRECTION('ref_axis',(0.999983055609172,0.00582138252855911,0.));
#4672=DIRECTION('center_axis',(1.,0.,0.));
#4673=DIRECTION('ref_axis',(0.,0.,1.));
#4674=DIRECTION('',(-1.,0.,0.));
#4675=DIRECTION('center_axis',(-0.707106781186548,-0.707106781186548,0.));
#4676=DIRECTION('ref_axis',(0.707106781186547,-0.707106781186547,0.));
#4677=DIRECTION('',(-1.,0.,0.));
#4678=DIRECTION('center_axis',(-0.00582130494711937,0.999969728858532,-0.00516272944351771));
#4679=DIRECTION('ref_axis',(0.999983055609172,0.00582138252854728,0.));
#4680=DIRECTION('center_axis',(1.69176736069924E-13,-8.81798032801462E-14,
1.));
#4681=DIRECTION('ref_axis',(0.995327681364444,0.0965546824844844,-1.59872115546023E-13));
#4682=DIRECTION('center_axis',(-1.40360646871106E-14,1.58148192511542E-13,
1.));
#4683=DIRECTION('ref_axis',(0.992094662457845,0.12549175559635,-5.92118946466739E-15));
#4684=DIRECTION('center_axis',(0.,0.,-1.));
#4685=DIRECTION('ref_axis',(0.828983986129769,0.559272340403492,0.));
#4686=DIRECTION('center_axis',(0.,0.,1.));
#4687=DIRECTION('ref_axis',(0.995327681364446,0.0965546824844666,0.));
#4688=DIRECTION('',(0.,0.,1.));
#4689=DIRECTION('',(0.,0.,-1.));
#4690=DIRECTION('center_axis',(1.6373831057592E-14,-1.68788575367426E-13,
1.));
#4691=DIRECTION('ref_axis',(0.995327681364446,0.0965546824844605,0.));
#4692=DIRECTION('center_axis',(0.,0.,-1.));
#4693=DIRECTION('ref_axis',(0.828983986129769,0.559272340403492,0.));
#4694=DIRECTION('center_axis',(0.,0.,1.));
#4695=DIRECTION('ref_axis',(0.995327681151186,0.0965546846828444,0.));
#4696=DIRECTION('',(0.,0.,1.));
#4697=DIRECTION('',(0.,0.,-1.));
#4698=DIRECTION('center_axis',(-1.77341719081116E-14,1.40200264228814E-13,
-1.));
#4699=DIRECTION('ref_axis',(0.436196926995015,0.899851232637987,1.1842378929335E-13));
#4700=DIRECTION('center_axis',(0.,0.,1.));
#4701=DIRECTION('ref_axis',(0.812349903703164,0.583170330138168,0.));
#4702=DIRECTION('',(0.,0.,-1.));
#4703=DIRECTION('',(0.,0.,1.));
#4704=DIRECTION('center_axis',(0.,0.,-1.));
#4705=DIRECTION('ref_axis',(-1.,0.,0.));
#4706=DIRECTION('center_axis',(0.,0.,1.));
#4707=DIRECTION('ref_axis',(0.0971615574496993,0.995268622912402,0.));
#4708=DIRECTION('',(0.,0.,1.));
#4709=DIRECTION('center_axis',(0.,-0.182117549711004,0.98327676576194));
#4710=DIRECTION('ref_axis',(-1.11156689923936E-16,0.98327676576194,0.182117549711004));
#4711=DIRECTION('center_axis',(0.,-0.182117549711004,0.98327676576194));
#4712=DIRECTION('ref_axis',(-1.11156689923936E-16,0.98327676576194,0.182117549711004));
#4713=DIRECTION('',(0.,0.,-1.));
#4714=DIRECTION('',(0.,0.,-1.));
#4715=DIRECTION('',(0.,0.,-1.));
#4716=DIRECTION('center_axis',(0.,0.182117549711004,0.98327676576194));
#4717=DIRECTION('ref_axis',(-1.11156689923936E-16,0.98327676576194,-0.182117549711004));
#4718=DIRECTION('center_axis',(0.,0.182117549711004,0.98327676576194));
#4719=DIRECTION('ref_axis',(-1.11156689923936E-16,0.98327676576194,-0.182117549711004));
#4720=DIRECTION('',(0.,0.,1.));
#4721=DIRECTION('center_axis',(0.970406672076306,-0.138108090178285,-0.198083432464946));
#4722=DIRECTION('ref_axis',(-0.140900000724681,-0.990023832943321,0.));
#4723=DIRECTION('center_axis',(0.970406672076309,-0.138108090178283,0.198083432464935));
#4724=DIRECTION('ref_axis',(-0.199999999999995,0.,0.979795897113272));
#4725=DIRECTION('center_axis',(0.,-0.182117549711004,-0.98327676576194));
#4726=DIRECTION('ref_axis',(-1.,0.,0.));
#4727=DIRECTION('center_axis',(0.,0.182117549711004,0.98327676576194));
#4728=DIRECTION('ref_axis',(0.113333333333334,0.976941534989368,-0.180944170307231));
#4729=DIRECTION('center_axis',(0.,0.182117549711004,0.98327676576194));
#4730=DIRECTION('ref_axis',(-0.760116950066091,-0.63891976132737,0.118337486907575));
#4731=DIRECTION('',(-3.36594089019424E-16,0.98327676576194,-0.182117549711004));
#4732=DIRECTION('center_axis',(0.,0.182117549711004,0.98327676576194));
#4733=DIRECTION('ref_axis',(-1.27359925574917E-15,-0.983276765761939,0.182117549711003));
#4734=DIRECTION('center_axis',(0.,0.182117549711004,-0.98327676576194));
#4735=DIRECTION('ref_axis',(-1.,0.,0.));
#4736=DIRECTION('center_axis',(0.,-0.182117549711004,0.98327676576194));
#4737=DIRECTION('ref_axis',(0.113333333333334,0.976941534989368,0.180944170307231));
#4738=DIRECTION('center_axis',(0.,0.182117549711004,-0.98327676576194));
#4739=DIRECTION('ref_axis',(-1.27359925574917E-15,-0.983276765761939,-0.182117549711003));
#4740=DIRECTION('',(3.36594089019424E-16,-0.98327676576194,-0.182117549711004));
#4741=DIRECTION('center_axis',(0.,0.182117549711004,-0.98327676576194));
#4742=DIRECTION('ref_axis',(-0.76011695006609,-0.638919761327368,-0.11833748690759));
#4743=DIRECTION('center_axis',(-1.01095548438737E-16,0.182117549711004,
-0.983276765761939));
#4744=DIRECTION('ref_axis',(0.113333333333334,0.976941534989368,0.180944170307231));
#4745=DIRECTION('',(1.01095548438737E-16,-0.182117549711004,0.983276765761939));
#4746=DIRECTION('center_axis',(0.,0.182117549711004,-0.98327676576194));
#4747=DIRECTION('ref_axis',(0.746100976186646,0.65469793377202,0.121259840210934));
#4748=DIRECTION('',(-1.01095548438737E-16,0.182117549711004,-0.983276765761939));
#4749=DIRECTION('center_axis',(1.,5.55111512312578E-16,0.));
#4750=DIRECTION('ref_axis',(0.,0.,1.));
#4751=DIRECTION('center_axis',(0.,0.983276765761939,0.182117549711005));
#4752=DIRECTION('ref_axis',(-1.,0.,0.));
#4753=DIRECTION('center_axis',(1.,5.55111512312578E-16,0.));
#4754=DIRECTION('ref_axis',(-3.32775120648318E-16,0.599474363739975,0.80039395751002));
#4755=DIRECTION('center_axis',(0.,0.,1.));
#4756=DIRECTION('ref_axis',(-2.96059473233376E-15,1.,0.));
#4757=DIRECTION('center_axis',(-1.,-5.55111512312578E-16,0.));
#4758=DIRECTION('ref_axis',(-3.23815048849004E-16,0.599474363739975,0.80039395751002));
#4759=DIRECTION('center_axis',(-5.45828252463931E-16,0.98327676576194,0.182117549711004));
#4760=DIRECTION('ref_axis',(-0.707106781186554,-0.12877655437373,0.695281668853437));
#4761=DIRECTION('',(-5.45828252463931E-16,0.98327676576194,0.182117549711004));
#4762=DIRECTION('',(5.45828252463931E-16,-0.98327676576194,-0.182117549711004));
#4763=DIRECTION('center_axis',(-5.45828252463931E-16,0.98327676576194,-0.182117549711004));
#4764=DIRECTION('ref_axis',(-0.707106781186546,-0.128776554373729,-0.695281668853446));
#4765=DIRECTION('',(-5.45828252463931E-16,0.98327676576194,-0.182117549711004));
#4766=DIRECTION('',(5.45828252463931E-16,-0.98327676576194,0.182117549711004));
#4767=DIRECTION('center_axis',(0.,-0.98327676576194,0.182117549711003));
#4768=DIRECTION('ref_axis',(-1.,0.,0.));
#4769=DIRECTION('center_axis',(-1.,-5.55111512312578E-16,0.));
#4770=DIRECTION('ref_axis',(0.,0.,-1.));
#4771=DIRECTION('center_axis',(1.,5.55111512312578E-16,0.));
#4772=DIRECTION('ref_axis',(5.55111512312578E-16,-1.,-3.1720657846433E-16));
#4773=DIRECTION('center_axis',(-1.,-5.55111512312578E-16,0.));
#4774=DIRECTION('ref_axis',(5.55111512312578E-16,-1.,-3.1720657846433E-16));
#4775=DIRECTION('center_axis',(1.,5.55111512312578E-16,0.));
#4776=DIRECTION('ref_axis',(2.96059473233375E-16,-0.639485125037712,-0.768803469591223));
#4777=DIRECTION('center_axis',(0.,0.,-1.));
#4778=DIRECTION('ref_axis',(-1.,0.,0.));
#4779=DIRECTION('center_axis',(1.,5.55111512312578E-16,0.));
#4780=DIRECTION('ref_axis',(-3.32775120648319E-16,0.599474363739976,-0.800393957510019));
#4781=DIRECTION('center_axis',(-1.,-5.55111512312578E-16,0.));
#4782=DIRECTION('ref_axis',(-3.23815048849004E-16,0.599474363739976,-0.800393957510019));
#4783=DIRECTION('center_axis',(0.,0.,1.));
#4784=DIRECTION('ref_axis',(-0.707106781186548,0.707106781186548,0.));
#4785=DIRECTION('',(0.,0.,1.));
#4786=DIRECTION('',(0.,0.,-1.));
#4787=DIRECTION('center_axis',(0.,0.182117549711004,-0.98327676576194));
#4788=DIRECTION('ref_axis',(-5.45828252463931E-16,0.98327676576194,0.182117549711004));
#4789=DIRECTION('',(1.,1.1686558153949E-15,2.16452519744337E-16));
#4790=DIRECTION('',(5.45828252463931E-16,-0.98327676576194,-0.182117549711004));
#4791=DIRECTION('',(1.,0.,0.));
#4792=DIRECTION('center_axis',(-1.,0.,0.));
#4793=DIRECTION('ref_axis',(0.,0.206378935818515,0.97847214311416));
#4794=DIRECTION('center_axis',(1.,5.55111512312578E-16,0.));
#4795=DIRECTION('ref_axis',(5.55111512312578E-16,-1.,-3.1720657846433E-16));
#4796=DIRECTION('',(1.,0.,0.));
#4797=DIRECTION('center_axis',(0.,-0.182117549711004,-0.98327676576194));
#4798=DIRECTION('ref_axis',(-5.45828252463931E-16,0.98327676576194,-0.182117549711004));
#4799=DIRECTION('',(-5.45828252463931E-16,0.98327676576194,-0.182117549711004));
#4800=DIRECTION('',(-1.,-1.1686558153949E-15,2.16452519744337E-16));
#4801=DIRECTION('center_axis',(1.,5.55111512312578E-16,0.));
#4802=DIRECTION('ref_axis',(-5.55111512312578E-16,1.,0.));
#4803=DIRECTION('center_axis',(-1.,-5.55111512312578E-16,0.));
#4804=DIRECTION('ref_axis',(0.,0.,1.));
#4805=DIRECTION('center_axis',(0.,0.,1.));
#4806=DIRECTION('ref_axis',(0.726009383840745,-0.687684793037611,0.));
#4807=DIRECTION('center_axis',(0.,0.,1.));
#4808=DIRECTION('ref_axis',(0.,-1.,0.));
#4809=DIRECTION('',(0.,0.,1.));
#4810=DIRECTION('center_axis',(0.,0.,-1.));
#4811=DIRECTION('ref_axis',(0.998531225739773,0.0541792508496256,0.));
#4812=DIRECTION('center_axis',(1.,5.55111512312578E-16,0.));
#4813=DIRECTION('ref_axis',(2.368475785867E-16,-0.440259118011439,-0.897870764090128));
#4814=DIRECTION('center_axis',(0.,0.458122847290851,0.888888888888889));
#4815=DIRECTION('ref_axis',(2.96059473233375E-15,-0.888888888888889,0.458122847290851));
#4816=DIRECTION('center_axis',(1.,5.55111512312578E-16,0.));
#4817=DIRECTION('ref_axis',(-3.46944695195361E-16,0.639485125037712,-0.768803469591222));
#4818=DIRECTION('center_axis',(0.,-0.983276765761939,0.182117549711004));
#4819=DIRECTION('ref_axis',(1.,0.,0.));
#4820=DIRECTION('center_axis',(-1.,-5.55111512312578E-16,0.));
#4821=DIRECTION('ref_axis',(-3.54985554861083E-16,0.639485125037712,-0.768803469591222));
#4822=DIRECTION('center_axis',(5.45828252463931E-16,-0.98327676576194,0.182117549711004));
#4823=DIRECTION('ref_axis',(0.70710678118655,0.128776554373729,0.695281668853442));
#4824=DIRECTION('',(5.45828252463931E-16,-0.98327676576194,0.182117549711004));
#4825=DIRECTION('center_axis',(-1.,-5.55111512312578E-16,0.));
#4826=DIRECTION('ref_axis',(0.,0.,-1.));
#4827=DIRECTION('center_axis',(-1.,-5.55111512312578E-16,0.));
#4828=DIRECTION('ref_axis',(5.55111512312578E-16,-1.,-3.1720657846433E-16));
#4829=DIRECTION('center_axis',(5.45828252463931E-16,-0.98327676576194,-0.182117549711004));
#4830=DIRECTION('ref_axis',(0.707106781186552,0.128776554373728,-0.69528166885344));
#4831=DIRECTION('',(-5.45828252463931E-16,0.98327676576194,0.182117549711004));
#4832=DIRECTION('center_axis',(0.,0.98327676576194,0.182117549711004));
#4833=DIRECTION('ref_axis',(1.,0.,0.));
#4834=DIRECTION('center_axis',(1.,5.55111512312578E-16,0.));
#4835=DIRECTION('ref_axis',(0.,0.,1.));
#4836=DIRECTION('center_axis',(1.35631608845101E-15,0.458122847290846,-0.888888888888891));
#4837=DIRECTION('ref_axis',(1.,-2.96059473233373E-15,0.));
#4838=DIRECTION('center_axis',(-1.,-5.55111512312578E-16,0.));
#4839=DIRECTION('ref_axis',(-3.54985554861083E-16,0.639485125037712,0.768803469591222));
#4840=DIRECTION('center_axis',(1.,5.55111512312578E-16,0.));
#4841=DIRECTION('ref_axis',(-3.46944695195361E-16,0.639485125037712,0.768803469591222));
#4842=DIRECTION('center_axis',(-1.,-5.55111512312578E-16,0.));
#4843=DIRECTION('ref_axis',(0.,0.,1.));
#4844=DIRECTION('',(5.45828252463931E-16,-0.98327676576194,-0.182117549711004));
#4845=DIRECTION('center_axis',(1.,5.55111512312578E-16,0.));
#4846=DIRECTION('ref_axis',(5.55111512312578E-16,-1.,-5.22457893940984E-16));
#4847=DIRECTION('',(-5.45828252463931E-16,0.98327676576194,-0.182117549711004));
#4848=DIRECTION('',(-1.01095548438737E-16,0.182117549711004,0.983276765761939));
#4849=DIRECTION('center_axis',(-1.,-1.1686558153949E-15,-2.16452519744337E-16));
#4850=DIRECTION('ref_axis',(-8.68060085494314E-16,0.639485125037713,0.768803469591222));
#4851=DIRECTION('',(-1.,-1.1686558153949E-15,-2.16452519744337E-16));
#4852=DIRECTION('center_axis',(-1.1686558153949E-15,1.,0.));
#4853=DIRECTION('ref_axis',(1.,1.1686558153949E-15,0.));
#4854=DIRECTION('',(1.,1.1686558153949E-15,-2.16452519744337E-16));
#4855=DIRECTION('center_axis',(-1.,-1.1686558153949E-15,2.16452519744337E-16));
#4856=DIRECTION('ref_axis',(-8.68060085494313E-16,0.639485125037712,-0.768803469591222));
#4857=DIRECTION('center_axis',(0.,0.,-1.));
#4858=DIRECTION('ref_axis',(-0.755281404750798,-0.655400640553289,0.));
#4859=DIRECTION('',(0.,0.,-1.));
#4860=DIRECTION('center_axis',(0.,0.,-1.));
#4861=DIRECTION('ref_axis',(-0.140900000724679,-0.990023832943321,0.));
#4862=DIRECTION('center_axis',(0.,0.,1.));
#4863=DIRECTION('ref_axis',(-0.755281404750798,-0.655400640553289,0.));
#4864=DIRECTION('center_axis',(0.,0.,1.));
#4865=DIRECTION('ref_axis',(-1.,0.,0.));
#4866=DIRECTION('',(0.,0.,-1.));
#4867=DIRECTION('center_axis',(0.,0.,1.));
#4868=DIRECTION('ref_axis',(-1.,0.,0.));
#4869=DIRECTION('center_axis',(0.,-1.,0.));
#4870=DIRECTION('ref_axis',(-0.774596669241486,0.,-0.632455532033673));
#4871=DIRECTION('center_axis',(0.,0.,1.));
#4872=DIRECTION('ref_axis',(-1.,0.,0.));
#4873=DIRECTION('center_axis',(0.,-1.,0.));
#4874=DIRECTION('ref_axis',(-0.774596669241483,0.,0.632455532033677));
#4875=DIRECTION('center_axis',(1.,3.4231876592609E-16,0.));
#4876=DIRECTION('ref_axis',(0.,0.,-1.));
#4877=DIRECTION('',(6.23422548705544E-17,-0.182117549711004,-0.983276765761939));
#4878=DIRECTION('',(3.36594089019424E-16,-0.98327676576194,0.182117549711004));
#4879=DIRECTION('',(0.,0.,1.));
#4880=DIRECTION('',(2.42055920713749E-16,-0.707106781186547,-0.707106781186548));
#4881=DIRECTION('',(3.4231876592609E-16,-1.,0.));
#4882=DIRECTION('center_axis',(0.,-1.,0.));
#4883=DIRECTION('ref_axis',(-0.774596669241484,0.,0.632455532033675));
#4884=DIRECTION('center_axis',(-1.73621117491368E-10,1.,-3.54402622021381E-11));
#4885=DIRECTION('ref_axis',(-1.,-1.73621117482978E-10,2.36758760744726E-10));
#4886=DIRECTION('',(0.,1.,0.));
#4887=DIRECTION('center_axis',(0.,-0.983276765761939,0.182117549711004));
#4888=DIRECTION('ref_axis',(0.,0.182117549711004,0.983276765761939));
#4889=DIRECTION('center_axis',(0.,0.182117549711009,0.983276765761938));
#4890=DIRECTION('ref_axis',(-1.,0.,0.));
#4891=DIRECTION('center_axis',(1.01095548438737E-16,-0.182117549711004,
-0.983276765761939));
#4892=DIRECTION('ref_axis',(-0.760116950066091,-0.63891976132737,0.118337486907575));
#4893=DIRECTION('',(-1.01095548438737E-16,0.182117549711004,0.983276765761939));
#4894=DIRECTION('center_axis',(-1.,-5.55111512312578E-16,0.));
#4895=DIRECTION('ref_axis',(0.,0.,-1.));
#4896=DIRECTION('center_axis',(-1.,-5.55111512312578E-16,0.));
#4897=DIRECTION('ref_axis',(5.55111512312578E-16,-1.,-2.61228946970492E-16));
#4898=DIRECTION('center_axis',(1.,5.55111512312578E-16,0.));
#4899=DIRECTION('ref_axis',(5.55111512312296E-16,-1.,-2.61228946970492E-16));
#4900=DIRECTION('center_axis',(0.,-0.98327676576194,-0.182117549710999));
#4901=DIRECTION('ref_axis',(-1.,0.,0.));
#4902=DIRECTION('center_axis',(0.,0.182117549711009,-0.983276765761938));
#4903=DIRECTION('ref_axis',(-0.155555555555555,-0.971307480634228,-0.179900659253355));
#4904=DIRECTION('center_axis',(1.01095548438737E-16,-0.182117549711004,
0.983276765761939));
#4905=DIRECTION('ref_axis',(-0.76011695006609,-0.638919761327368,-0.11833748690759));
#4906=DIRECTION('',(-6.23422548705544E-17,0.182117549711004,-0.983276765761939));
#4907=DIRECTION('center_axis',(0.,-0.182117549711004,0.98327676576194));
#4908=DIRECTION('ref_axis',(-1.,0.,0.));
#4909=DIRECTION('center_axis',(2.91108401314098E-15,-0.98327676576194,-0.182117549711003));
#4910=DIRECTION('ref_axis',(1.,2.96059473233377E-15,0.));
#4911=DIRECTION('center_axis',(0.,-0.182117549711004,0.98327676576194));
#4912=DIRECTION('ref_axis',(0.746100976186646,0.65469793377202,0.121259840210934));
#4913=DIRECTION('center_axis',(-5.45828252463931E-16,0.98327676576194,0.182117549711004));
#4914=DIRECTION('ref_axis',(0.707106781186554,-0.128776554373726,0.695281668853438));
#4915=DIRECTION('',(-5.45828252463931E-16,0.98327676576194,0.182117549711004));
#4916=DIRECTION('center_axis',(5.45828252463931E-16,-0.98327676576194,-0.182117549711004));
#4917=DIRECTION('ref_axis',(-0.707106781186554,0.12877655437373,-0.695281668853437));
#4918=DIRECTION('',(-5.45828252463931E-16,0.98327676576194,0.182117549711004));
#4919=DIRECTION('',(5.45828252463931E-16,-0.98327676576194,-0.182117549711004));
#4920=DIRECTION('center_axis',(0.,-0.983276765761939,-0.182117549711005));
#4921=DIRECTION('ref_axis',(-1.,0.,0.));
#4922=DIRECTION('center_axis',(1.,1.48029736616688E-15,1.77964694811116E-15));
#4923=DIRECTION('ref_axis',(1.48029736616688E-15,-1.,0.));
#4924=DIRECTION('center_axis',(1.6694251002707E-16,-0.225552667785062,0.974230975721385));
#4925=DIRECTION('ref_axis',(-3.60537886849638E-16,0.974230975721385,0.225552667785062));
#4926=DIRECTION('center_axis',(0.,0.182117549711004,-0.98327676576194));
#4927=DIRECTION('ref_axis',(-4.36662601971145E-16,0.98327676576194,0.182117549711004));
#4928=DIRECTION('center_axis',(1.,3.44255201434157E-16,6.3761207366549E-17));
#4929=DIRECTION('ref_axis',(0.,-0.639485125037716,-0.768803469591219));
#4930=DIRECTION('center_axis',(1.,0.,0.));
#4931=DIRECTION('ref_axis',(0.,-1.,0.));
#4932=DIRECTION('',(-1.,-3.44255201434157E-16,-6.3761207366549E-17));
#4933=DIRECTION('',(1.,3.44255201434157E-16,6.3761207366549E-17));
#4934=DIRECTION('center_axis',(0.,-0.983276765761939,-0.182117549711005));
#4935=DIRECTION('ref_axis',(-1.,0.,0.));
#4936=DIRECTION('center_axis',(-9.18905756548893E-17,0.165535344911288,
-0.986203858025865));
#4937=DIRECTION('ref_axis',(5.47453115077237E-16,-0.986203858025865,-0.165535344911288));
#4938=DIRECTION('center_axis',(0.,-0.182117549711004,0.98327676576194));
#4939=DIRECTION('ref_axis',(5.27006588585864E-16,-0.98327676576194,-0.182117549711004));
#4940=DIRECTION('center_axis',(3.36594089019424E-16,-0.98327676576194,-0.182117549711004));
#4941=DIRECTION('ref_axis',(-0.707106781186553,0.12877655437373,-0.695281668853438));
#4942=DIRECTION('',(-3.36594089019424E-16,0.98327676576194,0.182117549711004));
#4943=DIRECTION('',(3.36594089019424E-16,-0.98327676576194,-0.182117549711004));
#4944=DIRECTION('center_axis',(-1.,-5.55111512312578E-16,0.));
#4945=DIRECTION('ref_axis',(0.,0.,-1.));
#4946=DIRECTION('center_axis',(-1.,-5.55111512312578E-16,0.));
#4947=DIRECTION('ref_axis',(5.55111512312296E-16,-1.,-5.22457893940984E-16));
#4948=DIRECTION('center_axis',(5.45828252463931E-16,-0.98327676576194,0.182117549711004));
#4949=DIRECTION('ref_axis',(-0.70710678118655,0.128776554373729,0.695281668853442));
#4950=DIRECTION('',(-5.45828252463931E-16,0.98327676576194,-0.182117549711004));
#4951=DIRECTION('',(5.45828252463931E-16,-0.98327676576194,0.182117549711004));
#4952=DIRECTION('center_axis',(0.,-0.983276765761939,0.182117549711004));
#4953=DIRECTION('ref_axis',(0.,0.182117549711004,0.98327676576194));
#4954=DIRECTION('center_axis',(1.,0.,0.));
#4955=DIRECTION('ref_axis',(0.,0.182117549711004,0.98327676576194));
#4956=DIRECTION('center_axis',(0.,0.182117549711004,0.98327676576194));
#4957=DIRECTION('ref_axis',(-4.36662601971145E-16,0.98327676576194,-0.182117549711004));
#4958=DIRECTION('center_axis',(1.6694251002707E-16,-0.225552667785062,-0.974230975721385));
#4959=DIRECTION('ref_axis',(-3.60537886849638E-16,0.974230975721385,-0.225552667785062));
#4960=DIRECTION('center_axis',(1.,3.44255201434157E-16,-6.3761207366549E-17));
#4961=DIRECTION('ref_axis',(0.,-0.639485125037712,0.768803469591223));
#4962=DIRECTION('center_axis',(1.,0.,0.));
#4963=DIRECTION('ref_axis',(0.,0.182117549711004,0.983276765761939));
#4964=DIRECTION('',(-1.,-3.44255201434157E-16,6.3761207366549E-17));
#4965=DIRECTION('',(1.,3.44255201434157E-16,-6.3761207366549E-17));
#4966=DIRECTION('center_axis',(0.,-0.983276765761939,0.182117549711004));
#4967=DIRECTION('ref_axis',(0.,0.182117549711004,0.983276765761939));
#4968=DIRECTION('center_axis',(0.,-0.182117549711004,-0.98327676576194));
#4969=DIRECTION('ref_axis',(5.27006588585864E-16,-0.98327676576194,0.182117549711004));
#4970=DIRECTION('center_axis',(-9.18905756548893E-17,0.165535344911288,
0.986203858025865));
#4971=DIRECTION('ref_axis',(5.47453115077237E-16,-0.986203858025865,0.165535344911288));
#4972=DIRECTION('center_axis',(3.36594089019424E-16,-0.98327676576194,0.182117549711004));
#4973=DIRECTION('ref_axis',(-0.707106781186546,0.128776554373729,0.695281668853445));
#4974=DIRECTION('',(-3.36594089019424E-16,0.98327676576194,-0.182117549711004));
#4975=DIRECTION('center_axis',(0.,0.182117549711004,0.98327676576194));
#4976=DIRECTION('ref_axis',(-1.,0.,0.));
#4977=DIRECTION('center_axis',(2.91108401314098E-15,-0.983276765761939,
0.182117549711008));
#4978=DIRECTION('ref_axis',(0.,-0.182117549711008,-0.983276765761939));
#4979=DIRECTION('center_axis',(0.,-0.182117549711004,-0.98327676576194));
#4980=DIRECTION('ref_axis',(0.746100976186646,0.65469793377202,-0.121259840210934));
#4981=DIRECTION('center_axis',(0.,0.182117549711004,0.98327676576194));
#4982=DIRECTION('ref_axis',(0.746100976186646,0.65469793377202,-0.121259840210934));
#4983=DIRECTION('center_axis',(-5.45828252463931E-16,0.98327676576194,-0.182117549711004));
#4984=DIRECTION('ref_axis',(0.70710678118655,-0.128776554373729,-0.695281668853442));
#4985=DIRECTION('',(5.45828252463931E-16,-0.98327676576194,0.182117549711004));
#4986=DIRECTION('center_axis',(0.,0.,1.));
#4987=DIRECTION('ref_axis',(-0.707106781186547,-0.707106781186548,0.));
#4988=DIRECTION('',(0.,0.,-1.));
#4989=DIRECTION('center_axis',(0.,0.,1.));
#4990=DIRECTION('ref_axis',(-0.249999999999999,-0.968245836551854,0.));
#4991=DIRECTION('center_axis',(4.09688289960838E-16,-0.738028812002273,
0.674769199544935));
#4992=DIRECTION('ref_axis',(2.80929113116003E-16,-0.674769199544935,-0.738028812002273));
#4993=DIRECTION('center_axis',(1.01095548438737E-16,-0.182117549711004,
-0.983276765761939));
#4994=DIRECTION('ref_axis',(0.113333333333334,0.976941534989368,-0.180944170307231));
#4995=DIRECTION('center_axis',(0.,-0.182117549711004,0.98327676576194));
#4996=DIRECTION('ref_axis',(5.45828252463931E-16,-0.98327676576194,-0.182117549711004));
#4997=DIRECTION('',(1.,0.,0.));
#4998=DIRECTION('center_axis',(-1.,0.,0.));
#4999=DIRECTION('ref_axis',(0.,-0.16000398423849,-0.987116368534029));
#5000=DIRECTION('',(1.,0.,0.));
#5001=DIRECTION('center_axis',(-1.,-3.4231876592609E-16,0.));
#5002=DIRECTION('ref_axis',(0.,0.,1.));
#5003=DIRECTION('',(3.4231876592609E-16,-1.,0.));
#5004=DIRECTION('',(2.42055920713749E-16,-0.707106781186547,0.707106781186548));
#5005=DIRECTION('',(0.,0.,-1.));
#5006=DIRECTION('center_axis',(0.,1.,0.));
#5007=DIRECTION('ref_axis',(-0.774596669241484,0.,-0.632455532033675));
#5008=DIRECTION('',(0.,1.,0.));
#5009=DIRECTION('center_axis',(1.73621117491368E-10,-1.,-3.54402622021381E-11));
#5010=DIRECTION('ref_axis',(-1.,-1.73621117482978E-10,-2.36758760744726E-10));
#5011=DIRECTION('center_axis',(0.,0.,1.));
#5012=DIRECTION('ref_axis',(-0.707106781186547,-0.707106781186548,0.));
#5013=DIRECTION('center_axis',(-4.09688289960838E-16,0.738028812002273,
0.674769199544935));
#5014=DIRECTION('ref_axis',(2.80929113116003E-16,-0.674769199544935,0.738028812002273));
#5015=DIRECTION('center_axis',(0.,0.,1.));
#5016=DIRECTION('ref_axis',(-0.249999999999999,-0.968245836551854,0.));
#5017=DIRECTION('',(0.,0.,1.));
#5018=DIRECTION('center_axis',(3.44255201434157E-16,-1.,0.));
#5019=DIRECTION('ref_axis',(-1.,-3.44255201434157E-16,0.));
#5020=DIRECTION('',(1.,3.44255201434157E-16,0.));
#5021=DIRECTION('',(0.,0.,-1.));
#5022=DIRECTION('center_axis',(0.,0.,1.));
#5023=DIRECTION('ref_axis',(0.707106781186547,0.707106781186548,0.));
#5024=DIRECTION('center_axis',(0.,0.,-1.));
#5025=DIRECTION('ref_axis',(0.707106781186547,0.707106781186548,0.));
#5026=DIRECTION('',(0.,0.,1.));
#5027=DIRECTION('center_axis',(0.928722310616789,-0.356054229236622,-0.103442039835493));
#5028=DIRECTION('ref_axis',(-0.234427176801673,-0.347732513946246,-0.907813856206998));
#5029=DIRECTION('center_axis',(-2.42055920713749E-16,0.707106781186547,
-0.707106781186548));
#5030=DIRECTION('ref_axis',(0.70710678118655,0.500000000000001,0.499999999999996));
#5031=DIRECTION('',(-2.42055920713749E-16,0.707106781186547,-0.707106781186548));
#5032=DIRECTION('center_axis',(-1.04672830578918E-15,-0.707106781186546,
0.707106781186549));
#5033=DIRECTION('ref_axis',(1.,0.,1.48029736616687E-15));
#5034=DIRECTION('center_axis',(2.42055920713749E-16,-0.707106781186548,
-0.707106781186547));
#5035=DIRECTION('ref_axis',(2.69158707202933E-16,-0.707106781186547,0.707106781186548));
#5036=DIRECTION('center_axis',(0.,0.,1.));
#5037=DIRECTION('ref_axis',(-1.,0.,0.));
#5038=DIRECTION('center_axis',(0.,0.,-1.));
#5039=DIRECTION('ref_axis',(-0.249999999999999,-0.968245836551855,0.));
#5040=DIRECTION('center_axis',(1.,0.,0.));
#5041=DIRECTION('ref_axis',(0.,1.,0.));
#5042=DIRECTION('center_axis',(1.,3.44255201434157E-16,0.));
#5043=DIRECTION('ref_axis',(0.,0.707106781186548,0.707106781186547));
#5044=DIRECTION('center_axis',(1.,0.,0.));
#5045=DIRECTION('ref_axis',(0.,1.,0.));
#5046=DIRECTION('',(-1.,-3.44255201434157E-16,0.));
#5047=DIRECTION('center_axis',(0.,0.,-1.));
#5048=DIRECTION('ref_axis',(1.,0.,0.));
#5049=DIRECTION('center_axis',(2.96059473233374E-15,-1.,0.));
#5050=DIRECTION('ref_axis',(1.,2.96059473233374E-15,0.));
#5051=DIRECTION('center_axis',(0.,0.,1.));
#5052=DIRECTION('ref_axis',(0.707106781186547,0.707106781186548,0.));
#5053=DIRECTION('center_axis',(5.55111512312578E-16,-1.,0.));
#5054=DIRECTION('ref_axis',(0.707106781186548,0.,0.707106781186547));
#5055=DIRECTION('center_axis',(0.,-1.,0.));
#5056=DIRECTION('ref_axis',(1.,0.,0.));
#5057=DIRECTION('',(5.55111512312578E-16,-1.,0.));
#5058=DIRECTION('',(-5.55111512312578E-16,1.,0.));
#5059=DIRECTION('center_axis',(-1.,-5.55111512312578E-16,0.));
#5060=DIRECTION('ref_axis',(0.,0.,-1.));
#5061=DIRECTION('center_axis',(0.,0.,-1.));
#5062=DIRECTION('ref_axis',(1.,0.,0.));
#5063=DIRECTION('center_axis',(1.,5.55111512312578E-16,0.));
#5064=DIRECTION('ref_axis',(3.92523114670944E-16,-0.707106781186547,0.707106781186547));
#5065=DIRECTION('center_axis',(-1.,-5.55111512312578E-16,0.));
#5066=DIRECTION('ref_axis',(3.88578058618805E-16,-0.707106781186547,0.707106781186547));
#5067=DIRECTION('center_axis',(-1.,0.,0.));
#5068=DIRECTION('ref_axis',(0.,-0.707106781186547,0.707106781186547));
#5069=DIRECTION('',(1.,0.,0.));
#5070=DIRECTION('center_axis',(-1.,-9.00180830777154E-17,0.));
#5071=DIRECTION('ref_axis',(0.,-0.707106781186547,0.707106781186547));
#5072=DIRECTION('',(-1.,0.,0.));
#5073=DIRECTION('center_axis',(1.,2.77555756156289E-16,0.));
#5074=DIRECTION('ref_axis',(0.,0.,1.));
#5075=DIRECTION('center_axis',(1.,9.00180830777154E-17,0.));
#5076=DIRECTION('ref_axis',(0.,0.,1.));
#5077=DIRECTION('',(1.,2.77555756156289E-16,0.));
#5078=DIRECTION('center_axis',(0.,-1.,0.));
#5079=DIRECTION('ref_axis',(1.,0.,1.22464679914735E-16));
#5080=DIRECTION('',(0.,-1.,0.));
#5081=DIRECTION('center_axis',(0.,-1.,0.));
#5082=DIRECTION('ref_axis',(-1.,0.,0.));
#5083=DIRECTION('',(0.,1.,0.));
#5084=DIRECTION('center_axis',(0.,-1.,0.));
#5085=DIRECTION('ref_axis',(-1.,0.,0.));
#5086=DIRECTION('center_axis',(0.,0.182117549711004,0.98327676576194));
#5087=DIRECTION('ref_axis',(5.45828252463931E-16,-0.98327676576194,0.182117549711004));
#5088=DIRECTION('center_axis',(-1.,-9.00180830777154E-17,0.));
#5089=DIRECTION('ref_axis',(9.00180830777154E-17,-1.,0.));
#5090=DIRECTION('',(0.,0.,1.));
#5091=DIRECTION('',(9.00180830777154E-17,-1.,0.));
#5092=DIRECTION('',(0.,0.,1.));
#5093=DIRECTION('',(9.00180830777154E-17,-1.,0.));
#5094=DIRECTION('center_axis',(1.,9.00180830777154E-17,0.));
#5095=DIRECTION('ref_axis',(0.,-0.707106781186547,-0.707106781186547));
#5096=DIRECTION('center_axis',(1.,5.55111512312578E-16,0.));
#5097=DIRECTION('ref_axis',(-5.55111512312578E-16,1.,0.));
#5098=DIRECTION('',(0.,0.,1.));
#5099=DIRECTION('center_axis',(-1.,-5.55111512312578E-16,0.));
#5100=DIRECTION('ref_axis',(3.92523114670944E-16,-0.707106781186547,-0.707106781186547));
#5101=DIRECTION('',(5.55111512312578E-16,-1.,0.));
#5102=DIRECTION('',(0.,0.,-1.));
#5103=DIRECTION('center_axis',(-3.44255201434157E-16,1.,0.));
#5104=DIRECTION('ref_axis',(-1.,-3.44255201434157E-16,0.));
#5105=DIRECTION('',(0.,0.,1.));
#5106=DIRECTION('',(1.,3.44255201434157E-16,0.));
#5107=DIRECTION('center_axis',(0.,0.,1.));
#5108=DIRECTION('ref_axis',(0.707106781186547,0.707106781186548,0.));
#5109=DIRECTION('center_axis',(0.,0.,-1.));
#5110=DIRECTION('ref_axis',(0.707106781186547,0.707106781186548,0.));
#5111=DIRECTION('center_axis',(-0.995565388348637,-0.0665190105246099,-0.0665190105237236));
#5112=DIRECTION('ref_axis',(-0.0298103759605891,-0.447584015272518,0.893744868940582));
#5113=DIRECTION('center_axis',(-0.928722310616789,0.356054229236622,-0.103442039835493));
#5114=DIRECTION('ref_axis',(-0.234427176801673,-0.347732513946246,0.907813856206998));
#5115=DIRECTION('center_axis',(2.42055920713749E-16,-0.707106781186547,
-0.707106781186548));
#5116=DIRECTION('ref_axis',(0.70710678118655,0.500000000000001,-0.499999999999996));
#5117=DIRECTION('center_axis',(1.04672830578918E-15,0.707106781186546,0.707106781186549));
#5118=DIRECTION('ref_axis',(1.,0.,-1.48029736616687E-15));
#5119=DIRECTION('',(-2.42055920713749E-16,0.707106781186547,0.707106781186548));
#5120=DIRECTION('center_axis',(-2.42055920713749E-16,0.707106781186548,
-0.707106781186547));
#5121=DIRECTION('ref_axis',(2.69158707202933E-16,-0.707106781186547,-0.707106781186548));
#5122=DIRECTION('center_axis',(0.,0.,-1.));
#5123=DIRECTION('ref_axis',(-1.,0.,0.));
#5124=DIRECTION('center_axis',(-1.,0.,0.));
#5125=DIRECTION('ref_axis',(0.,1.,0.));
#5126=DIRECTION('center_axis',(0.,0.,-1.));
#5127=DIRECTION('ref_axis',(-0.249999999999999,-0.968245836551855,0.));
#5128=DIRECTION('center_axis',(-1.,-3.44255201434157E-16,0.));
#5129=DIRECTION('ref_axis',(0.,0.707106781186548,-0.707106781186547));
#5130=DIRECTION('center_axis',(-1.,0.,0.));
#5131=DIRECTION('ref_axis',(0.,1.,0.));
#5132=DIRECTION('',(-1.,-3.44255201434157E-16,0.));
#5133=DIRECTION('center_axis',(0.,0.,1.));
#5134=DIRECTION('ref_axis',(1.,0.,0.));
#5135=DIRECTION('center_axis',(-2.96059473233374E-15,1.,0.));
#5136=DIRECTION('ref_axis',(1.,2.96059473233374E-15,0.));
#5137=DIRECTION('center_axis',(0.,0.,1.));
#5138=DIRECTION('ref_axis',(0.707106781186547,0.707106781186548,0.));
#5139=DIRECTION('center_axis',(-5.55111512312578E-16,1.,0.));
#5140=DIRECTION('ref_axis',(0.707106781186548,0.,-0.707106781186547));
#5141=DIRECTION('center_axis',(0.,1.,0.));
#5142=DIRECTION('ref_axis',(1.,0.,0.));
#5143=DIRECTION('',(-5.55111512312578E-16,1.,0.));
#5144=DIRECTION('center_axis',(-1.,-5.55111512312578E-16,0.));
#5145=DIRECTION('ref_axis',(0.,0.,1.));
#5146=DIRECTION('center_axis',(0.,0.,-1.));
#5147=DIRECTION('ref_axis',(1.,0.,0.));
#5148=DIRECTION('center_axis',(1.,5.55111512312578E-16,0.));
#5149=DIRECTION('ref_axis',(3.88578058618805E-16,-0.707106781186547,-0.707106781186547));
#5150=DIRECTION('center_axis',(0.,0.,1.));
#5151=DIRECTION('ref_axis',(0.707106781186545,-0.70710678118655,0.));
#5152=DIRECTION('',(0.,0.,-1.));
#5153=DIRECTION('center_axis',(1.,0.,0.));
#5154=DIRECTION('ref_axis',(0.,-0.707106781186547,-0.707106781186547));
#5155=DIRECTION('',(-1.,0.,0.));
#5156=DIRECTION('',(1.,0.,0.));
#5157=DIRECTION('center_axis',(0.,-1.,0.));
#5158=DIRECTION('ref_axis',(1.,0.,0.));
#5159=DIRECTION('center_axis',(-3.5527136788005E-16,-1.,0.));
#5160=DIRECTION('ref_axis',(1.,-3.5527136788005E-16,1.22464679914735E-16));
#5161=DIRECTION('',(3.5527136788005E-16,-1.,0.));
#5162=DIRECTION('center_axis',(3.44255201434157E-16,1.,0.));
#5163=DIRECTION('ref_axis',(-1.,3.5527136788005E-16,0.));
#5164=DIRECTION('',(-3.5527136788005E-16,1.,0.));
#5165=DIRECTION('center_axis',(-3.74232480210727E-16,-1.,0.));
#5166=DIRECTION('ref_axis',(-1.,3.5527136788005E-16,0.));
#5167=DIRECTION('center_axis',(0.,0.,1.));
#5168=DIRECTION('ref_axis',(1.,0.,0.));
#5169=DIRECTION('',(-1.,-3.4231876592609E-16,0.));
#5170=DIRECTION('center_axis',(0.,0.,1.));
#5171=DIRECTION('ref_axis',(0.249999999999999,-0.968245836551855,0.));
#5172=DIRECTION('',(1.,-3.44255201434157E-16,0.));
#5173=DIRECTION('center_axis',(0.,0.,-1.));
#5174=DIRECTION('ref_axis',(-0.707106781186547,0.707106781186548,0.));
#5175=DIRECTION('',(5.55111512312578E-16,1.,0.));
#5176=DIRECTION('',(-1.,0.,0.));
#5177=DIRECTION('',(-9.00180830777154E-17,-1.,0.));
#5178=DIRECTION('',(-1.,3.74232480210727E-16,0.));
#5179=DIRECTION('center_axis',(2.42055920713749E-16,-0.707106781186548,
-0.707106781186547));
#5180=DIRECTION('ref_axis',(-1.,0.,-3.4231876592609E-16));
#5181=DIRECTION('',(2.42055920713749E-16,0.707106781186547,-0.707106781186548));
#5182=DIRECTION('center_axis',(2.42055920713749E-16,0.707106781186548,0.707106781186547));
#5183=DIRECTION('ref_axis',(-2.69158707202933E-16,-0.707106781186547,0.707106781186548));
#5184=DIRECTION('center_axis',(0.995565388348637,-0.0665190105246099,0.0665190105237236));
#5185=DIRECTION('ref_axis',(0.0298103759605891,-0.447584015272518,-0.893744868940582));
#5186=DIRECTION('center_axis',(3.74232480210727E-16,-1.,0.));
#5187=DIRECTION('ref_axis',(1.,3.74232480210727E-16,0.));
#5188=DIRECTION('',(1.,3.74232480210727E-16,0.));
#5189=DIRECTION('',(0.,0.,1.));
#5190=DIRECTION('center_axis',(-3.74232480210727E-16,1.,0.));
#5191=DIRECTION('ref_axis',(1.,3.5527136788005E-16,0.));
#5192=DIRECTION('center_axis',(0.,1.,0.));
#5193=DIRECTION('ref_axis',(0.,0.,-1.));
#5194=DIRECTION('center_axis',(0.,-1.,0.));
#5195=DIRECTION('ref_axis',(-1.83697019872103E-16,0.,-1.));
#5196=DIRECTION('',(0.,-1.,0.));
#5197=DIRECTION('',(0.,1.,0.));
#5198=DIRECTION('',(0.,-1.,0.));
#5199=DIRECTION('',(0.,1.,0.));
#5200=DIRECTION('',(0.,1.,0.));
#5201=DIRECTION('center_axis',(0.,-1.,0.));
#5202=DIRECTION('ref_axis',(-1.83697019872103E-16,0.,-1.));
#5203=DIRECTION('center_axis',(0.,1.94775969232483E-16,-1.));
#5204=DIRECTION('ref_axis',(0.,1.,1.94775969232483E-16));
#5205=DIRECTION('',(1.,0.,0.));
#5206=DIRECTION('',(-9.43363223704286E-17,1.,1.94775969232483E-16));
#5207=DIRECTION('center_axis',(0.,-1.94775969232483E-16,1.));
#5208=DIRECTION('ref_axis',(0.92991121147589,0.367784092602498,7.1635503104941E-17));
#5209=DIRECTION('',(1.,0.,0.));
#5210=DIRECTION('center_axis',(0.,1.,0.));
#5211=DIRECTION('ref_axis',(0.,0.,1.));
#5212=DIRECTION('center_axis',(0.,-1.,0.));
#5213=DIRECTION('ref_axis',(-1.83697019872103E-16,0.,1.));
#5214=DIRECTION('center_axis',(-1.,0.,1.22464679914735E-16));
#5215=DIRECTION('ref_axis',(-1.22464679914735E-16,0.,-1.));
#5216=DIRECTION('center_axis',(0.,1.,0.));
#5217=DIRECTION('ref_axis',(0.,0.,1.));
#5218=DIRECTION('center_axis',(0.,-1.,0.));
#5219=DIRECTION('ref_axis',(1.,0.,0.));
#5220=DIRECTION('center_axis',(0.,1.,0.));
#5221=DIRECTION('ref_axis',(0.,0.,-1.));
#5222=DIRECTION('',(0.,-1.,0.));
#5223=DIRECTION('center_axis',(0.,-1.,0.));
#5224=DIRECTION('ref_axis',(1.,0.,0.));
#5225=DIRECTION('center_axis',(-1.14712968002442E-14,1.,-2.36847578586699E-14));
#5226=DIRECTION('ref_axis',(0.,-2.368475785867E-14,-1.));
#5227=DIRECTION('center_axis',(0.,1.,0.));
#5228=DIRECTION('ref_axis',(-0.899996347424832,0.,-0.435897435897439));
#5229=DIRECTION('center_axis',(-1.88672644740858E-16,-1.,-3.89551938464967E-16));
#5230=DIRECTION('ref_axis',(-0.847318545736319,0.,-0.531085004543801));
#5231=DIRECTION('center_axis',(0.,1.,0.));
#5232=DIRECTION('ref_axis',(0.,0.,-1.));
#5233=DIRECTION('',(-1.88672644740858E-16,-1.,-3.89551938464967E-16));
#5234=DIRECTION('center_axis',(-9.43363223704286E-17,1.,1.94775969232483E-16));
#5235=DIRECTION('ref_axis',(-0.847318545736325,0.,0.531085004543792));
#5236=DIRECTION('center_axis',(0.,1.,0.));
#5237=DIRECTION('ref_axis',(-0.899996347568194,0.,-0.43589743560144));
#5238=DIRECTION('center_axis',(0.,3.89551938464967E-16,-1.));
#5239=DIRECTION('ref_axis',(-1.,0.,0.));
#5240=DIRECTION('center_axis',(0.563712168084954,-0.825971301894297,0.));
#5241=DIRECTION('ref_axis',(-0.825971301894297,-0.563712168084954,-7.81597009336106E-11));
#5242=DIRECTION('center_axis',(0.,3.89551938464967E-16,-1.));
#5243=DIRECTION('ref_axis',(0.929911212212086,0.367784090741088,1.43271005484766E-16));
#5244=DIRECTION('center_axis',(-0.105566992349324,0.994412193271139,-3.12541081457721E-16));
#5245=DIRECTION('ref_axis',(2.96059473233371E-15,0.,-1.));
#5246=DIRECTION('center_axis',(0.,-3.89551938464967E-16,1.));
#5247=DIRECTION('ref_axis',(0.929911212212086,0.367784090741088,1.4432899320127E-16));
#5248=DIRECTION('center_axis',(0.10556699234933,-0.994412193271139,-5.88810300233396E-15));
#5249=DIRECTION('ref_axis',(0.,-5.92118946466749E-15,1.));
#5250=DIRECTION('center_axis',(0.,-1.94775969232483E-16,1.));
#5251=DIRECTION('ref_axis',(1.,0.,0.));
#5252=DIRECTION('center_axis',(0.563712168110339,-0.825971301876972,0.));
#5253=DIRECTION('ref_axis',(0.,0.,1.));
#5254=DIRECTION('center_axis',(0.,1.94775969232483E-16,-1.));
#5255=DIRECTION('ref_axis',(0.92991121147589,0.367784092602498,6.66133814775094E-17));
#5256=DIRECTION('center_axis',(0.282031530246535,0.0921133170630812,-0.954972959180748));
#5257=DIRECTION('ref_axis',(-0.907782189673154,-0.296487518925583,-0.296692849987266));
#5258=DIRECTION('center_axis',(-0.367361856319748,0.538271777537641,-0.758491107415095));
#5259=DIRECTION('ref_axis',(-0.82597130189772,-0.563712168079939,-1.18423789293349E-14));
#5260=DIRECTION('center_axis',(-0.282031530095806,-0.0921133169018639,-0.954972959240813));
#5261=DIRECTION('ref_axis',(-0.907782189836627,-0.296487518618529,0.296692849793933));
#5262=DIRECTION('center_axis',(-0.367361856309154,0.538271777505068,0.758491107443342));
#5263=DIRECTION('ref_axis',(-0.825971301889398,-0.563712168092132,-1.1842378929335E-14));
#5264=DIRECTION('center_axis',(0.,-3.89551938464967E-16,1.));
#5265=DIRECTION('ref_axis',(0.,-1.,-3.89551938464967E-16));
#5266=DIRECTION('',(1.,0.,0.));
#5267=DIRECTION('',(-1.,0.,0.));
#5268=DIRECTION('center_axis',(1.,0.,0.));
#5269=DIRECTION('ref_axis',(0.,0.,-1.));
#5270=DIRECTION('center_axis',(-0.707106781186548,-0.707106781186548,0.));
#5271=DIRECTION('ref_axis',(-0.707106781186548,0.707106781186548,0.));
#5272=DIRECTION('center_axis',(0.00582130494713121,0.999969728858532,0.00516272944343361));
#5273=DIRECTION('ref_axis',(-0.999983055609172,0.00582138252855911,0.));
#5274=DIRECTION('center_axis',(1.,0.,0.));
#5275=DIRECTION('ref_axis',(0.,0.,1.));
#5276=DIRECTION('center_axis',(-0.707106781186548,0.707106781186548,0.));
#5277=DIRECTION('ref_axis',(-0.707106781186547,-0.707106781186547,0.));
#5278=DIRECTION('center_axis',(-0.00582130494711937,-0.999969728858532,
0.00516272944351771));
#5279=DIRECTION('ref_axis',(-0.999983055609172,0.00582138252854728,0.));
#5280=DIRECTION('center_axis',(0.,1.,0.));
#5281=DIRECTION('ref_axis',(0.,0.,-1.));
#5282=DIRECTION('',(0.,-1.,0.));
#5283=DIRECTION('center_axis',(0.,1.,0.));
#5284=DIRECTION('ref_axis',(0.,0.,1.));
#5285=DIRECTION('center_axis',(1.69176736069924E-13,8.81798032801462E-14,
-1.));
#5286=DIRECTION('ref_axis',(-0.995327681364444,0.0965546824844844,-1.59872115546023E-13));
#5287=DIRECTION('center_axis',(-1.40360646871106E-14,-1.58148192511542E-13,
-1.));
#5288=DIRECTION('ref_axis',(-0.992094662457845,0.12549175559635,-5.92118946466739E-15));
#5289=DIRECTION('center_axis',(0.,0.,1.));
#5290=DIRECTION('ref_axis',(-0.828983986129769,0.559272340403492,0.));
#5291=DIRECTION('center_axis',(0.,0.,-1.));
#5292=DIRECTION('ref_axis',(-0.995327681364446,0.0965546824844666,0.));
#5293=DIRECTION('',(0.,0.,-1.));
#5294=DIRECTION('',(0.,0.,1.));
#5295=DIRECTION('center_axis',(1.6373831057592E-14,1.68788575367426E-13,
-1.));
#5296=DIRECTION('ref_axis',(-0.995327681364446,0.0965546824844605,0.));
#5297=DIRECTION('center_axis',(0.,0.,1.));
#5298=DIRECTION('ref_axis',(-0.828983986129769,0.559272340403492,0.));
#5299=DIRECTION('center_axis',(0.,0.,-1.));
#5300=DIRECTION('ref_axis',(-0.995327681151186,0.0965546846828444,0.));
#5301=DIRECTION('',(0.,0.,-1.));
#5302=DIRECTION('',(0.,0.,1.));
#5303=DIRECTION('center_axis',(-1.77341719081116E-14,-1.40200264228814E-13,
1.));
#5304=DIRECTION('ref_axis',(-0.436196926995015,0.899851232637987,1.1842378929335E-13));
#5305=DIRECTION('center_axis',(0.,0.,-1.));
#5306=DIRECTION('ref_axis',(-0.812349903703164,0.583170330138168,0.));
#5307=DIRECTION('',(0.,0.,1.));
#5308=DIRECTION('',(0.,0.,-1.));
#5309=DIRECTION('center_axis',(0.,0.,1.));
#5310=DIRECTION('ref_axis',(1.,0.,0.));
#5311=DIRECTION('center_axis',(0.,0.,-1.));
#5312=DIRECTION('ref_axis',(-0.0971615574496993,0.995268622912402,0.));
#5313=DIRECTION('',(0.,0.,1.));
#5314=DIRECTION('center_axis',(0.,-0.182117549711004,-0.98327676576194));
#5315=DIRECTION('ref_axis',(1.11156689923936E-16,0.98327676576194,-0.182117549711004));
#5316=DIRECTION('center_axis',(0.,-0.182117549711004,-0.98327676576194));
#5317=DIRECTION('ref_axis',(1.11156689923936E-16,0.98327676576194,-0.182117549711004));
#5318=DIRECTION('',(0.,0.,-1.));
#5319=DIRECTION('',(0.,0.,-1.));
#5320=DIRECTION('',(0.,0.,-1.));
#5321=DIRECTION('center_axis',(0.,0.182117549711004,-0.98327676576194));
#5322=DIRECTION('ref_axis',(1.11156689923936E-16,0.98327676576194,0.182117549711004));
#5323=DIRECTION('center_axis',(0.,0.182117549711004,-0.98327676576194));
#5324=DIRECTION('ref_axis',(1.11156689923936E-16,0.98327676576194,0.182117549711004));
#5325=DIRECTION('',(0.,0.,1.));
#5326=DIRECTION('center_axis',(0.970406672076306,0.138108090178285,0.198083432464946));
#5327=DIRECTION('ref_axis',(0.140900000724681,-0.990023832943321,0.));
#5328=DIRECTION('center_axis',(0.970406672076309,0.138108090178283,-0.198083432464935));
#5329=DIRECTION('ref_axis',(0.199999999999995,0.,0.979795897113272));
#5330=DIRECTION('center_axis',(0.,0.182117549711004,0.98327676576194));
#5331=DIRECTION('ref_axis',(1.,0.,0.));
#5332=DIRECTION('center_axis',(0.,-0.182117549711004,-0.98327676576194));
#5333=DIRECTION('ref_axis',(-0.113333333333334,0.976941534989368,-0.180944170307231));
#5334=DIRECTION('center_axis',(0.,-0.182117549711004,-0.98327676576194));
#5335=DIRECTION('ref_axis',(1.27359925574917E-15,-0.983276765761939,0.182117549711003));
#5336=DIRECTION('',(3.36594089019424E-16,0.98327676576194,-0.182117549711004));
#5337=DIRECTION('center_axis',(0.,-0.182117549711004,-0.98327676576194));
#5338=DIRECTION('ref_axis',(0.760116950066091,-0.63891976132737,0.118337486907575));
#5339=DIRECTION('center_axis',(0.,-0.182117549711004,0.98327676576194));
#5340=DIRECTION('ref_axis',(1.,0.,0.));
#5341=DIRECTION('center_axis',(0.,0.182117549711004,-0.98327676576194));
#5342=DIRECTION('ref_axis',(-0.113333333333334,0.976941534989368,0.180944170307231));
#5343=DIRECTION('center_axis',(0.,-0.182117549711004,0.98327676576194));
#5344=DIRECTION('ref_axis',(0.76011695006609,-0.638919761327368,-0.11833748690759));
#5345=DIRECTION('',(-3.36594089019424E-16,-0.98327676576194,-0.182117549711004));
#5346=DIRECTION('center_axis',(0.,-0.182117549711004,0.98327676576194));
#5347=DIRECTION('ref_axis',(1.27359925574917E-15,-0.983276765761939,-0.182117549711003));
#5348=DIRECTION('center_axis',(-1.01095548438737E-16,-0.182117549711004,
0.983276765761939));
#5349=DIRECTION('ref_axis',(-0.113333333333334,0.976941534989368,0.180944170307231));
#5350=DIRECTION('',(1.01095548438737E-16,0.182117549711004,-0.983276765761939));
#5351=DIRECTION('center_axis',(0.,-0.182117549711004,0.98327676576194));
#5352=DIRECTION('ref_axis',(-0.746100976186646,0.65469793377202,0.121259840210934));
#5353=DIRECTION('',(-1.01095548438737E-16,-0.182117549711004,0.983276765761939));
#5354=DIRECTION('center_axis',(0.,-1.,0.));
#5355=DIRECTION('ref_axis',(0.,0.,-1.));
#5356=DIRECTION('center_axis',(0.,1.,0.));
#5357=DIRECTION('ref_axis',(1.,0.,0.));
#5358=DIRECTION('center_axis',(0.,-1.,0.));
#5359=DIRECTION('ref_axis',(0.,0.,-1.));
#5360=DIRECTION('center_axis',(3.44255201434157E-16,-1.,0.));
#5361=DIRECTION('ref_axis',(1.,3.5527136788005E-16,0.));
#5362=DIRECTION('center_axis',(0.,1.,0.));
#5363=DIRECTION('ref_axis',(1.,0.,0.));
#5364=DIRECTION('center_axis',(-1.,5.55111512312578E-16,0.));
#5365=DIRECTION('ref_axis',(0.,0.,1.));
#5366=DIRECTION('center_axis',(0.,-0.983276765761939,-0.182117549711005));
#5367=DIRECTION('ref_axis',(1.,0.,0.));
#5368=DIRECTION('center_axis',(-1.,5.55111512312578E-16,0.));
#5369=DIRECTION('ref_axis',(3.23815048849004E-16,0.599474363739975,0.80039395751002));
#5370=DIRECTION('center_axis',(0.,0.,-1.));
#5371=DIRECTION('ref_axis',(2.96059473233376E-15,1.,0.));
#5372=DIRECTION('center_axis',(1.,-5.55111512312578E-16,0.));
#5373=DIRECTION('ref_axis',(3.32775120648318E-16,0.599474363739975,0.80039395751002));
#5374=DIRECTION('center_axis',(-5.45828252463931E-16,-0.98327676576194,
-0.182117549711004));
#5375=DIRECTION('ref_axis',(0.707106781186554,-0.12877655437373,0.695281668853437));
#5376=DIRECTION('',(5.45828252463931E-16,0.98327676576194,0.182117549711004));
#5377=DIRECTION('',(-5.45828252463931E-16,-0.98327676576194,-0.182117549711004));
#5378=DIRECTION('center_axis',(-5.45828252463931E-16,-0.98327676576194,
0.182117549711004));
#5379=DIRECTION('ref_axis',(0.707106781186546,-0.128776554373729,-0.695281668853446));
#5380=DIRECTION('',(5.45828252463931E-16,0.98327676576194,-0.182117549711004));
#5381=DIRECTION('center_axis',(0.,0.98327676576194,-0.182117549711003));
#5382=DIRECTION('ref_axis',(1.,0.,0.));
#5383=DIRECTION('',(-5.45828252463931E-16,-0.98327676576194,0.182117549711004));
#5384=DIRECTION('center_axis',(1.,-5.55111512312578E-16,0.));
#5385=DIRECTION('ref_axis',(0.,0.,-1.));
#5386=DIRECTION('center_axis',(1.,-5.55111512312578E-16,0.));
#5387=DIRECTION('ref_axis',(-5.55111512312578E-16,-1.,-3.1720657846433E-16));
#5388=DIRECTION('center_axis',(-1.,5.55111512312578E-16,0.));
#5389=DIRECTION('ref_axis',(-5.55111512312578E-16,-1.,-3.1720657846433E-16));
#5390=DIRECTION('center_axis',(-1.,5.55111512312578E-16,0.));
#5391=DIRECTION('ref_axis',(2.96059473233375E-16,0.639485125037712,-0.768803469591223));
#5392=DIRECTION('center_axis',(0.,0.,1.));
#5393=DIRECTION('ref_axis',(1.,0.,0.));
#5394=DIRECTION('center_axis',(-1.,5.55111512312578E-16,0.));
#5395=DIRECTION('ref_axis',(3.23815048849004E-16,0.599474363739976,-0.800393957510019));
#5396=DIRECTION('center_axis',(1.,-5.55111512312578E-16,0.));
#5397=DIRECTION('ref_axis',(3.32775120648319E-16,0.599474363739976,-0.800393957510019));
#5398=DIRECTION('center_axis',(0.,0.,-1.));
#5399=DIRECTION('ref_axis',(0.707106781186548,0.707106781186548,0.));
#5400=DIRECTION('',(0.,0.,-1.));
#5401=DIRECTION('',(0.,0.,1.));
#5402=DIRECTION('center_axis',(0.,-0.182117549711004,0.98327676576194));
#5403=DIRECTION('ref_axis',(5.45828252463931E-16,0.98327676576194,0.182117549711004));
#5404=DIRECTION('',(-1.,0.,0.));
#5405=DIRECTION('',(-5.45828252463931E-16,-0.98327676576194,-0.182117549711004));
#5406=DIRECTION('',(-1.,1.1686558153949E-15,2.16452519744337E-16));
#5407=DIRECTION('center_axis',(-1.,0.,0.));
#5408=DIRECTION('ref_axis',(0.,0.206378935818515,0.97847214311416));
#5409=DIRECTION('',(-1.,0.,0.));
#5410=DIRECTION('center_axis',(1.,-5.55111512312578E-16,0.));
#5411=DIRECTION('ref_axis',(-5.55111512312578E-16,-1.,-3.1720657846433E-16));
#5412=DIRECTION('center_axis',(0.,0.182117549711004,0.98327676576194));
#5413=DIRECTION('ref_axis',(5.45828252463931E-16,0.98327676576194,-0.182117549711004));
#5414=DIRECTION('',(1.,-1.1686558153949E-15,2.16452519744337E-16));
#5415=DIRECTION('',(5.45828252463931E-16,0.98327676576194,-0.182117549711004));
#5416=DIRECTION('center_axis',(1.,-5.55111512312578E-16,0.));
#5417=DIRECTION('ref_axis',(5.55111512312578E-16,1.,0.));
#5418=DIRECTION('center_axis',(-1.,5.55111512312578E-16,0.));
#5419=DIRECTION('ref_axis',(0.,0.,1.));
#5420=DIRECTION('center_axis',(0.,0.,-1.));
#5421=DIRECTION('ref_axis',(-0.726009383840745,-0.687684793037611,0.));
#5422=DIRECTION('center_axis',(0.,0.,-1.));
#5423=DIRECTION('ref_axis',(0.,-1.,0.));
#5424=DIRECTION('center_axis',(0.,0.,1.));
#5425=DIRECTION('ref_axis',(-0.998531225739773,0.0541792508496256,0.));
#5426=DIRECTION('',(0.,0.,1.));
#5427=DIRECTION('center_axis',(-1.,5.55111512312578E-16,0.));
#5428=DIRECTION('ref_axis',(2.368475785867E-16,0.440259118011439,-0.897870764090128));
#5429=DIRECTION('center_axis',(0.,-0.458122847290851,-0.888888888888889));
#5430=DIRECTION('ref_axis',(-2.96059473233375E-15,-0.888888888888889,0.458122847290851));
#5431=DIRECTION('center_axis',(-1.,5.55111512312578E-16,0.));
#5432=DIRECTION('ref_axis',(3.54985554861083E-16,0.639485125037712,-0.768803469591222));
#5433=DIRECTION('center_axis',(0.,0.983276765761939,-0.182117549711004));
#5434=DIRECTION('ref_axis',(-1.,0.,0.));
#5435=DIRECTION('center_axis',(1.,-5.55111512312578E-16,0.));
#5436=DIRECTION('ref_axis',(3.46944695195361E-16,0.639485125037712,-0.768803469591222));
#5437=DIRECTION('center_axis',(5.45828252463931E-16,0.98327676576194,-0.182117549711004));
#5438=DIRECTION('ref_axis',(-0.70710678118655,0.128776554373729,0.695281668853442));
#5439=DIRECTION('',(-5.45828252463931E-16,-0.98327676576194,0.182117549711004));
#5440=DIRECTION('center_axis',(1.,-5.55111512312578E-16,0.));
#5441=DIRECTION('ref_axis',(0.,0.,-1.));
#5442=DIRECTION('center_axis',(-1.,5.55111512312578E-16,0.));
#5443=DIRECTION('ref_axis',(-5.55111512312578E-16,-1.,-3.1720657846433E-16));
#5444=DIRECTION('center_axis',(5.45828252463931E-16,0.98327676576194,0.182117549711004));
#5445=DIRECTION('ref_axis',(-0.707106781186552,0.128776554373728,-0.69528166885344));
#5446=DIRECTION('',(5.45828252463931E-16,0.98327676576194,0.182117549711004));
#5447=DIRECTION('center_axis',(0.,-0.98327676576194,-0.182117549711004));
#5448=DIRECTION('ref_axis',(-1.,0.,0.));
#5449=DIRECTION('center_axis',(-1.,5.55111512312578E-16,0.));
#5450=DIRECTION('ref_axis',(0.,0.,1.));
#5451=DIRECTION('center_axis',(1.35631608845101E-15,-0.458122847290846,
0.888888888888891));
#5452=DIRECTION('ref_axis',(-1.,-2.96059473233373E-15,0.));
#5453=DIRECTION('center_axis',(1.,-5.55111512312578E-16,0.));
#5454=DIRECTION('ref_axis',(3.46944695195361E-16,0.639485125037712,0.768803469591222));
#5455=DIRECTION('center_axis',(-1.,5.55111512312578E-16,0.));
#5456=DIRECTION('ref_axis',(3.54985554861083E-16,0.639485125037712,0.768803469591222));
#5457=DIRECTION('center_axis',(-1.,5.55111512312578E-16,0.));
#5458=DIRECTION('ref_axis',(0.,0.,1.));
#5459=DIRECTION('',(1.01095548438737E-16,0.182117549711004,0.983276765761939));
#5460=DIRECTION('',(5.45828252463931E-16,0.98327676576194,-0.182117549711004));
#5461=DIRECTION('center_axis',(1.,-5.55111512312578E-16,0.));
#5462=DIRECTION('ref_axis',(-5.55111512312578E-16,-1.,-5.22457893940984E-16));
#5463=DIRECTION('',(-5.45828252463931E-16,-0.98327676576194,-0.182117549711004));
#5464=DIRECTION('center_axis',(-1.,1.1686558153949E-15,2.16452519744337E-16));
#5465=DIRECTION('ref_axis',(8.68060085494314E-16,0.639485125037713,0.768803469591222));
#5466=DIRECTION('',(1.,-1.1686558153949E-15,-2.16452519744337E-16));
#5467=DIRECTION('center_axis',(-1.1686558153949E-15,-1.,0.));
#5468=DIRECTION('ref_axis',(-1.,1.1686558153949E-15,0.));
#5469=DIRECTION('',(-1.,1.1686558153949E-15,-2.16452519744337E-16));
#5470=DIRECTION('center_axis',(-1.,1.1686558153949E-15,-2.16452519744337E-16));
#5471=DIRECTION('ref_axis',(8.68060085494313E-16,0.639485125037712,-0.768803469591222));
#5472=DIRECTION('center_axis',(0.,0.,1.));
#5473=DIRECTION('ref_axis',(0.755281404750798,-0.655400640553289,0.));
#5474=DIRECTION('center_axis',(0.,0.,1.));
#5475=DIRECTION('ref_axis',(0.140900000724679,-0.990023832943321,0.));
#5476=DIRECTION('',(0.,0.,-1.));
#5477=DIRECTION('center_axis',(0.,0.,-1.));
#5478=DIRECTION('ref_axis',(0.755281404750798,-0.655400640553289,0.));
#5479=DIRECTION('',(0.,0.,-1.));
#5480=DIRECTION('center_axis',(0.,0.,-1.));
#5481=DIRECTION('ref_axis',(1.,0.,0.));
#5482=DIRECTION('center_axis',(0.,0.,1.));
#5483=DIRECTION('ref_axis',(1.,0.,0.));
#5484=DIRECTION('center_axis',(0.,1.,0.));
#5485=DIRECTION('ref_axis',(0.774596669241486,0.,-0.632455532033673));
#5486=DIRECTION('center_axis',(0.,0.,1.));
#5487=DIRECTION('ref_axis',(1.,0.,0.));
#5488=DIRECTION('center_axis',(0.,1.,0.));
#5489=DIRECTION('ref_axis',(0.774596669241483,0.,0.632455532033677));
#5490=DIRECTION('center_axis',(1.,-3.4231876592609E-16,0.));
#5491=DIRECTION('ref_axis',(0.,0.,-1.));
#5492=DIRECTION('',(-3.4231876592609E-16,-1.,0.));
#5493=DIRECTION('',(-2.42055920713749E-16,-0.707106781186547,-0.707106781186548));
#5494=DIRECTION('',(0.,0.,1.));
#5495=DIRECTION('',(-3.36594089019424E-16,-0.98327676576194,0.182117549711004));
#5496=DIRECTION('',(-6.23422548705544E-17,-0.182117549711004,-0.983276765761939));
#5497=DIRECTION('center_axis',(0.,1.,0.));
#5498=DIRECTION('ref_axis',(0.774596669241484,0.,0.632455532033675));
#5499=DIRECTION('center_axis',(-1.73621117491368E-10,-1.,3.54402622021381E-11));
#5500=DIRECTION('ref_axis',(1.,-1.73621117482978E-10,2.36758760744726E-10));
#5501=DIRECTION('center_axis',(0.,-0.182117549711009,-0.983276765761938));
#5502=DIRECTION('ref_axis',(1.,0.,0.));
#5503=DIRECTION('center_axis',(0.,0.983276765761939,-0.182117549711004));
#5504=DIRECTION('ref_axis',(0.,0.182117549711004,0.983276765761939));
#5505=DIRECTION('center_axis',(1.01095548438737E-16,0.182117549711004,0.983276765761939));
#5506=DIRECTION('ref_axis',(0.760116950066091,-0.63891976132737,0.118337486907575));
#5507=DIRECTION('',(1.01095548438737E-16,0.182117549711004,0.983276765761939));
#5508=DIRECTION('center_axis',(1.,-5.55111512312578E-16,0.));
#5509=DIRECTION('ref_axis',(0.,0.,-1.));
#5510=DIRECTION('center_axis',(-1.,5.55111512312578E-16,0.));
#5511=DIRECTION('ref_axis',(-5.55111512312578E-16,-1.,-2.61228946970492E-16));
#5512=DIRECTION('center_axis',(1.,-5.55111512312578E-16,0.));
#5513=DIRECTION('ref_axis',(-5.55111512312296E-16,-1.,-2.61228946970492E-16));
#5514=DIRECTION('center_axis',(0.,-0.182117549711009,0.983276765761938));
#5515=DIRECTION('ref_axis',(0.155555555555555,-0.971307480634228,-0.179900659253355));
#5516=DIRECTION('center_axis',(0.,0.98327676576194,0.182117549710999));
#5517=DIRECTION('ref_axis',(1.,0.,0.));
#5518=DIRECTION('center_axis',(1.01095548438737E-16,0.182117549711004,-0.983276765761939));
#5519=DIRECTION('ref_axis',(0.76011695006609,-0.638919761327368,-0.11833748690759));
#5520=DIRECTION('',(6.23422548705544E-17,0.182117549711004,-0.983276765761939));
#5521=DIRECTION('center_axis',(0.,-0.182117549711004,0.98327676576194));
#5522=DIRECTION('ref_axis',(1.,0.,0.));
#5523=DIRECTION('center_axis',(2.91108401314098E-15,0.98327676576194,0.182117549711003));
#5524=DIRECTION('ref_axis',(-1.,2.96059473233377E-15,0.));
#5525=DIRECTION('center_axis',(0.,0.182117549711004,-0.98327676576194));
#5526=DIRECTION('ref_axis',(-0.746100976186646,0.65469793377202,0.121259840210934));
#5527=DIRECTION('center_axis',(-5.45828252463931E-16,-0.98327676576194,
-0.182117549711004));
#5528=DIRECTION('ref_axis',(-0.707106781186554,-0.128776554373726,0.695281668853438));
#5529=DIRECTION('',(5.45828252463931E-16,0.98327676576194,0.182117549711004));
#5530=DIRECTION('center_axis',(5.45828252463931E-16,0.98327676576194,0.182117549711004));
#5531=DIRECTION('ref_axis',(0.707106781186554,0.12877655437373,-0.695281668853437));
#5532=DIRECTION('',(5.45828252463931E-16,0.98327676576194,0.182117549711004));
#5533=DIRECTION('center_axis',(0.,0.983276765761939,0.182117549711005));
#5534=DIRECTION('ref_axis',(1.,0.,0.));
#5535=DIRECTION('',(-5.45828252463931E-16,-0.98327676576194,-0.182117549711004));
#5536=DIRECTION('center_axis',(1.,-1.48029736616688E-15,-1.77964694811116E-15));
#5537=DIRECTION('ref_axis',(-1.48029736616688E-15,-1.,0.));
#5538=DIRECTION('center_axis',(0.,-0.182117549711004,0.98327676576194));
#5539=DIRECTION('ref_axis',(4.36662601971145E-16,0.98327676576194,0.182117549711004));
#5540=DIRECTION('center_axis',(1.6694251002707E-16,0.225552667785062,-0.974230975721385));
#5541=DIRECTION('ref_axis',(3.60537886849638E-16,0.974230975721385,0.225552667785062));
#5542=DIRECTION('center_axis',(1.,-3.44255201434157E-16,-6.3761207366549E-17));
#5543=DIRECTION('ref_axis',(0.,-0.639485125037716,-0.768803469591219));
#5544=DIRECTION('center_axis',(1.,0.,0.));
#5545=DIRECTION('ref_axis',(0.,-1.,0.));
#5546=DIRECTION('',(-1.,3.44255201434157E-16,6.3761207366549E-17));
#5547=DIRECTION('',(1.,-3.44255201434157E-16,-6.3761207366549E-17));
#5548=DIRECTION('center_axis',(0.,0.983276765761939,0.182117549711005));
#5549=DIRECTION('ref_axis',(1.,0.,0.));
#5550=DIRECTION('center_axis',(0.,0.182117549711004,-0.98327676576194));
#5551=DIRECTION('ref_axis',(-5.27006588585864E-16,-0.98327676576194,-0.182117549711004));
#5552=DIRECTION('center_axis',(-9.18905756548893E-17,-0.165535344911288,
0.986203858025865));
#5553=DIRECTION('ref_axis',(-5.47453115077237E-16,-0.986203858025865,-0.165535344911288));
#5554=DIRECTION('center_axis',(3.36594089019424E-16,0.98327676576194,0.182117549711004));
#5555=DIRECTION('ref_axis',(0.707106781186553,0.12877655437373,-0.695281668853438));
#5556=DIRECTION('',(-3.36594089019424E-16,-0.98327676576194,-0.182117549711004));
#5557=DIRECTION('',(3.36594089019424E-16,0.98327676576194,0.182117549711004));
#5558=DIRECTION('center_axis',(1.,-5.55111512312578E-16,0.));
#5559=DIRECTION('ref_axis',(0.,0.,-1.));
#5560=DIRECTION('center_axis',(-1.,5.55111512312578E-16,0.));
#5561=DIRECTION('ref_axis',(-5.55111512312296E-16,-1.,-5.22457893940984E-16));
#5562=DIRECTION('center_axis',(5.45828252463931E-16,0.98327676576194,-0.182117549711004));
#5563=DIRECTION('ref_axis',(0.70710678118655,0.128776554373729,0.695281668853442));
#5564=DIRECTION('',(5.45828252463931E-16,0.98327676576194,-0.182117549711004));
#5565=DIRECTION('center_axis',(0.,0.983276765761939,-0.182117549711004));
#5566=DIRECTION('ref_axis',(0.,0.182117549711004,0.98327676576194));
#5567=DIRECTION('',(-5.45828252463931E-16,-0.98327676576194,0.182117549711004));
#5568=DIRECTION('center_axis',(1.,0.,0.));
#5569=DIRECTION('ref_axis',(0.,0.182117549711004,0.98327676576194));
#5570=DIRECTION('center_axis',(1.6694251002707E-16,0.225552667785062,0.974230975721385));
#5571=DIRECTION('ref_axis',(3.60537886849638E-16,0.974230975721385,-0.225552667785062));
#5572=DIRECTION('center_axis',(0.,-0.182117549711004,-0.98327676576194));
#5573=DIRECTION('ref_axis',(4.36662601971145E-16,0.98327676576194,-0.182117549711004));
#5574=DIRECTION('center_axis',(1.,-3.44255201434157E-16,6.3761207366549E-17));
#5575=DIRECTION('ref_axis',(0.,-0.639485125037712,0.768803469591223));
#5576=DIRECTION('center_axis',(1.,0.,0.));
#5577=DIRECTION('ref_axis',(0.,0.182117549711004,0.983276765761939));
#5578=DIRECTION('',(-1.,3.44255201434157E-16,-6.3761207366549E-17));
#5579=DIRECTION('',(1.,-3.44255201434157E-16,6.3761207366549E-17));
#5580=DIRECTION('center_axis',(0.,0.983276765761939,-0.182117549711004));
#5581=DIRECTION('ref_axis',(0.,0.182117549711004,0.983276765761939));
#5582=DIRECTION('center_axis',(-9.18905756548893E-17,-0.165535344911288,
-0.986203858025865));
#5583=DIRECTION('ref_axis',(-5.47453115077237E-16,-0.986203858025865,0.165535344911288));
#5584=DIRECTION('center_axis',(0.,0.182117549711004,0.98327676576194));
#5585=DIRECTION('ref_axis',(-5.27006588585864E-16,-0.98327676576194,0.182117549711004));
#5586=DIRECTION('center_axis',(3.36594089019424E-16,0.98327676576194,-0.182117549711004));
#5587=DIRECTION('ref_axis',(0.707106781186546,0.128776554373729,0.695281668853445));
#5588=DIRECTION('',(3.36594089019424E-16,0.98327676576194,-0.182117549711004));
#5589=DIRECTION('center_axis',(0.,0.182117549711004,0.98327676576194));
#5590=DIRECTION('ref_axis',(1.,0.,0.));
#5591=DIRECTION('center_axis',(2.91108401314098E-15,0.983276765761939,-0.182117549711008));
#5592=DIRECTION('ref_axis',(0.,-0.182117549711008,-0.983276765761939));
#5593=DIRECTION('center_axis',(0.,-0.182117549711004,-0.98327676576194));
#5594=DIRECTION('ref_axis',(-0.746100976186646,0.65469793377202,-0.121259840210934));
#5595=DIRECTION('center_axis',(0.,0.182117549711004,0.98327676576194));
#5596=DIRECTION('ref_axis',(-0.746100976186646,0.65469793377202,-0.121259840210934));
#5597=DIRECTION('center_axis',(-5.45828252463931E-16,-0.98327676576194,
0.182117549711004));
#5598=DIRECTION('ref_axis',(-0.70710678118655,-0.128776554373729,-0.695281668853442));
#5599=DIRECTION('',(-5.45828252463931E-16,-0.98327676576194,0.182117549711004));
#5600=DIRECTION('center_axis',(0.,0.,-1.));
#5601=DIRECTION('ref_axis',(0.707106781186547,-0.707106781186548,0.));
#5602=DIRECTION('center_axis',(4.09688289960838E-16,0.738028812002273,-0.674769199544935));
#5603=DIRECTION('ref_axis',(-2.80929113116003E-16,-0.674769199544935,-0.738028812002273));
#5604=DIRECTION('center_axis',(0.,0.,-1.));
#5605=DIRECTION('ref_axis',(0.249999999999999,-0.968245836551854,0.));
#5606=DIRECTION('',(0.,0.,-1.));
#5607=DIRECTION('center_axis',(1.01095548438737E-16,0.182117549711004,0.983276765761939));
#5608=DIRECTION('ref_axis',(-0.113333333333334,0.976941534989368,-0.180944170307231));
#5609=DIRECTION('center_axis',(0.,0.182117549711004,-0.98327676576194));
#5610=DIRECTION('ref_axis',(-5.45828252463931E-16,-0.98327676576194,-0.182117549711004));
#5611=DIRECTION('',(-1.,0.,0.));
#5612=DIRECTION('center_axis',(-1.,0.,0.));
#5613=DIRECTION('ref_axis',(0.,-0.16000398423849,-0.987116368534029));
#5614=DIRECTION('',(-1.,0.,0.));
#5615=DIRECTION('center_axis',(-1.,3.4231876592609E-16,0.));
#5616=DIRECTION('ref_axis',(0.,0.,1.));
#5617=DIRECTION('',(0.,0.,-1.));
#5618=DIRECTION('',(-2.42055920713749E-16,-0.707106781186547,0.707106781186548));
#5619=DIRECTION('',(-3.4231876592609E-16,-1.,0.));
#5620=DIRECTION('center_axis',(0.,-1.,0.));
#5621=DIRECTION('ref_axis',(0.774596669241484,0.,-0.632455532033675));
#5622=DIRECTION('center_axis',(1.73621117491368E-10,1.,3.54402622021381E-11));
#5623=DIRECTION('ref_axis',(1.,-1.73621117482978E-10,-2.36758760744726E-10));
#5624=DIRECTION('center_axis',(0.,0.,-1.));
#5625=DIRECTION('ref_axis',(0.707106781186547,-0.707106781186548,0.));
#5626=DIRECTION('',(0.,0.,1.));
#5627=DIRECTION('center_axis',(0.,0.,-1.));
#5628=DIRECTION('ref_axis',(0.249999999999999,-0.968245836551854,0.));
#5629=DIRECTION('center_axis',(-4.09688289960838E-16,-0.738028812002273,
-0.674769199544935));
#5630=DIRECTION('ref_axis',(-2.80929113116003E-16,-0.674769199544935,0.738028812002273));
#5631=DIRECTION('center_axis',(3.44255201434157E-16,1.,0.));
#5632=DIRECTION('ref_axis',(1.,-3.44255201434157E-16,0.));
#5633=DIRECTION('',(0.,0.,-1.));
#5634=DIRECTION('',(-1.,3.44255201434157E-16,0.));
#5635=DIRECTION('center_axis',(0.,0.,-1.));
#5636=DIRECTION('ref_axis',(-0.707106781186547,0.707106781186548,0.));
#5637=DIRECTION('',(0.,0.,1.));
#5638=DIRECTION('center_axis',(0.,0.,1.));
#5639=DIRECTION('ref_axis',(-0.707106781186547,0.707106781186548,0.));
#5640=DIRECTION('center_axis',(0.928722310616789,0.356054229236622,0.103442039835493));
#5641=DIRECTION('ref_axis',(0.234427176801673,-0.347732513946246,-0.907813856206998));
#5642=DIRECTION('center_axis',(-2.42055920713749E-16,-0.707106781186547,
0.707106781186548));
#5643=DIRECTION('ref_axis',(-0.70710678118655,0.500000000000001,0.499999999999996));
#5644=DIRECTION('center_axis',(-1.04672830578918E-15,0.707106781186546,
-0.707106781186549));
#5645=DIRECTION('ref_axis',(-1.,0.,1.48029736616687E-15));
#5646=DIRECTION('center_axis',(0.,0.,1.));
#5647=DIRECTION('ref_axis',(1.,0.,0.));
#5648=DIRECTION('center_axis',(1.,0.,0.));
#5649=DIRECTION('ref_axis',(0.,1.,0.));
#5650=DIRECTION('center_axis',(1.,-3.44255201434157E-16,0.));
#5651=DIRECTION('ref_axis',(0.,0.707106781186548,0.707106781186547));
#5652=DIRECTION('center_axis',(1.,0.,0.));
#5653=DIRECTION('ref_axis',(0.,1.,0.));
#5654=DIRECTION('center_axis',(0.,0.,-1.));
#5655=DIRECTION('ref_axis',(-1.,0.,0.));
#5656=DIRECTION('center_axis',(2.96059473233374E-15,1.,0.));
#5657=DIRECTION('ref_axis',(-1.,2.96059473233374E-15,0.));
#5658=DIRECTION('center_axis',(5.55111512312578E-16,1.,0.));
#5659=DIRECTION('ref_axis',(-0.707106781186548,0.,0.707106781186547));
#5660=DIRECTION('center_axis',(0.,1.,0.));
#5661=DIRECTION('ref_axis',(-1.,0.,0.));
#5662=DIRECTION('',(-5.55111512312578E-16,-1.,0.));
#5663=DIRECTION('center_axis',(1.,-5.55111512312578E-16,0.));
#5664=DIRECTION('ref_axis',(0.,0.,-1.));
#5665=DIRECTION('center_axis',(0.,0.,1.));
#5666=DIRECTION('ref_axis',(-1.,0.,0.));
#5667=DIRECTION('center_axis',(-1.,5.55111512312578E-16,0.));
#5668=DIRECTION('ref_axis',(-3.88578058618805E-16,-0.707106781186547,0.707106781186547));
#5669=DIRECTION('center_axis',(1.,-5.55111512312578E-16,0.));
#5670=DIRECTION('ref_axis',(-3.92523114670944E-16,-0.707106781186547,0.707106781186547));
#5671=DIRECTION('center_axis',(-1.,0.,0.));
#5672=DIRECTION('ref_axis',(0.,-0.707106781186547,0.707106781186547));
#5673=DIRECTION('',(1.,0.,0.));
#5674=DIRECTION('center_axis',(-1.,9.00180830777154E-17,0.));
#5675=DIRECTION('ref_axis',(0.,-0.707106781186547,0.707106781186547));
#5676=DIRECTION('center_axis',(1.,-2.77555756156289E-16,0.));
#5677=DIRECTION('ref_axis',(0.,0.,1.));
#5678=DIRECTION('center_axis',(1.,-9.00180830777154E-17,0.));
#5679=DIRECTION('ref_axis',(0.,0.,1.));
#5680=DIRECTION('',(-1.,2.77555756156289E-16,0.));
#5681=DIRECTION('center_axis',(0.,1.,0.));
#5682=DIRECTION('ref_axis',(-1.,0.,1.22464679914735E-16));
#5683=DIRECTION('center_axis',(0.,1.,0.));
#5684=DIRECTION('ref_axis',(0.,0.,1.));
#5685=DIRECTION('center_axis',(0.,-1.,0.));
#5686=DIRECTION('ref_axis',(1.,0.,0.));
#5687=DIRECTION('center_axis',(0.,-0.182117549711004,-0.98327676576194));
#5688=DIRECTION('ref_axis',(-5.45828252463931E-16,-0.98327676576194,0.182117549711004));
#5689=DIRECTION('center_axis',(-1.,9.00180830777154E-17,0.));
#5690=DIRECTION('ref_axis',(-9.00180830777154E-17,-1.,0.));
#5691=DIRECTION('',(0.,0.,1.));
#5692=DIRECTION('center_axis',(1.,-9.00180830777154E-17,0.));
#5693=DIRECTION('ref_axis',(0.,-0.707106781186547,-0.707106781186547));
#5694=DIRECTION('',(-9.00180830777154E-17,-1.,0.));
#5695=DIRECTION('center_axis',(1.,-5.55111512312578E-16,0.));
#5696=DIRECTION('ref_axis',(5.55111512312578E-16,1.,0.));
#5697=DIRECTION('',(0.,0.,-1.));
#5698=DIRECTION('',(-5.55111512312578E-16,-1.,0.));
#5699=DIRECTION('center_axis',(-1.,5.55111512312578E-16,0.));
#5700=DIRECTION('ref_axis',(-3.92523114670944E-16,-0.707106781186547,-0.707106781186547));
#5701=DIRECTION('',(0.,0.,1.));
#5702=DIRECTION('center_axis',(-3.44255201434157E-16,-1.,0.));
#5703=DIRECTION('ref_axis',(1.,-3.44255201434157E-16,0.));
#5704=DIRECTION('',(-1.,3.44255201434157E-16,0.));
#5705=DIRECTION('',(0.,0.,1.));
#5706=DIRECTION('center_axis',(0.,0.,-1.));
#5707=DIRECTION('ref_axis',(-0.707106781186547,0.707106781186548,0.));
#5708=DIRECTION('center_axis',(0.,0.,1.));
#5709=DIRECTION('ref_axis',(-0.707106781186547,0.707106781186548,0.));
#5710=DIRECTION('center_axis',(0.,-1.,0.));
#5711=DIRECTION('ref_axis',(1.,0.,0.));
#5712=DIRECTION('',(0.,-1.,0.));
#5713=DIRECTION('center_axis',(0.,-1.,0.));
#5714=DIRECTION('ref_axis',(1.,0.,0.));
#5715=DIRECTION('center_axis',(0.,1.,0.));
#5716=DIRECTION('ref_axis',(0.,0.,1.));
#5717=DIRECTION('center_axis',(0.,1.,0.));
#5718=DIRECTION('ref_axis',(0.,0.,-1.));
#5719=DIRECTION('center_axis',(-0.995565388348637,0.0665190105246099,0.0665190105237236));
#5720=DIRECTION('ref_axis',(0.0298103759605891,-0.447584015272518,0.893744868940582));
#5721=DIRECTION('center_axis',(-0.928722310616789,-0.356054229236622,0.103442039835493));
#5722=DIRECTION('ref_axis',(0.234427176801673,-0.347732513946246,0.907813856206998));
#5723=DIRECTION('center_axis',(-2.42055920713749E-16,0.707106781186548,
-0.707106781186547));
#5724=DIRECTION('ref_axis',(-1.,0.,3.4231876592609E-16));
#5725=DIRECTION('',(-1.,-3.4231876592609E-16,0.));
#5726=DIRECTION('center_axis',(-2.42055920713749E-16,-0.707106781186548,
0.707106781186547));
#5727=DIRECTION('ref_axis',(-2.69158707202933E-16,-0.707106781186547,-0.707106781186548));
#5728=DIRECTION('',(2.42055920713749E-16,0.707106781186547,0.707106781186548));
#5729=DIRECTION('center_axis',(2.42055920713749E-16,0.707106781186547,0.707106781186548));
#5730=DIRECTION('ref_axis',(-0.70710678118655,0.500000000000001,-0.499999999999996));
#5731=DIRECTION('center_axis',(1.04672830578918E-15,-0.707106781186546,
-0.707106781186549));
#5732=DIRECTION('ref_axis',(-1.,0.,-1.48029736616687E-15));
#5733=DIRECTION('center_axis',(0.,0.,-1.));
#5734=DIRECTION('ref_axis',(1.,0.,0.));
#5735=DIRECTION('center_axis',(0.,0.,1.));
#5736=DIRECTION('ref_axis',(0.249999999999999,-0.968245836551855,0.));
#5737=DIRECTION('center_axis',(-1.,0.,0.));
#5738=DIRECTION('ref_axis',(0.,1.,0.));
#5739=DIRECTION('center_axis',(-1.,3.44255201434157E-16,0.));
#5740=DIRECTION('ref_axis',(0.,0.707106781186548,-0.707106781186547));
#5741=DIRECTION('center_axis',(-1.,0.,0.));
#5742=DIRECTION('ref_axis',(0.,1.,0.));
#5743=DIRECTION('',(1.,-3.44255201434157E-16,0.));
#5744=DIRECTION('center_axis',(0.,0.,1.));
#5745=DIRECTION('ref_axis',(-1.,0.,0.));
#5746=DIRECTION('center_axis',(-2.96059473233374E-15,-1.,0.));
#5747=DIRECTION('ref_axis',(-1.,2.96059473233374E-15,0.));
#5748=DIRECTION('center_axis',(0.,0.,-1.));
#5749=DIRECTION('ref_axis',(-0.707106781186547,0.707106781186548,0.));
#5750=DIRECTION('center_axis',(-5.55111512312578E-16,-1.,0.));
#5751=DIRECTION('ref_axis',(-0.707106781186548,0.,-0.707106781186547));
#5752=DIRECTION('center_axis',(0.,-1.,0.));
#5753=DIRECTION('ref_axis',(-1.,0.,0.));
#5754=DIRECTION('',(5.55111512312578E-16,1.,0.));
#5755=DIRECTION('center_axis',(1.,-5.55111512312578E-16,0.));
#5756=DIRECTION('ref_axis',(0.,0.,1.));
#5757=DIRECTION('center_axis',(0.,0.,1.));
#5758=DIRECTION('ref_axis',(-1.,0.,0.));
#5759=DIRECTION('center_axis',(1.,-5.55111512312578E-16,0.));
#5760=DIRECTION('ref_axis',(-3.88578058618805E-16,-0.707106781186547,-0.707106781186547));
#5761=DIRECTION('center_axis',(0.,0.,-1.));
#5762=DIRECTION('ref_axis',(-0.707106781186545,-0.70710678118655,0.));
#5763=DIRECTION('',(0.,0.,-1.));
#5764=DIRECTION('center_axis',(1.,0.,0.));
#5765=DIRECTION('ref_axis',(0.,-0.707106781186547,-0.707106781186547));
#5766=DIRECTION('',(-1.,0.,0.));
#5767=DIRECTION('',(1.,0.,0.));
#5768=DIRECTION('center_axis',(0.,1.,0.));
#5769=DIRECTION('ref_axis',(-1.,0.,0.));
#5770=DIRECTION('center_axis',(0.,1.,0.));
#5771=DIRECTION('ref_axis',(0.,0.,-1.));
#5772=DIRECTION('',(0.,-1.,0.));
#5773=DIRECTION('center_axis',(0.,0.,1.));
#5774=DIRECTION('ref_axis',(1.,0.,0.));
#5775=DIRECTION('center_axis',(-3.5527136788005E-16,1.,0.));
#5776=DIRECTION('ref_axis',(-1.,-3.5527136788005E-16,1.22464679914735E-16));
#5777=CARTESIAN_POINT('',(0.,0.,0.));
#5778=CARTESIAN_POINT('Ctrl Pts',(1.8348304775644E-16,44.,50.0673652091567));
#5779=CARTESIAN_POINT('Ctrl Pts',(0.2425663590121,44.,50.0673652091567));
#5780=CARTESIAN_POINT('Ctrl Pts',(0.483836993072562,44.0083046242203,50.0591865058339));
#5781=CARTESIAN_POINT('Ctrl Pts',(0.725189642550751,44.0248930679884,50.0428497744724));
#5782=CARTESIAN_POINT('Ctrl Pts',(1.55199006428674E-16,43.9184661968321,
50.1044704162715));
#5783=CARTESIAN_POINT('Ctrl Pts',(0.245211621672682,43.9184661968321,50.1044704162715));
#5784=CARTESIAN_POINT('Ctrl Pts',(0.48911411158778,43.9267694176161,50.0962113579295));
#5785=CARTESIAN_POINT('Ctrl Pts',(0.733100712497416,43.9433545904036,50.0797133499538));
#5786=CARTESIAN_POINT('Ctrl Pts',(1.25955946215989E-16,43.843672636573,
50.1563273634271));
#5787=CARTESIAN_POINT('Ctrl Pts',(0.248035834105324,43.843672636573,50.1563273634271));
#5788=CARTESIAN_POINT('Ctrl Pts',(0.494747256617196,43.8519881822196,50.1480122058184));
#5789=CARTESIAN_POINT('Ctrl Pts',(0.741549189804128,43.8685980052599,50.1314019947401));
#5790=CARTESIAN_POINT('Ctrl Pts',(9.75956999288639E-17,43.7803300858899,
50.2196699141101));
#5791=CARTESIAN_POINT('Ctrl Pts',(0.250860927725763,43.7803300858899,50.2196699141101));
#5792=CARTESIAN_POINT('Ctrl Pts',(0.500381827102192,43.7886796098243,50.2113203901757));
#5793=CARTESIAN_POINT('Ctrl Pts',(0.750000000924875,43.8053579256299,50.1946420743701));
#5794=CARTESIAN_POINT('',(2.08166817117217E-16,43.7803300858899,50.2196699141101));
#5795=CARTESIAN_POINT('',(-9.17415238782191E-17,44.,50.0673652091567));
#5796=CARTESIAN_POINT('Ctrl Pts',(9.75956999288639E-17,43.7803300858899,
50.2196699141101));
#5797=CARTESIAN_POINT('Ctrl Pts',(1.25955946215989E-16,43.843672636573,
50.1563273634271));
#5798=CARTESIAN_POINT('Ctrl Pts',(1.55199006428674E-16,43.9184661968321,
50.1044704162715));
#5799=CARTESIAN_POINT('Ctrl Pts',(1.8348304775644E-16,44.,50.0673652091567));
#5800=CARTESIAN_POINT('',(0.750000000900952,43.8053579258089,50.1946420741911));
#5801=CARTESIAN_POINT('Ctrl Pts',(9.75956999288639E-17,43.7803300858899,
50.2196699141101));
#5802=CARTESIAN_POINT('Ctrl Pts',(0.250860927725763,43.7803300858899,50.2196699141101));
#5803=CARTESIAN_POINT('Ctrl Pts',(0.500381827102192,43.7886796098243,50.2113203901757));
#5804=CARTESIAN_POINT('Ctrl Pts',(0.750000000924875,43.8053579256299,50.1946420743701));
#5805=CARTESIAN_POINT('',(0.727642218028996,44.000000000003,50.0546635086152));
#5806=CARTESIAN_POINT('Ctrl Pts',(0.727642349428953,44.0000019622248,50.0546674238969));
#5807=CARTESIAN_POINT('Ctrl Pts',(0.734835268235463,43.9281279014876,50.0904471141657));
#5808=CARTESIAN_POINT('Ctrl Pts',(0.742416694950718,43.8621061911884,50.1378938088117));
#5809=CARTESIAN_POINT('Ctrl Pts',(0.750000000924875,43.8053579256299,50.1946420743701));
#5810=CARTESIAN_POINT('Ctrl Pts',(0.727642218029024,44.,50.0546635086182));
#5811=CARTESIAN_POINT('Ctrl Pts',(0.484251281791591,44.,50.0627816814512));
#5812=CARTESIAN_POINT('Ctrl Pts',(0.242004173612032,44.,50.0673652091567));
#5813=CARTESIAN_POINT('Ctrl Pts',(2.77555756156289E-16,44.,50.0673652091567));
#5814=CARTESIAN_POINT('Ctrl Pts',(0.727642218029389,44.,50.0546635086182));
#5815=CARTESIAN_POINT('Ctrl Pts',(0.484251281791525,44.,50.0627816814512));
#5816=CARTESIAN_POINT('Ctrl Pts',(0.24200417361154,44.,50.0673652091567));
#5817=CARTESIAN_POINT('Ctrl Pts',(-9.18154441365004E-13,44.,50.0673652091567));
#5818=CARTESIAN_POINT('Ctrl Pts',(0.71726608124878,44.1037062113663,50.0030739246591));
#5819=CARTESIAN_POINT('Ctrl Pts',(0.477965111114749,44.0994863242318,50.016337278892));
#5820=CARTESIAN_POINT('Ctrl Pts',(0.238857130894161,44.0971795671652,50.023139773486));
#5821=CARTESIAN_POINT('Ctrl Pts',(-9.06187500772693E-13,44.0971795671653,
50.0231397734859));
#5822=CARTESIAN_POINT('Ctrl Pts',(0.707718504494493,44.219652299754,49.9761249686928));
#5823=CARTESIAN_POINT('Ctrl Pts',(0.472196362316325,44.2092321698702,49.9920559313186));
#5824=CARTESIAN_POINT('Ctrl Pts',(0.235968200537282,44.2038905251817,50.));
#5825=CARTESIAN_POINT('Ctrl Pts',(-8.95192665563966E-13,44.2038905251817,
50.));
#5826=CARTESIAN_POINT('Ctrl Pts',(0.699999999999791,44.335688011458,49.976640682967));
#5827=CARTESIAN_POINT('Ctrl Pts',(0.467441682492569,44.3190396655418,49.9921791391555));
#5828=CARTESIAN_POINT('Ctrl Pts',(0.233594217142959,44.3106601717798,50.));
#5829=CARTESIAN_POINT('Ctrl Pts',(-8.86145944223529E-13,44.3106601717799,
50.));
#5830=CARTESIAN_POINT('',(8.86200834937512E-13,44.3106601717799,50.));
#5831=CARTESIAN_POINT('Ctrl Pts',(2.77555756156289E-16,44.,50.0673652091567));
#5832=CARTESIAN_POINT('Ctrl Pts',(3.00685402502647E-16,44.0971795671653,
50.0231397734859));
#5833=CARTESIAN_POINT('Ctrl Pts',(3.31223763694322E-16,44.2038905251817,
50.));
#5834=CARTESIAN_POINT('Ctrl Pts',(3.67951112287268E-16,44.3106601717799,
50.));
#5835=CARTESIAN_POINT('',(0.699999999999511,44.335688011458,49.9766406829671));
#5836=CARTESIAN_POINT('Origin',(0.749999999999478,44.335688011458,50.7249721603219));
#5837=CARTESIAN_POINT('Ctrl Pts',(0.699999999999791,44.335688011458,49.976640682967));
#5838=CARTESIAN_POINT('Ctrl Pts',(0.467441682492569,44.3190396655418,49.9921791391555));
#5839=CARTESIAN_POINT('Ctrl Pts',(0.233594217142959,44.3106601717798,50.));
#5840=CARTESIAN_POINT('Ctrl Pts',(-8.86145944223529E-13,44.3106601717799,
50.));
#5841=CARTESIAN_POINT('Ctrl Pts',(8.77496438739211,48.9,36.));
#5842=CARTESIAN_POINT('Ctrl Pts',(8.77496438739211,49.4304116211728,36.));
#5843=CARTESIAN_POINT('Ctrl Pts',(8.93036556913069,50.4861897294463,36.2487790768165));
#5844=CARTESIAN_POINT('Ctrl Pts',(9.39960093525908,51.7199952111805,37.2382904925072));
#5845=CARTESIAN_POINT('Ctrl Pts',(9.76586461943237,52.4291671472372,38.6777088927479));
#5846=CARTESIAN_POINT('Ctrl Pts',(9.76408361300253,52.4279505051794,40.3210666393974));
#5847=CARTESIAN_POINT('Ctrl Pts',(9.39956980321205,51.7196247366685,41.7622134209379));
#5848=CARTESIAN_POINT('Ctrl Pts',(8.92986141068351,50.4856317577702,42.7511424442091));
#5849=CARTESIAN_POINT('Ctrl Pts',(8.77496438739211,49.4304116211728,43.));
#5850=CARTESIAN_POINT('Ctrl Pts',(8.77496438739211,48.9,43.));
#5851=CARTESIAN_POINT('Ctrl Pts',(8.91938092439931,48.9,36.));
#5852=CARTESIAN_POINT('Ctrl Pts',(8.91938092439931,49.4197604725543,36.));
#5853=CARTESIAN_POINT('Ctrl Pts',(9.0665130261716,50.4569490953325,36.2370978647133));
#5854=CARTESIAN_POINT('Ctrl Pts',(9.51958374201465,51.7019588769843,37.2126121948886));
#5855=CARTESIAN_POINT('Ctrl Pts',(9.877588891487,52.4299806547552,38.6649494119841));
#5856=CARTESIAN_POINT('Ctrl Pts',(9.87583004542471,52.4285923680447,40.3337666889901));
#5857=CARTESIAN_POINT('Ctrl Pts',(9.51958405668147,51.701623836551,41.7878823005032));
#5858=CARTESIAN_POINT('Ctrl Pts',(9.06601687261749,50.4563578330069,42.7628746468028));
#5859=CARTESIAN_POINT('Ctrl Pts',(8.91938092439931,49.4197604725543,43.));
#5860=CARTESIAN_POINT('Ctrl Pts',(8.91938092439931,48.9,43.));
#5861=CARTESIAN_POINT('Ctrl Pts',(9.20703141479657,48.9,35.9141302074092));
#5862=CARTESIAN_POINT('Ctrl Pts',(9.20703141479657,49.411647821219,35.9141302074092));
#5863=CARTESIAN_POINT('Ctrl Pts',(9.33781220547727,50.4369867017952,36.1408646747633));
#5864=CARTESIAN_POINT('Ctrl Pts',(9.75883444039092,51.7180295446687,37.1232221435054));
#5865=CARTESIAN_POINT('Ctrl Pts',(10.1004765720203,52.4830781080395,38.6285420018138));
#5866=CARTESIAN_POINT('Ctrl Pts',(10.0987746291737,52.4814278265079,40.3701007193151));
#5867=CARTESIAN_POINT('Ctrl Pts',(9.75889702437077,51.717748008565,41.8772840934512));
#5868=CARTESIAN_POINT('Ctrl Pts',(9.33733119316531,50.4363532247341,42.8591477409577));
#5869=CARTESIAN_POINT('Ctrl Pts',(9.20703141479657,49.411647821219,43.0858697925908));
#5870=CARTESIAN_POINT('Ctrl Pts',(9.20703141479657,48.9,43.0858697925908));
#5871=CARTESIAN_POINT('Ctrl Pts',(9.54992824855918,48.9,35.5125629828464));
#5872=CARTESIAN_POINT('Ctrl Pts',(9.54992824855919,49.4473851223618,35.5125629828464));
#5873=CARTESIAN_POINT('Ctrl Pts',(9.67314373984544,50.544913544546,35.7693757494958));
#5874=CARTESIAN_POINT('Ctrl Pts',(10.0805168117161,51.9180697933583,36.8696060609415));
#5875=CARTESIAN_POINT('Ctrl Pts',(10.4159140411649,52.7362390463955,38.5379336116051));
#5876=CARTESIAN_POINT('Ctrl Pts',(10.4141946763604,52.7344835722411,40.4606499148744));
#5877=CARTESIAN_POINT('Ctrl Pts',(10.0806114356222,51.9177723216752,42.1309310911116));
#5878=CARTESIAN_POINT('Ctrl Pts',(9.67266955707019,50.544248599929,43.2306308404494));
#5879=CARTESIAN_POINT('Ctrl Pts',(9.54992824855919,49.4473851223618,43.4874370171536));
#5880=CARTESIAN_POINT('Ctrl Pts',(9.54992824855919,48.9,43.4874370171536));
#5881=CARTESIAN_POINT('Ctrl Pts',(9.54438784523468,48.9,35.1180384567983));
#5882=CARTESIAN_POINT('Ctrl Pts',(9.54438784523468,49.5074699502724,35.1180384567983));
#5883=CARTESIAN_POINT('Ctrl Pts',(9.69151983270419,50.719805591807,35.4214850422603));
#5884=CARTESIAN_POINT('Ctrl Pts',(10.1497147639029,52.1712740827734,36.6534328004891));
#5885=CARTESIAN_POINT('Ctrl Pts',(10.5146676054592,53.01651970169,38.4638206035503));
#5886=CARTESIAN_POINT('Ctrl Pts',(10.5129339749131,53.0149430973928,40.5346585773124));
#5887=CARTESIAN_POINT('Ctrl Pts',(10.1497356695597,52.1708809346585,42.3471976107126));
#5888=CARTESIAN_POINT('Ctrl Pts',(9.69100854227346,50.7191320267771,43.5784260962394));
#5889=CARTESIAN_POINT('Ctrl Pts',(9.54438784523468,49.5074699502724,43.8819615432017));
#5890=CARTESIAN_POINT('Ctrl Pts',(9.54438784523468,48.9,43.8819615432017));
#5891=CARTESIAN_POINT('Ctrl Pts',(9.44996164796074,48.9,34.9230769230769));
#5892=CARTESIAN_POINT('Ctrl Pts',(9.44996164796074,49.5440712542812,34.9230769230769));
#5893=CARTESIAN_POINT('Ctrl Pts',(9.61731676675613,50.8260875286134,35.2484034081447));
#5894=CARTESIAN_POINT('Ctrl Pts',(10.1226471610482,52.3242798992905,36.5423798748171));
#5895=CARTESIAN_POINT('Ctrl Pts',(10.5170849747733,53.1854172502166,38.4246962443627));
#5896=CARTESIAN_POINT('Ctrl Pts',(10.5151669678489,53.1839398991465,40.5737025284428));
#5897=CARTESIAN_POINT('Ctrl Pts',(10.1226136342284,52.3238300373832,42.4582790889188));
#5898=CARTESIAN_POINT('Ctrl Pts',(9.61677382688994,50.8254099915781,43.7514939655042));
#5899=CARTESIAN_POINT('Ctrl Pts',(9.44996164796074,49.5440712542812,44.0769230769231));
#5900=CARTESIAN_POINT('Ctrl Pts',(9.44996164796074,48.9,44.0769230769231));
#5901=CARTESIAN_POINT('',(8.77496438739211,48.9,43.));
#5902=CARTESIAN_POINT('',(9.44996164796074,48.9,44.0769230769231));
#5903=CARTESIAN_POINT('Origin',(8.77496438739211,48.9,43.75));
#5904=CARTESIAN_POINT('',(8.77496438739211,48.9,36.));
#5905=CARTESIAN_POINT('Ctrl Pts',(8.77496438739211,48.9,36.));
#5906=CARTESIAN_POINT('Ctrl Pts',(8.77496438739211,49.4304116211728,36.));
#5907=CARTESIAN_POINT('Ctrl Pts',(8.93036556913069,50.4861897294463,36.2487790768165));
#5908=CARTESIAN_POINT('Ctrl Pts',(9.39960093525908,51.7199952111805,37.2382904925072));
#5909=CARTESIAN_POINT('Ctrl Pts',(9.76586461943237,52.4291671472372,38.6777088927479));
#5910=CARTESIAN_POINT('Ctrl Pts',(9.76408361300253,52.4279505051794,40.3210666393974));
#5911=CARTESIAN_POINT('Ctrl Pts',(9.39956980321205,51.7196247366685,41.7622134209379));
#5912=CARTESIAN_POINT('Ctrl Pts',(8.92986141068351,50.4856317577702,42.7511424442091));
#5913=CARTESIAN_POINT('Ctrl Pts',(8.77496438739211,49.4304116211728,43.));
#5914=CARTESIAN_POINT('Ctrl Pts',(8.77496438739211,48.9,43.));
#5915=CARTESIAN_POINT('',(9.44996164796074,48.9,34.9230769230769));
#5916=CARTESIAN_POINT('Origin',(8.77496438739211,48.9,35.25));
#5917=CARTESIAN_POINT('Ctrl Pts',(9.44996164796074,48.9,44.0769230769231));
#5918=CARTESIAN_POINT('Ctrl Pts',(9.44996164796074,49.5440712542812,44.0769230769231));
#5919=CARTESIAN_POINT('Ctrl Pts',(9.61677382688994,50.8254099915781,43.7514939655042));
#5920=CARTESIAN_POINT('Ctrl Pts',(10.1226136342284,52.3238300373832,42.4582790889188));
#5921=CARTESIAN_POINT('Ctrl Pts',(10.5151669678489,53.1839398991465,40.5737025284428));
#5922=CARTESIAN_POINT('Ctrl Pts',(10.5170849747733,53.1854172502166,38.4246962443627));
#5923=CARTESIAN_POINT('Ctrl Pts',(10.1226471610482,52.3242798992905,36.5423798748171));
#5924=CARTESIAN_POINT('Ctrl Pts',(9.61731676675613,50.8260875286134,35.2484034081447));
#5925=CARTESIAN_POINT('Ctrl Pts',(9.44996164796074,49.5440712542812,34.9230769230769));
#5926=CARTESIAN_POINT('Ctrl Pts',(9.44996164796074,48.9,34.9230769230769));
#5927=CARTESIAN_POINT('Origin',(8.77496438739211,39.,43.75));
#5928=CARTESIAN_POINT('',(8.77496438739211,32.1704235784717,43.));
#5929=CARTESIAN_POINT('',(9.44996164798198,32.1704235784717,44.0769230768792));
#5930=CARTESIAN_POINT('Origin',(8.77496438739211,32.1704235784717,43.75));
#5931=CARTESIAN_POINT('',(8.77496438739211,39.,43.));
#5932=CARTESIAN_POINT('',(9.44996164796073,39.,44.0769230769231));
#5933=CARTESIAN_POINT('Origin',(8.77496438739211,39.,35.25));
#5934=CARTESIAN_POINT('',(9.44996164806826,32.1704235787064,34.9230769232989));
#5935=CARTESIAN_POINT('',(8.77496438767845,32.1704235788334,36.));
#5936=CARTESIAN_POINT('Origin',(8.77496438739211,32.1704235787064,35.25));
#5937=CARTESIAN_POINT('',(9.44996164796074,39.,34.9230769230769));
#5938=CARTESIAN_POINT('',(8.77496438739211,39.,36.));
#5939=CARTESIAN_POINT('Origin',(19.7190841375484,24.7012373513715,43.75));
#5940=CARTESIAN_POINT('',(9.39444286386961,31.7476394524333,43.7499999999414));
#5941=CARTESIAN_POINT('Origin',(8.77496438744889,32.1704235784971,43.75));
#5942=CARTESIAN_POINT('',(7.28893172165912,26.020824755738,43.75));
#5943=CARTESIAN_POINT('Origin',(19.7190841375484,24.7012373513715,43.75));
#5944=CARTESIAN_POINT('',(6.54312257670576,26.1,43.));
#5945=CARTESIAN_POINT('Origin',(6.54312257670576,26.1,43.75));
#5946=CARTESIAN_POINT('Origin',(19.7190841375484,24.7012373513715,43.));
#5947=CARTESIAN_POINT('Ctrl Pts',(6.54312257670576,26.1,43.));
#5948=CARTESIAN_POINT('Ctrl Pts',(6.47586725762531,25.5782721211119,43.));
#5949=CARTESIAN_POINT('Ctrl Pts',(6.43944328217195,24.5268942298924,42.7601852865808));
#5950=CARTESIAN_POINT('Ctrl Pts',(6.6081373242669,23.2699743371389,41.755923873433));
#5951=CARTESIAN_POINT('Ctrl Pts',(6.7859707706836,22.571503150616,40.3081738042097));
#5952=CARTESIAN_POINT('Ctrl Pts',(6.78715646135257,22.5705826632325,38.6912294320626));
#5953=CARTESIAN_POINT('Ctrl Pts',(6.60786487692762,23.2700704923174,37.2441775988706));
#5954=CARTESIAN_POINT('Ctrl Pts',(6.43969433894507,24.5268016113978,36.2397528501757));
#5955=CARTESIAN_POINT('Ctrl Pts',(6.47586725762531,25.5782721211119,36.));
#5956=CARTESIAN_POINT('Ctrl Pts',(6.54312257670576,26.1,36.));
#5957=CARTESIAN_POINT('Ctrl Pts',(6.76626815106438,26.0763108223124,43.));
#5958=CARTESIAN_POINT('Ctrl Pts',(6.70244073141206,25.5654735466276,42.9963608332088));
#5959=CARTESIAN_POINT('Ctrl Pts',(6.66432593456206,24.5396752869134,42.7607317516043));
#5960=CARTESIAN_POINT('Ctrl Pts',(6.81429121555764,23.2861422684521,41.775384315045));
#5961=CARTESIAN_POINT('Ctrl Pts',(6.97849245226637,22.5717877863521,40.319749742783));
#5962=CARTESIAN_POINT('Ctrl Pts',(6.97958618060902,22.5707442796974,38.6795475694066));
#5963=CARTESIAN_POINT('Ctrl Pts',(6.81404609065833,23.2863439371288,37.2246310157113));
#5964=CARTESIAN_POINT('Ctrl Pts',(6.6645793434033,24.5395407604779,36.2393758361795));
#5965=CARTESIAN_POINT('Ctrl Pts',(6.70244073141206,25.5654735466276,36.0036391667912));
#5966=CARTESIAN_POINT('Ctrl Pts',(6.76626815106438,26.0763108223124,36.));
#5967=CARTESIAN_POINT('Ctrl Pts',(7.15250310999901,26.0353080437556,43.1884262103905));
#5968=CARTESIAN_POINT('Ctrl Pts',(7.09427632107257,25.5140573852132,43.1828147236181));
#5969=CARTESIAN_POINT('Ctrl Pts',(7.05333235518386,24.4714627576254,42.9378415432382));
#5970=CARTESIAN_POINT('Ctrl Pts',(7.17286369765587,23.1787586115599,41.9079059488633));
#5971=CARTESIAN_POINT('Ctrl Pts',(7.31436102433001,22.4319791684436,40.3694362223665));
#5972=CARTESIAN_POINT('Ctrl Pts',(7.31538341636118,22.4307010792513,38.6296823766476));
#5973=CARTESIAN_POINT('Ctrl Pts',(7.17266480694132,23.1790679773268,37.0922869965512));
#5974=CARTESIAN_POINT('Ctrl Pts',(7.05358383256003,24.4713242899686,36.0621208536479));
#5975=CARTESIAN_POINT('Ctrl Pts',(7.09427632107257,25.5140573852131,35.8171852763819));
#5976=CARTESIAN_POINT('Ctrl Pts',(7.15250310999901,26.0353080437556,35.8115737896096));
#5977=CARTESIAN_POINT('Ctrl Pts',(7.28893172165912,26.020824755738,43.5817003935577));
#5978=CARTESIAN_POINT('Ctrl Pts',(7.22814490052457,25.4479412469929,43.5800289640012));
#5979=CARTESIAN_POINT('Ctrl Pts',(7.19110589433954,24.2963013585889,43.3027098925827));
#5980=CARTESIAN_POINT('Ctrl Pts',(7.33149305015375,22.9043733000967,42.1399848315258));
#5981=CARTESIAN_POINT('Ctrl Pts',(7.48607089554457,22.1212221835408,40.4477973451125));
#5982=CARTESIAN_POINT('Ctrl Pts',(7.48711637227393,22.1200946086315,38.5514267760222));
#5983=CARTESIAN_POINT('Ctrl Pts',(7.33126529987065,22.9045471755743,36.8601678285378));
#5984=CARTESIAN_POINT('Ctrl Pts',(7.19134730755347,24.2961819081971,35.6972172790438));
#5985=CARTESIAN_POINT('Ctrl Pts',(7.22814490052457,25.4479412469928,35.4199710359988));
#5986=CARTESIAN_POINT('Ctrl Pts',(7.28893172165912,26.020824755738,35.4182996064423));
#5987=CARTESIAN_POINT('Ctrl Pts',(7.28893172165912,26.020824755738,43.75));
#5988=CARTESIAN_POINT('Ctrl Pts',(7.22548330743228,25.4231580481169,43.75));
#5989=CARTESIAN_POINT('Ctrl Pts',(7.19112106643854,24.2187494126228,43.4587964194195));
#5990=CARTESIAN_POINT('Ctrl Pts',(7.35026638916963,22.7788816109511,42.2393361320258));
#5991=CARTESIAN_POINT('Ctrl Pts',(7.51803379144953,21.9787461546917,40.4813539051118));
#5992=CARTESIAN_POINT('Ctrl Pts',(7.51915236755233,21.9776916880125,38.5179214532189));
#5993=CARTESIAN_POINT('Ctrl Pts',(7.35000936337784,22.778991761762,36.7607870843429));
#5994=CARTESIAN_POINT('Ctrl Pts',(7.19135791245091,24.2186433132692,35.5411284609277));
#5995=CARTESIAN_POINT('Ctrl Pts',(7.22548330743228,25.4231580481169,35.25));
#5996=CARTESIAN_POINT('Ctrl Pts',(7.28893172165912,26.020824755738,35.25));
#5997=CARTESIAN_POINT('',(6.54312257670576,26.1,36.));
#5998=CARTESIAN_POINT('',(7.28893172165911,26.020824755738,35.25));
#5999=CARTESIAN_POINT('Origin',(6.54312257670576,26.1,35.25));
#6000=CARTESIAN_POINT('Ctrl Pts',(6.54312257670576,26.1,43.));
#6001=CARTESIAN_POINT('Ctrl Pts',(6.47586725762531,25.5782721211119,43.));
#6002=CARTESIAN_POINT('Ctrl Pts',(6.43944328217195,24.5268942298924,42.7601852865808));
#6003=CARTESIAN_POINT('Ctrl Pts',(6.6081373242669,23.2699743371389,41.755923873433));
#6004=CARTESIAN_POINT('Ctrl Pts',(6.7859707706836,22.571503150616,40.3081738042097));
#6005=CARTESIAN_POINT('Ctrl Pts',(6.78715646135257,22.5705826632325,38.6912294320626));
#6006=CARTESIAN_POINT('Ctrl Pts',(6.60786487692762,23.2700704923174,37.2441775988706));
#6007=CARTESIAN_POINT('Ctrl Pts',(6.43969433894507,24.5268016113978,36.2397528501757));
#6008=CARTESIAN_POINT('Ctrl Pts',(6.47586725762531,25.5782721211119,36.));
#6009=CARTESIAN_POINT('Ctrl Pts',(6.54312257670576,26.1,36.));
#6010=CARTESIAN_POINT('Ctrl Pts',(7.28893172165912,26.020824755738,35.25));
#6011=CARTESIAN_POINT('Ctrl Pts',(7.22548330743228,25.4231580481169,35.25));
#6012=CARTESIAN_POINT('Ctrl Pts',(7.19135791245091,24.2186433132692,35.5411284609277));
#6013=CARTESIAN_POINT('Ctrl Pts',(7.35000936337784,22.778991761762,36.7607870843429));
#6014=CARTESIAN_POINT('Ctrl Pts',(7.51915236755233,21.9776916880125,38.5179214532189));
#6015=CARTESIAN_POINT('Ctrl Pts',(7.51803379144953,21.9787461546917,40.4813539051118));
#6016=CARTESIAN_POINT('Ctrl Pts',(7.35026638916963,22.7788816109511,42.2393361320258));
#6017=CARTESIAN_POINT('Ctrl Pts',(7.19112106643854,24.2187494126228,43.4587964194195));
#6018=CARTESIAN_POINT('Ctrl Pts',(7.22548330743228,25.4231580481169,43.75));
#6019=CARTESIAN_POINT('Ctrl Pts',(7.28893172165912,26.020824755738,43.75));
#6020=CARTESIAN_POINT('Origin',(19.7190841375484,24.7012373513715,35.25));
#6021=CARTESIAN_POINT('',(9.39444286408618,31.7476394527507,35.2500000002956));
#6022=CARTESIAN_POINT('Origin',(8.77496438767845,32.1704235788334,35.25));
#6023=CARTESIAN_POINT('Origin',(19.7190841375484,24.7012373513715,36.));
#6024=CARTESIAN_POINT('Origin',(19.7190841375484,24.7012373513715,35.25));
#6025=CARTESIAN_POINT('Origin',(8.77496438740354,32.1704235784306,43.7499999999764));
#6026=CARTESIAN_POINT('Origin',(8.77496438740354,32.1704235784306,43.7499999999764));
#6027=CARTESIAN_POINT('Origin',(8.77496438751372,32.1704235785921,35.2500000002511));
#6028=CARTESIAN_POINT('Origin',(8.77496438751372,32.1704235785921,35.2500000002511));
#6029=CARTESIAN_POINT('Origin',(0.,48.9,39.5));
#6030=CARTESIAN_POINT('',(0.,48.9,43.));
#6031=CARTESIAN_POINT('',(0.,48.9,43.));
#6032=CARTESIAN_POINT('',(0.,48.9,36.));
#6033=CARTESIAN_POINT('Origin',(0.,48.9,39.5));
#6034=CARTESIAN_POINT('',(0.,48.9,36.));
#6035=CARTESIAN_POINT('Ctrl Pts',(9.39444286385345,31.7476394524097,43.7499999999181));
#6036=CARTESIAN_POINT('Ctrl Pts',(9.10268581738626,31.3201465559423,44.3885334479502));
#6037=CARTESIAN_POINT('Ctrl Pts',(8.44997555744633,30.2431637859129,45.457628127312));
#6038=CARTESIAN_POINT('Ctrl Pts',(7.49480674925421,27.8108269825566,46.5583172528943));
#6039=CARTESIAN_POINT('Ctrl Pts',(7.21236146559555,25.819657782246,46.8010748505297));
#6040=CARTESIAN_POINT('Ctrl Pts',(7.21929594243371,24.6284700697645,46.7945558865246));
#6041=CARTESIAN_POINT('Ctrl Pts',(9.4727631184089,31.8623971005192,43.8693721012489));
#6042=CARTESIAN_POINT('Ctrl Pts',(9.16892234480688,31.4273700232954,44.5260998136458));
#6043=CARTESIAN_POINT('Ctrl Pts',(8.49037231855779,30.3311144436712,45.6261665767717));
#6044=CARTESIAN_POINT('Ctrl Pts',(7.50278945214816,27.8576184288122,46.7613927678582));
#6045=CARTESIAN_POINT('Ctrl Pts',(7.21216255900706,25.8363590176743,47.0126192730135));
#6046=CARTESIAN_POINT('Ctrl Pts',(7.21930229363503,24.6273790757138,47.0058778256876));
#6047=CARTESIAN_POINT('Ctrl Pts',(9.49294023285095,32.0160489469429,43.9881853000193));
#6048=CARTESIAN_POINT('Ctrl Pts',(9.17412210433614,31.5719711203722,44.6629829573603));
#6049=CARTESIAN_POINT('Ctrl Pts',(8.46196733979049,30.4530348096621,45.7938104558941));
#6050=CARTESIAN_POINT('Ctrl Pts',(7.42374882071408,27.9272244096587,46.9629384819918));
#6051=CARTESIAN_POINT('Ctrl Pts',(7.11752838514136,25.8614408106187,47.2224189080444));
#6052=CARTESIAN_POINT('Ctrl Pts',(7.12504763160327,24.6257483155593,47.2154618588908));
#6053=CARTESIAN_POINT('Ctrl Pts',(9.44996164800343,32.1704235784719,44.0769230768349));
#6054=CARTESIAN_POINT('Ctrl Pts',(9.11690975803627,31.7172811082166,44.7645744824079));
#6055=CARTESIAN_POINT('Ctrl Pts',(8.37181589207407,30.5756793719854,45.9159072140283));
#6056=CARTESIAN_POINT('Ctrl Pts',(7.28145396026092,27.9974023604277,47.1012647338861));
#6057=CARTESIAN_POINT('Ctrl Pts',(6.95903180568442,25.8867630080985,47.3626959928781));
#6058=CARTESIAN_POINT('Ctrl Pts',(6.96694777770582,24.6241040328681,47.3556755701034));
#6059=CARTESIAN_POINT('',(6.96694777770584,24.6241040328681,47.3556755701034));
#6060=CARTESIAN_POINT('Ctrl Pts',(6.96694777770582,24.6241040328681,47.3556755701034));
#6061=CARTESIAN_POINT('Ctrl Pts',(6.95903180568442,25.8867630080985,47.3626959928781));
#6062=CARTESIAN_POINT('Ctrl Pts',(7.28145396026092,27.9974023604277,47.1012647338861));
#6063=CARTESIAN_POINT('Ctrl Pts',(8.37181589207407,30.5756793719854,45.9159072140283));
#6064=CARTESIAN_POINT('Ctrl Pts',(9.11690975803627,31.7172811082166,44.7645744824079));
#6065=CARTESIAN_POINT('Ctrl Pts',(9.44996164800343,32.1704235784719,44.0769230768349));
#6066=CARTESIAN_POINT('',(7.21929594243371,24.6284700697645,46.7945558865246));
#6067=CARTESIAN_POINT('Origin',(6.46930865072683,24.6241040328681,46.7945558865246));
#6068=CARTESIAN_POINT('Ctrl Pts',(9.39444286385345,31.7476394524097,43.7499999999181));
#6069=CARTESIAN_POINT('Ctrl Pts',(9.10268581738626,31.3201465559423,44.3885334479502));
#6070=CARTESIAN_POINT('Ctrl Pts',(8.44997555744633,30.2431637859129,45.457628127312));
#6071=CARTESIAN_POINT('Ctrl Pts',(7.49480674925421,27.8108269825566,46.5583172528943));
#6072=CARTESIAN_POINT('Ctrl Pts',(7.21236146559555,25.819657782246,46.8010748505297));
#6073=CARTESIAN_POINT('Ctrl Pts',(7.21929594243371,24.6284700697645,46.7945558865246));
#6074=CARTESIAN_POINT('Origin',(0.,26.1,39.5));
#6075=CARTESIAN_POINT('',(0.,26.1,36.));
#6076=CARTESIAN_POINT('',(0.,26.1,36.));
#6077=CARTESIAN_POINT('',(0.,26.1,43.));
#6078=CARTESIAN_POINT('Origin',(0.,26.1,39.5));
#6079=CARTESIAN_POINT('',(0.,26.1,43.));
#6080=CARTESIAN_POINT('Ctrl Pts',(7.2192959424337,24.6284700697646,32.2054441134754));
#6081=CARTESIAN_POINT('Ctrl Pts',(7.21005007970636,26.2167020776253,32.196752261484));
#6082=CARTESIAN_POINT('Ctrl Pts',(7.76300595496567,29.0171126438139,32.6388145722241));
#6083=CARTESIAN_POINT('Ctrl Pts',(8.95679517957147,31.106382357019,34.2921733142195));
#6084=CARTESIAN_POINT('Ctrl Pts',(9.39444286400467,31.7476394526312,35.2500000004128));
#6085=CARTESIAN_POINT('Ctrl Pts',(7.21930229363503,24.6273790757139,31.9941221743124));
#6086=CARTESIAN_POINT('Ctrl Pts',(7.2097827570037,26.2393337832412,31.9851336813066));
#6087=CARTESIAN_POINT('Ctrl Pts',(7.77828456221265,29.0827957290701,32.4430568521842));
#6088=CARTESIAN_POINT('Ctrl Pts',(9.0169893416737,31.2098384211539,34.1455090608614));
#6089=CARTESIAN_POINT('Ctrl Pts',(9.47276311856639,31.8623971007447,35.1306278990914));
#6090=CARTESIAN_POINT('Ctrl Pts',(7.12504763160326,24.6257483155594,31.7845381411092));
#6091=CARTESIAN_POINT('Ctrl Pts',(7.1150220850159,26.2733193507224,31.7752621823075));
#6092=CARTESIAN_POINT('Ctrl Pts',(7.71407103306805,29.1790596059493,32.2485464757615));
#6093=CARTESIAN_POINT('Ctrl Pts',(9.01469980184428,31.3499137677449,33.9995901943569));
#6094=CARTESIAN_POINT('Ctrl Pts',(9.4929402330162,32.0160489471731,35.0118147003304));
#6095=CARTESIAN_POINT('Ctrl Pts',(6.96694777770581,24.6241040328682,31.6443244298966));
#6096=CARTESIAN_POINT('Ctrl Pts',(6.95639326979244,26.3076299612005,31.6349639739058));
#6097=CARTESIAN_POINT('Ctrl Pts',(7.5876136689346,29.2760651613605,32.1110310777798));
#6098=CARTESIAN_POINT('Ctrl Pts',(8.95036998379231,31.4906910573578,33.8915712614671));
#6099=CARTESIAN_POINT('Ctrl Pts',(9.44996164817605,32.1704235787068,34.9230769235215));
#6100=CARTESIAN_POINT('',(7.21929594243371,24.6284700697646,32.2054441134754));
#6101=CARTESIAN_POINT('Ctrl Pts',(7.2192959424337,24.6284700697646,32.2054441134754));
#6102=CARTESIAN_POINT('Ctrl Pts',(7.21005007970636,26.2167020776253,32.196752261484));
#6103=CARTESIAN_POINT('Ctrl Pts',(7.76300595496567,29.0171126438139,32.6388145722241));
#6104=CARTESIAN_POINT('Ctrl Pts',(8.95679517957147,31.106382357019,34.2921733142195));
#6105=CARTESIAN_POINT('Ctrl Pts',(9.39444286400467,31.7476394526312,35.2500000004128));
#6106=CARTESIAN_POINT('',(6.96694777770582,24.6241040328682,31.6443244298966));
#6107=CARTESIAN_POINT('Origin',(6.46930865072683,24.6241040328682,32.2054441134754));
#6108=CARTESIAN_POINT('Ctrl Pts',(9.44996164817605,32.1704235787068,34.9230769235215));
#6109=CARTESIAN_POINT('Ctrl Pts',(8.95036998379231,31.4906910573578,33.8915712614671));
#6110=CARTESIAN_POINT('Ctrl Pts',(7.5876136689346,29.2760651613605,32.1110310777798));
#6111=CARTESIAN_POINT('Ctrl Pts',(6.95639326979244,26.3076299612005,31.6349639739058));
#6112=CARTESIAN_POINT('Ctrl Pts',(6.96694777770581,24.6241040328682,31.6443244298966));
#6113=CARTESIAN_POINT('Ctrl Pts',(14.2666225501095,13.4530969433972,29.6844501500386));
#6114=CARTESIAN_POINT('Ctrl Pts',(14.2678330157717,13.452510178182,28.6049982795857));
#6115=CARTESIAN_POINT('Ctrl Pts',(14.2297128825362,13.7952579201086,26.4469138219005));
#6116=CARTESIAN_POINT('Ctrl Pts',(13.9567061859346,15.3313931133134,23.5432530919323));
#6117=CARTESIAN_POINT('Ctrl Pts',(13.2644126166831,17.2558715450728,22.0545545481321));
#6118=CARTESIAN_POINT('Ctrl Pts',(12.4769355179003,18.6400381722262,21.718452440638));
#6119=CARTESIAN_POINT('Ctrl Pts',(12.0016298983407,19.3296968387967,21.7050026281888));
#6120=CARTESIAN_POINT('Ctrl Pts',(11.5204764632721,20.0138860666763,21.7186958756225));
#6121=CARTESIAN_POINT('Ctrl Pts',(10.8404272144231,20.8229099594552,21.9419798405677));
#6122=CARTESIAN_POINT('Ctrl Pts',(9.96731328280064,21.6807916457868,22.5530615859365));
#6123=CARTESIAN_POINT('Ctrl Pts',(8.70954901377839,22.677909890228,24.0278133548839));
#6124=CARTESIAN_POINT('Ctrl Pts',(7.5826714385186,23.3468908410294,26.445905975791));
#6125=CARTESIAN_POINT('Ctrl Pts',(7.27735823665927,23.4956427193883,28.6049982795858));
#6126=CARTESIAN_POINT('Ctrl Pts',(7.27748812049278,23.4943038203156,29.6844501500386));
#6127=CARTESIAN_POINT('Ctrl Pts',(14.4901466873007,13.3447450978747,29.6844501500386));
#6128=CARTESIAN_POINT('Ctrl Pts',(14.4907490031531,13.3439413758344,28.5907369773035));
#6129=CARTESIAN_POINT('Ctrl Pts',(14.4449856790916,13.6932466845013,26.4038623629469));
#6130=CARTESIAN_POINT('Ctrl Pts',(14.1395369412664,15.2670782154596,23.4500475133883));
#6131=CARTESIAN_POINT('Ctrl Pts',(13.4037207701198,17.2496238046029,21.928841952942));
#6132=CARTESIAN_POINT('Ctrl Pts',(12.5834994381792,18.6861384522142,21.5843708725992));
#6133=CARTESIAN_POINT('Ctrl Pts',(12.1065445286889,19.4022018736576,21.5675997963201));
#6134=CARTESIAN_POINT('Ctrl Pts',(11.6007751172302,20.0978709317674,21.584606734647));
#6135=CARTESIAN_POINT('Ctrl Pts',(10.8954870968759,20.93932716816,21.8135351430636));
#6136=CARTESIAN_POINT('Ctrl Pts',(9.99724410910761,21.834115646515,22.4380682715046));
#6137=CARTESIAN_POINT('Ctrl Pts',(8.70852140704482,22.8791501569082,23.9431129304251));
#6138=CARTESIAN_POINT('Ctrl Pts',(7.56202326605631,23.5841706587839,26.4026106334097));
#6139=CARTESIAN_POINT('Ctrl Pts',(7.2529592875975,23.7423883648577,28.5907369773036));
#6140=CARTESIAN_POINT('Ctrl Pts',(7.25350382029814,23.7415444231286,29.6844501500386));
#6141=CARTESIAN_POINT('Ctrl Pts',(14.6523735474668,13.1187648526128,29.6844501500386));
#6142=CARTESIAN_POINT('Ctrl Pts',(14.6524174835249,13.1183106472967,28.564751498194));
#6143=CARTESIAN_POINT('Ctrl Pts',(14.6024605845074,13.4856726342057,26.3263938737095));
#6144=CARTESIAN_POINT('Ctrl Pts',(14.2765231033096,15.1371996440841,23.3088299195563));
#6145=CARTESIAN_POINT('Ctrl Pts',(13.5050836538582,17.2040800379533,21.7612703280739));
#6146=CARTESIAN_POINT('Ctrl Pts',(12.6503636724182,18.7022391461287,21.408874003368));
#6147=CARTESIAN_POINT('Ctrl Pts',(12.1671464300938,19.4437399977936,21.3811330636344));
#6148=CARTESIAN_POINT('Ctrl Pts',(11.6391211689792,20.1550373142996,21.4090493673702));
#6149=CARTESIAN_POINT('Ctrl Pts',(10.9031703202434,21.0322906118769,21.6434010637821));
#6150=CARTESIAN_POINT('Ctrl Pts',(9.96798196706826,21.9657144538669,22.2789057282496));
#6151=CARTESIAN_POINT('Ctrl Pts',(8.62302467468639,23.0607839906823,23.8125464103599));
#6152=CARTESIAN_POINT('Ctrl Pts',(7.42244531021195,23.8037130803961,26.3249646871506));
#6153=CARTESIAN_POINT('Ctrl Pts',(7.09751424554766,23.9723508881268,28.5647514981941));
#6154=CARTESIAN_POINT('Ctrl Pts',(7.09792492495218,23.9721519527778,29.6844501500386));
#6155=CARTESIAN_POINT('Ctrl Pts',(14.6835458517065,12.872327335616,29.6844501500386));
#6156=CARTESIAN_POINT('Ctrl Pts',(14.6835458517066,12.872327335616,28.538296373616));
#6157=CARTESIAN_POINT('Ctrl Pts',(14.6383114526913,13.2558661281037,26.2476753788497));
#6158=CARTESIAN_POINT('Ctrl Pts',(14.3251633786026,14.9797296186068,23.1663910542594));
#6159=CARTESIAN_POINT('Ctrl Pts',(13.5442963988937,17.1292763660239,21.5929503321825));
#6160=CARTESIAN_POINT('Ctrl Pts',(12.6619178182114,18.684767978225,21.2326793036716));
#6161=CARTESIAN_POINT('Ctrl Pts',(12.1678731925323,19.443545989022,21.1937034312013));
#6162=CARTESIAN_POINT('Ctrl Pts',(11.6267167830446,20.1719700651459,21.2327927636879));
#6163=CARTESIAN_POINT('Ctrl Pts',(10.8613318394388,21.0797779904444,21.4725292047602));
#6164=CARTESIAN_POINT('Ctrl Pts',(9.88682787411926,22.0405981314699,22.1188403069173));
#6165=CARTESIAN_POINT('Ctrl Pts',(8.47987812669082,23.1636211110949,23.6807280517749));
#6166=CARTESIAN_POINT('Ctrl Pts',(7.21971361377765,23.9169418262118,26.2460991002557));
#6167=CARTESIAN_POINT('Ctrl Pts',(6.87765009958781,24.0869655567013,28.5382963736161));
#6168=CARTESIAN_POINT('Ctrl Pts',(6.87765009958783,24.0869655567013,29.6844501500386));
#6169=CARTESIAN_POINT('',(7.27748812049278,23.4943038203156,29.6844501500385));
#6170=CARTESIAN_POINT('',(6.87765009958785,24.0869655567013,29.6844501500386));
#6171=CARTESIAN_POINT('Origin',(6.53099235946945,23.4218878084522,29.6844501500386));
#6172=CARTESIAN_POINT('',(14.2666225501095,13.4530969433972,29.6844501500385));
#6173=CARTESIAN_POINT('Ctrl Pts',(14.2666225501095,13.4530969433972,29.6844501500386));
#6174=CARTESIAN_POINT('Ctrl Pts',(14.2678330157717,13.452510178182,28.6049982795857));
#6175=CARTESIAN_POINT('Ctrl Pts',(14.2297128825362,13.7952579201086,26.4469138219005));
#6176=CARTESIAN_POINT('Ctrl Pts',(13.9567061859346,15.3313931133134,23.5432530919323));
#6177=CARTESIAN_POINT('Ctrl Pts',(13.2644126166831,17.2558715450728,22.0545545481321));
#6178=CARTESIAN_POINT('Ctrl Pts',(12.4769355179003,18.6400381722262,21.718452440638));
#6179=CARTESIAN_POINT('Ctrl Pts',(12.0016298983407,19.3296968387967,21.7050026281888));
#6180=CARTESIAN_POINT('Ctrl Pts',(11.5204764632721,20.0138860666763,21.7186958756225));
#6181=CARTESIAN_POINT('Ctrl Pts',(10.8404272144231,20.8229099594552,21.9419798405677));
#6182=CARTESIAN_POINT('Ctrl Pts',(9.96731328280064,21.6807916457868,22.5530615859365));
#6183=CARTESIAN_POINT('Ctrl Pts',(8.70954901377839,22.677909890228,24.0278133548839));
#6184=CARTESIAN_POINT('Ctrl Pts',(7.5826714385186,23.3468908410294,26.445905975791));
#6185=CARTESIAN_POINT('Ctrl Pts',(7.27735823665927,23.4956427193883,28.6049982795858));
#6186=CARTESIAN_POINT('Ctrl Pts',(7.27748812049278,23.4943038203156,29.6844501500386));
#6187=CARTESIAN_POINT('',(14.6835458517066,12.872327335616,29.6844501500386));
#6188=CARTESIAN_POINT('Origin',(13.9394748548632,12.7782085189187,29.6844501500386));
#6189=CARTESIAN_POINT('Ctrl Pts',(6.87765009958783,24.0869655567013,29.6844501500386));
#6190=CARTESIAN_POINT('Ctrl Pts',(6.87765009958781,24.0869655567013,28.5382963736161));
#6191=CARTESIAN_POINT('Ctrl Pts',(7.21971361377765,23.9169418262118,26.2460991002557));
#6192=CARTESIAN_POINT('Ctrl Pts',(8.47987812669082,23.1636211110949,23.6807280517749));
#6193=CARTESIAN_POINT('Ctrl Pts',(9.88682787411926,22.0405981314699,22.1188403069173));
#6194=CARTESIAN_POINT('Ctrl Pts',(10.8613318394388,21.0797779904444,21.4725292047602));
#6195=CARTESIAN_POINT('Ctrl Pts',(11.6267167830446,20.1719700651459,21.2327927636879));
#6196=CARTESIAN_POINT('Ctrl Pts',(12.1678731925323,19.443545989022,21.1937034312013));
#6197=CARTESIAN_POINT('Ctrl Pts',(12.6619178182114,18.684767978225,21.2326793036716));
#6198=CARTESIAN_POINT('Ctrl Pts',(13.5442963988937,17.1292763660239,21.5929503321825));
#6199=CARTESIAN_POINT('Ctrl Pts',(14.3251633786026,14.9797296186068,23.1663910542594));
#6200=CARTESIAN_POINT('Ctrl Pts',(14.6383114526913,13.2558661281037,26.2476753788497));
#6201=CARTESIAN_POINT('Ctrl Pts',(14.6835458517066,12.872327335616,28.538296373616));
#6202=CARTESIAN_POINT('Ctrl Pts',(14.6835458517065,12.872327335616,29.6844501500386));
#6203=CARTESIAN_POINT('Origin',(6.53099235946945,23.4218878084523,39.5));
#6204=CARTESIAN_POINT('',(7.27748812049278,23.4943038203156,30.8760869532866));
#6205=CARTESIAN_POINT('',(6.87765009958405,24.0869655567033,30.8760869532866));
#6206=CARTESIAN_POINT('Origin',(6.53099235946945,23.4218878084523,30.8760869532866));
#6207=CARTESIAN_POINT('',(7.27748812049278,23.4943038203156,39.5));
#6208=CARTESIAN_POINT('',(6.87765009958783,24.0869655567013,39.5));
#6209=CARTESIAN_POINT('Ctrl Pts',(7.27748812049278,23.4943038203156,30.8760869532926));
#6210=CARTESIAN_POINT('Ctrl Pts',(7.27748812049279,23.4943038203156,31.0205618385809));
#6211=CARTESIAN_POINT('Ctrl Pts',(7.27466216913391,23.5232626360578,31.3095591190018));
#6212=CARTESIAN_POINT('Ctrl Pts',(7.2588814210944,23.694517189821,31.763008961576));
#6213=CARTESIAN_POINT('Ctrl Pts',(7.2313230845211,24.0773468902392,32.1323657957983));
#6214=CARTESIAN_POINT('Ctrl Pts',(7.22035384477894,24.4467461554644,32.2064386264676));
#6215=CARTESIAN_POINT('Ctrl Pts',(7.21929594243371,24.6284700697646,32.2054441134754));
#6216=CARTESIAN_POINT('Ctrl Pts',(7.25350382029813,23.7415444231287,30.8760869532927));
#6217=CARTESIAN_POINT('Ctrl Pts',(7.25434538513761,23.7290611490026,31.0027778555022));
#6218=CARTESIAN_POINT('Ctrl Pts',(7.25440206384634,23.7307729323065,31.2572867774257));
#6219=CARTESIAN_POINT('Ctrl Pts',(7.24588108738524,23.8473065332369,31.6548536316849));
#6220=CARTESIAN_POINT('Ctrl Pts',(7.227536078097,24.1587725846014,31.9661020823742));
#6221=CARTESIAN_POINT('Ctrl Pts',(7.21996779540097,24.4732942376448,32.0079285710405));
#6222=CARTESIAN_POINT('Ctrl Pts',(7.21930229363503,24.6273790757139,31.9941221743124));
#6223=CARTESIAN_POINT('Ctrl Pts',(7.09792492495211,23.972151952778,30.8760869532928));
#6224=CARTESIAN_POINT('Ctrl Pts',(7.11379075213799,23.949643901356,30.9853095831676));
#6225=CARTESIAN_POINT('Ctrl Pts',(7.14103904821679,23.9281387131663,31.2055359337856));
#6226=CARTESIAN_POINT('Ctrl Pts',(7.16589693868903,23.9945124665406,31.547219054823));
#6227=CARTESIAN_POINT('Ctrl Pts',(7.16034836009792,24.2366895384043,31.8004047123718));
#6228=CARTESIAN_POINT('Ctrl Pts',(7.13760771521892,24.4977247288305,31.8105591846849));
#6229=CARTESIAN_POINT('Ctrl Pts',(7.12504763160327,24.6257483155594,31.7845381411092));
#6230=CARTESIAN_POINT('Ctrl Pts',(6.87765009958768,24.0869655567014,30.8760869532928));
#6231=CARTESIAN_POINT('Ctrl Pts',(6.91035640326616,24.0699180861603,30.9757226784558));
#6232=CARTESIAN_POINT('Ctrl Pts',(6.96999348262031,24.0528029454585,31.1727094648994));
#6233=CARTESIAN_POINT('Ctrl Pts',(7.03767335940297,24.101913088709,31.4675454958054));
#6234=CARTESIAN_POINT('Ctrl Pts',(7.04515325622186,24.2924290551818,31.672655580869));
#6235=CARTESIAN_POINT('Ctrl Pts',(6.99645401728448,24.512049793331,31.670492571443));
#6236=CARTESIAN_POINT('Ctrl Pts',(6.96694777770582,24.6241040328682,31.6443244298966));
#6237=CARTESIAN_POINT('Ctrl Pts',(7.27748812049278,23.4943038203156,30.8760869532926));
#6238=CARTESIAN_POINT('Ctrl Pts',(7.27748812049279,23.4943038203156,31.0205618385809));
#6239=CARTESIAN_POINT('Ctrl Pts',(7.27466216913391,23.5232626360578,31.3095591190018));
#6240=CARTESIAN_POINT('Ctrl Pts',(7.2588814210944,23.694517189821,31.763008961576));
#6241=CARTESIAN_POINT('Ctrl Pts',(7.2313230845211,24.0773468902392,32.1323657957983));
#6242=CARTESIAN_POINT('Ctrl Pts',(7.22035384477894,24.4467461554644,32.2064386264676));
#6243=CARTESIAN_POINT('Ctrl Pts',(7.21929594243371,24.6284700697646,32.2054441134754));
#6244=CARTESIAN_POINT('Ctrl Pts',(6.96694777770582,24.6241040328682,31.6443244298966));
#6245=CARTESIAN_POINT('Ctrl Pts',(6.99645401728448,24.512049793331,31.670492571443));
#6246=CARTESIAN_POINT('Ctrl Pts',(7.04515325622186,24.2924290551818,31.672655580869));
#6247=CARTESIAN_POINT('Ctrl Pts',(7.03767335940297,24.101913088709,31.4675454958054));
#6248=CARTESIAN_POINT('Ctrl Pts',(6.96999348262031,24.0528029454585,31.1727094648994));
#6249=CARTESIAN_POINT('Ctrl Pts',(6.91035640326616,24.0699180861603,30.9757226784558));
#6250=CARTESIAN_POINT('Ctrl Pts',(6.87765009958768,24.0869655567014,30.8760869532928));
#6251=CARTESIAN_POINT('Ctrl Pts',(7.21929594243371,24.6284700697645,46.7945558865246));
#6252=CARTESIAN_POINT('Ctrl Pts',(7.22088276840032,24.3558889309998,46.7930641429368));
#6253=CARTESIAN_POINT('Ctrl Pts',(7.24200989863889,23.8898739132486,46.9511918162467));
#6254=CARTESIAN_POINT('Ctrl Pts',(7.27305820829876,23.5419669581131,47.5473165501771));
#6255=CARTESIAN_POINT('Ctrl Pts',(7.27748812049278,23.4943038203157,47.9312832108544));
#6256=CARTESIAN_POINT('Ctrl Pts',(7.27748812049278,23.4943038203156,48.1239130467065));
#6257=CARTESIAN_POINT('Ctrl Pts',(7.21930229363503,24.6273790757138,47.0058778256876));
#6258=CARTESIAN_POINT('Ctrl Pts',(7.22030052895211,24.3962558314836,46.9851685901592));
#6259=CARTESIAN_POINT('Ctrl Pts',(7.23516224901374,23.9995627995579,47.0979838984196));
#6260=CARTESIAN_POINT('Ctrl Pts',(7.2544972526925,23.7356330866181,47.6162634500048));
#6261=CARTESIAN_POINT('Ctrl Pts',(7.2546258872689,23.7249003466097,47.9549947766012));
#6262=CARTESIAN_POINT('Ctrl Pts',(7.25350382029814,23.7415444231287,48.1239130467065));
#6263=CARTESIAN_POINT('Ctrl Pts',(7.12504763160327,24.6257483155593,47.2154618588908));
#6264=CARTESIAN_POINT('Ctrl Pts',(7.14388742992107,24.4337162696189,47.1764309712004));
#6265=CARTESIAN_POINT('Ctrl Pts',(7.1708440886028,24.105562324741,47.2443069222004));
#6266=CARTESIAN_POINT('Ctrl Pts',(7.15396015792448,23.9209330809075,47.6846997743478));
#6267=CARTESIAN_POINT('Ctrl Pts',(7.11907899391286,23.9421417386004,47.9782854019978));
#6268=CARTESIAN_POINT('Ctrl Pts',(7.09792492495221,23.9721519527778,48.1239130467066));
#6269=CARTESIAN_POINT('Ctrl Pts',(6.96694777770584,24.6241040328682,47.3556755701034));
#6270=CARTESIAN_POINT('Ctrl Pts',(7.01120636863478,24.4560255918212,47.3164240392879));
#6271=CARTESIAN_POINT('Ctrl Pts',(7.0624055471965,24.1866295100231,47.3585411426249));
#6272=CARTESIAN_POINT('Ctrl Pts',(6.99883756222152,24.0467463229937,47.7297966193468));
#6273=CARTESIAN_POINT('Ctrl Pts',(6.92125774735543,24.0642359906216,47.9910677196808));
#6274=CARTESIAN_POINT('Ctrl Pts',(6.87765009958788,24.0869655567013,48.1239130467066));
#6275=CARTESIAN_POINT('',(7.27748812049278,23.4943038203156,48.1239130467065));
#6276=CARTESIAN_POINT('',(6.87765009958793,24.0869655567013,48.1239130467066));
#6277=CARTESIAN_POINT('Origin',(6.53099235946945,23.4218878084523,48.1239130467065));
#6278=CARTESIAN_POINT('Ctrl Pts',(7.21929594243371,24.6284700697645,46.7945558865246));
#6279=CARTESIAN_POINT('Ctrl Pts',(7.22088276840032,24.3558889309998,46.7930641429368));
#6280=CARTESIAN_POINT('Ctrl Pts',(7.24200989863889,23.8898739132486,46.9511918162467));
#6281=CARTESIAN_POINT('Ctrl Pts',(7.27305820829876,23.5419669581131,47.5473165501771));
#6282=CARTESIAN_POINT('Ctrl Pts',(7.27748812049278,23.4943038203157,47.9312832108544));
#6283=CARTESIAN_POINT('Ctrl Pts',(7.27748812049278,23.4943038203156,48.1239130467065));
#6284=CARTESIAN_POINT('Ctrl Pts',(6.87765009958788,24.0869655567013,48.1239130467066));
#6285=CARTESIAN_POINT('Ctrl Pts',(6.92125774735543,24.0642359906216,47.9910677196808));
#6286=CARTESIAN_POINT('Ctrl Pts',(6.99883756222152,24.0467463229937,47.7297966193468));
#6287=CARTESIAN_POINT('Ctrl Pts',(7.0624055471965,24.1866295100231,47.3585411426249));
#6288=CARTESIAN_POINT('Ctrl Pts',(7.01120636863478,24.4560255918212,47.3164240392879));
#6289=CARTESIAN_POINT('Ctrl Pts',(6.96694777770584,24.6241040328682,47.3556755701034));
#6290=CARTESIAN_POINT('Origin',(6.53099235946945,23.4218878084523,39.5));
#6291=CARTESIAN_POINT('',(7.27748812033284,23.4943038219644,49.3155498500324));
#6292=CARTESIAN_POINT('',(6.87765009958783,24.0869655567013,49.3155498500324));
#6293=CARTESIAN_POINT('Origin',(6.53099235946945,23.4218878084523,49.3155498500324));
#6294=CARTESIAN_POINT('',(7.27748812049278,23.4943038203156,39.5));
#6295=CARTESIAN_POINT('',(6.87765009958783,24.0869655567013,39.5));
#6296=CARTESIAN_POINT('Ctrl Pts',(14.6835458517066,12.872327335616,49.3155498499615));
#6297=CARTESIAN_POINT('Ctrl Pts',(14.6835458517066,12.872327335616,50.4617026882967));
#6298=CARTESIAN_POINT('Ctrl Pts',(14.6402344582866,13.2560183253966,52.7544195450717));
#6299=CARTESIAN_POINT('Ctrl Pts',(14.3230097752411,14.9802832543009,55.831820628196));
#6300=CARTESIAN_POINT('Ctrl Pts',(13.5441744538448,17.1292885406954,57.4069042540564));
#6301=CARTESIAN_POINT('Ctrl Pts',(12.6618173926245,18.684618796892,57.7670772229764));
#6302=CARTESIAN_POINT('Ctrl Pts',(12.1678034010085,19.4434252543213,57.8061030387292));
#6303=CARTESIAN_POINT('Ctrl Pts',(11.6266582455184,20.1718232009711,57.767005728969));
#6304=CARTESIAN_POINT('Ctrl Pts',(10.8612948494598,21.0796253735576,57.5272778936897));
#6305=CARTESIAN_POINT('Ctrl Pts',(9.88680200564617,22.0404242844521,56.8809617402259));
#6306=CARTESIAN_POINT('Ctrl Pts',(8.47986718987033,23.1634920927393,55.3190901699625));
#6307=CARTESIAN_POINT('Ctrl Pts',(7.21983267883116,23.9168711992447,52.7540640668775));
#6308=CARTESIAN_POINT('Ctrl Pts',(6.87765009959507,24.0869655566975,50.4617026883699));
#6309=CARTESIAN_POINT('Ctrl Pts',(6.87765009958784,24.0869655567013,49.3155498500346));
#6310=CARTESIAN_POINT('Ctrl Pts',(14.6523735474668,13.1187648526128,49.3155498499615));
#6311=CARTESIAN_POINT('Ctrl Pts',(14.652417483489,13.1183106476685,50.4352475853713));
#6312=CARTESIAN_POINT('Ctrl Pts',(14.6042656488103,13.485721190927,52.6756652936273));
#6313=CARTESIAN_POINT('Ctrl Pts',(14.2743076264526,15.1377969005848,55.6894096964072));
#6314=CARTESIAN_POINT('Ctrl Pts',(13.5049096154409,17.2040763139183,57.2385844411043));
#6315=CARTESIAN_POINT('Ctrl Pts',(12.6501982742039,18.7020684803635,57.5908721899796));
#6316=CARTESIAN_POINT('Ctrl Pts',(12.1670189365664,19.4435914788244,57.6186607551058));
#6317=CARTESIAN_POINT('Ctrl Pts',(11.6390082503237,20.154855145344,57.5907353892263));
#6318=CARTESIAN_POINT('Ctrl Pts',(10.9030890449698,21.0320971469317,57.3563906750569));
#6319=CARTESIAN_POINT('Ctrl Pts',(9.96792474558098,21.9654918121924,56.7208787679397));
#6320=CARTESIAN_POINT('Ctrl Pts',(8.62300329952109,23.0606233648477,55.1872537859386));
#6321=CARTESIAN_POINT('Ctrl Pts',(7.42258240032532,23.8036319986901,52.6751668730888));
#6322=CARTESIAN_POINT('Ctrl Pts',(7.09751424589067,23.9723508879602,50.4352475854428));
#6323=CARTESIAN_POINT('Ctrl Pts',(7.09792492495216,23.9721519527779,49.3155498500329));
#6324=CARTESIAN_POINT('Ctrl Pts',(14.4901466873007,13.3447450978747,49.3155498499615));
#6325=CARTESIAN_POINT('Ctrl Pts',(14.4907490026602,13.3439413764923,50.40926212753));
#6326=CARTESIAN_POINT('Ctrl Pts',(14.4467519813215,13.6932107641801,52.5981526562574));
#6327=CARTESIAN_POINT('Ctrl Pts',(14.1373593083026,15.2677894973747,55.548252977802));
#6328=CARTESIAN_POINT('Ctrl Pts',(13.4035399002938,17.249640613192,57.0710165404165));
#6329=CARTESIAN_POINT('Ctrl Pts',(12.5833232693586,18.6859836654451,57.4153693296701));
#6330=CARTESIAN_POINT('Ctrl Pts',(12.1064083550211,19.4020596637141,57.432185220621));
#6331=CARTESIAN_POINT('Ctrl Pts',(11.6006572731712,20.0976880143244,57.4151680503201));
#6332=CARTESIAN_POINT('Ctrl Pts',(10.8954055986502,20.9391236051384,57.1862454507153));
#6333=CARTESIAN_POINT('Ctrl Pts',(9.99719460583632,21.8338710966378,56.5617044350587));
#6334=CARTESIAN_POINT('Ctrl Pts',(8.70850875818074,22.8789681811279,55.0566775186595));
#6335=CARTESIAN_POINT('Ctrl Pts',(7.56216932239905,23.5840630572271,52.5975047139942));
#6336=CARTESIAN_POINT('Ctrl Pts',(7.25295928804973,23.7423883641634,50.4092621275999));
#6337=CARTESIAN_POINT('Ctrl Pts',(7.25350382029811,23.7415444231287,49.3155498500313));
#6338=CARTESIAN_POINT('Ctrl Pts',(14.2666225501095,13.4530969433972,49.3155498499615));
#6339=CARTESIAN_POINT('Ctrl Pts',(14.267833014781,13.4525101786623,50.3950008369201));
#6340=CARTESIAN_POINT('Ctrl Pts',(14.2314606889082,13.7952125848975,52.5549599959643));
#6341=CARTESIAN_POINT('Ctrl Pts',(13.9546966942377,15.3322645578665,55.4552386144403));
#6342=CARTESIAN_POINT('Ctrl Pts',(13.2642809878559,17.2559360357161,56.9453198954632));
#6343=CARTESIAN_POINT('Ctrl Pts',(12.4768121947213,18.639939051799,57.2813069453469));
#6344=CARTESIAN_POINT('Ctrl Pts',(12.0015430277556,19.329598835072,57.2947970068188));
#6345=CARTESIAN_POINT('Ctrl Pts',(11.5204113948565,20.0137428447855,57.2810933010015));
#6346=CARTESIAN_POINT('Ctrl Pts',(10.840396184182,20.8227353915318,57.0578149378026));
#6347=CARTESIAN_POINT('Ctrl Pts',(9.96731501793279,21.6805646255852,56.4467289597129));
#6348=CARTESIAN_POINT('Ctrl Pts',(8.70956431156009,22.6777311382952,54.9719983063991));
#6349=CARTESIAN_POINT('Ctrl Pts',(7.58280869142311,23.3467635591191,52.5542357529461));
#6350=CARTESIAN_POINT('Ctrl Pts',(7.27735823677206,23.4956427182892,50.3950008369892));
#6351=CARTESIAN_POINT('Ctrl Pts',(7.27748812049278,23.4943038203157,49.3155498500304));
#6352=CARTESIAN_POINT('',(14.6835458517066,12.872327335616,49.3155498499615));
#6353=CARTESIAN_POINT('Ctrl Pts',(14.6835458517066,12.872327335616,49.3155498499615));
#6354=CARTESIAN_POINT('Ctrl Pts',(14.6835458517066,12.872327335616,50.4617026882967));
#6355=CARTESIAN_POINT('Ctrl Pts',(14.6402344582866,13.2560183253966,52.7544195450717));
#6356=CARTESIAN_POINT('Ctrl Pts',(14.3230097752411,14.9802832543009,55.831820628196));
#6357=CARTESIAN_POINT('Ctrl Pts',(13.5441744538448,17.1292885406954,57.4069042540564));
#6358=CARTESIAN_POINT('Ctrl Pts',(12.6618173926245,18.684618796892,57.7670772229764));
#6359=CARTESIAN_POINT('Ctrl Pts',(12.1678034010085,19.4434252543213,57.8061030387292));
#6360=CARTESIAN_POINT('Ctrl Pts',(11.6266582455184,20.1718232009711,57.767005728969));
#6361=CARTESIAN_POINT('Ctrl Pts',(10.8612948494598,21.0796253735576,57.5272778936897));
#6362=CARTESIAN_POINT('Ctrl Pts',(9.88680200564617,22.0404242844521,56.8809617402259));
#6363=CARTESIAN_POINT('Ctrl Pts',(8.47986718987033,23.1634920927393,55.3190901699625));
#6364=CARTESIAN_POINT('Ctrl Pts',(7.21983267883116,23.9168711992447,52.7540640668775));
#6365=CARTESIAN_POINT('Ctrl Pts',(6.87765009959507,24.0869655566975,50.4617026883699));
#6366=CARTESIAN_POINT('Ctrl Pts',(6.87765009958784,24.0869655567013,49.3155498500346));
#6367=CARTESIAN_POINT('',(14.2666225501095,13.4530969433972,49.3155498499615));
#6368=CARTESIAN_POINT('Origin',(13.9394748548632,12.7782085189187,49.3155498499615));
#6369=CARTESIAN_POINT('Ctrl Pts',(7.27748812049278,23.4943038203157,49.3155498500304));
#6370=CARTESIAN_POINT('Ctrl Pts',(7.27735823677206,23.4956427182892,50.3950008369892));
#6371=CARTESIAN_POINT('Ctrl Pts',(7.58280869142311,23.3467635591191,52.5542357529461));
#6372=CARTESIAN_POINT('Ctrl Pts',(8.70956431156009,22.6777311382952,54.9719983063991));
#6373=CARTESIAN_POINT('Ctrl Pts',(9.96731501793279,21.6805646255852,56.4467289597129));
#6374=CARTESIAN_POINT('Ctrl Pts',(10.840396184182,20.8227353915318,57.0578149378026));
#6375=CARTESIAN_POINT('Ctrl Pts',(11.5204113948565,20.0137428447855,57.2810933010015));
#6376=CARTESIAN_POINT('Ctrl Pts',(12.0015430277556,19.329598835072,57.2947970068188));
#6377=CARTESIAN_POINT('Ctrl Pts',(12.4768121947213,18.639939051799,57.2813069453469));
#6378=CARTESIAN_POINT('Ctrl Pts',(13.2642809878559,17.2559360357161,56.9453198954632));
#6379=CARTESIAN_POINT('Ctrl Pts',(13.9546966942377,15.3322645578665,55.4552386144403));
#6380=CARTESIAN_POINT('Ctrl Pts',(14.2314606889082,13.7952125848975,52.5549599959643));
#6381=CARTESIAN_POINT('Ctrl Pts',(14.267833014781,13.4525101786623,50.3950008369201));
#6382=CARTESIAN_POINT('Ctrl Pts',(14.2666225501095,13.4530969433972,49.3155498499615));
#6383=CARTESIAN_POINT('Origin',(13.9394748548632,12.7782085189187,39.5));
#6384=CARTESIAN_POINT('',(14.2666225501095,13.4530969433972,39.5));
#6385=CARTESIAN_POINT('',(14.6835458517066,12.872327335616,39.5));
#6386=CARTESIAN_POINT('Origin',(19.7190841375484,24.7012373513715,39.5));
#6387=CARTESIAN_POINT('Ctrl Pts',(7.27968351953468,23.4945186013963,49.3156294317202));
#6388=CARTESIAN_POINT('Ctrl Pts',(7.40823147320453,22.190894360344,49.2877033984661));
#6389=CARTESIAN_POINT('Ctrl Pts',(7.92355857488316,20.1233590549933,49.2549251192347));
#6390=CARTESIAN_POINT('Ctrl Pts',(9.40107135327759,17.5316462698949,49.243379226676));
#6391=CARTESIAN_POINT('Ctrl Pts',(11.3195383249748,15.2432362267752,49.2548973831885));
#6392=CARTESIAN_POINT('Ctrl Pts',(13.0843555661779,14.0317374233618,49.2875932660594));
#6393=CARTESIAN_POINT('Ctrl Pts',(14.2677423129946,13.4554006613565,49.3156427142263));
#6394=CARTESIAN_POINT('Ctrl Pts',(14.2659149257127,13.4515569906461,29.6845127768585));
#6395=CARTESIAN_POINT('Ctrl Pts',(13.0844305703419,14.0249446029183,29.7125624312627));
#6396=CARTESIAN_POINT('Ctrl Pts',(10.7236525473266,15.6299735752355,29.7566700733421));
#6397=CARTESIAN_POINT('Ctrl Pts',(8.0970422050579,19.4169927641396,29.756349373156));
#6398=CARTESIAN_POINT('Ctrl Pts',(7.40685256247076,22.1855954529423,29.712480778522));
#6399=CARTESIAN_POINT('Ctrl Pts',(7.27871711638997,23.494423297039,29.6844108384048));
#6400=CARTESIAN_POINT('Ctrl Pts',(12.4669580706293,18.8287300965547,21.6089862937576));
#6401=CARTESIAN_POINT('Ctrl Pts',(12.4327767652168,18.8547079744252,21.6230118131201));
#6402=CARTESIAN_POINT('Ctrl Pts',(12.3597088532551,18.9170069264718,21.6484029629489));
#6403=CARTESIAN_POINT('Ctrl Pts',(12.2317706831665,19.0493499016019,21.6780805657687));
#6404=CARTESIAN_POINT('Ctrl Pts',(12.0844687542576,19.2289554068572,21.6960851064605));
#6405=CARTESIAN_POINT('Ctrl Pts',(11.9362925863481,19.4419837653452,21.6960073267705));
#6406=CARTESIAN_POINT('Ctrl Pts',(11.8190318123739,19.6422619809426,21.6781199877143));
#6407=CARTESIAN_POINT('Ctrl Pts',(11.739163180322,19.8086017539034,21.6483665155379));
#6408=CARTESIAN_POINT('Ctrl Pts',(11.7060825272467,19.8987232893136,21.6230226910158));
#6409=CARTESIAN_POINT('Ctrl Pts',(11.6935744365504,19.9398608088444,21.6089744204044));
#6410=CARTESIAN_POINT('Ctrl Pts',(13.2163749190176,17.0202813104759,22.1494082300687));
#6411=CARTESIAN_POINT('Ctrl Pts',(13.050301034586,17.1201096783019,22.2280525852217));
#6412=CARTESIAN_POINT('Ctrl Pts',(12.7085969837818,17.3532920231356,22.3700629342077));
#6413=CARTESIAN_POINT('Ctrl Pts',(12.1598327684486,17.8279590786077,22.535778709135));
#6414=CARTESIAN_POINT('Ctrl Pts',(11.579946854717,18.4643025219324,22.6361379972354));
#6415=CARTESIAN_POINT('Ctrl Pts',(11.0445699543871,19.2343457557034,22.6356729791548));
#6416=CARTESIAN_POINT('Ctrl Pts',(10.6492601534526,19.9978274826071,22.5360294225419));
#6417=CARTESIAN_POINT('Ctrl Pts',(10.3939275271767,20.6791443412984,22.3698629422345));
#6418=CARTESIAN_POINT('Ctrl Pts',(10.2939005775696,21.080092326117,22.2281139247169));
#6419=CARTESIAN_POINT('Ctrl Pts',(10.2579099359797,21.2707909886712,22.1493419385647));
#6420=CARTESIAN_POINT('Ctrl Pts',(15.7124771267907,13.344938787803,24.213081656908));
#6421=CARTESIAN_POINT('Ctrl Pts',(15.1619532708088,13.5610522406057,24.3651274832781));
#6422=CARTESIAN_POINT('Ctrl Pts',(14.0561469197002,14.089606643417,24.6368300148364));
#6423=CARTESIAN_POINT('Ctrl Pts',(12.3638837000691,15.244367894877,24.9480839114119));
#6424=CARTESIAN_POINT('Ctrl Pts',(10.6781743701166,16.8735597321303,25.1341386925841));
#6425=CARTESIAN_POINT('Ctrl Pts',(9.24166382236394,18.9410496880246,25.1333845422354));
#6426=CARTESIAN_POINT('Ctrl Pts',(8.29845141768327,21.0834205642675,24.9484771892463));
#6427=CARTESIAN_POINT('Ctrl Pts',(7.80184018554195,23.0766767825757,24.6364489530746));
#6428=CARTESIAN_POINT('Ctrl Pts',(7.6896321088366,24.2960070351743,24.3652462198645));
#6429=CARTESIAN_POINT('Ctrl Pts',(7.67815878776793,24.8882350703416,24.2129527069003));
#6430=CARTESIAN_POINT('Ctrl Pts',(19.2209447391232,12.065038634583,27.5501169504562));
#6431=CARTESIAN_POINT('Ctrl Pts',(18.2965707628083,12.1255824180543,27.6337892588772));
#6432=CARTESIAN_POINT('Ctrl Pts',(16.4029009894274,12.4412364341101,27.786180113275));
#6433=CARTESIAN_POINT('Ctrl Pts',(13.4457741928251,13.6805801374819,27.966747647308));
#6434=CARTESIAN_POINT('Ctrl Pts',(10.5498715113057,15.9212996118684,28.0774432044243));
#6435=CARTESIAN_POINT('Ctrl Pts',(8.30819909536396,19.1507773763024,28.0769075308446));
#6436=CARTESIAN_POINT('Ctrl Pts',(7.20816779773012,22.638533771983,27.9670267510947));
#6437=CARTESIAN_POINT('Ctrl Pts',(7.07302057324088,25.849212038158,27.7859612961853));
#6438=CARTESIAN_POINT('Ctrl Pts',(7.43185175365756,27.7338451286055,27.63385428534));
#6439=CARTESIAN_POINT('Ctrl Pts',(7.69655025593811,28.6230743334534,27.5500465686017));
#6440=CARTESIAN_POINT('Ctrl Pts',(21.124945034491,12.2805467450305,29.4632803594716));
#6441=CARTESIAN_POINT('Ctrl Pts',(20.0768128969429,12.161911796805,29.505539388334));
#6442=CARTESIAN_POINT('Ctrl Pts',(17.8670859619109,12.1762909718979,29.5867308771944));
#6443=CARTESIAN_POINT('Ctrl Pts',(14.2858624241488,13.2104089305842,29.6900590508202));
#6444=CARTESIAN_POINT('Ctrl Pts',(10.7295909183442,15.6214116943076,29.756670798397));
#6445=CARTESIAN_POINT('Ctrl Pts',(8.09225711808595,19.4238918522502,29.7563487889132));
#6446=CARTESIAN_POINT('Ctrl Pts',(7.05851163129967,23.5891162827163,29.6901871367685));
#6447=CARTESIAN_POINT('Ctrl Pts',(7.33349260123977,27.3150791814518,29.5865991345821));
#6448=CARTESIAN_POINT('Ctrl Pts',(8.08399031634754,29.3906603937204,29.5055708345437));
#6449=CARTESIAN_POINT('Ctrl Pts',(8.56003270169775,30.3337830504351,29.4632445855026));
#6450=CARTESIAN_POINT('Origin',(0.0686820160153845,11.0236681401326,39.5));
#6451=CARTESIAN_POINT('',(2.14432499945647,25.6080259238038,50.5227038425243));
#6452=CARTESIAN_POINT('Ctrl Pts',(6.87746166525075,24.0867145455744,48.1238470141395));
#6453=CARTESIAN_POINT('Ctrl Pts',(5.56047995818534,24.7707880832013,49.2816802045405));
#6454=CARTESIAN_POINT('Ctrl Pts',(3.93537253814939,25.3531243839596,50.1384945924115));
#6455=CARTESIAN_POINT('Ctrl Pts',(2.14432499945648,25.6080259238038,50.5227038425243));
#6456=CARTESIAN_POINT('',(2.14432499945648,25.6080259238038,59.5880311886111));
#6457=CARTESIAN_POINT('',(2.14432499945647,25.6080259238038,39.5));
#6458=CARTESIAN_POINT('',(14.768751640212,11.9826982755352,57.0644169106012));
#6459=CARTESIAN_POINT('Origin',(0.0686820160153845,11.0236681401326,56.8867901991399));
#6460=CARTESIAN_POINT('',(14.8,11.0311655777635,56.8881788366203));
#6461=CARTESIAN_POINT('Origin',(0.0686820160153845,11.0236681401326,56.8867901991399));
#6462=CARTESIAN_POINT('',(14.8,11.0311655777635,52.7671724567055));
#6463=CARTESIAN_POINT('',(14.8,11.0311655777635,39.5));
#6464=CARTESIAN_POINT('',(14.778364924417,11.8218000159008,49.6748432374923));
#6465=CARTESIAN_POINT('Ctrl Pts',(14.7999998386538,11.0314761651008,52.7673411282444));
#6466=CARTESIAN_POINT('Ctrl Pts',(14.799725872407,11.5483860243641,51.8155166222385));
#6467=CARTESIAN_POINT('Ctrl Pts',(14.778364924417,11.8218000159008,50.7456613534987));
#6468=CARTESIAN_POINT('Ctrl Pts',(14.778364924417,11.8218000159008,49.6748432374923));
#6469=CARTESIAN_POINT('',(14.778364924417,11.8218000159008,29.3251567625077));
#6470=CARTESIAN_POINT('',(14.778364924417,11.8218000159008,39.5));
#6471=CARTESIAN_POINT('',(14.8,11.0311655777635,26.2328275432945));
#6472=CARTESIAN_POINT('Ctrl Pts',(14.778364924417,11.8218000159008,29.3251567625077));
#6473=CARTESIAN_POINT('Ctrl Pts',(14.778364924417,11.8218000159008,28.2543386465134));
#6474=CARTESIAN_POINT('Ctrl Pts',(14.799725872407,11.5483860243587,27.1844833777516));
#6475=CARTESIAN_POINT('Ctrl Pts',(14.7999998386539,11.0314761651008,26.2326588717557));
#6476=CARTESIAN_POINT('',(14.8,11.0311655777635,22.1118211633798));
#6477=CARTESIAN_POINT('',(14.8,11.0311655777635,39.5));
#6478=CARTESIAN_POINT('',(14.768751640212,11.9826982755352,21.9355830893988));
#6479=CARTESIAN_POINT('Origin',(0.0686820160153845,11.0236681401326,22.1132098008601));
#6480=CARTESIAN_POINT('',(2.14432499945648,25.6080259238038,19.4119688113889));
#6481=CARTESIAN_POINT('Origin',(0.0686820160153845,11.0236681401326,22.1132098008601));
#6482=CARTESIAN_POINT('',(2.14432499945647,25.6080259238038,28.4772961574757));
#6483=CARTESIAN_POINT('',(2.14432499945647,25.6080259238038,39.5));
#6484=CARTESIAN_POINT('Ctrl Pts',(2.14432499945647,25.6080259238038,28.4772961574757));
#6485=CARTESIAN_POINT('Ctrl Pts',(3.9353794729348,25.3531233970022,28.8615068952144));
#6486=CARTESIAN_POINT('Ctrl Pts',(5.56047423948669,24.770796803303,29.7183093396646));
#6487=CARTESIAN_POINT('Ctrl Pts',(6.8774624438138,24.0867154194081,30.8761526153226));
#6488=CARTESIAN_POINT('Ctrl Pts',(11.6862109761757,19.9467107419779,57.3882621492012));
#6489=CARTESIAN_POINT('Ctrl Pts',(11.6987799964918,19.9049959924666,57.3739491623453));
#6490=CARTESIAN_POINT('Ctrl Pts',(11.7322980802471,19.8129435454569,57.3478895018005));
#6491=CARTESIAN_POINT('Ctrl Pts',(11.8128795886608,19.6444400044002,57.317568060014));
#6492=CARTESIAN_POINT('Ctrl Pts',(11.9116020597401,19.4754019901649,57.3023072166709));
#6493=CARTESIAN_POINT('Ctrl Pts',(12.006383244211,19.3335354609121,57.2991255333429));
#6494=CARTESIAN_POINT('Ctrl Pts',(12.1064647917975,19.1954222572722,57.302294629113));
#6495=CARTESIAN_POINT('Ctrl Pts',(12.2309335561679,19.0436329735191,57.3174570942857));
#6496=CARTESIAN_POINT('Ctrl Pts',(12.3612740107002,18.9093136845792,57.3478983804542));
#6497=CARTESIAN_POINT('Ctrl Pts',(12.4357618427257,18.8459597754415,57.3738146756324));
#6498=CARTESIAN_POINT('Ctrl Pts',(12.4707504843847,18.8195019945721,57.3882197359719));
#6499=CARTESIAN_POINT('Ctrl Pts',(9.77485661926119,21.7210865281945,56.6668179420179));
#6500=CARTESIAN_POINT('Ctrl Pts',(9.82041509131537,21.4802466069381,56.5659041033736));
#6501=CARTESIAN_POINT('Ctrl Pts',(9.94428776424158,20.9733970568192,56.3833108878973));
#6502=CARTESIAN_POINT('Ctrl Pts',(10.2599641337802,20.1214118127667,56.1713001115234));
#6503=CARTESIAN_POINT('Ctrl Pts',(10.6666418465292,19.328995377189,56.0651653760888));
#6504=CARTESIAN_POINT('Ctrl Pts',(11.0801825930793,18.6912861624384,56.0430158150179));
#6505=CARTESIAN_POINT('Ctrl Pts',(11.5346733281341,18.0816353499701,56.0651161135068));
#6506=CARTESIAN_POINT('Ctrl Pts',(12.136928353485,17.4233655502555,56.1705112642253));
#6507=CARTESIAN_POINT('Ctrl Pts',(12.8281142261909,16.8304006747211,56.38334361502));
#6508=CARTESIAN_POINT('Ctrl Pts',(13.258979014593,16.5384374966976,56.5649604561717));
#6509=CARTESIAN_POINT('Ctrl Pts',(13.4704099347099,16.4112001252007,56.6665228936374));
#6510=CARTESIAN_POINT('Ctrl Pts',(7.49338470714382,25.5066707663976,54.3194358623717));
#6511=CARTESIAN_POINT('Ctrl Pts',(7.47932068676205,24.8518594810175,54.1752169534842));
#6512=CARTESIAN_POINT('Ctrl Pts',(7.55434774831786,23.4936152353697,53.9162303495221));
#6513=CARTESIAN_POINT('Ctrl Pts',(8.04259196115925,21.2980533118324,53.6214030420862));
#6514=CARTESIAN_POINT('Ctrl Pts',(8.87324589907971,19.3384864015786,53.475200469083));
#6515=CARTESIAN_POINT('Ctrl Pts',(9.82000013451605,17.818059375615,53.4447952600876));
#6516=CARTESIAN_POINT('Ctrl Pts',(10.9164937617875,16.4023672449262,53.4750705986539));
#6517=CARTESIAN_POINT('Ctrl Pts',(12.4658984107519,14.9376457091427,53.6203308236074));
#6518=CARTESIAN_POINT('Ctrl Pts',(14.3608166599385,13.7151814239832,53.9163373057183));
#6519=CARTESIAN_POINT('Ctrl Pts',(15.6038439617669,13.1730906134905,54.1738646485536));
#6520=CARTESIAN_POINT('Ctrl Pts',(16.2268885417145,12.9573508983935,54.3190075560132));
#6521=CARTESIAN_POINT('Ctrl Pts',(7.91309724119916,29.0522621312351,50.9706495537596));
#6522=CARTESIAN_POINT('Ctrl Pts',(7.59536151461917,28.1540466059491,50.8983132001481));
#6523=CARTESIAN_POINT('Ctrl Pts',(7.13450578279768,26.2137491311283,50.7642102041382));
#6524=CARTESIAN_POINT('Ctrl Pts',(7.16717566079976,22.8826649597799,50.6040595161394));
#6525=CARTESIAN_POINT('Ctrl Pts',(8.06738982268497,19.8391658074547,50.5217878692416));
#6526=CARTESIAN_POINT('Ctrl Pts',(9.412639849281,17.5382818047395,50.504590427293));
#6527=CARTESIAN_POINT('Ctrl Pts',(11.1020351389459,15.4778674973643,50.5217096591006));
#6528=CARTESIAN_POINT('Ctrl Pts',(13.6438561704737,13.5655350657609,50.6034745488191));
#6529=CARTESIAN_POINT('Ctrl Pts',(16.7649891547944,12.3782105970092,50.7642571253513));
#6530=CARTESIAN_POINT('Ctrl Pts',(18.7375544803091,12.1333267534186,50.8976302476905));
#6531=CARTESIAN_POINT('Ctrl Pts',(19.6965831144743,12.1190545276518,50.9704341685487));
#6532=CARTESIAN_POINT('Ctrl Pts',(8.56033427408557,30.3343804779633,49.536782227168));
#6533=CARTESIAN_POINT('Ctrl Pts',(8.08642138946165,29.395601679387,49.4946483571098));
#6534=CARTESIAN_POINT('Ctrl Pts',(7.3318200537957,27.3127200266796,49.4132721309231));
#6535=CARTESIAN_POINT('Ctrl Pts',(7.05993273407455,23.5965080390842,49.3100604103263));
#6536=CARTESIAN_POINT('Ctrl Pts',(7.91817010463807,20.1328109984421,49.2549672269575));
#6537=CARTESIAN_POINT('Ctrl Pts',(9.40107135327759,17.5316462698949,49.243379226676));
#6538=CARTESIAN_POINT('Ctrl Pts',(11.3235370465014,15.2384664211772,49.2549213908472));
#6539=CARTESIAN_POINT('Ctrl Pts',(14.2745988918343,13.2160271565515,49.3096779217017));
#6540=CARTESIAN_POINT('Ctrl Pts',(17.8637182429174,12.182077081733,49.4132855981751));
#6541=CARTESIAN_POINT('Ctrl Pts',(20.0714369054939,12.1614358965424,49.4942478036253));
#6542=CARTESIAN_POINT('Ctrl Pts',(21.1234004031986,12.2803720100987,49.5366573663325));
#6543=CARTESIAN_POINT('Ctrl Pts',(7.08178644708698,24.5564694698415,47.2523093796529));
#6544=CARTESIAN_POINT('Ctrl Pts',(5.73459639431438,25.3584454647682,48.4829764996231));
#6545=CARTESIAN_POINT('Ctrl Pts',(4.01388944285671,26.0587033957363,49.3971858730978));
#6546=CARTESIAN_POINT('Ctrl Pts',(2.09999999999999,26.3505437985113,49.7878569196893));
#6547=CARTESIAN_POINT('Ctrl Pts',(7.03226704925765,24.3929676908445,47.2975456806365));
#6548=CARTESIAN_POINT('Ctrl Pts',(5.67563446932458,25.1751025119654,48.5204877774559));
#6549=CARTESIAN_POINT('Ctrl Pts',(3.95883297092208,25.8518259934389,49.41452449251));
#6550=CARTESIAN_POINT('Ctrl Pts',(2.07017959281228,26.1322823714348,49.793943984817));
#6551=CARTESIAN_POINT('Ctrl Pts',(7.02293459468126,24.108047550046,47.4606224752753));
#6552=CARTESIAN_POINT('Ctrl Pts',(5.65311208199442,24.8565815121393,48.7032651317583));
#6553=CARTESIAN_POINT('Ctrl Pts',(3.93141376204773,25.4924525317321,49.6015416830701));
#6554=CARTESIAN_POINT('Ctrl Pts',(2.05479208863564,25.7542131601462,49.9821590189707));
#6555=CARTESIAN_POINT('Ctrl Pts',(7.15107290588574,23.9410349511518,47.7024729390521));
#6556=CARTESIAN_POINT('Ctrl Pts',(5.77833816217067,24.6935445647875,48.9983231231126));
#6557=CARTESIAN_POINT('Ctrl Pts',(4.03589447611652,25.3433286228365,49.9534613134199));
#6558=CARTESIAN_POINT('Ctrl Pts',(2.11191239726379,25.6126388790888,50.3606989162551));
#6559=CARTESIAN_POINT('Ctrl Pts',(7.22336935957242,23.9008663902483,47.8060457639139));
#6560=CARTESIAN_POINT('Ctrl Pts',(5.8498785220557,24.6639902717638,49.1246176781676));
#6561=CARTESIAN_POINT('Ctrl Pts',(4.09557872818877,25.33032386993,50.1041277211762));
#6562=CARTESIAN_POINT('Ctrl Pts',(2.14432499945648,25.6080259238038,50.5227038425243));
#6563=CARTESIAN_POINT('',(2.09999999999999,26.3505437985113,49.7878569196893));
#6564=CARTESIAN_POINT('Ctrl Pts',(2.09999999999999,26.3505437985113,49.7878569196893));
#6565=CARTESIAN_POINT('Ctrl Pts',(3.95991536658404,26.0669336601425,49.4082032852816));
#6566=CARTESIAN_POINT('Ctrl Pts',(5.63739057749433,25.397616945138,48.534123819806));
#6567=CARTESIAN_POINT('Ctrl Pts',(6.96692197211997,24.6240700772273,47.3556687450219));
#6568=CARTESIAN_POINT('Origin',(2.24999999999999,26.3505437985113,50.5227038425243));
#6569=CARTESIAN_POINT('Ctrl Pts',(2.09999999999998,26.3505437985113,29.2121430803107));
#6570=CARTESIAN_POINT('Ctrl Pts',(4.01363896510192,26.0587415899639,29.6027629983446));
#6571=CARTESIAN_POINT('Ctrl Pts',(5.73412469814709,25.3586452456266,30.5167652898293));
#6572=CARTESIAN_POINT('Ctrl Pts',(7.08124479249487,24.556791898025,31.7471958499673));
#6573=CARTESIAN_POINT('Ctrl Pts',(2.07017959281226,26.1322823714348,29.206056015183));
#6574=CARTESIAN_POINT('Ctrl Pts',(3.95858579590397,25.8518626977972,29.5854258514647));
#6575=CARTESIAN_POINT('Ctrl Pts',(5.67516295410425,25.1752960624606,30.479259029816));
#6576=CARTESIAN_POINT('Ctrl Pts',(7.03172167814548,24.3932822019106,31.7019625009999));
#6577=CARTESIAN_POINT('Ctrl Pts',(2.05478573942152,25.7541927081149,29.0178578260966));
#6578=CARTESIAN_POINT('Ctrl Pts',(3.93116181244902,25.4924663372776,29.3984253492057));
#6579=CARTESIAN_POINT('Ctrl Pts',(5.65263015167591,24.8567576148613,30.2964842425001));
#6580=CARTESIAN_POINT('Ctrl Pts',(7.02237566524921,24.1083416143448,31.5388827375961));
#6581=CARTESIAN_POINT('Ctrl Pts',(2.11191239726378,25.6126388790888,28.6393010837449));
#6582=CARTESIAN_POINT('Ctrl Pts',(4.03564267750138,25.3433638684608,29.0464853898963));
#6583=CARTESIAN_POINT('Ctrl Pts',(5.77785982772431,24.6937305125157,30.0014065909624));
#6584=CARTESIAN_POINT('Ctrl Pts',(7.15052098342115,23.9413375314394,31.2970061077189));
#6585=CARTESIAN_POINT('Ctrl Pts',(2.14432499945647,25.6080259238038,28.4772961574757));
#6586=CARTESIAN_POINT('Ctrl Pts',(4.09532336043244,25.3303602138197,28.8958174982264));
#6587=CARTESIAN_POINT('Ctrl Pts',(5.84939761710652,24.6641803741423,29.8751056676742));
#6588=CARTESIAN_POINT('Ctrl Pts',(7.22281713042121,23.9011731982432,31.193424124965));
#6589=CARTESIAN_POINT('',(2.09999999999998,26.3505437985113,29.2121430803107));
#6590=CARTESIAN_POINT('Origin',(2.24999999999998,26.3505437985113,28.4772961574757));
#6591=CARTESIAN_POINT('Ctrl Pts',(6.9669222377859,24.6240704065254,31.6443311712293));
#6592=CARTESIAN_POINT('Ctrl Pts',(5.63738191121051,25.3976279578083,30.4658642701226));
#6593=CARTESIAN_POINT('Ctrl Pts',(3.95992171806128,26.0669326916342,29.5917980112082));
#6594=CARTESIAN_POINT('Ctrl Pts',(2.09999999999998,26.3505437985113,29.2121430803107));
#6595=CARTESIAN_POINT('Origin',(8.14999999999997,18.3582270901838,20.7547398860755));
#6596=CARTESIAN_POINT('',(2.13333333333332,25.600777787277,19.4133112745795));
#6597=CARTESIAN_POINT('Origin',(-0.200000000000018,11.0311655777635,22.1118211633797));
#6598=CARTESIAN_POINT('',(1.49999999999998,26.3292583977526,19.2783857801395));
#6599=CARTESIAN_POINT('Origin',(2.24999999999998,26.3292583977526,19.2783857801395));
#6600=CARTESIAN_POINT('',(1.49999999999998,26.3505437985113,19.2744434058602));
#6601=CARTESIAN_POINT('',(1.49999999999999,15.2445324143367,21.3314426666747));
#6602=CARTESIAN_POINT('Origin',(2.24999999999998,26.3505437985113,19.2744434058602));
#6603=CARTESIAN_POINT('Origin',(8.14999999999997,18.3582270901838,58.2452601139245));
#6604=CARTESIAN_POINT('',(2.13333333333332,25.600777787277,59.5866887254205));
#6605=CARTESIAN_POINT('Origin',(-0.200000000000018,11.0311655777635,56.8881788366203));
#6606=CARTESIAN_POINT('',(1.49999999999998,26.3505437985113,59.7255565941398));
#6607=CARTESIAN_POINT('Origin',(2.24999999999998,26.3505437985113,59.7255565941398));
#6608=CARTESIAN_POINT('',(1.49999999999998,26.3292583977526,59.7216142198605));
#6609=CARTESIAN_POINT('',(1.49999999999999,15.2445324143367,57.6685573333253));
#6610=CARTESIAN_POINT('Origin',(2.24999999999998,26.3292583977526,59.7216142198605));
#6611=CARTESIAN_POINT('Origin',(-0.200000000000019,11.9657467085188,51.8422515602572));
#6612=CARTESIAN_POINT('',(2.13333333333332,25.1910133004256,61.7990614483934));
#6613=CARTESIAN_POINT('',(2.13333333333332,26.5353589180322,54.5407614490574));
#6614=CARTESIAN_POINT('',(14.8,10.6214010909122,59.1005515595931));
#6615=CARTESIAN_POINT('Origin',(-0.200000000000018,10.6214010909122,59.1005515595931));
#6616=CARTESIAN_POINT('',(14.8,11.9657467085188,51.8422515602572));
#6617=CARTESIAN_POINT('Origin',(13.55,5.03116557776354,49.6748432374923));
#6618=CARTESIAN_POINT('',(12.8,4.07504844178077,54.8370462577425));
#6619=CARTESIAN_POINT('',(13.55,3.93846027949752,55.5745038320639));
#6620=CARTESIAN_POINT('Origin',(13.55,4.07504844178077,54.8370462577425));
#6621=CARTESIAN_POINT('',(12.8,10.2811655777635,49.6748432374923));
#6622=CARTESIAN_POINT('Origin',(12.8,5.03116557776354,49.6748432374923));
#6623=CARTESIAN_POINT('',(13.55,11.0311655777635,49.6748432374923));
#6624=CARTESIAN_POINT('Origin',(13.55,10.2811655777635,49.6748432374923));
#6625=CARTESIAN_POINT('Origin',(13.55,5.03116557776354,49.6748432374923));
#6626=CARTESIAN_POINT('Origin',(13.55,-21.7875004297524,50.0469157535248));
#6627=CARTESIAN_POINT('',(13.55,-8.88930510145921,53.1986100035982));
#6628=CARTESIAN_POINT('',(13.55,-21.9240885920357,50.7843733278463));
#6629=CARTESIAN_POINT('',(12.8,-8.74347108468515,52.4628648996854));
#6630=CARTESIAN_POINT('Ctrl Pts',(12.8,-8.74347108468516,52.4628648996855));
#6631=CARTESIAN_POINT('Ctrl Pts',(12.8,-8.74389001497514,52.4649765015266));
#6632=CARTESIAN_POINT('Ctrl Pts',(12.8000092672323,-8.74430893998472,52.4670880942628));
#6633=CARTESIAN_POINT('Ctrl Pts',(12.8008785990133,-8.76395748648551,52.5661274314131));
#6634=CARTESIAN_POINT('Ctrl Pts',(12.821248204055,-8.78295917183428,52.6619435581167));
#6635=CARTESIAN_POINT('Ctrl Pts',(12.8982276553592,-8.81811453789101,52.8392716291912));
#6636=CARTESIAN_POINT('Ctrl Pts',(12.9536756637997,-8.83396303900556,52.9192428035529));
#6637=CARTESIAN_POINT('Ctrl Pts',(13.0926956575643,-8.86062973160524,53.0538305046181));
#6638=CARTESIAN_POINT('Ctrl Pts',(13.1749363730904,-8.87119353814193,53.1071623287233));
#6639=CARTESIAN_POINT('Ctrl Pts',(13.3556257967049,-8.88559992743368,53.1798992289701));
#6640=CARTESIAN_POINT('Ctrl Pts',(13.4523458755459,-8.88930510145941,53.1986100035982));
#6641=CARTESIAN_POINT('Ctrl Pts',(13.55,-8.88930510145957,53.1986100035982));
#6642=CARTESIAN_POINT('',(12.8,-21.7875004297524,50.0469157535248));
#6643=CARTESIAN_POINT('Origin',(13.55,-14.7141581966536,27.6429955709219));
#6644=CARTESIAN_POINT('',(12.8,-8.74347108468603,26.5371351003148));
#6645=CARTESIAN_POINT('',(12.8,4.07504844178077,24.1629537422575));
#6646=CARTESIAN_POINT('',(12.8,-14.7141581966536,27.6429955709219));
#6647=CARTESIAN_POINT('',(13.55,-8.88930510145921,25.8013899964018));
#6648=CARTESIAN_POINT('Ctrl Pts',(13.55,-8.88930510145921,25.8013899964018));
#6649=CARTESIAN_POINT('Ctrl Pts',(13.4523458755459,-8.88930510145917,25.8013899964018));
#6650=CARTESIAN_POINT('Ctrl Pts',(13.3556257967049,-8.88559992743344,25.8201007710299));
#6651=CARTESIAN_POINT('Ctrl Pts',(13.1749363730904,-8.87119353814183,25.8928376712767));
#6652=CARTESIAN_POINT('Ctrl Pts',(13.0926956575643,-8.86062973160483,25.9461694953818));
#6653=CARTESIAN_POINT('Ctrl Pts',(12.9536756637995,-8.83396303900504,26.0807571964471));
#6654=CARTESIAN_POINT('Ctrl Pts',(12.8982276553591,-8.81811453789044,26.1607283708088));
#6655=CARTESIAN_POINT('Ctrl Pts',(12.8212482040548,-8.78295917183272,26.3380564418834));
#6656=CARTESIAN_POINT('Ctrl Pts',(12.8008785990133,-8.76395748650379,26.4338725685913));
#6657=CARTESIAN_POINT('Ctrl Pts',(12.8000092672323,-8.74430893998395,26.532911905737));
#6658=CARTESIAN_POINT('Ctrl Pts',(12.8,-8.74389001497599,26.5350234984737));
#6659=CARTESIAN_POINT('Ctrl Pts',(12.8,-8.74347108468603,26.5371351003148));
#6660=CARTESIAN_POINT('',(13.55,3.93846027949752,23.4254961679361));
#6661=CARTESIAN_POINT('',(13.55,-14.8507463589368,26.9055379966005));
#6662=CARTESIAN_POINT('Origin',(13.55,4.07504844178077,24.1629537422575));
#6663=CARTESIAN_POINT('Origin',(13.55,-6.,39.5));
#6664=CARTESIAN_POINT('Origin',(12.8,-6.,39.5));
#6665=CARTESIAN_POINT('Origin',(13.55,-6.,39.5));
#6666=CARTESIAN_POINT('Origin',(13.55,5.03116557776354,29.3251567625077));
#6667=CARTESIAN_POINT('',(12.8,10.2811655777635,29.3251567625077));
#6668=CARTESIAN_POINT('',(13.55,11.0311655777635,29.3251567625077));
#6669=CARTESIAN_POINT('Origin',(13.55,10.2811655777635,29.3251567625077));
#6670=CARTESIAN_POINT('Origin',(12.8,5.03116557776354,29.3251567625077));
#6671=CARTESIAN_POINT('Origin',(13.55,5.03116557776354,29.3251567625077));
#6672=CARTESIAN_POINT('Origin',(13.55,10.2811655777635,19.75));
#6673=CARTESIAN_POINT('',(12.8,10.2811655777635,19.75));
#6674=CARTESIAN_POINT('',(13.55,11.0311655777635,19.75));
#6675=CARTESIAN_POINT('Origin',(12.8,-8.88930510145921,53.1986100035982));
#6676=CARTESIAN_POINT('',(14.05,3.93846027949752,55.5745038320639));
#6677=CARTESIAN_POINT('',(7.14999999999997,3.93846027949751,55.5745038320639));
#6678=CARTESIAN_POINT('',(14.05,-8.88930510145921,53.1986100035982));
#6679=CARTESIAN_POINT('',(14.05,-5.16952935849324,53.8875680542428));
#6680=CARTESIAN_POINT('',(12.8,-8.88930510145921,53.1986100035982));
#6681=CARTESIAN_POINT('Origin',(12.8,-6.,39.5));
#6682=CARTESIAN_POINT('',(14.05,-8.88930510145921,25.8013899964018));
#6683=CARTESIAN_POINT('Origin',(14.05,-6.,39.5));
#6684=CARTESIAN_POINT('',(12.8,-8.88930510145921,25.8013899964018));
#6685=CARTESIAN_POINT('Origin',(12.8,-8.88930510145921,25.8013899964018));
#6686=CARTESIAN_POINT('',(14.05,3.93846027949752,23.4254961679361));
#6687=CARTESIAN_POINT('',(14.05,-5.16952935849324,25.1124319457572));
#6688=CARTESIAN_POINT('',(7.14999999999997,3.93846027949751,23.4254961679361));
#6689=CARTESIAN_POINT('Origin',(12.8,-26.,0.));
#6690=CARTESIAN_POINT('',(12.8,-5.99999999999998,34.5));
#6691=CARTESIAN_POINT('Origin',(12.8,-5.99999999999999,39.5));
#6692=CARTESIAN_POINT('Origin',(14.0294665051121,11.7811655777635,39.5));
#6693=CARTESIAN_POINT('',(14.0294665051121,11.0311655777635,49.6748432374923));
#6694=CARTESIAN_POINT('Origin',(14.0294665051121,11.7811655777635,49.6748432374923));
#6695=CARTESIAN_POINT('',(14.0294665051121,11.0311655777635,29.3251567625077));
#6696=CARTESIAN_POINT('',(14.0294665051121,11.0311655777635,39.5));
#6697=CARTESIAN_POINT('Origin',(14.0294665051121,11.7811655777635,29.3251567625077));
#6698=CARTESIAN_POINT('Origin',(14.05,5.03116557776354,29.3251567625077));
#6699=CARTESIAN_POINT('',(14.05,10.3644989110969,26.5764196787626));
#6700=CARTESIAN_POINT('Origin',(14.05,11.0311655777635,26.2328275432945));
#6701=CARTESIAN_POINT('Origin',(14.05,5.03116557776354,29.3251567625077));
#6702=CARTESIAN_POINT('',(14.8,3.80187211721427,22.6880385936146));
#6703=CARTESIAN_POINT('Origin',(14.05,3.80187211721427,22.6880385936146));
#6704=CARTESIAN_POINT('Origin',(14.8,5.03116557776354,29.3251567625077));
#6705=CARTESIAN_POINT('Origin',(14.05,-5.30611752077649,24.3749743714358));
#6706=CARTESIAN_POINT('',(14.8,-9.03489456753345,25.0655995980451));
#6707=CARTESIAN_POINT('Ctrl Pts',(14.8,-9.03489456753344,25.0655995980451));
#6708=CARTESIAN_POINT('Ctrl Pts',(14.8,-9.03448561054645,25.0676681214366));
#6709=CARTESIAN_POINT('Ctrl Pts',(14.799991109221,-9.03407665270999,25.0697366351075));
#6710=CARTESIAN_POINT('Ctrl Pts',(14.7991396155534,-9.01449337925184,25.1687883941314));
#6711=CARTESIAN_POINT('Ctrl Pts',(14.7787693758396,-8.99553266986776,25.2646591997808));
#6712=CARTESIAN_POINT('Ctrl Pts',(14.701772842808,-8.96044102902189,25.4420407527296));
#6713=CARTESIAN_POINT('Ctrl Pts',(14.6463247136486,-8.94461406728328,25.5220162042645));
#6714=CARTESIAN_POINT('Ctrl Pts',(14.5073045592843,-8.91797308062023,25.6566089941862));
#6715=CARTESIAN_POINT('Ctrl Pts',(14.425063722362,-8.90741349497888,25.7099416945909));
#6716=CARTESIAN_POINT('Ctrl Pts',(14.2443741947308,-8.89301071374713,25.7826793065282));
#6717=CARTESIAN_POINT('Ctrl Pts',(14.1476541278312,-8.88930510145923,25.8013899964018));
#6718=CARTESIAN_POINT('Ctrl Pts',(14.05,-8.88930510145921,25.8013899964018));
#6719=CARTESIAN_POINT('',(14.8,-5.30611752077649,24.3749743714358));
#6720=CARTESIAN_POINT('Origin',(14.05,-6.,39.5));
#6721=CARTESIAN_POINT('',(14.8,-9.03489456753418,53.9344004019548));
#6722=CARTESIAN_POINT('Origin',(14.8,-6.,39.5));
#6723=CARTESIAN_POINT('Ctrl Pts',(14.8,-9.03489456753418,53.9344004019548));
#6724=CARTESIAN_POINT('Ctrl Pts',(14.8,-9.03448561054706,53.9323318785627));
#6725=CARTESIAN_POINT('Ctrl Pts',(14.799991109221,-9.03407665273876,53.9302633648879));
#6726=CARTESIAN_POINT('Ctrl Pts',(14.7991396155534,-9.01449337894513,53.8312116059166));
#6727=CARTESIAN_POINT('Ctrl Pts',(14.7787693758387,-8.99553266986787,53.7353408002171));
#6728=CARTESIAN_POINT('Ctrl Pts',(14.701772842808,-8.96044102902232,53.5579592472703));
#6729=CARTESIAN_POINT('Ctrl Pts',(14.6463247136486,-8.94461406728361,53.4779837957355));
#6730=CARTESIAN_POINT('Ctrl Pts',(14.5073045592844,-8.91797308062061,53.3433910058138));
#6731=CARTESIAN_POINT('Ctrl Pts',(14.4250637223621,-8.90741349497955,53.290058305409));
#6732=CARTESIAN_POINT('Ctrl Pts',(14.2443741947308,-8.89301071374771,53.2173206934716));
#6733=CARTESIAN_POINT('Ctrl Pts',(14.1476541278312,-8.88930510145961,53.1986100035982));
#6734=CARTESIAN_POINT('Ctrl Pts',(14.05,-8.88930510145958,53.1986100035982));
#6735=CARTESIAN_POINT('Origin',(14.05,-5.3061175207765,54.6250256285642));
#6736=CARTESIAN_POINT('',(14.8,3.80187211721426,56.3119614063854));
#6737=CARTESIAN_POINT('',(14.8,-5.3061175207765,54.6250256285642));
#6738=CARTESIAN_POINT('Origin',(14.05,3.80187211721426,56.3119614063854));
#6739=CARTESIAN_POINT('Origin',(14.05,5.03116557776354,49.6748432374923));
#6740=CARTESIAN_POINT('',(14.05,10.3644989110969,52.4235803212374));
#6741=CARTESIAN_POINT('Origin',(14.05,11.0311655777635,52.7671724567055));
#6742=CARTESIAN_POINT('Origin',(14.8,5.03116557776354,49.6748432374923));
#6743=CARTESIAN_POINT('Origin',(14.05,5.03116557776354,49.6748432374923));
#6744=CARTESIAN_POINT('Ctrl Pts',(14.7999998394046,11.0314747485772,52.767343736593));
#6745=CARTESIAN_POINT('Ctrl Pts',(14.7997259114315,11.5483855248606,51.8155185767696));
#6746=CARTESIAN_POINT('Ctrl Pts',(14.778364924417,11.8218000159008,50.7456623316438));
#6747=CARTESIAN_POINT('Ctrl Pts',(14.778364924417,11.8218000159008,49.6748432374923));
#6748=CARTESIAN_POINT('Ctrl Pts',(14.8001055732101,10.8319517027349,52.6645046748215));
#6749=CARTESIAN_POINT('Ctrl Pts',(14.807057902356,11.3285146275451,51.742379370349));
#6750=CARTESIAN_POINT('Ctrl Pts',(14.7909422669074,11.5899978219508,50.7085979649656));
#6751=CARTESIAN_POINT('Ctrl Pts',(14.7909422669074,11.5899978219508,49.6748432374923));
#6752=CARTESIAN_POINT('Ctrl Pts',(14.6117409830396,10.4865104425987,52.4865072935567));
#6753=CARTESIAN_POINT('Ctrl Pts',(14.6226146614817,10.9417621610691,51.6156596202562));
#6754=CARTESIAN_POINT('Ctrl Pts',(14.6104637318045,11.1784511431041,50.6451045420752));
#6755=CARTESIAN_POINT('Ctrl Pts',(14.6104637318045,11.1784511431041,49.6748432374923));
#6756=CARTESIAN_POINT('Ctrl Pts',(14.2183500152382,10.3644391671639,52.4236962387049));
#6757=CARTESIAN_POINT('Ctrl Pts',(14.2214062762046,10.8016507335325,51.5752945533098));
#6758=CARTESIAN_POINT('Ctrl Pts',(14.203573874998,11.0311655777635,50.6250726511644));
#6759=CARTESIAN_POINT('Ctrl Pts',(14.203573874998,11.0311655777635,49.6748432374923));
#6760=CARTESIAN_POINT('Ctrl Pts',(14.0499999447153,10.3644204411168,52.4237325700263));
#6761=CARTESIAN_POINT('Ctrl Pts',(14.0497399629455,10.8005038619777,51.5776657612943));
#6762=CARTESIAN_POINT('Ctrl Pts',(14.0294665051121,11.0311655777635,50.6266824322935));
#6763=CARTESIAN_POINT('Ctrl Pts',(14.0294665051121,11.0311655777635,49.6748432374923));
#6764=CARTESIAN_POINT('Ctrl Pts',(14.0294665051121,11.0311655777635,49.6748432374923));
#6765=CARTESIAN_POINT('Ctrl Pts',(14.0294665051121,11.0311655777635,50.6266253385853));
#6766=CARTESIAN_POINT('Ctrl Pts',(14.0497375309124,10.8005315324872,51.5775516765489));
#6767=CARTESIAN_POINT('Ctrl Pts',(14.0499998977162,10.3644989110397,52.4235803212503));
#6768=CARTESIAN_POINT('Ctrl Pts',(14.778364924417,11.8218000159008,29.3251567625077));
#6769=CARTESIAN_POINT('Ctrl Pts',(14.778364924417,11.8218000159008,28.2543376683683));
#6770=CARTESIAN_POINT('Ctrl Pts',(14.7997259114315,11.5483855248553,27.1844814232205));
#6771=CARTESIAN_POINT('Ctrl Pts',(14.7999998394046,11.0314747485772,26.232656263407));
#6772=CARTESIAN_POINT('Ctrl Pts',(14.7909422669074,11.5899978219508,29.3251567625077));
#6773=CARTESIAN_POINT('Ctrl Pts',(14.7909422669074,11.5899978219508,28.2914020350461));
#6774=CARTESIAN_POINT('Ctrl Pts',(14.8070579023559,11.3285146275399,27.2576206296415));
#6775=CARTESIAN_POINT('Ctrl Pts',(14.8001055732101,10.8319517027349,26.3354953251786));
#6776=CARTESIAN_POINT('Ctrl Pts',(14.6104984602678,11.1784114164502,29.3251567625077));
#6777=CARTESIAN_POINT('Ctrl Pts',(14.6104984602678,11.1784114164502,28.3548954579357));
#6778=CARTESIAN_POINT('Ctrl Pts',(14.6226444107933,10.9417304491935,27.3843567329304));
#6779=CARTESIAN_POINT('Ctrl Pts',(14.6117707323513,10.4864787307279,26.513509059639));
#6780=CARTESIAN_POINT('Ctrl Pts',(14.203573874998,11.0311655777635,29.3251567625077));
#6781=CARTESIAN_POINT('Ctrl Pts',(14.203573874998,11.0311655777635,28.3749273488463));
#6782=CARTESIAN_POINT('Ctrl Pts',(14.2214062762046,10.801650733528,27.4247054466814));
#6783=CARTESIAN_POINT('Ctrl Pts',(14.2183500152382,10.3644391671639,26.5763037612951));
#6784=CARTESIAN_POINT('Ctrl Pts',(14.0294665051121,11.0311655777635,29.3251567625077));
#6785=CARTESIAN_POINT('Ctrl Pts',(14.0294665051121,11.0311655777635,28.3733175677172));
#6786=CARTESIAN_POINT('Ctrl Pts',(14.0497399629455,10.8005038619732,27.4223342386969));
#6787=CARTESIAN_POINT('Ctrl Pts',(14.0499999447153,10.3644204411168,26.5762674299738));
#6788=CARTESIAN_POINT('Ctrl Pts',(14.0499998977162,10.3644989110397,26.5764196787497));
#6789=CARTESIAN_POINT('Ctrl Pts',(14.0497375309124,10.8005315324826,27.4224483234424));
#6790=CARTESIAN_POINT('Ctrl Pts',(14.0294665051121,11.0311655777635,28.3733746614254));
#6791=CARTESIAN_POINT('Ctrl Pts',(14.0294665051121,11.0311655777635,29.3251567625077));
#6792=CARTESIAN_POINT('Origin',(14.8,1.34264430129771,39.5));
#6793=CARTESIAN_POINT('',(14.8,-8.59184936456437,55.5419704797038));
#6794=CARTESIAN_POINT('',(14.8,11.7080030066871,59.3018064710309));
#6795=CARTESIAN_POINT('',(14.8,-8.59184936456269,23.4580295202959));
#6796=CARTESIAN_POINT('Origin',(14.8,-6.,39.5));
#6797=CARTESIAN_POINT('',(14.8,10.6214010909122,19.8994484404069));
#6798=CARTESIAN_POINT('',(14.8,11.7080030066871,19.6981935289691));
#6799=CARTESIAN_POINT('',(14.8,11.9657467085188,27.1577484397428));
#6800=CARTESIAN_POINT('Origin',(7.14999999999997,5.03116557776353,49.6748432374923));
#6801=CARTESIAN_POINT('',(7.14999999999996,11.0311655777635,49.6748432374923));
#6802=CARTESIAN_POINT('Origin',(1.49999999999996,11.0311655777635,39.5));
#6803=CARTESIAN_POINT('',(7.14999999999996,11.0311655777635,29.3251567625077));
#6804=CARTESIAN_POINT('Origin',(7.14999999999997,5.03116557776353,29.3251567625077));
#6805=CARTESIAN_POINT('Origin',(2.24999999999998,26.3505437985113,39.5));
#6806=CARTESIAN_POINT('',(1.49999999999998,26.3505437985113,28.4772961574757));
#6807=CARTESIAN_POINT('',(1.49999999999998,26.3505437985113,39.5));
#6808=CARTESIAN_POINT('Origin',(2.24999999999998,26.3505437985113,28.4772961574757));
#6809=CARTESIAN_POINT('Origin',(2.24999999999998,26.3505437985113,39.5));
#6810=CARTESIAN_POINT('',(1.49999999999998,26.3505437985113,50.5227038425243));
#6811=CARTESIAN_POINT('Origin',(2.24999999999998,26.3505437985113,50.5227038425243));
#6812=CARTESIAN_POINT('',(1.49999999999998,26.3505437985113,39.5));
#6813=CARTESIAN_POINT('Origin',(2.24999999999998,26.3505437985113,50.5227038425243));
#6814=CARTESIAN_POINT('Origin',(2.24999999999998,26.3505437985113,50.5227038425243));
#6815=CARTESIAN_POINT('Origin',(2.24999999999998,26.3505437985113,28.4772961574757));
#6816=CARTESIAN_POINT('Origin',(2.24999999999998,26.3505437985113,28.4772961574757));
#6817=CARTESIAN_POINT('Origin',(1.49999999999999,14.,32.));
#6818=CARTESIAN_POINT('',(1.49999999999998,25.9194939109013,17.0660130571666));
#6819=CARTESIAN_POINT('',(1.49999999999998,27.2638395285079,24.3243130565025));
#6820=CARTESIAN_POINT('',(1.49999999999998,24.1512733432027,15.8680024421702));
#6821=CARTESIAN_POINT('Ctrl Pts',(1.49999999999998,25.9194939109013,17.0660130571666));
#6822=CARTESIAN_POINT('Ctrl Pts',(1.49999999999998,25.8371967254897,16.6216796558483));
#6823=CARTESIAN_POINT('Ctrl Pts',(1.49999999999998,25.3136416733128,15.9260723436245));
#6824=CARTESIAN_POINT('Ctrl Pts',(1.49999999999998,24.4845233941915,15.8062795531115));
#6825=CARTESIAN_POINT('Ctrl Pts',(1.49999999999998,24.1512733432027,15.8680024421702));
#6826=CARTESIAN_POINT('',(1.49999999999999,22.,16.2664504109057));
#6827=CARTESIAN_POINT('',(1.49999999999999,18.2251223591289,16.9656141564068));
#6828=CARTESIAN_POINT('',(1.49999999999999,22.,8.06066017177982));
#6829=CARTESIAN_POINT('',(1.49999999999999,22.,16.));
#6830=CARTESIAN_POINT('',(1.49999999999998,42.4166359859919,28.4772961576533));
#6831=CARTESIAN_POINT('',(1.49999999999998,29.4696699141101,15.5303300858899));
#6832=CARTESIAN_POINT('',(1.49999999999998,39.,28.4772961574757));
#6833=CARTESIAN_POINT('Origin',(2.24999999999998,39.,28.4772961574757));
#6834=CARTESIAN_POINT('',(2.09999999999999,42.4166359861221,29.2121430803107));
#6835=CARTESIAN_POINT('Origin',(2.24999999999999,42.4166359861221,28.4772961574757));
#6836=CARTESIAN_POINT('',(2.09999999999998,39.,29.2121430803107));
#6837=CARTESIAN_POINT('Ctrl Pts',(1.49999999999998,24.1512733432027,15.8680024421702));
#6838=CARTESIAN_POINT('Ctrl Pts',(1.49999999999998,24.4845233941915,15.8062795531115));
#6839=CARTESIAN_POINT('Ctrl Pts',(1.49999999999998,25.3136416733128,15.9260723436245));
#6840=CARTESIAN_POINT('Ctrl Pts',(1.49999999999998,25.8371967254897,16.6216796558483));
#6841=CARTESIAN_POINT('Ctrl Pts',(1.49999999999998,25.9194939109013,17.0660130571666));
#6842=CARTESIAN_POINT('Ctrl Pts',(1.49999999999998,24.1921404257929,16.088649232439));
#6843=CARTESIAN_POINT('Ctrl Pts',(1.50022527793497,24.4757832475408,16.0304339646527));
#6844=CARTESIAN_POINT('Ctrl Pts',(1.50036192177979,25.1912101226101,16.120353707067));
#6845=CARTESIAN_POINT('Ctrl Pts',(1.49999999999998,25.6497456721695,16.7192560671909));
#6846=CARTESIAN_POINT('Ctrl Pts',(1.49999999999998,25.7207868107677,17.1028165813081));
#6847=CARTESIAN_POINT('Ctrl Pts',(1.68837394666972,24.2628872664103,16.4706207927886));
#6848=CARTESIAN_POINT('Ctrl Pts',(1.67858108729937,24.4614475114166,16.4191218893679));
#6849=CARTESIAN_POINT('Ctrl Pts',(1.65869072882491,24.9798207332655,16.4580809172035));
#6850=CARTESIAN_POINT('Ctrl Pts',(1.65100598796399,25.323933222029,16.8882630221485));
#6851=CARTESIAN_POINT('Ctrl Pts',(1.65100598796399,25.3755161117436,17.1667658740025));
#6852=CARTESIAN_POINT('Ctrl Pts',(2.08170039355767,24.287861505486,16.6054600164917));
#6853=CARTESIAN_POINT('Ctrl Pts',(2.0570405132277,24.4580965106073,16.5673180094491));
#6854=CARTESIAN_POINT('Ctrl Pts',(2.00500376491342,24.8914948364533,16.61161108617));
#6855=CARTESIAN_POINT('Ctrl Pts',(1.98361333003025,25.17175952364,16.9675257565215));
#6856=CARTESIAN_POINT('Ctrl Pts',(1.98361333003025,25.2141957954412,17.1966448071235));
#6857=CARTESIAN_POINT('Ctrl Pts',(2.24999999999998,24.287861505486,16.6054600164917));
#6858=CARTESIAN_POINT('Ctrl Pts',(2.22129880055522,24.4594119441686,16.5736863118415));
#6859=CARTESIAN_POINT('Ctrl Pts',(2.15952136972481,24.8841042863768,16.6317058865513));
#6860=CARTESIAN_POINT('Ctrl Pts',(2.13333333333332,25.1498647077199,16.9787718509477));
#6861=CARTESIAN_POINT('Ctrl Pts',(2.13333333333332,25.1910133004256,17.2009385516066));
#6862=CARTESIAN_POINT('',(2.13333333333332,25.1910133004256,17.2009385516066));
#6863=CARTESIAN_POINT('',(2.24999999999998,24.287861505486,16.6054600164917));
#6864=CARTESIAN_POINT('Ctrl Pts',(2.24999999999998,24.287861505486,16.6054600164917));
#6865=CARTESIAN_POINT('Ctrl Pts',(2.22129880055522,24.4594119441686,16.5736863118415));
#6866=CARTESIAN_POINT('Ctrl Pts',(2.15952136972481,24.8841042863768,16.6317058865513));
#6867=CARTESIAN_POINT('Ctrl Pts',(2.13333333333332,25.1498647077199,16.9787718509477));
#6868=CARTESIAN_POINT('Ctrl Pts',(2.13333333333332,25.1910133004256,17.2009385516066));
#6869=CARTESIAN_POINT('Origin',(2.24999999999998,24.1512733432027,15.8680024421702));
#6870=CARTESIAN_POINT('Origin',(2.24999999999998,25.9194939109013,17.0660130571666));
#6871=CARTESIAN_POINT('Origin',(2.24999999999998,27.2638395285079,24.3243130565025));
#6872=CARTESIAN_POINT('',(2.13333333333332,26.5353589180322,24.4592385509426));
#6873=CARTESIAN_POINT('Origin',(13.55,-6.,39.5));
#6874=CARTESIAN_POINT('',(12.8,-8.84846880200219,21.9800477887545));
#6875=CARTESIAN_POINT('',(12.8,-8.84846880200137,57.0199522112457));
#6876=CARTESIAN_POINT('Origin',(12.8,-6.,39.5));
#6877=CARTESIAN_POINT('',(13.55,-8.72006773205571,22.719021734913));
#6878=CARTESIAN_POINT('Ctrl Pts',(13.55,-8.72006773205571,22.719021734913));
#6879=CARTESIAN_POINT('Ctrl Pts',(13.4523446385441,-8.72006773205561,22.7190217349129));
#6880=CARTESIAN_POINT('Ctrl Pts',(13.3556232721092,-8.72333064376093,22.7002285573976));
#6881=CARTESIAN_POINT('Ctrl Pts',(13.1749321729702,-8.73601705365098,22.6271712634633));
#6882=CARTESIAN_POINT('Ctrl Pts',(13.0926908797407,-8.74531951598062,22.5736046675381));
#6883=CARTESIAN_POINT('Ctrl Pts',(12.9536713048808,-8.76880079771679,22.4384247487972));
#6884=CARTESIAN_POINT('Ctrl Pts',(12.8982238448614,-8.78275554249013,22.3581020965094));
#6885=CARTESIAN_POINT('Ctrl Pts',(12.821200996052,-8.81372582778553,22.1798898646983));
#6886=CARTESIAN_POINT('Ctrl Pts',(12.8008304300556,-8.83047511274567,22.0835334842148));
#6887=CARTESIAN_POINT('Ctrl Pts',(12.800008288611,-8.84777128172076,21.9840593493799));
#6888=CARTESIAN_POINT('Ctrl Pts',(12.8,-8.84812004023366,21.9820535730714));
#6889=CARTESIAN_POINT('Ctrl Pts',(12.8,-8.8484688020022,21.9800477887544));
#6890=CARTESIAN_POINT('',(13.55,-8.72006773205571,56.280978265087));
#6891=CARTESIAN_POINT('Origin',(13.55,-6.,39.5));
#6892=CARTESIAN_POINT('Ctrl Pts',(12.8,-8.84846880200138,57.0199522112458));
#6893=CARTESIAN_POINT('Ctrl Pts',(12.8,-8.84812004023294,57.0179464269293));
#6894=CARTESIAN_POINT('Ctrl Pts',(12.8000082886111,-8.84777128173635,57.015940650617));
#6895=CARTESIAN_POINT('Ctrl Pts',(12.8008304300555,-8.83047511255836,56.9164665158314));
#6896=CARTESIAN_POINT('Ctrl Pts',(12.8212009960509,-8.81372582778579,56.820110135304));
#6897=CARTESIAN_POINT('Ctrl Pts',(12.8982238448616,-8.78275554248987,56.6418979034903));
#6898=CARTESIAN_POINT('Ctrl Pts',(12.9536713048809,-8.76880079771594,56.5615752512027));
#6899=CARTESIAN_POINT('Ctrl Pts',(13.0926908797408,-8.74531951597987,56.426395332462));
#6900=CARTESIAN_POINT('Ctrl Pts',(13.1749321729703,-8.73601705365069,56.3728287365368));
#6901=CARTESIAN_POINT('Ctrl Pts',(13.3556232721092,-8.72333064376062,56.2997714426025));
#6902=CARTESIAN_POINT('Ctrl Pts',(13.4523446385441,-8.72006773205561,56.2809782650871));
#6903=CARTESIAN_POINT('Ctrl Pts',(13.55,-8.72006773205571,56.280978265087));
#6904=CARTESIAN_POINT('Ctrl Pts',(1.49999999999998,25.9194939109013,61.9339869428334));
#6905=CARTESIAN_POINT('Ctrl Pts',(1.49999999999998,25.8577701961479,62.2672414518571));
#6906=CARTESIAN_POINT('Ctrl Pts',(1.49999999999998,25.4350354033367,62.9931427727749));
#6907=CARTESIAN_POINT('Ctrl Pts',(1.49999999999998,24.5956126885677,63.2142958441677));
#6908=CARTESIAN_POINT('Ctrl Pts',(1.49999999999998,24.1512733432027,63.1319975578298));
#6909=CARTESIAN_POINT('Ctrl Pts',(1.49999999999998,25.7207868107678,61.8971834186919));
#6910=CARTESIAN_POINT('Ctrl Pts',(1.49999999999998,25.6675052440572,62.1848576525755));
#6911=CARTESIAN_POINT('Ctrl Pts',(1.50016770100211,25.2978355893932,62.8109713646529));
#6912=CARTESIAN_POINT('Ctrl Pts',(1.50030037459816,24.5703359140128,62.9889721629716));
#6913=CARTESIAN_POINT('Ctrl Pts',(1.49999999999998,24.1921404257929,62.911350767561));
#6914=CARTESIAN_POINT('Ctrl Pts',(1.65105288101483,25.3755624581452,61.8332427100436));
#6915=CARTESIAN_POINT('Ctrl Pts',(1.65105288101483,25.3368747733236,62.0421226431778));
#6916=CARTESIAN_POINT('Ctrl Pts',(1.65671136301583,25.0601016325314,62.4948730197811));
#6917=CARTESIAN_POINT('Ctrl Pts',(1.67538011104619,24.5276239289701,62.5981202293771));
#6918=CARTESIAN_POINT('Ctrl Pts',(1.6884374315446,24.262873393989,62.5294541062509));
#6919=CARTESIAN_POINT('Ctrl Pts',(1.98361333003025,25.2141957954412,61.8033551928765));
#6920=CARTESIAN_POINT('Ctrl Pts',(1.98361333003025,25.1823681658233,61.9751967796));
#6921=CARTESIAN_POINT('Ctrl Pts',(1.99925622453081,24.956849460529,62.3483228007393));
#6922=CARTESIAN_POINT('Ctrl Pts',(2.04882011326939,24.514844548728,62.4453966732221));
#6923=CARTESIAN_POINT('Ctrl Pts',(2.08170039355768,24.287861505486,62.3945399835083));
#6924=CARTESIAN_POINT('Ctrl Pts',(2.13333333333332,25.1910133004256,61.7990614483934));
#6925=CARTESIAN_POINT('Ctrl Pts',(2.13333333333332,25.1601514430488,61.965688702906));
#6926=CARTESIAN_POINT('Ctrl Pts',(2.15243648913237,24.9458739132828,62.3281003631809));
#6927=CARTESIAN_POINT('Ctrl Pts',(2.21173122214193,24.5165984836058,62.4369054897767));
#6928=CARTESIAN_POINT('Ctrl Pts',(2.24999999999999,24.287861505486,62.3945399835083));
#6929=CARTESIAN_POINT('',(1.49999999999998,24.1512733432027,63.1319975578298));
#6930=CARTESIAN_POINT('',(1.49999999999998,25.9194939109013,61.9339869428334));
#6931=CARTESIAN_POINT('Ctrl Pts',(1.49999999999998,24.1512733432027,63.1319975578298));
#6932=CARTESIAN_POINT('Ctrl Pts',(1.49999999999998,24.5956126885677,63.2142958441677));
#6933=CARTESIAN_POINT('Ctrl Pts',(1.49999999999998,25.4350354033367,62.9931427727749));
#6934=CARTESIAN_POINT('Ctrl Pts',(1.49999999999998,25.8577701961479,62.2672414518571));
#6935=CARTESIAN_POINT('Ctrl Pts',(1.49999999999998,25.9194939109013,61.9339869428334));
#6936=CARTESIAN_POINT('',(2.24999999999999,24.287861505486,62.3945399835083));
#6937=CARTESIAN_POINT('Origin',(2.24999999999999,24.1512733432027,63.1319975578298));
#6938=CARTESIAN_POINT('Ctrl Pts',(2.13333333333332,25.1910133004256,61.7990614483934));
#6939=CARTESIAN_POINT('Ctrl Pts',(2.13333333333332,25.1601514430488,61.965688702906));
#6940=CARTESIAN_POINT('Ctrl Pts',(2.15243648913237,24.9458739132828,62.3281003631809));
#6941=CARTESIAN_POINT('Ctrl Pts',(2.21173122214193,24.5165984836058,62.4369054897767));
#6942=CARTESIAN_POINT('Ctrl Pts',(2.24999999999999,24.287861505486,62.3945399835083));
#6943=CARTESIAN_POINT('Origin',(2.24999999999998,25.9194939109013,61.9339869428334));
#6944=CARTESIAN_POINT('Origin',(2.24999999999998,27.2638395285079,54.6756869434975));
#6945=CARTESIAN_POINT('',(1.49999999999998,27.2638395285079,54.6756869434975));
#6946=CARTESIAN_POINT('Origin',(-0.200000000000018,10.6214010909122,59.1005515595931));
#6947=CARTESIAN_POINT('',(14.05,10.4848129286289,59.8380091339146));
#6948=CARTESIAN_POINT('Origin',(14.05,10.6214010909122,59.1005515595931));
#6949=CARTESIAN_POINT('Origin',(-0.200000000000018,10.4848129286289,59.8380091339146));
#6950=CARTESIAN_POINT('Origin',(14.05,11.7080030066871,59.3018064710309));
#6951=CARTESIAN_POINT('',(14.05,-8.72006773205571,56.280978265087));
#6952=CARTESIAN_POINT('',(14.05,11.5714148444038,60.0392640453523));
#6953=CARTESIAN_POINT('Ctrl Pts',(14.8,-8.59184936456438,55.5419704797038));
#6954=CARTESIAN_POINT('Ctrl Pts',(14.8,-8.59220295637519,55.5440100324831));
#6955=CARTESIAN_POINT('Ctrl Pts',(14.7999914315237,-8.59255654891983,55.5460495761306));
#6956=CARTESIAN_POINT('Ctrl Pts',(14.7991555271349,-8.60980385907165,55.6455324837482));
#6957=CARTESIAN_POINT('Ctrl Pts',(14.7787854500654,-8.62650965214336,55.7418605419371));
#6958=CARTESIAN_POINT('Ctrl Pts',(14.7017758177446,-8.65742094395703,55.920051536594));
#6959=CARTESIAN_POINT('Ctrl Pts',(14.6463284394784,-8.67135951859577,56.0003769889865));
#6960=CARTESIAN_POINT('Ctrl Pts',(14.5073089733178,-8.69482150612065,56.1355602593362));
#6961=CARTESIAN_POINT('Ctrl Pts',(14.4250677623706,-8.70412078962175,56.1891273799687));
#6962=CARTESIAN_POINT('Ctrl Pts',(14.2443767337066,-8.71680449189548,56.2621851459757));
#6963=CARTESIAN_POINT('Ctrl Pts',(14.1476553591695,-8.72006773205543,56.2809782650871));
#6964=CARTESIAN_POINT('Ctrl Pts',(14.05,-8.72006773205531,56.2809782650871));
#6965=CARTESIAN_POINT('Origin',(13.55,-5.31973255142189,57.6735268932773));
#6966=CARTESIAN_POINT('',(12.8,11.,60.6961852207125));
#6967=CARTESIAN_POINT('',(12.8,-5.31973255142189,57.6735268932773));
#6968=CARTESIAN_POINT('',(13.55,11.1365881622833,59.958727646391));
#6969=CARTESIAN_POINT('',(13.55,-5.18314438913864,56.9360693189559));
#6970=CARTESIAN_POINT('Origin',(13.55,11.,60.6961852207125));
#6971=CARTESIAN_POINT('Ctrl Pts',(13.55,11.1365881622833,59.958727646391));
#6972=CARTESIAN_POINT('Ctrl Pts',(13.55,11.9780861944948,60.1145856561084));
#6973=CARTESIAN_POINT('Ctrl Pts',(12.8645098185305,13.944862140462,60.4788619500088));
#6974=CARTESIAN_POINT('Ctrl Pts',(10.921997376282,14.8865881622833,60.6532836810666));
#6975=CARTESIAN_POINT('Ctrl Pts',(9.79999999999998,14.8865881622833,60.6532836810666));
#6976=CARTESIAN_POINT('Ctrl Pts',(13.4378002623718,11.1365881622833,59.958727646391));
#6977=CARTESIAN_POINT('Ctrl Pts',(13.4348760414578,11.9537347930998,60.1100646719336));
#6978=CARTESIAN_POINT('Ctrl Pts',(12.7621430224913,13.8580602341545,60.462772083885));
#6979=CARTESIAN_POINT('Ctrl Pts',(10.883852778797,14.7634021313184,60.6304677874148));
#6980=CARTESIAN_POINT('Ctrl Pts',(9.79999999999998,14.7634021313184,60.6304677874148));
#6981=CARTESIAN_POINT('Ctrl Pts',(13.2138233223792,11.1272390482264,60.0092047511356));
#6982=CARTESIAN_POINT('Ctrl Pts',(13.2050863001299,11.8952536185221,60.1542059853637));
#6983=CARTESIAN_POINT('Ctrl Pts',(12.5579006507571,13.6737712877112,60.4903816264683));
#6984=CARTESIAN_POINT('Ctrl Pts',(10.8077180968759,14.50600900216,60.6481116574781));
#6985=CARTESIAN_POINT('Ctrl Pts',(9.79999999999998,14.50600900216,60.6481116574781));
#6986=CARTESIAN_POINT('Ctrl Pts',(12.898395491665,11.0815440041817,60.2559183445862));
#6987=CARTESIAN_POINT('Ctrl Pts',(12.8854164162187,11.7789261016498,60.400422313014));
#6988=CARTESIAN_POINT('Ctrl Pts',(12.2849063403892,13.3839573597374,60.7349997115036));
#6989=CARTESIAN_POINT('Ctrl Pts',(10.7069828918634,14.1238418678285,60.8914175312089));
#6990=CARTESIAN_POINT('Ctrl Pts',(9.79999999999998,14.1238418678285,60.8914175312089));
#6991=CARTESIAN_POINT('Ctrl Pts',(12.8,11.0306503119426,60.5307001280109));
#6992=CARTESIAN_POINT('Ctrl Pts',(12.793027113797,11.7044637958423,60.6822252789455));
#6993=CARTESIAN_POINT('Ctrl Pts',(12.226685234799,13.2664874210174,61.0352186321017));
#6994=CARTESIAN_POINT('Ctrl Pts',(10.6867763847337,14.,61.2028195502472));
#6995=CARTESIAN_POINT('Ctrl Pts',(9.79999999999998,14.,61.2028195502472));
#6996=CARTESIAN_POINT('Ctrl Pts',(12.8,11.,60.6961852207125));
#6997=CARTESIAN_POINT('Ctrl Pts',(12.8,11.6731984257693,60.8520432304299));
#6998=CARTESIAN_POINT('Ctrl Pts',(12.2516078548244,13.246619182543,61.2163195243302));
#6999=CARTESIAN_POINT('Ctrl Pts',(10.6975979010256,14.,61.3907412553881));
#7000=CARTESIAN_POINT('Ctrl Pts',(9.79999999999998,14.,61.3907412553881));
#7001=CARTESIAN_POINT('',(9.79999999999998,14.,61.3907412553881));
#7002=CARTESIAN_POINT('',(9.79999999999998,14.8865881622833,60.6532836810666));
#7003=CARTESIAN_POINT('Origin',(9.79999999999998,14.75,61.3907412553881));
#7004=CARTESIAN_POINT('Origin',(9.79999999999998,11.,60.6961852207125));
#7005=CARTESIAN_POINT('Origin',(9.79999999999998,11.1365881622833,59.958727646391));
#7006=CARTESIAN_POINT('Origin',(12.8,14.75,61.3907412553881));
#7007=CARTESIAN_POINT('',(9.49999999999999,14.,61.3907412553881));
#7008=CARTESIAN_POINT('',(9.49999999999999,14.8865881622833,60.6532836810666));
#7009=CARTESIAN_POINT('Origin',(9.49999999999999,14.75,61.3907412553881));
#7010=CARTESIAN_POINT('',(12.8,14.,61.3907412553881));
#7011=CARTESIAN_POINT('',(12.8,14.8865881622833,60.6532836810666));
#7012=CARTESIAN_POINT('Ctrl Pts',(9.49999999999999,14.8865881622833,60.6532836810666));
#7013=CARTESIAN_POINT('Ctrl Pts',(7.87310380439099,14.8865881622833,60.6532836810666));
#7014=CARTESIAN_POINT('Ctrl Pts',(5.17141164422644,15.8370374182869,60.8293210854427));
#7015=CARTESIAN_POINT('Ctrl Pts',(2.74603323364223,18.8865526022576,61.3941368651392));
#7016=CARTESIAN_POINT('Ctrl Pts',(2.24999999999999,21.0519906985439,61.7952083578037));
#7017=CARTESIAN_POINT('Ctrl Pts',(2.24999999999999,22.1365881622833,61.9960920147728));
#7018=CARTESIAN_POINT('Ctrl Pts',(9.49999999999999,14.7634021313184,60.6304677874148));
#7019=CARTESIAN_POINT('Ctrl Pts',(7.84449535627717,14.7634021313184,60.6304677874148));
#7020=CARTESIAN_POINT('Ctrl Pts',(5.09577983629155,15.7327336035003,60.8099842170131));
#7021=CARTESIAN_POINT('Ctrl Pts',(2.63541345351292,18.8361714286842,61.3848059471317));
#7022=CARTESIAN_POINT('Ctrl Pts',(2.13585078176244,21.0357564309472,61.7921943683539));
#7023=CARTESIAN_POINT('Ctrl Pts',(2.13780026237178,22.1365881622833,61.9960920147728));
#7024=CARTESIAN_POINT('Ctrl Pts',(9.49999999999999,14.5060088848974,60.6481115762865));
#7025=CARTESIAN_POINT('Ctrl Pts',(7.78739434483639,14.5060088848974,60.6481115762865));
#7026=CARTESIAN_POINT('Ctrl Pts',(4.94489922410319,15.5132353531631,60.832798573333));
#7027=CARTESIAN_POINT('Ctrl Pts',(2.4146274713502,18.7252853604727,61.4220851025724));
#7028=CARTESIAN_POINT('Ctrl Pts',(1.90799855986312,20.9936526189438,61.8384475632664));
#7029=CARTESIAN_POINT('Ctrl Pts',(1.91382324136264,22.1272390572937,62.0465690705616));
#7030=CARTESIAN_POINT('Ctrl Pts',(9.49999999999999,14.123841620417,60.8914174150014));
#7031=CARTESIAN_POINT('Ctrl Pts',(7.71184294107699,14.123841620417,60.8914174150014));
#7032=CARTESIAN_POINT('Ctrl Pts',(4.74427909718841,15.1792116487189,61.0767945916549));
#7033=CARTESIAN_POINT('Ctrl Pts',(2.11206346641321,18.5357019533197,61.6676558342851));
#7034=CARTESIAN_POINT('Ctrl Pts',(1.58974260990283,20.9008692633048,62.0848296266165));
#7035=CARTESIAN_POINT('Ctrl Pts',(1.59839532686703,22.0815440168731,62.2932826444453));
#7036=CARTESIAN_POINT('Ctrl Pts',(9.49999999999999,14.,61.2028195502472));
#7037=CARTESIAN_POINT('Ctrl Pts',(7.69668806072972,14.,61.2028195502472));
#7038=CARTESIAN_POINT('Ctrl Pts',(4.70364619474668,15.0585958089021,61.3823620969665));
#7039=CARTESIAN_POINT('Ctrl Pts',(2.03281113818823,18.4418842122474,61.9571325881629));
#7040=CARTESIAN_POINT('Ctrl Pts',(1.495351409198,20.8342631493287,62.3642922669017));
#7041=CARTESIAN_POINT('Ctrl Pts',(1.49999999999999,22.0306503119426,62.5680644963927));
#7042=CARTESIAN_POINT('Ctrl Pts',(9.49999999999999,14.,61.3907412553881));
#7043=CARTESIAN_POINT('Ctrl Pts',(7.70480419794868,14.,61.3907412553881));
#7044=CARTESIAN_POINT('Ctrl Pts',(4.72362664190504,15.0487715928316,61.5667786597642));
#7045=CARTESIAN_POINT('Ctrl Pts',(2.04734701643281,18.4137538647993,62.1315944394606));
#7046=CARTESIAN_POINT('Ctrl Pts',(1.49999999999999,20.8032027986325,62.5326659321252));
#7047=CARTESIAN_POINT('Ctrl Pts',(1.49999999999999,22.,62.7335495890943));
#7048=CARTESIAN_POINT('',(1.49999999999999,22.,62.7335495890943));
#7049=CARTESIAN_POINT('',(2.24999999999999,22.1365881622833,61.9960920147728));
#7050=CARTESIAN_POINT('Origin',(2.24999999999999,22.,62.7335495890943));
#7051=CARTESIAN_POINT('Origin',(9.49999999999999,22.,62.7335495890943));
#7052=CARTESIAN_POINT('Origin',(9.49999999999999,22.1365881622833,61.9960920147728));
#7053=CARTESIAN_POINT('Origin',(2.24999999999999,18.2251223591289,62.0343858435932));
#7054=CARTESIAN_POINT('',(1.49999999999999,18.2251223591289,62.0343858435932));
#7055=CARTESIAN_POINT('',(2.24999999999999,18.3617105214122,61.2969282692717));
#7056=CARTESIAN_POINT('Origin',(14.05,-6.,39.5));
#7057=CARTESIAN_POINT('',(14.05,-8.72006773205571,22.719021734913));
#7058=CARTESIAN_POINT('Origin',(14.05,-6.,39.5));
#7059=CARTESIAN_POINT('Ctrl Pts',(14.8,-8.59184936456268,23.4580295202959));
#7060=CARTESIAN_POINT('Ctrl Pts',(14.8,-8.59220295637348,23.4559899675168));
#7061=CARTESIAN_POINT('Ctrl Pts',(14.7999914315237,-8.59255654892052,23.4539504238695));
#7062=CARTESIAN_POINT('Ctrl Pts',(14.7991555271349,-8.60980385904638,23.3544675162482));
#7063=CARTESIAN_POINT('Ctrl Pts',(14.7787854500655,-8.62650965214366,23.2581394580632));
#7064=CARTESIAN_POINT('Ctrl Pts',(14.7017758177447,-8.65742094395685,23.079948463406));
#7065=CARTESIAN_POINT('Ctrl Pts',(14.6463284394784,-8.67135951859605,22.9996230110135));
#7066=CARTESIAN_POINT('Ctrl Pts',(14.5073089733178,-8.69482150612086,22.8644397406639));
#7067=CARTESIAN_POINT('Ctrl Pts',(14.4250677623706,-8.70412078962215,22.8108726200314));
#7068=CARTESIAN_POINT('Ctrl Pts',(14.2443767337066,-8.71680449189613,22.7378148540244));
#7069=CARTESIAN_POINT('Ctrl Pts',(14.1476553591695,-8.72006773205546,22.7190217349129));
#7070=CARTESIAN_POINT('Ctrl Pts',(14.05,-8.72006773205556,22.7190217349129));
#7071=CARTESIAN_POINT('Origin',(13.55,1.75360968167694,20.0163844311695));
#7072=CARTESIAN_POINT('',(13.55,11.1365881622833,19.041272353609));
#7073=CARTESIAN_POINT('',(13.55,1.89019784396019,20.7538420054909));
#7074=CARTESIAN_POINT('',(12.8,11.,18.3038147792875));
#7075=CARTESIAN_POINT('',(12.8,1.75360968167694,20.0163844311695));
#7076=CARTESIAN_POINT('Origin',(13.55,11.,18.3038147792875));
#7077=CARTESIAN_POINT('Ctrl Pts',(12.8,11.,18.3038147792875));
#7078=CARTESIAN_POINT('Ctrl Pts',(12.8,11.6731984257693,18.1479567695701));
#7079=CARTESIAN_POINT('Ctrl Pts',(12.2520824039119,13.2470146865968,17.783588909094));
#7080=CARTESIAN_POINT('Ctrl Pts',(10.6975979010256,14.,17.6092587446119));
#7081=CARTESIAN_POINT('Ctrl Pts',(9.79999999999998,14.,17.6092587446119));
#7082=CARTESIAN_POINT('Ctrl Pts',(12.8,11.0204335412951,18.4141381744219));
#7083=CARTESIAN_POINT('Ctrl Pts',(12.7954021244758,11.6941371597209,18.2611554831872));
#7084=CARTESIAN_POINT('Ctrl Pts',(12.2356206346652,13.2603913906834,17.9043062511021));
#7085=CARTESIAN_POINT('Ctrl Pts',(10.6905988347985,14.,17.7345398813725));
#7086=CARTESIAN_POINT('Ctrl Pts',(9.79999999999998,14.,17.7345398813725));
#7087=CARTESIAN_POINT('Ctrl Pts',(12.8513244700247,11.0612269013295,18.6343869268505));
#7088=CARTESIAN_POINT('Ctrl Pts',(12.8402830462187,11.7475118082547,18.4871198281128));
#7089=CARTESIAN_POINT('Ctrl Pts',(12.254089767625,13.3307961563646,18.1451775207608));
#7090=CARTESIAN_POINT('Ctrl Pts',(10.6959680244442,14.0642114434568,17.9844437732703));
#7091=CARTESIAN_POINT('Ctrl Pts',(9.79999999999998,14.0642114434568,17.9844437732703));
#7092=CARTESIAN_POINT('Ctrl Pts',(13.1022297118498,11.1186753677569,18.9445588040603));
#7093=CARTESIAN_POINT('Ctrl Pts',(13.0906825649174,11.8620495704072,18.8014628176703));
#7094=CARTESIAN_POINT('Ctrl Pts',(12.4569281418385,13.5778838312474,18.4703314843643));
#7095=CARTESIAN_POINT('Ctrl Pts',(10.7700354883141,14.3730456718257,18.3159405848833));
#7096=CARTESIAN_POINT('Ctrl Pts',(9.79999999999998,14.3730456718257,18.3159405848833));
#7097=CARTESIAN_POINT('Ctrl Pts',(13.3817003935577,11.1365881622833,19.041272353609));
#7098=CARTESIAN_POINT('Ctrl Pts',(13.3772938429977,11.9415420828119,18.8922706208853));
#7099=CARTESIAN_POINT('Ctrl Pts',(12.7114710052416,13.815132760612,18.5452400462133));
#7100=CARTESIAN_POINT('Ctrl Pts',(10.8647021377142,14.7018091158359,18.3809401594111));
#7101=CARTESIAN_POINT('Ctrl Pts',(9.79999999999998,14.7018091158359,18.3809401594111));
#7102=CARTESIAN_POINT('Ctrl Pts',(13.55,11.1365881622833,19.041272353609));
#7103=CARTESIAN_POINT('Ctrl Pts',(13.55,11.9780861944948,18.8854143438916));
#7104=CARTESIAN_POINT('Ctrl Pts',(12.8651030048899,13.9453565205292,18.5210464834155));
#7105=CARTESIAN_POINT('Ctrl Pts',(10.921997376282,14.8865881622833,18.3467163189334));
#7106=CARTESIAN_POINT('Ctrl Pts',(9.79999999999998,14.8865881622833,18.3467163189334));
#7107=CARTESIAN_POINT('',(9.79999999999998,14.8865881622833,18.3467163189334));
#7108=CARTESIAN_POINT('',(9.79999999999998,14.,17.6092587446119));
#7109=CARTESIAN_POINT('Origin',(9.79999999999998,14.75,17.6092587446119));
#7110=CARTESIAN_POINT('Origin',(9.79999999999998,11.1365881622833,19.041272353609));
#7111=CARTESIAN_POINT('Origin',(9.79999999999998,11.,18.3038147792875));
#7112=CARTESIAN_POINT('Origin',(12.8,14.75,17.6092587446119));
#7113=CARTESIAN_POINT('',(9.49999999999999,14.8865881622833,18.3467163189334));
#7114=CARTESIAN_POINT('',(9.49999999999999,14.,17.6092587446119));
#7115=CARTESIAN_POINT('Origin',(9.49999999999999,14.75,17.6092587446119));
#7116=CARTESIAN_POINT('',(12.8,14.8865881622833,18.3467163189334));
#7117=CARTESIAN_POINT('',(12.8,14.,17.6092587446119));
#7118=CARTESIAN_POINT('Ctrl Pts',(9.49999999999999,14.,17.6092587446119));
#7119=CARTESIAN_POINT('Ctrl Pts',(7.70480419794868,14.,17.6092587446119));
#7120=CARTESIAN_POINT('Ctrl Pts',(4.72332835993595,15.0480027625096,17.4333503892063));
#7121=CARTESIAN_POINT('Ctrl Pts',(2.04712529804381,18.4134532341799,16.868456021702));
#7122=CARTESIAN_POINT('Ctrl Pts',(1.49999999999998,20.8032027986325,16.4673340678748));
#7123=CARTESIAN_POINT('Ctrl Pts',(1.49999999999998,22.,16.2664504109057));
#7124=CARTESIAN_POINT('Ctrl Pts',(9.49999999999999,14.,17.7345398813725));
#7125=CARTESIAN_POINT('Ctrl Pts',(7.69955489827833,14.,17.7345398813725));
#7126=CARTESIAN_POINT('Ctrl Pts',(4.71008955725477,15.0547588032996,17.5562702617405));
#7127=CARTESIAN_POINT('Ctrl Pts',(2.0376192362028,18.4321469226301,16.984768398838));
#7128=CARTESIAN_POINT('Ctrl Pts',(1.49693474965054,20.8239731350319,16.5795743419977));
#7129=CARTESIAN_POINT('Ctrl Pts',(1.49999999999998,22.0204335412951,16.3767738060401));
#7130=CARTESIAN_POINT('Ctrl Pts',(9.49999999999999,14.0642102482738,17.9844462685018));
#7131=CARTESIAN_POINT('Ctrl Pts',(7.70358179051257,14.0642102482738,17.9844462685018));
#7132=CARTESIAN_POINT('Ctrl Pts',(4.72173734919312,15.1219608104787,17.8015163434709));
#7133=CARTESIAN_POINT('Ctrl Pts',(2.07203784058691,18.4941291236113,17.2168935183198));
#7134=CARTESIAN_POINT('Ctrl Pts',(1.54396251917527,20.8731543037108,16.8036350172612));
#7135=CARTESIAN_POINT('Ctrl Pts',(1.55132346837922,22.0612271843077,16.5970240863057));
#7136=CARTESIAN_POINT('Ctrl Pts',(9.49999999999999,14.3730443144138,18.3159459755832));
#7137=CARTESIAN_POINT('Ctrl Pts',(7.75913238841502,14.3730443144138,18.3159459755832));
#7138=CARTESIAN_POINT('Ctrl Pts',(4.8696373749532,15.398583660432,18.1296902176271));
#7139=CARTESIAN_POINT('Ctrl Pts',(2.30463910066307,18.6653495946506,17.535784690114));
#7140=CARTESIAN_POINT('Ctrl Pts',(1.79453022714981,20.9686626294885,17.116589411632));
#7141=CARTESIAN_POINT('Ctrl Pts',(1.80222832510479,22.118675979602,16.9071977391113));
#7142=CARTESIAN_POINT('Ctrl Pts',(9.49999999999999,14.7018091158359,18.3809401594111));
#7143=CARTESIAN_POINT('Ctrl Pts',(7.83013237546508,14.7018091158359,18.3809401594111));
#7144=CARTESIAN_POINT('Ctrl Pts',(5.05765776977723,15.6798128257784,18.1999295095465));
#7145=CARTESIAN_POINT('Ctrl Pts',(2.57984693246582,18.8107249144846,17.6198857021804));
#7146=CARTESIAN_POINT('Ctrl Pts',(2.07876269318436,21.027627957422,17.2093624935254));
#7147=CARTESIAN_POINT('Ctrl Pts',(2.08170039355767,22.1365881622833,17.0039079852272));
#7148=CARTESIAN_POINT('Ctrl Pts',(9.49999999999999,14.8865881622833,18.3467163189334));
#7149=CARTESIAN_POINT('Ctrl Pts',(7.87310380439099,14.8865881622833,18.3467163189334));
#7150=CARTESIAN_POINT('Ctrl Pts',(5.17114132619195,15.8363406658076,18.1708079635277));
#7151=CARTESIAN_POINT('Ctrl Pts',(2.7458323013522,18.8862801557588,17.6059135960235));
#7152=CARTESIAN_POINT('Ctrl Pts',(2.24999999999999,21.0519906985439,17.2047916421963));
#7153=CARTESIAN_POINT('Ctrl Pts',(2.24999999999999,22.1365881622833,17.0039079852272));
#7154=CARTESIAN_POINT('',(2.24999999999999,22.1365881622833,17.0039079852272));
#7155=CARTESIAN_POINT('Origin',(2.24999999999999,22.,16.2664504109057));
#7156=CARTESIAN_POINT('Origin',(9.49999999999999,22.1365881622833,17.0039079852272));
#7157=CARTESIAN_POINT('Origin',(9.49999999999999,22.,16.2664504109057));
#7158=CARTESIAN_POINT('Origin',(2.24999999999999,18.2251223591289,16.9656141564068));
#7159=CARTESIAN_POINT('',(2.24999999999999,18.3617105214122,17.7030717307283));
#7160=CARTESIAN_POINT('Origin',(-0.200000000000018,10.6214010909122,19.8994484404069));
#7161=CARTESIAN_POINT('',(14.05,10.4848129286289,19.1619908660854));
#7162=CARTESIAN_POINT('Origin',(14.05,10.6214010909122,19.8994484404069));
#7163=CARTESIAN_POINT('Origin',(-0.200000000000018,10.4848129286289,19.1619908660854));
#7164=CARTESIAN_POINT('Origin',(-0.200000000000018,10.6214010909122,19.8994484404069));
#7165=CARTESIAN_POINT('Origin',(14.05,11.7080030066871,19.6981935289691));
#7166=CARTESIAN_POINT('',(14.05,11.5714148444038,18.9607359546477));
#7167=CARTESIAN_POINT('Origin',(9.49999999999999,22.,16.));
#7168=CARTESIAN_POINT('',(9.49999999999999,14.,0.75));
#7169=CARTESIAN_POINT('',(9.49999999999999,14.,16.));
#7170=CARTESIAN_POINT('',(5.104129706287,15.3159787612943,0.750011941945417));
#7171=CARTESIAN_POINT('Origin',(9.49999999999999,22.,0.75));
#7172=CARTESIAN_POINT('Origin',(9.49999999999999,22.,8.06066017177982));
#7173=CARTESIAN_POINT('Origin',(-0.200000000000019,11.9657467085188,27.1577484397428));
#7174=CARTESIAN_POINT('Origin',(12.8,25.1389359534695,62.552171688523));
#7175=CARTESIAN_POINT('',(12.8,-8.72006773205571,56.280978265087));
#7176=CARTESIAN_POINT('Origin',(12.8,-6.,39.5));
#7177=CARTESIAN_POINT('',(12.8,-8.72006773205571,22.719021734913));
#7178=CARTESIAN_POINT('Origin',(1.49999999999999,14.,47.));
#7179=CARTESIAN_POINT('',(1.49999999999998,42.4166359859919,50.5227038423467));
#7180=CARTESIAN_POINT('',(1.49999999999998,39.,50.5227038425243));
#7181=CARTESIAN_POINT('',(1.49999999999999,22.,70.9393398282202));
#7182=CARTESIAN_POINT('',(1.49999999999998,29.4696699141101,63.4696699141101));
#7183=CARTESIAN_POINT('',(1.49999999999999,22.,63.));
#7184=CARTESIAN_POINT('Origin',(2.24999999999998,39.,50.5227038425243));
#7185=CARTESIAN_POINT('',(2.09999999999999,42.4166359861221,49.7878569196893));
#7186=CARTESIAN_POINT('',(2.09999999999998,39.,49.7878569196893));
#7187=CARTESIAN_POINT('Origin',(2.24999999999999,42.4166359861221,50.5227038425243));
#7188=CARTESIAN_POINT('Origin',(9.49999999999999,22.,63.));
#7189=CARTESIAN_POINT('',(5.10413039464208,15.3159791913021,78.2499875877335));
#7190=CARTESIAN_POINT('Origin',(9.49999999999999,22.,70.9393398282202));
#7191=CARTESIAN_POINT('',(9.49999999999999,14.,78.25));
#7192=CARTESIAN_POINT('Origin',(9.49999999999999,22.,78.25));
#7193=CARTESIAN_POINT('',(9.49999999999999,14.,63.));
#7194=CARTESIAN_POINT('Origin',(12.8,14.,79.));
#7195=CARTESIAN_POINT('',(9.79999999999998,14.,78.25));
#7196=CARTESIAN_POINT('',(6.34999999999999,14.,78.25));
#7197=CARTESIAN_POINT('',(9.79999999999998,14.,79.));
#7198=CARTESIAN_POINT('Origin',(9.79999999999998,11.,79.));
#7199=CARTESIAN_POINT('',(12.8,11.,78.25));
#7200=CARTESIAN_POINT('Origin',(9.79999999999998,11.,78.25));
#7201=CARTESIAN_POINT('',(12.8,11.,79.));
#7202=CARTESIAN_POINT('Ctrl Pts',(1.06951527140312,44.,50.));
#7203=CARTESIAN_POINT('Ctrl Pts',(0.943387082863887,44.,50.0325704162281));
#7204=CARTESIAN_POINT('Ctrl Pts',(0.838218716454316,44.,50.0509752894127));
#7205=CARTESIAN_POINT('Ctrl Pts',(0.727642218029268,44.,50.0546635086182));
#7206=CARTESIAN_POINT('Ctrl Pts',(1.09689777441624,44.0826788574291,49.9612593159063));
#7207=CARTESIAN_POINT('Ctrl Pts',(0.963355605588728,44.1000948875081,49.9821089449926));
#7208=CARTESIAN_POINT('Ctrl Pts',(0.841438919762179,44.1067278335933,49.9959792688675));
#7209=CARTESIAN_POINT('Ctrl Pts',(0.717266081248611,44.1037062113663,50.0030739246591));
#7210=CARTESIAN_POINT('Ctrl Pts',(1.12858177925454,44.171723540354,49.9392267480352));
#7211=CARTESIAN_POINT('Ctrl Pts',(0.988504286543239,44.2104187379881,49.9543160154751));
#7212=CARTESIAN_POINT('Ctrl Pts',(0.847608822513638,44.2267445295876,49.9666521614459));
#7213=CARTESIAN_POINT('Ctrl Pts',(0.707718504494271,44.2196522997539,49.9761249686928));
#7214=CARTESIAN_POINT('Ctrl Pts',(1.16231327707075,44.2607993854597,49.9354696993449));
#7215=CARTESIAN_POINT('Ctrl Pts',(1.01622173744858,44.3208086852682,49.9517415242902));
#7216=CARTESIAN_POINT('Ctrl Pts',(0.85612897757358,44.3468649465772,49.9662088768558));
#7217=CARTESIAN_POINT('Ctrl Pts',(0.699999999999513,44.335688011458,49.9766406829671));
#7218=CARTESIAN_POINT('',(1.06951527140312,44.,50.));
#7219=CARTESIAN_POINT('',(1.16231327707075,44.2607993854597,49.9354696993449));
#7220=CARTESIAN_POINT('Origin',(1.24533565400437,44.2607993854597,50.6808603921552));
#7221=CARTESIAN_POINT('Ctrl Pts',(1.16231327707075,44.2607993854597,49.9354696993449));
#7222=CARTESIAN_POINT('Ctrl Pts',(1.01622173744858,44.3208086852682,49.9517415242902));
#7223=CARTESIAN_POINT('Ctrl Pts',(0.85612897757358,44.3468649465772,49.9662088768558));
#7224=CARTESIAN_POINT('Ctrl Pts',(0.699999999999513,44.335688011458,49.9766406829671));
#7225=CARTESIAN_POINT('Ctrl Pts',(0.727642218029268,44.,50.0546635086182));
#7226=CARTESIAN_POINT('Ctrl Pts',(0.838218716454312,44.,50.0509752894127));
#7227=CARTESIAN_POINT('Ctrl Pts',(0.943387082863881,44.,50.0325704162281));
#7228=CARTESIAN_POINT('Ctrl Pts',(1.06951527140311,44.,50.));
#7229=CARTESIAN_POINT('Ctrl Pts',(1.54816981512705,44.,49.8852380918075));
#7230=CARTESIAN_POINT('Ctrl Pts',(1.54739513288197,44.,49.8853535768506));
#7231=CARTESIAN_POINT('Ctrl Pts',(1.54662046851641,44.,49.8854675860372));
#7232=CARTESIAN_POINT('Ctrl Pts',(1.3345289523007,44.0000000000014,49.9181701898698));
#7233=CARTESIAN_POINT('Ctrl Pts',(1.19228630779889,44.,49.9682965100626));
#7234=CARTESIAN_POINT('Ctrl Pts',(1.06951527140312,44.,50.));
#7235=CARTESIAN_POINT('Ctrl Pts',(1.54816981512705,44.,49.8852380918075));
#7236=CARTESIAN_POINT('Ctrl Pts',(1.54751049494557,44.0001413217956,49.8853043251144));
#7237=CARTESIAN_POINT('Ctrl Pts',(1.54687177119582,44.0002635289237,49.8854608487502));
#7238=CARTESIAN_POINT('Ctrl Pts',(1.36799713412865,44.0376974185228,49.9114569835897));
#7239=CARTESIAN_POINT('Ctrl Pts',(1.22659822725862,44.0658826736609,49.9399816782184));
#7240=CARTESIAN_POINT('Ctrl Pts',(1.09689777441623,44.0826788574291,49.9612593159063));
#7241=CARTESIAN_POINT('Ctrl Pts',(1.54816981512705,44.,49.8852380918075));
#7242=CARTESIAN_POINT('Ctrl Pts',(1.54764491617754,44.0002734787499,49.8853158774434));
#7243=CARTESIAN_POINT('Ctrl Pts',(1.54710563955001,44.0005360993012,49.8853971233453));
#7244=CARTESIAN_POINT('Ctrl Pts',(1.40184116758,44.07480871776,49.9070180877463));
#7245=CARTESIAN_POINT('Ctrl Pts',(1.26503217087846,44.1341637200284,49.9244700849011));
#7246=CARTESIAN_POINT('Ctrl Pts',(1.12858177925454,44.171723540354,49.9392267480352));
#7247=CARTESIAN_POINT('Ctrl Pts',(1.54816981512705,44.,49.8852380918075));
#7248=CARTESIAN_POINT('Ctrl Pts',(1.54776258574085,44.0004048319907,49.8852987991536));
#7249=CARTESIAN_POINT('Ctrl Pts',(1.5473549042261,44.0008093403418,49.8853595331376));
#7250=CARTESIAN_POINT('Ctrl Pts',(1.43532249938414,44.1120058365936,49.9020535226925));
#7251=CARTESIAN_POINT('Ctrl Pts',(1.30451630032656,44.2023873523037,49.9196309813253));
#7252=CARTESIAN_POINT('Ctrl Pts',(1.16231327707075,44.2607993854597,49.9354696993449));
#7253=CARTESIAN_POINT('',(1.54809818765505,43.9996502286733,49.8851862470719));
#7254=CARTESIAN_POINT('Ctrl Pts',(1.54816981512705,44.,49.8852380918075));
#7255=CARTESIAN_POINT('Ctrl Pts',(1.54739513288197,44.,49.8853535768506));
#7256=CARTESIAN_POINT('Ctrl Pts',(1.54662046851641,44.,49.8854675860372));
#7257=CARTESIAN_POINT('Ctrl Pts',(1.54584921854408,44.,49.8855865058448));
#7258=CARTESIAN_POINT('Ctrl Pts',(1.3345289523007,44.0000000000014,49.9181701898698));
#7259=CARTESIAN_POINT('Ctrl Pts',(1.19228630779889,44.,49.9682965100626));
#7260=CARTESIAN_POINT('Ctrl Pts',(1.06951527140312,44.,50.));
#7261=CARTESIAN_POINT('Ctrl Pts',(1.54816981512705,44.,49.8852380918075));
#7262=CARTESIAN_POINT('Ctrl Pts',(1.54776258574085,44.0004048319907,49.8852987991536));
#7263=CARTESIAN_POINT('Ctrl Pts',(1.5473549042261,44.0008093403418,49.8853595331376));
#7264=CARTESIAN_POINT('Ctrl Pts',(1.43532249938414,44.1120058365936,49.9020535226925));
#7265=CARTESIAN_POINT('Ctrl Pts',(1.30451630032656,44.2023873523037,49.9196309813253));
#7266=CARTESIAN_POINT('Ctrl Pts',(1.16231327707075,44.2607993854597,49.9354696993449));
#7267=CARTESIAN_POINT('Ctrl Pts',(1.49999999999998,42.4166359859919,50.5227038424256));
#7268=CARTESIAN_POINT('Ctrl Pts',(1.4999999999742,42.7105380226564,50.4247364968778));
#7269=CARTESIAN_POINT('Ctrl Pts',(1.43853071598999,43.198331912778,50.2802151103862));
#7270=CARTESIAN_POINT('Ctrl Pts',(1.14345580683486,43.7212517681588,50.1733889350209));
#7271=CARTESIAN_POINT('Ctrl Pts',(0.880048782461237,43.822736425123,50.177263574877));
#7272=CARTESIAN_POINT('Ctrl Pts',(0.750000000000049,43.8053579255681,50.1946420744319));
#7273=CARTESIAN_POINT('Ctrl Pts',(1.50000000002249,42.4166359859965,50.3515240416915));
#7274=CARTESIAN_POINT('Ctrl Pts',(1.52273260995697,42.714988789273,50.2698544457364));
#7275=CARTESIAN_POINT('Ctrl Pts',(1.48605871422415,43.2238448290452,50.1592038306851));
#7276=CARTESIAN_POINT('Ctrl Pts',(1.17713276694562,43.7823688101946,50.0963256492239));
#7277=CARTESIAN_POINT('Ctrl Pts',(0.884593229810522,43.8927965658802,50.109485159612));
#7278=CARTESIAN_POINT('Ctrl Pts',(0.740738363250068,43.8746656686865,50.1253343313135));
#7279=CARTESIAN_POINT('Ctrl Pts',(1.62209265659791,42.4166359860217,50.0100196434283));
#7280=CARTESIAN_POINT('Ctrl Pts',(1.66465563972552,42.7401987613895,49.9764655668065));
#7281=CARTESIAN_POINT('Ctrl Pts',(1.63706834885201,43.3026442065711,49.9449511118065));
#7282=CARTESIAN_POINT('Ctrl Pts',(1.26281762742448,43.9314814284925,49.9688653543265));
#7283=CARTESIAN_POINT('Ctrl Pts',(0.900545611190533,44.0595999125411,50.0006695789154));
#7284=CARTESIAN_POINT('Ctrl Pts',(0.722219759090192,44.0410340605024,50.0145416349389));
#7285=CARTESIAN_POINT('Ctrl Pts',(1.93227873357202,42.4166359860676,49.8220928798361));
#7286=CARTESIAN_POINT('Ctrl Pts',(1.94843288083962,42.7856609082863,49.8191523412159));
#7287=CARTESIAN_POINT('Ctrl Pts',(1.86527053360702,43.4127897281721,49.8356351653324));
#7288=CARTESIAN_POINT('Ctrl Pts',(1.37562173102214,44.1097370875382,49.9148411112283));
#7289=CARTESIAN_POINT('Ctrl Pts',(0.927535426498405,44.25523051425,49.9612930550619));
#7290=CARTESIAN_POINT('Ctrl Pts',(0.706534396686458,44.237453519196,49.9762040852236));
#7291=CARTESIAN_POINT('Ctrl Pts',(2.09999999999999,42.4166359860906,49.7878569196893));
#7292=CARTESIAN_POINT('Ctrl Pts',(2.09999999995186,42.8085053683133,49.7878569196992));
#7293=CARTESIAN_POINT('Ctrl Pts',(1.98525733651464,43.46793551025,49.8131641273343));
#7294=CARTESIAN_POINT('Ctrl Pts',(1.43445083942501,44.1989022056385,49.9076367476672));
#7295=CARTESIAN_POINT('Ctrl Pts',(0.942757727260975,44.3530665110129,49.9604207500491));
#7296=CARTESIAN_POINT('Ctrl Pts',(0.700000000000094,44.335688011458,49.976640682967));
#7297=CARTESIAN_POINT('Ctrl Pts',(0.750000000932095,43.8053579256927,50.1946420743073));
#7298=CARTESIAN_POINT('Ctrl Pts',(0.774150076766906,43.8085851152648,50.1914148846884));
#7299=CARTESIAN_POINT('Ctrl Pts',(0.798377486748215,43.8095740757615,50.1886081210823));
#7300=CARTESIAN_POINT('Ctrl Pts',(0.82249818618632,43.8083546208621,50.1863149103674));
#7301=CARTESIAN_POINT('Ctrl Pts',(0.836914225562878,43.8076257983049,50.1849443441427));
#7302=CARTESIAN_POINT('Ctrl Pts',(0.851291396014489,43.8061087343858,50.1837568222671));
#7303=CARTESIAN_POINT('Ctrl Pts',(0.865584339742666,43.8038159641728,50.182770252396));
#7304=CARTESIAN_POINT('Ctrl Pts',(0.896337920318876,43.7988826981619,50.1806474877227));
#7305=CARTESIAN_POINT('Ctrl Pts',(0.926707481312812,43.790324741414,50.1794903398707));
#7306=CARTESIAN_POINT('Ctrl Pts',(0.956380856843366,43.7784078778703,50.1793069889409));
#7307=CARTESIAN_POINT('Ctrl Pts',(0.985387450250111,43.7667587948349,50.1791277580385));
#7308=CARTESIAN_POINT('Ctrl Pts',(1.01372927910434,43.7518993680694,50.179879203943));
#7309=CARTESIAN_POINT('Ctrl Pts',(1.04110985902364,43.7340369692676,50.1815938166694));
#7310=CARTESIAN_POINT('Ctrl Pts',(1.06836383101861,43.7162571662779,50.183300501019));
#7311=CARTESIAN_POINT('Ctrl Pts',(1.0947477105362,43.6955589489116,50.1858513047242));
#7312=CARTESIAN_POINT('Ctrl Pts',(1.11988247579243,43.6721764737177,50.189262187897));
#7313=CARTESIAN_POINT('Ctrl Pts',(1.14629230132435,43.6476078300849,50.1928461015952));
#7314=CARTESIAN_POINT('Ctrl Pts',(1.17132206003753,43.6200759557639,50.1973797012305));
#7315=CARTESIAN_POINT('Ctrl Pts',(1.19491719388021,43.5900879319554,50.2027709928594));
#7316=CARTESIAN_POINT('Ctrl Pts',(1.21042496816332,43.5703784652696,50.2063143901647));
#7317=CARTESIAN_POINT('Ctrl Pts',(1.22531345412018,43.5496092047678,50.2102278182678));
#7318=CARTESIAN_POINT('Ctrl Pts',(1.23957214896811,43.5279340912056,50.2144808077525));
#7319=CARTESIAN_POINT('Ctrl Pts',(1.26399784872352,43.4908037772686,50.2217663444248));
#7320=CARTESIAN_POINT('Ctrl Pts',(1.28655867685393,43.4509607114761,50.2301302664273));
#7321=CARTESIAN_POINT('Ctrl Pts',(1.30730891578532,43.409017371356,50.2394561014963));
#7322=CARTESIAN_POINT('Ctrl Pts',(1.33014533599238,43.3628571443321,50.2497195345642));
#7323=CARTESIAN_POINT('Ctrl Pts',(1.35078970323915,43.3141519935118,50.2611484264453));
#7324=CARTESIAN_POINT('Ctrl Pts',(1.36928562677573,43.2636648789656,50.2735955129727));
#7325=CARTESIAN_POINT('Ctrl Pts',(1.37036957661951,43.2607060918677,50.2743249719516));
#7326=CARTESIAN_POINT('Ctrl Pts',(1.37144613767369,43.2577411740858,50.2750579289548));
#7327=CARTESIAN_POINT('Ctrl Pts',(1.37251531490813,43.254770275712,50.2757943546292));
#7328=CARTESIAN_POINT('Ctrl Pts',(1.38928191314638,43.2081813119401,50.2873428173332));
#7329=CARTESIAN_POINT('Ctrl Pts',(1.40423488920152,43.1601230800338,50.2997443045577));
#7330=CARTESIAN_POINT('Ctrl Pts',(1.41749055680925,43.1107527431638,50.3129150740929));
#7331=CARTESIAN_POINT('Ctrl Pts',(1.43862361641417,43.032043295804,50.3339127835909));
#7332=CARTESIAN_POINT('Ctrl Pts',(1.45526876041021,42.9505197386036,50.3568115204));
#7333=CARTESIAN_POINT('Ctrl Pts',(1.46791561689665,42.8671650262569,50.3812715320623));
#7334=CARTESIAN_POINT('Ctrl Pts',(1.48234841623998,42.7720392660404,50.4091856971859));
#7335=CARTESIAN_POINT('Ctrl Pts',(1.49157419767731,42.6745274667256,50.4391333988697));
#7336=CARTESIAN_POINT('Ctrl Pts',(1.49626647259284,42.576050037306,50.4706342417834));
#7337=CARTESIAN_POINT('Ctrl Pts',(1.49878856489086,42.5231185337732,50.4875659081338));
#7338=CARTESIAN_POINT('Ctrl Pts',(1.49999999999495,42.4699075123273,50.5049466669819));
#7339=CARTESIAN_POINT('Ctrl Pts',(1.49999999999998,42.4166359860156,50.5227038424178));
#7340=CARTESIAN_POINT('Ctrl Pts',(2.09999999999999,42.4166359861221,49.7878569196893));
#7341=CARTESIAN_POINT('Ctrl Pts',(2.09999999994817,42.8085053683346,49.7878569197));
#7342=CARTESIAN_POINT('Ctrl Pts',(2.03115440188499,43.2041634534846,49.803041244281));
#7343=CARTESIAN_POINT('Ctrl Pts',(1.86198020627012,43.5503895520686,49.8334079336268));
#7344=CARTESIAN_POINT('Ctrl Pts',(1.78054490804329,43.7170522365851,49.8480255317425));
#7345=CARTESIAN_POINT('Ctrl Pts',(1.67586180860285,43.8722607093881,49.8661611357569));
#7346=CARTESIAN_POINT('Ctrl Pts',(1.54806411628208,43.9994838513184,49.8851615858453));
#7347=CARTESIAN_POINT('Origin',(0.749999999999983,29.4696699141101,63.4696699141101));
#7348=CARTESIAN_POINT('',(0.749999999999985,22.5303300858899,71.4696699141101));
#7349=CARTESIAN_POINT('',(0.749999999999982,30.,64.));
#7350=CARTESIAN_POINT('Origin',(0.749999999999985,22.,70.9393398282202));
#7351=CARTESIAN_POINT('Ctrl Pts',(1.49999999999998,22.,70.9393398282202));
#7352=CARTESIAN_POINT('Ctrl Pts',(1.49999999999998,20.4688095227001,72.614079412767));
#7353=CARTESIAN_POINT('Ctrl Pts',(2.29175959714646,17.7940927353656,75.539550898914));
#7354=CARTESIAN_POINT('Ctrl Pts',(4.24090576870067,15.8631657980224,77.6515022366332));
#7355=CARTESIAN_POINT('Ctrl Pts',(5.21023913713501,15.2473744558556,78.3250240171282));
#7356=CARTESIAN_POINT('Ctrl Pts',(1.49999999999998,22.1586743906485,71.0980142188687));
#7357=CARTESIAN_POINT('Ctrl Pts',(1.46870160645118,20.6139750177033,72.7587861473693));
#7358=CARTESIAN_POINT('Ctrl Pts',(2.22391338492717,17.8919906242833,75.6680141394815));
#7359=CARTESIAN_POINT('Ctrl Pts',(4.17957464654546,15.9129305463684,77.7713864390724));
#7360=CARTESIAN_POINT('Ctrl Pts',(5.15717485879519,15.281084760529,78.4422641997724));
#7361=CARTESIAN_POINT('Ctrl Pts',(1.3115560366354,22.433303344797,71.3726431730172));
#7362=CARTESIAN_POINT('Ctrl Pts',(1.26329484623909,20.8297284335713,73.01118096084));
#7363=CARTESIAN_POINT('Ctrl Pts',(2.01911347921819,17.9998955424369,75.8923407693814));
#7364=CARTESIAN_POINT('Ctrl Pts',(4.02537938260011,15.9429626866604,77.9807558286072));
#7365=CARTESIAN_POINT('Ctrl Pts',(5.03038419766917,15.286390537672,78.6471544955981));
#7366=CARTESIAN_POINT('Ctrl Pts',(0.918299606442294,22.5303300858899,71.4696699141101));
#7367=CARTESIAN_POINT('Ctrl Pts',(0.903924596158243,20.8714786521907,73.1281511977451));
#7368=CARTESIAN_POINT('Ctrl Pts',(1.73689854377002,17.9671424962723,76.0327602992113));
#7369=CARTESIAN_POINT('Ctrl Pts',(3.83109455092291,15.8670462082213,78.1329772380873));
#7370=CARTESIAN_POINT('Ctrl Pts',(4.874754094945,15.1971272994457,78.8028727005543));
#7371=CARTESIAN_POINT('Ctrl Pts',(0.749999999999984,22.5303300858899,71.4696699141101));
#7372=CARTESIAN_POINT('Ctrl Pts',(0.749999999999984,20.8555905013431,73.1444094986569));
#7373=CARTESIAN_POINT('Ctrl Pts',(1.61598705937894,17.9301190151961,76.0698809848039));
#7374=CARTESIAN_POINT('Ctrl Pts',(3.74786568451636,15.8181676774769,78.1818323225231));
#7375=CARTESIAN_POINT('Ctrl Pts',(4.80807405624142,15.1446458969819,78.8553541030181));
#7376=CARTESIAN_POINT('',(4.8080740562414,15.144645896982,78.8553541030181));
#7377=CARTESIAN_POINT('Origin',(9.49999999999999,22.5303300858899,71.4696699141101));
#7378=CARTESIAN_POINT('Ctrl Pts',(5.10413039464208,15.3159791913021,78.2499875877335));
#7379=CARTESIAN_POINT('Ctrl Pts',(5.10389570395752,15.3161335886107,78.2510886489571));
#7380=CARTESIAN_POINT('Ctrl Pts',(5.1036596730778,15.3162859084489,78.2521897019554));
#7381=CARTESIAN_POINT('Ctrl Pts',(5.10342230507273,15.3164361521997,78.2532907390656));
#7382=CARTESIAN_POINT('Ctrl Pts',(5.09566981545425,15.3213431451121,78.2892508456691));
#7383=CARTESIAN_POINT('Ctrl Pts',(5.08650665416465,15.3240309690982,78.3251289263177));
#7384=CARTESIAN_POINT('Ctrl Pts',(5.07604088096362,15.3245478701431,78.3606597440889));
#7385=CARTESIAN_POINT('Ctrl Pts',(5.06647015347749,15.3250205651789,78.3931519229003));
#7386=CARTESIAN_POINT('Ctrl Pts',(5.05580930766762,15.3236773698782,78.425354370413));
#7387=CARTESIAN_POINT('Ctrl Pts',(5.04411955545975,15.3205246388341,78.4570563355314));
#7388=CARTESIAN_POINT('Ctrl Pts',(5.03154633074047,15.3171336348852,78.4911542295149));
#7389=CARTESIAN_POINT('Ctrl Pts',(5.01783041199254,15.311662738498,78.5245441596689));
#7390=CARTESIAN_POINT('Ctrl Pts',(5.00305855512344,15.3041238853146,78.5569666435192));
#7391=CARTESIAN_POINT('Ctrl Pts',(4.99090274657357,15.2979201387717,78.5836472098074));
#7392=CARTESIAN_POINT('Ctrl Pts',(4.97803123114507,15.2903153378723,78.6096727129373));
#7393=CARTESIAN_POINT('Ctrl Pts',(4.96448279626587,15.2812952464188,78.6348852091627));
#7394=CARTESIAN_POINT('Ctrl Pts',(4.96280873579007,15.2801807133584,78.6380004947144));
#7395=CARTESIAN_POINT('Ctrl Pts',(4.96112433258282,15.2790445483339,78.6411033476844));
#7396=CARTESIAN_POINT('Ctrl Pts',(4.95942970701576,15.2778868580568,78.6441935230586));
#7397=CARTESIAN_POINT('Ctrl Pts',(4.94283589930843,15.2665507315304,78.6744525826043));
#7398=CARTESIAN_POINT('Ctrl Pts',(4.92535429761772,15.2532176752406,78.7033298249822));
#7399=CARTESIAN_POINT('Ctrl Pts',(4.90712626920005,15.2380260533448,78.7306318807599));
#7400=CARTESIAN_POINT('Ctrl Pts',(4.88924231803098,15.2231211926578,78.7574185754674));
#7401=CARTESIAN_POINT('Ctrl Pts',(4.87063901538717,15.2064267625587,78.7826896624685));
#7402=CARTESIAN_POINT('Ctrl Pts',(4.85144095757476,15.1880382989017,78.8062297867164));
#7403=CARTESIAN_POINT('Ctrl Pts',(4.83729174491625,15.1744857674276,78.8235791575354));
#7404=CARTESIAN_POINT('Ctrl Pts',(4.82281922722959,15.1600123153937,78.8399876846064));
#7405=CARTESIAN_POINT('Ctrl Pts',(4.80807405624142,15.144645896982,78.8553541030181));
#7406=CARTESIAN_POINT('Origin',(9.49999999999999,22.,78.25));
#7407=CARTESIAN_POINT('',(4.24999999999998,15.,79.));
#7408=CARTESIAN_POINT('Ctrl Pts',(4.24999999999999,15.,79.));
#7409=CARTESIAN_POINT('Ctrl Pts',(4.33357481479917,15.,79.));
#7410=CARTESIAN_POINT('Ctrl Pts',(4.43346761568011,15.0063034853499,78.9936965146502));
#7411=CARTESIAN_POINT('Ctrl Pts',(4.57081367313362,15.0296821705215,78.9703178294786));
#7412=CARTESIAN_POINT('Ctrl Pts',(4.63597328528052,15.0462277997546,78.9537722002454));
#7413=CARTESIAN_POINT('Ctrl Pts',(4.72327411558419,15.0820991845148,78.9179008154852));
#7414=CARTESIAN_POINT('Ctrl Pts',(4.76384470508323,15.1050207706998,78.8949792293002));
#7415=CARTESIAN_POINT('Ctrl Pts',(4.79697424120447,15.1336568548488,78.8663431451512));
#7416=CARTESIAN_POINT('Ctrl Pts',(4.80265782514853,15.1390014678156,78.8609985321844));
#7417=CARTESIAN_POINT('Ctrl Pts',(4.80807405624142,15.144645896982,78.8553541030181));
#7418=CARTESIAN_POINT('',(9.49999999999999,13.25,79.));
#7419=CARTESIAN_POINT('Origin',(9.49999999999999,22.,79.));
#7420=CARTESIAN_POINT('Origin',(9.49999999999999,13.25,78.25));
#7421=CARTESIAN_POINT('Origin',(6.34999999999999,13.25,78.25));
#7422=CARTESIAN_POINT('',(9.79999999999998,13.25,79.));
#7423=CARTESIAN_POINT('Origin',(9.79999999999998,13.25,78.25));
#7424=CARTESIAN_POINT('',(6.34999999999999,13.25,79.));
#7425=CARTESIAN_POINT('Origin',(9.79999999999998,11.,78.25));
#7426=CARTESIAN_POINT('',(12.05,11.,79.));
#7427=CARTESIAN_POINT('Origin',(12.05,11.,78.25));
#7428=CARTESIAN_POINT('Origin',(9.79999999999998,11.,79.));
#7429=CARTESIAN_POINT('Origin',(12.05,-16.,78.25));
#7430=CARTESIAN_POINT('',(12.8,-11.,78.25));
#7431=CARTESIAN_POINT('',(12.05,-11.,79.));
#7432=CARTESIAN_POINT('Origin',(12.05,-11.,78.25));
#7433=CARTESIAN_POINT('',(12.8,-16.,78.25));
#7434=CARTESIAN_POINT('',(12.05,-16.,79.));
#7435=CARTESIAN_POINT('Origin',(12.05,-11.,64.));
#7436=CARTESIAN_POINT('',(12.8,-25.25,64.));
#7437=CARTESIAN_POINT('',(12.05,-26.,64.));
#7438=CARTESIAN_POINT('Origin',(12.05,-25.25,64.));
#7439=CARTESIAN_POINT('Origin',(12.8,-11.,64.));
#7440=CARTESIAN_POINT('Origin',(12.05,-11.,64.));
#7441=CARTESIAN_POINT('Origin',(4.35,-11.,64.));
#7442=CARTESIAN_POINT('',(8.8,-11.,79.));
#7443=CARTESIAN_POINT('',(4.35,-11.,79.));
#7444=CARTESIAN_POINT('',(8.8,-26.,64.));
#7445=CARTESIAN_POINT('Origin',(8.8,-11.,64.));
#7446=CARTESIAN_POINT('',(4.35,-26.,64.));
#7447=CARTESIAN_POINT('Origin',(-13.,-5.99999999999999,39.5));
#7448=CARTESIAN_POINT('',(8.8,-5.99999999999999,34.5));
#7449=CARTESIAN_POINT('Origin',(8.8,-5.99999999999999,39.5));
#7450=CARTESIAN_POINT('',(-13.,-5.99999999999999,34.5));
#7451=CARTESIAN_POINT('Origin',(0.100000000000013,14.,39.5));
#7452=CARTESIAN_POINT('',(0.,21.1,45.5491734972639));
#7453=CARTESIAN_POINT('',(0.,14.,45.5491734972639));
#7454=CARTESIAN_POINT('',(0.,14.,45.5491734972639));
#7455=CARTESIAN_POINT('',(0.,21.1,33.4508265027361));
#7456=CARTESIAN_POINT('Origin',(0.100000000000013,21.1,39.5));
#7457=CARTESIAN_POINT('',(0.,14.,33.4508265027361));
#7458=CARTESIAN_POINT('',(0.,14.,33.4508265027361));
#7459=CARTESIAN_POINT('Origin',(0.100000000000013,14.,39.5));
#7460=CARTESIAN_POINT('Origin',(12.8,25.1389359534695,16.447828311477));
#7461=CARTESIAN_POINT('Origin',(8.8,11.,0.));
#7462=CARTESIAN_POINT('',(8.8,-26.,15.));
#7463=CARTESIAN_POINT('',(8.8,-26.,0.));
#7464=CARTESIAN_POINT('',(8.8,11.,79.));
#7465=CARTESIAN_POINT('',(8.8,11.,79.));
#7466=CARTESIAN_POINT('',(8.8,11.,0.));
#7467=CARTESIAN_POINT('',(8.8,11.,0.));
#7468=CARTESIAN_POINT('',(8.8,-11.,0.));
#7469=CARTESIAN_POINT('',(8.8,11.,0.));
#7470=CARTESIAN_POINT('Origin',(8.8,-11.,15.));
#7471=CARTESIAN_POINT('Origin',(12.8,-26.,0.));
#7472=CARTESIAN_POINT('',(12.8,-25.25,15.));
#7473=CARTESIAN_POINT('',(12.8,-25.25,0.));
#7474=CARTESIAN_POINT('',(12.8,-11.,0.75));
#7475=CARTESIAN_POINT('Origin',(12.8,-11.,15.));
#7476=CARTESIAN_POINT('',(12.8,11.,0.75));
#7477=CARTESIAN_POINT('',(12.8,-16.,0.75));
#7478=CARTESIAN_POINT('',(12.8,11.,0.));
#7479=CARTESIAN_POINT('Origin',(12.8,14.,0.));
#7480=CARTESIAN_POINT('',(9.79999999999998,14.,0.75));
#7481=CARTESIAN_POINT('',(9.79999999999998,14.,0.));
#7482=CARTESIAN_POINT('',(6.34999999999999,14.,0.75));
#7483=CARTESIAN_POINT('Origin',(9.79999999999998,11.,0.));
#7484=CARTESIAN_POINT('Origin',(9.79999999999998,11.,0.75));
#7485=CARTESIAN_POINT('Ctrl Pts',(0.727642218029388,44.,28.9453364913818));
#7486=CARTESIAN_POINT('Ctrl Pts',(0.484251281791779,44.,28.9372183185488));
#7487=CARTESIAN_POINT('Ctrl Pts',(0.242004173611537,44.,28.9326347908433));
#7488=CARTESIAN_POINT('Ctrl Pts',(-9.18431997121161E-13,44.,28.9326347908433));
#7489=CARTESIAN_POINT('Ctrl Pts',(0.71726608124878,44.1037062113663,28.9969260753409));
#7490=CARTESIAN_POINT('Ctrl Pts',(0.477965111114998,44.0994863242319,28.983662721108));
#7491=CARTESIAN_POINT('Ctrl Pts',(0.238857130894159,44.0971795671652,28.9768602265141));
#7492=CARTESIAN_POINT('Ctrl Pts',(-9.06464382210144E-13,44.0971795671653,
28.9768602265141));
#7493=CARTESIAN_POINT('Ctrl Pts',(0.707718504494493,44.2196522997539,29.0238750313072));
#7494=CARTESIAN_POINT('Ctrl Pts',(0.472196362316567,44.2092321698702,29.0079440686814));
#7495=CARTESIAN_POINT('Ctrl Pts',(0.235968200537282,44.2038905251817,29.));
#7496=CARTESIAN_POINT('Ctrl Pts',(-8.95464591335148E-13,44.2038905251817,
29.));
#7497=CARTESIAN_POINT('Ctrl Pts',(0.699999999999791,44.335688011458,29.023359317033));
#7498=CARTESIAN_POINT('Ctrl Pts',(0.467441682492807,44.3190396655418,29.0078208608445));
#7499=CARTESIAN_POINT('Ctrl Pts',(0.23359421714296,44.3106601717798,29.));
#7500=CARTESIAN_POINT('Ctrl Pts',(-8.86409072894007E-13,44.3106601717798,
29.));
#7501=CARTESIAN_POINT('',(8.86235529407031E-13,44.3106601717798,29.));
#7502=CARTESIAN_POINT('',(1.87961801769888E-16,44.,28.9326347908434));
#7503=CARTESIAN_POINT('Ctrl Pts',(-3.22550146314438E-17,44.3106601717798,
29.));
#7504=CARTESIAN_POINT('Ctrl Pts',(-7.80625564189563E-17,44.2038905251817,
29.));
#7505=CARTESIAN_POINT('Ctrl Pts',(-1.1420262883514E-16,44.0971795671653,
28.9768602265141));
#7506=CARTESIAN_POINT('Ctrl Pts',(-1.38777878078145E-16,44.,28.9326347908433));
#7507=CARTESIAN_POINT('',(0.699999999999511,44.335688011458,29.0233593170329));
#7508=CARTESIAN_POINT('Ctrl Pts',(0.699999999999791,44.335688011458,29.023359317033));
#7509=CARTESIAN_POINT('Ctrl Pts',(0.467441682492807,44.3190396655418,29.0078208608445));
#7510=CARTESIAN_POINT('Ctrl Pts',(0.23359421714296,44.3106601717798,29.));
#7511=CARTESIAN_POINT('Ctrl Pts',(-8.86409072894007E-13,44.3106601717798,
29.));
#7512=CARTESIAN_POINT('',(0.727642218028996,44.000000000003,28.9453364913848));
#7513=CARTESIAN_POINT('Origin',(0.749999999999478,44.335688011458,28.2750278396781));
#7514=CARTESIAN_POINT('Ctrl Pts',(0.727642218029023,44.,28.9453364913818));
#7515=CARTESIAN_POINT('Ctrl Pts',(0.484251281791844,44.,28.9372183185488));
#7516=CARTESIAN_POINT('Ctrl Pts',(0.242004173612028,44.,28.9326347908434));
#7517=CARTESIAN_POINT('Ctrl Pts',(-4.16333634234434E-16,44.,28.9326347908433));
#7518=CARTESIAN_POINT('Ctrl Pts',(1.06951527140312,44.,29.));
#7519=CARTESIAN_POINT('Ctrl Pts',(0.943387082863943,44.,28.9674295837719));
#7520=CARTESIAN_POINT('Ctrl Pts',(0.838218716454197,44.,28.9490247105873));
#7521=CARTESIAN_POINT('Ctrl Pts',(0.727642218029268,44.,28.9453364913818));
#7522=CARTESIAN_POINT('Ctrl Pts',(1.09689777441624,44.0826788574291,29.0387406840937));
#7523=CARTESIAN_POINT('Ctrl Pts',(0.963355605588764,44.1000948875081,29.0178910550074));
#7524=CARTESIAN_POINT('Ctrl Pts',(0.841438919762095,44.1067278335933,29.0040207311325));
#7525=CARTESIAN_POINT('Ctrl Pts',(0.717266081248611,44.1037062113663,28.9969260753409));
#7526=CARTESIAN_POINT('Ctrl Pts',(1.12858177925454,44.171723540354,29.0607732519648));
#7527=CARTESIAN_POINT('Ctrl Pts',(0.988504286543254,44.2104187379881,29.0456839845249));
#7528=CARTESIAN_POINT('Ctrl Pts',(0.847608822513593,44.2267445295876,29.0333478385541));
#7529=CARTESIAN_POINT('Ctrl Pts',(0.70771850449427,44.2196522997539,29.0238750313072));
#7530=CARTESIAN_POINT('Ctrl Pts',(1.16231327707075,44.2607993854597,29.0645303006551));
#7531=CARTESIAN_POINT('Ctrl Pts',(1.01622173744858,44.3208086852682,29.0482584757098));
#7532=CARTESIAN_POINT('Ctrl Pts',(0.856128977573574,44.3468649465773,29.0337911231442));
#7533=CARTESIAN_POINT('Ctrl Pts',(0.699999999999512,44.335688011458,29.0233593170329));
#7534=CARTESIAN_POINT('',(1.06951527140312,44.,29.));
#7535=CARTESIAN_POINT('',(1.16231327707075,44.2607993854597,29.0645303006551));
#7536=CARTESIAN_POINT('Origin',(1.24533565400437,44.2607993854597,28.3191396078448));
#7537=CARTESIAN_POINT('Ctrl Pts',(0.727642218029267,44.,28.9453364913818));
#7538=CARTESIAN_POINT('Ctrl Pts',(0.838218716454193,44.,28.9490247105873));
#7539=CARTESIAN_POINT('Ctrl Pts',(0.943387082863936,44.,28.9674295837719));
#7540=CARTESIAN_POINT('Ctrl Pts',(1.06951527140311,44.,29.));
#7541=CARTESIAN_POINT('Ctrl Pts',(1.16231327707075,44.2607993854597,29.0645303006551));
#7542=CARTESIAN_POINT('Ctrl Pts',(1.01622173744858,44.3208086852682,29.0482584757098));
#7543=CARTESIAN_POINT('Ctrl Pts',(0.856128977573574,44.3468649465773,29.0337911231442));
#7544=CARTESIAN_POINT('Ctrl Pts',(0.699999999999512,44.335688011458,29.0233593170329));
#7545=CARTESIAN_POINT('Ctrl Pts',(1.54816981512705,44.,29.1147619081925));
#7546=CARTESIAN_POINT('Ctrl Pts',(1.54739513287212,44.,29.114646423148));
#7547=CARTESIAN_POINT('Ctrl Pts',(1.54662046831874,44.,29.1145324141552));
#7548=CARTESIAN_POINT('Ctrl Pts',(1.33452900017282,44.0000000000008,29.0818297290644));
#7549=CARTESIAN_POINT('Ctrl Pts',(1.19228630779907,44.,29.0317034899375));
#7550=CARTESIAN_POINT('Ctrl Pts',(1.06951527140311,44.,29.));
#7551=CARTESIAN_POINT('Ctrl Pts',(1.54816981512705,44.,29.1147619081925));
#7552=CARTESIAN_POINT('Ctrl Pts',(1.54751049493528,44.0001413217961,29.114695674884));
#7553=CARTESIAN_POINT('Ctrl Pts',(1.54687177099855,44.0002635289232,29.1145391514422));
#7554=CARTESIAN_POINT('Ctrl Pts',(1.36799718200034,44.0376974185227,29.0885429353445));
#7555=CARTESIAN_POINT('Ctrl Pts',(1.226598227259,44.0658826736606,29.0600183217817));
#7556=CARTESIAN_POINT('Ctrl Pts',(1.09689777441623,44.0826788574291,29.0387406840937));
#7557=CARTESIAN_POINT('Ctrl Pts',(1.54816981512705,44.,29.1147619081925));
#7558=CARTESIAN_POINT('Ctrl Pts',(1.54764491617263,44.0002734787543,29.1146841225559));
#7559=CARTESIAN_POINT('Ctrl Pts',(1.54710563947434,44.0005360993379,29.1146028766457));
#7560=CARTESIAN_POINT('Ctrl Pts',(1.40184118080722,44.074808718811,29.0929819133344));
#7561=CARTESIAN_POINT('Ctrl Pts',(1.26503217087826,44.1341637200286,29.0755299150989));
#7562=CARTESIAN_POINT('Ctrl Pts',(1.12858177925454,44.171723540354,29.0607732519648));
#7563=CARTESIAN_POINT('Ctrl Pts',(1.54816981512705,44.,29.1147619081925));
#7564=CARTESIAN_POINT('Ctrl Pts',(1.5477625857355,44.0004048319957,29.1147012008456));
#7565=CARTESIAN_POINT('Ctrl Pts',(1.54735490415083,44.000809340378,29.1146404668534));
#7566=CARTESIAN_POINT('Ctrl Pts',(1.43532251261094,44.1120058376452,29.0979464783881));
#7567=CARTESIAN_POINT('Ctrl Pts',(1.30451630032655,44.2023873523037,29.0803690186747));
#7568=CARTESIAN_POINT('Ctrl Pts',(1.16231327707075,44.2607993854597,29.0645303006551));
#7569=CARTESIAN_POINT('',(1.54809784490691,43.9996519857265,29.114813384865));
#7570=CARTESIAN_POINT('Ctrl Pts',(1.54816981512705,44.,29.1147619081925));
#7571=CARTESIAN_POINT('Ctrl Pts',(1.5477625857355,44.0004048319957,29.1147012008456));
#7572=CARTESIAN_POINT('Ctrl Pts',(1.54735490415083,44.000809340378,29.1146404668534));
#7573=CARTESIAN_POINT('Ctrl Pts',(1.43532251261094,44.1120058376452,29.0979464783881));
#7574=CARTESIAN_POINT('Ctrl Pts',(1.30451630032655,44.2023873523037,29.0803690186747));
#7575=CARTESIAN_POINT('Ctrl Pts',(1.16231327707075,44.2607993854597,29.0645303006551));
#7576=CARTESIAN_POINT('Ctrl Pts',(1.54816981512705,44.,29.1147619081925));
#7577=CARTESIAN_POINT('Ctrl Pts',(1.54739513287212,44.,29.114646423148));
#7578=CARTESIAN_POINT('Ctrl Pts',(1.54662046831874,44.,29.1145324141552));
#7579=CARTESIAN_POINT('Ctrl Pts',(1.54584921852121,44.,29.1144134940521));
#7580=CARTESIAN_POINT('Ctrl Pts',(1.33452900017282,44.0000000000008,29.0818297290644));
#7581=CARTESIAN_POINT('Ctrl Pts',(1.19228630779907,44.,29.0317034899375));
#7582=CARTESIAN_POINT('Ctrl Pts',(1.06951527140311,44.,29.));
#7583=CARTESIAN_POINT('Ctrl Pts',(-3.75923603539776E-16,44.,28.9326347908433));
#7584=CARTESIAN_POINT('Ctrl Pts',(0.242566359012099,44.,28.9326347908433));
#7585=CARTESIAN_POINT('Ctrl Pts',(0.483836993072562,44.0083046242203,28.9408134941661));
#7586=CARTESIAN_POINT('Ctrl Pts',(0.725189642550751,44.0248930679884,28.9571502255276));
#7587=CARTESIAN_POINT('Ctrl Pts',(-4.05334918487666E-16,43.9184661968321,
28.8955295837285));
#7588=CARTESIAN_POINT('Ctrl Pts',(0.245211621672681,43.9184661968321,28.8955295837285));
#7589=CARTESIAN_POINT('Ctrl Pts',(0.489114111587781,43.9267694176161,28.9037886420705));
#7590=CARTESIAN_POINT('Ctrl Pts',(0.733100712497416,43.9433545904036,28.9202866500462));
#7591=CARTESIAN_POINT('Ctrl Pts',(-4.35612062775413E-16,43.843672636573,
28.8436726365729));
#7592=CARTESIAN_POINT('Ctrl Pts',(0.248035834105323,43.843672636573,28.8436726365729));
#7593=CARTESIAN_POINT('Ctrl Pts',(0.494747256617196,43.8519881822196,28.8519877941816));
#7594=CARTESIAN_POINT('Ctrl Pts',(0.741549189804127,43.8685980052599,28.8685980052599));
#7595=CARTESIAN_POINT('Ctrl Pts',(-4.64848073268817E-16,43.7803300858899,
28.7803300858899));
#7596=CARTESIAN_POINT('Ctrl Pts',(0.250860927725762,43.7803300858899,28.7803300858899));
#7597=CARTESIAN_POINT('Ctrl Pts',(0.500381827102191,43.7886796098243,28.7886796098243));
#7598=CARTESIAN_POINT('Ctrl Pts',(0.750000000924875,43.8053579256299,28.8053579256299));
#7599=CARTESIAN_POINT('',(2.77555756156289E-16,43.7803300858899,28.7803300858899));
#7600=CARTESIAN_POINT('Ctrl Pts',(-3.75923603539776E-16,44.,28.9326347908433));
#7601=CARTESIAN_POINT('Ctrl Pts',(-4.05334918487666E-16,43.9184661968321,
28.8955295837285));
#7602=CARTESIAN_POINT('Ctrl Pts',(-4.35612062775413E-16,43.843672636573,
28.8436726365729));
#7603=CARTESIAN_POINT('Ctrl Pts',(-4.64848073268817E-16,43.7803300858899,
28.7803300858899));
#7604=CARTESIAN_POINT('',(0.750000000900952,43.8053579258089,28.8053579258089));
#7605=CARTESIAN_POINT('Ctrl Pts',(0.727642349428952,44.0000019622248,28.9453325761031));
#7606=CARTESIAN_POINT('Ctrl Pts',(0.734835268235462,43.9281279014876,28.9095528858343));
#7607=CARTESIAN_POINT('Ctrl Pts',(0.742416694950717,43.8621061911884,28.8621061911883));
#7608=CARTESIAN_POINT('Ctrl Pts',(0.750000000924875,43.8053579256299,28.8053579256299));
#7609=CARTESIAN_POINT('Ctrl Pts',(-4.64848073268817E-16,43.7803300858899,
28.7803300858899));
#7610=CARTESIAN_POINT('Ctrl Pts',(0.250860927725762,43.7803300858899,28.7803300858899));
#7611=CARTESIAN_POINT('Ctrl Pts',(0.500381827102191,43.7886796098243,28.7886796098243));
#7612=CARTESIAN_POINT('Ctrl Pts',(0.750000000924875,43.8053579256299,28.8053579256299));
#7613=CARTESIAN_POINT('Ctrl Pts',(1.49999999999998,42.4166359859919,28.4772961575744));
#7614=CARTESIAN_POINT('Ctrl Pts',(1.4999999999742,42.7105380226564,28.5752635031222));
#7615=CARTESIAN_POINT('Ctrl Pts',(1.43853005328515,43.1983340989958,28.7197851249598));
#7616=CARTESIAN_POINT('Ctrl Pts',(1.14345585323176,43.7212548160874,28.8266115104371));
#7617=CARTESIAN_POINT('Ctrl Pts',(0.880048782461236,43.822736425123,28.822736425123));
#7618=CARTESIAN_POINT('Ctrl Pts',(0.750000000000048,43.8053579255681,28.8053579255681));
#7619=CARTESIAN_POINT('Ctrl Pts',(1.5000000000225,42.4166359859965,28.6484759583085));
#7620=CARTESIAN_POINT('Ctrl Pts',(1.52273260995697,42.7149887892731,28.7301455542636));
#7621=CARTESIAN_POINT('Ctrl Pts',(1.48605674603756,43.2238477254998,28.8407961317431));
#7622=CARTESIAN_POINT('Ctrl Pts',(1.17713207932296,43.7823723954168,28.9036745037378));
#7623=CARTESIAN_POINT('Ctrl Pts',(0.88459322981052,43.8927965658802,28.890514840388));
#7624=CARTESIAN_POINT('Ctrl Pts',(0.740738363250068,43.8746656686865,28.8746656686865));
#7625=CARTESIAN_POINT('Ctrl Pts',(1.62207422777425,42.4166359860217,28.9899954036433));
#7626=CARTESIAN_POINT('Ctrl Pts',(1.66463721090186,42.7401987613895,29.0235494802651));
#7627=CARTESIAN_POINT('Ctrl Pts',(1.6370607344023,43.3026466018966,29.0550557680172));
#7628=CARTESIAN_POINT('Ctrl Pts',(1.26281146755781,43.9314847539499,29.03114107918));
#7629=CARTESIAN_POINT('Ctrl Pts',(0.900545512119403,44.0595988617331,28.9993329546536));
#7630=CARTESIAN_POINT('Ctrl Pts',(0.722219660019059,44.0410330096944,28.9854608986301));
#7631=CARTESIAN_POINT('Ctrl Pts',(1.93227873357202,42.4166359860676,29.1779071201638));
#7632=CARTESIAN_POINT('Ctrl Pts',(1.94843288083963,42.7856609082864,29.1808476587841));
#7633=CARTESIAN_POINT('Ctrl Pts',(1.86526891542512,43.4127929574603,29.1643655147178));
#7634=CARTESIAN_POINT('Ctrl Pts',(1.37562152542311,44.1097413662753,29.0851590131624));
#7635=CARTESIAN_POINT('Ctrl Pts',(0.927535426498407,44.25523051425,29.0387069449381));
#7636=CARTESIAN_POINT('Ctrl Pts',(0.706534396686457,44.237453519196,29.0237959147764));
#7637=CARTESIAN_POINT('Ctrl Pts',(2.09999999999999,42.4166359860906,29.2121430803107));
#7638=CARTESIAN_POINT('Ctrl Pts',(2.09999999995186,42.8085053683134,29.2121430803008));
#7639=CARTESIAN_POINT('Ctrl Pts',(1.98525609946562,43.4679386719036,29.1868351819151));
#7640=CARTESIAN_POINT('Ctrl Pts',(1.43445092603259,44.1989065548024,29.0923624536072));
#7641=CARTESIAN_POINT('Ctrl Pts',(0.942757727260977,44.3530665110129,29.0395792499509));
#7642=CARTESIAN_POINT('Ctrl Pts',(0.700000000000094,44.335688011458,29.023359317033));
#7643=CARTESIAN_POINT('Ctrl Pts',(0.750000000932094,43.8053579256927,28.8053579256927));
#7644=CARTESIAN_POINT('Ctrl Pts',(0.774151343864719,43.8085852845879,28.8085852846346));
#7645=CARTESIAN_POINT('Ctrl Pts',(0.798380031319765,43.8095742009061,28.8113921497849));
#7646=CARTESIAN_POINT('Ctrl Pts',(0.82250199316137,43.8083544885571,28.8136853896925));
#7647=CARTESIAN_POINT('Ctrl Pts',(0.836916765097256,43.8076256143696,28.8150557811424));
#7648=CARTESIAN_POINT('Ctrl Pts',(0.851292673462782,43.8061086438053,28.8162431537198));
#7649=CARTESIAN_POINT('Ctrl Pts',(0.865584373934011,43.8038161060321,28.8172296057807));
#7650=CARTESIAN_POINT('Ctrl Pts',(0.896339534577693,43.798882657585,28.8193524106673));
#7651=CARTESIAN_POINT('Ctrl Pts',(0.926710658505098,43.790324168468,28.8205094884005));
#7652=CARTESIAN_POINT('Ctrl Pts',(0.956385519178364,43.7784064415712,28.8206926702076));
#7653=CARTESIAN_POINT('Ctrl Pts',(0.985390596670801,43.7667577064353,28.820871717468));
#7654=CARTESIAN_POINT('Ctrl Pts',(1.01373097146121,43.7518989679368,28.8201201829592));
#7655=CARTESIAN_POINT('Ctrl Pts',(1.04111020474811,43.734037550534,28.8184056020811));
#7656=CARTESIAN_POINT('Ctrl Pts',(1.06836391845808,43.7162580184614,28.8166988816665));
#7657=CARTESIAN_POINT('Ctrl Pts',(1.09474756004187,43.6955601387666,28.8141480922642));
#7658=CARTESIAN_POINT('Ctrl Pts',(1.11988210733497,43.6721780242935,28.8107372622694));
#7659=CARTESIAN_POINT('Ctrl Pts',(1.14629065221128,43.6476107379937,28.8071535471567));
#7660=CARTESIAN_POINT('Ctrl Pts',(1.17131926219677,43.6200804826353,28.802620265125));
#7661=CARTESIAN_POINT('Ctrl Pts',(1.19491337719003,43.5900942810618,28.7972293916289));
#7662=CARTESIAN_POINT('Ctrl Pts',(1.21042277958448,43.5703830917836,28.7936857441417));
#7663=CARTESIAN_POINT('Ctrl Pts',(1.22531276595906,43.5496118823926,28.7897719994807));
#7664=CARTESIAN_POINT('Ctrl Pts',(1.23957282740951,43.5279346474802,28.7855186340261));
#7665=CARTESIAN_POINT('Ctrl Pts',(1.26399684227205,43.490806819559,28.7782336541233));
#7666=CARTESIAN_POINT('Ctrl Pts',(1.28655620472115,43.4509665916899,28.7698704270716));
#7667=CARTESIAN_POINT('Ctrl Pts',(1.30730520600957,43.4090263406072,28.7605454051765));
#7668=CARTESIAN_POINT('Ctrl Pts',(1.33014032992801,43.3628693802152,28.7502828374723));
#7669=CARTESIAN_POINT('Ctrl Pts',(1.35078366420352,43.3141677859429,28.738854947497));
#7670=CARTESIAN_POINT('Ctrl Pts',(1.36927883707349,43.2636843853811,28.7264089693945));
#7671=CARTESIAN_POINT('Ctrl Pts',(1.37036494674734,43.2607198005078,28.7256780923536));
#7672=CARTESIAN_POINT('Ctrl Pts',(1.37144363853103,43.2577490605357,28.7249437034155));
#7673=CARTESIAN_POINT('Ctrl Pts',(1.37251491742912,43.2547723164459,28.7242058321058));
#7674=CARTESIAN_POINT('Ctrl Pts',(1.38928171535951,43.2081827059036,28.7126572622893));
#7675=CARTESIAN_POINT('Ctrl Pts',(1.40423484592606,43.160123794999,28.7002556354972));
#7676=CARTESIAN_POINT('Ctrl Pts',(1.41749063270043,43.1107527566805,28.6870846918169));
#7677=CARTESIAN_POINT('Ctrl Pts',(1.43862145957733,43.0320512143882,28.6660891118901));
#7678=CARTESIAN_POINT('Ctrl Pts',(1.45526532963536,42.9505361568587,28.6431929091156));
#7679=CARTESIAN_POINT('Ctrl Pts',(1.46791170692546,42.8671902305624,28.6187357202758));
#7680=CARTESIAN_POINT('Ctrl Pts',(1.48234416183292,42.7720731630104,28.5908243851167));
#7681=CARTESIAN_POINT('Ctrl Pts',(1.49157048800063,42.6745703619372,28.5608798324202));
#7682=CARTESIAN_POINT('Ctrl Pts',(1.4962639749684,42.5761018443123,28.5293823051768));
#7683=CARTESIAN_POINT('Ctrl Pts',(1.49878776135727,42.5231532569996,28.5124454241146));
#7684=CARTESIAN_POINT('Ctrl Pts',(1.49999999999495,42.4699248957958,28.4950591275076));
#7685=CARTESIAN_POINT('Ctrl Pts',(1.49999999999998,42.4166359860156,28.4772961575822));
#7686=CARTESIAN_POINT('Ctrl Pts',(2.09999999999999,42.4166359861221,29.2121430803107));
#7687=CARTESIAN_POINT('Ctrl Pts',(2.09999999994817,42.8085053683346,29.2121430803));
#7688=CARTESIAN_POINT('Ctrl Pts',(2.03115365965558,43.2041653504768,29.1969583412686));
#7689=CARTESIAN_POINT('Ctrl Pts',(1.86197950751778,43.5503925132174,29.1665914583776));
#7690=CARTESIAN_POINT('Ctrl Pts',(1.78054423021949,43.7170557099865,29.1519737670953));
#7691=CARTESIAN_POINT('Ctrl Pts',(1.67586133376882,43.8722645020602,29.1338381211015));
#7692=CARTESIAN_POINT('Ctrl Pts',(1.54806381570535,43.9994874364472,29.1148377242384));
#7693=CARTESIAN_POINT('Origin',(0.749999999999983,29.4696699141101,15.5303300858899));
#7694=CARTESIAN_POINT('',(0.749999999999985,22.5303300858899,7.53033008588991));
#7695=CARTESIAN_POINT('Origin',(0.749999999999985,22.,8.06066017177982));
#7696=CARTESIAN_POINT('',(0.749999999999982,30.,15.));
#7697=CARTESIAN_POINT('Ctrl Pts',(1.49999999999998,22.,8.06066017177982));
#7698=CARTESIAN_POINT('Ctrl Pts',(1.49999999999998,20.4688095227001,6.385920587233));
#7699=CARTESIAN_POINT('Ctrl Pts',(2.29135232731429,17.7938383183962,3.46017083252562));
#7700=CARTESIAN_POINT('Ctrl Pts',(4.24090576870067,15.8631657980224,1.34849776336681));
#7701=CARTESIAN_POINT('Ctrl Pts',(5.21023913713501,15.2473744558556,0.674975982871839));
#7702=CARTESIAN_POINT('Ctrl Pts',(1.49999999999998,22.1586743906485,7.90198578113131));
#7703=CARTESIAN_POINT('Ctrl Pts',(1.46870160645118,20.6139750177033,6.24121385263074));
#7704=CARTESIAN_POINT('Ctrl Pts',(2.2236906081395,17.8916616207153,3.33163708126381));
#7705=CARTESIAN_POINT('Ctrl Pts',(4.17957464654546,15.9129305463684,1.22861356092756));
#7706=CARTESIAN_POINT('Ctrl Pts',(5.15717485879519,15.281084760529,0.557735800227647));
#7707=CARTESIAN_POINT('Ctrl Pts',(1.31166909802285,22.4333992692908,7.62726090248903));
#7708=CARTESIAN_POINT('Ctrl Pts',(1.26340790762653,20.8298243580651,5.9887231146662));
#7709=CARTESIAN_POINT('Ctrl Pts',(2.01861405333376,17.9996698231926,3.10736718343859));
#7710=CARTESIAN_POINT('Ctrl Pts',(4.02538564077195,15.9429826845552,1.01923402465107));
#7711=CARTESIAN_POINT('Ctrl Pts',(5.03039045584102,15.2864105355668,0.35283535766023));
#7712=CARTESIAN_POINT('Ctrl Pts',(0.918299606442294,22.5303300858899,7.53033008588991));
#7713=CARTESIAN_POINT('Ctrl Pts',(0.903924596158243,20.8714786521907,5.87184880225489));
#7714=CARTESIAN_POINT('Ctrl Pts',(1.73641635505864,17.9669156134559,2.96692626917098));
#7715=CARTESIAN_POINT('Ctrl Pts',(3.83109455092291,15.8670462082213,0.867022761912663));
#7716=CARTESIAN_POINT('Ctrl Pts',(4.874754094945,15.1971272994457,0.197127299445658));
#7717=CARTESIAN_POINT('Ctrl Pts',(0.749999999999984,22.5303300858899,7.53033008588991));
#7718=CARTESIAN_POINT('Ctrl Pts',(0.749999999999983,20.8555905013431,5.85559050134309));
#7719=CARTESIAN_POINT('Ctrl Pts',(1.61554160800001,17.9298407466357,2.92984074663571));
#7720=CARTESIAN_POINT('Ctrl Pts',(3.74786568451636,15.8181676774769,0.818167677476903));
#7721=CARTESIAN_POINT('Ctrl Pts',(4.80807405624142,15.1446458969819,0.144645896981932));
#7722=CARTESIAN_POINT('',(4.8080740562414,15.144645896982,0.144645896981943));
#7723=CARTESIAN_POINT('Origin',(9.49999999999999,22.5303300858899,7.53033008588991));
#7724=CARTESIAN_POINT('Ctrl Pts',(5.104129706287,15.3159787612943,0.750011941945417));
#7725=CARTESIAN_POINT('Ctrl Pts',(5.1038950207583,15.3161331592177,0.748910881546236));
#7726=CARTESIAN_POINT('Ctrl Pts',(5.10365899519526,15.316285480445,0.747809829007697));
#7727=CARTESIAN_POINT('Ctrl Pts',(5.10342163266557,15.3164357263457,0.746708791998472));
#7728=CARTESIAN_POINT('Ctrl Pts',(5.09566993778508,15.3213423996122,0.710751545676865));
#7729=CARTESIAN_POINT('Ctrl Pts',(5.08650796656163,15.3240310655871,0.674875929048472));
#7730=CARTESIAN_POINT('Ctrl Pts',(5.07604366265676,15.3245494897593,0.639347328571926));
#7731=CARTESIAN_POINT('Ctrl Pts',(5.06647268703402,15.3250236565227,0.606851772999156));
#7732=CARTESIAN_POINT('Ctrl Pts',(5.05581146421582,15.3236819009282,0.574645838313794));
#7733=CARTESIAN_POINT('Ctrl Pts',(5.04412113044673,15.3205302230474,0.542940502398405));
#7734=CARTESIAN_POINT('Ctrl Pts',(5.03155040200019,15.3171411934806,0.508847449456437));
#7735=CARTESIAN_POINT('Ctrl Pts',(5.0178373155483,15.3116728526125,0.475462169221006));
#7736=CARTESIAN_POINT('Ctrl Pts',(5.00306845109928,15.3041366805201,0.443044244555691));
#7737=CARTESIAN_POINT('Ctrl Pts',(4.99091075856355,15.2979329223699,0.416357889481644));
#7738=CARTESIAN_POINT('Ctrl Pts',(4.9780369560969,15.2903271946623,0.390327003862852));
#7739=CARTESIAN_POINT('Ctrl Pts',(4.96448577039735,15.2813049892584,0.36510975879248));
#7740=CARTESIAN_POINT('Ctrl Pts',(4.96281169840948,15.2801904136286,0.361994497551185));
#7741=CARTESIAN_POINT('Ctrl Pts',(4.96112728065246,15.2790541963594,0.358891673714169));
#7742=CARTESIAN_POINT('Ctrl Pts',(4.95943263771839,15.2778964448841,0.355801531933434));
#7743=CARTESIAN_POINT('Ctrl Pts',(4.94283786941145,15.266559179019,0.32554135980148));
#7744=CARTESIAN_POINT('Ctrl Pts',(4.92535495312364,15.2532239383996,0.296663562229951));
#7745=CARTESIAN_POINT('Ctrl Pts',(4.90712549431222,15.2380298113752,0.269361182046511));
#7746=CARTESIAN_POINT('Ctrl Pts',(4.88923730859004,15.223120133095,0.242569928810151));
#7747=CARTESIAN_POINT('Ctrl Pts',(4.8706294314834,15.2064200085625,0.217294985111455));
#7748=CARTESIAN_POINT('Ctrl Pts',(4.85142675045708,15.1880257108529,0.193751500147379));
#7749=CARTESIAN_POINT('Ctrl Pts',(4.83728193052637,15.1744763513392,0.176409215760016));
#7750=CARTESIAN_POINT('Ctrl Pts',(4.82281413554137,15.1600070091811,0.160007009181091));
#7751=CARTESIAN_POINT('Ctrl Pts',(4.80807405624142,15.144645896982,0.144645896981936));
#7752=CARTESIAN_POINT('Origin',(9.49999999999999,22.,0.75));
#7753=CARTESIAN_POINT('',(9.49999999999999,13.25,0.));
#7754=CARTESIAN_POINT('Origin',(9.49999999999999,13.25,0.75));
#7755=CARTESIAN_POINT('',(4.24999999999998,15.,0.));
#7756=CARTESIAN_POINT('Origin',(9.49999999999999,22.,0.));
#7757=CARTESIAN_POINT('Ctrl Pts',(4.24999999999999,15.,-5.55111512312577E-16));
#7758=CARTESIAN_POINT('Ctrl Pts',(4.33357481479917,15.,-6.2498841343713E-16));
#7759=CARTESIAN_POINT('Ctrl Pts',(4.43346761568011,15.0063034853499,0.0063034853498519));
#7760=CARTESIAN_POINT('Ctrl Pts',(4.57081367313362,15.0296821705215,0.0296821705214464));
#7761=CARTESIAN_POINT('Ctrl Pts',(4.63597328528052,15.0462277997546,0.0462277997545587));
#7762=CARTESIAN_POINT('Ctrl Pts',(4.72327411558419,15.0820991845148,0.0820991845148002));
#7763=CARTESIAN_POINT('Ctrl Pts',(4.76384470508323,15.1050207706998,0.105020770699774));
#7764=CARTESIAN_POINT('Ctrl Pts',(4.79697424120447,15.1336568548488,0.13365685484882));
#7765=CARTESIAN_POINT('Ctrl Pts',(4.80265782514854,15.1390014678156,0.139001467815618));
#7766=CARTESIAN_POINT('Ctrl Pts',(4.80807405624143,15.1446458969819,0.144645896981931));
#7767=CARTESIAN_POINT('Origin',(6.34999999999999,13.25,0.75));
#7768=CARTESIAN_POINT('',(9.79999999999998,13.25,0.));
#7769=CARTESIAN_POINT('Origin',(9.79999999999998,13.25,0.75));
#7770=CARTESIAN_POINT('',(6.34999999999999,13.25,0.));
#7771=CARTESIAN_POINT('Origin',(9.79999999999998,11.,0.75));
#7772=CARTESIAN_POINT('',(12.05,11.,0.));
#7773=CARTESIAN_POINT('Origin',(12.05,11.,0.75));
#7774=CARTESIAN_POINT('Origin',(9.79999999999998,11.,0.));
#7775=CARTESIAN_POINT('Origin',(12.05,-16.,0.75));
#7776=CARTESIAN_POINT('',(12.05,-11.,0.));
#7777=CARTESIAN_POINT('Origin',(12.05,-11.,0.75));
#7778=CARTESIAN_POINT('',(12.05,-16.,0.));
#7779=CARTESIAN_POINT('Origin',(12.05,-11.,15.));
#7780=CARTESIAN_POINT('',(12.05,-26.,15.));
#7781=CARTESIAN_POINT('Origin',(12.05,-25.25,15.));
#7782=CARTESIAN_POINT('Origin',(12.05,-11.,15.));
#7783=CARTESIAN_POINT('Origin',(12.05,-25.25,0.));
#7784=CARTESIAN_POINT('',(12.05,-26.,0.));
#7785=CARTESIAN_POINT('Origin',(4.35,-11.,15.));
#7786=CARTESIAN_POINT('',(4.35,-26.,15.));
#7787=CARTESIAN_POINT('',(4.35,-11.,0.));
#7788=CARTESIAN_POINT('Origin',(8.8,-26.,0.));
#7789=CARTESIAN_POINT('Origin',(0.100000000000013,14.,39.5));
#7790=CARTESIAN_POINT('',(0.,14.,46.9993333037011));
#7791=CARTESIAN_POINT('',(0.,11.,46.9993333037011));
#7792=CARTESIAN_POINT('',(0.,14.,46.9993333037011));
#7793=CARTESIAN_POINT('',(0.,14.,32.0006666962989));
#7794=CARTESIAN_POINT('Origin',(0.100000000000013,14.,39.5));
#7795=CARTESIAN_POINT('',(0.,11.,32.0006666962989));
#7796=CARTESIAN_POINT('',(0.,14.,32.0006666962989));
#7797=CARTESIAN_POINT('Origin',(0.100000000000012,11.,39.5));
#7798=CARTESIAN_POINT('Origin',(-0.100000000000003,-5.99999999999999,79.));
#7799=CARTESIAN_POINT('',(-4.24999999999998,15.,79.));
#7800=CARTESIAN_POINT('',(-0.050000000000011,15.,79.));
#7801=CARTESIAN_POINT('',(-9.49999999999999,13.25,79.));
#7802=CARTESIAN_POINT('Origin',(-9.49999999999999,22.,79.));
#7803=CARTESIAN_POINT('',(-9.79999999999998,13.25,79.));
#7804=CARTESIAN_POINT('',(-6.34999999999999,13.25,79.));
#7805=CARTESIAN_POINT('',(-12.05,11.,79.));
#7806=CARTESIAN_POINT('Origin',(-9.79999999999998,11.,79.));
#7807=CARTESIAN_POINT('',(-12.05,-11.,79.));
#7808=CARTESIAN_POINT('',(-12.05,-16.,79.));
#7809=CARTESIAN_POINT('',(-8.8,-11.,79.));
#7810=CARTESIAN_POINT('',(-4.35,-11.,79.));
#7811=CARTESIAN_POINT('',(-8.8,11.,79.));
#7812=CARTESIAN_POINT('',(-8.8,11.,79.));
#7813=CARTESIAN_POINT('',(9.00000000000001,11.,79.));
#7814=CARTESIAN_POINT('Origin',(-0.050000000000016,29.5,64.5));
#7815=CARTESIAN_POINT('',(-0.750000000900952,43.8053579258089,50.1946420741911));
#7816=CARTESIAN_POINT('Ctrl Pts',(-9.75956999288639E-17,43.7803300858899,
50.2196699141101));
#7817=CARTESIAN_POINT('Ctrl Pts',(-0.250860927725763,43.7803300858899,50.2196699141101));
#7818=CARTESIAN_POINT('Ctrl Pts',(-0.500381827102192,43.7886796098243,50.2113203901757));
#7819=CARTESIAN_POINT('Ctrl Pts',(-0.750000000924875,43.8053579256299,50.1946420743701));
#7820=CARTESIAN_POINT('',(-0.749999999999985,22.5303300858899,71.4696699141101));
#7821=CARTESIAN_POINT('',(-0.749999999999982,30.,64.));
#7822=CARTESIAN_POINT('',(-4.8080740562414,15.144645896982,78.8553541030181));
#7823=CARTESIAN_POINT('Origin',(-9.49999999999999,22.5303300858899,71.4696699141101));
#7824=CARTESIAN_POINT('Ctrl Pts',(-4.24999999999999,15.,79.));
#7825=CARTESIAN_POINT('Ctrl Pts',(-4.33357481479917,15.,79.));
#7826=CARTESIAN_POINT('Ctrl Pts',(-4.43346761568011,15.0063034853499,78.9936965146502));
#7827=CARTESIAN_POINT('Ctrl Pts',(-4.57081367313362,15.0296821705215,78.9703178294786));
#7828=CARTESIAN_POINT('Ctrl Pts',(-4.63597328528052,15.0462277997546,78.9537722002454));
#7829=CARTESIAN_POINT('Ctrl Pts',(-4.72327411558419,15.0820991845148,78.9179008154852));
#7830=CARTESIAN_POINT('Ctrl Pts',(-4.76384470508323,15.1050207706998,78.8949792293002));
#7831=CARTESIAN_POINT('Ctrl Pts',(-4.79697424120447,15.1336568548488,78.8663431451512));
#7832=CARTESIAN_POINT('Ctrl Pts',(-4.80265782514853,15.1390014678156,78.8609985321844));
#7833=CARTESIAN_POINT('Ctrl Pts',(-4.80807405624142,15.144645896982,78.8553541030181));
#7834=CARTESIAN_POINT('Ctrl Pts',(-1.8348304775644E-16,44.,50.0673652091567));
#7835=CARTESIAN_POINT('Ctrl Pts',(-0.2425663590121,44.,50.0673652091567));
#7836=CARTESIAN_POINT('Ctrl Pts',(-0.483836993072562,44.0083046242203,50.0591865058339));
#7837=CARTESIAN_POINT('Ctrl Pts',(-0.725189642550751,44.0248930679884,50.0428497744724));
#7838=CARTESIAN_POINT('Ctrl Pts',(-1.55199006428674E-16,43.9184661968321,
50.1044704162715));
#7839=CARTESIAN_POINT('Ctrl Pts',(-0.245211621672682,43.9184661968321,50.1044704162715));
#7840=CARTESIAN_POINT('Ctrl Pts',(-0.48911411158778,43.9267694176161,50.0962113579295));
#7841=CARTESIAN_POINT('Ctrl Pts',(-0.733100712497416,43.9433545904036,50.0797133499538));
#7842=CARTESIAN_POINT('Ctrl Pts',(-1.25955946215989E-16,43.843672636573,
50.1563273634271));
#7843=CARTESIAN_POINT('Ctrl Pts',(-0.248035834105324,43.843672636573,50.1563273634271));
#7844=CARTESIAN_POINT('Ctrl Pts',(-0.494747256617196,43.8519881822196,50.1480122058184));
#7845=CARTESIAN_POINT('Ctrl Pts',(-0.741549189804128,43.8685980052599,50.1314019947401));
#7846=CARTESIAN_POINT('Ctrl Pts',(-9.75956999288639E-17,43.7803300858899,
50.2196699141101));
#7847=CARTESIAN_POINT('Ctrl Pts',(-0.250860927725763,43.7803300858899,50.2196699141101));
#7848=CARTESIAN_POINT('Ctrl Pts',(-0.500381827102192,43.7886796098243,50.2113203901757));
#7849=CARTESIAN_POINT('Ctrl Pts',(-0.750000000924875,43.8053579256299,50.1946420743701));
#7850=CARTESIAN_POINT('',(-0.727642218028996,44.000000000003,50.0546635086152));
#7851=CARTESIAN_POINT('Ctrl Pts',(-0.727642218029024,44.,50.0546635086182));
#7852=CARTESIAN_POINT('Ctrl Pts',(-0.484251281791591,44.,50.0627816814512));
#7853=CARTESIAN_POINT('Ctrl Pts',(-0.242004173612032,44.,50.0673652091567));
#7854=CARTESIAN_POINT('Ctrl Pts',(-2.77555756156289E-16,44.,50.0673652091567));
#7855=CARTESIAN_POINT('Ctrl Pts',(-0.727642349428953,44.0000019622248,50.0546674238969));
#7856=CARTESIAN_POINT('Ctrl Pts',(-0.734835268235463,43.9281279014876,50.0904471141657));
#7857=CARTESIAN_POINT('Ctrl Pts',(-0.742416694950718,43.8621061911884,50.1378938088117));
#7858=CARTESIAN_POINT('Ctrl Pts',(-0.750000000924875,43.8053579256299,50.1946420743701));
#7859=CARTESIAN_POINT('Ctrl Pts',(-0.727642218029389,44.,50.0546635086182));
#7860=CARTESIAN_POINT('Ctrl Pts',(-0.484251281791525,44.,50.0627816814512));
#7861=CARTESIAN_POINT('Ctrl Pts',(-0.24200417361154,44.,50.0673652091567));
#7862=CARTESIAN_POINT('Ctrl Pts',(9.18154441365004E-13,44.,50.0673652091567));
#7863=CARTESIAN_POINT('Ctrl Pts',(-0.71726608124878,44.1037062113663,50.0030739246591));
#7864=CARTESIAN_POINT('Ctrl Pts',(-0.477965111114749,44.0994863242318,50.016337278892));
#7865=CARTESIAN_POINT('Ctrl Pts',(-0.238857130894161,44.0971795671652,50.023139773486));
#7866=CARTESIAN_POINT('Ctrl Pts',(9.06187500772693E-13,44.0971795671653,
50.0231397734859));
#7867=CARTESIAN_POINT('Ctrl Pts',(-0.707718504494493,44.219652299754,49.9761249686928));
#7868=CARTESIAN_POINT('Ctrl Pts',(-0.472196362316325,44.2092321698702,49.9920559313186));
#7869=CARTESIAN_POINT('Ctrl Pts',(-0.235968200537282,44.2038905251817,50.));
#7870=CARTESIAN_POINT('Ctrl Pts',(8.95192665563966E-13,44.2038905251817,
50.));
#7871=CARTESIAN_POINT('Ctrl Pts',(-0.699999999999791,44.335688011458,49.976640682967));
#7872=CARTESIAN_POINT('Ctrl Pts',(-0.467441682492569,44.3190396655418,49.9921791391555));
#7873=CARTESIAN_POINT('Ctrl Pts',(-0.233594217142959,44.3106601717798,50.));
#7874=CARTESIAN_POINT('Ctrl Pts',(8.86145944223529E-13,44.3106601717799,
50.));
#7875=CARTESIAN_POINT('',(-0.699999999999511,44.335688011458,49.9766406829671));
#7876=CARTESIAN_POINT('Ctrl Pts',(-0.699999999999791,44.335688011458,49.976640682967));
#7877=CARTESIAN_POINT('Ctrl Pts',(-0.467441682492569,44.3190396655418,49.9921791391555));
#7878=CARTESIAN_POINT('Ctrl Pts',(-0.233594217142959,44.3106601717798,50.));
#7879=CARTESIAN_POINT('Ctrl Pts',(8.86145944223529E-13,44.3106601717799,
50.));
#7880=CARTESIAN_POINT('Origin',(-0.749999999999478,44.335688011458,50.7249721603219));
#7881=CARTESIAN_POINT('Origin',(-9.00000000000001,11.,0.));
#7882=CARTESIAN_POINT('',(-8.8,11.,0.));
#7883=CARTESIAN_POINT('',(-9.00000000000001,11.,0.));
#7884=CARTESIAN_POINT('',(-8.8,11.,0.));
#7885=CARTESIAN_POINT('Origin',(-0.100000000000012,11.,39.5));
#7886=CARTESIAN_POINT('Origin',(0.,39.,39.5));
#7887=CARTESIAN_POINT('',(0.,63.25,29.));
#7888=CARTESIAN_POINT('',(1.28587913910472E-15,63.25,50.));
#7889=CARTESIAN_POINT('Origin',(0.,63.25,39.5));
#7890=CARTESIAN_POINT('',(1.28587913910472E-15,39.,50.));
#7891=CARTESIAN_POINT('',(-0.699999999999511,44.335688011458,29.0233593170329));
#7892=CARTESIAN_POINT('Ctrl Pts',(-0.699999999999791,44.335688011458,29.023359317033));
#7893=CARTESIAN_POINT('Ctrl Pts',(-0.467441682492807,44.3190396655418,29.0078208608445));
#7894=CARTESIAN_POINT('Ctrl Pts',(-0.23359421714296,44.3106601717798,29.));
#7895=CARTESIAN_POINT('Ctrl Pts',(8.86409072894007E-13,44.3106601717798,
29.));
#7896=CARTESIAN_POINT('',(-1.16231327707075,44.2607993854597,29.0645303006551));
#7897=CARTESIAN_POINT('Ctrl Pts',(-1.16231327707075,44.2607993854597,29.0645303006551));
#7898=CARTESIAN_POINT('Ctrl Pts',(-1.01622173744858,44.3208086852682,29.0482584757098));
#7899=CARTESIAN_POINT('Ctrl Pts',(-0.856128977573574,44.3468649465773,29.0337911231442));
#7900=CARTESIAN_POINT('Ctrl Pts',(-0.699999999999512,44.335688011458,29.0233593170329));
#7901=CARTESIAN_POINT('',(-1.54809784490691,43.9996519857265,29.114813384865));
#7902=CARTESIAN_POINT('Ctrl Pts',(-1.54816981512705,44.,29.1147619081925));
#7903=CARTESIAN_POINT('Ctrl Pts',(-1.5477625857355,44.0004048319957,29.1147012008456));
#7904=CARTESIAN_POINT('Ctrl Pts',(-1.54735490415083,44.000809340378,29.1146404668534));
#7905=CARTESIAN_POINT('Ctrl Pts',(-1.43532251261094,44.1120058376452,29.0979464783881));
#7906=CARTESIAN_POINT('Ctrl Pts',(-1.30451630032655,44.2023873523037,29.0803690186747));
#7907=CARTESIAN_POINT('Ctrl Pts',(-1.16231327707075,44.2607993854597,29.0645303006551));
#7908=CARTESIAN_POINT('',(-2.09999999999999,42.4166359861221,29.2121430803107));
#7909=CARTESIAN_POINT('Ctrl Pts',(-2.09999999999999,42.4166359861221,29.2121430803107));
#7910=CARTESIAN_POINT('Ctrl Pts',(-2.09999999994817,42.8085053683346,29.2121430803));
#7911=CARTESIAN_POINT('Ctrl Pts',(-2.03115365965558,43.2041653504768,29.1969583412686));
#7912=CARTESIAN_POINT('Ctrl Pts',(-1.86197950751778,43.5503925132174,29.1665914583776));
#7913=CARTESIAN_POINT('Ctrl Pts',(-1.78054423021949,43.7170557099865,29.1519737670953));
#7914=CARTESIAN_POINT('Ctrl Pts',(-1.67586133376882,43.8722645020602,29.1338381211015));
#7915=CARTESIAN_POINT('Ctrl Pts',(-1.54806381570535,43.9994874364472,29.1148377242384));
#7916=CARTESIAN_POINT('',(-2.09999999999998,26.3505437985113,29.2121430803107));
#7917=CARTESIAN_POINT('',(-2.09999999999998,39.,29.2121430803107));
#7918=CARTESIAN_POINT('',(-6.96694777770582,24.6241040328682,31.6443244298966));
#7919=CARTESIAN_POINT('Ctrl Pts',(-6.9669222377859,24.6240704065254,31.6443311712293));
#7920=CARTESIAN_POINT('Ctrl Pts',(-5.63738191121051,25.3976279578083,30.4658642701226));
#7921=CARTESIAN_POINT('Ctrl Pts',(-3.95992171806128,26.0669326916342,29.5917980112082));
#7922=CARTESIAN_POINT('Ctrl Pts',(-2.09999999999998,26.3505437985113,29.2121430803107));
#7923=CARTESIAN_POINT('',(-9.44996164806826,32.1704235787064,34.9230769232989));
#7924=CARTESIAN_POINT('Ctrl Pts',(-9.44996164817605,32.1704235787068,34.9230769235215));
#7925=CARTESIAN_POINT('Ctrl Pts',(-8.95036998379231,31.4906910573578,33.8915712614671));
#7926=CARTESIAN_POINT('Ctrl Pts',(-7.5876136689346,29.2760651613605,32.1110310777798));
#7927=CARTESIAN_POINT('Ctrl Pts',(-6.95639326979244,26.3076299612005,31.6349639739058));
#7928=CARTESIAN_POINT('Ctrl Pts',(-6.96694777770581,24.6241040328682,31.6443244298966));
#7929=CARTESIAN_POINT('',(-9.44996164796074,48.9,34.9230769230769));
#7930=CARTESIAN_POINT('',(-9.44996164796074,39.,34.9230769230769));
#7931=CARTESIAN_POINT('',(-9.44996164796074,48.9,44.0769230769231));
#7932=CARTESIAN_POINT('Ctrl Pts',(-9.44996164796074,48.9,44.0769230769231));
#7933=CARTESIAN_POINT('Ctrl Pts',(-9.44996164796074,49.5440712542812,44.0769230769231));
#7934=CARTESIAN_POINT('Ctrl Pts',(-9.61677382688994,50.8254099915781,43.7514939655042));
#7935=CARTESIAN_POINT('Ctrl Pts',(-10.1226136342284,52.3238300373832,42.4582790889188));
#7936=CARTESIAN_POINT('Ctrl Pts',(-10.5151669678489,53.1839398991465,40.5737025284428));
#7937=CARTESIAN_POINT('Ctrl Pts',(-10.5170849747733,53.1854172502166,38.4246962443627));
#7938=CARTESIAN_POINT('Ctrl Pts',(-10.1226471610482,52.3242798992905,36.5423798748171));
#7939=CARTESIAN_POINT('Ctrl Pts',(-9.61731676675613,50.8260875286134,35.2484034081447));
#7940=CARTESIAN_POINT('Ctrl Pts',(-9.44996164796074,49.5440712542812,34.9230769230769));
#7941=CARTESIAN_POINT('Ctrl Pts',(-9.44996164796074,48.9,34.9230769230769));
#7942=CARTESIAN_POINT('',(-9.44996164798198,32.1704235784717,44.0769230768792));
#7943=CARTESIAN_POINT('',(-9.44996164796073,39.,44.0769230769231));
#7944=CARTESIAN_POINT('',(-6.96694777770584,24.6241040328681,47.3556755701034));
#7945=CARTESIAN_POINT('Ctrl Pts',(-6.96694777770582,24.6241040328681,47.3556755701034));
#7946=CARTESIAN_POINT('Ctrl Pts',(-6.95903180568442,25.8867630080985,47.3626959928781));
#7947=CARTESIAN_POINT('Ctrl Pts',(-7.28145396026092,27.9974023604277,47.1012647338861));
#7948=CARTESIAN_POINT('Ctrl Pts',(-8.37181589207407,30.5756793719854,45.9159072140283));
#7949=CARTESIAN_POINT('Ctrl Pts',(-9.11690975803627,31.7172811082166,44.7645744824079));
#7950=CARTESIAN_POINT('Ctrl Pts',(-9.44996164800343,32.1704235784719,44.0769230768349));
#7951=CARTESIAN_POINT('',(-2.09999999999999,26.3505437985113,49.7878569196893));
#7952=CARTESIAN_POINT('Ctrl Pts',(-2.09999999999999,26.3505437985113,49.7878569196893));
#7953=CARTESIAN_POINT('Ctrl Pts',(-3.95991536658404,26.0669336601425,49.4082032852816));
#7954=CARTESIAN_POINT('Ctrl Pts',(-5.63739057749433,25.397616945138,48.534123819806));
#7955=CARTESIAN_POINT('Ctrl Pts',(-6.96692197211997,24.6240700772273,47.3556687450219));
#7956=CARTESIAN_POINT('',(-2.09999999999999,42.4166359861221,49.7878569196893));
#7957=CARTESIAN_POINT('',(-2.09999999999998,39.,49.7878569196893));
#7958=CARTESIAN_POINT('',(-1.54809818765505,43.9996502286733,49.8851862470719));
#7959=CARTESIAN_POINT('Ctrl Pts',(-2.09999999999999,42.4166359861221,49.7878569196893));
#7960=CARTESIAN_POINT('Ctrl Pts',(-2.09999999994817,42.8085053683346,49.7878569197));
#7961=CARTESIAN_POINT('Ctrl Pts',(-2.03115440188499,43.2041634534846,49.803041244281));
#7962=CARTESIAN_POINT('Ctrl Pts',(-1.86198020627012,43.5503895520686,49.8334079336268));
#7963=CARTESIAN_POINT('Ctrl Pts',(-1.78054490804329,43.7170522365851,49.8480255317425));
#7964=CARTESIAN_POINT('Ctrl Pts',(-1.67586180860285,43.8722607093881,49.8661611357569));
#7965=CARTESIAN_POINT('Ctrl Pts',(-1.54806411628208,43.9994838513184,49.8851615858453));
#7966=CARTESIAN_POINT('',(-1.16231327707075,44.2607993854597,49.9354696993449));
#7967=CARTESIAN_POINT('Ctrl Pts',(-1.54816981512705,44.,49.8852380918075));
#7968=CARTESIAN_POINT('Ctrl Pts',(-1.54776258574085,44.0004048319907,49.8852987991536));
#7969=CARTESIAN_POINT('Ctrl Pts',(-1.5473549042261,44.0008093403418,49.8853595331376));
#7970=CARTESIAN_POINT('Ctrl Pts',(-1.43532249938414,44.1120058365936,49.9020535226925));
#7971=CARTESIAN_POINT('Ctrl Pts',(-1.30451630032656,44.2023873523037,49.9196309813253));
#7972=CARTESIAN_POINT('Ctrl Pts',(-1.16231327707075,44.2607993854597,49.9354696993449));
#7973=CARTESIAN_POINT('Ctrl Pts',(-1.16231327707075,44.2607993854597,49.9354696993449));
#7974=CARTESIAN_POINT('Ctrl Pts',(-1.01622173744858,44.3208086852682,49.9517415242902));
#7975=CARTESIAN_POINT('Ctrl Pts',(-0.85612897757358,44.3468649465772,49.9662088768558));
#7976=CARTESIAN_POINT('Ctrl Pts',(-0.699999999999513,44.335688011458,49.9766406829671));
#7977=CARTESIAN_POINT('Origin',(0.,63.25,39.5));
#7978=CARTESIAN_POINT('Origin',(0.,26.1,36.));
#7979=CARTESIAN_POINT('',(-8.77496438739211,48.9,36.));
#7980=CARTESIAN_POINT('',(0.,48.9,36.));
#7981=CARTESIAN_POINT('',(-8.77496438767845,32.1704235788334,36.));
#7982=CARTESIAN_POINT('',(-8.77496438739211,39.,36.));
#7983=CARTESIAN_POINT('',(-6.54312257670576,26.1,36.));
#7984=CARTESIAN_POINT('Origin',(-19.7190841375484,24.7012373513715,36.));
#7985=CARTESIAN_POINT('',(0.,26.1,36.));
#7986=CARTESIAN_POINT('Origin',(0.,63.25,39.5));
#7987=CARTESIAN_POINT('',(0.,64.,29.75));
#7988=CARTESIAN_POINT('Origin',(0.,64.,39.5));
#7989=CARTESIAN_POINT('Origin',(-1.19403062916867E-15,63.25,29.75));
#7990=CARTESIAN_POINT('Origin',(0.,64.,32.));
#7991=CARTESIAN_POINT('',(9.18485099360513E-16,64.,47.));
#7992=CARTESIAN_POINT('Origin',(0.,64.,39.5));
#7993=CARTESIAN_POINT('Origin',(0.,62.5,39.5));
#7994=CARTESIAN_POINT('',(9.18485099360513E-16,61.,47.));
#7995=CARTESIAN_POINT('',(9.18485099360513E-16,62.5,47.));
#7996=CARTESIAN_POINT('Origin',(0.,61.,39.5));
#7997=CARTESIAN_POINT('Ctrl Pts',(-8.77496438739211,48.9,36.));
#7998=CARTESIAN_POINT('Ctrl Pts',(-8.77496438739211,49.4304116211728,36.));
#7999=CARTESIAN_POINT('Ctrl Pts',(-8.93036556913069,50.4861897294463,36.2487790768165));
#8000=CARTESIAN_POINT('Ctrl Pts',(-9.39960093525908,51.7199952111805,37.2382904925072));
#8001=CARTESIAN_POINT('Ctrl Pts',(-9.76586461943237,52.4291671472372,38.6777088927479));
#8002=CARTESIAN_POINT('Ctrl Pts',(-9.76408361300253,52.4279505051794,40.3210666393974));
#8003=CARTESIAN_POINT('Ctrl Pts',(-9.39956980321205,51.7196247366685,41.7622134209379));
#8004=CARTESIAN_POINT('Ctrl Pts',(-8.92986141068351,50.4856317577702,42.7511424442091));
#8005=CARTESIAN_POINT('Ctrl Pts',(-8.77496438739211,49.4304116211728,43.));
#8006=CARTESIAN_POINT('Ctrl Pts',(-8.77496438739211,48.9,43.));
#8007=CARTESIAN_POINT('Ctrl Pts',(-8.91938092439931,48.9,36.));
#8008=CARTESIAN_POINT('Ctrl Pts',(-8.91938092439931,49.4197604725543,36.));
#8009=CARTESIAN_POINT('Ctrl Pts',(-9.0665130261716,50.4569490953325,36.2370978647133));
#8010=CARTESIAN_POINT('Ctrl Pts',(-9.51958374201465,51.7019588769843,37.2126121948886));
#8011=CARTESIAN_POINT('Ctrl Pts',(-9.877588891487,52.4299806547552,38.6649494119841));
#8012=CARTESIAN_POINT('Ctrl Pts',(-9.87583004542471,52.4285923680447,40.3337666889901));
#8013=CARTESIAN_POINT('Ctrl Pts',(-9.51958405668147,51.701623836551,41.7878823005032));
#8014=CARTESIAN_POINT('Ctrl Pts',(-9.06601687261749,50.4563578330069,42.7628746468028));
#8015=CARTESIAN_POINT('Ctrl Pts',(-8.91938092439931,49.4197604725543,43.));
#8016=CARTESIAN_POINT('Ctrl Pts',(-8.91938092439931,48.9,43.));
#8017=CARTESIAN_POINT('Ctrl Pts',(-9.20703141479657,48.9,35.9141302074092));
#8018=CARTESIAN_POINT('Ctrl Pts',(-9.20703141479657,49.411647821219,35.9141302074092));
#8019=CARTESIAN_POINT('Ctrl Pts',(-9.33781220547727,50.4369867017952,36.1408646747633));
#8020=CARTESIAN_POINT('Ctrl Pts',(-9.75883444039092,51.7180295446687,37.1232221435054));
#8021=CARTESIAN_POINT('Ctrl Pts',(-10.1004765720203,52.4830781080395,38.6285420018138));
#8022=CARTESIAN_POINT('Ctrl Pts',(-10.0987746291737,52.4814278265079,40.3701007193151));
#8023=CARTESIAN_POINT('Ctrl Pts',(-9.75889702437077,51.717748008565,41.8772840934512));
#8024=CARTESIAN_POINT('Ctrl Pts',(-9.33733119316531,50.4363532247341,42.8591477409577));
#8025=CARTESIAN_POINT('Ctrl Pts',(-9.20703141479657,49.411647821219,43.0858697925908));
#8026=CARTESIAN_POINT('Ctrl Pts',(-9.20703141479657,48.9,43.0858697925908));
#8027=CARTESIAN_POINT('Ctrl Pts',(-9.54992824855918,48.9,35.5125629828464));
#8028=CARTESIAN_POINT('Ctrl Pts',(-9.54992824855919,49.4473851223618,35.5125629828464));
#8029=CARTESIAN_POINT('Ctrl Pts',(-9.67314373984544,50.544913544546,35.7693757494958));
#8030=CARTESIAN_POINT('Ctrl Pts',(-10.0805168117161,51.9180697933583,36.8696060609415));
#8031=CARTESIAN_POINT('Ctrl Pts',(-10.4159140411649,52.7362390463955,38.5379336116051));
#8032=CARTESIAN_POINT('Ctrl Pts',(-10.4141946763604,52.7344835722411,40.4606499148744));
#8033=CARTESIAN_POINT('Ctrl Pts',(-10.0806114356222,51.9177723216752,42.1309310911116));
#8034=CARTESIAN_POINT('Ctrl Pts',(-9.67266955707019,50.544248599929,43.2306308404494));
#8035=CARTESIAN_POINT('Ctrl Pts',(-9.54992824855919,49.4473851223618,43.4874370171536));
#8036=CARTESIAN_POINT('Ctrl Pts',(-9.54992824855919,48.9,43.4874370171536));
#8037=CARTESIAN_POINT('Ctrl Pts',(-9.54438784523468,48.9,35.1180384567983));
#8038=CARTESIAN_POINT('Ctrl Pts',(-9.54438784523468,49.5074699502724,35.1180384567983));
#8039=CARTESIAN_POINT('Ctrl Pts',(-9.69151983270419,50.719805591807,35.4214850422603));
#8040=CARTESIAN_POINT('Ctrl Pts',(-10.1497147639029,52.1712740827734,36.6534328004891));
#8041=CARTESIAN_POINT('Ctrl Pts',(-10.5146676054592,53.01651970169,38.4638206035503));
#8042=CARTESIAN_POINT('Ctrl Pts',(-10.5129339749131,53.0149430973928,40.5346585773124));
#8043=CARTESIAN_POINT('Ctrl Pts',(-10.1497356695597,52.1708809346585,42.3471976107126));
#8044=CARTESIAN_POINT('Ctrl Pts',(-9.69100854227346,50.7191320267771,43.5784260962394));
#8045=CARTESIAN_POINT('Ctrl Pts',(-9.54438784523468,49.5074699502724,43.8819615432017));
#8046=CARTESIAN_POINT('Ctrl Pts',(-9.54438784523468,48.9,43.8819615432017));
#8047=CARTESIAN_POINT('Ctrl Pts',(-9.44996164796074,48.9,34.9230769230769));
#8048=CARTESIAN_POINT('Ctrl Pts',(-9.44996164796074,49.5440712542812,34.9230769230769));
#8049=CARTESIAN_POINT('Ctrl Pts',(-9.61731676675613,50.8260875286134,35.2484034081447));
#8050=CARTESIAN_POINT('Ctrl Pts',(-10.1226471610482,52.3242798992905,36.5423798748171));
#8051=CARTESIAN_POINT('Ctrl Pts',(-10.5170849747733,53.1854172502166,38.4246962443627));
#8052=CARTESIAN_POINT('Ctrl Pts',(-10.5151669678489,53.1839398991465,40.5737025284428));
#8053=CARTESIAN_POINT('Ctrl Pts',(-10.1226136342284,52.3238300373832,42.4582790889188));
#8054=CARTESIAN_POINT('Ctrl Pts',(-9.61677382688994,50.8254099915781,43.7514939655042));
#8055=CARTESIAN_POINT('Ctrl Pts',(-9.44996164796074,49.5440712542812,44.0769230769231));
#8056=CARTESIAN_POINT('Ctrl Pts',(-9.44996164796074,48.9,44.0769230769231));
#8057=CARTESIAN_POINT('',(-8.77496438739211,48.9,43.));
#8058=CARTESIAN_POINT('Origin',(-8.77496438739211,48.9,43.75));
#8059=CARTESIAN_POINT('Origin',(-8.77496438739211,48.9,35.25));
#8060=CARTESIAN_POINT('Ctrl Pts',(-8.77496438739211,48.9,36.));
#8061=CARTESIAN_POINT('Ctrl Pts',(-8.77496438739211,49.4304116211728,36.));
#8062=CARTESIAN_POINT('Ctrl Pts',(-8.93036556913069,50.4861897294463,36.2487790768165));
#8063=CARTESIAN_POINT('Ctrl Pts',(-9.39960093525908,51.7199952111805,37.2382904925072));
#8064=CARTESIAN_POINT('Ctrl Pts',(-9.76586461943237,52.4291671472372,38.6777088927479));
#8065=CARTESIAN_POINT('Ctrl Pts',(-9.76408361300253,52.4279505051794,40.3210666393974));
#8066=CARTESIAN_POINT('Ctrl Pts',(-9.39956980321205,51.7196247366685,41.7622134209379));
#8067=CARTESIAN_POINT('Ctrl Pts',(-8.92986141068351,50.4856317577702,42.7511424442091));
#8068=CARTESIAN_POINT('Ctrl Pts',(-8.77496438739211,49.4304116211728,43.));
#8069=CARTESIAN_POINT('Ctrl Pts',(-8.77496438739211,48.9,43.));
#8070=CARTESIAN_POINT('Origin',(-8.77496438739211,39.,43.75));
#8071=CARTESIAN_POINT('',(-8.77496438739211,32.1704235784717,43.));
#8072=CARTESIAN_POINT('Origin',(-8.77496438739211,32.1704235784717,43.75));
#8073=CARTESIAN_POINT('',(-8.77496438739211,39.,43.));
#8074=CARTESIAN_POINT('Origin',(-8.77496438739211,39.,35.25));
#8075=CARTESIAN_POINT('Origin',(-8.77496438739211,32.1704235787064,35.25));
#8076=CARTESIAN_POINT('Origin',(-19.7190841375484,24.7012373513715,43.75));
#8077=CARTESIAN_POINT('',(-9.39444286386961,31.7476394524333,43.7499999999414));
#8078=CARTESIAN_POINT('Origin',(-8.77496438744889,32.1704235784971,43.75));
#8079=CARTESIAN_POINT('',(-6.54312257670576,26.1,43.));
#8080=CARTESIAN_POINT('Origin',(-19.7190841375484,24.7012373513715,43.));
#8081=CARTESIAN_POINT('',(-7.28893172165912,26.020824755738,43.75));
#8082=CARTESIAN_POINT('Origin',(-6.54312257670576,26.1,43.75));
#8083=CARTESIAN_POINT('Origin',(-19.7190841375484,24.7012373513715,43.75));
#8084=CARTESIAN_POINT('Ctrl Pts',(-6.54312257670576,26.1,43.));
#8085=CARTESIAN_POINT('Ctrl Pts',(-6.47586725762531,25.5782721211119,43.));
#8086=CARTESIAN_POINT('Ctrl Pts',(-6.43944328217195,24.5268942298924,42.7601852865808));
#8087=CARTESIAN_POINT('Ctrl Pts',(-6.6081373242669,23.2699743371389,41.755923873433));
#8088=CARTESIAN_POINT('Ctrl Pts',(-6.7859707706836,22.571503150616,40.3081738042097));
#8089=CARTESIAN_POINT('Ctrl Pts',(-6.78715646135257,22.5705826632325,38.6912294320626));
#8090=CARTESIAN_POINT('Ctrl Pts',(-6.60786487692762,23.2700704923174,37.2441775988706));
#8091=CARTESIAN_POINT('Ctrl Pts',(-6.43969433894507,24.5268016113978,36.2397528501757));
#8092=CARTESIAN_POINT('Ctrl Pts',(-6.47586725762531,25.5782721211119,36.));
#8093=CARTESIAN_POINT('Ctrl Pts',(-6.54312257670576,26.1,36.));
#8094=CARTESIAN_POINT('Ctrl Pts',(-6.76626815106438,26.0763108223124,43.));
#8095=CARTESIAN_POINT('Ctrl Pts',(-6.70244073141206,25.5654735466276,42.9963608332088));
#8096=CARTESIAN_POINT('Ctrl Pts',(-6.66432593456206,24.5396752869134,42.7607317516043));
#8097=CARTESIAN_POINT('Ctrl Pts',(-6.81429121555764,23.2861422684521,41.775384315045));
#8098=CARTESIAN_POINT('Ctrl Pts',(-6.97849245226637,22.5717877863521,40.319749742783));
#8099=CARTESIAN_POINT('Ctrl Pts',(-6.97958618060902,22.5707442796974,38.6795475694066));
#8100=CARTESIAN_POINT('Ctrl Pts',(-6.81404609065833,23.2863439371288,37.2246310157113));
#8101=CARTESIAN_POINT('Ctrl Pts',(-6.6645793434033,24.5395407604779,36.2393758361795));
#8102=CARTESIAN_POINT('Ctrl Pts',(-6.70244073141206,25.5654735466276,36.0036391667912));
#8103=CARTESIAN_POINT('Ctrl Pts',(-6.76626815106438,26.0763108223124,36.));
#8104=CARTESIAN_POINT('Ctrl Pts',(-7.15250310999901,26.0353080437556,43.1884262103905));
#8105=CARTESIAN_POINT('Ctrl Pts',(-7.09427632107257,25.5140573852132,43.1828147236181));
#8106=CARTESIAN_POINT('Ctrl Pts',(-7.05333235518386,24.4714627576254,42.9378415432382));
#8107=CARTESIAN_POINT('Ctrl Pts',(-7.17286369765587,23.1787586115599,41.9079059488633));
#8108=CARTESIAN_POINT('Ctrl Pts',(-7.31436102433001,22.4319791684436,40.3694362223665));
#8109=CARTESIAN_POINT('Ctrl Pts',(-7.31538341636118,22.4307010792513,38.6296823766476));
#8110=CARTESIAN_POINT('Ctrl Pts',(-7.17266480694132,23.1790679773268,37.0922869965512));
#8111=CARTESIAN_POINT('Ctrl Pts',(-7.05358383256003,24.4713242899686,36.0621208536479));
#8112=CARTESIAN_POINT('Ctrl Pts',(-7.09427632107257,25.5140573852131,35.8171852763819));
#8113=CARTESIAN_POINT('Ctrl Pts',(-7.15250310999901,26.0353080437556,35.8115737896096));
#8114=CARTESIAN_POINT('Ctrl Pts',(-7.28893172165912,26.020824755738,43.5817003935577));
#8115=CARTESIAN_POINT('Ctrl Pts',(-7.22814490052457,25.4479412469929,43.5800289640012));
#8116=CARTESIAN_POINT('Ctrl Pts',(-7.19110589433954,24.2963013585889,43.3027098925827));
#8117=CARTESIAN_POINT('Ctrl Pts',(-7.33149305015375,22.9043733000967,42.1399848315258));
#8118=CARTESIAN_POINT('Ctrl Pts',(-7.48607089554457,22.1212221835408,40.4477973451125));
#8119=CARTESIAN_POINT('Ctrl Pts',(-7.48711637227393,22.1200946086315,38.5514267760222));
#8120=CARTESIAN_POINT('Ctrl Pts',(-7.33126529987065,22.9045471755743,36.8601678285378));
#8121=CARTESIAN_POINT('Ctrl Pts',(-7.19134730755347,24.2961819081971,35.6972172790438));
#8122=CARTESIAN_POINT('Ctrl Pts',(-7.22814490052457,25.4479412469928,35.4199710359988));
#8123=CARTESIAN_POINT('Ctrl Pts',(-7.28893172165912,26.020824755738,35.4182996064423));
#8124=CARTESIAN_POINT('Ctrl Pts',(-7.28893172165912,26.020824755738,43.75));
#8125=CARTESIAN_POINT('Ctrl Pts',(-7.22548330743228,25.4231580481169,43.75));
#8126=CARTESIAN_POINT('Ctrl Pts',(-7.19112106643854,24.2187494126228,43.4587964194195));
#8127=CARTESIAN_POINT('Ctrl Pts',(-7.35026638916963,22.7788816109511,42.2393361320258));
#8128=CARTESIAN_POINT('Ctrl Pts',(-7.51803379144953,21.9787461546917,40.4813539051118));
#8129=CARTESIAN_POINT('Ctrl Pts',(-7.51915236755233,21.9776916880125,38.5179214532189));
#8130=CARTESIAN_POINT('Ctrl Pts',(-7.35000936337784,22.778991761762,36.7607870843429));
#8131=CARTESIAN_POINT('Ctrl Pts',(-7.19135791245091,24.2186433132692,35.5411284609277));
#8132=CARTESIAN_POINT('Ctrl Pts',(-7.22548330743228,25.4231580481169,35.25));
#8133=CARTESIAN_POINT('Ctrl Pts',(-7.28893172165912,26.020824755738,35.25));
#8134=CARTESIAN_POINT('',(-7.28893172165911,26.020824755738,35.25));
#8135=CARTESIAN_POINT('Origin',(-6.54312257670576,26.1,35.25));
#8136=CARTESIAN_POINT('Ctrl Pts',(-7.28893172165912,26.020824755738,35.25));
#8137=CARTESIAN_POINT('Ctrl Pts',(-7.22548330743228,25.4231580481169,35.25));
#8138=CARTESIAN_POINT('Ctrl Pts',(-7.19135791245091,24.2186433132692,35.5411284609277));
#8139=CARTESIAN_POINT('Ctrl Pts',(-7.35000936337784,22.778991761762,36.7607870843429));
#8140=CARTESIAN_POINT('Ctrl Pts',(-7.51915236755233,21.9776916880125,38.5179214532189));
#8141=CARTESIAN_POINT('Ctrl Pts',(-7.51803379144953,21.9787461546917,40.4813539051118));
#8142=CARTESIAN_POINT('Ctrl Pts',(-7.35026638916963,22.7788816109511,42.2393361320258));
#8143=CARTESIAN_POINT('Ctrl Pts',(-7.19112106643854,24.2187494126228,43.4587964194195));
#8144=CARTESIAN_POINT('Ctrl Pts',(-7.22548330743228,25.4231580481169,43.75));
#8145=CARTESIAN_POINT('Ctrl Pts',(-7.28893172165912,26.020824755738,43.75));
#8146=CARTESIAN_POINT('Ctrl Pts',(-6.54312257670576,26.1,43.));
#8147=CARTESIAN_POINT('Ctrl Pts',(-6.47586725762531,25.5782721211119,43.));
#8148=CARTESIAN_POINT('Ctrl Pts',(-6.43944328217195,24.5268942298924,42.7601852865808));
#8149=CARTESIAN_POINT('Ctrl Pts',(-6.6081373242669,23.2699743371389,41.755923873433));
#8150=CARTESIAN_POINT('Ctrl Pts',(-6.7859707706836,22.571503150616,40.3081738042097));
#8151=CARTESIAN_POINT('Ctrl Pts',(-6.78715646135257,22.5705826632325,38.6912294320626));
#8152=CARTESIAN_POINT('Ctrl Pts',(-6.60786487692762,23.2700704923174,37.2441775988706));
#8153=CARTESIAN_POINT('Ctrl Pts',(-6.43969433894507,24.5268016113978,36.2397528501757));
#8154=CARTESIAN_POINT('Ctrl Pts',(-6.47586725762531,25.5782721211119,36.));
#8155=CARTESIAN_POINT('Ctrl Pts',(-6.54312257670576,26.1,36.));
#8156=CARTESIAN_POINT('Origin',(-19.7190841375484,24.7012373513715,35.25));
#8157=CARTESIAN_POINT('',(-9.39444286408618,31.7476394527507,35.2500000002956));
#8158=CARTESIAN_POINT('Origin',(-8.77496438767845,32.1704235788334,35.25));
#8159=CARTESIAN_POINT('Origin',(-19.7190841375484,24.7012373513715,35.25));
#8160=CARTESIAN_POINT('Origin',(-8.77496438740354,32.1704235784306,43.7499999999764));
#8161=CARTESIAN_POINT('Origin',(-8.77496438740354,32.1704235784306,43.7499999999764));
#8162=CARTESIAN_POINT('Origin',(-8.77496438751372,32.1704235785921,35.2500000002511));
#8163=CARTESIAN_POINT('Origin',(-8.77496438751372,32.1704235785921,35.2500000002511));
#8164=CARTESIAN_POINT('Origin',(0.,48.9,43.));
#8165=CARTESIAN_POINT('',(0.,26.1,43.));
#8166=CARTESIAN_POINT('',(0.,48.9,43.));
#8167=CARTESIAN_POINT('Origin',(0.,48.9,39.5));
#8168=CARTESIAN_POINT('Origin',(0.,48.9,39.5));
#8169=CARTESIAN_POINT('Ctrl Pts',(-9.39444286385345,31.7476394524097,43.7499999999181));
#8170=CARTESIAN_POINT('Ctrl Pts',(-9.10268581738626,31.3201465559423,44.3885334479502));
#8171=CARTESIAN_POINT('Ctrl Pts',(-8.44997555744633,30.2431637859129,45.457628127312));
#8172=CARTESIAN_POINT('Ctrl Pts',(-7.49480674925421,27.8108269825566,46.5583172528943));
#8173=CARTESIAN_POINT('Ctrl Pts',(-7.21236146559555,25.819657782246,46.8010748505297));
#8174=CARTESIAN_POINT('Ctrl Pts',(-7.21929594243371,24.6284700697645,46.7945558865246));
#8175=CARTESIAN_POINT('Ctrl Pts',(-9.4727631184089,31.8623971005192,43.8693721012489));
#8176=CARTESIAN_POINT('Ctrl Pts',(-9.16892234480688,31.4273700232954,44.5260998136458));
#8177=CARTESIAN_POINT('Ctrl Pts',(-8.49037231855779,30.3311144436712,45.6261665767717));
#8178=CARTESIAN_POINT('Ctrl Pts',(-7.50278945214816,27.8576184288122,46.7613927678582));
#8179=CARTESIAN_POINT('Ctrl Pts',(-7.21216255900706,25.8363590176743,47.0126192730135));
#8180=CARTESIAN_POINT('Ctrl Pts',(-7.21930229363503,24.6273790757138,47.0058778256876));
#8181=CARTESIAN_POINT('Ctrl Pts',(-9.49294023285095,32.0160489469429,43.9881853000193));
#8182=CARTESIAN_POINT('Ctrl Pts',(-9.17412210433614,31.5719711203722,44.6629829573603));
#8183=CARTESIAN_POINT('Ctrl Pts',(-8.46196733979049,30.4530348096621,45.7938104558941));
#8184=CARTESIAN_POINT('Ctrl Pts',(-7.42374882071408,27.9272244096587,46.9629384819918));
#8185=CARTESIAN_POINT('Ctrl Pts',(-7.11752838514136,25.8614408106187,47.2224189080444));
#8186=CARTESIAN_POINT('Ctrl Pts',(-7.12504763160327,24.6257483155593,47.2154618588908));
#8187=CARTESIAN_POINT('Ctrl Pts',(-9.44996164800343,32.1704235784719,44.0769230768349));
#8188=CARTESIAN_POINT('Ctrl Pts',(-9.11690975803627,31.7172811082166,44.7645744824079));
#8189=CARTESIAN_POINT('Ctrl Pts',(-8.37181589207407,30.5756793719854,45.9159072140283));
#8190=CARTESIAN_POINT('Ctrl Pts',(-7.28145396026092,27.9974023604277,47.1012647338861));
#8191=CARTESIAN_POINT('Ctrl Pts',(-6.95903180568442,25.8867630080985,47.3626959928781));
#8192=CARTESIAN_POINT('Ctrl Pts',(-6.96694777770582,24.6241040328681,47.3556755701034));
#8193=CARTESIAN_POINT('',(-7.21929594243371,24.6284700697645,46.7945558865246));
#8194=CARTESIAN_POINT('Ctrl Pts',(-9.39444286385345,31.7476394524097,43.7499999999181));
#8195=CARTESIAN_POINT('Ctrl Pts',(-9.10268581738626,31.3201465559423,44.3885334479502));
#8196=CARTESIAN_POINT('Ctrl Pts',(-8.44997555744633,30.2431637859129,45.457628127312));
#8197=CARTESIAN_POINT('Ctrl Pts',(-7.49480674925421,27.8108269825566,46.5583172528943));
#8198=CARTESIAN_POINT('Ctrl Pts',(-7.21236146559555,25.819657782246,46.8010748505297));
#8199=CARTESIAN_POINT('Ctrl Pts',(-7.21929594243371,24.6284700697645,46.7945558865246));
#8200=CARTESIAN_POINT('Origin',(-6.46930865072683,24.6241040328681,46.7945558865246));
#8201=CARTESIAN_POINT('Origin',(0.,26.1,39.5));
#8202=CARTESIAN_POINT('Origin',(0.,26.1,39.5));
#8203=CARTESIAN_POINT('Ctrl Pts',(-7.2192959424337,24.6284700697646,32.2054441134754));
#8204=CARTESIAN_POINT('Ctrl Pts',(-7.21005007970636,26.2167020776253,32.196752261484));
#8205=CARTESIAN_POINT('Ctrl Pts',(-7.76300595496567,29.0171126438139,32.6388145722241));
#8206=CARTESIAN_POINT('Ctrl Pts',(-8.95679517957147,31.106382357019,34.2921733142195));
#8207=CARTESIAN_POINT('Ctrl Pts',(-9.39444286400467,31.7476394526312,35.2500000004128));
#8208=CARTESIAN_POINT('Ctrl Pts',(-7.21930229363503,24.6273790757139,31.9941221743124));
#8209=CARTESIAN_POINT('Ctrl Pts',(-7.2097827570037,26.2393337832412,31.9851336813066));
#8210=CARTESIAN_POINT('Ctrl Pts',(-7.77828456221265,29.0827957290701,32.4430568521842));
#8211=CARTESIAN_POINT('Ctrl Pts',(-9.0169893416737,31.2098384211539,34.1455090608614));
#8212=CARTESIAN_POINT('Ctrl Pts',(-9.47276311856639,31.8623971007447,35.1306278990914));
#8213=CARTESIAN_POINT('Ctrl Pts',(-7.12504763160326,24.6257483155594,31.7845381411092));
#8214=CARTESIAN_POINT('Ctrl Pts',(-7.1150220850159,26.2733193507224,31.7752621823075));
#8215=CARTESIAN_POINT('Ctrl Pts',(-7.71407103306805,29.1790596059493,32.2485464757615));
#8216=CARTESIAN_POINT('Ctrl Pts',(-9.01469980184428,31.3499137677449,33.9995901943569));
#8217=CARTESIAN_POINT('Ctrl Pts',(-9.4929402330162,32.0160489471731,35.0118147003304));
#8218=CARTESIAN_POINT('Ctrl Pts',(-6.96694777770581,24.6241040328682,31.6443244298966));
#8219=CARTESIAN_POINT('Ctrl Pts',(-6.95639326979244,26.3076299612005,31.6349639739058));
#8220=CARTESIAN_POINT('Ctrl Pts',(-7.5876136689346,29.2760651613605,32.1110310777798));
#8221=CARTESIAN_POINT('Ctrl Pts',(-8.95036998379231,31.4906910573578,33.8915712614671));
#8222=CARTESIAN_POINT('Ctrl Pts',(-9.44996164817605,32.1704235787068,34.9230769235215));
#8223=CARTESIAN_POINT('',(-7.21929594243371,24.6284700697646,32.2054441134754));
#8224=CARTESIAN_POINT('Origin',(-6.46930865072683,24.6241040328682,32.2054441134754));
#8225=CARTESIAN_POINT('Ctrl Pts',(-7.2192959424337,24.6284700697646,32.2054441134754));
#8226=CARTESIAN_POINT('Ctrl Pts',(-7.21005007970636,26.2167020776253,32.196752261484));
#8227=CARTESIAN_POINT('Ctrl Pts',(-7.76300595496567,29.0171126438139,32.6388145722241));
#8228=CARTESIAN_POINT('Ctrl Pts',(-8.95679517957147,31.106382357019,34.2921733142195));
#8229=CARTESIAN_POINT('Ctrl Pts',(-9.39444286400467,31.7476394526312,35.2500000004128));
#8230=CARTESIAN_POINT('Origin',(0.,37.5,39.5));
#8231=CARTESIAN_POINT('',(4.28626379701573E-16,21.1,43.));
#8232=CARTESIAN_POINT('',(4.28626379701573E-16,37.5,43.));
#8233=CARTESIAN_POINT('Origin',(0.,21.1,39.5));
#8234=CARTESIAN_POINT('Ctrl Pts',(-14.2666225501095,13.4530969433972,29.6844501500386));
#8235=CARTESIAN_POINT('Ctrl Pts',(-14.2678330157717,13.452510178182,28.6049982795857));
#8236=CARTESIAN_POINT('Ctrl Pts',(-14.2297128825362,13.7952579201086,26.4469138219005));
#8237=CARTESIAN_POINT('Ctrl Pts',(-13.9567061859346,15.3313931133134,23.5432530919323));
#8238=CARTESIAN_POINT('Ctrl Pts',(-13.2644126166831,17.2558715450728,22.0545545481321));
#8239=CARTESIAN_POINT('Ctrl Pts',(-12.4769355179003,18.6400381722262,21.718452440638));
#8240=CARTESIAN_POINT('Ctrl Pts',(-12.0016298983407,19.3296968387967,21.7050026281888));
#8241=CARTESIAN_POINT('Ctrl Pts',(-11.5204764632721,20.0138860666763,21.7186958756225));
#8242=CARTESIAN_POINT('Ctrl Pts',(-10.8404272144231,20.8229099594552,21.9419798405677));
#8243=CARTESIAN_POINT('Ctrl Pts',(-9.96731328280064,21.6807916457868,22.5530615859365));
#8244=CARTESIAN_POINT('Ctrl Pts',(-8.70954901377839,22.677909890228,24.0278133548839));
#8245=CARTESIAN_POINT('Ctrl Pts',(-7.5826714385186,23.3468908410294,26.445905975791));
#8246=CARTESIAN_POINT('Ctrl Pts',(-7.27735823665927,23.4956427193883,28.6049982795858));
#8247=CARTESIAN_POINT('Ctrl Pts',(-7.27748812049278,23.4943038203156,29.6844501500386));
#8248=CARTESIAN_POINT('Ctrl Pts',(-14.4901466873007,13.3447450978747,29.6844501500386));
#8249=CARTESIAN_POINT('Ctrl Pts',(-14.4907490031531,13.3439413758344,28.5907369773035));
#8250=CARTESIAN_POINT('Ctrl Pts',(-14.4449856790916,13.6932466845013,26.4038623629469));
#8251=CARTESIAN_POINT('Ctrl Pts',(-14.1395369412664,15.2670782154596,23.4500475133883));
#8252=CARTESIAN_POINT('Ctrl Pts',(-13.4037207701198,17.2496238046029,21.928841952942));
#8253=CARTESIAN_POINT('Ctrl Pts',(-12.5834994381792,18.6861384522142,21.5843708725992));
#8254=CARTESIAN_POINT('Ctrl Pts',(-12.1065445286889,19.4022018736576,21.5675997963201));
#8255=CARTESIAN_POINT('Ctrl Pts',(-11.6007751172302,20.0978709317674,21.584606734647));
#8256=CARTESIAN_POINT('Ctrl Pts',(-10.8954870968759,20.93932716816,21.8135351430636));
#8257=CARTESIAN_POINT('Ctrl Pts',(-9.99724410910761,21.834115646515,22.4380682715046));
#8258=CARTESIAN_POINT('Ctrl Pts',(-8.70852140704482,22.8791501569082,23.9431129304251));
#8259=CARTESIAN_POINT('Ctrl Pts',(-7.56202326605631,23.5841706587839,26.4026106334097));
#8260=CARTESIAN_POINT('Ctrl Pts',(-7.2529592875975,23.7423883648577,28.5907369773036));
#8261=CARTESIAN_POINT('Ctrl Pts',(-7.25350382029814,23.7415444231286,29.6844501500386));
#8262=CARTESIAN_POINT('Ctrl Pts',(-14.6523735474668,13.1187648526128,29.6844501500386));
#8263=CARTESIAN_POINT('Ctrl Pts',(-14.6524174835249,13.1183106472967,28.564751498194));
#8264=CARTESIAN_POINT('Ctrl Pts',(-14.6024605845074,13.4856726342057,26.3263938737095));
#8265=CARTESIAN_POINT('Ctrl Pts',(-14.2765231033096,15.1371996440841,23.3088299195563));
#8266=CARTESIAN_POINT('Ctrl Pts',(-13.5050836538582,17.2040800379533,21.7612703280739));
#8267=CARTESIAN_POINT('Ctrl Pts',(-12.6503636724182,18.7022391461287,21.408874003368));
#8268=CARTESIAN_POINT('Ctrl Pts',(-12.1671464300938,19.4437399977936,21.3811330636344));
#8269=CARTESIAN_POINT('Ctrl Pts',(-11.6391211689792,20.1550373142996,21.4090493673702));
#8270=CARTESIAN_POINT('Ctrl Pts',(-10.9031703202434,21.0322906118769,21.6434010637821));
#8271=CARTESIAN_POINT('Ctrl Pts',(-9.96798196706826,21.9657144538669,22.2789057282496));
#8272=CARTESIAN_POINT('Ctrl Pts',(-8.62302467468639,23.0607839906823,23.8125464103599));
#8273=CARTESIAN_POINT('Ctrl Pts',(-7.42244531021195,23.8037130803961,26.3249646871506));
#8274=CARTESIAN_POINT('Ctrl Pts',(-7.09751424554766,23.9723508881268,28.5647514981941));
#8275=CARTESIAN_POINT('Ctrl Pts',(-7.09792492495218,23.9721519527778,29.6844501500386));
#8276=CARTESIAN_POINT('Ctrl Pts',(-14.6835458517065,12.872327335616,29.6844501500386));
#8277=CARTESIAN_POINT('Ctrl Pts',(-14.6835458517066,12.872327335616,28.538296373616));
#8278=CARTESIAN_POINT('Ctrl Pts',(-14.6383114526913,13.2558661281037,26.2476753788497));
#8279=CARTESIAN_POINT('Ctrl Pts',(-14.3251633786026,14.9797296186068,23.1663910542594));
#8280=CARTESIAN_POINT('Ctrl Pts',(-13.5442963988937,17.1292763660239,21.5929503321825));
#8281=CARTESIAN_POINT('Ctrl Pts',(-12.6619178182114,18.684767978225,21.2326793036716));
#8282=CARTESIAN_POINT('Ctrl Pts',(-12.1678731925323,19.443545989022,21.1937034312013));
#8283=CARTESIAN_POINT('Ctrl Pts',(-11.6267167830446,20.1719700651459,21.2327927636879));
#8284=CARTESIAN_POINT('Ctrl Pts',(-10.8613318394388,21.0797779904444,21.4725292047602));
#8285=CARTESIAN_POINT('Ctrl Pts',(-9.88682787411926,22.0405981314699,22.1188403069173));
#8286=CARTESIAN_POINT('Ctrl Pts',(-8.47987812669082,23.1636211110949,23.6807280517749));
#8287=CARTESIAN_POINT('Ctrl Pts',(-7.21971361377765,23.9169418262118,26.2460991002557));
#8288=CARTESIAN_POINT('Ctrl Pts',(-6.87765009958781,24.0869655567013,28.5382963736161));
#8289=CARTESIAN_POINT('Ctrl Pts',(-6.87765009958783,24.0869655567013,29.6844501500386));
#8290=CARTESIAN_POINT('',(-7.27748812049278,23.4943038203156,29.6844501500385));
#8291=CARTESIAN_POINT('',(-6.87765009958785,24.0869655567013,29.6844501500386));
#8292=CARTESIAN_POINT('Origin',(-6.53099235946945,23.4218878084522,29.6844501500386));
#8293=CARTESIAN_POINT('',(-14.6835458517066,12.872327335616,29.6844501500386));
#8294=CARTESIAN_POINT('Ctrl Pts',(-6.87765009958783,24.0869655567013,29.6844501500386));
#8295=CARTESIAN_POINT('Ctrl Pts',(-6.87765009958781,24.0869655567013,28.5382963736161));
#8296=CARTESIAN_POINT('Ctrl Pts',(-7.21971361377765,23.9169418262118,26.2460991002557));
#8297=CARTESIAN_POINT('Ctrl Pts',(-8.47987812669082,23.1636211110949,23.6807280517749));
#8298=CARTESIAN_POINT('Ctrl Pts',(-9.88682787411926,22.0405981314699,22.1188403069173));
#8299=CARTESIAN_POINT('Ctrl Pts',(-10.8613318394388,21.0797779904444,21.4725292047602));
#8300=CARTESIAN_POINT('Ctrl Pts',(-11.6267167830446,20.1719700651459,21.2327927636879));
#8301=CARTESIAN_POINT('Ctrl Pts',(-12.1678731925323,19.443545989022,21.1937034312013));
#8302=CARTESIAN_POINT('Ctrl Pts',(-12.6619178182114,18.684767978225,21.2326793036716));
#8303=CARTESIAN_POINT('Ctrl Pts',(-13.5442963988937,17.1292763660239,21.5929503321825));
#8304=CARTESIAN_POINT('Ctrl Pts',(-14.3251633786026,14.9797296186068,23.1663910542594));
#8305=CARTESIAN_POINT('Ctrl Pts',(-14.6383114526913,13.2558661281037,26.2476753788497));
#8306=CARTESIAN_POINT('Ctrl Pts',(-14.6835458517066,12.872327335616,28.538296373616));
#8307=CARTESIAN_POINT('Ctrl Pts',(-14.6835458517065,12.872327335616,29.6844501500386));
#8308=CARTESIAN_POINT('',(-14.2666225501095,13.4530969433972,29.6844501500385));
#8309=CARTESIAN_POINT('Origin',(-13.9394748548632,12.7782085189187,29.6844501500386));
#8310=CARTESIAN_POINT('Ctrl Pts',(-14.2666225501095,13.4530969433972,29.6844501500386));
#8311=CARTESIAN_POINT('Ctrl Pts',(-14.2678330157717,13.452510178182,28.6049982795857));
#8312=CARTESIAN_POINT('Ctrl Pts',(-14.2297128825362,13.7952579201086,26.4469138219005));
#8313=CARTESIAN_POINT('Ctrl Pts',(-13.9567061859346,15.3313931133134,23.5432530919323));
#8314=CARTESIAN_POINT('Ctrl Pts',(-13.2644126166831,17.2558715450728,22.0545545481321));
#8315=CARTESIAN_POINT('Ctrl Pts',(-12.4769355179003,18.6400381722262,21.718452440638));
#8316=CARTESIAN_POINT('Ctrl Pts',(-12.0016298983407,19.3296968387967,21.7050026281888));
#8317=CARTESIAN_POINT('Ctrl Pts',(-11.5204764632721,20.0138860666763,21.7186958756225));
#8318=CARTESIAN_POINT('Ctrl Pts',(-10.8404272144231,20.8229099594552,21.9419798405677));
#8319=CARTESIAN_POINT('Ctrl Pts',(-9.96731328280064,21.6807916457868,22.5530615859365));
#8320=CARTESIAN_POINT('Ctrl Pts',(-8.70954901377839,22.677909890228,24.0278133548839));
#8321=CARTESIAN_POINT('Ctrl Pts',(-7.5826714385186,23.3468908410294,26.445905975791));
#8322=CARTESIAN_POINT('Ctrl Pts',(-7.27735823665927,23.4956427193883,28.6049982795858));
#8323=CARTESIAN_POINT('Ctrl Pts',(-7.27748812049278,23.4943038203156,29.6844501500386));
#8324=CARTESIAN_POINT('Origin',(-6.53099235946945,23.4218878084523,39.5));
#8325=CARTESIAN_POINT('',(-7.27748812049278,23.4943038203156,30.8760869532866));
#8326=CARTESIAN_POINT('',(-6.87765009958405,24.0869655567033,30.8760869532866));
#8327=CARTESIAN_POINT('Origin',(-6.53099235946945,23.4218878084523,30.8760869532866));
#8328=CARTESIAN_POINT('',(-6.87765009958783,24.0869655567013,39.5));
#8329=CARTESIAN_POINT('',(-7.27748812049278,23.4943038203156,39.5));
#8330=CARTESIAN_POINT('Ctrl Pts',(-7.27748812049278,23.4943038203156,30.8760869532926));
#8331=CARTESIAN_POINT('Ctrl Pts',(-7.27748812049279,23.4943038203156,31.0205618385809));
#8332=CARTESIAN_POINT('Ctrl Pts',(-7.27466216913391,23.5232626360578,31.3095591190018));
#8333=CARTESIAN_POINT('Ctrl Pts',(-7.2588814210944,23.694517189821,31.763008961576));
#8334=CARTESIAN_POINT('Ctrl Pts',(-7.2313230845211,24.0773468902392,32.1323657957983));
#8335=CARTESIAN_POINT('Ctrl Pts',(-7.22035384477894,24.4467461554644,32.2064386264676));
#8336=CARTESIAN_POINT('Ctrl Pts',(-7.21929594243371,24.6284700697646,32.2054441134754));
#8337=CARTESIAN_POINT('Ctrl Pts',(-7.25350382029813,23.7415444231287,30.8760869532927));
#8338=CARTESIAN_POINT('Ctrl Pts',(-7.25434538513761,23.7290611490026,31.0027778555022));
#8339=CARTESIAN_POINT('Ctrl Pts',(-7.25440206384634,23.7307729323065,31.2572867774257));
#8340=CARTESIAN_POINT('Ctrl Pts',(-7.24588108738524,23.8473065332369,31.6548536316849));
#8341=CARTESIAN_POINT('Ctrl Pts',(-7.227536078097,24.1587725846014,31.9661020823742));
#8342=CARTESIAN_POINT('Ctrl Pts',(-7.21996779540097,24.4732942376448,32.0079285710405));
#8343=CARTESIAN_POINT('Ctrl Pts',(-7.21930229363503,24.6273790757139,31.9941221743124));
#8344=CARTESIAN_POINT('Ctrl Pts',(-7.09792492495211,23.972151952778,30.8760869532928));
#8345=CARTESIAN_POINT('Ctrl Pts',(-7.11379075213799,23.949643901356,30.9853095831676));
#8346=CARTESIAN_POINT('Ctrl Pts',(-7.14103904821679,23.9281387131663,31.2055359337856));
#8347=CARTESIAN_POINT('Ctrl Pts',(-7.16589693868903,23.9945124665406,31.547219054823));
#8348=CARTESIAN_POINT('Ctrl Pts',(-7.16034836009792,24.2366895384043,31.8004047123718));
#8349=CARTESIAN_POINT('Ctrl Pts',(-7.13760771521892,24.4977247288305,31.8105591846849));
#8350=CARTESIAN_POINT('Ctrl Pts',(-7.12504763160327,24.6257483155594,31.7845381411092));
#8351=CARTESIAN_POINT('Ctrl Pts',(-6.87765009958768,24.0869655567014,30.8760869532928));
#8352=CARTESIAN_POINT('Ctrl Pts',(-6.91035640326616,24.0699180861603,30.9757226784558));
#8353=CARTESIAN_POINT('Ctrl Pts',(-6.96999348262031,24.0528029454585,31.1727094648994));
#8354=CARTESIAN_POINT('Ctrl Pts',(-7.03767335940297,24.101913088709,31.4675454958054));
#8355=CARTESIAN_POINT('Ctrl Pts',(-7.04515325622186,24.2924290551818,31.672655580869));
#8356=CARTESIAN_POINT('Ctrl Pts',(-6.99645401728448,24.512049793331,31.670492571443));
#8357=CARTESIAN_POINT('Ctrl Pts',(-6.96694777770582,24.6241040328682,31.6443244298966));
#8358=CARTESIAN_POINT('Ctrl Pts',(-6.96694777770582,24.6241040328682,31.6443244298966));
#8359=CARTESIAN_POINT('Ctrl Pts',(-6.99645401728448,24.512049793331,31.670492571443));
#8360=CARTESIAN_POINT('Ctrl Pts',(-7.04515325622186,24.2924290551818,31.672655580869));
#8361=CARTESIAN_POINT('Ctrl Pts',(-7.03767335940297,24.101913088709,31.4675454958054));
#8362=CARTESIAN_POINT('Ctrl Pts',(-6.96999348262031,24.0528029454585,31.1727094648994));
#8363=CARTESIAN_POINT('Ctrl Pts',(-6.91035640326616,24.0699180861603,30.9757226784558));
#8364=CARTESIAN_POINT('Ctrl Pts',(-6.87765009958768,24.0869655567014,30.8760869532928));
#8365=CARTESIAN_POINT('Ctrl Pts',(-7.27748812049278,23.4943038203156,30.8760869532926));
#8366=CARTESIAN_POINT('Ctrl Pts',(-7.27748812049279,23.4943038203156,31.0205618385809));
#8367=CARTESIAN_POINT('Ctrl Pts',(-7.27466216913391,23.5232626360578,31.3095591190018));
#8368=CARTESIAN_POINT('Ctrl Pts',(-7.2588814210944,23.694517189821,31.763008961576));
#8369=CARTESIAN_POINT('Ctrl Pts',(-7.2313230845211,24.0773468902392,32.1323657957983));
#8370=CARTESIAN_POINT('Ctrl Pts',(-7.22035384477894,24.4467461554644,32.2064386264676));
#8371=CARTESIAN_POINT('Ctrl Pts',(-7.21929594243371,24.6284700697646,32.2054441134754));
#8372=CARTESIAN_POINT('Ctrl Pts',(-7.21929594243371,24.6284700697645,46.7945558865246));
#8373=CARTESIAN_POINT('Ctrl Pts',(-7.22088276840032,24.3558889309998,46.7930641429368));
#8374=CARTESIAN_POINT('Ctrl Pts',(-7.24200989863889,23.8898739132486,46.9511918162467));
#8375=CARTESIAN_POINT('Ctrl Pts',(-7.27305820829876,23.5419669581131,47.5473165501771));
#8376=CARTESIAN_POINT('Ctrl Pts',(-7.27748812049278,23.4943038203157,47.9312832108544));
#8377=CARTESIAN_POINT('Ctrl Pts',(-7.27748812049278,23.4943038203156,48.1239130467065));
#8378=CARTESIAN_POINT('Ctrl Pts',(-7.21930229363503,24.6273790757138,47.0058778256876));
#8379=CARTESIAN_POINT('Ctrl Pts',(-7.22030052895211,24.3962558314836,46.9851685901592));
#8380=CARTESIAN_POINT('Ctrl Pts',(-7.23516224901374,23.9995627995579,47.0979838984196));
#8381=CARTESIAN_POINT('Ctrl Pts',(-7.2544972526925,23.7356330866181,47.6162634500048));
#8382=CARTESIAN_POINT('Ctrl Pts',(-7.2546258872689,23.7249003466097,47.9549947766012));
#8383=CARTESIAN_POINT('Ctrl Pts',(-7.25350382029814,23.7415444231287,48.1239130467065));
#8384=CARTESIAN_POINT('Ctrl Pts',(-7.12504763160327,24.6257483155593,47.2154618588908));
#8385=CARTESIAN_POINT('Ctrl Pts',(-7.14388742992107,24.4337162696189,47.1764309712004));
#8386=CARTESIAN_POINT('Ctrl Pts',(-7.1708440886028,24.105562324741,47.2443069222004));
#8387=CARTESIAN_POINT('Ctrl Pts',(-7.15396015792448,23.9209330809075,47.6846997743478));
#8388=CARTESIAN_POINT('Ctrl Pts',(-7.11907899391286,23.9421417386004,47.9782854019978));
#8389=CARTESIAN_POINT('Ctrl Pts',(-7.09792492495221,23.9721519527778,48.1239130467066));
#8390=CARTESIAN_POINT('Ctrl Pts',(-6.96694777770584,24.6241040328682,47.3556755701034));
#8391=CARTESIAN_POINT('Ctrl Pts',(-7.01120636863478,24.4560255918212,47.3164240392879));
#8392=CARTESIAN_POINT('Ctrl Pts',(-7.0624055471965,24.1866295100231,47.3585411426249));
#8393=CARTESIAN_POINT('Ctrl Pts',(-6.99883756222152,24.0467463229937,47.7297966193468));
#8394=CARTESIAN_POINT('Ctrl Pts',(-6.92125774735543,24.0642359906216,47.9910677196808));
#8395=CARTESIAN_POINT('Ctrl Pts',(-6.87765009958788,24.0869655567013,48.1239130467066));
#8396=CARTESIAN_POINT('',(-7.27748812049278,23.4943038203156,48.1239130467065));
#8397=CARTESIAN_POINT('',(-6.87765009958793,24.0869655567013,48.1239130467066));
#8398=CARTESIAN_POINT('Origin',(-6.53099235946945,23.4218878084523,48.1239130467065));
#8399=CARTESIAN_POINT('Ctrl Pts',(-6.87765009958788,24.0869655567013,48.1239130467066));
#8400=CARTESIAN_POINT('Ctrl Pts',(-6.92125774735543,24.0642359906216,47.9910677196808));
#8401=CARTESIAN_POINT('Ctrl Pts',(-6.99883756222152,24.0467463229937,47.7297966193468));
#8402=CARTESIAN_POINT('Ctrl Pts',(-7.0624055471965,24.1866295100231,47.3585411426249));
#8403=CARTESIAN_POINT('Ctrl Pts',(-7.01120636863478,24.4560255918212,47.3164240392879));
#8404=CARTESIAN_POINT('Ctrl Pts',(-6.96694777770584,24.6241040328682,47.3556755701034));
#8405=CARTESIAN_POINT('Ctrl Pts',(-7.21929594243371,24.6284700697645,46.7945558865246));
#8406=CARTESIAN_POINT('Ctrl Pts',(-7.22088276840032,24.3558889309998,46.7930641429368));
#8407=CARTESIAN_POINT('Ctrl Pts',(-7.24200989863889,23.8898739132486,46.9511918162467));
#8408=CARTESIAN_POINT('Ctrl Pts',(-7.27305820829876,23.5419669581131,47.5473165501771));
#8409=CARTESIAN_POINT('Ctrl Pts',(-7.27748812049278,23.4943038203157,47.9312832108544));
#8410=CARTESIAN_POINT('Ctrl Pts',(-7.27748812049278,23.4943038203156,48.1239130467065));
#8411=CARTESIAN_POINT('Origin',(-6.53099235946945,23.4218878084523,39.5));
#8412=CARTESIAN_POINT('',(-7.27748812033284,23.4943038219644,49.3155498500324));
#8413=CARTESIAN_POINT('',(-6.87765009958783,24.0869655567013,49.3155498500324));
#8414=CARTESIAN_POINT('Origin',(-6.53099235946945,23.4218878084523,49.3155498500324));
#8415=CARTESIAN_POINT('',(-6.87765009958783,24.0869655567013,39.5));
#8416=CARTESIAN_POINT('',(-7.27748812049278,23.4943038203156,39.5));
#8417=CARTESIAN_POINT('Ctrl Pts',(-14.6835458517066,12.872327335616,49.3155498499615));
#8418=CARTESIAN_POINT('Ctrl Pts',(-14.6835458517066,12.872327335616,50.4617026882967));
#8419=CARTESIAN_POINT('Ctrl Pts',(-14.6402344582866,13.2560183253966,52.7544195450717));
#8420=CARTESIAN_POINT('Ctrl Pts',(-14.3230097752411,14.9802832543009,55.831820628196));
#8421=CARTESIAN_POINT('Ctrl Pts',(-13.5441744538448,17.1292885406954,57.4069042540564));
#8422=CARTESIAN_POINT('Ctrl Pts',(-12.6618173926245,18.684618796892,57.7670772229764));
#8423=CARTESIAN_POINT('Ctrl Pts',(-12.1678034010085,19.4434252543213,57.8061030387292));
#8424=CARTESIAN_POINT('Ctrl Pts',(-11.6266582455184,20.1718232009711,57.767005728969));
#8425=CARTESIAN_POINT('Ctrl Pts',(-10.8612948494598,21.0796253735576,57.5272778936897));
#8426=CARTESIAN_POINT('Ctrl Pts',(-9.88680200564617,22.0404242844521,56.8809617402259));
#8427=CARTESIAN_POINT('Ctrl Pts',(-8.47986718987033,23.1634920927393,55.3190901699625));
#8428=CARTESIAN_POINT('Ctrl Pts',(-7.21983267883116,23.9168711992447,52.7540640668775));
#8429=CARTESIAN_POINT('Ctrl Pts',(-6.87765009959507,24.0869655566975,50.4617026883699));
#8430=CARTESIAN_POINT('Ctrl Pts',(-6.87765009958784,24.0869655567013,49.3155498500346));
#8431=CARTESIAN_POINT('Ctrl Pts',(-14.6523735474668,13.1187648526128,49.3155498499615));
#8432=CARTESIAN_POINT('Ctrl Pts',(-14.652417483489,13.1183106476685,50.4352475853713));
#8433=CARTESIAN_POINT('Ctrl Pts',(-14.6042656488103,13.485721190927,52.6756652936273));
#8434=CARTESIAN_POINT('Ctrl Pts',(-14.2743076264526,15.1377969005848,55.6894096964072));
#8435=CARTESIAN_POINT('Ctrl Pts',(-13.5049096154409,17.2040763139183,57.2385844411043));
#8436=CARTESIAN_POINT('Ctrl Pts',(-12.6501982742039,18.7020684803635,57.5908721899796));
#8437=CARTESIAN_POINT('Ctrl Pts',(-12.1670189365664,19.4435914788244,57.6186607551058));
#8438=CARTESIAN_POINT('Ctrl Pts',(-11.6390082503237,20.154855145344,57.5907353892263));
#8439=CARTESIAN_POINT('Ctrl Pts',(-10.9030890449698,21.0320971469317,57.3563906750569));
#8440=CARTESIAN_POINT('Ctrl Pts',(-9.96792474558098,21.9654918121924,56.7208787679397));
#8441=CARTESIAN_POINT('Ctrl Pts',(-8.62300329952109,23.0606233648477,55.1872537859386));
#8442=CARTESIAN_POINT('Ctrl Pts',(-7.42258240032532,23.8036319986901,52.6751668730888));
#8443=CARTESIAN_POINT('Ctrl Pts',(-7.09751424589067,23.9723508879602,50.4352475854428));
#8444=CARTESIAN_POINT('Ctrl Pts',(-7.09792492495216,23.9721519527779,49.3155498500329));
#8445=CARTESIAN_POINT('Ctrl Pts',(-14.4901466873007,13.3447450978747,49.3155498499615));
#8446=CARTESIAN_POINT('Ctrl Pts',(-14.4907490026602,13.3439413764923,50.40926212753));
#8447=CARTESIAN_POINT('Ctrl Pts',(-14.4467519813215,13.6932107641801,52.5981526562574));
#8448=CARTESIAN_POINT('Ctrl Pts',(-14.1373593083026,15.2677894973747,55.548252977802));
#8449=CARTESIAN_POINT('Ctrl Pts',(-13.4035399002938,17.249640613192,57.0710165404165));
#8450=CARTESIAN_POINT('Ctrl Pts',(-12.5833232693586,18.6859836654451,57.4153693296701));
#8451=CARTESIAN_POINT('Ctrl Pts',(-12.1064083550211,19.4020596637141,57.432185220621));
#8452=CARTESIAN_POINT('Ctrl Pts',(-11.6006572731712,20.0976880143244,57.4151680503201));
#8453=CARTESIAN_POINT('Ctrl Pts',(-10.8954055986502,20.9391236051384,57.1862454507153));
#8454=CARTESIAN_POINT('Ctrl Pts',(-9.99719460583632,21.8338710966378,56.5617044350587));
#8455=CARTESIAN_POINT('Ctrl Pts',(-8.70850875818074,22.8789681811279,55.0566775186595));
#8456=CARTESIAN_POINT('Ctrl Pts',(-7.56216932239905,23.5840630572271,52.5975047139942));
#8457=CARTESIAN_POINT('Ctrl Pts',(-7.25295928804973,23.7423883641634,50.4092621275999));
#8458=CARTESIAN_POINT('Ctrl Pts',(-7.25350382029811,23.7415444231287,49.3155498500313));
#8459=CARTESIAN_POINT('Ctrl Pts',(-14.2666225501095,13.4530969433972,49.3155498499615));
#8460=CARTESIAN_POINT('Ctrl Pts',(-14.267833014781,13.4525101786623,50.3950008369201));
#8461=CARTESIAN_POINT('Ctrl Pts',(-14.2314606889082,13.7952125848975,52.5549599959643));
#8462=CARTESIAN_POINT('Ctrl Pts',(-13.9546966942377,15.3322645578665,55.4552386144403));
#8463=CARTESIAN_POINT('Ctrl Pts',(-13.2642809878559,17.2559360357161,56.9453198954632));
#8464=CARTESIAN_POINT('Ctrl Pts',(-12.4768121947213,18.639939051799,57.2813069453469));
#8465=CARTESIAN_POINT('Ctrl Pts',(-12.0015430277556,19.329598835072,57.2947970068188));
#8466=CARTESIAN_POINT('Ctrl Pts',(-11.5204113948565,20.0137428447855,57.2810933010015));
#8467=CARTESIAN_POINT('Ctrl Pts',(-10.840396184182,20.8227353915318,57.0578149378026));
#8468=CARTESIAN_POINT('Ctrl Pts',(-9.96731501793279,21.6805646255852,56.4467289597129));
#8469=CARTESIAN_POINT('Ctrl Pts',(-8.70956431156009,22.6777311382952,54.9719983063991));
#8470=CARTESIAN_POINT('Ctrl Pts',(-7.58280869142311,23.3467635591191,52.5542357529461));
#8471=CARTESIAN_POINT('Ctrl Pts',(-7.27735823677206,23.4956427182892,50.3950008369892));
#8472=CARTESIAN_POINT('Ctrl Pts',(-7.27748812049278,23.4943038203157,49.3155498500304));
#8473=CARTESIAN_POINT('',(-14.2666225501095,13.4530969433972,49.3155498499615));
#8474=CARTESIAN_POINT('Ctrl Pts',(-7.27748812049278,23.4943038203157,49.3155498500304));
#8475=CARTESIAN_POINT('Ctrl Pts',(-7.27735823677206,23.4956427182892,50.3950008369892));
#8476=CARTESIAN_POINT('Ctrl Pts',(-7.58280869142311,23.3467635591191,52.5542357529461));
#8477=CARTESIAN_POINT('Ctrl Pts',(-8.70956431156009,22.6777311382952,54.9719983063991));
#8478=CARTESIAN_POINT('Ctrl Pts',(-9.96731501793279,21.6805646255852,56.4467289597129));
#8479=CARTESIAN_POINT('Ctrl Pts',(-10.840396184182,20.8227353915318,57.0578149378026));
#8480=CARTESIAN_POINT('Ctrl Pts',(-11.5204113948565,20.0137428447855,57.2810933010015));
#8481=CARTESIAN_POINT('Ctrl Pts',(-12.0015430277556,19.329598835072,57.2947970068188));
#8482=CARTESIAN_POINT('Ctrl Pts',(-12.4768121947213,18.639939051799,57.2813069453469));
#8483=CARTESIAN_POINT('Ctrl Pts',(-13.2642809878559,17.2559360357161,56.9453198954632));
#8484=CARTESIAN_POINT('Ctrl Pts',(-13.9546966942377,15.3322645578665,55.4552386144403));
#8485=CARTESIAN_POINT('Ctrl Pts',(-14.2314606889082,13.7952125848975,52.5549599959643));
#8486=CARTESIAN_POINT('Ctrl Pts',(-14.267833014781,13.4525101786623,50.3950008369201));
#8487=CARTESIAN_POINT('Ctrl Pts',(-14.2666225501095,13.4530969433972,49.3155498499615));
#8488=CARTESIAN_POINT('',(-14.6835458517066,12.872327335616,49.3155498499615));
#8489=CARTESIAN_POINT('Origin',(-13.9394748548632,12.7782085189187,49.3155498499615));
#8490=CARTESIAN_POINT('Ctrl Pts',(-14.6835458517066,12.872327335616,49.3155498499615));
#8491=CARTESIAN_POINT('Ctrl Pts',(-14.6835458517066,12.872327335616,50.4617026882967));
#8492=CARTESIAN_POINT('Ctrl Pts',(-14.6402344582866,13.2560183253966,52.7544195450717));
#8493=CARTESIAN_POINT('Ctrl Pts',(-14.3230097752411,14.9802832543009,55.831820628196));
#8494=CARTESIAN_POINT('Ctrl Pts',(-13.5441744538448,17.1292885406954,57.4069042540564));
#8495=CARTESIAN_POINT('Ctrl Pts',(-12.6618173926245,18.684618796892,57.7670772229764));
#8496=CARTESIAN_POINT('Ctrl Pts',(-12.1678034010085,19.4434252543213,57.8061030387292));
#8497=CARTESIAN_POINT('Ctrl Pts',(-11.6266582455184,20.1718232009711,57.767005728969));
#8498=CARTESIAN_POINT('Ctrl Pts',(-10.8612948494598,21.0796253735576,57.5272778936897));
#8499=CARTESIAN_POINT('Ctrl Pts',(-9.88680200564617,22.0404242844521,56.8809617402259));
#8500=CARTESIAN_POINT('Ctrl Pts',(-8.47986718987033,23.1634920927393,55.3190901699625));
#8501=CARTESIAN_POINT('Ctrl Pts',(-7.21983267883116,23.9168711992447,52.7540640668775));
#8502=CARTESIAN_POINT('Ctrl Pts',(-6.87765009959507,24.0869655566975,50.4617026883699));
#8503=CARTESIAN_POINT('Ctrl Pts',(-6.87765009958784,24.0869655567013,49.3155498500346));
#8504=CARTESIAN_POINT('Origin',(-13.9394748548632,12.7782085189187,39.5));
#8505=CARTESIAN_POINT('',(-14.6835458517066,12.872327335616,39.5));
#8506=CARTESIAN_POINT('',(-14.2666225501095,13.4530969433972,39.5));
#8507=CARTESIAN_POINT('Origin',(-19.7190841375484,24.7012373513715,39.5));
#8508=CARTESIAN_POINT('Ctrl Pts',(-14.2659149257127,13.4515569906461,29.6845127768585));
#8509=CARTESIAN_POINT('Ctrl Pts',(-13.0844305703419,14.0249446029183,29.7125624312627));
#8510=CARTESIAN_POINT('Ctrl Pts',(-10.7236525473266,15.6299735752355,29.7566700733421));
#8511=CARTESIAN_POINT('Ctrl Pts',(-8.0970422050579,19.4169927641396,29.756349373156));
#8512=CARTESIAN_POINT('Ctrl Pts',(-7.40685256247076,22.1855954529423,29.712480778522));
#8513=CARTESIAN_POINT('Ctrl Pts',(-7.27871711638997,23.494423297039,29.6844108384048));
#8514=CARTESIAN_POINT('Ctrl Pts',(-7.27968351953468,23.4945186013963,49.3156294317202));
#8515=CARTESIAN_POINT('Ctrl Pts',(-7.40823147320453,22.190894360344,49.2877033984661));
#8516=CARTESIAN_POINT('Ctrl Pts',(-7.92355857488316,20.1233590549933,49.2549251192347));
#8517=CARTESIAN_POINT('Ctrl Pts',(-9.40107135327759,17.5316462698949,49.243379226676));
#8518=CARTESIAN_POINT('Ctrl Pts',(-11.3195383249748,15.2432362267752,49.2548973831885));
#8519=CARTESIAN_POINT('Ctrl Pts',(-13.0843555661779,14.0317374233618,49.2875932660594));
#8520=CARTESIAN_POINT('Ctrl Pts',(-14.2677423129946,13.4554006613565,49.3156427142263));
#8521=CARTESIAN_POINT('Ctrl Pts',(-12.4669580706293,18.8287300965547,21.6089862937576));
#8522=CARTESIAN_POINT('Ctrl Pts',(-12.4327767652168,18.8547079744252,21.6230118131201));
#8523=CARTESIAN_POINT('Ctrl Pts',(-12.3597088532551,18.9170069264718,21.6484029629489));
#8524=CARTESIAN_POINT('Ctrl Pts',(-12.2317706831665,19.0493499016019,21.6780805657687));
#8525=CARTESIAN_POINT('Ctrl Pts',(-12.0844687542576,19.2289554068572,21.6960851064605));
#8526=CARTESIAN_POINT('Ctrl Pts',(-11.9362925863481,19.4419837653452,21.6960073267705));
#8527=CARTESIAN_POINT('Ctrl Pts',(-11.8190318123739,19.6422619809426,21.6781199877143));
#8528=CARTESIAN_POINT('Ctrl Pts',(-11.739163180322,19.8086017539034,21.6483665155379));
#8529=CARTESIAN_POINT('Ctrl Pts',(-11.7060825272467,19.8987232893136,21.6230226910158));
#8530=CARTESIAN_POINT('Ctrl Pts',(-11.6935744365504,19.9398608088444,21.6089744204044));
#8531=CARTESIAN_POINT('Ctrl Pts',(-13.2163749190176,17.0202813104759,22.1494082300687));
#8532=CARTESIAN_POINT('Ctrl Pts',(-13.050301034586,17.1201096783019,22.2280525852217));
#8533=CARTESIAN_POINT('Ctrl Pts',(-12.7085969837818,17.3532920231356,22.3700629342077));
#8534=CARTESIAN_POINT('Ctrl Pts',(-12.1598327684486,17.8279590786077,22.535778709135));
#8535=CARTESIAN_POINT('Ctrl Pts',(-11.579946854717,18.4643025219324,22.6361379972354));
#8536=CARTESIAN_POINT('Ctrl Pts',(-11.0445699543871,19.2343457557034,22.6356729791548));
#8537=CARTESIAN_POINT('Ctrl Pts',(-10.6492601534526,19.9978274826071,22.5360294225419));
#8538=CARTESIAN_POINT('Ctrl Pts',(-10.3939275271767,20.6791443412984,22.3698629422345));
#8539=CARTESIAN_POINT('Ctrl Pts',(-10.2939005775696,21.080092326117,22.2281139247169));
#8540=CARTESIAN_POINT('Ctrl Pts',(-10.2579099359797,21.2707909886712,22.1493419385647));
#8541=CARTESIAN_POINT('Ctrl Pts',(-15.7124771267907,13.344938787803,24.213081656908));
#8542=CARTESIAN_POINT('Ctrl Pts',(-15.1619532708088,13.5610522406057,24.3651274832781));
#8543=CARTESIAN_POINT('Ctrl Pts',(-14.0561469197002,14.089606643417,24.6368300148364));
#8544=CARTESIAN_POINT('Ctrl Pts',(-12.3638837000691,15.244367894877,24.9480839114119));
#8545=CARTESIAN_POINT('Ctrl Pts',(-10.6781743701166,16.8735597321303,25.1341386925841));
#8546=CARTESIAN_POINT('Ctrl Pts',(-9.24166382236394,18.9410496880246,25.1333845422354));
#8547=CARTESIAN_POINT('Ctrl Pts',(-8.29845141768327,21.0834205642675,24.9484771892463));
#8548=CARTESIAN_POINT('Ctrl Pts',(-7.80184018554195,23.0766767825757,24.6364489530746));
#8549=CARTESIAN_POINT('Ctrl Pts',(-7.6896321088366,24.2960070351743,24.3652462198645));
#8550=CARTESIAN_POINT('Ctrl Pts',(-7.67815878776793,24.8882350703416,24.2129527069003));
#8551=CARTESIAN_POINT('Ctrl Pts',(-19.2209447391232,12.065038634583,27.5501169504562));
#8552=CARTESIAN_POINT('Ctrl Pts',(-18.2965707628083,12.1255824180543,27.6337892588772));
#8553=CARTESIAN_POINT('Ctrl Pts',(-16.4029009894274,12.4412364341101,27.786180113275));
#8554=CARTESIAN_POINT('Ctrl Pts',(-13.4457741928251,13.6805801374819,27.966747647308));
#8555=CARTESIAN_POINT('Ctrl Pts',(-10.5498715113057,15.9212996118684,28.0774432044243));
#8556=CARTESIAN_POINT('Ctrl Pts',(-8.30819909536396,19.1507773763024,28.0769075308446));
#8557=CARTESIAN_POINT('Ctrl Pts',(-7.20816779773012,22.638533771983,27.9670267510947));
#8558=CARTESIAN_POINT('Ctrl Pts',(-7.07302057324088,25.849212038158,27.7859612961853));
#8559=CARTESIAN_POINT('Ctrl Pts',(-7.43185175365756,27.7338451286055,27.63385428534));
#8560=CARTESIAN_POINT('Ctrl Pts',(-7.69655025593811,28.6230743334534,27.5500465686017));
#8561=CARTESIAN_POINT('Ctrl Pts',(-21.124945034491,12.2805467450305,29.4632803594716));
#8562=CARTESIAN_POINT('Ctrl Pts',(-20.0768128969429,12.161911796805,29.505539388334));
#8563=CARTESIAN_POINT('Ctrl Pts',(-17.8670859619109,12.1762909718979,29.5867308771944));
#8564=CARTESIAN_POINT('Ctrl Pts',(-14.2858624241488,13.2104089305842,29.6900590508202));
#8565=CARTESIAN_POINT('Ctrl Pts',(-10.7295909183442,15.6214116943076,29.756670798397));
#8566=CARTESIAN_POINT('Ctrl Pts',(-8.09225711808595,19.4238918522502,29.7563487889132));
#8567=CARTESIAN_POINT('Ctrl Pts',(-7.05851163129967,23.5891162827163,29.6901871367685));
#8568=CARTESIAN_POINT('Ctrl Pts',(-7.33349260123977,27.3150791814518,29.5865991345821));
#8569=CARTESIAN_POINT('Ctrl Pts',(-8.08399031634754,29.3906603937204,29.5055708345437));
#8570=CARTESIAN_POINT('Ctrl Pts',(-8.56003270169775,30.3337830504351,29.4632445855026));
#8571=CARTESIAN_POINT('Origin',(-0.0686820160153845,11.0236681401326,39.5));
#8572=CARTESIAN_POINT('',(-2.14432499945647,25.6080259238038,28.4772961574757));
#8573=CARTESIAN_POINT('Ctrl Pts',(-2.14432499945647,25.6080259238038,28.4772961574757));
#8574=CARTESIAN_POINT('Ctrl Pts',(-3.9353794729348,25.3531233970022,28.8615068952144));
#8575=CARTESIAN_POINT('Ctrl Pts',(-5.56047423948669,24.770796803303,29.7183093396646));
#8576=CARTESIAN_POINT('Ctrl Pts',(-6.8774624438138,24.0867154194081,30.8761526153226));
#8577=CARTESIAN_POINT('',(-2.14432499945648,25.6080259238038,19.4119688113889));
#8578=CARTESIAN_POINT('',(-2.14432499945647,25.6080259238038,39.5));
#8579=CARTESIAN_POINT('',(-14.768751640212,11.9826982755352,21.9355830893988));
#8580=CARTESIAN_POINT('Origin',(-0.0686820160153845,11.0236681401326,22.1132098008601));
#8581=CARTESIAN_POINT('',(-14.8,11.0311655777635,22.1118211633798));
#8582=CARTESIAN_POINT('Origin',(-0.0686820160153845,11.0236681401326,22.1132098008601));
#8583=CARTESIAN_POINT('',(-14.8,11.0311655777635,26.2328275432945));
#8584=CARTESIAN_POINT('',(-14.8,11.0311655777635,39.5));
#8585=CARTESIAN_POINT('',(-14.778364924417,11.8218000159008,29.3251567625077));
#8586=CARTESIAN_POINT('Ctrl Pts',(-14.778364924417,11.8218000159008,29.3251567625077));
#8587=CARTESIAN_POINT('Ctrl Pts',(-14.778364924417,11.8218000159008,28.2543386465134));
#8588=CARTESIAN_POINT('Ctrl Pts',(-14.799725872407,11.5483860243584,27.1844833777511));
#8589=CARTESIAN_POINT('Ctrl Pts',(-14.7999998386538,11.0314761651008,26.2326588717556));
#8590=CARTESIAN_POINT('',(-14.778364924417,11.8218000159008,49.6748432374923));
#8591=CARTESIAN_POINT('',(-14.778364924417,11.8218000159008,39.5));
#8592=CARTESIAN_POINT('',(-14.8,11.0311655777635,52.7671724567055));
#8593=CARTESIAN_POINT('Ctrl Pts',(-14.7999998386538,11.0314761651008,52.7673411282444));
#8594=CARTESIAN_POINT('Ctrl Pts',(-14.799725872407,11.5483860243648,51.8155166222371));
#8595=CARTESIAN_POINT('Ctrl Pts',(-14.778364924417,11.8218000159008,50.7456613534987));
#8596=CARTESIAN_POINT('Ctrl Pts',(-14.778364924417,11.8218000159008,49.6748432374923));
#8597=CARTESIAN_POINT('',(-14.8,11.0311655777635,56.8881788366203));
#8598=CARTESIAN_POINT('',(-14.8,11.0311655777635,39.5));
#8599=CARTESIAN_POINT('',(-14.768751640212,11.9826982755352,57.0644169106012));
#8600=CARTESIAN_POINT('Origin',(-0.0686820160153845,11.0236681401326,56.8867901991399));
#8601=CARTESIAN_POINT('',(-2.14432499945648,25.6080259238038,59.5880311886111));
#8602=CARTESIAN_POINT('Origin',(-0.0686820160153845,11.0236681401326,56.8867901991399));
#8603=CARTESIAN_POINT('',(-2.14432499945647,25.6080259238038,50.5227038425243));
#8604=CARTESIAN_POINT('',(-2.14432499945647,25.6080259238038,39.5));
#8605=CARTESIAN_POINT('Ctrl Pts',(-6.87746166525075,24.0867145455744,48.1238470141395));
#8606=CARTESIAN_POINT('Ctrl Pts',(-5.56047995818534,24.7707880832013,49.2816802045405));
#8607=CARTESIAN_POINT('Ctrl Pts',(-3.93537253814939,25.3531243839596,50.1384945924115));
#8608=CARTESIAN_POINT('Ctrl Pts',(-2.14432499945648,25.6080259238038,50.5227038425243));
#8609=CARTESIAN_POINT('Ctrl Pts',(-11.6862109761757,19.9467107419779,57.3882621492012));
#8610=CARTESIAN_POINT('Ctrl Pts',(-11.6987799964918,19.9049959924666,57.3739491623453));
#8611=CARTESIAN_POINT('Ctrl Pts',(-11.7322980802471,19.8129435454569,57.3478895018005));
#8612=CARTESIAN_POINT('Ctrl Pts',(-11.8128795886608,19.6444400044002,57.317568060014));
#8613=CARTESIAN_POINT('Ctrl Pts',(-11.9116020597401,19.4754019901649,57.3023072166709));
#8614=CARTESIAN_POINT('Ctrl Pts',(-12.006383244211,19.3335354609121,57.2991255333429));
#8615=CARTESIAN_POINT('Ctrl Pts',(-12.1064647917975,19.1954222572722,57.302294629113));
#8616=CARTESIAN_POINT('Ctrl Pts',(-12.2309335561679,19.0436329735191,57.3174570942857));
#8617=CARTESIAN_POINT('Ctrl Pts',(-12.3612740107002,18.9093136845792,57.3478983804542));
#8618=CARTESIAN_POINT('Ctrl Pts',(-12.4357618427257,18.8459597754415,57.3738146756324));
#8619=CARTESIAN_POINT('Ctrl Pts',(-12.4707504843847,18.8195019945721,57.3882197359719));
#8620=CARTESIAN_POINT('Ctrl Pts',(-9.77485661926119,21.7210865281945,56.6668179420179));
#8621=CARTESIAN_POINT('Ctrl Pts',(-9.82041509131537,21.4802466069381,56.5659041033736));
#8622=CARTESIAN_POINT('Ctrl Pts',(-9.94428776424158,20.9733970568192,56.3833108878973));
#8623=CARTESIAN_POINT('Ctrl Pts',(-10.2599641337802,20.1214118127667,56.1713001115234));
#8624=CARTESIAN_POINT('Ctrl Pts',(-10.6666418465292,19.328995377189,56.0651653760888));
#8625=CARTESIAN_POINT('Ctrl Pts',(-11.0801825930793,18.6912861624384,56.0430158150179));
#8626=CARTESIAN_POINT('Ctrl Pts',(-11.5346733281341,18.0816353499701,56.0651161135068));
#8627=CARTESIAN_POINT('Ctrl Pts',(-12.136928353485,17.4233655502555,56.1705112642253));
#8628=CARTESIAN_POINT('Ctrl Pts',(-12.8281142261909,16.8304006747211,56.38334361502));
#8629=CARTESIAN_POINT('Ctrl Pts',(-13.258979014593,16.5384374966976,56.5649604561717));
#8630=CARTESIAN_POINT('Ctrl Pts',(-13.4704099347099,16.4112001252007,56.6665228936374));
#8631=CARTESIAN_POINT('Ctrl Pts',(-7.49338470714382,25.5066707663976,54.3194358623717));
#8632=CARTESIAN_POINT('Ctrl Pts',(-7.47932068676205,24.8518594810175,54.1752169534842));
#8633=CARTESIAN_POINT('Ctrl Pts',(-7.55434774831786,23.4936152353697,53.9162303495221));
#8634=CARTESIAN_POINT('Ctrl Pts',(-8.04259196115925,21.2980533118324,53.6214030420862));
#8635=CARTESIAN_POINT('Ctrl Pts',(-8.87324589907971,19.3384864015786,53.475200469083));
#8636=CARTESIAN_POINT('Ctrl Pts',(-9.82000013451605,17.818059375615,53.4447952600876));
#8637=CARTESIAN_POINT('Ctrl Pts',(-10.9164937617875,16.4023672449262,53.4750705986539));
#8638=CARTESIAN_POINT('Ctrl Pts',(-12.4658984107519,14.9376457091427,53.6203308236074));
#8639=CARTESIAN_POINT('Ctrl Pts',(-14.3608166599385,13.7151814239832,53.9163373057183));
#8640=CARTESIAN_POINT('Ctrl Pts',(-15.6038439617669,13.1730906134905,54.1738646485536));
#8641=CARTESIAN_POINT('Ctrl Pts',(-16.2268885417145,12.9573508983935,54.3190075560132));
#8642=CARTESIAN_POINT('Ctrl Pts',(-7.91309724119916,29.0522621312351,50.9706495537596));
#8643=CARTESIAN_POINT('Ctrl Pts',(-7.59536151461917,28.1540466059491,50.8983132001481));
#8644=CARTESIAN_POINT('Ctrl Pts',(-7.13450578279768,26.2137491311283,50.7642102041382));
#8645=CARTESIAN_POINT('Ctrl Pts',(-7.16717566079976,22.8826649597799,50.6040595161394));
#8646=CARTESIAN_POINT('Ctrl Pts',(-8.06738982268497,19.8391658074547,50.5217878692416));
#8647=CARTESIAN_POINT('Ctrl Pts',(-9.412639849281,17.5382818047395,50.504590427293));
#8648=CARTESIAN_POINT('Ctrl Pts',(-11.1020351389459,15.4778674973643,50.5217096591006));
#8649=CARTESIAN_POINT('Ctrl Pts',(-13.6438561704737,13.5655350657609,50.6034745488191));
#8650=CARTESIAN_POINT('Ctrl Pts',(-16.7649891547944,12.3782105970092,50.7642571253513));
#8651=CARTESIAN_POINT('Ctrl Pts',(-18.7375544803091,12.1333267534186,50.8976302476905));
#8652=CARTESIAN_POINT('Ctrl Pts',(-19.6965831144743,12.1190545276518,50.9704341685487));
#8653=CARTESIAN_POINT('Ctrl Pts',(-8.56033427408557,30.3343804779633,49.536782227168));
#8654=CARTESIAN_POINT('Ctrl Pts',(-8.08642138946165,29.395601679387,49.4946483571098));
#8655=CARTESIAN_POINT('Ctrl Pts',(-7.3318200537957,27.3127200266796,49.4132721309231));
#8656=CARTESIAN_POINT('Ctrl Pts',(-7.05993273407455,23.5965080390842,49.3100604103263));
#8657=CARTESIAN_POINT('Ctrl Pts',(-7.91817010463807,20.1328109984421,49.2549672269575));
#8658=CARTESIAN_POINT('Ctrl Pts',(-9.40107135327759,17.5316462698949,49.243379226676));
#8659=CARTESIAN_POINT('Ctrl Pts',(-11.3235370465014,15.2384664211772,49.2549213908472));
#8660=CARTESIAN_POINT('Ctrl Pts',(-14.2745988918343,13.2160271565515,49.3096779217017));
#8661=CARTESIAN_POINT('Ctrl Pts',(-17.8637182429174,12.182077081733,49.4132855981751));
#8662=CARTESIAN_POINT('Ctrl Pts',(-20.0714369054939,12.1614358965424,49.4942478036253));
#8663=CARTESIAN_POINT('Ctrl Pts',(-21.1234004031986,12.2803720100987,49.5366573663325));
#8664=CARTESIAN_POINT('Ctrl Pts',(-7.08178644708698,24.5564694698415,47.2523093796529));
#8665=CARTESIAN_POINT('Ctrl Pts',(-5.73459639431438,25.3584454647682,48.4829764996231));
#8666=CARTESIAN_POINT('Ctrl Pts',(-4.01388944285671,26.0587033957363,49.3971858730978));
#8667=CARTESIAN_POINT('Ctrl Pts',(-2.09999999999999,26.3505437985113,49.7878569196893));
#8668=CARTESIAN_POINT('Ctrl Pts',(-7.03226704925765,24.3929676908445,47.2975456806365));
#8669=CARTESIAN_POINT('Ctrl Pts',(-5.67563446932458,25.1751025119654,48.5204877774559));
#8670=CARTESIAN_POINT('Ctrl Pts',(-3.95883297092208,25.8518259934389,49.41452449251));
#8671=CARTESIAN_POINT('Ctrl Pts',(-2.07017959281228,26.1322823714348,49.793943984817));
#8672=CARTESIAN_POINT('Ctrl Pts',(-7.02293459468126,24.108047550046,47.4606224752753));
#8673=CARTESIAN_POINT('Ctrl Pts',(-5.65311208199442,24.8565815121393,48.7032651317583));
#8674=CARTESIAN_POINT('Ctrl Pts',(-3.93141376204773,25.4924525317321,49.6015416830701));
#8675=CARTESIAN_POINT('Ctrl Pts',(-2.05479208863564,25.7542131601462,49.9821590189707));
#8676=CARTESIAN_POINT('Ctrl Pts',(-7.15107290588574,23.9410349511518,47.7024729390521));
#8677=CARTESIAN_POINT('Ctrl Pts',(-5.77833816217067,24.6935445647875,48.9983231231126));
#8678=CARTESIAN_POINT('Ctrl Pts',(-4.03589447611652,25.3433286228365,49.9534613134199));
#8679=CARTESIAN_POINT('Ctrl Pts',(-2.11191239726379,25.6126388790888,50.3606989162551));
#8680=CARTESIAN_POINT('Ctrl Pts',(-7.22336935957242,23.9008663902483,47.8060457639139));
#8681=CARTESIAN_POINT('Ctrl Pts',(-5.8498785220557,24.6639902717638,49.1246176781676));
#8682=CARTESIAN_POINT('Ctrl Pts',(-4.09557872818877,25.33032386993,50.1041277211762));
#8683=CARTESIAN_POINT('Ctrl Pts',(-2.14432499945648,25.6080259238038,50.5227038425243));
#8684=CARTESIAN_POINT('Origin',(-2.24999999999999,26.3505437985113,50.5227038425243));
#8685=CARTESIAN_POINT('Ctrl Pts',(-2.09999999999998,26.3505437985113,29.2121430803107));
#8686=CARTESIAN_POINT('Ctrl Pts',(-4.01363896510192,26.0587415899639,29.6027629983446));
#8687=CARTESIAN_POINT('Ctrl Pts',(-5.73412469814709,25.3586452456266,30.5167652898293));
#8688=CARTESIAN_POINT('Ctrl Pts',(-7.08124479249487,24.556791898025,31.7471958499673));
#8689=CARTESIAN_POINT('Ctrl Pts',(-2.07017959281226,26.1322823714348,29.206056015183));
#8690=CARTESIAN_POINT('Ctrl Pts',(-3.95858579590397,25.8518626977972,29.5854258514647));
#8691=CARTESIAN_POINT('Ctrl Pts',(-5.67516295410425,25.1752960624606,30.479259029816));
#8692=CARTESIAN_POINT('Ctrl Pts',(-7.03172167814548,24.3932822019106,31.7019625009999));
#8693=CARTESIAN_POINT('Ctrl Pts',(-2.05478573942152,25.7541927081149,29.0178578260966));
#8694=CARTESIAN_POINT('Ctrl Pts',(-3.93116181244902,25.4924663372776,29.3984253492057));
#8695=CARTESIAN_POINT('Ctrl Pts',(-5.65263015167591,24.8567576148613,30.2964842425001));
#8696=CARTESIAN_POINT('Ctrl Pts',(-7.02237566524921,24.1083416143448,31.5388827375961));
#8697=CARTESIAN_POINT('Ctrl Pts',(-2.11191239726378,25.6126388790888,28.6393010837449));
#8698=CARTESIAN_POINT('Ctrl Pts',(-4.03564267750138,25.3433638684608,29.0464853898963));
#8699=CARTESIAN_POINT('Ctrl Pts',(-5.77785982772431,24.6937305125157,30.0014065909624));
#8700=CARTESIAN_POINT('Ctrl Pts',(-7.15052098342115,23.9413375314394,31.2970061077189));
#8701=CARTESIAN_POINT('Ctrl Pts',(-2.14432499945647,25.6080259238038,28.4772961574757));
#8702=CARTESIAN_POINT('Ctrl Pts',(-4.09532336043244,25.3303602138197,28.8958174982264));
#8703=CARTESIAN_POINT('Ctrl Pts',(-5.84939761710652,24.6641803741423,29.8751056676742));
#8704=CARTESIAN_POINT('Ctrl Pts',(-7.22281713042121,23.9011731982432,31.193424124965));
#8705=CARTESIAN_POINT('Origin',(-2.24999999999998,26.3505437985113,28.4772961574757));
#8706=CARTESIAN_POINT('Origin',(-8.14999999999997,18.3582270901838,20.7547398860755));
#8707=CARTESIAN_POINT('',(-2.13333333333332,25.600777787277,19.4133112745795));
#8708=CARTESIAN_POINT('Origin',(0.200000000000018,11.0311655777635,22.1118211633797));
#8709=CARTESIAN_POINT('',(-1.49999999999998,26.3505437985113,19.2744434058602));
#8710=CARTESIAN_POINT('Origin',(-2.24999999999998,26.3505437985113,19.2744434058602));
#8711=CARTESIAN_POINT('',(-1.49999999999998,26.3292583977526,19.2783857801395));
#8712=CARTESIAN_POINT('',(-1.49999999999999,15.2445324143367,21.3314426666747));
#8713=CARTESIAN_POINT('Origin',(-2.24999999999998,26.3292583977526,19.2783857801395));
#8714=CARTESIAN_POINT('Origin',(-8.14999999999997,18.3582270901838,58.2452601139245));
#8715=CARTESIAN_POINT('',(-2.13333333333332,25.600777787277,59.5866887254205));
#8716=CARTESIAN_POINT('Origin',(0.200000000000018,11.0311655777635,56.8881788366203));
#8717=CARTESIAN_POINT('',(-1.49999999999998,26.3292583977526,59.7216142198605));
#8718=CARTESIAN_POINT('Origin',(-2.24999999999998,26.3292583977526,59.7216142198605));
#8719=CARTESIAN_POINT('',(-1.49999999999998,26.3505437985113,59.7255565941398));
#8720=CARTESIAN_POINT('',(-1.49999999999999,15.2445324143367,57.6685573333253));
#8721=CARTESIAN_POINT('Origin',(-2.24999999999998,26.3505437985113,59.7255565941398));
#8722=CARTESIAN_POINT('Origin',(0.200000000000019,11.9657467085188,51.8422515602572));
#8723=CARTESIAN_POINT('',(-14.8,10.6214010909122,59.1005515595931));
#8724=CARTESIAN_POINT('',(-14.8,11.9657467085188,51.8422515602572));
#8725=CARTESIAN_POINT('',(-2.13333333333332,25.1910133004256,61.7990614483934));
#8726=CARTESIAN_POINT('Origin',(0.200000000000018,10.6214010909122,59.1005515595931));
#8727=CARTESIAN_POINT('',(-2.13333333333332,26.5353589180322,54.5407614490574));
#8728=CARTESIAN_POINT('Origin',(-0.100000000000013,21.1,39.5));
#8729=CARTESIAN_POINT('Origin',(-0.100000000000013,21.1,39.5));
#8730=CARTESIAN_POINT('Origin',(0.,14.,29.));
#8731=CARTESIAN_POINT('Origin',(-0.100000000000013,14.,39.5));
#8732=CARTESIAN_POINT('Origin',(-0.100000000000013,14.,39.5));
#8733=CARTESIAN_POINT('Origin',(-13.55,5.03116557776354,49.6748432374923));
#8734=CARTESIAN_POINT('',(-12.8,4.07504844178077,54.8370462577425));
#8735=CARTESIAN_POINT('',(-13.55,3.93846027949752,55.5745038320639));
#8736=CARTESIAN_POINT('Origin',(-13.55,4.07504844178077,54.8370462577425));
#8737=CARTESIAN_POINT('',(-13.55,11.0311655777635,49.6748432374923));
#8738=CARTESIAN_POINT('Origin',(-13.55,5.03116557776354,49.6748432374923));
#8739=CARTESIAN_POINT('',(-12.8,10.2811655777635,49.6748432374923));
#8740=CARTESIAN_POINT('Origin',(-13.55,10.2811655777635,49.6748432374923));
#8741=CARTESIAN_POINT('Origin',(-12.8,5.03116557776354,49.6748432374923));
#8742=CARTESIAN_POINT('Origin',(-13.55,-21.7875004297524,50.0469157535248));
#8743=CARTESIAN_POINT('',(-13.55,-8.88930510145921,53.1986100035982));
#8744=CARTESIAN_POINT('',(-13.55,-21.9240885920357,50.7843733278463));
#8745=CARTESIAN_POINT('',(-12.8,-8.74347108468515,52.4628648996854));
#8746=CARTESIAN_POINT('',(-12.8,-21.7875004297524,50.0469157535248));
#8747=CARTESIAN_POINT('Ctrl Pts',(-12.8,-8.74347108468516,52.4628648996855));
#8748=CARTESIAN_POINT('Ctrl Pts',(-12.8,-8.74389001497514,52.4649765015266));
#8749=CARTESIAN_POINT('Ctrl Pts',(-12.8000092672323,-8.74430893998472,52.4670880942628));
#8750=CARTESIAN_POINT('Ctrl Pts',(-12.8008785990133,-8.76395748648551,52.5661274314131));
#8751=CARTESIAN_POINT('Ctrl Pts',(-12.821248204055,-8.78295917183428,52.6619435581167));
#8752=CARTESIAN_POINT('Ctrl Pts',(-12.8982276553592,-8.81811453789101,52.8392716291912));
#8753=CARTESIAN_POINT('Ctrl Pts',(-12.9536756637997,-8.83396303900556,52.9192428035529));
#8754=CARTESIAN_POINT('Ctrl Pts',(-13.0926956575643,-8.86062973160524,53.0538305046181));
#8755=CARTESIAN_POINT('Ctrl Pts',(-13.1749363730904,-8.87119353814193,53.1071623287233));
#8756=CARTESIAN_POINT('Ctrl Pts',(-13.3556257967049,-8.88559992743368,53.1798992289701));
#8757=CARTESIAN_POINT('Ctrl Pts',(-13.4523458755459,-8.88930510145941,53.1986100035982));
#8758=CARTESIAN_POINT('Ctrl Pts',(-13.55,-8.88930510145957,53.1986100035982));
#8759=CARTESIAN_POINT('Origin',(-13.55,-14.7141581966536,27.6429955709219));
#8760=CARTESIAN_POINT('',(-12.8,-8.74347108468603,26.5371351003148));
#8761=CARTESIAN_POINT('',(-12.8,4.07504844178077,24.1629537422575));
#8762=CARTESIAN_POINT('',(-12.8,-14.7141581966536,27.6429955709219));
#8763=CARTESIAN_POINT('',(-13.55,3.93846027949752,23.4254961679361));
#8764=CARTESIAN_POINT('Origin',(-13.55,4.07504844178077,24.1629537422575));
#8765=CARTESIAN_POINT('',(-13.55,-8.88930510145921,25.8013899964018));
#8766=CARTESIAN_POINT('',(-13.55,-14.8507463589368,26.9055379966005));
#8767=CARTESIAN_POINT('Ctrl Pts',(-13.55,-8.88930510145921,25.8013899964018));
#8768=CARTESIAN_POINT('Ctrl Pts',(-13.4523458755459,-8.88930510145917,25.8013899964018));
#8769=CARTESIAN_POINT('Ctrl Pts',(-13.3556257967049,-8.88559992743344,25.8201007710299));
#8770=CARTESIAN_POINT('Ctrl Pts',(-13.1749363730904,-8.87119353814183,25.8928376712767));
#8771=CARTESIAN_POINT('Ctrl Pts',(-13.0926956575643,-8.86062973160483,25.9461694953818));
#8772=CARTESIAN_POINT('Ctrl Pts',(-12.9536756637995,-8.83396303900504,26.0807571964471));
#8773=CARTESIAN_POINT('Ctrl Pts',(-12.8982276553591,-8.81811453789044,26.1607283708088));
#8774=CARTESIAN_POINT('Ctrl Pts',(-12.8212482040548,-8.78295917183272,26.3380564418834));
#8775=CARTESIAN_POINT('Ctrl Pts',(-12.8008785990133,-8.76395748650379,26.4338725685913));
#8776=CARTESIAN_POINT('Ctrl Pts',(-12.8000092672323,-8.74430893998395,26.532911905737));
#8777=CARTESIAN_POINT('Ctrl Pts',(-12.8,-8.74389001497599,26.5350234984737));
#8778=CARTESIAN_POINT('Ctrl Pts',(-12.8,-8.74347108468603,26.5371351003148));
#8779=CARTESIAN_POINT('Origin',(-13.55,-6.,39.5));
#8780=CARTESIAN_POINT('Origin',(-12.8,-6.,39.5));
#8781=CARTESIAN_POINT('Origin',(-13.55,-6.,39.5));
#8782=CARTESIAN_POINT('Origin',(-13.55,5.03116557776354,29.3251567625077));
#8783=CARTESIAN_POINT('',(-12.8,10.2811655777635,29.3251567625077));
#8784=CARTESIAN_POINT('',(-13.55,11.0311655777635,29.3251567625077));
#8785=CARTESIAN_POINT('Origin',(-13.55,10.2811655777635,29.3251567625077));
#8786=CARTESIAN_POINT('Origin',(-13.55,5.03116557776354,29.3251567625077));
#8787=CARTESIAN_POINT('Origin',(-12.8,5.03116557776354,29.3251567625077));
#8788=CARTESIAN_POINT('Origin',(-13.55,10.2811655777635,19.75));
#8789=CARTESIAN_POINT('',(-13.55,11.0311655777635,19.75));
#8790=CARTESIAN_POINT('',(-12.8,10.2811655777635,19.75));
#8791=CARTESIAN_POINT('Origin',(-12.8,-8.88930510145921,53.1986100035982));
#8792=CARTESIAN_POINT('',(-14.05,-8.88930510145921,53.1986100035982));
#8793=CARTESIAN_POINT('',(-12.8,-8.88930510145921,53.1986100035982));
#8794=CARTESIAN_POINT('',(-14.05,3.93846027949752,55.5745038320639));
#8795=CARTESIAN_POINT('',(-14.05,-5.16952935849324,53.8875680542428));
#8796=CARTESIAN_POINT('',(-7.14999999999997,3.93846027949751,55.5745038320639));
#8797=CARTESIAN_POINT('Origin',(-12.8,-6.,39.5));
#8798=CARTESIAN_POINT('',(-14.05,-8.88930510145921,25.8013899964018));
#8799=CARTESIAN_POINT('',(-12.8,-8.88930510145921,25.8013899964018));
#8800=CARTESIAN_POINT('Origin',(-14.05,-6.,39.5));
#8801=CARTESIAN_POINT('Origin',(-12.8,-8.88930510145921,25.8013899964018));
#8802=CARTESIAN_POINT('',(-14.05,3.93846027949752,23.4254961679361));
#8803=CARTESIAN_POINT('',(-7.14999999999997,3.93846027949751,23.4254961679361));
#8804=CARTESIAN_POINT('',(-14.05,-5.16952935849324,25.1124319457572));
#8805=CARTESIAN_POINT('Origin',(-12.8,-26.,0.));
#8806=CARTESIAN_POINT('',(-12.8,-5.99999999999998,34.5));
#8807=CARTESIAN_POINT('Origin',(-12.8,-5.99999999999999,39.5));
#8808=CARTESIAN_POINT('Origin',(-14.0294665051121,11.7811655777635,39.5));
#8809=CARTESIAN_POINT('',(-14.0294665051121,11.0311655777635,49.6748432374923));
#8810=CARTESIAN_POINT('Origin',(-14.0294665051121,11.7811655777635,49.6748432374923));
#8811=CARTESIAN_POINT('',(-14.0294665051121,11.0311655777635,29.3251567625077));
#8812=CARTESIAN_POINT('Origin',(-14.0294665051121,11.7811655777635,29.3251567625077));
#8813=CARTESIAN_POINT('',(-14.0294665051121,11.0311655777635,39.5));
#8814=CARTESIAN_POINT('Origin',(-14.05,5.03116557776354,29.3251567625077));
#8815=CARTESIAN_POINT('',(-14.05,10.3644989110969,26.5764196787626));
#8816=CARTESIAN_POINT('Origin',(-14.05,11.0311655777635,26.2328275432945));
#8817=CARTESIAN_POINT('',(-14.8,3.80187211721427,22.6880385936146));
#8818=CARTESIAN_POINT('Origin',(-14.8,5.03116557776354,29.3251567625077));
#8819=CARTESIAN_POINT('Origin',(-14.05,3.80187211721427,22.6880385936146));
#8820=CARTESIAN_POINT('Origin',(-14.05,5.03116557776354,29.3251567625077));
#8821=CARTESIAN_POINT('Origin',(-14.05,-5.30611752077649,24.3749743714358));
#8822=CARTESIAN_POINT('',(-14.8,-9.03489456753345,25.0655995980451));
#8823=CARTESIAN_POINT('',(-14.8,-5.30611752077649,24.3749743714358));
#8824=CARTESIAN_POINT('Ctrl Pts',(-14.8,-9.03489456753344,25.0655995980451));
#8825=CARTESIAN_POINT('Ctrl Pts',(-14.8,-9.03448561054645,25.0676681214366));
#8826=CARTESIAN_POINT('Ctrl Pts',(-14.799991109221,-9.03407665270999,25.0697366351075));
#8827=CARTESIAN_POINT('Ctrl Pts',(-14.7991396155534,-9.01449337925184,25.1687883941314));
#8828=CARTESIAN_POINT('Ctrl Pts',(-14.7787693758396,-8.99553266986776,25.2646591997808));
#8829=CARTESIAN_POINT('Ctrl Pts',(-14.701772842808,-8.96044102902189,25.4420407527296));
#8830=CARTESIAN_POINT('Ctrl Pts',(-14.6463247136486,-8.94461406728328,25.5220162042645));
#8831=CARTESIAN_POINT('Ctrl Pts',(-14.5073045592843,-8.91797308062023,25.6566089941862));
#8832=CARTESIAN_POINT('Ctrl Pts',(-14.425063722362,-8.90741349497888,25.7099416945909));
#8833=CARTESIAN_POINT('Ctrl Pts',(-14.2443741947308,-8.89301071374713,25.7826793065282));
#8834=CARTESIAN_POINT('Ctrl Pts',(-14.1476541278312,-8.88930510145923,25.8013899964018));
#8835=CARTESIAN_POINT('Ctrl Pts',(-14.05,-8.88930510145921,25.8013899964018));
#8836=CARTESIAN_POINT('Origin',(-14.05,-6.,39.5));
#8837=CARTESIAN_POINT('',(-14.8,-9.03489456753418,53.9344004019548));
#8838=CARTESIAN_POINT('Origin',(-14.8,-6.,39.5));
#8839=CARTESIAN_POINT('Ctrl Pts',(-14.8,-9.03489456753418,53.9344004019548));
#8840=CARTESIAN_POINT('Ctrl Pts',(-14.8,-9.03448561054706,53.9323318785627));
#8841=CARTESIAN_POINT('Ctrl Pts',(-14.799991109221,-9.03407665273876,53.9302633648879));
#8842=CARTESIAN_POINT('Ctrl Pts',(-14.7991396155534,-9.01449337894513,53.8312116059166));
#8843=CARTESIAN_POINT('Ctrl Pts',(-14.7787693758387,-8.99553266986787,53.7353408002171));
#8844=CARTESIAN_POINT('Ctrl Pts',(-14.701772842808,-8.96044102902232,53.5579592472703));
#8845=CARTESIAN_POINT('Ctrl Pts',(-14.6463247136486,-8.94461406728361,53.4779837957355));
#8846=CARTESIAN_POINT('Ctrl Pts',(-14.5073045592844,-8.91797308062061,53.3433910058138));
#8847=CARTESIAN_POINT('Ctrl Pts',(-14.4250637223621,-8.90741349497955,53.290058305409));
#8848=CARTESIAN_POINT('Ctrl Pts',(-14.2443741947308,-8.89301071374771,53.2173206934716));
#8849=CARTESIAN_POINT('Ctrl Pts',(-14.1476541278312,-8.88930510145961,53.1986100035982));
#8850=CARTESIAN_POINT('Ctrl Pts',(-14.05,-8.88930510145958,53.1986100035982));
#8851=CARTESIAN_POINT('Origin',(-14.05,-5.3061175207765,54.6250256285642));
#8852=CARTESIAN_POINT('',(-14.8,3.80187211721426,56.3119614063854));
#8853=CARTESIAN_POINT('',(-14.8,-5.3061175207765,54.6250256285642));
#8854=CARTESIAN_POINT('Origin',(-14.05,3.80187211721426,56.3119614063854));
#8855=CARTESIAN_POINT('Origin',(-14.05,5.03116557776354,49.6748432374923));
#8856=CARTESIAN_POINT('',(-14.05,10.3644989110969,52.4235803212374));
#8857=CARTESIAN_POINT('Origin',(-14.05,11.0311655777635,52.7671724567055));
#8858=CARTESIAN_POINT('Origin',(-14.05,5.03116557776354,49.6748432374923));
#8859=CARTESIAN_POINT('Origin',(-14.8,5.03116557776354,49.6748432374923));
#8860=CARTESIAN_POINT('Ctrl Pts',(-14.7999998394046,11.0314747485772,52.767343736593));
#8861=CARTESIAN_POINT('Ctrl Pts',(-14.7997259114315,11.5483855248614,51.8155185767682));
#8862=CARTESIAN_POINT('Ctrl Pts',(-14.778364924417,11.8218000159008,50.7456623316438));
#8863=CARTESIAN_POINT('Ctrl Pts',(-14.778364924417,11.8218000159008,49.6748432374923));
#8864=CARTESIAN_POINT('Ctrl Pts',(-14.8001055732101,10.8319517027349,52.6645046748215));
#8865=CARTESIAN_POINT('Ctrl Pts',(-14.807057902356,11.3285146275458,51.7423793703476));
#8866=CARTESIAN_POINT('Ctrl Pts',(-14.7909422669074,11.5899978219508,50.7085979649656));
#8867=CARTESIAN_POINT('Ctrl Pts',(-14.7909422669074,11.5899978219508,49.6748432374923));
#8868=CARTESIAN_POINT('Ctrl Pts',(-14.6117409830396,10.4865104425987,52.4865072935566));
#8869=CARTESIAN_POINT('Ctrl Pts',(-14.6226146614817,10.9417621610698,51.6156596202549));
#8870=CARTESIAN_POINT('Ctrl Pts',(-14.6104637318045,11.1784511431041,50.6451045420752));
#8871=CARTESIAN_POINT('Ctrl Pts',(-14.6104637318045,11.1784511431041,49.6748432374923));
#8872=CARTESIAN_POINT('Ctrl Pts',(-14.2183500152382,10.3644391671639,52.4236962387049));
#8873=CARTESIAN_POINT('Ctrl Pts',(-14.2214062762046,10.8016507335332,51.5752945533085));
#8874=CARTESIAN_POINT('Ctrl Pts',(-14.203573874998,11.0311655777635,50.6250726511644));
#8875=CARTESIAN_POINT('Ctrl Pts',(-14.203573874998,11.0311655777635,49.6748432374923));
#8876=CARTESIAN_POINT('Ctrl Pts',(-14.0499999447153,10.3644204411168,52.4237325700263));
#8877=CARTESIAN_POINT('Ctrl Pts',(-14.0497399629455,10.8005038619783,51.5776657612931));
#8878=CARTESIAN_POINT('Ctrl Pts',(-14.0294665051121,11.0311655777635,50.6266824322935));
#8879=CARTESIAN_POINT('Ctrl Pts',(-14.0294665051121,11.0311655777635,49.6748432374923));
#8880=CARTESIAN_POINT('Ctrl Pts',(-14.0294665051121,11.0311655777635,49.6748432374923));
#8881=CARTESIAN_POINT('Ctrl Pts',(-14.0294665051121,11.0311655777635,50.6266253385853));
#8882=CARTESIAN_POINT('Ctrl Pts',(-14.0497375309124,10.8005315324878,51.5775516765476));
#8883=CARTESIAN_POINT('Ctrl Pts',(-14.0499998977162,10.3644989110397,52.4235803212503));
#8884=CARTESIAN_POINT('Ctrl Pts',(-14.778364924417,11.8218000159008,29.3251567625077));
#8885=CARTESIAN_POINT('Ctrl Pts',(-14.778364924417,11.8218000159008,28.2543376683683));
#8886=CARTESIAN_POINT('Ctrl Pts',(-14.7997259114316,11.548385524855,27.1844814232201));
#8887=CARTESIAN_POINT('Ctrl Pts',(-14.7999998394046,11.0314747485772,26.232656263407));
#8888=CARTESIAN_POINT('Ctrl Pts',(-14.7909422669074,11.5899978219508,29.3251567625077));
#8889=CARTESIAN_POINT('Ctrl Pts',(-14.7909422669074,11.5899978219508,28.2914020350461));
#8890=CARTESIAN_POINT('Ctrl Pts',(-14.8070579023559,11.3285146275397,27.257620629641));
#8891=CARTESIAN_POINT('Ctrl Pts',(-14.8001055732101,10.8319517027349,26.3354953251786));
#8892=CARTESIAN_POINT('Ctrl Pts',(-14.6104984602678,11.1784114164502,29.3251567625077));
#8893=CARTESIAN_POINT('Ctrl Pts',(-14.6104984602678,11.1784114164502,28.3548954579357));
#8894=CARTESIAN_POINT('Ctrl Pts',(-14.6226444107933,10.9417304491933,27.38435673293));
#8895=CARTESIAN_POINT('Ctrl Pts',(-14.6117707323513,10.4864787307278,26.513509059639));
#8896=CARTESIAN_POINT('Ctrl Pts',(-14.203573874998,11.0311655777635,29.3251567625077));
#8897=CARTESIAN_POINT('Ctrl Pts',(-14.203573874998,11.0311655777635,28.3749273488463));
#8898=CARTESIAN_POINT('Ctrl Pts',(-14.2214062762046,10.8016507335278,27.424705446681));
#8899=CARTESIAN_POINT('Ctrl Pts',(-14.2183500152382,10.3644391671639,26.5763037612951));
#8900=CARTESIAN_POINT('Ctrl Pts',(-14.0294665051121,11.0311655777635,29.3251567625077));
#8901=CARTESIAN_POINT('Ctrl Pts',(-14.0294665051121,11.0311655777635,28.3733175677172));
#8902=CARTESIAN_POINT('Ctrl Pts',(-14.0497399629455,10.800503861973,27.4223342386965));
#8903=CARTESIAN_POINT('Ctrl Pts',(-14.0499999447153,10.3644204411168,26.5762674299738));
#8904=CARTESIAN_POINT('Ctrl Pts',(-14.0499998977162,10.3644989110397,26.5764196787497));
#8905=CARTESIAN_POINT('Ctrl Pts',(-14.0497375309124,10.8005315324824,27.422448323442));
#8906=CARTESIAN_POINT('Ctrl Pts',(-14.0294665051121,11.0311655777635,28.3733746614254));
#8907=CARTESIAN_POINT('Ctrl Pts',(-14.0294665051121,11.0311655777635,29.3251567625077));
#8908=CARTESIAN_POINT('Origin',(-14.8,1.34264430129771,39.5));
#8909=CARTESIAN_POINT('',(-14.8,10.6214010909122,19.8994484404069));
#8910=CARTESIAN_POINT('',(-14.8,11.9657467085188,27.1577484397428));
#8911=CARTESIAN_POINT('',(-14.8,-8.59184936456269,23.4580295202959));
#8912=CARTESIAN_POINT('',(-14.8,11.7080030066871,19.6981935289691));
#8913=CARTESIAN_POINT('',(-14.8,-8.59184936456437,55.5419704797038));
#8914=CARTESIAN_POINT('Origin',(-14.8,-6.,39.5));
#8915=CARTESIAN_POINT('',(-14.8,11.7080030066871,59.3018064710309));
#8916=CARTESIAN_POINT('Origin',(-7.14999999999997,5.03116557776353,49.6748432374923));
#8917=CARTESIAN_POINT('',(-7.14999999999996,11.0311655777635,49.6748432374923));
#8918=CARTESIAN_POINT('Origin',(-1.49999999999996,11.0311655777635,39.5));
#8919=CARTESIAN_POINT('',(-7.14999999999996,11.0311655777635,29.3251567625077));
#8920=CARTESIAN_POINT('Origin',(-7.14999999999997,5.03116557776353,29.3251567625077));
#8921=CARTESIAN_POINT('Origin',(-2.24999999999998,26.3505437985113,39.5));
#8922=CARTESIAN_POINT('',(-1.49999999999998,26.3505437985113,28.4772961574757));
#8923=CARTESIAN_POINT('Origin',(-2.24999999999998,26.3505437985113,28.4772961574757));
#8924=CARTESIAN_POINT('',(-1.49999999999998,26.3505437985113,39.5));
#8925=CARTESIAN_POINT('Origin',(-2.24999999999998,26.3505437985113,39.5));
#8926=CARTESIAN_POINT('',(-1.49999999999998,26.3505437985113,50.5227038425243));
#8927=CARTESIAN_POINT('',(-1.49999999999998,26.3505437985113,39.5));
#8928=CARTESIAN_POINT('Origin',(-2.24999999999998,26.3505437985113,50.5227038425243));
#8929=CARTESIAN_POINT('Origin',(-2.24999999999998,26.3505437985113,50.5227038425243));
#8930=CARTESIAN_POINT('Origin',(-2.24999999999998,26.3505437985113,50.5227038425243));
#8931=CARTESIAN_POINT('Origin',(-2.24999999999998,26.3505437985113,28.4772961574757));
#8932=CARTESIAN_POINT('Origin',(-2.24999999999998,26.3505437985113,28.4772961574757));
#8933=CARTESIAN_POINT('Origin',(-1.49999999999999,14.,32.));
#8934=CARTESIAN_POINT('',(-1.49999999999998,42.4166359859919,28.4772961576533));
#8935=CARTESIAN_POINT('',(-1.49999999999998,39.,28.4772961574757));
#8936=CARTESIAN_POINT('',(-1.49999999999999,22.,8.06066017177982));
#8937=CARTESIAN_POINT('',(-1.49999999999998,29.4696699141101,15.5303300858899));
#8938=CARTESIAN_POINT('',(-1.49999999999999,22.,16.2664504109057));
#8939=CARTESIAN_POINT('',(-1.49999999999999,22.,16.));
#8940=CARTESIAN_POINT('',(-1.49999999999998,24.1512733432027,15.8680024421702));
#8941=CARTESIAN_POINT('',(-1.49999999999999,18.2251223591289,16.9656141564068));
#8942=CARTESIAN_POINT('',(-1.49999999999998,25.9194939109013,17.0660130571666));
#8943=CARTESIAN_POINT('Ctrl Pts',(-1.49999999999998,25.9194939109013,17.0660130571666));
#8944=CARTESIAN_POINT('Ctrl Pts',(-1.49999999999998,25.8371967254897,16.6216796558483));
#8945=CARTESIAN_POINT('Ctrl Pts',(-1.49999999999998,25.3136416733128,15.9260723436245));
#8946=CARTESIAN_POINT('Ctrl Pts',(-1.49999999999998,24.4845233941915,15.8062795531115));
#8947=CARTESIAN_POINT('Ctrl Pts',(-1.49999999999998,24.1512733432027,15.8680024421702));
#8948=CARTESIAN_POINT('',(-1.49999999999998,27.2638395285079,24.3243130565025));
#8949=CARTESIAN_POINT('Origin',(-2.24999999999998,39.,28.4772961574757));
#8950=CARTESIAN_POINT('Origin',(-2.24999999999999,42.4166359861221,28.4772961574757));
#8951=CARTESIAN_POINT('Ctrl Pts',(-1.49999999999998,24.1512733432027,15.8680024421702));
#8952=CARTESIAN_POINT('Ctrl Pts',(-1.49999999999998,24.4845233941915,15.8062795531115));
#8953=CARTESIAN_POINT('Ctrl Pts',(-1.49999999999998,25.3136416733128,15.9260723436245));
#8954=CARTESIAN_POINT('Ctrl Pts',(-1.49999999999998,25.8371967254897,16.6216796558483));
#8955=CARTESIAN_POINT('Ctrl Pts',(-1.49999999999998,25.9194939109013,17.0660130571666));
#8956=CARTESIAN_POINT('Ctrl Pts',(-1.49999999999998,24.1921404257929,16.088649232439));
#8957=CARTESIAN_POINT('Ctrl Pts',(-1.50022527793497,24.4757832475408,16.0304339646527));
#8958=CARTESIAN_POINT('Ctrl Pts',(-1.50036192177979,25.1912101226101,16.120353707067));
#8959=CARTESIAN_POINT('Ctrl Pts',(-1.49999999999998,25.6497456721695,16.7192560671909));
#8960=CARTESIAN_POINT('Ctrl Pts',(-1.49999999999998,25.7207868107677,17.1028165813081));
#8961=CARTESIAN_POINT('Ctrl Pts',(-1.68837394666972,24.2628872664103,16.4706207927886));
#8962=CARTESIAN_POINT('Ctrl Pts',(-1.67858108729937,24.4614475114166,16.4191218893679));
#8963=CARTESIAN_POINT('Ctrl Pts',(-1.65869072882491,24.9798207332655,16.4580809172035));
#8964=CARTESIAN_POINT('Ctrl Pts',(-1.65100598796399,25.323933222029,16.8882630221485));
#8965=CARTESIAN_POINT('Ctrl Pts',(-1.65100598796399,25.3755161117436,17.1667658740025));
#8966=CARTESIAN_POINT('Ctrl Pts',(-2.08170039355767,24.287861505486,16.6054600164917));
#8967=CARTESIAN_POINT('Ctrl Pts',(-2.0570405132277,24.4580965106073,16.5673180094491));
#8968=CARTESIAN_POINT('Ctrl Pts',(-2.00500376491342,24.8914948364533,16.61161108617));
#8969=CARTESIAN_POINT('Ctrl Pts',(-1.98361333003025,25.17175952364,16.9675257565215));
#8970=CARTESIAN_POINT('Ctrl Pts',(-1.98361333003025,25.2141957954412,17.1966448071235));
#8971=CARTESIAN_POINT('Ctrl Pts',(-2.24999999999998,24.287861505486,16.6054600164917));
#8972=CARTESIAN_POINT('Ctrl Pts',(-2.22129880055522,24.4594119441686,16.5736863118415));
#8973=CARTESIAN_POINT('Ctrl Pts',(-2.15952136972481,24.8841042863768,16.6317058865513));
#8974=CARTESIAN_POINT('Ctrl Pts',(-2.13333333333332,25.1498647077199,16.9787718509477));
#8975=CARTESIAN_POINT('Ctrl Pts',(-2.13333333333332,25.1910133004256,17.2009385516066));
#8976=CARTESIAN_POINT('',(-2.13333333333332,25.1910133004256,17.2009385516066));
#8977=CARTESIAN_POINT('',(-2.24999999999998,24.287861505486,16.6054600164917));
#8978=CARTESIAN_POINT('Ctrl Pts',(-2.24999999999998,24.287861505486,16.6054600164917));
#8979=CARTESIAN_POINT('Ctrl Pts',(-2.22129880055522,24.4594119441686,16.5736863118415));
#8980=CARTESIAN_POINT('Ctrl Pts',(-2.15952136972481,24.8841042863768,16.6317058865513));
#8981=CARTESIAN_POINT('Ctrl Pts',(-2.13333333333332,25.1498647077199,16.9787718509477));
#8982=CARTESIAN_POINT('Ctrl Pts',(-2.13333333333332,25.1910133004256,17.2009385516066));
#8983=CARTESIAN_POINT('Origin',(-2.24999999999998,25.9194939109013,17.0660130571666));
#8984=CARTESIAN_POINT('Origin',(-2.24999999999998,24.1512733432027,15.8680024421702));
#8985=CARTESIAN_POINT('Origin',(-2.24999999999998,27.2638395285079,24.3243130565025));
#8986=CARTESIAN_POINT('',(-2.13333333333332,26.5353589180322,24.4592385509426));
#8987=CARTESIAN_POINT('Origin',(-13.55,-6.,39.5));
#8988=CARTESIAN_POINT('',(-12.8,-8.84846880200219,21.9800477887545));
#8989=CARTESIAN_POINT('',(-12.8,-8.84846880200137,57.0199522112457));
#8990=CARTESIAN_POINT('Origin',(-12.8,-6.,39.5));
#8991=CARTESIAN_POINT('',(-13.55,-8.72006773205571,56.280978265087));
#8992=CARTESIAN_POINT('Ctrl Pts',(-12.8,-8.84846880200138,57.0199522112458));
#8993=CARTESIAN_POINT('Ctrl Pts',(-12.8,-8.84812004023294,57.0179464269293));
#8994=CARTESIAN_POINT('Ctrl Pts',(-12.8000082886111,-8.84777128173635,57.015940650617));
#8995=CARTESIAN_POINT('Ctrl Pts',(-12.8008304300555,-8.83047511255836,56.9164665158314));
#8996=CARTESIAN_POINT('Ctrl Pts',(-12.8212009960509,-8.81372582778579,56.820110135304));
#8997=CARTESIAN_POINT('Ctrl Pts',(-12.8982238448616,-8.78275554248987,56.6418979034903));
#8998=CARTESIAN_POINT('Ctrl Pts',(-12.9536713048809,-8.76880079771594,56.5615752512027));
#8999=CARTESIAN_POINT('Ctrl Pts',(-13.0926908797408,-8.74531951597987,56.426395332462));
#9000=CARTESIAN_POINT('Ctrl Pts',(-13.1749321729703,-8.73601705365069,56.3728287365368));
#9001=CARTESIAN_POINT('Ctrl Pts',(-13.3556232721092,-8.72333064376062,56.2997714426025));
#9002=CARTESIAN_POINT('Ctrl Pts',(-13.4523446385441,-8.72006773205561,56.2809782650871));
#9003=CARTESIAN_POINT('Ctrl Pts',(-13.55,-8.72006773205571,56.280978265087));
#9004=CARTESIAN_POINT('',(-13.55,-8.72006773205571,22.719021734913));
#9005=CARTESIAN_POINT('Origin',(-13.55,-6.,39.5));
#9006=CARTESIAN_POINT('Ctrl Pts',(-13.55,-8.72006773205571,22.719021734913));
#9007=CARTESIAN_POINT('Ctrl Pts',(-13.4523446385441,-8.72006773205561,22.7190217349129));
#9008=CARTESIAN_POINT('Ctrl Pts',(-13.3556232721092,-8.72333064376093,22.7002285573976));
#9009=CARTESIAN_POINT('Ctrl Pts',(-13.1749321729702,-8.73601705365098,22.6271712634633));
#9010=CARTESIAN_POINT('Ctrl Pts',(-13.0926908797407,-8.74531951598062,22.5736046675381));
#9011=CARTESIAN_POINT('Ctrl Pts',(-12.9536713048808,-8.76880079771679,22.4384247487972));
#9012=CARTESIAN_POINT('Ctrl Pts',(-12.8982238448614,-8.78275554249013,22.3581020965094));
#9013=CARTESIAN_POINT('Ctrl Pts',(-12.821200996052,-8.81372582778553,22.1798898646983));
#9014=CARTESIAN_POINT('Ctrl Pts',(-12.8008304300556,-8.83047511274567,22.0835334842148));
#9015=CARTESIAN_POINT('Ctrl Pts',(-12.800008288611,-8.84777128172076,21.9840593493799));
#9016=CARTESIAN_POINT('Ctrl Pts',(-12.8,-8.84812004023366,21.9820535730714));
#9017=CARTESIAN_POINT('Ctrl Pts',(-12.8,-8.8484688020022,21.9800477887544));
#9018=CARTESIAN_POINT('Ctrl Pts',(-1.49999999999998,25.9194939109013,61.9339869428334));
#9019=CARTESIAN_POINT('Ctrl Pts',(-1.49999999999998,25.8577701961479,62.2672414518571));
#9020=CARTESIAN_POINT('Ctrl Pts',(-1.49999999999998,25.4350354033367,62.9931427727749));
#9021=CARTESIAN_POINT('Ctrl Pts',(-1.49999999999998,24.5956126885677,63.2142958441677));
#9022=CARTESIAN_POINT('Ctrl Pts',(-1.49999999999998,24.1512733432027,63.1319975578298));
#9023=CARTESIAN_POINT('Ctrl Pts',(-1.49999999999998,25.7207868107678,61.8971834186919));
#9024=CARTESIAN_POINT('Ctrl Pts',(-1.49999999999998,25.6675052440572,62.1848576525755));
#9025=CARTESIAN_POINT('Ctrl Pts',(-1.50016770100211,25.2978355893932,62.8109713646529));
#9026=CARTESIAN_POINT('Ctrl Pts',(-1.50030037459816,24.5703359140128,62.9889721629716));
#9027=CARTESIAN_POINT('Ctrl Pts',(-1.49999999999998,24.1921404257929,62.911350767561));
#9028=CARTESIAN_POINT('Ctrl Pts',(-1.65105288101483,25.3755624581452,61.8332427100436));
#9029=CARTESIAN_POINT('Ctrl Pts',(-1.65105288101483,25.3368747733236,62.0421226431778));
#9030=CARTESIAN_POINT('Ctrl Pts',(-1.65671136301583,25.0601016325314,62.4948730197811));
#9031=CARTESIAN_POINT('Ctrl Pts',(-1.67538011104619,24.5276239289701,62.5981202293771));
#9032=CARTESIAN_POINT('Ctrl Pts',(-1.6884374315446,24.262873393989,62.5294541062509));
#9033=CARTESIAN_POINT('Ctrl Pts',(-1.98361333003025,25.2141957954412,61.8033551928765));
#9034=CARTESIAN_POINT('Ctrl Pts',(-1.98361333003025,25.1823681658233,61.9751967796));
#9035=CARTESIAN_POINT('Ctrl Pts',(-1.99925622453081,24.956849460529,62.3483228007393));
#9036=CARTESIAN_POINT('Ctrl Pts',(-2.04882011326939,24.514844548728,62.4453966732221));
#9037=CARTESIAN_POINT('Ctrl Pts',(-2.08170039355768,24.287861505486,62.3945399835083));
#9038=CARTESIAN_POINT('Ctrl Pts',(-2.13333333333332,25.1910133004256,61.7990614483934));
#9039=CARTESIAN_POINT('Ctrl Pts',(-2.13333333333332,25.1601514430488,61.965688702906));
#9040=CARTESIAN_POINT('Ctrl Pts',(-2.15243648913237,24.9458739132828,62.3281003631809));
#9041=CARTESIAN_POINT('Ctrl Pts',(-2.21173122214193,24.5165984836058,62.4369054897767));
#9042=CARTESIAN_POINT('Ctrl Pts',(-2.24999999999999,24.287861505486,62.3945399835083));
#9043=CARTESIAN_POINT('',(-1.49999999999998,24.1512733432027,63.1319975578298));
#9044=CARTESIAN_POINT('',(-1.49999999999998,25.9194939109013,61.9339869428334));
#9045=CARTESIAN_POINT('Ctrl Pts',(-1.49999999999998,24.1512733432027,63.1319975578298));
#9046=CARTESIAN_POINT('Ctrl Pts',(-1.49999999999998,24.5956126885677,63.2142958441677));
#9047=CARTESIAN_POINT('Ctrl Pts',(-1.49999999999998,25.4350354033367,62.9931427727749));
#9048=CARTESIAN_POINT('Ctrl Pts',(-1.49999999999998,25.8577701961479,62.2672414518571));
#9049=CARTESIAN_POINT('Ctrl Pts',(-1.49999999999998,25.9194939109013,61.9339869428334));
#9050=CARTESIAN_POINT('Origin',(-2.24999999999998,25.9194939109013,61.9339869428334));
#9051=CARTESIAN_POINT('',(-2.24999999999999,24.287861505486,62.3945399835083));
#9052=CARTESIAN_POINT('Ctrl Pts',(-2.13333333333332,25.1910133004256,61.7990614483934));
#9053=CARTESIAN_POINT('Ctrl Pts',(-2.13333333333332,25.1601514430488,61.965688702906));
#9054=CARTESIAN_POINT('Ctrl Pts',(-2.15243648913237,24.9458739132828,62.3281003631809));
#9055=CARTESIAN_POINT('Ctrl Pts',(-2.21173122214193,24.5165984836058,62.4369054897767));
#9056=CARTESIAN_POINT('Ctrl Pts',(-2.24999999999999,24.287861505486,62.3945399835083));
#9057=CARTESIAN_POINT('Origin',(-2.24999999999999,24.1512733432027,63.1319975578298));
#9058=CARTESIAN_POINT('Origin',(-2.24999999999998,27.2638395285079,54.6756869434975));
#9059=CARTESIAN_POINT('',(-1.49999999999998,27.2638395285079,54.6756869434975));
#9060=CARTESIAN_POINT('Origin',(0.200000000000018,10.6214010909122,59.1005515595931));
#9061=CARTESIAN_POINT('',(-14.05,10.4848129286289,59.8380091339146));
#9062=CARTESIAN_POINT('Origin',(-14.05,10.6214010909122,59.1005515595931));
#9063=CARTESIAN_POINT('Origin',(0.200000000000018,10.4848129286289,59.8380091339146));
#9064=CARTESIAN_POINT('Origin',(-14.05,11.7080030066871,59.3018064710309));
#9065=CARTESIAN_POINT('',(-14.05,-8.72006773205571,56.280978265087));
#9066=CARTESIAN_POINT('',(-14.05,11.5714148444038,60.0392640453523));
#9067=CARTESIAN_POINT('Ctrl Pts',(-14.8,-8.59184936456438,55.5419704797038));
#9068=CARTESIAN_POINT('Ctrl Pts',(-14.8,-8.59220295637519,55.5440100324831));
#9069=CARTESIAN_POINT('Ctrl Pts',(-14.7999914315237,-8.59255654891983,55.5460495761306));
#9070=CARTESIAN_POINT('Ctrl Pts',(-14.7991555271349,-8.60980385907165,55.6455324837482));
#9071=CARTESIAN_POINT('Ctrl Pts',(-14.7787854500654,-8.62650965214336,55.7418605419371));
#9072=CARTESIAN_POINT('Ctrl Pts',(-14.7017758177446,-8.65742094395703,55.920051536594));
#9073=CARTESIAN_POINT('Ctrl Pts',(-14.6463284394784,-8.67135951859577,56.0003769889865));
#9074=CARTESIAN_POINT('Ctrl Pts',(-14.5073089733178,-8.69482150612065,56.1355602593362));
#9075=CARTESIAN_POINT('Ctrl Pts',(-14.4250677623706,-8.70412078962175,56.1891273799687));
#9076=CARTESIAN_POINT('Ctrl Pts',(-14.2443767337066,-8.71680449189548,56.2621851459757));
#9077=CARTESIAN_POINT('Ctrl Pts',(-14.1476553591695,-8.72006773205543,56.2809782650871));
#9078=CARTESIAN_POINT('Ctrl Pts',(-14.05,-8.72006773205531,56.2809782650871));
#9079=CARTESIAN_POINT('Origin',(-13.55,-5.31973255142189,57.6735268932773));
#9080=CARTESIAN_POINT('',(-12.8,11.,60.6961852207125));
#9081=CARTESIAN_POINT('',(-12.8,-5.31973255142189,57.6735268932773));
#9082=CARTESIAN_POINT('',(-13.55,11.1365881622833,59.958727646391));
#9083=CARTESIAN_POINT('Origin',(-13.55,11.,60.6961852207125));
#9084=CARTESIAN_POINT('',(-13.55,-5.18314438913864,56.9360693189559));
#9085=CARTESIAN_POINT('Ctrl Pts',(-13.55,11.1365881622833,59.958727646391));
#9086=CARTESIAN_POINT('Ctrl Pts',(-13.55,11.9780861944948,60.1145856561084));
#9087=CARTESIAN_POINT('Ctrl Pts',(-12.8645098185305,13.944862140462,60.4788619500088));
#9088=CARTESIAN_POINT('Ctrl Pts',(-10.921997376282,14.8865881622833,60.6532836810666));
#9089=CARTESIAN_POINT('Ctrl Pts',(-9.79999999999998,14.8865881622833,60.6532836810666));
#9090=CARTESIAN_POINT('Ctrl Pts',(-13.4378002623718,11.1365881622833,59.958727646391));
#9091=CARTESIAN_POINT('Ctrl Pts',(-13.4348760414578,11.9537347930998,60.1100646719336));
#9092=CARTESIAN_POINT('Ctrl Pts',(-12.7621430224913,13.8580602341545,60.462772083885));
#9093=CARTESIAN_POINT('Ctrl Pts',(-10.883852778797,14.7634021313184,60.6304677874148));
#9094=CARTESIAN_POINT('Ctrl Pts',(-9.79999999999998,14.7634021313184,60.6304677874148));
#9095=CARTESIAN_POINT('Ctrl Pts',(-13.2138233223792,11.1272390482264,60.0092047511356));
#9096=CARTESIAN_POINT('Ctrl Pts',(-13.2050863001299,11.8952536185221,60.1542059853637));
#9097=CARTESIAN_POINT('Ctrl Pts',(-12.5579006507571,13.6737712877112,60.4903816264683));
#9098=CARTESIAN_POINT('Ctrl Pts',(-10.8077180968759,14.50600900216,60.6481116574781));
#9099=CARTESIAN_POINT('Ctrl Pts',(-9.79999999999998,14.50600900216,60.6481116574781));
#9100=CARTESIAN_POINT('Ctrl Pts',(-12.898395491665,11.0815440041817,60.2559183445862));
#9101=CARTESIAN_POINT('Ctrl Pts',(-12.8854164162187,11.7789261016498,60.400422313014));
#9102=CARTESIAN_POINT('Ctrl Pts',(-12.2849063403892,13.3839573597374,60.7349997115036));
#9103=CARTESIAN_POINT('Ctrl Pts',(-10.7069828918634,14.1238418678285,60.8914175312089));
#9104=CARTESIAN_POINT('Ctrl Pts',(-9.79999999999998,14.1238418678285,60.8914175312089));
#9105=CARTESIAN_POINT('Ctrl Pts',(-12.8,11.0306503119426,60.5307001280109));
#9106=CARTESIAN_POINT('Ctrl Pts',(-12.793027113797,11.7044637958423,60.6822252789455));
#9107=CARTESIAN_POINT('Ctrl Pts',(-12.226685234799,13.2664874210174,61.0352186321017));
#9108=CARTESIAN_POINT('Ctrl Pts',(-10.6867763847337,14.,61.2028195502472));
#9109=CARTESIAN_POINT('Ctrl Pts',(-9.79999999999998,14.,61.2028195502472));
#9110=CARTESIAN_POINT('Ctrl Pts',(-12.8,11.,60.6961852207125));
#9111=CARTESIAN_POINT('Ctrl Pts',(-12.8,11.6731984257693,60.8520432304299));
#9112=CARTESIAN_POINT('Ctrl Pts',(-12.2516078548244,13.246619182543,61.2163195243302));
#9113=CARTESIAN_POINT('Ctrl Pts',(-10.6975979010256,14.,61.3907412553881));
#9114=CARTESIAN_POINT('Ctrl Pts',(-9.79999999999998,14.,61.3907412553881));
#9115=CARTESIAN_POINT('',(-9.79999999999998,14.,61.3907412553881));
#9116=CARTESIAN_POINT('',(-9.79999999999998,14.8865881622833,60.6532836810666));
#9117=CARTESIAN_POINT('Origin',(-9.79999999999998,14.75,61.3907412553881));
#9118=CARTESIAN_POINT('Origin',(-9.79999999999998,11.1365881622833,59.958727646391));
#9119=CARTESIAN_POINT('Origin',(-9.79999999999998,11.,60.6961852207125));
#9120=CARTESIAN_POINT('Origin',(-12.8,14.75,61.3907412553881));
#9121=CARTESIAN_POINT('',(-9.49999999999999,14.,61.3907412553881));
#9122=CARTESIAN_POINT('',(-9.49999999999999,14.8865881622833,60.6532836810666));
#9123=CARTESIAN_POINT('Origin',(-9.49999999999999,14.75,61.3907412553881));
#9124=CARTESIAN_POINT('',(-12.8,14.8865881622833,60.6532836810666));
#9125=CARTESIAN_POINT('',(-12.8,14.,61.3907412553881));
#9126=CARTESIAN_POINT('Ctrl Pts',(-9.49999999999999,14.8865881622833,60.6532836810666));
#9127=CARTESIAN_POINT('Ctrl Pts',(-7.87310380439099,14.8865881622833,60.6532836810666));
#9128=CARTESIAN_POINT('Ctrl Pts',(-5.17141164422644,15.8370374182869,60.8293210854427));
#9129=CARTESIAN_POINT('Ctrl Pts',(-2.74603323364223,18.8865526022576,61.3941368651392));
#9130=CARTESIAN_POINT('Ctrl Pts',(-2.24999999999999,21.0519906985439,61.7952083578037));
#9131=CARTESIAN_POINT('Ctrl Pts',(-2.24999999999999,22.1365881622833,61.9960920147728));
#9132=CARTESIAN_POINT('Ctrl Pts',(-9.49999999999999,14.7634021313184,60.6304677874148));
#9133=CARTESIAN_POINT('Ctrl Pts',(-7.84449535627717,14.7634021313184,60.6304677874148));
#9134=CARTESIAN_POINT('Ctrl Pts',(-5.09577983629155,15.7327336035003,60.8099842170131));
#9135=CARTESIAN_POINT('Ctrl Pts',(-2.63541345351292,18.8361714286842,61.3848059471317));
#9136=CARTESIAN_POINT('Ctrl Pts',(-2.13585078176244,21.0357564309472,61.7921943683539));
#9137=CARTESIAN_POINT('Ctrl Pts',(-2.13780026237178,22.1365881622833,61.9960920147728));
#9138=CARTESIAN_POINT('Ctrl Pts',(-9.49999999999999,14.5060088848974,60.6481115762865));
#9139=CARTESIAN_POINT('Ctrl Pts',(-7.78739434483639,14.5060088848974,60.6481115762865));
#9140=CARTESIAN_POINT('Ctrl Pts',(-4.94489922410319,15.5132353531631,60.832798573333));
#9141=CARTESIAN_POINT('Ctrl Pts',(-2.4146274713502,18.7252853604727,61.4220851025724));
#9142=CARTESIAN_POINT('Ctrl Pts',(-1.90799855986312,20.9936526189438,61.8384475632664));
#9143=CARTESIAN_POINT('Ctrl Pts',(-1.91382324136264,22.1272390572937,62.0465690705616));
#9144=CARTESIAN_POINT('Ctrl Pts',(-9.49999999999999,14.123841620417,60.8914174150014));
#9145=CARTESIAN_POINT('Ctrl Pts',(-7.71184294107699,14.123841620417,60.8914174150014));
#9146=CARTESIAN_POINT('Ctrl Pts',(-4.74427909718841,15.1792116487189,61.0767945916549));
#9147=CARTESIAN_POINT('Ctrl Pts',(-2.11206346641321,18.5357019533197,61.6676558342851));
#9148=CARTESIAN_POINT('Ctrl Pts',(-1.58974260990283,20.9008692633048,62.0848296266165));
#9149=CARTESIAN_POINT('Ctrl Pts',(-1.59839532686703,22.0815440168731,62.2932826444453));
#9150=CARTESIAN_POINT('Ctrl Pts',(-9.49999999999999,14.,61.2028195502472));
#9151=CARTESIAN_POINT('Ctrl Pts',(-7.69668806072972,14.,61.2028195502472));
#9152=CARTESIAN_POINT('Ctrl Pts',(-4.70364619474668,15.0585958089021,61.3823620969665));
#9153=CARTESIAN_POINT('Ctrl Pts',(-2.03281113818823,18.4418842122474,61.9571325881629));
#9154=CARTESIAN_POINT('Ctrl Pts',(-1.495351409198,20.8342631493287,62.3642922669017));
#9155=CARTESIAN_POINT('Ctrl Pts',(-1.49999999999999,22.0306503119426,62.5680644963927));
#9156=CARTESIAN_POINT('Ctrl Pts',(-9.49999999999999,14.,61.3907412553881));
#9157=CARTESIAN_POINT('Ctrl Pts',(-7.70480419794868,14.,61.3907412553881));
#9158=CARTESIAN_POINT('Ctrl Pts',(-4.72362664190504,15.0487715928316,61.5667786597642));
#9159=CARTESIAN_POINT('Ctrl Pts',(-2.04734701643281,18.4137538647993,62.1315944394606));
#9160=CARTESIAN_POINT('Ctrl Pts',(-1.49999999999999,20.8032027986325,62.5326659321252));
#9161=CARTESIAN_POINT('Ctrl Pts',(-1.49999999999999,22.,62.7335495890943));
#9162=CARTESIAN_POINT('',(-1.49999999999999,22.,62.7335495890943));
#9163=CARTESIAN_POINT('',(-2.24999999999999,22.1365881622833,61.9960920147728));
#9164=CARTESIAN_POINT('Origin',(-2.24999999999999,22.,62.7335495890943));
#9165=CARTESIAN_POINT('Origin',(-9.49999999999999,22.1365881622833,61.9960920147728));
#9166=CARTESIAN_POINT('Origin',(-9.49999999999999,22.,62.7335495890943));
#9167=CARTESIAN_POINT('Origin',(-2.24999999999999,18.2251223591289,62.0343858435932));
#9168=CARTESIAN_POINT('',(-2.24999999999999,18.3617105214122,61.2969282692717));
#9169=CARTESIAN_POINT('',(-1.49999999999999,18.2251223591289,62.0343858435932));
#9170=CARTESIAN_POINT('Origin',(-14.05,-6.,39.5));
#9171=CARTESIAN_POINT('',(-14.05,-8.72006773205571,22.719021734913));
#9172=CARTESIAN_POINT('Origin',(-14.05,-6.,39.5));
#9173=CARTESIAN_POINT('Ctrl Pts',(-14.8,-8.59184936456268,23.4580295202959));
#9174=CARTESIAN_POINT('Ctrl Pts',(-14.8,-8.59220295637348,23.4559899675168));
#9175=CARTESIAN_POINT('Ctrl Pts',(-14.7999914315237,-8.59255654892052,23.4539504238695));
#9176=CARTESIAN_POINT('Ctrl Pts',(-14.7991555271349,-8.60980385904638,23.3544675162482));
#9177=CARTESIAN_POINT('Ctrl Pts',(-14.7787854500655,-8.62650965214366,23.2581394580632));
#9178=CARTESIAN_POINT('Ctrl Pts',(-14.7017758177447,-8.65742094395685,23.079948463406));
#9179=CARTESIAN_POINT('Ctrl Pts',(-14.6463284394784,-8.67135951859605,22.9996230110135));
#9180=CARTESIAN_POINT('Ctrl Pts',(-14.5073089733178,-8.69482150612086,22.8644397406639));
#9181=CARTESIAN_POINT('Ctrl Pts',(-14.4250677623706,-8.70412078962215,22.8108726200314));
#9182=CARTESIAN_POINT('Ctrl Pts',(-14.2443767337066,-8.71680449189613,22.7378148540244));
#9183=CARTESIAN_POINT('Ctrl Pts',(-14.1476553591695,-8.72006773205546,22.7190217349129));
#9184=CARTESIAN_POINT('Ctrl Pts',(-14.05,-8.72006773205556,22.7190217349129));
#9185=CARTESIAN_POINT('Origin',(-13.55,1.75360968167694,20.0163844311695));
#9186=CARTESIAN_POINT('',(-13.55,11.1365881622833,19.041272353609));
#9187=CARTESIAN_POINT('',(-13.55,1.89019784396019,20.7538420054909));
#9188=CARTESIAN_POINT('',(-12.8,11.,18.3038147792875));
#9189=CARTESIAN_POINT('Origin',(-13.55,11.,18.3038147792875));
#9190=CARTESIAN_POINT('',(-12.8,1.75360968167694,20.0163844311695));
#9191=CARTESIAN_POINT('Ctrl Pts',(-12.8,11.,18.3038147792875));
#9192=CARTESIAN_POINT('Ctrl Pts',(-12.8,11.6731984257693,18.1479567695701));
#9193=CARTESIAN_POINT('Ctrl Pts',(-12.2520824039119,13.2470146865968,17.783588909094));
#9194=CARTESIAN_POINT('Ctrl Pts',(-10.6975979010256,14.,17.6092587446119));
#9195=CARTESIAN_POINT('Ctrl Pts',(-9.79999999999998,14.,17.6092587446119));
#9196=CARTESIAN_POINT('Ctrl Pts',(-12.8,11.0204335412951,18.4141381744219));
#9197=CARTESIAN_POINT('Ctrl Pts',(-12.7954021244758,11.6941371597209,18.2611554831872));
#9198=CARTESIAN_POINT('Ctrl Pts',(-12.2356206346652,13.2603913906834,17.9043062511021));
#9199=CARTESIAN_POINT('Ctrl Pts',(-10.6905988347985,14.,17.7345398813725));
#9200=CARTESIAN_POINT('Ctrl Pts',(-9.79999999999998,14.,17.7345398813725));
#9201=CARTESIAN_POINT('Ctrl Pts',(-12.8513244700247,11.0612269013295,18.6343869268505));
#9202=CARTESIAN_POINT('Ctrl Pts',(-12.8402830462187,11.7475118082547,18.4871198281128));
#9203=CARTESIAN_POINT('Ctrl Pts',(-12.254089767625,13.3307961563646,18.1451775207608));
#9204=CARTESIAN_POINT('Ctrl Pts',(-10.6959680244442,14.0642114434568,17.9844437732703));
#9205=CARTESIAN_POINT('Ctrl Pts',(-9.79999999999998,14.0642114434568,17.9844437732703));
#9206=CARTESIAN_POINT('Ctrl Pts',(-13.1022297118498,11.1186753677569,18.9445588040603));
#9207=CARTESIAN_POINT('Ctrl Pts',(-13.0906825649174,11.8620495704072,18.8014628176703));
#9208=CARTESIAN_POINT('Ctrl Pts',(-12.4569281418385,13.5778838312474,18.4703314843643));
#9209=CARTESIAN_POINT('Ctrl Pts',(-10.7700354883141,14.3730456718257,18.3159405848833));
#9210=CARTESIAN_POINT('Ctrl Pts',(-9.79999999999998,14.3730456718257,18.3159405848833));
#9211=CARTESIAN_POINT('Ctrl Pts',(-13.3817003935577,11.1365881622833,19.041272353609));
#9212=CARTESIAN_POINT('Ctrl Pts',(-13.3772938429977,11.9415420828119,18.8922706208853));
#9213=CARTESIAN_POINT('Ctrl Pts',(-12.7114710052416,13.815132760612,18.5452400462133));
#9214=CARTESIAN_POINT('Ctrl Pts',(-10.8647021377142,14.7018091158359,18.3809401594111));
#9215=CARTESIAN_POINT('Ctrl Pts',(-9.79999999999998,14.7018091158359,18.3809401594111));
#9216=CARTESIAN_POINT('Ctrl Pts',(-13.55,11.1365881622833,19.041272353609));
#9217=CARTESIAN_POINT('Ctrl Pts',(-13.55,11.9780861944948,18.8854143438916));
#9218=CARTESIAN_POINT('Ctrl Pts',(-12.8651030048899,13.9453565205292,18.5210464834155));
#9219=CARTESIAN_POINT('Ctrl Pts',(-10.921997376282,14.8865881622833,18.3467163189334));
#9220=CARTESIAN_POINT('Ctrl Pts',(-9.79999999999998,14.8865881622833,18.3467163189334));
#9221=CARTESIAN_POINT('',(-9.79999999999998,14.8865881622833,18.3467163189334));
#9222=CARTESIAN_POINT('',(-9.79999999999998,14.,17.6092587446119));
#9223=CARTESIAN_POINT('Origin',(-9.79999999999998,14.75,17.6092587446119));
#9224=CARTESIAN_POINT('Origin',(-9.79999999999998,11.,18.3038147792875));
#9225=CARTESIAN_POINT('Origin',(-9.79999999999998,11.1365881622833,19.041272353609));
#9226=CARTESIAN_POINT('Origin',(-12.8,14.75,17.6092587446119));
#9227=CARTESIAN_POINT('',(-9.49999999999999,14.8865881622833,18.3467163189334));
#9228=CARTESIAN_POINT('',(-9.49999999999999,14.,17.6092587446119));
#9229=CARTESIAN_POINT('Origin',(-9.49999999999999,14.75,17.6092587446119));
#9230=CARTESIAN_POINT('',(-12.8,14.,17.6092587446119));
#9231=CARTESIAN_POINT('',(-12.8,14.8865881622833,18.3467163189334));
#9232=CARTESIAN_POINT('Ctrl Pts',(-9.49999999999999,14.,17.6092587446119));
#9233=CARTESIAN_POINT('Ctrl Pts',(-7.70480419794868,14.,17.6092587446119));
#9234=CARTESIAN_POINT('Ctrl Pts',(-4.72332835993595,15.0480027625096,17.4333503892063));
#9235=CARTESIAN_POINT('Ctrl Pts',(-2.04712529804381,18.4134532341799,16.868456021702));
#9236=CARTESIAN_POINT('Ctrl Pts',(-1.49999999999998,20.8032027986325,16.4673340678748));
#9237=CARTESIAN_POINT('Ctrl Pts',(-1.49999999999998,22.,16.2664504109057));
#9238=CARTESIAN_POINT('Ctrl Pts',(-9.49999999999999,14.,17.7345398813725));
#9239=CARTESIAN_POINT('Ctrl Pts',(-7.69955489827833,14.,17.7345398813725));
#9240=CARTESIAN_POINT('Ctrl Pts',(-4.71008955725477,15.0547588032996,17.5562702617405));
#9241=CARTESIAN_POINT('Ctrl Pts',(-2.0376192362028,18.4321469226301,16.984768398838));
#9242=CARTESIAN_POINT('Ctrl Pts',(-1.49693474965054,20.8239731350319,16.5795743419977));
#9243=CARTESIAN_POINT('Ctrl Pts',(-1.49999999999998,22.0204335412951,16.3767738060401));
#9244=CARTESIAN_POINT('Ctrl Pts',(-9.49999999999999,14.0642102482738,17.9844462685018));
#9245=CARTESIAN_POINT('Ctrl Pts',(-7.70358179051257,14.0642102482738,17.9844462685018));
#9246=CARTESIAN_POINT('Ctrl Pts',(-4.72173734919312,15.1219608104787,17.8015163434709));
#9247=CARTESIAN_POINT('Ctrl Pts',(-2.07203784058691,18.4941291236113,17.2168935183198));
#9248=CARTESIAN_POINT('Ctrl Pts',(-1.54396251917527,20.8731543037108,16.8036350172612));
#9249=CARTESIAN_POINT('Ctrl Pts',(-1.55132346837922,22.0612271843077,16.5970240863057));
#9250=CARTESIAN_POINT('Ctrl Pts',(-9.49999999999999,14.3730443144138,18.3159459755832));
#9251=CARTESIAN_POINT('Ctrl Pts',(-7.75913238841502,14.3730443144138,18.3159459755832));
#9252=CARTESIAN_POINT('Ctrl Pts',(-4.8696373749532,15.398583660432,18.1296902176271));
#9253=CARTESIAN_POINT('Ctrl Pts',(-2.30463910066307,18.6653495946506,17.535784690114));
#9254=CARTESIAN_POINT('Ctrl Pts',(-1.79453022714981,20.9686626294885,17.116589411632));
#9255=CARTESIAN_POINT('Ctrl Pts',(-1.80222832510479,22.118675979602,16.9071977391113));
#9256=CARTESIAN_POINT('Ctrl Pts',(-9.49999999999999,14.7018091158359,18.3809401594111));
#9257=CARTESIAN_POINT('Ctrl Pts',(-7.83013237546508,14.7018091158359,18.3809401594111));
#9258=CARTESIAN_POINT('Ctrl Pts',(-5.05765776977723,15.6798128257784,18.1999295095465));
#9259=CARTESIAN_POINT('Ctrl Pts',(-2.57984693246582,18.8107249144846,17.6198857021804));
#9260=CARTESIAN_POINT('Ctrl Pts',(-2.07876269318436,21.027627957422,17.2093624935254));
#9261=CARTESIAN_POINT('Ctrl Pts',(-2.08170039355767,22.1365881622833,17.0039079852272));
#9262=CARTESIAN_POINT('Ctrl Pts',(-9.49999999999999,14.8865881622833,18.3467163189334));
#9263=CARTESIAN_POINT('Ctrl Pts',(-7.87310380439099,14.8865881622833,18.3467163189334));
#9264=CARTESIAN_POINT('Ctrl Pts',(-5.17114132619195,15.8363406658076,18.1708079635277));
#9265=CARTESIAN_POINT('Ctrl Pts',(-2.7458323013522,18.8862801557588,17.6059135960235));
#9266=CARTESIAN_POINT('Ctrl Pts',(-2.24999999999999,21.0519906985439,17.2047916421963));
#9267=CARTESIAN_POINT('Ctrl Pts',(-2.24999999999999,22.1365881622833,17.0039079852272));
#9268=CARTESIAN_POINT('',(-2.24999999999999,22.1365881622833,17.0039079852272));
#9269=CARTESIAN_POINT('Origin',(-2.24999999999999,22.,16.2664504109057));
#9270=CARTESIAN_POINT('Origin',(-9.49999999999999,22.,16.2664504109057));
#9271=CARTESIAN_POINT('Origin',(-9.49999999999999,22.1365881622833,17.0039079852272));
#9272=CARTESIAN_POINT('Origin',(-2.24999999999999,18.2251223591289,16.9656141564068));
#9273=CARTESIAN_POINT('',(-2.24999999999999,18.3617105214122,17.7030717307283));
#9274=CARTESIAN_POINT('Origin',(0.200000000000018,10.6214010909122,19.8994484404069));
#9275=CARTESIAN_POINT('',(-14.05,10.4848129286289,19.1619908660854));
#9276=CARTESIAN_POINT('Origin',(-14.05,10.6214010909122,19.8994484404069));
#9277=CARTESIAN_POINT('Origin',(0.200000000000018,10.6214010909122,19.8994484404069));
#9278=CARTESIAN_POINT('Origin',(0.200000000000018,10.4848129286289,19.1619908660854));
#9279=CARTESIAN_POINT('Origin',(-14.05,11.7080030066871,19.6981935289691));
#9280=CARTESIAN_POINT('',(-14.05,11.5714148444038,18.9607359546477));
#9281=CARTESIAN_POINT('Origin',(-9.49999999999999,22.,16.));
#9282=CARTESIAN_POINT('',(-5.104129706287,15.3159787612943,0.750011941945417));
#9283=CARTESIAN_POINT('Origin',(-9.49999999999999,22.,8.06066017177982));
#9284=CARTESIAN_POINT('',(-9.49999999999999,14.,0.75));
#9285=CARTESIAN_POINT('Origin',(-9.49999999999999,22.,0.75));
#9286=CARTESIAN_POINT('',(-9.49999999999999,14.,16.));
#9287=CARTESIAN_POINT('Origin',(0.200000000000019,11.9657467085188,27.1577484397428));
#9288=CARTESIAN_POINT('Origin',(-12.8,25.1389359534695,62.552171688523));
#9289=CARTESIAN_POINT('',(-12.8,-8.72006773205571,56.280978265087));
#9290=CARTESIAN_POINT('Origin',(-12.8,-6.,39.5));
#9291=CARTESIAN_POINT('',(-12.8,-8.72006773205571,22.719021734913));
#9292=CARTESIAN_POINT('Origin',(-1.49999999999999,14.,47.));
#9293=CARTESIAN_POINT('',(-1.49999999999999,22.,70.9393398282202));
#9294=CARTESIAN_POINT('',(-1.49999999999999,22.,63.));
#9295=CARTESIAN_POINT('',(-1.49999999999998,42.4166359859919,50.5227038423467));
#9296=CARTESIAN_POINT('',(-1.49999999999998,29.4696699141101,63.4696699141101));
#9297=CARTESIAN_POINT('',(-1.49999999999998,39.,50.5227038425243));
#9298=CARTESIAN_POINT('Origin',(-2.24999999999998,39.,50.5227038425243));
#9299=CARTESIAN_POINT('Origin',(-2.24999999999999,42.4166359861221,50.5227038425243));
#9300=CARTESIAN_POINT('Origin',(-9.49999999999999,22.,63.));
#9301=CARTESIAN_POINT('',(-9.49999999999999,14.,78.25));
#9302=CARTESIAN_POINT('',(-9.49999999999999,14.,63.));
#9303=CARTESIAN_POINT('',(-5.10413039464208,15.3159791913021,78.2499875877335));
#9304=CARTESIAN_POINT('Origin',(-9.49999999999999,22.,78.25));
#9305=CARTESIAN_POINT('Origin',(-9.49999999999999,22.,70.9393398282202));
#9306=CARTESIAN_POINT('Origin',(-12.8,14.,79.));
#9307=CARTESIAN_POINT('',(-9.79999999999998,14.,78.25));
#9308=CARTESIAN_POINT('',(-9.79999999999998,14.,79.));
#9309=CARTESIAN_POINT('',(-6.34999999999999,14.,78.25));
#9310=CARTESIAN_POINT('Origin',(-9.79999999999998,11.,79.));
#9311=CARTESIAN_POINT('',(-12.8,11.,78.25));
#9312=CARTESIAN_POINT('',(-12.8,11.,79.));
#9313=CARTESIAN_POINT('Origin',(-9.79999999999998,11.,78.25));
#9314=CARTESIAN_POINT('Ctrl Pts',(-1.06951527140312,44.,50.));
#9315=CARTESIAN_POINT('Ctrl Pts',(-0.943387082863887,44.,50.0325704162281));
#9316=CARTESIAN_POINT('Ctrl Pts',(-0.838218716454316,44.,50.0509752894127));
#9317=CARTESIAN_POINT('Ctrl Pts',(-0.727642218029268,44.,50.0546635086182));
#9318=CARTESIAN_POINT('Ctrl Pts',(-1.09689777441624,44.0826788574291,49.9612593159063));
#9319=CARTESIAN_POINT('Ctrl Pts',(-0.963355605588728,44.1000948875081,49.9821089449926));
#9320=CARTESIAN_POINT('Ctrl Pts',(-0.841438919762179,44.1067278335933,49.9959792688675));
#9321=CARTESIAN_POINT('Ctrl Pts',(-0.717266081248611,44.1037062113663,50.0030739246591));
#9322=CARTESIAN_POINT('Ctrl Pts',(-1.12858177925454,44.171723540354,49.9392267480352));
#9323=CARTESIAN_POINT('Ctrl Pts',(-0.988504286543239,44.2104187379881,49.9543160154751));
#9324=CARTESIAN_POINT('Ctrl Pts',(-0.847608822513638,44.2267445295876,49.9666521614459));
#9325=CARTESIAN_POINT('Ctrl Pts',(-0.707718504494271,44.2196522997539,49.9761249686928));
#9326=CARTESIAN_POINT('Ctrl Pts',(-1.16231327707075,44.2607993854597,49.9354696993449));
#9327=CARTESIAN_POINT('Ctrl Pts',(-1.01622173744858,44.3208086852682,49.9517415242902));
#9328=CARTESIAN_POINT('Ctrl Pts',(-0.85612897757358,44.3468649465772,49.9662088768558));
#9329=CARTESIAN_POINT('Ctrl Pts',(-0.699999999999513,44.335688011458,49.9766406829671));
#9330=CARTESIAN_POINT('',(-1.06951527140312,44.,50.));
#9331=CARTESIAN_POINT('Origin',(-1.24533565400437,44.2607993854597,50.6808603921552));
#9332=CARTESIAN_POINT('Ctrl Pts',(-0.727642218029268,44.,50.0546635086182));
#9333=CARTESIAN_POINT('Ctrl Pts',(-0.838218716454312,44.,50.0509752894127));
#9334=CARTESIAN_POINT('Ctrl Pts',(-0.943387082863881,44.,50.0325704162281));
#9335=CARTESIAN_POINT('Ctrl Pts',(-1.06951527140311,44.,50.));
#9336=CARTESIAN_POINT('Ctrl Pts',(-1.54816981512705,44.,49.8852380918075));
#9337=CARTESIAN_POINT('Ctrl Pts',(-1.54739513288197,44.,49.8853535768506));
#9338=CARTESIAN_POINT('Ctrl Pts',(-1.54662046851641,44.,49.8854675860372));
#9339=CARTESIAN_POINT('Ctrl Pts',(-1.3345289523007,44.0000000000014,49.9181701898698));
#9340=CARTESIAN_POINT('Ctrl Pts',(-1.19228630779889,44.,49.9682965100626));
#9341=CARTESIAN_POINT('Ctrl Pts',(-1.06951527140312,44.,50.));
#9342=CARTESIAN_POINT('Ctrl Pts',(-1.54816981512705,44.,49.8852380918075));
#9343=CARTESIAN_POINT('Ctrl Pts',(-1.54751049494557,44.0001413217956,49.8853043251144));
#9344=CARTESIAN_POINT('Ctrl Pts',(-1.54687177119582,44.0002635289237,49.8854608487502));
#9345=CARTESIAN_POINT('Ctrl Pts',(-1.36799713412865,44.0376974185228,49.9114569835897));
#9346=CARTESIAN_POINT('Ctrl Pts',(-1.22659822725862,44.0658826736609,49.9399816782184));
#9347=CARTESIAN_POINT('Ctrl Pts',(-1.09689777441623,44.0826788574291,49.9612593159063));
#9348=CARTESIAN_POINT('Ctrl Pts',(-1.54816981512705,44.,49.8852380918075));
#9349=CARTESIAN_POINT('Ctrl Pts',(-1.54764491617754,44.0002734787499,49.8853158774434));
#9350=CARTESIAN_POINT('Ctrl Pts',(-1.54710563955001,44.0005360993012,49.8853971233453));
#9351=CARTESIAN_POINT('Ctrl Pts',(-1.40184116758,44.07480871776,49.9070180877463));
#9352=CARTESIAN_POINT('Ctrl Pts',(-1.26503217087846,44.1341637200284,49.9244700849011));
#9353=CARTESIAN_POINT('Ctrl Pts',(-1.12858177925454,44.171723540354,49.9392267480352));
#9354=CARTESIAN_POINT('Ctrl Pts',(-1.54816981512705,44.,49.8852380918075));
#9355=CARTESIAN_POINT('Ctrl Pts',(-1.54776258574085,44.0004048319907,49.8852987991536));
#9356=CARTESIAN_POINT('Ctrl Pts',(-1.5473549042261,44.0008093403418,49.8853595331376));
#9357=CARTESIAN_POINT('Ctrl Pts',(-1.43532249938414,44.1120058365936,49.9020535226925));
#9358=CARTESIAN_POINT('Ctrl Pts',(-1.30451630032656,44.2023873523037,49.9196309813253));
#9359=CARTESIAN_POINT('Ctrl Pts',(-1.16231327707075,44.2607993854597,49.9354696993449));
#9360=CARTESIAN_POINT('Ctrl Pts',(-1.54816981512705,44.,49.8852380918075));
#9361=CARTESIAN_POINT('Ctrl Pts',(-1.54739513288197,44.,49.8853535768506));
#9362=CARTESIAN_POINT('Ctrl Pts',(-1.54662046851641,44.,49.8854675860372));
#9363=CARTESIAN_POINT('Ctrl Pts',(-1.54584921854408,44.,49.8855865058448));
#9364=CARTESIAN_POINT('Ctrl Pts',(-1.3345289523007,44.0000000000014,49.9181701898698));
#9365=CARTESIAN_POINT('Ctrl Pts',(-1.19228630779889,44.,49.9682965100626));
#9366=CARTESIAN_POINT('Ctrl Pts',(-1.06951527140312,44.,50.));
#9367=CARTESIAN_POINT('Ctrl Pts',(-1.49999999999998,42.4166359859919,50.5227038424256));
#9368=CARTESIAN_POINT('Ctrl Pts',(-1.4999999999742,42.7105380226564,50.4247364968778));
#9369=CARTESIAN_POINT('Ctrl Pts',(-1.43853071598999,43.198331912778,50.2802151103862));
#9370=CARTESIAN_POINT('Ctrl Pts',(-1.14345580683486,43.7212517681588,50.1733889350209));
#9371=CARTESIAN_POINT('Ctrl Pts',(-0.880048782461237,43.822736425123,50.177263574877));
#9372=CARTESIAN_POINT('Ctrl Pts',(-0.750000000000049,43.8053579255681,50.1946420744319));
#9373=CARTESIAN_POINT('Ctrl Pts',(-1.50000000002249,42.4166359859965,50.3515240416915));
#9374=CARTESIAN_POINT('Ctrl Pts',(-1.52273260995697,42.714988789273,50.2698544457364));
#9375=CARTESIAN_POINT('Ctrl Pts',(-1.48605871422415,43.2238448290452,50.1592038306851));
#9376=CARTESIAN_POINT('Ctrl Pts',(-1.17713276694562,43.7823688101946,50.0963256492239));
#9377=CARTESIAN_POINT('Ctrl Pts',(-0.884593229810522,43.8927965658802,50.109485159612));
#9378=CARTESIAN_POINT('Ctrl Pts',(-0.740738363250068,43.8746656686865,50.1253343313135));
#9379=CARTESIAN_POINT('Ctrl Pts',(-1.62209265659791,42.4166359860217,50.0100196434283));
#9380=CARTESIAN_POINT('Ctrl Pts',(-1.66465563972552,42.7401987613895,49.9764655668065));
#9381=CARTESIAN_POINT('Ctrl Pts',(-1.63706834885201,43.3026442065711,49.9449511118065));
#9382=CARTESIAN_POINT('Ctrl Pts',(-1.26281762742448,43.9314814284925,49.9688653543265));
#9383=CARTESIAN_POINT('Ctrl Pts',(-0.900545611190533,44.0595999125411,50.0006695789154));
#9384=CARTESIAN_POINT('Ctrl Pts',(-0.722219759090192,44.0410340605024,50.0145416349389));
#9385=CARTESIAN_POINT('Ctrl Pts',(-1.93227873357202,42.4166359860676,49.8220928798361));
#9386=CARTESIAN_POINT('Ctrl Pts',(-1.94843288083962,42.7856609082863,49.8191523412159));
#9387=CARTESIAN_POINT('Ctrl Pts',(-1.86527053360702,43.4127897281721,49.8356351653324));
#9388=CARTESIAN_POINT('Ctrl Pts',(-1.37562173102214,44.1097370875382,49.9148411112283));
#9389=CARTESIAN_POINT('Ctrl Pts',(-0.927535426498405,44.25523051425,49.9612930550619));
#9390=CARTESIAN_POINT('Ctrl Pts',(-0.706534396686458,44.237453519196,49.9762040852236));
#9391=CARTESIAN_POINT('Ctrl Pts',(-2.09999999999999,42.4166359860906,49.7878569196893));
#9392=CARTESIAN_POINT('Ctrl Pts',(-2.09999999995186,42.8085053683133,49.7878569196992));
#9393=CARTESIAN_POINT('Ctrl Pts',(-1.98525733651464,43.46793551025,49.8131641273343));
#9394=CARTESIAN_POINT('Ctrl Pts',(-1.43445083942501,44.1989022056385,49.9076367476672));
#9395=CARTESIAN_POINT('Ctrl Pts',(-0.942757727260975,44.3530665110129,49.9604207500491));
#9396=CARTESIAN_POINT('Ctrl Pts',(-0.700000000000094,44.335688011458,49.976640682967));
#9397=CARTESIAN_POINT('Ctrl Pts',(-0.750000000932095,43.8053579256927,50.1946420743073));
#9398=CARTESIAN_POINT('Ctrl Pts',(-0.774150076766906,43.8085851152648,50.1914148846884));
#9399=CARTESIAN_POINT('Ctrl Pts',(-0.798377486748215,43.8095740757615,50.1886081210823));
#9400=CARTESIAN_POINT('Ctrl Pts',(-0.82249818618632,43.8083546208621,50.1863149103674));
#9401=CARTESIAN_POINT('Ctrl Pts',(-0.836914225562878,43.8076257983049,50.1849443441427));
#9402=CARTESIAN_POINT('Ctrl Pts',(-0.851291396014489,43.8061087343858,50.1837568222671));
#9403=CARTESIAN_POINT('Ctrl Pts',(-0.865584339742666,43.8038159641728,50.182770252396));
#9404=CARTESIAN_POINT('Ctrl Pts',(-0.896337920318876,43.7988826981619,50.1806474877227));
#9405=CARTESIAN_POINT('Ctrl Pts',(-0.926707481312812,43.790324741414,50.1794903398707));
#9406=CARTESIAN_POINT('Ctrl Pts',(-0.956380856843366,43.7784078778703,50.1793069889409));
#9407=CARTESIAN_POINT('Ctrl Pts',(-0.985387450250111,43.7667587948349,50.1791277580385));
#9408=CARTESIAN_POINT('Ctrl Pts',(-1.01372927910434,43.7518993680694,50.179879203943));
#9409=CARTESIAN_POINT('Ctrl Pts',(-1.04110985902364,43.7340369692676,50.1815938166694));
#9410=CARTESIAN_POINT('Ctrl Pts',(-1.06836383101861,43.7162571662779,50.183300501019));
#9411=CARTESIAN_POINT('Ctrl Pts',(-1.0947477105362,43.6955589489116,50.1858513047242));
#9412=CARTESIAN_POINT('Ctrl Pts',(-1.11988247579243,43.6721764737177,50.189262187897));
#9413=CARTESIAN_POINT('Ctrl Pts',(-1.14629230132435,43.6476078300849,50.1928461015952));
#9414=CARTESIAN_POINT('Ctrl Pts',(-1.17132206003753,43.6200759557639,50.1973797012305));
#9415=CARTESIAN_POINT('Ctrl Pts',(-1.19491719388021,43.5900879319554,50.2027709928594));
#9416=CARTESIAN_POINT('Ctrl Pts',(-1.21042496816332,43.5703784652696,50.2063143901647));
#9417=CARTESIAN_POINT('Ctrl Pts',(-1.22531345412018,43.5496092047678,50.2102278182678));
#9418=CARTESIAN_POINT('Ctrl Pts',(-1.23957214896811,43.5279340912056,50.2144808077525));
#9419=CARTESIAN_POINT('Ctrl Pts',(-1.26399784872352,43.4908037772686,50.2217663444248));
#9420=CARTESIAN_POINT('Ctrl Pts',(-1.28655867685393,43.4509607114761,50.2301302664273));
#9421=CARTESIAN_POINT('Ctrl Pts',(-1.30730891578532,43.409017371356,50.2394561014963));
#9422=CARTESIAN_POINT('Ctrl Pts',(-1.33014533599238,43.3628571443321,50.2497195345642));
#9423=CARTESIAN_POINT('Ctrl Pts',(-1.35078970323915,43.3141519935118,50.2611484264453));
#9424=CARTESIAN_POINT('Ctrl Pts',(-1.36928562677573,43.2636648789656,50.2735955129727));
#9425=CARTESIAN_POINT('Ctrl Pts',(-1.37036957661951,43.2607060918677,50.2743249719516));
#9426=CARTESIAN_POINT('Ctrl Pts',(-1.37144613767369,43.2577411740858,50.2750579289548));
#9427=CARTESIAN_POINT('Ctrl Pts',(-1.37251531490813,43.254770275712,50.2757943546292));
#9428=CARTESIAN_POINT('Ctrl Pts',(-1.38928191314638,43.2081813119401,50.2873428173332));
#9429=CARTESIAN_POINT('Ctrl Pts',(-1.40423488920152,43.1601230800338,50.2997443045577));
#9430=CARTESIAN_POINT('Ctrl Pts',(-1.41749055680925,43.1107527431638,50.3129150740929));
#9431=CARTESIAN_POINT('Ctrl Pts',(-1.43862361641417,43.032043295804,50.3339127835909));
#9432=CARTESIAN_POINT('Ctrl Pts',(-1.45526876041021,42.9505197386036,50.3568115204));
#9433=CARTESIAN_POINT('Ctrl Pts',(-1.46791561689665,42.8671650262569,50.3812715320623));
#9434=CARTESIAN_POINT('Ctrl Pts',(-1.48234841623998,42.7720392660404,50.4091856971859));
#9435=CARTESIAN_POINT('Ctrl Pts',(-1.49157419767731,42.6745274667256,50.4391333988697));
#9436=CARTESIAN_POINT('Ctrl Pts',(-1.49626647259284,42.576050037306,50.4706342417834));
#9437=CARTESIAN_POINT('Ctrl Pts',(-1.49878856489086,42.5231185337732,50.4875659081338));
#9438=CARTESIAN_POINT('Ctrl Pts',(-1.49999999999495,42.4699075123273,50.5049466669819));
#9439=CARTESIAN_POINT('Ctrl Pts',(-1.49999999999998,42.4166359860156,50.5227038424178));
#9440=CARTESIAN_POINT('Origin',(-0.749999999999983,29.4696699141101,63.4696699141101));
#9441=CARTESIAN_POINT('Origin',(-0.749999999999985,22.,70.9393398282202));
#9442=CARTESIAN_POINT('Ctrl Pts',(-1.49999999999998,22.,70.9393398282202));
#9443=CARTESIAN_POINT('Ctrl Pts',(-1.49999999999998,20.4688095227001,72.614079412767));
#9444=CARTESIAN_POINT('Ctrl Pts',(-2.29175959714646,17.7940927353656,75.539550898914));
#9445=CARTESIAN_POINT('Ctrl Pts',(-4.24090576870067,15.8631657980224,77.6515022366332));
#9446=CARTESIAN_POINT('Ctrl Pts',(-5.21023913713501,15.2473744558556,78.3250240171282));
#9447=CARTESIAN_POINT('Ctrl Pts',(-1.49999999999998,22.1586743906485,71.0980142188687));
#9448=CARTESIAN_POINT('Ctrl Pts',(-1.46870160645118,20.6139750177033,72.7587861473693));
#9449=CARTESIAN_POINT('Ctrl Pts',(-2.22391338492717,17.8919906242833,75.6680141394815));
#9450=CARTESIAN_POINT('Ctrl Pts',(-4.17957464654546,15.9129305463684,77.7713864390724));
#9451=CARTESIAN_POINT('Ctrl Pts',(-5.15717485879519,15.281084760529,78.4422641997724));
#9452=CARTESIAN_POINT('Ctrl Pts',(-1.3115560366354,22.433303344797,71.3726431730172));
#9453=CARTESIAN_POINT('Ctrl Pts',(-1.26329484623909,20.8297284335713,73.01118096084));
#9454=CARTESIAN_POINT('Ctrl Pts',(-2.01911347921819,17.9998955424369,75.8923407693814));
#9455=CARTESIAN_POINT('Ctrl Pts',(-4.02537938260011,15.9429626866604,77.9807558286072));
#9456=CARTESIAN_POINT('Ctrl Pts',(-5.03038419766917,15.286390537672,78.6471544955981));
#9457=CARTESIAN_POINT('Ctrl Pts',(-0.918299606442294,22.5303300858899,71.4696699141101));
#9458=CARTESIAN_POINT('Ctrl Pts',(-0.903924596158243,20.8714786521907,73.1281511977451));
#9459=CARTESIAN_POINT('Ctrl Pts',(-1.73689854377002,17.9671424962723,76.0327602992113));
#9460=CARTESIAN_POINT('Ctrl Pts',(-3.83109455092291,15.8670462082213,78.1329772380873));
#9461=CARTESIAN_POINT('Ctrl Pts',(-4.874754094945,15.1971272994457,78.8028727005543));
#9462=CARTESIAN_POINT('Ctrl Pts',(-0.749999999999984,22.5303300858899,71.4696699141101));
#9463=CARTESIAN_POINT('Ctrl Pts',(-0.749999999999984,20.8555905013431,73.1444094986569));
#9464=CARTESIAN_POINT('Ctrl Pts',(-1.61598705937894,17.9301190151961,76.0698809848039));
#9465=CARTESIAN_POINT('Ctrl Pts',(-3.74786568451636,15.8181676774769,78.1818323225231));
#9466=CARTESIAN_POINT('Ctrl Pts',(-4.80807405624142,15.1446458969819,78.8553541030181));
#9467=CARTESIAN_POINT('Ctrl Pts',(-5.10413039464208,15.3159791913021,78.2499875877335));
#9468=CARTESIAN_POINT('Ctrl Pts',(-5.10389570395752,15.3161335886107,78.2510886489571));
#9469=CARTESIAN_POINT('Ctrl Pts',(-5.1036596730778,15.3162859084489,78.2521897019554));
#9470=CARTESIAN_POINT('Ctrl Pts',(-5.10342230507273,15.3164361521997,78.2532907390656));
#9471=CARTESIAN_POINT('Ctrl Pts',(-5.09566981545425,15.3213431451121,78.2892508456691));
#9472=CARTESIAN_POINT('Ctrl Pts',(-5.08650665416465,15.3240309690982,78.3251289263177));
#9473=CARTESIAN_POINT('Ctrl Pts',(-5.07604088096362,15.3245478701431,78.3606597440889));
#9474=CARTESIAN_POINT('Ctrl Pts',(-5.06647015347749,15.3250205651789,78.3931519229003));
#9475=CARTESIAN_POINT('Ctrl Pts',(-5.05580930766762,15.3236773698782,78.425354370413));
#9476=CARTESIAN_POINT('Ctrl Pts',(-5.04411955545975,15.3205246388341,78.4570563355314));
#9477=CARTESIAN_POINT('Ctrl Pts',(-5.03154633074047,15.3171336348852,78.4911542295149));
#9478=CARTESIAN_POINT('Ctrl Pts',(-5.01783041199254,15.311662738498,78.5245441596689));
#9479=CARTESIAN_POINT('Ctrl Pts',(-5.00305855512344,15.3041238853146,78.5569666435192));
#9480=CARTESIAN_POINT('Ctrl Pts',(-4.99090274657357,15.2979201387717,78.5836472098074));
#9481=CARTESIAN_POINT('Ctrl Pts',(-4.97803123114507,15.2903153378723,78.6096727129373));
#9482=CARTESIAN_POINT('Ctrl Pts',(-4.96448279626587,15.2812952464188,78.6348852091627));
#9483=CARTESIAN_POINT('Ctrl Pts',(-4.96280873579007,15.2801807133584,78.6380004947144));
#9484=CARTESIAN_POINT('Ctrl Pts',(-4.96112433258282,15.2790445483339,78.6411033476844));
#9485=CARTESIAN_POINT('Ctrl Pts',(-4.95942970701576,15.2778868580568,78.6441935230586));
#9486=CARTESIAN_POINT('Ctrl Pts',(-4.94283589930843,15.2665507315304,78.6744525826043));
#9487=CARTESIAN_POINT('Ctrl Pts',(-4.92535429761772,15.2532176752406,78.7033298249822));
#9488=CARTESIAN_POINT('Ctrl Pts',(-4.90712626920005,15.2380260533448,78.7306318807599));
#9489=CARTESIAN_POINT('Ctrl Pts',(-4.88924231803098,15.2231211926578,78.7574185754674));
#9490=CARTESIAN_POINT('Ctrl Pts',(-4.87063901538717,15.2064267625587,78.7826896624685));
#9491=CARTESIAN_POINT('Ctrl Pts',(-4.85144095757476,15.1880382989017,78.8062297867164));
#9492=CARTESIAN_POINT('Ctrl Pts',(-4.83729174491625,15.1744857674276,78.8235791575354));
#9493=CARTESIAN_POINT('Ctrl Pts',(-4.82281922722959,15.1600123153937,78.8399876846064));
#9494=CARTESIAN_POINT('Ctrl Pts',(-4.80807405624142,15.144645896982,78.8553541030181));
#9495=CARTESIAN_POINT('Origin',(-9.49999999999999,22.,78.25));
#9496=CARTESIAN_POINT('Origin',(-9.49999999999999,13.25,78.25));
#9497=CARTESIAN_POINT('Origin',(-6.34999999999999,13.25,78.25));
#9498=CARTESIAN_POINT('Origin',(-9.79999999999998,13.25,78.25));
#9499=CARTESIAN_POINT('Origin',(-9.79999999999998,11.,78.25));
#9500=CARTESIAN_POINT('Origin',(-12.05,11.,78.25));
#9501=CARTESIAN_POINT('Origin',(-12.05,-16.,78.25));
#9502=CARTESIAN_POINT('',(-12.8,-11.,78.25));
#9503=CARTESIAN_POINT('Origin',(-12.05,-11.,78.25));
#9504=CARTESIAN_POINT('',(-12.8,-16.,78.25));
#9505=CARTESIAN_POINT('Origin',(-12.05,-11.,64.));
#9506=CARTESIAN_POINT('',(-12.8,-25.25,64.));
#9507=CARTESIAN_POINT('',(-12.05,-26.,64.));
#9508=CARTESIAN_POINT('Origin',(-12.05,-25.25,64.));
#9509=CARTESIAN_POINT('Origin',(-12.05,-11.,64.));
#9510=CARTESIAN_POINT('Origin',(-12.8,-11.,64.));
#9511=CARTESIAN_POINT('Origin',(-4.35,-11.,64.));
#9512=CARTESIAN_POINT('',(-8.8,-26.,64.));
#9513=CARTESIAN_POINT('',(-4.35,-26.,64.));
#9514=CARTESIAN_POINT('Origin',(-8.8,-11.,64.));
#9515=CARTESIAN_POINT('Origin',(13.,-5.99999999999999,39.5));
#9516=CARTESIAN_POINT('',(-8.8,-5.99999999999999,34.5));
#9517=CARTESIAN_POINT('Origin',(-8.8,-5.99999999999999,39.5));
#9518=CARTESIAN_POINT('',(13.,-5.99999999999999,34.5));
#9519=CARTESIAN_POINT('Origin',(-0.100000000000013,14.,39.5));
#9520=CARTESIAN_POINT('Origin',(0.,61.,36.));
#9521=CARTESIAN_POINT('',(-6.05,61.,39.5));
#9522=CARTESIAN_POINT('Origin',(0.,61.,39.5));
#9523=CARTESIAN_POINT('Origin',(-12.8,25.1389359534695,16.447828311477));
#9524=CARTESIAN_POINT('Origin',(-8.8,11.,0.));
#9525=CARTESIAN_POINT('',(-8.8,-26.,15.));
#9526=CARTESIAN_POINT('',(-8.8,-26.,0.));
#9527=CARTESIAN_POINT('',(-8.8,-11.,0.));
#9528=CARTESIAN_POINT('Origin',(-8.8,-11.,15.));
#9529=CARTESIAN_POINT('',(-8.8,11.,0.));
#9530=CARTESIAN_POINT('Origin',(-12.8,-26.,0.));
#9531=CARTESIAN_POINT('',(-12.8,11.,0.75));
#9532=CARTESIAN_POINT('',(-12.8,11.,0.));
#9533=CARTESIAN_POINT('',(-12.8,-11.,0.75));
#9534=CARTESIAN_POINT('',(-12.8,-16.,0.75));
#9535=CARTESIAN_POINT('',(-12.8,-25.25,15.));
#9536=CARTESIAN_POINT('Origin',(-12.8,-11.,15.));
#9537=CARTESIAN_POINT('',(-12.8,-25.25,0.));
#9538=CARTESIAN_POINT('Origin',(-12.8,14.,0.));
#9539=CARTESIAN_POINT('',(-9.79999999999998,14.,0.75));
#9540=CARTESIAN_POINT('',(-6.34999999999999,14.,0.75));
#9541=CARTESIAN_POINT('',(-9.79999999999998,14.,0.));
#9542=CARTESIAN_POINT('Origin',(-9.79999999999998,11.,0.));
#9543=CARTESIAN_POINT('Origin',(-9.79999999999998,11.,0.75));
#9544=CARTESIAN_POINT('Origin',(0.,61.,39.5));
#9545=CARTESIAN_POINT('',(-6.05,53.9,39.5));
#9546=CARTESIAN_POINT('',(-6.05,61.,39.5));
#9547=CARTESIAN_POINT('Origin',(0.,53.9,39.5));
#9548=CARTESIAN_POINT('Origin',(0.,53.9,39.5));
#9549=CARTESIAN_POINT('',(4.28626379701573E-16,53.9,43.));
#9550=CARTESIAN_POINT('Origin',(0.,53.9,39.5));
#9551=CARTESIAN_POINT('Ctrl Pts',(-0.727642218029388,44.,28.9453364913818));
#9552=CARTESIAN_POINT('Ctrl Pts',(-0.484251281791779,44.,28.9372183185488));
#9553=CARTESIAN_POINT('Ctrl Pts',(-0.242004173611537,44.,28.9326347908433));
#9554=CARTESIAN_POINT('Ctrl Pts',(9.18431997121161E-13,44.,28.9326347908433));
#9555=CARTESIAN_POINT('Ctrl Pts',(-0.71726608124878,44.1037062113663,28.9969260753409));
#9556=CARTESIAN_POINT('Ctrl Pts',(-0.477965111114998,44.0994863242319,28.983662721108));
#9557=CARTESIAN_POINT('Ctrl Pts',(-0.238857130894159,44.0971795671652,28.9768602265141));
#9558=CARTESIAN_POINT('Ctrl Pts',(9.06464382210144E-13,44.0971795671653,
28.9768602265141));
#9559=CARTESIAN_POINT('Ctrl Pts',(-0.707718504494493,44.2196522997539,29.0238750313072));
#9560=CARTESIAN_POINT('Ctrl Pts',(-0.472196362316567,44.2092321698702,29.0079440686814));
#9561=CARTESIAN_POINT('Ctrl Pts',(-0.235968200537282,44.2038905251817,29.));
#9562=CARTESIAN_POINT('Ctrl Pts',(8.95464591335148E-13,44.2038905251817,
29.));
#9563=CARTESIAN_POINT('Ctrl Pts',(-0.699999999999791,44.335688011458,29.023359317033));
#9564=CARTESIAN_POINT('Ctrl Pts',(-0.467441682492807,44.3190396655418,29.0078208608445));
#9565=CARTESIAN_POINT('Ctrl Pts',(-0.23359421714296,44.3106601717798,29.));
#9566=CARTESIAN_POINT('Ctrl Pts',(8.86409072894007E-13,44.3106601717798,
29.));
#9567=CARTESIAN_POINT('',(-0.727642218028996,44.000000000003,28.9453364913848));
#9568=CARTESIAN_POINT('Ctrl Pts',(-0.727642218029023,44.,28.9453364913818));
#9569=CARTESIAN_POINT('Ctrl Pts',(-0.484251281791844,44.,28.9372183185488));
#9570=CARTESIAN_POINT('Ctrl Pts',(-0.242004173612028,44.,28.9326347908434));
#9571=CARTESIAN_POINT('Ctrl Pts',(4.16333634234434E-16,44.,28.9326347908433));
#9572=CARTESIAN_POINT('Origin',(-0.749999999999478,44.335688011458,28.2750278396781));
#9573=CARTESIAN_POINT('Ctrl Pts',(-1.06951527140312,44.,29.));
#9574=CARTESIAN_POINT('Ctrl Pts',(-0.943387082863943,44.,28.9674295837719));
#9575=CARTESIAN_POINT('Ctrl Pts',(-0.838218716454197,44.,28.9490247105873));
#9576=CARTESIAN_POINT('Ctrl Pts',(-0.727642218029268,44.,28.9453364913818));
#9577=CARTESIAN_POINT('Ctrl Pts',(-1.09689777441624,44.0826788574291,29.0387406840937));
#9578=CARTESIAN_POINT('Ctrl Pts',(-0.963355605588764,44.1000948875081,29.0178910550074));
#9579=CARTESIAN_POINT('Ctrl Pts',(-0.841438919762095,44.1067278335933,29.0040207311325));
#9580=CARTESIAN_POINT('Ctrl Pts',(-0.717266081248611,44.1037062113663,28.9969260753409));
#9581=CARTESIAN_POINT('Ctrl Pts',(-1.12858177925454,44.171723540354,29.0607732519648));
#9582=CARTESIAN_POINT('Ctrl Pts',(-0.988504286543254,44.2104187379881,29.0456839845249));
#9583=CARTESIAN_POINT('Ctrl Pts',(-0.847608822513593,44.2267445295876,29.0333478385541));
#9584=CARTESIAN_POINT('Ctrl Pts',(-0.70771850449427,44.2196522997539,29.0238750313072));
#9585=CARTESIAN_POINT('Ctrl Pts',(-1.16231327707075,44.2607993854597,29.0645303006551));
#9586=CARTESIAN_POINT('Ctrl Pts',(-1.01622173744858,44.3208086852682,29.0482584757098));
#9587=CARTESIAN_POINT('Ctrl Pts',(-0.856128977573574,44.3468649465773,29.0337911231442));
#9588=CARTESIAN_POINT('Ctrl Pts',(-0.699999999999512,44.335688011458,29.0233593170329));
#9589=CARTESIAN_POINT('',(-1.06951527140312,44.,29.));
#9590=CARTESIAN_POINT('Origin',(-1.24533565400437,44.2607993854597,28.3191396078448));
#9591=CARTESIAN_POINT('Ctrl Pts',(-0.727642218029267,44.,28.9453364913818));
#9592=CARTESIAN_POINT('Ctrl Pts',(-0.838218716454193,44.,28.9490247105873));
#9593=CARTESIAN_POINT('Ctrl Pts',(-0.943387082863936,44.,28.9674295837719));
#9594=CARTESIAN_POINT('Ctrl Pts',(-1.06951527140311,44.,29.));
#9595=CARTESIAN_POINT('Ctrl Pts',(-1.54816981512705,44.,29.1147619081925));
#9596=CARTESIAN_POINT('Ctrl Pts',(-1.54739513287212,44.,29.114646423148));
#9597=CARTESIAN_POINT('Ctrl Pts',(-1.54662046831874,44.,29.1145324141552));
#9598=CARTESIAN_POINT('Ctrl Pts',(-1.33452900017282,44.0000000000008,29.0818297290644));
#9599=CARTESIAN_POINT('Ctrl Pts',(-1.19228630779907,44.,29.0317034899375));
#9600=CARTESIAN_POINT('Ctrl Pts',(-1.06951527140311,44.,29.));
#9601=CARTESIAN_POINT('Ctrl Pts',(-1.54816981512705,44.,29.1147619081925));
#9602=CARTESIAN_POINT('Ctrl Pts',(-1.54751049493528,44.0001413217961,29.114695674884));
#9603=CARTESIAN_POINT('Ctrl Pts',(-1.54687177099855,44.0002635289232,29.1145391514422));
#9604=CARTESIAN_POINT('Ctrl Pts',(-1.36799718200034,44.0376974185227,29.0885429353445));
#9605=CARTESIAN_POINT('Ctrl Pts',(-1.226598227259,44.0658826736606,29.0600183217817));
#9606=CARTESIAN_POINT('Ctrl Pts',(-1.09689777441623,44.0826788574291,29.0387406840937));
#9607=CARTESIAN_POINT('Ctrl Pts',(-1.54816981512705,44.,29.1147619081925));
#9608=CARTESIAN_POINT('Ctrl Pts',(-1.54764491617263,44.0002734787543,29.1146841225559));
#9609=CARTESIAN_POINT('Ctrl Pts',(-1.54710563947434,44.0005360993379,29.1146028766457));
#9610=CARTESIAN_POINT('Ctrl Pts',(-1.40184118080722,44.074808718811,29.0929819133344));
#9611=CARTESIAN_POINT('Ctrl Pts',(-1.26503217087826,44.1341637200286,29.0755299150989));
#9612=CARTESIAN_POINT('Ctrl Pts',(-1.12858177925454,44.171723540354,29.0607732519648));
#9613=CARTESIAN_POINT('Ctrl Pts',(-1.54816981512705,44.,29.1147619081925));
#9614=CARTESIAN_POINT('Ctrl Pts',(-1.5477625857355,44.0004048319957,29.1147012008456));
#9615=CARTESIAN_POINT('Ctrl Pts',(-1.54735490415083,44.000809340378,29.1146404668534));
#9616=CARTESIAN_POINT('Ctrl Pts',(-1.43532251261094,44.1120058376452,29.0979464783881));
#9617=CARTESIAN_POINT('Ctrl Pts',(-1.30451630032655,44.2023873523037,29.0803690186747));
#9618=CARTESIAN_POINT('Ctrl Pts',(-1.16231327707075,44.2607993854597,29.0645303006551));
#9619=CARTESIAN_POINT('Ctrl Pts',(-1.54816981512705,44.,29.1147619081925));
#9620=CARTESIAN_POINT('Ctrl Pts',(-1.54739513287212,44.,29.114646423148));
#9621=CARTESIAN_POINT('Ctrl Pts',(-1.54662046831874,44.,29.1145324141552));
#9622=CARTESIAN_POINT('Ctrl Pts',(-1.54584921852121,44.,29.1144134940521));
#9623=CARTESIAN_POINT('Ctrl Pts',(-1.33452900017282,44.0000000000008,29.0818297290644));
#9624=CARTESIAN_POINT('Ctrl Pts',(-1.19228630779907,44.,29.0317034899375));
#9625=CARTESIAN_POINT('Ctrl Pts',(-1.06951527140311,44.,29.));
#9626=CARTESIAN_POINT('Ctrl Pts',(3.75923603539776E-16,44.,28.9326347908433));
#9627=CARTESIAN_POINT('Ctrl Pts',(-0.242566359012099,44.,28.9326347908433));
#9628=CARTESIAN_POINT('Ctrl Pts',(-0.483836993072562,44.0083046242203,28.9408134941661));
#9629=CARTESIAN_POINT('Ctrl Pts',(-0.725189642550751,44.0248930679884,28.9571502255276));
#9630=CARTESIAN_POINT('Ctrl Pts',(4.05334918487666E-16,43.9184661968321,
28.8955295837285));
#9631=CARTESIAN_POINT('Ctrl Pts',(-0.245211621672681,43.9184661968321,28.8955295837285));
#9632=CARTESIAN_POINT('Ctrl Pts',(-0.489114111587781,43.9267694176161,28.9037886420705));
#9633=CARTESIAN_POINT('Ctrl Pts',(-0.733100712497416,43.9433545904036,28.9202866500462));
#9634=CARTESIAN_POINT('Ctrl Pts',(4.35612062775413E-16,43.843672636573,
28.8436726365729));
#9635=CARTESIAN_POINT('Ctrl Pts',(-0.248035834105323,43.843672636573,28.8436726365729));
#9636=CARTESIAN_POINT('Ctrl Pts',(-0.494747256617196,43.8519881822196,28.8519877941816));
#9637=CARTESIAN_POINT('Ctrl Pts',(-0.741549189804127,43.8685980052599,28.8685980052599));
#9638=CARTESIAN_POINT('Ctrl Pts',(4.64848073268817E-16,43.7803300858899,
28.7803300858899));
#9639=CARTESIAN_POINT('Ctrl Pts',(-0.250860927725762,43.7803300858899,28.7803300858899));
#9640=CARTESIAN_POINT('Ctrl Pts',(-0.500381827102191,43.7886796098243,28.7886796098243));
#9641=CARTESIAN_POINT('Ctrl Pts',(-0.750000000924875,43.8053579256299,28.8053579256299));
#9642=CARTESIAN_POINT('',(-0.750000000900952,43.8053579258089,28.8053579258089));
#9643=CARTESIAN_POINT('Ctrl Pts',(4.64848073268817E-16,43.7803300858899,
28.7803300858899));
#9644=CARTESIAN_POINT('Ctrl Pts',(-0.250860927725762,43.7803300858899,28.7803300858899));
#9645=CARTESIAN_POINT('Ctrl Pts',(-0.500381827102191,43.7886796098243,28.7886796098243));
#9646=CARTESIAN_POINT('Ctrl Pts',(-0.750000000924875,43.8053579256299,28.8053579256299));
#9647=CARTESIAN_POINT('Ctrl Pts',(-0.727642349428952,44.0000019622248,28.9453325761031));
#9648=CARTESIAN_POINT('Ctrl Pts',(-0.734835268235462,43.9281279014876,28.9095528858343));
#9649=CARTESIAN_POINT('Ctrl Pts',(-0.742416694950717,43.8621061911884,28.8621061911883));
#9650=CARTESIAN_POINT('Ctrl Pts',(-0.750000000924875,43.8053579256299,28.8053579256299));
#9651=CARTESIAN_POINT('Origin',(-0.050000000000016,29.5,14.5));
#9652=CARTESIAN_POINT('',(-4.24999999999998,15.,0.));
#9653=CARTESIAN_POINT('',(-0.050000000000011,15.,0.));
#9654=CARTESIAN_POINT('',(-4.8080740562414,15.144645896982,0.144645896981943));
#9655=CARTESIAN_POINT('Ctrl Pts',(-4.24999999999999,15.,-5.55111512312577E-16));
#9656=CARTESIAN_POINT('Ctrl Pts',(-4.33357481479917,15.,-6.2498841343713E-16));
#9657=CARTESIAN_POINT('Ctrl Pts',(-4.43346761568011,15.0063034853499,0.0063034853498519));
#9658=CARTESIAN_POINT('Ctrl Pts',(-4.57081367313362,15.0296821705215,0.0296821705214464));
#9659=CARTESIAN_POINT('Ctrl Pts',(-4.63597328528052,15.0462277997546,0.0462277997545587));
#9660=CARTESIAN_POINT('Ctrl Pts',(-4.72327411558419,15.0820991845148,0.0820991845148002));
#9661=CARTESIAN_POINT('Ctrl Pts',(-4.76384470508323,15.1050207706998,0.105020770699774));
#9662=CARTESIAN_POINT('Ctrl Pts',(-4.79697424120447,15.1336568548488,0.13365685484882));
#9663=CARTESIAN_POINT('Ctrl Pts',(-4.80265782514854,15.1390014678156,0.139001467815618));
#9664=CARTESIAN_POINT('Ctrl Pts',(-4.80807405624143,15.1446458969819,0.144645896981931));
#9665=CARTESIAN_POINT('',(-0.749999999999985,22.5303300858899,7.53033008588991));
#9666=CARTESIAN_POINT('Origin',(-9.49999999999999,22.5303300858899,7.53033008588991));
#9667=CARTESIAN_POINT('',(-0.749999999999982,30.,15.));
#9668=CARTESIAN_POINT('Ctrl Pts',(-1.49999999999998,42.4166359859919,28.4772961575744));
#9669=CARTESIAN_POINT('Ctrl Pts',(-1.4999999999742,42.7105380226564,28.5752635031222));
#9670=CARTESIAN_POINT('Ctrl Pts',(-1.43853005328515,43.1983340989958,28.7197851249598));
#9671=CARTESIAN_POINT('Ctrl Pts',(-1.14345585323176,43.7212548160874,28.8266115104371));
#9672=CARTESIAN_POINT('Ctrl Pts',(-0.880048782461236,43.822736425123,28.822736425123));
#9673=CARTESIAN_POINT('Ctrl Pts',(-0.750000000000048,43.8053579255681,28.8053579255681));
#9674=CARTESIAN_POINT('Ctrl Pts',(-1.5000000000225,42.4166359859965,28.6484759583085));
#9675=CARTESIAN_POINT('Ctrl Pts',(-1.52273260995697,42.7149887892731,28.7301455542636));
#9676=CARTESIAN_POINT('Ctrl Pts',(-1.48605674603756,43.2238477254998,28.8407961317431));
#9677=CARTESIAN_POINT('Ctrl Pts',(-1.17713207932296,43.7823723954168,28.9036745037378));
#9678=CARTESIAN_POINT('Ctrl Pts',(-0.88459322981052,43.8927965658802,28.890514840388));
#9679=CARTESIAN_POINT('Ctrl Pts',(-0.740738363250068,43.8746656686865,28.8746656686865));
#9680=CARTESIAN_POINT('Ctrl Pts',(-1.62207422777425,42.4166359860217,28.9899954036433));
#9681=CARTESIAN_POINT('Ctrl Pts',(-1.66463721090186,42.7401987613895,29.0235494802651));
#9682=CARTESIAN_POINT('Ctrl Pts',(-1.6370607344023,43.3026466018966,29.0550557680172));
#9683=CARTESIAN_POINT('Ctrl Pts',(-1.26281146755781,43.9314847539499,29.03114107918));
#9684=CARTESIAN_POINT('Ctrl Pts',(-0.900545512119403,44.0595988617331,28.9993329546536));
#9685=CARTESIAN_POINT('Ctrl Pts',(-0.722219660019059,44.0410330096944,28.9854608986301));
#9686=CARTESIAN_POINT('Ctrl Pts',(-1.93227873357202,42.4166359860676,29.1779071201638));
#9687=CARTESIAN_POINT('Ctrl Pts',(-1.94843288083963,42.7856609082864,29.1808476587841));
#9688=CARTESIAN_POINT('Ctrl Pts',(-1.86526891542512,43.4127929574603,29.1643655147178));
#9689=CARTESIAN_POINT('Ctrl Pts',(-1.37562152542311,44.1097413662753,29.0851590131624));
#9690=CARTESIAN_POINT('Ctrl Pts',(-0.927535426498407,44.25523051425,29.0387069449381));
#9691=CARTESIAN_POINT('Ctrl Pts',(-0.706534396686457,44.237453519196,29.0237959147764));
#9692=CARTESIAN_POINT('Ctrl Pts',(-2.09999999999999,42.4166359860906,29.2121430803107));
#9693=CARTESIAN_POINT('Ctrl Pts',(-2.09999999995186,42.8085053683134,29.2121430803008));
#9694=CARTESIAN_POINT('Ctrl Pts',(-1.98525609946562,43.4679386719036,29.1868351819151));
#9695=CARTESIAN_POINT('Ctrl Pts',(-1.43445092603259,44.1989065548024,29.0923624536072));
#9696=CARTESIAN_POINT('Ctrl Pts',(-0.942757727260977,44.3530665110129,29.0395792499509));
#9697=CARTESIAN_POINT('Ctrl Pts',(-0.700000000000094,44.335688011458,29.023359317033));
#9698=CARTESIAN_POINT('Ctrl Pts',(-0.750000000932094,43.8053579256927,28.8053579256927));
#9699=CARTESIAN_POINT('Ctrl Pts',(-0.774151343864719,43.8085852845879,28.8085852846346));
#9700=CARTESIAN_POINT('Ctrl Pts',(-0.798380031319765,43.8095742009061,28.8113921497849));
#9701=CARTESIAN_POINT('Ctrl Pts',(-0.82250199316137,43.8083544885571,28.8136853896925));
#9702=CARTESIAN_POINT('Ctrl Pts',(-0.836916765097256,43.8076256143696,28.8150557811424));
#9703=CARTESIAN_POINT('Ctrl Pts',(-0.851292673462782,43.8061086438053,28.8162431537198));
#9704=CARTESIAN_POINT('Ctrl Pts',(-0.865584373934011,43.8038161060321,28.8172296057807));
#9705=CARTESIAN_POINT('Ctrl Pts',(-0.896339534577693,43.798882657585,28.8193524106673));
#9706=CARTESIAN_POINT('Ctrl Pts',(-0.926710658505098,43.790324168468,28.8205094884005));
#9707=CARTESIAN_POINT('Ctrl Pts',(-0.956385519178364,43.7784064415712,28.8206926702076));
#9708=CARTESIAN_POINT('Ctrl Pts',(-0.985390596670801,43.7667577064353,28.820871717468));
#9709=CARTESIAN_POINT('Ctrl Pts',(-1.01373097146121,43.7518989679368,28.8201201829592));
#9710=CARTESIAN_POINT('Ctrl Pts',(-1.04111020474811,43.734037550534,28.8184056020811));
#9711=CARTESIAN_POINT('Ctrl Pts',(-1.06836391845808,43.7162580184614,28.8166988816665));
#9712=CARTESIAN_POINT('Ctrl Pts',(-1.09474756004187,43.6955601387666,28.8141480922642));
#9713=CARTESIAN_POINT('Ctrl Pts',(-1.11988210733497,43.6721780242935,28.8107372622694));
#9714=CARTESIAN_POINT('Ctrl Pts',(-1.14629065221128,43.6476107379937,28.8071535471567));
#9715=CARTESIAN_POINT('Ctrl Pts',(-1.17131926219677,43.6200804826353,28.802620265125));
#9716=CARTESIAN_POINT('Ctrl Pts',(-1.19491337719003,43.5900942810618,28.7972293916289));
#9717=CARTESIAN_POINT('Ctrl Pts',(-1.21042277958448,43.5703830917836,28.7936857441417));
#9718=CARTESIAN_POINT('Ctrl Pts',(-1.22531276595906,43.5496118823926,28.7897719994807));
#9719=CARTESIAN_POINT('Ctrl Pts',(-1.23957282740951,43.5279346474802,28.7855186340261));
#9720=CARTESIAN_POINT('Ctrl Pts',(-1.26399684227205,43.490806819559,28.7782336541233));
#9721=CARTESIAN_POINT('Ctrl Pts',(-1.28655620472115,43.4509665916899,28.7698704270716));
#9722=CARTESIAN_POINT('Ctrl Pts',(-1.30730520600957,43.4090263406072,28.7605454051765));
#9723=CARTESIAN_POINT('Ctrl Pts',(-1.33014032992801,43.3628693802152,28.7502828374723));
#9724=CARTESIAN_POINT('Ctrl Pts',(-1.35078366420352,43.3141677859429,28.738854947497));
#9725=CARTESIAN_POINT('Ctrl Pts',(-1.36927883707349,43.2636843853811,28.7264089693945));
#9726=CARTESIAN_POINT('Ctrl Pts',(-1.37036494674734,43.2607198005078,28.7256780923536));
#9727=CARTESIAN_POINT('Ctrl Pts',(-1.37144363853103,43.2577490605357,28.7249437034155));
#9728=CARTESIAN_POINT('Ctrl Pts',(-1.37251491742912,43.2547723164459,28.7242058321058));
#9729=CARTESIAN_POINT('Ctrl Pts',(-1.38928171535951,43.2081827059036,28.7126572622893));
#9730=CARTESIAN_POINT('Ctrl Pts',(-1.40423484592606,43.160123794999,28.7002556354972));
#9731=CARTESIAN_POINT('Ctrl Pts',(-1.41749063270043,43.1107527566805,28.6870846918169));
#9732=CARTESIAN_POINT('Ctrl Pts',(-1.43862145957733,43.0320512143882,28.6660891118901));
#9733=CARTESIAN_POINT('Ctrl Pts',(-1.45526532963536,42.9505361568587,28.6431929091156));
#9734=CARTESIAN_POINT('Ctrl Pts',(-1.46791170692546,42.8671902305624,28.6187357202758));
#9735=CARTESIAN_POINT('Ctrl Pts',(-1.48234416183292,42.7720731630104,28.5908243851167));
#9736=CARTESIAN_POINT('Ctrl Pts',(-1.49157048800063,42.6745703619372,28.5608798324202));
#9737=CARTESIAN_POINT('Ctrl Pts',(-1.4962639749684,42.5761018443123,28.5293823051768));
#9738=CARTESIAN_POINT('Ctrl Pts',(-1.49878776135727,42.5231532569996,28.5124454241146));
#9739=CARTESIAN_POINT('Ctrl Pts',(-1.49999999999495,42.4699248957958,28.4950591275076));
#9740=CARTESIAN_POINT('Ctrl Pts',(-1.49999999999998,42.4166359860156,28.4772961575822));
#9741=CARTESIAN_POINT('Origin',(-0.749999999999983,29.4696699141101,15.5303300858899));
#9742=CARTESIAN_POINT('Origin',(-0.749999999999985,22.,8.06066017177982));
#9743=CARTESIAN_POINT('Ctrl Pts',(-1.49999999999998,22.,8.06066017177982));
#9744=CARTESIAN_POINT('Ctrl Pts',(-1.49999999999998,20.4688095227001,6.385920587233));
#9745=CARTESIAN_POINT('Ctrl Pts',(-2.29135232731429,17.7938383183962,3.46017083252562));
#9746=CARTESIAN_POINT('Ctrl Pts',(-4.24090576870067,15.8631657980224,1.34849776336681));
#9747=CARTESIAN_POINT('Ctrl Pts',(-5.21023913713501,15.2473744558556,0.674975982871839));
#9748=CARTESIAN_POINT('Ctrl Pts',(-1.49999999999998,22.1586743906485,7.90198578113131));
#9749=CARTESIAN_POINT('Ctrl Pts',(-1.46870160645118,20.6139750177033,6.24121385263074));
#9750=CARTESIAN_POINT('Ctrl Pts',(-2.2236906081395,17.8916616207153,3.33163708126381));
#9751=CARTESIAN_POINT('Ctrl Pts',(-4.17957464654546,15.9129305463684,1.22861356092756));
#9752=CARTESIAN_POINT('Ctrl Pts',(-5.15717485879519,15.281084760529,0.557735800227647));
#9753=CARTESIAN_POINT('Ctrl Pts',(-1.31166909802285,22.4333992692908,7.62726090248903));
#9754=CARTESIAN_POINT('Ctrl Pts',(-1.26340790762653,20.8298243580651,5.9887231146662));
#9755=CARTESIAN_POINT('Ctrl Pts',(-2.01861405333376,17.9996698231926,3.10736718343859));
#9756=CARTESIAN_POINT('Ctrl Pts',(-4.02538564077195,15.9429826845552,1.01923402465107));
#9757=CARTESIAN_POINT('Ctrl Pts',(-5.03039045584102,15.2864105355668,0.35283535766023));
#9758=CARTESIAN_POINT('Ctrl Pts',(-0.918299606442294,22.5303300858899,7.53033008588991));
#9759=CARTESIAN_POINT('Ctrl Pts',(-0.903924596158243,20.8714786521907,5.87184880225489));
#9760=CARTESIAN_POINT('Ctrl Pts',(-1.73641635505864,17.9669156134559,2.96692626917098));
#9761=CARTESIAN_POINT('Ctrl Pts',(-3.83109455092291,15.8670462082213,0.867022761912663));
#9762=CARTESIAN_POINT('Ctrl Pts',(-4.874754094945,15.1971272994457,0.197127299445658));
#9763=CARTESIAN_POINT('Ctrl Pts',(-0.749999999999984,22.5303300858899,7.53033008588991));
#9764=CARTESIAN_POINT('Ctrl Pts',(-0.749999999999983,20.8555905013431,5.85559050134309));
#9765=CARTESIAN_POINT('Ctrl Pts',(-1.61554160800001,17.9298407466357,2.92984074663571));
#9766=CARTESIAN_POINT('Ctrl Pts',(-3.74786568451636,15.8181676774769,0.818167677476903));
#9767=CARTESIAN_POINT('Ctrl Pts',(-4.80807405624142,15.1446458969819,0.144645896981932));
#9768=CARTESIAN_POINT('Ctrl Pts',(-5.104129706287,15.3159787612943,0.750011941945417));
#9769=CARTESIAN_POINT('Ctrl Pts',(-5.1038950207583,15.3161331592177,0.748910881546236));
#9770=CARTESIAN_POINT('Ctrl Pts',(-5.10365899519526,15.316285480445,0.747809829007697));
#9771=CARTESIAN_POINT('Ctrl Pts',(-5.10342163266557,15.3164357263457,0.746708791998472));
#9772=CARTESIAN_POINT('Ctrl Pts',(-5.09566993778508,15.3213423996122,0.710751545676865));
#9773=CARTESIAN_POINT('Ctrl Pts',(-5.08650796656163,15.3240310655871,0.674875929048472));
#9774=CARTESIAN_POINT('Ctrl Pts',(-5.07604366265676,15.3245494897593,0.639347328571926));
#9775=CARTESIAN_POINT('Ctrl Pts',(-5.06647268703402,15.3250236565227,0.606851772999156));
#9776=CARTESIAN_POINT('Ctrl Pts',(-5.05581146421582,15.3236819009282,0.574645838313794));
#9777=CARTESIAN_POINT('Ctrl Pts',(-5.04412113044673,15.3205302230474,0.542940502398405));
#9778=CARTESIAN_POINT('Ctrl Pts',(-5.03155040200019,15.3171411934806,0.508847449456437));
#9779=CARTESIAN_POINT('Ctrl Pts',(-5.0178373155483,15.3116728526125,0.475462169221006));
#9780=CARTESIAN_POINT('Ctrl Pts',(-5.00306845109928,15.3041366805201,0.443044244555691));
#9781=CARTESIAN_POINT('Ctrl Pts',(-4.99091075856355,15.2979329223699,0.416357889481644));
#9782=CARTESIAN_POINT('Ctrl Pts',(-4.9780369560969,15.2903271946623,0.390327003862852));
#9783=CARTESIAN_POINT('Ctrl Pts',(-4.96448577039735,15.2813049892584,0.36510975879248));
#9784=CARTESIAN_POINT('Ctrl Pts',(-4.96281169840948,15.2801904136286,0.361994497551185));
#9785=CARTESIAN_POINT('Ctrl Pts',(-4.96112728065246,15.2790541963594,0.358891673714169));
#9786=CARTESIAN_POINT('Ctrl Pts',(-4.95943263771839,15.2778964448841,0.355801531933434));
#9787=CARTESIAN_POINT('Ctrl Pts',(-4.94283786941145,15.266559179019,0.32554135980148));
#9788=CARTESIAN_POINT('Ctrl Pts',(-4.92535495312364,15.2532239383996,0.296663562229951));
#9789=CARTESIAN_POINT('Ctrl Pts',(-4.90712549431222,15.2380298113752,0.269361182046511));
#9790=CARTESIAN_POINT('Ctrl Pts',(-4.88923730859004,15.223120133095,0.242569928810151));
#9791=CARTESIAN_POINT('Ctrl Pts',(-4.8706294314834,15.2064200085625,0.217294985111455));
#9792=CARTESIAN_POINT('Ctrl Pts',(-4.85142675045708,15.1880257108529,0.193751500147379));
#9793=CARTESIAN_POINT('Ctrl Pts',(-4.83728193052637,15.1744763513392,0.176409215760016));
#9794=CARTESIAN_POINT('Ctrl Pts',(-4.82281413554137,15.1600070091811,0.160007009181091));
#9795=CARTESIAN_POINT('Ctrl Pts',(-4.80807405624142,15.144645896982,0.144645896981936));
#9796=CARTESIAN_POINT('Origin',(-9.49999999999999,22.,0.75));
#9797=CARTESIAN_POINT('',(-9.49999999999999,13.25,0.));
#9798=CARTESIAN_POINT('Origin',(-9.49999999999999,22.,0.));
#9799=CARTESIAN_POINT('Origin',(-9.49999999999999,13.25,0.75));
#9800=CARTESIAN_POINT('Origin',(-6.34999999999999,13.25,0.75));
#9801=CARTESIAN_POINT('',(-9.79999999999998,13.25,0.));
#9802=CARTESIAN_POINT('Origin',(-9.79999999999998,13.25,0.75));
#9803=CARTESIAN_POINT('',(-6.34999999999999,13.25,0.));
#9804=CARTESIAN_POINT('Origin',(-9.79999999999998,11.,0.75));
#9805=CARTESIAN_POINT('',(-12.05,11.,0.));
#9806=CARTESIAN_POINT('Origin',(-12.05,11.,0.75));
#9807=CARTESIAN_POINT('Origin',(-9.79999999999998,11.,0.));
#9808=CARTESIAN_POINT('Origin',(-12.05,-16.,0.75));
#9809=CARTESIAN_POINT('',(-12.05,-11.,0.));
#9810=CARTESIAN_POINT('Origin',(-12.05,-11.,0.75));
#9811=CARTESIAN_POINT('',(-12.05,-16.,0.));
#9812=CARTESIAN_POINT('Origin',(-12.05,-11.,15.));
#9813=CARTESIAN_POINT('',(-12.05,-26.,15.));
#9814=CARTESIAN_POINT('Origin',(-12.05,-25.25,15.));
#9815=CARTESIAN_POINT('Origin',(-12.05,-11.,15.));
#9816=CARTESIAN_POINT('Origin',(-12.05,-25.25,0.));
#9817=CARTESIAN_POINT('',(-12.05,-26.,0.));
#9818=CARTESIAN_POINT('Origin',(-4.35,-11.,15.));
#9819=CARTESIAN_POINT('',(-4.35,-11.,0.));
#9820=CARTESIAN_POINT('',(-4.35,-26.,15.));
#9821=CARTESIAN_POINT('Origin',(-8.8,-26.,0.));
#9822=CARTESIAN_POINT('Origin',(0.,37.5,39.5));
#9823=CARTESIAN_POINT('',(4.28626379701573E-16,37.5,43.));
#9824=CARTESIAN_POINT('Origin',(-0.100000000000003,-5.99999999999999,0.));
#9825=CARTESIAN_POINT('Origin',(-0.100000000000013,14.,39.5));
#9826=CARTESIAN_POINT('',(-4.44089209850063E-15,11.,0.));
#9827=CARTESIAN_POINT('',(0.,0.,0.));
#9828=CARTESIAN_POINT('',(1.28889954265077E-14,11.0311655777635,0.));
#9829=CARTESIAN_POINT('',(0.,21.1,0.));
#9830=UNCERTAINTY_MEASURE_WITH_UNIT(LENGTH_MEASURE(0.01),#9834,
'DISTANCE_ACCURACY_VALUE',
'Maximum model space distance between geometric entities at asserted c
onnectivities');
#9831=UNCERTAINTY_MEASURE_WITH_UNIT(LENGTH_MEASURE(0.01),#9834,
'DISTANCE_ACCURACY_VALUE',
'Maximum model space distance between geometric entities at asserted c
onnectivities');
#9832=(
GEOMETRIC_REPRESENTATION_CONTEXT(3)
GLOBAL_UNCERTAINTY_ASSIGNED_CONTEXT((#9830))
GLOBAL_UNIT_ASSIGNED_CONTEXT((#9834,#9836,#9837))
REPRESENTATION_CONTEXT('','3D')
);
#9833=(
GEOMETRIC_REPRESENTATION_CONTEXT(3)
GLOBAL_UNCERTAINTY_ASSIGNED_CONTEXT((#9831))
GLOBAL_UNIT_ASSIGNED_CONTEXT((#9834,#9836,#9837))
REPRESENTATION_CONTEXT('','3D')
);
#9834=(
LENGTH_UNIT()
NAMED_UNIT(*)
SI_UNIT(.MILLI.,.METRE.)
);
#9835=(
LENGTH_UNIT()
NAMED_UNIT(*)
SI_UNIT(.CENTI.,.METRE.)
);
#9836=(
NAMED_UNIT(*)
PLANE_ANGLE_UNIT()
SI_UNIT($,.RADIAN.)
);
#9837=(
NAMED_UNIT(*)
SI_UNIT($,.STERADIAN.)
SOLID_ANGLE_UNIT()
);
#9838=SHAPE_DEFINITION_REPRESENTATION(#9839,#9840);
#9839=PRODUCT_DEFINITION_SHAPE('',$,#9842);
#9840=SHAPE_REPRESENTATION('',(#4141),#9832);
#9841=PRODUCT_DEFINITION_CONTEXT('part definition',#9846,'design');
#9842=PRODUCT_DEFINITION('250512_Bohrlehre Plattensystem_7mm',
'250512_Bohrlehre Plattensystem_7mm',#9843,#9841);
#9843=PRODUCT_DEFINITION_FORMATION('',$,#9848);
#9844=PRODUCT_RELATED_PRODUCT_CATEGORY(
'250512_Bohrlehre Plattensystem_7mm',
'250512_Bohrlehre Plattensystem_7mm',(#9848));
#9845=APPLICATION_PROTOCOL_DEFINITION('international standard',
'automotive_design',2009,#9846);
#9846=APPLICATION_CONTEXT(
'Core Data for Automotive Mechanical Design Process');
#9847=PRODUCT_CONTEXT('part definition',#9846,'mechanical');
#9848=PRODUCT('250512_Bohrlehre Plattensystem_7mm',
'250512_Bohrlehre Plattensystem_7mm',$,(#9847));
#9849=PRESENTATION_STYLE_ASSIGNMENT((#9851));
#9850=PRESENTATION_STYLE_ASSIGNMENT((#9852));
#9851=SURFACE_STYLE_USAGE(.BOTH.,#9855);
#9852=SURFACE_STYLE_USAGE(.BOTH.,#9856);
#9853=SURFACE_STYLE_RENDERING_WITH_PROPERTIES($,#9863,(#9854));
#9854=SURFACE_STYLE_TRANSPARENT(0.);
#9855=SURFACE_SIDE_STYLE('',(#9857,#9853));
#9856=SURFACE_SIDE_STYLE('',(#9858));
#9857=SURFACE_STYLE_FILL_AREA(#9859);
#9858=SURFACE_STYLE_FILL_AREA(#9860);
#9859=FILL_AREA_STYLE('',(#9861));
#9860=FILL_AREA_STYLE('',(#9862));
#9861=FILL_AREA_STYLE_COLOUR('',#9863);
#9862=FILL_AREA_STYLE_COLOUR('',#9864);
#9863=COLOUR_RGB('',0.749019607843137,0.749019607843137,0.749019607843137);
#9864=COLOUR_RGB('',1.,1.,0.);
ENDSEC;
END-ISO-10303-21;
