ISO-10303-21;
HEADER;
/* Generated by software containing ST-Developer
 * from STEP Tools, Inc. (www.steptools.com) 
 */

FILE_DESCRIPTION(
/* description */ (''),
/* implementation_level */ '2;1');

FILE_NAME(
/* name */ '120x240_005.stp',
/* time_stamp */ '2025-06-03T13:01:31+02:00',
/* author */ ('clehmann'),
/* organization */ (''),
/* preprocessor_version */ 'ST-DEVELOPER v20',
/* originating_system */ 'Autodesk Inventor 2025',
/* authorisation */ '');

FILE_SCHEMA (('AUTOMOTIVE_DESIGN { 1 0 10303 214 3 1 1 }'));
ENDSEC;

DATA;
#10=MECHANICAL_DESIGN_GEOMETRIC_PRESENTATION_REPRESENTATION('',(#13),#17341);
#11=SHAPE_REPRESENTATION_RELATIONSHIP('SRR','None',#17348,#12);
#12=ADVANCED_BREP_SHAPE_REPRESENTATION('',(#14),#17340);
#13=STYLED_ITEM('',(#17357),#14);
#14=MANIFOLD_SOLID_BREP('Volumenk\X\F6rper1',#8592);
#15=CONICAL_SURFACE('',#8986,17.8749999999999,0.785398163397439);
#16=CONICAL_SURFACE('',#8991,17.8749999999999,0.785398163397439);
#17=CONICAL_SURFACE('',#8996,17.8749999999999,0.785398163397439);
#18=CONICAL_SURFACE('',#9001,17.8749999999999,0.785398163397439);
#19=CONICAL_SURFACE('',#9006,17.8749999999999,0.785398163397439);
#20=CONICAL_SURFACE('',#9011,17.8749999999999,0.785398163397439);
#21=CONICAL_SURFACE('',#9016,17.8749999999999,0.785398163397439);
#22=CONICAL_SURFACE('',#9021,17.875,0.785398163397451);
#23=CONICAL_SURFACE('',#9026,17.875,0.785398163397451);
#24=CONICAL_SURFACE('',#9031,17.875,0.785398163397451);
#25=CONICAL_SURFACE('',#9036,17.875,0.785398163397451);
#26=CONICAL_SURFACE('',#9041,17.875,0.785398163397451);
#27=CONICAL_SURFACE('',#9046,17.875,0.785398163397451);
#28=CONICAL_SURFACE('',#9051,17.875,0.785398163397451);
#29=CONICAL_SURFACE('',#9056,17.875,0.785398163397448);
#30=CONICAL_SURFACE('',#9061,17.875,0.785398163397448);
#31=CONICAL_SURFACE('',#9066,17.875,0.785398163397451);
#32=CONICAL_SURFACE('',#9071,17.875,0.785398163397451);
#33=CONICAL_SURFACE('',#9076,17.875,0.785398163397451);
#34=CONICAL_SURFACE('',#9081,17.875,0.785398163397451);
#35=CONICAL_SURFACE('',#9086,17.875,0.785398163397451);
#36=CONICAL_SURFACE('',#9091,17.875,0.785398163397451);
#37=CONICAL_SURFACE('',#9096,17.875,0.785398163397451);
#38=CONICAL_SURFACE('',#9101,17.8749999999999,0.785398163397439);
#39=CONICAL_SURFACE('',#9106,17.8749999999999,0.785398163397439);
#40=CONICAL_SURFACE('',#9111,17.8749999999999,0.785398163397439);
#41=CONICAL_SURFACE('',#9116,17.8749999999999,0.785398163397439);
#42=CONICAL_SURFACE('',#9121,17.8749999999999,0.785398163397439);
#43=CONICAL_SURFACE('',#9126,17.8749999999999,0.785398163397439);
#44=CONICAL_SURFACE('',#9131,17.8749999999999,0.785398163397439);
#45=CONICAL_SURFACE('',#9136,17.875,0.785398163397448);
#46=CONICAL_SURFACE('',#9137,17.875,0.785398163397448);
#47=CONICAL_SURFACE('',#9138,17.875,0.785398163397451);
#48=CONICAL_SURFACE('',#9139,17.875,0.785398163397451);
#49=CONICAL_SURFACE('',#9140,17.875,0.785398163397451);
#50=CONICAL_SURFACE('',#9141,17.875,0.785398163397451);
#51=CONICAL_SURFACE('',#9142,17.875,0.785398163397451);
#52=CONICAL_SURFACE('',#9143,17.875,0.785398163397451);
#53=CONICAL_SURFACE('',#9144,17.8749999999999,0.785398163397439);
#54=CONICAL_SURFACE('',#9145,17.8749999999999,0.785398163397439);
#55=CONICAL_SURFACE('',#9146,17.8749999999999,0.785398163397439);
#56=CONICAL_SURFACE('',#9147,17.8749999999999,0.785398163397439);
#57=CONICAL_SURFACE('',#9148,17.8749999999999,0.785398163397439);
#58=CONICAL_SURFACE('',#9149,17.8749999999999,0.785398163397439);
#59=CONICAL_SURFACE('',#9150,17.8749999999999,0.785398163397439);
#60=CONICAL_SURFACE('',#9151,17.8749999999999,0.785398163397439);
#61=CONICAL_SURFACE('',#9152,17.8749999999999,0.785398163397439);
#62=CONICAL_SURFACE('',#9153,17.8749999999999,0.785398163397439);
#63=CONICAL_SURFACE('',#9154,17.8749999999999,0.785398163397439);
#64=CONICAL_SURFACE('',#9155,17.8749999999999,0.785398163397439);
#65=CONICAL_SURFACE('',#9156,17.8749999999999,0.785398163397439);
#66=CONICAL_SURFACE('',#9157,17.8749999999999,0.785398163397439);
#67=CONICAL_SURFACE('',#9158,17.875,0.785398163397451);
#68=CONICAL_SURFACE('',#9159,17.875,0.785398163397451);
#69=CONICAL_SURFACE('',#9160,17.875,0.785398163397451);
#70=CONICAL_SURFACE('',#9161,17.875,0.785398163397451);
#71=CONICAL_SURFACE('',#9162,17.875,0.785398163397451);
#72=CONICAL_SURFACE('',#9163,17.875,0.785398163397451);
#73=CONICAL_SURFACE('',#9164,17.875,0.785398163397448);
#74=CONICAL_SURFACE('',#9165,17.875,0.785398163397448);
#75=CONICAL_SURFACE('',#9166,17.8749999999999,0.785398163397439);
#76=CONICAL_SURFACE('',#9171,17.8749999999999,0.785398163397439);
#77=CONICAL_SURFACE('',#9176,17.8749999999999,0.785398163397439);
#78=CONICAL_SURFACE('',#9181,17.8749999999999,0.785398163397439);
#79=CONICAL_SURFACE('',#9186,17.8749999999999,0.785398163397439);
#80=CONICAL_SURFACE('',#9191,17.8749999999999,0.785398163397439);
#81=CONICAL_SURFACE('',#9196,17.8749999999999,0.785398163397439);
#82=CONICAL_SURFACE('',#9201,17.8749999999999,0.785398163397439);
#83=CONICAL_SURFACE('',#9206,17.8749999999999,0.785398163397439);
#84=CONICAL_SURFACE('',#9211,17.8749999999999,0.785398163397439);
#85=CONICAL_SURFACE('',#9216,17.8749999999999,0.785398163397439);
#86=CONICAL_SURFACE('',#9221,17.8749999999999,0.785398163397439);
#87=CONICAL_SURFACE('',#9226,17.8749999999999,0.785398163397439);
#88=CONICAL_SURFACE('',#9231,17.8749999999999,0.785398163397439);
#89=CONICAL_SURFACE('',#9236,17.8749999999999,0.785398163397439);
#90=CONICAL_SURFACE('',#9241,17.8749999999999,0.785398163397439);
#91=CONICAL_SURFACE('',#9246,17.8749999999999,0.785398163397439);
#92=CONICAL_SURFACE('',#9251,17.8749999999999,0.785398163397439);
#93=CONICAL_SURFACE('',#9256,17.8749999999999,0.785398163397439);
#94=CONICAL_SURFACE('',#9261,17.8749999999999,0.785398163397439);
#95=CONICAL_SURFACE('',#9266,17.8749999999999,0.785398163397439);
#96=CONICAL_SURFACE('',#9271,17.8749999999999,0.785398163397439);
#97=CONICAL_SURFACE('',#9276,17.8749999999999,0.785398163397439);
#98=CONICAL_SURFACE('',#9281,17.8749999999999,0.785398163397439);
#99=CONICAL_SURFACE('',#9286,17.8749999999999,0.785398163397439);
#100=CONICAL_SURFACE('',#9291,17.8749999999999,0.785398163397439);
#101=CONICAL_SURFACE('',#9296,17.8749999999999,0.785398163397439);
#102=CONICAL_SURFACE('',#9301,17.8749999999999,0.785398163397439);
#103=CONICAL_SURFACE('',#9306,17.8749999999999,0.785398163397439);
#104=CONICAL_SURFACE('',#9311,17.8749999999999,0.785398163397439);
#105=CONICAL_SURFACE('',#9316,17.8749999999999,0.785398163397439);
#106=CONICAL_SURFACE('',#9321,17.8749999999999,0.785398163397439);
#107=CONICAL_SURFACE('',#9326,17.8749999999999,0.785398163397439);
#108=CONICAL_SURFACE('',#9331,17.8749999999999,0.785398163397439);
#109=CONICAL_SURFACE('',#9336,17.8749999999999,0.785398163397439);
#110=CONICAL_SURFACE('',#9341,17.875,0.785398163397451);
#111=CONICAL_SURFACE('',#9346,17.875,0.785398163397451);
#112=CONICAL_SURFACE('',#9351,17.875,0.785398163397451);
#113=CONICAL_SURFACE('',#9356,17.875,0.785398163397451);
#114=CONICAL_SURFACE('',#9361,17.875,0.785398163397451);
#115=CONICAL_SURFACE('',#9366,17.875,0.785398163397451);
#116=CONICAL_SURFACE('',#9371,17.875,0.785398163397451);
#117=CONICAL_SURFACE('',#9376,17.875,0.785398163397451);
#118=CONICAL_SURFACE('',#9381,17.875,0.785398163397451);
#119=CONICAL_SURFACE('',#9386,17.875,0.785398163397451);
#120=CONICAL_SURFACE('',#9391,17.875,0.785398163397451);
#121=CONICAL_SURFACE('',#9396,17.875,0.785398163397451);
#122=CONICAL_SURFACE('',#9401,17.875,0.785398163397451);
#123=CONICAL_SURFACE('',#9406,17.875,0.785398163397451);
#124=CONICAL_SURFACE('',#9411,17.875,0.785398163397451);
#125=CONICAL_SURFACE('',#9416,17.875,0.785398163397451);
#126=CONICAL_SURFACE('',#9421,17.875,0.785398163397451);
#127=CONICAL_SURFACE('',#9426,17.875,0.785398163397451);
#128=CONICAL_SURFACE('',#9431,17.875,0.785398163397451);
#129=CONICAL_SURFACE('',#9436,17.875,0.785398163397451);
#130=CONICAL_SURFACE('',#9441,17.875,0.785398163397451);
#131=CONICAL_SURFACE('',#9446,17.875,0.785398163397451);
#132=CONICAL_SURFACE('',#9451,17.875,0.785398163397451);
#133=CONICAL_SURFACE('',#9456,17.875,0.785398163397451);
#134=CONICAL_SURFACE('',#9461,17.875,0.785398163397451);
#135=CONICAL_SURFACE('',#9466,17.875,0.785398163397451);
#136=CONICAL_SURFACE('',#9471,17.875,0.785398163397451);
#137=CONICAL_SURFACE('',#9476,17.875,0.785398163397451);
#138=CONICAL_SURFACE('',#9481,17.875,0.785398163397451);
#139=CONICAL_SURFACE('',#9486,17.875,0.785398163397451);
#140=CONICAL_SURFACE('',#9491,17.875,0.785398163397448);
#141=CONICAL_SURFACE('',#9496,17.875,0.785398163397448);
#142=CONICAL_SURFACE('',#9501,17.875,0.785398163397448);
#143=CONICAL_SURFACE('',#9506,17.875,0.785398163397448);
#144=CONICAL_SURFACE('',#9511,17.875,0.785398163397448);
#145=CONICAL_SURFACE('',#9516,17.875,0.785398163397448);
#146=CONICAL_SURFACE('',#9521,17.875,0.785398163397448);
#147=CONICAL_SURFACE('',#9526,17.875,0.785398163397448);
#148=CONICAL_SURFACE('',#9531,17.875,0.785398163397448);
#149=CONICAL_SURFACE('',#9536,17.8749999999999,0.785398163397439);
#150=CONICAL_SURFACE('',#9537,17.8749999999999,0.785398163397439);
#151=CONICAL_SURFACE('',#9538,17.8749999999999,0.785398163397439);
#152=CONICAL_SURFACE('',#9539,17.8749999999999,0.785398163397439);
#153=CONICAL_SURFACE('',#9540,17.8749999999999,0.785398163397439);
#154=CONICAL_SURFACE('',#9541,17.8749999999999,0.785398163397439);
#155=CONICAL_SURFACE('',#9542,17.8749999999999,0.785398163397439);
#156=CONICAL_SURFACE('',#9543,17.8749999999999,0.785398163397439);
#157=CONICAL_SURFACE('',#9544,17.8749999999999,0.785398163397439);
#158=CONICAL_SURFACE('',#9545,17.8749999999999,0.785398163397439);
#159=CONICAL_SURFACE('',#9546,17.8749999999999,0.785398163397439);
#160=CONICAL_SURFACE('',#9547,17.8749999999999,0.785398163397439);
#161=CONICAL_SURFACE('',#9548,17.8749999999999,0.785398163397439);
#162=CONICAL_SURFACE('',#9549,17.8749999999999,0.785398163397439);
#163=CONICAL_SURFACE('',#9550,17.8749999999999,0.785398163397439);
#164=CONICAL_SURFACE('',#9551,17.8749999999999,0.785398163397439);
#165=CONICAL_SURFACE('',#9552,17.8749999999999,0.785398163397439);
#166=CONICAL_SURFACE('',#9553,17.8749999999999,0.785398163397439);
#167=CONICAL_SURFACE('',#9554,17.8749999999999,0.785398163397439);
#168=CONICAL_SURFACE('',#9555,17.8749999999999,0.785398163397439);
#169=CONICAL_SURFACE('',#9556,17.8749999999999,0.785398163397439);
#170=CONICAL_SURFACE('',#9557,17.8749999999999,0.785398163397439);
#171=CONICAL_SURFACE('',#9558,17.8749999999999,0.785398163397439);
#172=CONICAL_SURFACE('',#9559,17.8749999999999,0.785398163397439);
#173=CONICAL_SURFACE('',#9560,17.8749999999999,0.785398163397439);
#174=CONICAL_SURFACE('',#9561,17.8749999999999,0.785398163397439);
#175=CONICAL_SURFACE('',#9562,17.8749999999999,0.785398163397439);
#176=CONICAL_SURFACE('',#9563,17.8749999999999,0.785398163397439);
#177=CONICAL_SURFACE('',#9564,17.8749999999999,0.785398163397439);
#178=CONICAL_SURFACE('',#9565,17.8749999999999,0.785398163397439);
#179=CONICAL_SURFACE('',#9566,17.8749999999999,0.785398163397439);
#180=CONICAL_SURFACE('',#9567,17.8749999999999,0.785398163397439);
#181=CONICAL_SURFACE('',#9568,17.8749999999999,0.785398163397439);
#182=CONICAL_SURFACE('',#9569,17.8749999999999,0.785398163397439);
#183=CONICAL_SURFACE('',#9570,17.8749999999999,0.785398163397439);
#184=CONICAL_SURFACE('',#9571,17.875,0.785398163397451);
#185=CONICAL_SURFACE('',#9572,17.875,0.785398163397451);
#186=CONICAL_SURFACE('',#9573,17.875,0.785398163397451);
#187=CONICAL_SURFACE('',#9574,17.875,0.785398163397451);
#188=CONICAL_SURFACE('',#9575,17.875,0.785398163397451);
#189=CONICAL_SURFACE('',#9576,17.875,0.785398163397451);
#190=CONICAL_SURFACE('',#9577,17.875,0.785398163397451);
#191=CONICAL_SURFACE('',#9578,17.875,0.785398163397451);
#192=CONICAL_SURFACE('',#9579,17.875,0.785398163397451);
#193=CONICAL_SURFACE('',#9580,17.875,0.785398163397451);
#194=CONICAL_SURFACE('',#9581,17.875,0.785398163397451);
#195=CONICAL_SURFACE('',#9582,17.875,0.785398163397451);
#196=CONICAL_SURFACE('',#9583,17.875,0.785398163397451);
#197=CONICAL_SURFACE('',#9584,17.875,0.785398163397451);
#198=CONICAL_SURFACE('',#9585,17.875,0.785398163397451);
#199=CONICAL_SURFACE('',#9586,17.875,0.785398163397451);
#200=CONICAL_SURFACE('',#9587,17.875,0.785398163397451);
#201=CONICAL_SURFACE('',#9588,17.875,0.785398163397451);
#202=CONICAL_SURFACE('',#9589,17.875,0.785398163397451);
#203=CONICAL_SURFACE('',#9590,17.875,0.785398163397451);
#204=CONICAL_SURFACE('',#9591,17.875,0.785398163397451);
#205=CONICAL_SURFACE('',#9592,17.875,0.785398163397451);
#206=CONICAL_SURFACE('',#9593,17.875,0.785398163397451);
#207=CONICAL_SURFACE('',#9594,17.875,0.785398163397451);
#208=CONICAL_SURFACE('',#9595,17.875,0.785398163397451);
#209=CONICAL_SURFACE('',#9596,17.875,0.785398163397448);
#210=CONICAL_SURFACE('',#9597,17.875,0.785398163397451);
#211=CONICAL_SURFACE('',#9598,17.875,0.785398163397451);
#212=CONICAL_SURFACE('',#9599,17.875,0.785398163397451);
#213=CONICAL_SURFACE('',#9600,17.875,0.785398163397457);
#214=CONICAL_SURFACE('',#9601,17.875,0.785398163397448);
#215=CONICAL_SURFACE('',#9602,17.875,0.785398163397451);
#216=CONICAL_SURFACE('',#9603,17.875,0.785398163397451);
#217=CONICAL_SURFACE('',#9604,17.875,0.785398163397448);
#218=CONICAL_SURFACE('',#9605,17.875,0.785398163397451);
#219=CONICAL_SURFACE('',#9606,17.875,0.785398163397451);
#220=CONICAL_SURFACE('',#9607,17.875,0.785398163397451);
#221=CONICAL_SURFACE('',#9608,17.875,0.785398163397451);
#222=CONICAL_SURFACE('',#9609,17.875,0.785398163397448);
#223=CONICAL_SURFACE('',#9610,17.875,0.785398163397448);
#224=CONICAL_SURFACE('',#9615,17.875,0.785398163397448);
#225=FACE_BOUND('',#1148,.T.);
#226=FACE_BOUND('',#1149,.T.);
#227=FACE_BOUND('',#1150,.T.);
#228=FACE_BOUND('',#1151,.T.);
#229=FACE_BOUND('',#1152,.T.);
#230=FACE_BOUND('',#1153,.T.);
#231=FACE_BOUND('',#1154,.T.);
#232=FACE_BOUND('',#1155,.T.);
#233=FACE_BOUND('',#1156,.T.);
#234=FACE_BOUND('',#1157,.T.);
#235=FACE_BOUND('',#1158,.T.);
#236=FACE_BOUND('',#1159,.T.);
#237=FACE_BOUND('',#1160,.T.);
#238=FACE_BOUND('',#1161,.T.);
#239=FACE_BOUND('',#1162,.T.);
#240=FACE_BOUND('',#1165,.T.);
#241=FACE_BOUND('',#1166,.T.);
#242=FACE_BOUND('',#1167,.T.);
#243=FACE_BOUND('',#1168,.T.);
#244=FACE_BOUND('',#1169,.T.);
#245=FACE_BOUND('',#1170,.T.);
#246=FACE_BOUND('',#1171,.T.);
#247=FACE_BOUND('',#1174,.T.);
#248=FACE_BOUND('',#1175,.T.);
#249=FACE_BOUND('',#1176,.T.);
#250=FACE_BOUND('',#1177,.T.);
#251=FACE_BOUND('',#1178,.T.);
#252=FACE_BOUND('',#1179,.T.);
#253=FACE_BOUND('',#1180,.T.);
#254=FACE_BOUND('',#1181,.T.);
#255=FACE_BOUND('',#1182,.T.);
#256=FACE_BOUND('',#1183,.T.);
#257=FACE_BOUND('',#1184,.T.);
#258=FACE_BOUND('',#1185,.T.);
#259=FACE_BOUND('',#1186,.T.);
#260=FACE_BOUND('',#1187,.T.);
#261=FACE_BOUND('',#1188,.T.);
#262=FACE_BOUND('',#1189,.T.);
#263=FACE_BOUND('',#1190,.T.);
#264=FACE_BOUND('',#1191,.T.);
#265=FACE_BOUND('',#1192,.T.);
#266=FACE_BOUND('',#1193,.T.);
#267=FACE_BOUND('',#1194,.T.);
#268=FACE_BOUND('',#1195,.T.);
#269=FACE_BOUND('',#1196,.T.);
#270=FACE_BOUND('',#1197,.T.);
#271=FACE_BOUND('',#1198,.T.);
#272=FACE_BOUND('',#1199,.T.);
#273=FACE_BOUND('',#1200,.T.);
#274=FACE_BOUND('',#1201,.T.);
#275=FACE_BOUND('',#1202,.T.);
#276=FACE_BOUND('',#1203,.T.);
#277=FACE_BOUND('',#1204,.T.);
#278=FACE_BOUND('',#1205,.T.);
#279=FACE_BOUND('',#1206,.T.);
#280=FACE_BOUND('',#1207,.T.);
#281=FACE_BOUND('',#1208,.T.);
#282=FACE_BOUND('',#1209,.T.);
#283=FACE_BOUND('',#1210,.T.);
#284=FACE_BOUND('',#1211,.T.);
#285=FACE_BOUND('',#1212,.T.);
#286=FACE_BOUND('',#1213,.T.);
#287=FACE_BOUND('',#1214,.T.);
#288=FACE_BOUND('',#1215,.T.);
#289=FACE_BOUND('',#1216,.T.);
#290=FACE_BOUND('',#1217,.T.);
#291=FACE_BOUND('',#1218,.T.);
#292=FACE_BOUND('',#1219,.T.);
#293=FACE_BOUND('',#1220,.T.);
#294=FACE_BOUND('',#1221,.T.);
#295=FACE_BOUND('',#1222,.T.);
#296=FACE_BOUND('',#1223,.T.);
#297=FACE_BOUND('',#1224,.T.);
#298=FACE_BOUND('',#1225,.T.);
#299=FACE_BOUND('',#1226,.T.);
#300=FACE_BOUND('',#1227,.T.);
#301=FACE_BOUND('',#1228,.T.);
#302=FACE_BOUND('',#1229,.T.);
#303=FACE_BOUND('',#1230,.T.);
#304=FACE_BOUND('',#1231,.T.);
#305=FACE_BOUND('',#1232,.T.);
#306=FACE_BOUND('',#1233,.T.);
#307=FACE_BOUND('',#1234,.T.);
#308=FACE_BOUND('',#1235,.T.);
#309=FACE_BOUND('',#1236,.T.);
#310=FACE_BOUND('',#1237,.T.);
#311=FACE_BOUND('',#1238,.T.);
#312=FACE_BOUND('',#1239,.T.);
#313=FACE_BOUND('',#1240,.T.);
#314=FACE_BOUND('',#1241,.T.);
#315=FACE_BOUND('',#1242,.T.);
#316=FACE_BOUND('',#1243,.T.);
#317=FACE_BOUND('',#1244,.T.);
#318=FACE_BOUND('',#1245,.T.);
#319=FACE_BOUND('',#1246,.T.);
#320=FACE_BOUND('',#1247,.T.);
#321=FACE_BOUND('',#1248,.T.);
#322=FACE_BOUND('',#1249,.T.);
#323=FACE_BOUND('',#1250,.T.);
#324=FACE_BOUND('',#1251,.T.);
#325=FACE_BOUND('',#1252,.T.);
#326=FACE_BOUND('',#1253,.T.);
#327=FACE_BOUND('',#1254,.T.);
#328=FACE_BOUND('',#1255,.T.);
#329=FACE_BOUND('',#1256,.T.);
#330=FACE_BOUND('',#1257,.T.);
#331=FACE_BOUND('',#1258,.T.);
#332=FACE_BOUND('',#1259,.T.);
#333=FACE_BOUND('',#1260,.T.);
#334=FACE_BOUND('',#1261,.T.);
#335=FACE_BOUND('',#1262,.T.);
#336=FACE_BOUND('',#1263,.T.);
#337=FACE_BOUND('',#1264,.T.);
#338=FACE_BOUND('',#1265,.T.);
#339=FACE_BOUND('',#1266,.T.);
#340=FACE_BOUND('',#1267,.T.);
#341=FACE_BOUND('',#1268,.T.);
#342=FACE_BOUND('',#1269,.T.);
#343=FACE_BOUND('',#1270,.T.);
#344=FACE_BOUND('',#1271,.T.);
#345=FACE_BOUND('',#1272,.T.);
#346=FACE_BOUND('',#1273,.T.);
#347=FACE_BOUND('',#1274,.T.);
#348=FACE_BOUND('',#1275,.T.);
#349=FACE_BOUND('',#1276,.T.);
#350=FACE_BOUND('',#1277,.T.);
#351=FACE_BOUND('',#1278,.T.);
#352=FACE_BOUND('',#1289,.T.);
#353=FACE_BOUND('',#1290,.T.);
#354=FACE_BOUND('',#1291,.T.);
#355=FACE_BOUND('',#1292,.T.);
#356=FACE_BOUND('',#1293,.T.);
#357=FACE_BOUND('',#1294,.T.);
#358=FACE_BOUND('',#1295,.T.);
#359=FACE_BOUND('',#1298,.T.);
#360=FACE_BOUND('',#1299,.T.);
#361=FACE_BOUND('',#1300,.T.);
#362=FACE_BOUND('',#1301,.T.);
#363=FACE_BOUND('',#1302,.T.);
#364=FACE_BOUND('',#1303,.T.);
#365=FACE_BOUND('',#1304,.T.);
#366=FACE_BOUND('',#1305,.T.);
#367=FACE_BOUND('',#1306,.T.);
#368=FACE_BOUND('',#1307,.T.);
#369=FACE_BOUND('',#1308,.T.);
#370=FACE_BOUND('',#1309,.T.);
#371=FACE_BOUND('',#1310,.T.);
#372=FACE_BOUND('',#1311,.T.);
#373=FACE_BOUND('',#1312,.T.);
#374=FACE_BOUND('',#1313,.T.);
#375=FACE_BOUND('',#1314,.T.);
#376=FACE_BOUND('',#1315,.T.);
#377=FACE_BOUND('',#1316,.T.);
#378=FACE_BOUND('',#1317,.T.);
#379=FACE_BOUND('',#1318,.T.);
#380=FACE_BOUND('',#1319,.T.);
#381=FACE_BOUND('',#1320,.T.);
#382=FACE_BOUND('',#1321,.T.);
#383=FACE_BOUND('',#1322,.T.);
#384=FACE_BOUND('',#1323,.T.);
#385=FACE_BOUND('',#1324,.T.);
#386=FACE_BOUND('',#1325,.T.);
#387=FACE_BOUND('',#1326,.T.);
#388=FACE_BOUND('',#1327,.T.);
#389=FACE_BOUND('',#1328,.T.);
#390=FACE_BOUND('',#1329,.T.);
#391=FACE_BOUND('',#1330,.T.);
#392=FACE_BOUND('',#1331,.T.);
#393=FACE_BOUND('',#1332,.T.);
#394=FACE_BOUND('',#1333,.T.);
#395=FACE_BOUND('',#1334,.T.);
#396=FACE_BOUND('',#1335,.T.);
#397=FACE_BOUND('',#1336,.T.);
#398=FACE_BOUND('',#1337,.T.);
#399=FACE_BOUND('',#1338,.T.);
#400=FACE_BOUND('',#1339,.T.);
#401=FACE_BOUND('',#1340,.T.);
#402=FACE_BOUND('',#1341,.T.);
#403=FACE_BOUND('',#1342,.T.);
#404=FACE_BOUND('',#1343,.T.);
#405=FACE_BOUND('',#1344,.T.);
#406=FACE_BOUND('',#1345,.T.);
#407=FACE_BOUND('',#1346,.T.);
#408=FACE_BOUND('',#1347,.T.);
#409=FACE_BOUND('',#1348,.T.);
#410=FACE_BOUND('',#1349,.T.);
#411=FACE_BOUND('',#1350,.T.);
#412=FACE_BOUND('',#1351,.T.);
#413=FACE_BOUND('',#1352,.T.);
#414=FACE_BOUND('',#1353,.T.);
#415=FACE_BOUND('',#1354,.T.);
#416=FACE_BOUND('',#1355,.T.);
#417=FACE_BOUND('',#1356,.T.);
#418=FACE_BOUND('',#1357,.T.);
#419=FACE_BOUND('',#1358,.T.);
#420=FACE_BOUND('',#1359,.T.);
#421=FACE_BOUND('',#1360,.T.);
#422=FACE_BOUND('',#1361,.T.);
#423=FACE_BOUND('',#1362,.T.);
#424=FACE_BOUND('',#1363,.T.);
#425=FACE_BOUND('',#1364,.T.);
#426=FACE_BOUND('',#1365,.T.);
#427=FACE_BOUND('',#1366,.T.);
#428=FACE_BOUND('',#1367,.T.);
#429=FACE_BOUND('',#1368,.T.);
#430=FACE_BOUND('',#1369,.T.);
#431=FACE_BOUND('',#1370,.T.);
#432=FACE_BOUND('',#1371,.T.);
#433=FACE_BOUND('',#1372,.T.);
#434=FACE_BOUND('',#1373,.T.);
#435=FACE_BOUND('',#1374,.T.);
#436=FACE_BOUND('',#1375,.T.);
#437=FACE_BOUND('',#1376,.T.);
#438=FACE_BOUND('',#1377,.T.);
#439=FACE_BOUND('',#1378,.T.);
#440=FACE_BOUND('',#1379,.T.);
#441=FACE_BOUND('',#1380,.T.);
#442=FACE_BOUND('',#1381,.T.);
#443=FACE_BOUND('',#1382,.T.);
#444=FACE_BOUND('',#1383,.T.);
#445=FACE_BOUND('',#1384,.T.);
#446=FACE_BOUND('',#1385,.T.);
#447=FACE_BOUND('',#1386,.T.);
#448=FACE_BOUND('',#1387,.T.);
#449=FACE_BOUND('',#1388,.T.);
#450=FACE_BOUND('',#1389,.T.);
#451=FACE_BOUND('',#1390,.T.);
#452=FACE_BOUND('',#1391,.T.);
#453=FACE_BOUND('',#1392,.T.);
#454=FACE_BOUND('',#1393,.T.);
#455=FACE_BOUND('',#1394,.T.);
#456=FACE_BOUND('',#1395,.T.);
#457=FACE_BOUND('',#1396,.T.);
#458=FACE_BOUND('',#1397,.T.);
#459=FACE_BOUND('',#1398,.T.);
#460=FACE_BOUND('',#1399,.T.);
#461=FACE_BOUND('',#1400,.T.);
#462=FACE_BOUND('',#1401,.T.);
#463=FACE_BOUND('',#1402,.T.);
#464=FACE_BOUND('',#1403,.T.);
#465=FACE_BOUND('',#1404,.T.);
#466=FACE_BOUND('',#1405,.T.);
#467=FACE_BOUND('',#1406,.T.);
#468=FACE_BOUND('',#1407,.T.);
#469=FACE_BOUND('',#1408,.T.);
#470=FACE_BOUND('',#1409,.T.);
#471=FACE_BOUND('',#1410,.T.);
#472=FACE_BOUND('',#1411,.T.);
#473=FACE_BOUND('',#1412,.T.);
#474=FACE_BOUND('',#1413,.T.);
#475=FACE_BOUND('',#1414,.T.);
#476=FACE_BOUND('',#1415,.T.);
#477=FACE_BOUND('',#1416,.T.);
#478=FACE_BOUND('',#1417,.T.);
#479=FACE_BOUND('',#1418,.T.);
#480=FACE_BOUND('',#1419,.T.);
#481=FACE_BOUND('',#1420,.T.);
#482=FACE_BOUND('',#1421,.T.);
#483=FACE_BOUND('',#1422,.T.);
#484=FACE_BOUND('',#1423,.T.);
#485=FACE_BOUND('',#1424,.T.);
#486=FACE_BOUND('',#1425,.T.);
#487=FACE_BOUND('',#1426,.T.);
#488=FACE_BOUND('',#1427,.T.);
#489=FACE_BOUND('',#1428,.T.);
#490=FACE_BOUND('',#1429,.T.);
#491=FACE_BOUND('',#1430,.T.);
#492=FACE_BOUND('',#1431,.T.);
#493=FACE_BOUND('',#1432,.T.);
#494=FACE_BOUND('',#1433,.T.);
#495=FACE_BOUND('',#1434,.T.);
#496=FACE_BOUND('',#1435,.T.);
#497=FACE_BOUND('',#1436,.T.);
#498=FACE_BOUND('',#1437,.T.);
#499=FACE_BOUND('',#1438,.T.);
#500=FACE_BOUND('',#1439,.T.);
#501=FACE_BOUND('',#1440,.T.);
#502=FACE_BOUND('',#1441,.T.);
#503=FACE_BOUND('',#1442,.T.);
#504=FACE_BOUND('',#1443,.T.);
#505=FACE_BOUND('',#1444,.T.);
#506=FACE_BOUND('',#1445,.T.);
#507=FACE_BOUND('',#1446,.T.);
#508=FACE_BOUND('',#1763,.T.);
#509=FACE_BOUND('',#1764,.T.);
#510=FACE_BOUND('',#1765,.T.);
#511=FACE_BOUND('',#1766,.T.);
#512=FACE_BOUND('',#1767,.T.);
#513=FACE_BOUND('',#1768,.T.);
#514=FACE_BOUND('',#1769,.T.);
#515=FACE_BOUND('',#1770,.T.);
#516=FACE_BOUND('',#1771,.T.);
#517=FACE_BOUND('',#1772,.T.);
#518=FACE_BOUND('',#1773,.T.);
#519=FACE_BOUND('',#1774,.T.);
#520=FACE_BOUND('',#1775,.T.);
#521=FACE_BOUND('',#1776,.T.);
#522=FACE_BOUND('',#1777,.T.);
#523=FACE_BOUND('',#1779,.T.);
#524=FACE_BOUND('',#1782,.T.);
#525=FACE_BOUND('',#1785,.T.);
#526=FACE_BOUND('',#1788,.T.);
#527=FACE_BOUND('',#1791,.T.);
#528=FACE_BOUND('',#1794,.T.);
#529=FACE_BOUND('',#1797,.T.);
#530=FACE_BOUND('',#1800,.T.);
#531=FACE_BOUND('',#1803,.T.);
#532=FACE_BOUND('',#1814,.T.);
#533=FACE_BOUND('',#1817,.T.);
#534=FACE_BOUND('',#1820,.T.);
#535=FACE_BOUND('',#1823,.T.);
#536=FACE_BOUND('',#1826,.T.);
#537=FACE_BOUND('',#1829,.T.);
#538=FACE_BOUND('',#1832,.T.);
#539=FACE_BOUND('',#1835,.T.);
#540=FACE_BOUND('',#1838,.T.);
#541=FACE_BOUND('',#1841,.T.);
#542=FACE_BOUND('',#1844,.T.);
#543=FACE_BOUND('',#1847,.T.);
#544=FACE_BOUND('',#1850,.T.);
#545=FACE_BOUND('',#1853,.T.);
#546=FACE_BOUND('',#1856,.T.);
#547=FACE_BOUND('',#1859,.T.);
#548=FACE_BOUND('',#1862,.T.);
#549=FACE_BOUND('',#1865,.T.);
#550=FACE_BOUND('',#1874,.T.);
#551=FACE_BOUND('',#1877,.T.);
#552=FACE_BOUND('',#1880,.T.);
#553=FACE_BOUND('',#1883,.T.);
#554=FACE_BOUND('',#1886,.T.);
#555=FACE_BOUND('',#1889,.T.);
#556=FACE_BOUND('',#1892,.T.);
#557=FACE_BOUND('',#1895,.T.);
#558=FACE_BOUND('',#1898,.T.);
#559=FACE_BOUND('',#1901,.T.);
#560=PLANE('',#8715);
#561=PLANE('',#8716);
#562=PLANE('',#8717);
#563=PLANE('',#8835);
#564=PLANE('',#8836);
#565=PLANE('',#9616);
#566=PLANE('',#9619);
#567=PLANE('',#9622);
#568=PLANE('',#9625);
#569=PLANE('',#9628);
#570=PLANE('',#9631);
#571=PLANE('',#9634);
#572=PLANE('',#9637);
#573=PLANE('',#9640);
#574=PLANE('',#9643);
#575=PLANE('',#9646);
#576=PLANE('',#9649);
#577=PLANE('',#9652);
#578=PLANE('',#9655);
#579=PLANE('',#9658);
#580=PLANE('',#9661);
#581=PLANE('',#9664);
#582=PLANE('',#9667);
#583=PLANE('',#9670);
#584=PLANE('',#9673);
#585=PLANE('',#9676);
#586=PLANE('',#9679);
#587=PLANE('',#9682);
#588=PLANE('',#9685);
#589=PLANE('',#9688);
#590=PLANE('',#9691);
#591=PLANE('',#9694);
#592=PLANE('',#9697);
#593=PLANE('',#9700);
#594=PLANE('',#9703);
#595=PLANE('',#9706);
#596=PLANE('',#9709);
#597=PLANE('',#9712);
#598=PLANE('',#9715);
#599=PLANE('',#9718);
#600=PLANE('',#9721);
#601=PLANE('',#9724);
#602=PLANE('',#9727);
#603=PLANE('',#9730);
#604=PLANE('',#9733);
#605=PLANE('',#9736);
#606=PLANE('',#9739);
#607=PLANE('',#9742);
#608=PLANE('',#9745);
#609=PLANE('',#9748);
#610=B_SPLINE_SURFACE_WITH_KNOTS('',3,3,((#14278,#14279,#14280,#14281,#14282,
#14283,#14284,#14285,#14286,#14287,#14288,#14289,#14290,#14291),(#14292,
#14293,#14294,#14295,#14296,#14297,#14298,#14299,#14300,#14301,#14302,#14303,
#14304,#14305),(#14306,#14307,#14308,#14309,#14310,#14311,#14312,#14313,
#14314,#14315,#14316,#14317,#14318,#14319),(#14320,#14321,#14322,#14323,
#14324,#14325,#14326,#14327,#14328,#14329,#14330,#14331,#14332,#14333),
(#14334,#14335,#14336,#14337,#14338,#14339,#14340,#14341,#14342,#14343,
#14344,#14345,#14346,#14347)),.UNSPECIFIED.,.F.,.F.,.F.,(4,1,4),(4,1,1,
1,1,1,1,1,1,1,1,4),(0.,0.571428571428571,1.),(0.,0.885958224607794,1.77191644921559,
2.65787467382338,3.54383289843118,5.31574934764677,7.08766579686236,8.85958224607794,
9.74554047068574,10.6314986952935,11.5174569199013,12.4034151445091),
 .UNSPECIFIED.);
#611=B_SPLINE_SURFACE_WITH_KNOTS('',3,3,((#14388,#14389,#14390,#14391,#14392,
#14393,#14394,#14395,#14396,#14397,#14398,#14399,#14400,#14401),(#14402,
#14403,#14404,#14405,#14406,#14407,#14408,#14409,#14410,#14411,#14412,#14413,
#14414,#14415),(#14416,#14417,#14418,#14419,#14420,#14421,#14422,#14423,
#14424,#14425,#14426,#14427,#14428,#14429),(#14430,#14431,#14432,#14433,
#14434,#14435,#14436,#14437,#14438,#14439,#14440,#14441,#14442,#14443),
(#14444,#14445,#14446,#14447,#14448,#14449,#14450,#14451,#14452,#14453,
#14454,#14455,#14456,#14457)),.UNSPECIFIED.,.F.,.F.,.F.,(4,1,4),(4,1,1,
1,1,1,1,1,1,1,1,4),(0.,0.571428571428571,1.),(0.,0.885958224607788,1.77191644921558,
2.65787467382336,3.54383289843115,5.31574934764673,7.08766579686231,8.85958224607788,
9.74554047068567,10.6314986952935,11.5174569199012,12.403415144509),
 .UNSPECIFIED.);
#612=B_SPLINE_SURFACE_WITH_KNOTS('',3,3,((#14495,#14496,#14497,#14498,#14499,
#14500,#14501,#14502,#14503,#14504,#14505,#14506,#14507,#14508,#14509,#14510),
(#14511,#14512,#14513,#14514,#14515,#14516,#14517,#14518,#14519,#14520,
#14521,#14522,#14523,#14524,#14525,#14526),(#14527,#14528,#14529,#14530,
#14531,#14532,#14533,#14534,#14535,#14536,#14537,#14538,#14539,#14540,#14541,
#14542),(#14543,#14544,#14545,#14546,#14547,#14548,#14549,#14550,#14551,
#14552,#14553,#14554,#14555,#14556,#14557,#14558),(#14559,#14560,#14561,
#14562,#14563,#14564,#14565,#14566,#14567,#14568,#14569,#14570,#14571,#14572,
#14573,#14574)),.UNSPECIFIED.,.F.,.F.,.F.,(4,1,4),(4,1,1,1,1,1,1,1,1,1,
1,1,1,4),(0.,0.571428571428571,1.),(1.2490009027032E-17,0.885958224607793,
1.77191644921559,2.65787467382338,3.54383289843117,5.31574934764676,7.08766579686235,
7.97362402147014,8.41660313377404,8.85958224607793,9.74554047068573,10.6314986952935,
11.5174569199013,12.4034151445091),.UNSPECIFIED.);
#613=B_SPLINE_SURFACE_WITH_KNOTS('',3,3,((#14616,#14617,#14618,#14619,#14620,
#14621,#14622,#14623,#14624,#14625,#14626,#14627,#14628,#14629),(#14630,
#14631,#14632,#14633,#14634,#14635,#14636,#14637,#14638,#14639,#14640,#14641,
#14642,#14643),(#14644,#14645,#14646,#14647,#14648,#14649,#14650,#14651,
#14652,#14653,#14654,#14655,#14656,#14657),(#14658,#14659,#14660,#14661,
#14662,#14663,#14664,#14665,#14666,#14667,#14668,#14669,#14670,#14671),
(#14672,#14673,#14674,#14675,#14676,#14677,#14678,#14679,#14680,#14681,
#14682,#14683,#14684,#14685)),.UNSPECIFIED.,.F.,.F.,.F.,(4,1,4),(4,1,1,
1,1,1,1,1,1,1,1,4),(0.,0.571428571428571,1.),(0.,0.885958224607795,1.77191644921559,
2.65787467382339,3.54383289843118,5.31574934764677,7.08766579686236,8.85958224607795,
9.74554047068575,10.6314986952935,11.5174569199013,12.4034151445091),
 .UNSPECIFIED.);
#614=B_SPLINE_SURFACE_WITH_KNOTS('',3,3,((#14726,#14727,#14728,#14729),
(#14730,#14731,#14732,#14733),(#14734,#14735,#14736,#14737),(#14738,#14739,
#14740,#14741),(#14742,#14743,#14744,#14745),(#14746,#14747,#14748,#14749),
(#14750,#14751,#14752,#14753),(#14754,#14755,#14756,#14757),(#14758,#14759,
#14760,#14761),(#14762,#14763,#14764,#14765)),.UNSPECIFIED.,.F.,.F.,.F.,
(4,1,1,1,1,1,1,4),(4,4),(0.,0.142857142857143,0.285714285714286,0.428571428571429,
0.571428571428571,0.714285714285714,0.857142857142857,1.),(0.2,1.6),
 .UNSPECIFIED.);
#615=B_SPLINE_SURFACE_WITH_KNOTS('',3,3,((#14786,#14787,#14788,#14789),
(#14790,#14791,#14792,#14793),(#14794,#14795,#14796,#14797),(#14798,#14799,
#14800,#14801),(#14802,#14803,#14804,#14805),(#14806,#14807,#14808,#14809),
(#14810,#14811,#14812,#14813),(#14814,#14815,#14816,#14817),(#14818,#14819,
#14820,#14821),(#14822,#14823,#14824,#14825)),.UNSPECIFIED.,.F.,.F.,.F.,
(4,1,1,1,1,1,1,4),(4,4),(0.,0.142857142857143,0.285714285714286,0.428571428571429,
0.571428571428571,0.714285714285714,0.857142857142857,1.),(0.2,1.6),
 .UNSPECIFIED.);
#616=B_SPLINE_SURFACE_WITH_KNOTS('',3,3,((#15052,#15053,#15054,#15055,#15056,
#15057,#15058,#15059,#15060,#15061,#15062,#15063,#15064,#15065,#15066,#15067),
(#15068,#15069,#15070,#15071,#15072,#15073,#15074,#15075,#15076,#15077,
#15078,#15079,#15080,#15081,#15082,#15083),(#15084,#15085,#15086,#15087,
#15088,#15089,#15090,#15091,#15092,#15093,#15094,#15095,#15096,#15097,#15098,
#15099),(#15100,#15101,#15102,#15103,#15104,#15105,#15106,#15107,#15108,
#15109,#15110,#15111,#15112,#15113,#15114,#15115),(#15116,#15117,#15118,
#15119,#15120,#15121,#15122,#15123,#15124,#15125,#15126,#15127,#15128,#15129,
#15130,#15131)),.UNSPECIFIED.,.F.,.F.,.F.,(4,1,4),(4,1,1,1,1,1,1,1,1,1,
1,1,1,4),(0.,0.571428571428571,1.),(0.,0.885958224607794,1.77191644921559,
2.65787467382338,3.54383289843118,5.31574934764676,7.08766579686235,7.97362402147015,
8.41660313377404,8.85958224607794,9.74554047068573,10.6314986952935,11.5174569199013,
12.4034151445091),.UNSPECIFIED.);
#617=B_SPLINE_SURFACE_WITH_KNOTS('',3,3,((#15175,#15176,#15177,#15178,#15179,
#15180,#15181,#15182,#15183,#15184,#15185,#15186,#15187),(#15188,#15189,
#15190,#15191,#15192,#15193,#15194,#15195,#15196,#15197,#15198,#15199,#15200),
(#15201,#15202,#15203,#15204,#15205,#15206,#15207,#15208,#15209,#15210,
#15211,#15212,#15213),(#15214,#15215,#15216,#15217,#15218,#15219,#15220,
#15221,#15222,#15223,#15224,#15225,#15226),(#15227,#15228,#15229,#15230,
#15231,#15232,#15233,#15234,#15235,#15236,#15237,#15238,#15239)),
 .UNSPECIFIED.,.F.,.F.,.F.,(4,1,4),(4,1,1,1,1,1,1,1,1,1,4),(0.,0.571428571428571,
1.),(0.,0.885958224607794,1.77191644921559,3.54383289843118,5.31574934764677,
7.08766579686236,8.85958224607795,9.74554047068574,10.6314986952935,11.5174569199013,
12.4034151445091),.UNSPECIFIED.);
#618=B_SPLINE_SURFACE_WITH_KNOTS('',3,3,((#15259,#15260,#15261,#15262,#15263,
#15264,#15265,#15266,#15267,#15268,#15269,#15270,#15271,#15272),(#15273,
#15274,#15275,#15276,#15277,#15278,#15279,#15280,#15281,#15282,#15283,#15284,
#15285,#15286),(#15287,#15288,#15289,#15290,#15291,#15292,#15293,#15294,
#15295,#15296,#15297,#15298,#15299,#15300),(#15301,#15302,#15303,#15304,
#15305,#15306,#15307,#15308,#15309,#15310,#15311,#15312,#15313,#15314),
(#15315,#15316,#15317,#15318,#15319,#15320,#15321,#15322,#15323,#15324,
#15325,#15326,#15327,#15328)),.UNSPECIFIED.,.F.,.F.,.F.,(4,1,4),(4,1,1,
1,1,1,1,1,1,1,1,4),(0.,0.571428571428571,1.),(1.2707890295616E-14,0.885958224607808,
1.7719164492156,2.6578746738234,3.54383289843119,5.31574934764678,7.08766579686237,
8.85958224607796,9.74554047068576,10.6314986952936,11.5174569199013,12.4034151445091),
 .UNSPECIFIED.);
#619=B_SPLINE_SURFACE_WITH_KNOTS('',3,3,((#15349,#15350,#15351,#15352,#15353,
#15354,#15355,#15356,#15357,#15358,#15359,#15360,#15361,#15362,#15363,#15364),
(#15365,#15366,#15367,#15368,#15369,#15370,#15371,#15372,#15373,#15374,
#15375,#15376,#15377,#15378,#15379,#15380),(#15381,#15382,#15383,#15384,
#15385,#15386,#15387,#15388,#15389,#15390,#15391,#15392,#15393,#15394,#15395,
#15396),(#15397,#15398,#15399,#15400,#15401,#15402,#15403,#15404,#15405,
#15406,#15407,#15408,#15409,#15410,#15411,#15412),(#15413,#15414,#15415,
#15416,#15417,#15418,#15419,#15420,#15421,#15422,#15423,#15424,#15425,#15426,
#15427,#15428)),.UNSPECIFIED.,.F.,.F.,.F.,(4,1,4),(4,1,1,1,1,1,1,1,1,1,
1,1,1,4),(0.,0.571428571428571,1.),(1.58900670399506E-15,0.885958224607794,
1.77191644921559,2.65787467382338,3.54383289843117,3.98681201073507,5.31574934764675,
6.20170757225455,7.08766579686234,7.97362402147013,8.63809268992597,8.85958224607792,
10.6314986952935,12.4034151445091),.UNSPECIFIED.);
#620=B_SPLINE_SURFACE_WITH_KNOTS('',3,3,((#15467,#15468,#15469,#15470),
(#15471,#15472,#15473,#15474),(#15475,#15476,#15477,#15478),(#15479,#15480,
#15481,#15482),(#15483,#15484,#15485,#15486),(#15487,#15488,#15489,#15490),
(#15491,#15492,#15493,#15494),(#15495,#15496,#15497,#15498),(#15499,#15500,
#15501,#15502),(#15503,#15504,#15505,#15506)),.UNSPECIFIED.,.F.,.F.,.F.,
(4,1,1,1,1,1,1,4),(4,4),(0.,0.142857142857143,0.285714285714286,0.428571428571429,
0.571428571428571,0.714285714285714,0.857142857142857,1.),(0.2,1.6),
 .UNSPECIFIED.);
#621=B_SPLINE_SURFACE_WITH_KNOTS('',3,3,((#15510,#15511,#15512,#15513),
(#15514,#15515,#15516,#15517),(#15518,#15519,#15520,#15521),(#15522,#15523,
#15524,#15525),(#15526,#15527,#15528,#15529),(#15530,#15531,#15532,#15533),
(#15534,#15535,#15536,#15537),(#15538,#15539,#15540,#15541),(#15542,#15543,
#15544,#15545),(#15546,#15547,#15548,#15549)),.UNSPECIFIED.,.F.,.F.,.F.,
(4,1,1,1,1,1,1,4),(4,4),(0.,0.142857142857143,0.285714285714286,0.428571428571429,
0.571428571428571,0.714285714285714,0.857142857142857,1.),(0.2,1.6),
 .UNSPECIFIED.);
#622=FACE_OUTER_BOUND('',#1095,.T.);
#623=FACE_OUTER_BOUND('',#1096,.T.);
#624=FACE_OUTER_BOUND('',#1097,.T.);
#625=FACE_OUTER_BOUND('',#1098,.T.);
#626=FACE_OUTER_BOUND('',#1099,.T.);
#627=FACE_OUTER_BOUND('',#1100,.T.);
#628=FACE_OUTER_BOUND('',#1101,.T.);
#629=FACE_OUTER_BOUND('',#1102,.T.);
#630=FACE_OUTER_BOUND('',#1103,.T.);
#631=FACE_OUTER_BOUND('',#1104,.T.);
#632=FACE_OUTER_BOUND('',#1105,.T.);
#633=FACE_OUTER_BOUND('',#1106,.T.);
#634=FACE_OUTER_BOUND('',#1107,.T.);
#635=FACE_OUTER_BOUND('',#1108,.T.);
#636=FACE_OUTER_BOUND('',#1109,.T.);
#637=FACE_OUTER_BOUND('',#1110,.T.);
#638=FACE_OUTER_BOUND('',#1111,.T.);
#639=FACE_OUTER_BOUND('',#1112,.T.);
#640=FACE_OUTER_BOUND('',#1113,.T.);
#641=FACE_OUTER_BOUND('',#1114,.T.);
#642=FACE_OUTER_BOUND('',#1115,.T.);
#643=FACE_OUTER_BOUND('',#1116,.T.);
#644=FACE_OUTER_BOUND('',#1117,.T.);
#645=FACE_OUTER_BOUND('',#1118,.T.);
#646=FACE_OUTER_BOUND('',#1119,.T.);
#647=FACE_OUTER_BOUND('',#1120,.T.);
#648=FACE_OUTER_BOUND('',#1121,.T.);
#649=FACE_OUTER_BOUND('',#1122,.T.);
#650=FACE_OUTER_BOUND('',#1123,.T.);
#651=FACE_OUTER_BOUND('',#1124,.T.);
#652=FACE_OUTER_BOUND('',#1125,.T.);
#653=FACE_OUTER_BOUND('',#1126,.T.);
#654=FACE_OUTER_BOUND('',#1127,.T.);
#655=FACE_OUTER_BOUND('',#1128,.T.);
#656=FACE_OUTER_BOUND('',#1129,.T.);
#657=FACE_OUTER_BOUND('',#1130,.T.);
#658=FACE_OUTER_BOUND('',#1131,.T.);
#659=FACE_OUTER_BOUND('',#1132,.T.);
#660=FACE_OUTER_BOUND('',#1133,.T.);
#661=FACE_OUTER_BOUND('',#1134,.T.);
#662=FACE_OUTER_BOUND('',#1135,.T.);
#663=FACE_OUTER_BOUND('',#1136,.T.);
#664=FACE_OUTER_BOUND('',#1137,.T.);
#665=FACE_OUTER_BOUND('',#1138,.T.);
#666=FACE_OUTER_BOUND('',#1139,.T.);
#667=FACE_OUTER_BOUND('',#1140,.T.);
#668=FACE_OUTER_BOUND('',#1141,.T.);
#669=FACE_OUTER_BOUND('',#1142,.T.);
#670=FACE_OUTER_BOUND('',#1143,.T.);
#671=FACE_OUTER_BOUND('',#1144,.T.);
#672=FACE_OUTER_BOUND('',#1145,.T.);
#673=FACE_OUTER_BOUND('',#1146,.T.);
#674=FACE_OUTER_BOUND('',#1147,.T.);
#675=FACE_OUTER_BOUND('',#1163,.T.);
#676=FACE_OUTER_BOUND('',#1164,.T.);
#677=FACE_OUTER_BOUND('',#1172,.T.);
#678=FACE_OUTER_BOUND('',#1173,.T.);
#679=FACE_OUTER_BOUND('',#1279,.T.);
#680=FACE_OUTER_BOUND('',#1280,.T.);
#681=FACE_OUTER_BOUND('',#1281,.T.);
#682=FACE_OUTER_BOUND('',#1282,.T.);
#683=FACE_OUTER_BOUND('',#1283,.T.);
#684=FACE_OUTER_BOUND('',#1284,.T.);
#685=FACE_OUTER_BOUND('',#1285,.T.);
#686=FACE_OUTER_BOUND('',#1286,.T.);
#687=FACE_OUTER_BOUND('',#1287,.T.);
#688=FACE_OUTER_BOUND('',#1288,.T.);
#689=FACE_OUTER_BOUND('',#1296,.T.);
#690=FACE_OUTER_BOUND('',#1297,.T.);
#691=FACE_OUTER_BOUND('',#1447,.T.);
#692=FACE_OUTER_BOUND('',#1448,.T.);
#693=FACE_OUTER_BOUND('',#1449,.T.);
#694=FACE_OUTER_BOUND('',#1450,.T.);
#695=FACE_OUTER_BOUND('',#1451,.T.);
#696=FACE_OUTER_BOUND('',#1452,.T.);
#697=FACE_OUTER_BOUND('',#1453,.T.);
#698=FACE_OUTER_BOUND('',#1454,.T.);
#699=FACE_OUTER_BOUND('',#1455,.T.);
#700=FACE_OUTER_BOUND('',#1456,.T.);
#701=FACE_OUTER_BOUND('',#1457,.T.);
#702=FACE_OUTER_BOUND('',#1458,.T.);
#703=FACE_OUTER_BOUND('',#1459,.T.);
#704=FACE_OUTER_BOUND('',#1460,.T.);
#705=FACE_OUTER_BOUND('',#1461,.T.);
#706=FACE_OUTER_BOUND('',#1462,.T.);
#707=FACE_OUTER_BOUND('',#1463,.T.);
#708=FACE_OUTER_BOUND('',#1464,.T.);
#709=FACE_OUTER_BOUND('',#1465,.T.);
#710=FACE_OUTER_BOUND('',#1466,.T.);
#711=FACE_OUTER_BOUND('',#1467,.T.);
#712=FACE_OUTER_BOUND('',#1468,.T.);
#713=FACE_OUTER_BOUND('',#1469,.T.);
#714=FACE_OUTER_BOUND('',#1470,.T.);
#715=FACE_OUTER_BOUND('',#1471,.T.);
#716=FACE_OUTER_BOUND('',#1472,.T.);
#717=FACE_OUTER_BOUND('',#1473,.T.);
#718=FACE_OUTER_BOUND('',#1474,.T.);
#719=FACE_OUTER_BOUND('',#1475,.T.);
#720=FACE_OUTER_BOUND('',#1476,.T.);
#721=FACE_OUTER_BOUND('',#1477,.T.);
#722=FACE_OUTER_BOUND('',#1478,.T.);
#723=FACE_OUTER_BOUND('',#1479,.T.);
#724=FACE_OUTER_BOUND('',#1480,.T.);
#725=FACE_OUTER_BOUND('',#1481,.T.);
#726=FACE_OUTER_BOUND('',#1482,.T.);
#727=FACE_OUTER_BOUND('',#1483,.T.);
#728=FACE_OUTER_BOUND('',#1484,.T.);
#729=FACE_OUTER_BOUND('',#1485,.T.);
#730=FACE_OUTER_BOUND('',#1486,.T.);
#731=FACE_OUTER_BOUND('',#1487,.T.);
#732=FACE_OUTER_BOUND('',#1488,.T.);
#733=FACE_OUTER_BOUND('',#1489,.T.);
#734=FACE_OUTER_BOUND('',#1490,.T.);
#735=FACE_OUTER_BOUND('',#1491,.T.);
#736=FACE_OUTER_BOUND('',#1492,.T.);
#737=FACE_OUTER_BOUND('',#1493,.T.);
#738=FACE_OUTER_BOUND('',#1494,.T.);
#739=FACE_OUTER_BOUND('',#1495,.T.);
#740=FACE_OUTER_BOUND('',#1496,.T.);
#741=FACE_OUTER_BOUND('',#1497,.T.);
#742=FACE_OUTER_BOUND('',#1498,.T.);
#743=FACE_OUTER_BOUND('',#1499,.T.);
#744=FACE_OUTER_BOUND('',#1500,.T.);
#745=FACE_OUTER_BOUND('',#1501,.T.);
#746=FACE_OUTER_BOUND('',#1502,.T.);
#747=FACE_OUTER_BOUND('',#1503,.T.);
#748=FACE_OUTER_BOUND('',#1504,.T.);
#749=FACE_OUTER_BOUND('',#1505,.T.);
#750=FACE_OUTER_BOUND('',#1506,.T.);
#751=FACE_OUTER_BOUND('',#1507,.T.);
#752=FACE_OUTER_BOUND('',#1508,.T.);
#753=FACE_OUTER_BOUND('',#1509,.T.);
#754=FACE_OUTER_BOUND('',#1510,.T.);
#755=FACE_OUTER_BOUND('',#1511,.T.);
#756=FACE_OUTER_BOUND('',#1512,.T.);
#757=FACE_OUTER_BOUND('',#1513,.T.);
#758=FACE_OUTER_BOUND('',#1514,.T.);
#759=FACE_OUTER_BOUND('',#1515,.T.);
#760=FACE_OUTER_BOUND('',#1516,.T.);
#761=FACE_OUTER_BOUND('',#1517,.T.);
#762=FACE_OUTER_BOUND('',#1518,.T.);
#763=FACE_OUTER_BOUND('',#1519,.T.);
#764=FACE_OUTER_BOUND('',#1520,.T.);
#765=FACE_OUTER_BOUND('',#1521,.T.);
#766=FACE_OUTER_BOUND('',#1522,.T.);
#767=FACE_OUTER_BOUND('',#1523,.T.);
#768=FACE_OUTER_BOUND('',#1524,.T.);
#769=FACE_OUTER_BOUND('',#1525,.T.);
#770=FACE_OUTER_BOUND('',#1526,.T.);
#771=FACE_OUTER_BOUND('',#1527,.T.);
#772=FACE_OUTER_BOUND('',#1528,.T.);
#773=FACE_OUTER_BOUND('',#1529,.T.);
#774=FACE_OUTER_BOUND('',#1530,.T.);
#775=FACE_OUTER_BOUND('',#1531,.T.);
#776=FACE_OUTER_BOUND('',#1532,.T.);
#777=FACE_OUTER_BOUND('',#1533,.T.);
#778=FACE_OUTER_BOUND('',#1534,.T.);
#779=FACE_OUTER_BOUND('',#1535,.T.);
#780=FACE_OUTER_BOUND('',#1536,.T.);
#781=FACE_OUTER_BOUND('',#1537,.T.);
#782=FACE_OUTER_BOUND('',#1538,.T.);
#783=FACE_OUTER_BOUND('',#1539,.T.);
#784=FACE_OUTER_BOUND('',#1540,.T.);
#785=FACE_OUTER_BOUND('',#1541,.T.);
#786=FACE_OUTER_BOUND('',#1542,.T.);
#787=FACE_OUTER_BOUND('',#1543,.T.);
#788=FACE_OUTER_BOUND('',#1544,.T.);
#789=FACE_OUTER_BOUND('',#1545,.T.);
#790=FACE_OUTER_BOUND('',#1546,.T.);
#791=FACE_OUTER_BOUND('',#1547,.T.);
#792=FACE_OUTER_BOUND('',#1548,.T.);
#793=FACE_OUTER_BOUND('',#1549,.T.);
#794=FACE_OUTER_BOUND('',#1550,.T.);
#795=FACE_OUTER_BOUND('',#1551,.T.);
#796=FACE_OUTER_BOUND('',#1552,.T.);
#797=FACE_OUTER_BOUND('',#1553,.T.);
#798=FACE_OUTER_BOUND('',#1554,.T.);
#799=FACE_OUTER_BOUND('',#1555,.T.);
#800=FACE_OUTER_BOUND('',#1556,.T.);
#801=FACE_OUTER_BOUND('',#1557,.T.);
#802=FACE_OUTER_BOUND('',#1558,.T.);
#803=FACE_OUTER_BOUND('',#1559,.T.);
#804=FACE_OUTER_BOUND('',#1560,.T.);
#805=FACE_OUTER_BOUND('',#1561,.T.);
#806=FACE_OUTER_BOUND('',#1562,.T.);
#807=FACE_OUTER_BOUND('',#1563,.T.);
#808=FACE_OUTER_BOUND('',#1564,.T.);
#809=FACE_OUTER_BOUND('',#1565,.T.);
#810=FACE_OUTER_BOUND('',#1566,.T.);
#811=FACE_OUTER_BOUND('',#1567,.T.);
#812=FACE_OUTER_BOUND('',#1568,.T.);
#813=FACE_OUTER_BOUND('',#1569,.T.);
#814=FACE_OUTER_BOUND('',#1570,.T.);
#815=FACE_OUTER_BOUND('',#1571,.T.);
#816=FACE_OUTER_BOUND('',#1572,.T.);
#817=FACE_OUTER_BOUND('',#1573,.T.);
#818=FACE_OUTER_BOUND('',#1574,.T.);
#819=FACE_OUTER_BOUND('',#1575,.T.);
#820=FACE_OUTER_BOUND('',#1576,.T.);
#821=FACE_OUTER_BOUND('',#1577,.T.);
#822=FACE_OUTER_BOUND('',#1578,.T.);
#823=FACE_OUTER_BOUND('',#1579,.T.);
#824=FACE_OUTER_BOUND('',#1580,.T.);
#825=FACE_OUTER_BOUND('',#1581,.T.);
#826=FACE_OUTER_BOUND('',#1582,.T.);
#827=FACE_OUTER_BOUND('',#1583,.T.);
#828=FACE_OUTER_BOUND('',#1584,.T.);
#829=FACE_OUTER_BOUND('',#1585,.T.);
#830=FACE_OUTER_BOUND('',#1586,.T.);
#831=FACE_OUTER_BOUND('',#1587,.T.);
#832=FACE_OUTER_BOUND('',#1588,.T.);
#833=FACE_OUTER_BOUND('',#1589,.T.);
#834=FACE_OUTER_BOUND('',#1590,.T.);
#835=FACE_OUTER_BOUND('',#1591,.T.);
#836=FACE_OUTER_BOUND('',#1592,.T.);
#837=FACE_OUTER_BOUND('',#1593,.T.);
#838=FACE_OUTER_BOUND('',#1594,.T.);
#839=FACE_OUTER_BOUND('',#1595,.T.);
#840=FACE_OUTER_BOUND('',#1596,.T.);
#841=FACE_OUTER_BOUND('',#1597,.T.);
#842=FACE_OUTER_BOUND('',#1598,.T.);
#843=FACE_OUTER_BOUND('',#1599,.T.);
#844=FACE_OUTER_BOUND('',#1600,.T.);
#845=FACE_OUTER_BOUND('',#1601,.T.);
#846=FACE_OUTER_BOUND('',#1602,.T.);
#847=FACE_OUTER_BOUND('',#1603,.T.);
#848=FACE_OUTER_BOUND('',#1604,.T.);
#849=FACE_OUTER_BOUND('',#1605,.T.);
#850=FACE_OUTER_BOUND('',#1606,.T.);
#851=FACE_OUTER_BOUND('',#1607,.T.);
#852=FACE_OUTER_BOUND('',#1608,.T.);
#853=FACE_OUTER_BOUND('',#1609,.T.);
#854=FACE_OUTER_BOUND('',#1610,.T.);
#855=FACE_OUTER_BOUND('',#1611,.T.);
#856=FACE_OUTER_BOUND('',#1612,.T.);
#857=FACE_OUTER_BOUND('',#1613,.T.);
#858=FACE_OUTER_BOUND('',#1614,.T.);
#859=FACE_OUTER_BOUND('',#1615,.T.);
#860=FACE_OUTER_BOUND('',#1616,.T.);
#861=FACE_OUTER_BOUND('',#1617,.T.);
#862=FACE_OUTER_BOUND('',#1618,.T.);
#863=FACE_OUTER_BOUND('',#1619,.T.);
#864=FACE_OUTER_BOUND('',#1620,.T.);
#865=FACE_OUTER_BOUND('',#1621,.T.);
#866=FACE_OUTER_BOUND('',#1622,.T.);
#867=FACE_OUTER_BOUND('',#1623,.T.);
#868=FACE_OUTER_BOUND('',#1624,.T.);
#869=FACE_OUTER_BOUND('',#1625,.T.);
#870=FACE_OUTER_BOUND('',#1626,.T.);
#871=FACE_OUTER_BOUND('',#1627,.T.);
#872=FACE_OUTER_BOUND('',#1628,.T.);
#873=FACE_OUTER_BOUND('',#1629,.T.);
#874=FACE_OUTER_BOUND('',#1630,.T.);
#875=FACE_OUTER_BOUND('',#1631,.T.);
#876=FACE_OUTER_BOUND('',#1632,.T.);
#877=FACE_OUTER_BOUND('',#1633,.T.);
#878=FACE_OUTER_BOUND('',#1634,.T.);
#879=FACE_OUTER_BOUND('',#1635,.T.);
#880=FACE_OUTER_BOUND('',#1636,.T.);
#881=FACE_OUTER_BOUND('',#1637,.T.);
#882=FACE_OUTER_BOUND('',#1638,.T.);
#883=FACE_OUTER_BOUND('',#1639,.T.);
#884=FACE_OUTER_BOUND('',#1640,.T.);
#885=FACE_OUTER_BOUND('',#1641,.T.);
#886=FACE_OUTER_BOUND('',#1642,.T.);
#887=FACE_OUTER_BOUND('',#1643,.T.);
#888=FACE_OUTER_BOUND('',#1644,.T.);
#889=FACE_OUTER_BOUND('',#1645,.T.);
#890=FACE_OUTER_BOUND('',#1646,.T.);
#891=FACE_OUTER_BOUND('',#1647,.T.);
#892=FACE_OUTER_BOUND('',#1648,.T.);
#893=FACE_OUTER_BOUND('',#1649,.T.);
#894=FACE_OUTER_BOUND('',#1650,.T.);
#895=FACE_OUTER_BOUND('',#1651,.T.);
#896=FACE_OUTER_BOUND('',#1652,.T.);
#897=FACE_OUTER_BOUND('',#1653,.T.);
#898=FACE_OUTER_BOUND('',#1654,.T.);
#899=FACE_OUTER_BOUND('',#1655,.T.);
#900=FACE_OUTER_BOUND('',#1656,.T.);
#901=FACE_OUTER_BOUND('',#1657,.T.);
#902=FACE_OUTER_BOUND('',#1658,.T.);
#903=FACE_OUTER_BOUND('',#1659,.T.);
#904=FACE_OUTER_BOUND('',#1660,.T.);
#905=FACE_OUTER_BOUND('',#1661,.T.);
#906=FACE_OUTER_BOUND('',#1662,.T.);
#907=FACE_OUTER_BOUND('',#1663,.T.);
#908=FACE_OUTER_BOUND('',#1664,.T.);
#909=FACE_OUTER_BOUND('',#1665,.T.);
#910=FACE_OUTER_BOUND('',#1666,.T.);
#911=FACE_OUTER_BOUND('',#1667,.T.);
#912=FACE_OUTER_BOUND('',#1668,.T.);
#913=FACE_OUTER_BOUND('',#1669,.T.);
#914=FACE_OUTER_BOUND('',#1670,.T.);
#915=FACE_OUTER_BOUND('',#1671,.T.);
#916=FACE_OUTER_BOUND('',#1672,.T.);
#917=FACE_OUTER_BOUND('',#1673,.T.);
#918=FACE_OUTER_BOUND('',#1674,.T.);
#919=FACE_OUTER_BOUND('',#1675,.T.);
#920=FACE_OUTER_BOUND('',#1676,.T.);
#921=FACE_OUTER_BOUND('',#1677,.T.);
#922=FACE_OUTER_BOUND('',#1678,.T.);
#923=FACE_OUTER_BOUND('',#1679,.T.);
#924=FACE_OUTER_BOUND('',#1680,.T.);
#925=FACE_OUTER_BOUND('',#1681,.T.);
#926=FACE_OUTER_BOUND('',#1682,.T.);
#927=FACE_OUTER_BOUND('',#1683,.T.);
#928=FACE_OUTER_BOUND('',#1684,.T.);
#929=FACE_OUTER_BOUND('',#1685,.T.);
#930=FACE_OUTER_BOUND('',#1686,.T.);
#931=FACE_OUTER_BOUND('',#1687,.T.);
#932=FACE_OUTER_BOUND('',#1688,.T.);
#933=FACE_OUTER_BOUND('',#1689,.T.);
#934=FACE_OUTER_BOUND('',#1690,.T.);
#935=FACE_OUTER_BOUND('',#1691,.T.);
#936=FACE_OUTER_BOUND('',#1692,.T.);
#937=FACE_OUTER_BOUND('',#1693,.T.);
#938=FACE_OUTER_BOUND('',#1694,.T.);
#939=FACE_OUTER_BOUND('',#1695,.T.);
#940=FACE_OUTER_BOUND('',#1696,.T.);
#941=FACE_OUTER_BOUND('',#1697,.T.);
#942=FACE_OUTER_BOUND('',#1698,.T.);
#943=FACE_OUTER_BOUND('',#1699,.T.);
#944=FACE_OUTER_BOUND('',#1700,.T.);
#945=FACE_OUTER_BOUND('',#1701,.T.);
#946=FACE_OUTER_BOUND('',#1702,.T.);
#947=FACE_OUTER_BOUND('',#1703,.T.);
#948=FACE_OUTER_BOUND('',#1704,.T.);
#949=FACE_OUTER_BOUND('',#1705,.T.);
#950=FACE_OUTER_BOUND('',#1706,.T.);
#951=FACE_OUTER_BOUND('',#1707,.T.);
#952=FACE_OUTER_BOUND('',#1708,.T.);
#953=FACE_OUTER_BOUND('',#1709,.T.);
#954=FACE_OUTER_BOUND('',#1710,.T.);
#955=FACE_OUTER_BOUND('',#1711,.T.);
#956=FACE_OUTER_BOUND('',#1712,.T.);
#957=FACE_OUTER_BOUND('',#1713,.T.);
#958=FACE_OUTER_BOUND('',#1714,.T.);
#959=FACE_OUTER_BOUND('',#1715,.T.);
#960=FACE_OUTER_BOUND('',#1716,.T.);
#961=FACE_OUTER_BOUND('',#1717,.T.);
#962=FACE_OUTER_BOUND('',#1718,.T.);
#963=FACE_OUTER_BOUND('',#1719,.T.);
#964=FACE_OUTER_BOUND('',#1720,.T.);
#965=FACE_OUTER_BOUND('',#1721,.T.);
#966=FACE_OUTER_BOUND('',#1722,.T.);
#967=FACE_OUTER_BOUND('',#1723,.T.);
#968=FACE_OUTER_BOUND('',#1724,.T.);
#969=FACE_OUTER_BOUND('',#1725,.T.);
#970=FACE_OUTER_BOUND('',#1726,.T.);
#971=FACE_OUTER_BOUND('',#1727,.T.);
#972=FACE_OUTER_BOUND('',#1728,.T.);
#973=FACE_OUTER_BOUND('',#1729,.T.);
#974=FACE_OUTER_BOUND('',#1730,.T.);
#975=FACE_OUTER_BOUND('',#1731,.T.);
#976=FACE_OUTER_BOUND('',#1732,.T.);
#977=FACE_OUTER_BOUND('',#1733,.T.);
#978=FACE_OUTER_BOUND('',#1734,.T.);
#979=FACE_OUTER_BOUND('',#1735,.T.);
#980=FACE_OUTER_BOUND('',#1736,.T.);
#981=FACE_OUTER_BOUND('',#1737,.T.);
#982=FACE_OUTER_BOUND('',#1738,.T.);
#983=FACE_OUTER_BOUND('',#1739,.T.);
#984=FACE_OUTER_BOUND('',#1740,.T.);
#985=FACE_OUTER_BOUND('',#1741,.T.);
#986=FACE_OUTER_BOUND('',#1742,.T.);
#987=FACE_OUTER_BOUND('',#1743,.T.);
#988=FACE_OUTER_BOUND('',#1744,.T.);
#989=FACE_OUTER_BOUND('',#1745,.T.);
#990=FACE_OUTER_BOUND('',#1746,.T.);
#991=FACE_OUTER_BOUND('',#1747,.T.);
#992=FACE_OUTER_BOUND('',#1748,.T.);
#993=FACE_OUTER_BOUND('',#1749,.T.);
#994=FACE_OUTER_BOUND('',#1750,.T.);
#995=FACE_OUTER_BOUND('',#1751,.T.);
#996=FACE_OUTER_BOUND('',#1752,.T.);
#997=FACE_OUTER_BOUND('',#1753,.T.);
#998=FACE_OUTER_BOUND('',#1754,.T.);
#999=FACE_OUTER_BOUND('',#1755,.T.);
#1000=FACE_OUTER_BOUND('',#1756,.T.);
#1001=FACE_OUTER_BOUND('',#1757,.T.);
#1002=FACE_OUTER_BOUND('',#1758,.T.);
#1003=FACE_OUTER_BOUND('',#1759,.T.);
#1004=FACE_OUTER_BOUND('',#1760,.T.);
#1005=FACE_OUTER_BOUND('',#1761,.T.);
#1006=FACE_OUTER_BOUND('',#1762,.T.);
#1007=FACE_OUTER_BOUND('',#1778,.T.);
#1008=FACE_OUTER_BOUND('',#1780,.T.);
#1009=FACE_OUTER_BOUND('',#1781,.T.);
#1010=FACE_OUTER_BOUND('',#1783,.T.);
#1011=FACE_OUTER_BOUND('',#1784,.T.);
#1012=FACE_OUTER_BOUND('',#1786,.T.);
#1013=FACE_OUTER_BOUND('',#1787,.T.);
#1014=FACE_OUTER_BOUND('',#1789,.T.);
#1015=FACE_OUTER_BOUND('',#1790,.T.);
#1016=FACE_OUTER_BOUND('',#1792,.T.);
#1017=FACE_OUTER_BOUND('',#1793,.T.);
#1018=FACE_OUTER_BOUND('',#1795,.T.);
#1019=FACE_OUTER_BOUND('',#1796,.T.);
#1020=FACE_OUTER_BOUND('',#1798,.T.);
#1021=FACE_OUTER_BOUND('',#1799,.T.);
#1022=FACE_OUTER_BOUND('',#1801,.T.);
#1023=FACE_OUTER_BOUND('',#1802,.T.);
#1024=FACE_OUTER_BOUND('',#1804,.T.);
#1025=FACE_OUTER_BOUND('',#1805,.T.);
#1026=FACE_OUTER_BOUND('',#1806,.T.);
#1027=FACE_OUTER_BOUND('',#1807,.T.);
#1028=FACE_OUTER_BOUND('',#1808,.T.);
#1029=FACE_OUTER_BOUND('',#1809,.T.);
#1030=FACE_OUTER_BOUND('',#1810,.T.);
#1031=FACE_OUTER_BOUND('',#1811,.T.);
#1032=FACE_OUTER_BOUND('',#1812,.T.);
#1033=FACE_OUTER_BOUND('',#1813,.T.);
#1034=FACE_OUTER_BOUND('',#1815,.T.);
#1035=FACE_OUTER_BOUND('',#1816,.T.);
#1036=FACE_OUTER_BOUND('',#1818,.T.);
#1037=FACE_OUTER_BOUND('',#1819,.T.);
#1038=FACE_OUTER_BOUND('',#1821,.T.);
#1039=FACE_OUTER_BOUND('',#1822,.T.);
#1040=FACE_OUTER_BOUND('',#1824,.T.);
#1041=FACE_OUTER_BOUND('',#1825,.T.);
#1042=FACE_OUTER_BOUND('',#1827,.T.);
#1043=FACE_OUTER_BOUND('',#1828,.T.);
#1044=FACE_OUTER_BOUND('',#1830,.T.);
#1045=FACE_OUTER_BOUND('',#1831,.T.);
#1046=FACE_OUTER_BOUND('',#1833,.T.);
#1047=FACE_OUTER_BOUND('',#1834,.T.);
#1048=FACE_OUTER_BOUND('',#1836,.T.);
#1049=FACE_OUTER_BOUND('',#1837,.T.);
#1050=FACE_OUTER_BOUND('',#1839,.T.);
#1051=FACE_OUTER_BOUND('',#1840,.T.);
#1052=FACE_OUTER_BOUND('',#1842,.T.);
#1053=FACE_OUTER_BOUND('',#1843,.T.);
#1054=FACE_OUTER_BOUND('',#1845,.T.);
#1055=FACE_OUTER_BOUND('',#1846,.T.);
#1056=FACE_OUTER_BOUND('',#1848,.T.);
#1057=FACE_OUTER_BOUND('',#1849,.T.);
#1058=FACE_OUTER_BOUND('',#1851,.T.);
#1059=FACE_OUTER_BOUND('',#1852,.T.);
#1060=FACE_OUTER_BOUND('',#1854,.T.);
#1061=FACE_OUTER_BOUND('',#1855,.T.);
#1062=FACE_OUTER_BOUND('',#1857,.T.);
#1063=FACE_OUTER_BOUND('',#1858,.T.);
#1064=FACE_OUTER_BOUND('',#1860,.T.);
#1065=FACE_OUTER_BOUND('',#1861,.T.);
#1066=FACE_OUTER_BOUND('',#1863,.T.);
#1067=FACE_OUTER_BOUND('',#1864,.T.);
#1068=FACE_OUTER_BOUND('',#1866,.T.);
#1069=FACE_OUTER_BOUND('',#1867,.T.);
#1070=FACE_OUTER_BOUND('',#1868,.T.);
#1071=FACE_OUTER_BOUND('',#1869,.T.);
#1072=FACE_OUTER_BOUND('',#1870,.T.);
#1073=FACE_OUTER_BOUND('',#1871,.T.);
#1074=FACE_OUTER_BOUND('',#1872,.T.);
#1075=FACE_OUTER_BOUND('',#1873,.T.);
#1076=FACE_OUTER_BOUND('',#1875,.T.);
#1077=FACE_OUTER_BOUND('',#1876,.T.);
#1078=FACE_OUTER_BOUND('',#1878,.T.);
#1079=FACE_OUTER_BOUND('',#1879,.T.);
#1080=FACE_OUTER_BOUND('',#1881,.T.);
#1081=FACE_OUTER_BOUND('',#1882,.T.);
#1082=FACE_OUTER_BOUND('',#1884,.T.);
#1083=FACE_OUTER_BOUND('',#1885,.T.);
#1084=FACE_OUTER_BOUND('',#1887,.T.);
#1085=FACE_OUTER_BOUND('',#1888,.T.);
#1086=FACE_OUTER_BOUND('',#1890,.T.);
#1087=FACE_OUTER_BOUND('',#1891,.T.);
#1088=FACE_OUTER_BOUND('',#1893,.T.);
#1089=FACE_OUTER_BOUND('',#1894,.T.);
#1090=FACE_OUTER_BOUND('',#1896,.T.);
#1091=FACE_OUTER_BOUND('',#1897,.T.);
#1092=FACE_OUTER_BOUND('',#1899,.T.);
#1093=FACE_OUTER_BOUND('',#1900,.T.);
#1094=FACE_OUTER_BOUND('',#1902,.T.);
#1095=EDGE_LOOP('',(#5512,#5513,#5514,#5515,#5516,#5517));
#1096=EDGE_LOOP('',(#5518,#5519,#5520,#5521,#5522,#5523));
#1097=EDGE_LOOP('',(#5524,#5525,#5526,#5527,#5528,#5529));
#1098=EDGE_LOOP('',(#5530,#5531,#5532,#5533,#5534,#5535));
#1099=EDGE_LOOP('',(#5536,#5537,#5538,#5539,#5540,#5541));
#1100=EDGE_LOOP('',(#5542,#5543,#5544,#5545,#5546,#5547));
#1101=EDGE_LOOP('',(#5548,#5549,#5550,#5551,#5552,#5553));
#1102=EDGE_LOOP('',(#5554,#5555,#5556,#5557));
#1103=EDGE_LOOP('',(#5558,#5559,#5560,#5561));
#1104=EDGE_LOOP('',(#5562,#5563,#5564,#5565));
#1105=EDGE_LOOP('',(#5566,#5567,#5568,#5569));
#1106=EDGE_LOOP('',(#5570,#5571,#5572,#5573));
#1107=EDGE_LOOP('',(#5574,#5575,#5576,#5577));
#1108=EDGE_LOOP('',(#5578,#5579,#5580,#5581));
#1109=EDGE_LOOP('',(#5582,#5583,#5584,#5585));
#1110=EDGE_LOOP('',(#5586,#5587,#5588,#5589));
#1111=EDGE_LOOP('',(#5590,#5591,#5592,#5593));
#1112=EDGE_LOOP('',(#5594,#5595,#5596,#5597));
#1113=EDGE_LOOP('',(#5598,#5599,#5600,#5601));
#1114=EDGE_LOOP('',(#5602,#5603,#5604,#5605));
#1115=EDGE_LOOP('',(#5606,#5607,#5608,#5609));
#1116=EDGE_LOOP('',(#5610,#5611,#5612,#5613));
#1117=EDGE_LOOP('',(#5614,#5615,#5616,#5617,#5618));
#1118=EDGE_LOOP('',(#5619,#5620,#5621,#5622,#5623));
#1119=EDGE_LOOP('',(#5624,#5625,#5626,#5627,#5628));
#1120=EDGE_LOOP('',(#5629,#5630,#5631,#5632,#5633));
#1121=EDGE_LOOP('',(#5634,#5635,#5636,#5637,#5638));
#1122=EDGE_LOOP('',(#5639,#5640,#5641,#5642,#5643));
#1123=EDGE_LOOP('',(#5644,#5645,#5646,#5647,#5648));
#1124=EDGE_LOOP('',(#5649,#5650,#5651,#5652,#5653));
#1125=EDGE_LOOP('',(#5654,#5655,#5656,#5657,#5658));
#1126=EDGE_LOOP('',(#5659,#5660,#5661,#5662,#5663));
#1127=EDGE_LOOP('',(#5664,#5665,#5666,#5667,#5668));
#1128=EDGE_LOOP('',(#5669,#5670,#5671,#5672,#5673));
#1129=EDGE_LOOP('',(#5674,#5675,#5676,#5677,#5678));
#1130=EDGE_LOOP('',(#5679,#5680,#5681,#5682,#5683));
#1131=EDGE_LOOP('',(#5684,#5685,#5686,#5687,#5688));
#1132=EDGE_LOOP('',(#5689,#5690,#5691,#5692,#5693));
#1133=EDGE_LOOP('',(#5694,#5695,#5696,#5697,#5698));
#1134=EDGE_LOOP('',(#5699,#5700,#5701,#5702,#5703));
#1135=EDGE_LOOP('',(#5704,#5705,#5706,#5707,#5708));
#1136=EDGE_LOOP('',(#5709,#5710,#5711,#5712,#5713));
#1137=EDGE_LOOP('',(#5714,#5715,#5716,#5717,#5718));
#1138=EDGE_LOOP('',(#5719,#5720,#5721,#5722,#5723));
#1139=EDGE_LOOP('',(#5724,#5725,#5726,#5727));
#1140=EDGE_LOOP('',(#5728,#5729,#5730,#5731));
#1141=EDGE_LOOP('',(#5732,#5733,#5734,#5735));
#1142=EDGE_LOOP('',(#5736,#5737,#5738,#5739));
#1143=EDGE_LOOP('',(#5740,#5741,#5742,#5743));
#1144=EDGE_LOOP('',(#5744,#5745,#5746,#5747));
#1145=EDGE_LOOP('',(#5748,#5749,#5750,#5751));
#1146=EDGE_LOOP('',(#5752,#5753,#5754,#5755));
#1147=EDGE_LOOP('',(#5756,#5757,#5758,#5759));
#1148=EDGE_LOOP('',(#5760));
#1149=EDGE_LOOP('',(#5761));
#1150=EDGE_LOOP('',(#5762));
#1151=EDGE_LOOP('',(#5763));
#1152=EDGE_LOOP('',(#5764));
#1153=EDGE_LOOP('',(#5765));
#1154=EDGE_LOOP('',(#5766));
#1155=EDGE_LOOP('',(#5767));
#1156=EDGE_LOOP('',(#5768));
#1157=EDGE_LOOP('',(#5769));
#1158=EDGE_LOOP('',(#5770));
#1159=EDGE_LOOP('',(#5771));
#1160=EDGE_LOOP('',(#5772));
#1161=EDGE_LOOP('',(#5773));
#1162=EDGE_LOOP('',(#5774));
#1163=EDGE_LOOP('',(#5775,#5776,#5777,#5778));
#1164=EDGE_LOOP('',(#5779,#5780,#5781,#5782));
#1165=EDGE_LOOP('',(#5783));
#1166=EDGE_LOOP('',(#5784));
#1167=EDGE_LOOP('',(#5785));
#1168=EDGE_LOOP('',(#5786));
#1169=EDGE_LOOP('',(#5787));
#1170=EDGE_LOOP('',(#5788));
#1171=EDGE_LOOP('',(#5789));
#1172=EDGE_LOOP('',(#5790,#5791,#5792,#5793));
#1173=EDGE_LOOP('',(#5794,#5795,#5796,#5797,#5798,#5799,#5800,#5801));
#1174=EDGE_LOOP('',(#5802));
#1175=EDGE_LOOP('',(#5803));
#1176=EDGE_LOOP('',(#5804));
#1177=EDGE_LOOP('',(#5805));
#1178=EDGE_LOOP('',(#5806));
#1179=EDGE_LOOP('',(#5807));
#1180=EDGE_LOOP('',(#5808));
#1181=EDGE_LOOP('',(#5809));
#1182=EDGE_LOOP('',(#5810));
#1183=EDGE_LOOP('',(#5811));
#1184=EDGE_LOOP('',(#5812));
#1185=EDGE_LOOP('',(#5813));
#1186=EDGE_LOOP('',(#5814));
#1187=EDGE_LOOP('',(#5815));
#1188=EDGE_LOOP('',(#5816));
#1189=EDGE_LOOP('',(#5817));
#1190=EDGE_LOOP('',(#5818));
#1191=EDGE_LOOP('',(#5819));
#1192=EDGE_LOOP('',(#5820));
#1193=EDGE_LOOP('',(#5821));
#1194=EDGE_LOOP('',(#5822));
#1195=EDGE_LOOP('',(#5823));
#1196=EDGE_LOOP('',(#5824));
#1197=EDGE_LOOP('',(#5825));
#1198=EDGE_LOOP('',(#5826));
#1199=EDGE_LOOP('',(#5827));
#1200=EDGE_LOOP('',(#5828));
#1201=EDGE_LOOP('',(#5829));
#1202=EDGE_LOOP('',(#5830));
#1203=EDGE_LOOP('',(#5831));
#1204=EDGE_LOOP('',(#5832));
#1205=EDGE_LOOP('',(#5833));
#1206=EDGE_LOOP('',(#5834));
#1207=EDGE_LOOP('',(#5835));
#1208=EDGE_LOOP('',(#5836));
#1209=EDGE_LOOP('',(#5837));
#1210=EDGE_LOOP('',(#5838));
#1211=EDGE_LOOP('',(#5839));
#1212=EDGE_LOOP('',(#5840));
#1213=EDGE_LOOP('',(#5841));
#1214=EDGE_LOOP('',(#5842));
#1215=EDGE_LOOP('',(#5843));
#1216=EDGE_LOOP('',(#5844));
#1217=EDGE_LOOP('',(#5845));
#1218=EDGE_LOOP('',(#5846));
#1219=EDGE_LOOP('',(#5847));
#1220=EDGE_LOOP('',(#5848));
#1221=EDGE_LOOP('',(#5849));
#1222=EDGE_LOOP('',(#5850));
#1223=EDGE_LOOP('',(#5851));
#1224=EDGE_LOOP('',(#5852));
#1225=EDGE_LOOP('',(#5853));
#1226=EDGE_LOOP('',(#5854));
#1227=EDGE_LOOP('',(#5855));
#1228=EDGE_LOOP('',(#5856));
#1229=EDGE_LOOP('',(#5857));
#1230=EDGE_LOOP('',(#5858));
#1231=EDGE_LOOP('',(#5859));
#1232=EDGE_LOOP('',(#5860));
#1233=EDGE_LOOP('',(#5861));
#1234=EDGE_LOOP('',(#5862));
#1235=EDGE_LOOP('',(#5863));
#1236=EDGE_LOOP('',(#5864));
#1237=EDGE_LOOP('',(#5865));
#1238=EDGE_LOOP('',(#5866));
#1239=EDGE_LOOP('',(#5867));
#1240=EDGE_LOOP('',(#5868));
#1241=EDGE_LOOP('',(#5869));
#1242=EDGE_LOOP('',(#5870));
#1243=EDGE_LOOP('',(#5871));
#1244=EDGE_LOOP('',(#5872));
#1245=EDGE_LOOP('',(#5873));
#1246=EDGE_LOOP('',(#5874));
#1247=EDGE_LOOP('',(#5875));
#1248=EDGE_LOOP('',(#5876));
#1249=EDGE_LOOP('',(#5877));
#1250=EDGE_LOOP('',(#5878));
#1251=EDGE_LOOP('',(#5879));
#1252=EDGE_LOOP('',(#5880));
#1253=EDGE_LOOP('',(#5881));
#1254=EDGE_LOOP('',(#5882));
#1255=EDGE_LOOP('',(#5883));
#1256=EDGE_LOOP('',(#5884));
#1257=EDGE_LOOP('',(#5885));
#1258=EDGE_LOOP('',(#5886));
#1259=EDGE_LOOP('',(#5887));
#1260=EDGE_LOOP('',(#5888));
#1261=EDGE_LOOP('',(#5889));
#1262=EDGE_LOOP('',(#5890));
#1263=EDGE_LOOP('',(#5891));
#1264=EDGE_LOOP('',(#5892));
#1265=EDGE_LOOP('',(#5893));
#1266=EDGE_LOOP('',(#5894));
#1267=EDGE_LOOP('',(#5895));
#1268=EDGE_LOOP('',(#5896));
#1269=EDGE_LOOP('',(#5897));
#1270=EDGE_LOOP('',(#5898));
#1271=EDGE_LOOP('',(#5899));
#1272=EDGE_LOOP('',(#5900));
#1273=EDGE_LOOP('',(#5901));
#1274=EDGE_LOOP('',(#5902));
#1275=EDGE_LOOP('',(#5903));
#1276=EDGE_LOOP('',(#5904));
#1277=EDGE_LOOP('',(#5905));
#1278=EDGE_LOOP('',(#5906));
#1279=EDGE_LOOP('',(#5907,#5908,#5909,#5910));
#1280=EDGE_LOOP('',(#5911,#5912,#5913,#5914));
#1281=EDGE_LOOP('',(#5915,#5916,#5917,#5918));
#1282=EDGE_LOOP('',(#5919,#5920,#5921,#5922));
#1283=EDGE_LOOP('',(#5923,#5924,#5925,#5926));
#1284=EDGE_LOOP('',(#5927,#5928,#5929,#5930));
#1285=EDGE_LOOP('',(#5931,#5932,#5933,#5934));
#1286=EDGE_LOOP('',(#5935,#5936,#5937,#5938));
#1287=EDGE_LOOP('',(#5939,#5940,#5941,#5942));
#1288=EDGE_LOOP('',(#5943,#5944,#5945,#5946));
#1289=EDGE_LOOP('',(#5947));
#1290=EDGE_LOOP('',(#5948));
#1291=EDGE_LOOP('',(#5949));
#1292=EDGE_LOOP('',(#5950));
#1293=EDGE_LOOP('',(#5951));
#1294=EDGE_LOOP('',(#5952));
#1295=EDGE_LOOP('',(#5953));
#1296=EDGE_LOOP('',(#5954,#5955,#5956,#5957));
#1297=EDGE_LOOP('',(#5958,#5959,#5960,#5961,#5962,#5963,#5964,#5965));
#1298=EDGE_LOOP('',(#5966));
#1299=EDGE_LOOP('',(#5967));
#1300=EDGE_LOOP('',(#5968));
#1301=EDGE_LOOP('',(#5969));
#1302=EDGE_LOOP('',(#5970));
#1303=EDGE_LOOP('',(#5971));
#1304=EDGE_LOOP('',(#5972));
#1305=EDGE_LOOP('',(#5973));
#1306=EDGE_LOOP('',(#5974));
#1307=EDGE_LOOP('',(#5975));
#1308=EDGE_LOOP('',(#5976));
#1309=EDGE_LOOP('',(#5977));
#1310=EDGE_LOOP('',(#5978));
#1311=EDGE_LOOP('',(#5979));
#1312=EDGE_LOOP('',(#5980));
#1313=EDGE_LOOP('',(#5981));
#1314=EDGE_LOOP('',(#5982));
#1315=EDGE_LOOP('',(#5983));
#1316=EDGE_LOOP('',(#5984));
#1317=EDGE_LOOP('',(#5985));
#1318=EDGE_LOOP('',(#5986));
#1319=EDGE_LOOP('',(#5987));
#1320=EDGE_LOOP('',(#5988));
#1321=EDGE_LOOP('',(#5989));
#1322=EDGE_LOOP('',(#5990));
#1323=EDGE_LOOP('',(#5991));
#1324=EDGE_LOOP('',(#5992));
#1325=EDGE_LOOP('',(#5993));
#1326=EDGE_LOOP('',(#5994));
#1327=EDGE_LOOP('',(#5995));
#1328=EDGE_LOOP('',(#5996));
#1329=EDGE_LOOP('',(#5997));
#1330=EDGE_LOOP('',(#5998));
#1331=EDGE_LOOP('',(#5999));
#1332=EDGE_LOOP('',(#6000));
#1333=EDGE_LOOP('',(#6001));
#1334=EDGE_LOOP('',(#6002));
#1335=EDGE_LOOP('',(#6003));
#1336=EDGE_LOOP('',(#6004));
#1337=EDGE_LOOP('',(#6005));
#1338=EDGE_LOOP('',(#6006));
#1339=EDGE_LOOP('',(#6007));
#1340=EDGE_LOOP('',(#6008));
#1341=EDGE_LOOP('',(#6009));
#1342=EDGE_LOOP('',(#6010));
#1343=EDGE_LOOP('',(#6011));
#1344=EDGE_LOOP('',(#6012));
#1345=EDGE_LOOP('',(#6013));
#1346=EDGE_LOOP('',(#6014));
#1347=EDGE_LOOP('',(#6015));
#1348=EDGE_LOOP('',(#6016));
#1349=EDGE_LOOP('',(#6017));
#1350=EDGE_LOOP('',(#6018));
#1351=EDGE_LOOP('',(#6019));
#1352=EDGE_LOOP('',(#6020));
#1353=EDGE_LOOP('',(#6021));
#1354=EDGE_LOOP('',(#6022));
#1355=EDGE_LOOP('',(#6023));
#1356=EDGE_LOOP('',(#6024));
#1357=EDGE_LOOP('',(#6025));
#1358=EDGE_LOOP('',(#6026));
#1359=EDGE_LOOP('',(#6027));
#1360=EDGE_LOOP('',(#6028));
#1361=EDGE_LOOP('',(#6029));
#1362=EDGE_LOOP('',(#6030));
#1363=EDGE_LOOP('',(#6031));
#1364=EDGE_LOOP('',(#6032));
#1365=EDGE_LOOP('',(#6033));
#1366=EDGE_LOOP('',(#6034));
#1367=EDGE_LOOP('',(#6035));
#1368=EDGE_LOOP('',(#6036));
#1369=EDGE_LOOP('',(#6037));
#1370=EDGE_LOOP('',(#6038));
#1371=EDGE_LOOP('',(#6039));
#1372=EDGE_LOOP('',(#6040));
#1373=EDGE_LOOP('',(#6041));
#1374=EDGE_LOOP('',(#6042));
#1375=EDGE_LOOP('',(#6043));
#1376=EDGE_LOOP('',(#6044));
#1377=EDGE_LOOP('',(#6045));
#1378=EDGE_LOOP('',(#6046));
#1379=EDGE_LOOP('',(#6047));
#1380=EDGE_LOOP('',(#6048));
#1381=EDGE_LOOP('',(#6049));
#1382=EDGE_LOOP('',(#6050));
#1383=EDGE_LOOP('',(#6051));
#1384=EDGE_LOOP('',(#6052));
#1385=EDGE_LOOP('',(#6053));
#1386=EDGE_LOOP('',(#6054));
#1387=EDGE_LOOP('',(#6055));
#1388=EDGE_LOOP('',(#6056));
#1389=EDGE_LOOP('',(#6057));
#1390=EDGE_LOOP('',(#6058));
#1391=EDGE_LOOP('',(#6059));
#1392=EDGE_LOOP('',(#6060));
#1393=EDGE_LOOP('',(#6061));
#1394=EDGE_LOOP('',(#6062));
#1395=EDGE_LOOP('',(#6063));
#1396=EDGE_LOOP('',(#6064));
#1397=EDGE_LOOP('',(#6065));
#1398=EDGE_LOOP('',(#6066));
#1399=EDGE_LOOP('',(#6067));
#1400=EDGE_LOOP('',(#6068));
#1401=EDGE_LOOP('',(#6069));
#1402=EDGE_LOOP('',(#6070));
#1403=EDGE_LOOP('',(#6071));
#1404=EDGE_LOOP('',(#6072));
#1405=EDGE_LOOP('',(#6073));
#1406=EDGE_LOOP('',(#6074));
#1407=EDGE_LOOP('',(#6075));
#1408=EDGE_LOOP('',(#6076));
#1409=EDGE_LOOP('',(#6077));
#1410=EDGE_LOOP('',(#6078));
#1411=EDGE_LOOP('',(#6079));
#1412=EDGE_LOOP('',(#6080));
#1413=EDGE_LOOP('',(#6081));
#1414=EDGE_LOOP('',(#6082));
#1415=EDGE_LOOP('',(#6083));
#1416=EDGE_LOOP('',(#6084));
#1417=EDGE_LOOP('',(#6085));
#1418=EDGE_LOOP('',(#6086));
#1419=EDGE_LOOP('',(#6087));
#1420=EDGE_LOOP('',(#6088));
#1421=EDGE_LOOP('',(#6089));
#1422=EDGE_LOOP('',(#6090));
#1423=EDGE_LOOP('',(#6091));
#1424=EDGE_LOOP('',(#6092));
#1425=EDGE_LOOP('',(#6093));
#1426=EDGE_LOOP('',(#6094));
#1427=EDGE_LOOP('',(#6095));
#1428=EDGE_LOOP('',(#6096));
#1429=EDGE_LOOP('',(#6097));
#1430=EDGE_LOOP('',(#6098));
#1431=EDGE_LOOP('',(#6099));
#1432=EDGE_LOOP('',(#6100));
#1433=EDGE_LOOP('',(#6101));
#1434=EDGE_LOOP('',(#6102));
#1435=EDGE_LOOP('',(#6103));
#1436=EDGE_LOOP('',(#6104));
#1437=EDGE_LOOP('',(#6105));
#1438=EDGE_LOOP('',(#6106));
#1439=EDGE_LOOP('',(#6107));
#1440=EDGE_LOOP('',(#6108));
#1441=EDGE_LOOP('',(#6109));
#1442=EDGE_LOOP('',(#6110));
#1443=EDGE_LOOP('',(#6111));
#1444=EDGE_LOOP('',(#6112));
#1445=EDGE_LOOP('',(#6113));
#1446=EDGE_LOOP('',(#6114));
#1447=EDGE_LOOP('',(#6115,#6116,#6117,#6118));
#1448=EDGE_LOOP('',(#6119,#6120,#6121,#6122,#6123));
#1449=EDGE_LOOP('',(#6124,#6125,#6126,#6127));
#1450=EDGE_LOOP('',(#6128,#6129,#6130,#6131,#6132));
#1451=EDGE_LOOP('',(#6133,#6134,#6135,#6136));
#1452=EDGE_LOOP('',(#6137,#6138,#6139,#6140,#6141));
#1453=EDGE_LOOP('',(#6142,#6143,#6144,#6145));
#1454=EDGE_LOOP('',(#6146,#6147,#6148,#6149,#6150));
#1455=EDGE_LOOP('',(#6151,#6152,#6153,#6154));
#1456=EDGE_LOOP('',(#6155,#6156,#6157,#6158,#6159));
#1457=EDGE_LOOP('',(#6160,#6161,#6162,#6163));
#1458=EDGE_LOOP('',(#6164,#6165,#6166,#6167,#6168));
#1459=EDGE_LOOP('',(#6169,#6170,#6171,#6172));
#1460=EDGE_LOOP('',(#6173,#6174,#6175,#6176,#6177));
#1461=EDGE_LOOP('',(#6178,#6179,#6180,#6181));
#1462=EDGE_LOOP('',(#6182,#6183,#6184,#6185,#6186));
#1463=EDGE_LOOP('',(#6187,#6188,#6189,#6190));
#1464=EDGE_LOOP('',(#6191,#6192,#6193,#6194,#6195));
#1465=EDGE_LOOP('',(#6196,#6197,#6198,#6199));
#1466=EDGE_LOOP('',(#6200,#6201,#6202,#6203,#6204));
#1467=EDGE_LOOP('',(#6205,#6206,#6207,#6208));
#1468=EDGE_LOOP('',(#6209,#6210,#6211,#6212,#6213));
#1469=EDGE_LOOP('',(#6214,#6215,#6216,#6217));
#1470=EDGE_LOOP('',(#6218,#6219,#6220,#6221,#6222));
#1471=EDGE_LOOP('',(#6223,#6224,#6225,#6226));
#1472=EDGE_LOOP('',(#6227,#6228,#6229,#6230,#6231));
#1473=EDGE_LOOP('',(#6232,#6233,#6234,#6235));
#1474=EDGE_LOOP('',(#6236,#6237,#6238,#6239,#6240));
#1475=EDGE_LOOP('',(#6241,#6242,#6243,#6244));
#1476=EDGE_LOOP('',(#6245,#6246,#6247,#6248,#6249));
#1477=EDGE_LOOP('',(#6250,#6251,#6252,#6253));
#1478=EDGE_LOOP('',(#6254,#6255,#6256,#6257,#6258));
#1479=EDGE_LOOP('',(#6259,#6260,#6261,#6262));
#1480=EDGE_LOOP('',(#6263,#6264,#6265,#6266,#6267));
#1481=EDGE_LOOP('',(#6268,#6269,#6270,#6271));
#1482=EDGE_LOOP('',(#6272,#6273,#6274,#6275,#6276));
#1483=EDGE_LOOP('',(#6277,#6278,#6279,#6280));
#1484=EDGE_LOOP('',(#6281,#6282,#6283,#6284,#6285));
#1485=EDGE_LOOP('',(#6286,#6287,#6288,#6289));
#1486=EDGE_LOOP('',(#6290,#6291,#6292,#6293,#6294));
#1487=EDGE_LOOP('',(#6295,#6296,#6297,#6298));
#1488=EDGE_LOOP('',(#6299,#6300,#6301,#6302,#6303));
#1489=EDGE_LOOP('',(#6304,#6305,#6306,#6307));
#1490=EDGE_LOOP('',(#6308,#6309,#6310,#6311,#6312));
#1491=EDGE_LOOP('',(#6313,#6314,#6315,#6316));
#1492=EDGE_LOOP('',(#6317,#6318,#6319,#6320,#6321));
#1493=EDGE_LOOP('',(#6322,#6323,#6324,#6325));
#1494=EDGE_LOOP('',(#6326,#6327,#6328,#6329,#6330));
#1495=EDGE_LOOP('',(#6331,#6332,#6333,#6334));
#1496=EDGE_LOOP('',(#6335,#6336,#6337,#6338,#6339));
#1497=EDGE_LOOP('',(#6340,#6341,#6342,#6343));
#1498=EDGE_LOOP('',(#6344,#6345,#6346,#6347,#6348));
#1499=EDGE_LOOP('',(#6349,#6350,#6351,#6352));
#1500=EDGE_LOOP('',(#6353,#6354,#6355,#6356,#6357));
#1501=EDGE_LOOP('',(#6358,#6359,#6360,#6361));
#1502=EDGE_LOOP('',(#6362,#6363,#6364,#6365,#6366));
#1503=EDGE_LOOP('',(#6367,#6368,#6369,#6370));
#1504=EDGE_LOOP('',(#6371,#6372,#6373,#6374,#6375));
#1505=EDGE_LOOP('',(#6376,#6377,#6378,#6379));
#1506=EDGE_LOOP('',(#6380,#6381,#6382,#6383,#6384));
#1507=EDGE_LOOP('',(#6385,#6386,#6387,#6388,#6389));
#1508=EDGE_LOOP('',(#6390,#6391,#6392,#6393,#6394));
#1509=EDGE_LOOP('',(#6395,#6396,#6397,#6398,#6399));
#1510=EDGE_LOOP('',(#6400,#6401,#6402,#6403,#6404));
#1511=EDGE_LOOP('',(#6405,#6406,#6407,#6408,#6409));
#1512=EDGE_LOOP('',(#6410,#6411,#6412,#6413,#6414));
#1513=EDGE_LOOP('',(#6415,#6416,#6417,#6418,#6419));
#1514=EDGE_LOOP('',(#6420,#6421,#6422,#6423,#6424));
#1515=EDGE_LOOP('',(#6425,#6426,#6427,#6428,#6429));
#1516=EDGE_LOOP('',(#6430,#6431,#6432,#6433,#6434));
#1517=EDGE_LOOP('',(#6435,#6436,#6437,#6438,#6439));
#1518=EDGE_LOOP('',(#6440,#6441,#6442,#6443,#6444));
#1519=EDGE_LOOP('',(#6445,#6446,#6447,#6448,#6449));
#1520=EDGE_LOOP('',(#6450,#6451,#6452,#6453,#6454));
#1521=EDGE_LOOP('',(#6455,#6456,#6457,#6458,#6459));
#1522=EDGE_LOOP('',(#6460,#6461,#6462,#6463,#6464));
#1523=EDGE_LOOP('',(#6465,#6466,#6467,#6468,#6469));
#1524=EDGE_LOOP('',(#6470,#6471,#6472,#6473,#6474));
#1525=EDGE_LOOP('',(#6475,#6476,#6477,#6478,#6479));
#1526=EDGE_LOOP('',(#6480,#6481,#6482,#6483,#6484));
#1527=EDGE_LOOP('',(#6485,#6486,#6487,#6488,#6489));
#1528=EDGE_LOOP('',(#6490,#6491,#6492,#6493,#6494));
#1529=EDGE_LOOP('',(#6495,#6496,#6497,#6498,#6499));
#1530=EDGE_LOOP('',(#6500,#6501,#6502,#6503,#6504));
#1531=EDGE_LOOP('',(#6505,#6506,#6507,#6508,#6509));
#1532=EDGE_LOOP('',(#6510,#6511,#6512,#6513,#6514));
#1533=EDGE_LOOP('',(#6515,#6516,#6517,#6518,#6519));
#1534=EDGE_LOOP('',(#6520,#6521,#6522,#6523,#6524));
#1535=EDGE_LOOP('',(#6525,#6526,#6527,#6528,#6529));
#1536=EDGE_LOOP('',(#6530,#6531,#6532,#6533,#6534));
#1537=EDGE_LOOP('',(#6535,#6536,#6537,#6538,#6539));
#1538=EDGE_LOOP('',(#6540,#6541,#6542,#6543,#6544));
#1539=EDGE_LOOP('',(#6545,#6546,#6547,#6548,#6549));
#1540=EDGE_LOOP('',(#6550,#6551,#6552,#6553,#6554));
#1541=EDGE_LOOP('',(#6555,#6556,#6557,#6558,#6559));
#1542=EDGE_LOOP('',(#6560,#6561,#6562,#6563,#6564));
#1543=EDGE_LOOP('',(#6565,#6566,#6567,#6568,#6569));
#1544=EDGE_LOOP('',(#6570,#6571,#6572,#6573,#6574));
#1545=EDGE_LOOP('',(#6575,#6576,#6577,#6578,#6579));
#1546=EDGE_LOOP('',(#6580,#6581,#6582,#6583,#6584));
#1547=EDGE_LOOP('',(#6585,#6586,#6587,#6588,#6589));
#1548=EDGE_LOOP('',(#6590,#6591,#6592,#6593,#6594));
#1549=EDGE_LOOP('',(#6595,#6596,#6597,#6598,#6599));
#1550=EDGE_LOOP('',(#6600,#6601,#6602,#6603,#6604));
#1551=EDGE_LOOP('',(#6605,#6606,#6607,#6608,#6609));
#1552=EDGE_LOOP('',(#6610,#6611,#6612,#6613,#6614));
#1553=EDGE_LOOP('',(#6615,#6616,#6617,#6618,#6619));
#1554=EDGE_LOOP('',(#6620,#6621,#6622,#6623,#6624));
#1555=EDGE_LOOP('',(#6625,#6626,#6627,#6628,#6629));
#1556=EDGE_LOOP('',(#6630,#6631,#6632,#6633,#6634));
#1557=EDGE_LOOP('',(#6635,#6636,#6637,#6638,#6639));
#1558=EDGE_LOOP('',(#6640,#6641,#6642,#6643,#6644));
#1559=EDGE_LOOP('',(#6645,#6646,#6647,#6648,#6649));
#1560=EDGE_LOOP('',(#6650,#6651,#6652,#6653,#6654));
#1561=EDGE_LOOP('',(#6655,#6656,#6657,#6658,#6659));
#1562=EDGE_LOOP('',(#6660,#6661,#6662,#6663,#6664));
#1563=EDGE_LOOP('',(#6665,#6666,#6667,#6668,#6669));
#1564=EDGE_LOOP('',(#6670,#6671,#6672,#6673,#6674));
#1565=EDGE_LOOP('',(#6675,#6676,#6677,#6678,#6679));
#1566=EDGE_LOOP('',(#6680,#6681,#6682,#6683,#6684));
#1567=EDGE_LOOP('',(#6685,#6686,#6687,#6688,#6689));
#1568=EDGE_LOOP('',(#6690,#6691,#6692,#6693,#6694));
#1569=EDGE_LOOP('',(#6695,#6696,#6697,#6698,#6699));
#1570=EDGE_LOOP('',(#6700,#6701,#6702,#6703,#6704));
#1571=EDGE_LOOP('',(#6705,#6706,#6707,#6708,#6709));
#1572=EDGE_LOOP('',(#6710,#6711,#6712,#6713,#6714));
#1573=EDGE_LOOP('',(#6715,#6716,#6717,#6718,#6719));
#1574=EDGE_LOOP('',(#6720,#6721,#6722,#6723,#6724));
#1575=EDGE_LOOP('',(#6725,#6726,#6727,#6728,#6729));
#1576=EDGE_LOOP('',(#6730,#6731,#6732,#6733,#6734));
#1577=EDGE_LOOP('',(#6735,#6736,#6737,#6738,#6739));
#1578=EDGE_LOOP('',(#6740,#6741,#6742,#6743,#6744));
#1579=EDGE_LOOP('',(#6745,#6746,#6747,#6748,#6749));
#1580=EDGE_LOOP('',(#6750,#6751,#6752,#6753,#6754));
#1581=EDGE_LOOP('',(#6755,#6756,#6757,#6758,#6759));
#1582=EDGE_LOOP('',(#6760,#6761,#6762,#6763,#6764));
#1583=EDGE_LOOP('',(#6765,#6766,#6767,#6768,#6769));
#1584=EDGE_LOOP('',(#6770,#6771,#6772,#6773,#6774));
#1585=EDGE_LOOP('',(#6775,#6776,#6777,#6778,#6779));
#1586=EDGE_LOOP('',(#6780,#6781,#6782,#6783,#6784));
#1587=EDGE_LOOP('',(#6785,#6786,#6787,#6788,#6789));
#1588=EDGE_LOOP('',(#6790,#6791,#6792,#6793,#6794));
#1589=EDGE_LOOP('',(#6795,#6796,#6797,#6798,#6799));
#1590=EDGE_LOOP('',(#6800,#6801,#6802,#6803,#6804));
#1591=EDGE_LOOP('',(#6805,#6806,#6807,#6808,#6809));
#1592=EDGE_LOOP('',(#6810,#6811,#6812,#6813,#6814));
#1593=EDGE_LOOP('',(#6815,#6816,#6817,#6818,#6819));
#1594=EDGE_LOOP('',(#6820,#6821,#6822,#6823,#6824));
#1595=EDGE_LOOP('',(#6825,#6826,#6827,#6828,#6829));
#1596=EDGE_LOOP('',(#6830,#6831,#6832,#6833,#6834));
#1597=EDGE_LOOP('',(#6835,#6836,#6837,#6838,#6839));
#1598=EDGE_LOOP('',(#6840,#6841,#6842,#6843,#6844));
#1599=EDGE_LOOP('',(#6845,#6846,#6847,#6848,#6849));
#1600=EDGE_LOOP('',(#6850,#6851,#6852,#6853,#6854));
#1601=EDGE_LOOP('',(#6855,#6856,#6857,#6858,#6859));
#1602=EDGE_LOOP('',(#6860,#6861,#6862,#6863,#6864));
#1603=EDGE_LOOP('',(#6865,#6866,#6867,#6868,#6869));
#1604=EDGE_LOOP('',(#6870,#6871,#6872,#6873,#6874));
#1605=EDGE_LOOP('',(#6875,#6876,#6877,#6878,#6879));
#1606=EDGE_LOOP('',(#6880,#6881,#6882,#6883,#6884));
#1607=EDGE_LOOP('',(#6885,#6886,#6887,#6888,#6889));
#1608=EDGE_LOOP('',(#6890,#6891,#6892,#6893,#6894));
#1609=EDGE_LOOP('',(#6895,#6896,#6897,#6898,#6899));
#1610=EDGE_LOOP('',(#6900,#6901,#6902,#6903,#6904));
#1611=EDGE_LOOP('',(#6905,#6906,#6907,#6908,#6909));
#1612=EDGE_LOOP('',(#6910,#6911,#6912,#6913,#6914));
#1613=EDGE_LOOP('',(#6915,#6916,#6917,#6918,#6919));
#1614=EDGE_LOOP('',(#6920,#6921,#6922,#6923,#6924));
#1615=EDGE_LOOP('',(#6925,#6926,#6927,#6928,#6929));
#1616=EDGE_LOOP('',(#6930,#6931,#6932,#6933,#6934));
#1617=EDGE_LOOP('',(#6935,#6936,#6937,#6938,#6939));
#1618=EDGE_LOOP('',(#6940,#6941,#6942,#6943,#6944));
#1619=EDGE_LOOP('',(#6945,#6946,#6947,#6948,#6949));
#1620=EDGE_LOOP('',(#6950,#6951,#6952,#6953,#6954));
#1621=EDGE_LOOP('',(#6955,#6956,#6957,#6958,#6959));
#1622=EDGE_LOOP('',(#6960,#6961,#6962,#6963,#6964));
#1623=EDGE_LOOP('',(#6965,#6966,#6967,#6968,#6969));
#1624=EDGE_LOOP('',(#6970,#6971,#6972,#6973,#6974));
#1625=EDGE_LOOP('',(#6975,#6976,#6977,#6978,#6979));
#1626=EDGE_LOOP('',(#6980,#6981,#6982,#6983,#6984));
#1627=EDGE_LOOP('',(#6985,#6986,#6987,#6988,#6989));
#1628=EDGE_LOOP('',(#6990,#6991,#6992,#6993,#6994));
#1629=EDGE_LOOP('',(#6995,#6996,#6997,#6998,#6999));
#1630=EDGE_LOOP('',(#7000,#7001,#7002,#7003,#7004));
#1631=EDGE_LOOP('',(#7005,#7006,#7007,#7008,#7009));
#1632=EDGE_LOOP('',(#7010,#7011,#7012,#7013,#7014));
#1633=EDGE_LOOP('',(#7015,#7016,#7017,#7018,#7019));
#1634=EDGE_LOOP('',(#7020,#7021,#7022,#7023,#7024));
#1635=EDGE_LOOP('',(#7025,#7026,#7027,#7028,#7029));
#1636=EDGE_LOOP('',(#7030,#7031,#7032,#7033,#7034));
#1637=EDGE_LOOP('',(#7035,#7036,#7037,#7038,#7039));
#1638=EDGE_LOOP('',(#7040,#7041,#7042,#7043,#7044));
#1639=EDGE_LOOP('',(#7045,#7046,#7047,#7048,#7049));
#1640=EDGE_LOOP('',(#7050,#7051,#7052,#7053,#7054));
#1641=EDGE_LOOP('',(#7055,#7056,#7057,#7058,#7059));
#1642=EDGE_LOOP('',(#7060,#7061,#7062,#7063,#7064));
#1643=EDGE_LOOP('',(#7065,#7066,#7067,#7068,#7069));
#1644=EDGE_LOOP('',(#7070,#7071,#7072,#7073,#7074));
#1645=EDGE_LOOP('',(#7075,#7076,#7077,#7078,#7079));
#1646=EDGE_LOOP('',(#7080,#7081,#7082,#7083,#7084));
#1647=EDGE_LOOP('',(#7085,#7086,#7087,#7088,#7089));
#1648=EDGE_LOOP('',(#7090,#7091,#7092,#7093,#7094));
#1649=EDGE_LOOP('',(#7095,#7096,#7097,#7098,#7099));
#1650=EDGE_LOOP('',(#7100,#7101,#7102,#7103,#7104));
#1651=EDGE_LOOP('',(#7105,#7106,#7107,#7108,#7109));
#1652=EDGE_LOOP('',(#7110,#7111,#7112,#7113,#7114));
#1653=EDGE_LOOP('',(#7115,#7116,#7117,#7118,#7119));
#1654=EDGE_LOOP('',(#7120,#7121,#7122,#7123,#7124));
#1655=EDGE_LOOP('',(#7125,#7126,#7127,#7128,#7129));
#1656=EDGE_LOOP('',(#7130,#7131,#7132,#7133,#7134));
#1657=EDGE_LOOP('',(#7135,#7136,#7137,#7138,#7139));
#1658=EDGE_LOOP('',(#7140,#7141,#7142,#7143,#7144));
#1659=EDGE_LOOP('',(#7145,#7146,#7147,#7148,#7149));
#1660=EDGE_LOOP('',(#7150,#7151,#7152,#7153,#7154));
#1661=EDGE_LOOP('',(#7155,#7156,#7157,#7158,#7159));
#1662=EDGE_LOOP('',(#7160,#7161,#7162,#7163,#7164));
#1663=EDGE_LOOP('',(#7165,#7166,#7167,#7168,#7169));
#1664=EDGE_LOOP('',(#7170,#7171,#7172,#7173,#7174));
#1665=EDGE_LOOP('',(#7175,#7176,#7177,#7178,#7179));
#1666=EDGE_LOOP('',(#7180,#7181,#7182,#7183,#7184));
#1667=EDGE_LOOP('',(#7185,#7186,#7187,#7188,#7189));
#1668=EDGE_LOOP('',(#7190,#7191,#7192,#7193,#7194));
#1669=EDGE_LOOP('',(#7195,#7196,#7197,#7198,#7199));
#1670=EDGE_LOOP('',(#7200,#7201,#7202,#7203,#7204));
#1671=EDGE_LOOP('',(#7205,#7206,#7207,#7208,#7209));
#1672=EDGE_LOOP('',(#7210,#7211,#7212,#7213,#7214));
#1673=EDGE_LOOP('',(#7215,#7216,#7217,#7218,#7219));
#1674=EDGE_LOOP('',(#7220,#7221,#7222,#7223,#7224));
#1675=EDGE_LOOP('',(#7225,#7226,#7227,#7228,#7229));
#1676=EDGE_LOOP('',(#7230,#7231,#7232,#7233,#7234));
#1677=EDGE_LOOP('',(#7235,#7236,#7237,#7238,#7239));
#1678=EDGE_LOOP('',(#7240,#7241,#7242,#7243,#7244));
#1679=EDGE_LOOP('',(#7245,#7246,#7247,#7248,#7249));
#1680=EDGE_LOOP('',(#7250,#7251,#7252,#7253,#7254));
#1681=EDGE_LOOP('',(#7255,#7256,#7257,#7258,#7259));
#1682=EDGE_LOOP('',(#7260,#7261,#7262,#7263,#7264));
#1683=EDGE_LOOP('',(#7265,#7266,#7267,#7268,#7269));
#1684=EDGE_LOOP('',(#7270,#7271,#7272,#7273,#7274));
#1685=EDGE_LOOP('',(#7275,#7276,#7277,#7278));
#1686=EDGE_LOOP('',(#7279,#7280,#7281,#7282));
#1687=EDGE_LOOP('',(#7283,#7284,#7285,#7286));
#1688=EDGE_LOOP('',(#7287,#7288,#7289,#7290));
#1689=EDGE_LOOP('',(#7291,#7292,#7293,#7294));
#1690=EDGE_LOOP('',(#7295,#7296,#7297,#7298));
#1691=EDGE_LOOP('',(#7299,#7300,#7301,#7302));
#1692=EDGE_LOOP('',(#7303,#7304,#7305,#7306));
#1693=EDGE_LOOP('',(#7307,#7308,#7309,#7310));
#1694=EDGE_LOOP('',(#7311,#7312,#7313,#7314));
#1695=EDGE_LOOP('',(#7315,#7316,#7317,#7318));
#1696=EDGE_LOOP('',(#7319,#7320,#7321,#7322));
#1697=EDGE_LOOP('',(#7323,#7324,#7325,#7326));
#1698=EDGE_LOOP('',(#7327,#7328,#7329,#7330));
#1699=EDGE_LOOP('',(#7331,#7332,#7333,#7334));
#1700=EDGE_LOOP('',(#7335,#7336,#7337,#7338));
#1701=EDGE_LOOP('',(#7339,#7340,#7341,#7342));
#1702=EDGE_LOOP('',(#7343,#7344,#7345,#7346));
#1703=EDGE_LOOP('',(#7347,#7348,#7349,#7350));
#1704=EDGE_LOOP('',(#7351,#7352,#7353,#7354));
#1705=EDGE_LOOP('',(#7355,#7356,#7357,#7358));
#1706=EDGE_LOOP('',(#7359,#7360,#7361,#7362));
#1707=EDGE_LOOP('',(#7363,#7364,#7365,#7366));
#1708=EDGE_LOOP('',(#7367,#7368,#7369,#7370));
#1709=EDGE_LOOP('',(#7371,#7372,#7373,#7374));
#1710=EDGE_LOOP('',(#7375,#7376,#7377,#7378));
#1711=EDGE_LOOP('',(#7379,#7380,#7381,#7382));
#1712=EDGE_LOOP('',(#7383,#7384,#7385,#7386));
#1713=EDGE_LOOP('',(#7387,#7388,#7389,#7390));
#1714=EDGE_LOOP('',(#7391,#7392,#7393,#7394));
#1715=EDGE_LOOP('',(#7395,#7396,#7397,#7398));
#1716=EDGE_LOOP('',(#7399,#7400,#7401,#7402));
#1717=EDGE_LOOP('',(#7403,#7404,#7405,#7406));
#1718=EDGE_LOOP('',(#7407,#7408,#7409,#7410));
#1719=EDGE_LOOP('',(#7411,#7412,#7413,#7414));
#1720=EDGE_LOOP('',(#7415,#7416,#7417,#7418));
#1721=EDGE_LOOP('',(#7419,#7420,#7421,#7422));
#1722=EDGE_LOOP('',(#7423,#7424,#7425,#7426));
#1723=EDGE_LOOP('',(#7427,#7428,#7429,#7430));
#1724=EDGE_LOOP('',(#7431,#7432,#7433,#7434));
#1725=EDGE_LOOP('',(#7435,#7436,#7437,#7438));
#1726=EDGE_LOOP('',(#7439,#7440,#7441,#7442));
#1727=EDGE_LOOP('',(#7443,#7444,#7445,#7446));
#1728=EDGE_LOOP('',(#7447,#7448,#7449,#7450));
#1729=EDGE_LOOP('',(#7451,#7452,#7453,#7454));
#1730=EDGE_LOOP('',(#7455,#7456,#7457,#7458));
#1731=EDGE_LOOP('',(#7459,#7460,#7461,#7462));
#1732=EDGE_LOOP('',(#7463,#7464,#7465,#7466));
#1733=EDGE_LOOP('',(#7467,#7468,#7469,#7470));
#1734=EDGE_LOOP('',(#7471,#7472,#7473,#7474));
#1735=EDGE_LOOP('',(#7475,#7476,#7477,#7478));
#1736=EDGE_LOOP('',(#7479,#7480,#7481,#7482));
#1737=EDGE_LOOP('',(#7483,#7484,#7485,#7486));
#1738=EDGE_LOOP('',(#7487,#7488,#7489,#7490));
#1739=EDGE_LOOP('',(#7491,#7492,#7493,#7494));
#1740=EDGE_LOOP('',(#7495,#7496,#7497,#7498));
#1741=EDGE_LOOP('',(#7499,#7500,#7501,#7502));
#1742=EDGE_LOOP('',(#7503,#7504,#7505,#7506));
#1743=EDGE_LOOP('',(#7507,#7508,#7509,#7510));
#1744=EDGE_LOOP('',(#7511,#7512,#7513,#7514));
#1745=EDGE_LOOP('',(#7515,#7516,#7517,#7518));
#1746=EDGE_LOOP('',(#7519,#7520,#7521,#7522));
#1747=EDGE_LOOP('',(#7523,#7524,#7525,#7526));
#1748=EDGE_LOOP('',(#7527,#7528,#7529,#7530));
#1749=EDGE_LOOP('',(#7531,#7532,#7533,#7534));
#1750=EDGE_LOOP('',(#7535,#7536,#7537,#7538));
#1751=EDGE_LOOP('',(#7539,#7540,#7541,#7542));
#1752=EDGE_LOOP('',(#7543,#7544,#7545,#7546));
#1753=EDGE_LOOP('',(#7547,#7548,#7549,#7550));
#1754=EDGE_LOOP('',(#7551,#7552,#7553,#7554));
#1755=EDGE_LOOP('',(#7555,#7556,#7557,#7558));
#1756=EDGE_LOOP('',(#7559,#7560,#7561,#7562));
#1757=EDGE_LOOP('',(#7563,#7564,#7565,#7566));
#1758=EDGE_LOOP('',(#7567,#7568,#7569,#7570));
#1759=EDGE_LOOP('',(#7571,#7572,#7573,#7574));
#1760=EDGE_LOOP('',(#7575,#7576,#7577,#7578,#7579));
#1761=EDGE_LOOP('',(#7580,#7581,#7582,#7583,#7584));
#1762=EDGE_LOOP('',(#7585,#7586,#7587,#7588));
#1763=EDGE_LOOP('',(#7589));
#1764=EDGE_LOOP('',(#7590));
#1765=EDGE_LOOP('',(#7591));
#1766=EDGE_LOOP('',(#7592));
#1767=EDGE_LOOP('',(#7593));
#1768=EDGE_LOOP('',(#7594));
#1769=EDGE_LOOP('',(#7595));
#1770=EDGE_LOOP('',(#7596));
#1771=EDGE_LOOP('',(#7597));
#1772=EDGE_LOOP('',(#7598));
#1773=EDGE_LOOP('',(#7599));
#1774=EDGE_LOOP('',(#7600));
#1775=EDGE_LOOP('',(#7601));
#1776=EDGE_LOOP('',(#7602));
#1777=EDGE_LOOP('',(#7603));
#1778=EDGE_LOOP('',(#7604,#7605,#7606,#7607));
#1779=EDGE_LOOP('',(#7608,#7609));
#1780=EDGE_LOOP('',(#7610));
#1781=EDGE_LOOP('',(#7611,#7612,#7613,#7614));
#1782=EDGE_LOOP('',(#7615,#7616));
#1783=EDGE_LOOP('',(#7617));
#1784=EDGE_LOOP('',(#7618,#7619,#7620,#7621));
#1785=EDGE_LOOP('',(#7622,#7623));
#1786=EDGE_LOOP('',(#7624));
#1787=EDGE_LOOP('',(#7625,#7626,#7627,#7628));
#1788=EDGE_LOOP('',(#7629,#7630));
#1789=EDGE_LOOP('',(#7631));
#1790=EDGE_LOOP('',(#7632,#7633,#7634,#7635));
#1791=EDGE_LOOP('',(#7636,#7637));
#1792=EDGE_LOOP('',(#7638));
#1793=EDGE_LOOP('',(#7639,#7640,#7641,#7642));
#1794=EDGE_LOOP('',(#7643));
#1795=EDGE_LOOP('',(#7644));
#1796=EDGE_LOOP('',(#7645,#7646,#7647,#7648));
#1797=EDGE_LOOP('',(#7649));
#1798=EDGE_LOOP('',(#7650));
#1799=EDGE_LOOP('',(#7651,#7652,#7653,#7654));
#1800=EDGE_LOOP('',(#7655));
#1801=EDGE_LOOP('',(#7656));
#1802=EDGE_LOOP('',(#7657,#7658,#7659,#7660));
#1803=EDGE_LOOP('',(#7661));
#1804=EDGE_LOOP('',(#7662));
#1805=EDGE_LOOP('',(#7663,#7664,#7665,#7666,#7667,#7668,#7669,#7670,#7671));
#1806=EDGE_LOOP('',(#7672));
#1807=EDGE_LOOP('',(#7673,#7674,#7675,#7676,#7677,#7678,#7679,#7680,#7681));
#1808=EDGE_LOOP('',(#7682));
#1809=EDGE_LOOP('',(#7683,#7684,#7685,#7686,#7687,#7688,#7689,#7690,#7691));
#1810=EDGE_LOOP('',(#7692));
#1811=EDGE_LOOP('',(#7693,#7694,#7695,#7696,#7697,#7698,#7699,#7700,#7701));
#1812=EDGE_LOOP('',(#7702));
#1813=EDGE_LOOP('',(#7703,#7704,#7705,#7706));
#1814=EDGE_LOOP('',(#7707));
#1815=EDGE_LOOP('',(#7708));
#1816=EDGE_LOOP('',(#7709,#7710,#7711,#7712));
#1817=EDGE_LOOP('',(#7713));
#1818=EDGE_LOOP('',(#7714));
#1819=EDGE_LOOP('',(#7715,#7716,#7717,#7718));
#1820=EDGE_LOOP('',(#7719));
#1821=EDGE_LOOP('',(#7720));
#1822=EDGE_LOOP('',(#7721,#7722,#7723,#7724));
#1823=EDGE_LOOP('',(#7725,#7726));
#1824=EDGE_LOOP('',(#7727));
#1825=EDGE_LOOP('',(#7728,#7729,#7730,#7731));
#1826=EDGE_LOOP('',(#7732,#7733));
#1827=EDGE_LOOP('',(#7734));
#1828=EDGE_LOOP('',(#7735,#7736,#7737,#7738));
#1829=EDGE_LOOP('',(#7739,#7740));
#1830=EDGE_LOOP('',(#7741));
#1831=EDGE_LOOP('',(#7742,#7743,#7744,#7745));
#1832=EDGE_LOOP('',(#7746,#7747));
#1833=EDGE_LOOP('',(#7748));
#1834=EDGE_LOOP('',(#7749,#7750,#7751,#7752));
#1835=EDGE_LOOP('',(#7753,#7754));
#1836=EDGE_LOOP('',(#7755));
#1837=EDGE_LOOP('',(#7756,#7757,#7758,#7759));
#1838=EDGE_LOOP('',(#7760,#7761));
#1839=EDGE_LOOP('',(#7762));
#1840=EDGE_LOOP('',(#7763,#7764,#7765,#7766));
#1841=EDGE_LOOP('',(#7767,#7768));
#1842=EDGE_LOOP('',(#7769));
#1843=EDGE_LOOP('',(#7770,#7771,#7772,#7773));
#1844=EDGE_LOOP('',(#7774,#7775));
#1845=EDGE_LOOP('',(#7776));
#1846=EDGE_LOOP('',(#7777,#7778,#7779,#7780));
#1847=EDGE_LOOP('',(#7781,#7782));
#1848=EDGE_LOOP('',(#7783));
#1849=EDGE_LOOP('',(#7784,#7785,#7786,#7787));
#1850=EDGE_LOOP('',(#7788,#7789));
#1851=EDGE_LOOP('',(#7790));
#1852=EDGE_LOOP('',(#7791,#7792,#7793,#7794));
#1853=EDGE_LOOP('',(#7795,#7796));
#1854=EDGE_LOOP('',(#7797));
#1855=EDGE_LOOP('',(#7798,#7799,#7800,#7801));
#1856=EDGE_LOOP('',(#7802));
#1857=EDGE_LOOP('',(#7803));
#1858=EDGE_LOOP('',(#7804,#7805,#7806,#7807));
#1859=EDGE_LOOP('',(#7808));
#1860=EDGE_LOOP('',(#7809));
#1861=EDGE_LOOP('',(#7810,#7811,#7812,#7813));
#1862=EDGE_LOOP('',(#7814));
#1863=EDGE_LOOP('',(#7815));
#1864=EDGE_LOOP('',(#7816,#7817,#7818,#7819));
#1865=EDGE_LOOP('',(#7820));
#1866=EDGE_LOOP('',(#7821));
#1867=EDGE_LOOP('',(#7822,#7823,#7824,#7825,#7826,#7827,#7828,#7829,#7830));
#1868=EDGE_LOOP('',(#7831));
#1869=EDGE_LOOP('',(#7832,#7833,#7834,#7835,#7836,#7837,#7838,#7839,#7840));
#1870=EDGE_LOOP('',(#7841));
#1871=EDGE_LOOP('',(#7842,#7843,#7844,#7845,#7846,#7847,#7848,#7849,#7850));
#1872=EDGE_LOOP('',(#7851));
#1873=EDGE_LOOP('',(#7852,#7853,#7854,#7855));
#1874=EDGE_LOOP('',(#7856));
#1875=EDGE_LOOP('',(#7857));
#1876=EDGE_LOOP('',(#7858,#7859,#7860,#7861));
#1877=EDGE_LOOP('',(#7862));
#1878=EDGE_LOOP('',(#7863));
#1879=EDGE_LOOP('',(#7864,#7865,#7866,#7867));
#1880=EDGE_LOOP('',(#7868));
#1881=EDGE_LOOP('',(#7869));
#1882=EDGE_LOOP('',(#7870,#7871,#7872,#7873));
#1883=EDGE_LOOP('',(#7874));
#1884=EDGE_LOOP('',(#7875));
#1885=EDGE_LOOP('',(#7876,#7877,#7878,#7879));
#1886=EDGE_LOOP('',(#7880,#7881));
#1887=EDGE_LOOP('',(#7882));
#1888=EDGE_LOOP('',(#7883,#7884,#7885,#7886));
#1889=EDGE_LOOP('',(#7887,#7888));
#1890=EDGE_LOOP('',(#7889));
#1891=EDGE_LOOP('',(#7890,#7891,#7892,#7893));
#1892=EDGE_LOOP('',(#7894,#7895));
#1893=EDGE_LOOP('',(#7896));
#1894=EDGE_LOOP('',(#7897,#7898,#7899,#7900));
#1895=EDGE_LOOP('',(#7901,#7902));
#1896=EDGE_LOOP('',(#7903));
#1897=EDGE_LOOP('',(#7904,#7905,#7906,#7907));
#1898=EDGE_LOOP('',(#7908,#7909));
#1899=EDGE_LOOP('',(#7910));
#1900=EDGE_LOOP('',(#7911,#7912,#7913,#7914));
#1901=EDGE_LOOP('',(#7915,#7916));
#1902=EDGE_LOOP('',(#7917));
#1903=B_SPLINE_CURVE_WITH_KNOTS('',3,(#12460,#12461,#12462,#12463,#12464,
#12465,#12466,#12467,#12468,#12469,#12470,#12471,#12472,#12473,#12474,#12475,
#12476,#12477),.UNSPECIFIED.,.F.,.F.,(4,2,2,2,2,2,2,2,4),(0.549300049841441,
0.685865501573955,0.82243095330647,0.960515526494669,1.09860009968287,1.23668467287107,
1.37476924605927,1.51133469779178,1.6479001495243),.UNSPECIFIED.);
#1904=B_SPLINE_CURVE_WITH_KNOTS('',3,(#12479,#12480,#12481,#12482,#12483,
#12484,#12485,#12486,#12487,#12488),.UNSPECIFIED.,.F.,.F.,(4,2,2,2,4),(0.,
0.138084573188202,0.276169146376405,0.412734598108923,0.549300049841441),
 .UNSPECIFIED.);
#1905=B_SPLINE_CURVE_WITH_KNOTS('',3,(#12489,#12490,#12491,#12492,#12493,
#12494,#12495,#12496,#12497,#12498),.UNSPECIFIED.,.F.,.F.,(4,2,2,2,4),(1.6479001495243,
1.78446560125681,1.92103105298933,2.05911562617754,2.19720019936574),
 .UNSPECIFIED.);
#1906=B_SPLINE_CURVE_WITH_KNOTS('',3,(#12505,#12506,#12507,#12508,#12509,
#12510,#12511,#12512,#12513,#12514,#12515,#12516,#12517,#12518,#12519,#12520,
#12521,#12522),.UNSPECIFIED.,.F.,.F.,(4,2,2,2,2,2,2,2,4),(0.549300049841441,
0.685865501573955,0.82243095330647,0.960515526494669,1.09860009968287,1.23668467287107,
1.37476924605927,1.51133469779178,1.6479001495243),.UNSPECIFIED.);
#1907=B_SPLINE_CURVE_WITH_KNOTS('',3,(#12524,#12525,#12526,#12527,#12528,
#12529,#12530,#12531,#12532,#12533),.UNSPECIFIED.,.F.,.F.,(4,2,2,2,4),(0.,
0.138084573188202,0.276169146376405,0.412734598108923,0.549300049841441),
 .UNSPECIFIED.);
#1908=B_SPLINE_CURVE_WITH_KNOTS('',3,(#12534,#12535,#12536,#12537,#12538,
#12539,#12540,#12541,#12542,#12543),.UNSPECIFIED.,.F.,.F.,(4,2,2,2,4),(1.6479001495243,
1.78446560125681,1.92103105298933,2.05911562617754,2.19720019936574),
 .UNSPECIFIED.);
#1909=B_SPLINE_CURVE_WITH_KNOTS('',3,(#12550,#12551,#12552,#12553,#12554,
#12555,#12556,#12557,#12558,#12559,#12560,#12561,#12562,#12563,#12564,#12565,
#12566,#12567),.UNSPECIFIED.,.F.,.F.,(4,2,2,2,2,2,2,2,4),(0.549300049841442,
0.685865501573953,0.822430953306464,0.960515526494668,1.09860009968287,
1.23668467287108,1.37476924605928,1.51133469779179,1.6479001495243),
 .UNSPECIFIED.);
#1910=B_SPLINE_CURVE_WITH_KNOTS('',3,(#12569,#12570,#12571,#12572,#12573,
#12574,#12575,#12576,#12577,#12578),.UNSPECIFIED.,.F.,.F.,(4,2,2,2,4),(0.,
0.138084573188207,0.276169146376414,0.412734598108928,0.549300049841442),
 .UNSPECIFIED.);
#1911=B_SPLINE_CURVE_WITH_KNOTS('',3,(#12579,#12580,#12581,#12582,#12583,
#12584,#12585,#12586,#12587,#12588),.UNSPECIFIED.,.F.,.F.,(4,2,2,2,4),(1.6479001495243,
1.78446560125682,1.92103105298933,2.05911562617754,2.19720019936574),
 .UNSPECIFIED.);
#1912=B_SPLINE_CURVE_WITH_KNOTS('',3,(#12595,#12596,#12597,#12598,#12599,
#12600,#12601,#12602,#12603,#12604,#12605,#12606,#12607,#12608,#12609,#12610,
#12611,#12612),.UNSPECIFIED.,.F.,.F.,(4,2,2,2,2,2,2,2,4),(0.549300049841442,
0.685865501573953,0.822430953306464,0.960515526494668,1.09860009968287,
1.23668467287108,1.37476924605928,1.51133469779179,1.6479001495243),
 .UNSPECIFIED.);
#1913=B_SPLINE_CURVE_WITH_KNOTS('',3,(#12614,#12615,#12616,#12617,#12618,
#12619,#12620,#12621,#12622,#12623),.UNSPECIFIED.,.F.,.F.,(4,2,2,2,4),(0.,
0.138084573188207,0.276169146376414,0.412734598108928,0.549300049841442),
 .UNSPECIFIED.);
#1914=B_SPLINE_CURVE_WITH_KNOTS('',3,(#12624,#12625,#12626,#12627,#12628,
#12629,#12630,#12631,#12632,#12633),.UNSPECIFIED.,.F.,.F.,(4,2,2,2,4),(1.6479001495243,
1.78446560125682,1.92103105298933,2.05911562617754,2.19720019936574),
 .UNSPECIFIED.);
#1915=B_SPLINE_CURVE_WITH_KNOTS('',3,(#12640,#12641,#12642,#12643,#12644,
#12645,#12646,#12647,#12648,#12649,#12650,#12651,#12652,#12653,#12654,#12655,
#12656,#12657),.UNSPECIFIED.,.F.,.F.,(4,2,2,2,2,2,2,2,4),(0.549300049841443,
0.685865501573954,0.822430953306465,0.960515526494669,1.09860009968287,
1.23668467287108,1.37476924605928,1.51133469779179,1.6479001495243),
 .UNSPECIFIED.);
#1916=B_SPLINE_CURVE_WITH_KNOTS('',3,(#12659,#12660,#12661,#12662,#12663,
#12664,#12665,#12666,#12667,#12668),.UNSPECIFIED.,.F.,.F.,(4,2,2,2,4),(0.,
0.138084573188205,0.27616914637641,0.412734598108927,0.549300049841443),
 .UNSPECIFIED.);
#1917=B_SPLINE_CURVE_WITH_KNOTS('',3,(#12669,#12670,#12671,#12672,#12673,
#12674,#12675,#12676,#12677,#12678),.UNSPECIFIED.,.F.,.F.,(4,2,2,2,4),(1.6479001495243,
1.78446560125682,1.92103105298934,2.05911562617754,2.19720019936575),
 .UNSPECIFIED.);
#1918=B_SPLINE_CURVE_WITH_KNOTS('',3,(#12685,#12686,#12687,#12688,#12689,
#12690,#12691,#12692,#12693,#12694,#12695,#12696,#12697,#12698,#12699,#12700,
#12701,#12702),.UNSPECIFIED.,.F.,.F.,(4,2,2,2,2,2,2,2,4),(0.54930004984144,
0.685865501573946,0.822430953306453,0.960515526494658,1.09860009968286,
1.23668467287107,1.37476924605927,1.51133469779178,1.64790014952428),
 .UNSPECIFIED.);
#1919=B_SPLINE_CURVE_WITH_KNOTS('',3,(#12704,#12705,#12706,#12707,#12708,
#12709,#12710,#12711,#12712,#12713),.UNSPECIFIED.,.F.,.F.,(4,2,2,2,4),(0.,
0.138084573188202,0.276169146376403,0.412734598108921,0.54930004984144),
 .UNSPECIFIED.);
#1920=B_SPLINE_CURVE_WITH_KNOTS('',3,(#12714,#12715,#12716,#12717,#12718,
#12719,#12720,#12721,#12722,#12723),.UNSPECIFIED.,.F.,.F.,(4,2,2,2,4),(1.64790014952428,
1.7844656012568,1.92103105298932,2.05911562617752,2.19720019936572),
 .UNSPECIFIED.);
#1921=B_SPLINE_CURVE_WITH_KNOTS('',3,(#12730,#12731,#12732,#12733,#12734,
#12735,#12736,#12737,#12738,#12739,#12740,#12741,#12742,#12743,#12744,#12745,
#12746,#12747),.UNSPECIFIED.,.F.,.F.,(4,2,2,2,2,2,2,2,4),(0.549300049841442,
0.685865501573954,0.822430953306466,0.96051552649467,1.09860009968287,1.23668467287108,
1.37476924605928,1.51133469779179,1.6479001495243),.UNSPECIFIED.);
#1922=B_SPLINE_CURVE_WITH_KNOTS('',3,(#12749,#12750,#12751,#12752,#12753,
#12754,#12755,#12756,#12757,#12758),.UNSPECIFIED.,.F.,.F.,(4,2,2,2,4),(0.,
0.138084573188205,0.27616914637641,0.412734598108926,0.549300049841442),
 .UNSPECIFIED.);
#1923=B_SPLINE_CURVE_WITH_KNOTS('',3,(#12759,#12760,#12761,#12762,#12763,
#12764,#12765,#12766,#12767,#12768),.UNSPECIFIED.,.F.,.F.,(4,2,2,2,4),(1.6479001495243,
1.78446560125682,1.92103105298934,2.05911562617754,2.19720019936575),
 .UNSPECIFIED.);
#1924=B_SPLINE_CURVE_WITH_KNOTS('',3,(#12774,#12775,#12776,#12777,#12778,
#12779,#12780,#12781,#12782,#12783,#12784,#12785,#12786,#12787,#12788,#12789,
#12790,#12791,#12792,#12793,#12794,#12795,#12796,#12797,#12798,#12799,#12800,
#12801,#12802,#12803,#12804,#12805,#12806,#12807),.UNSPECIFIED.,.T.,.F.,
(4,2,2,2,2,2,2,2,2,2,2,2,2,2,2,2,4),(0.,0.138084573188205,0.276169146376411,
0.412734598108923,0.549300049841434,0.685865501573943,0.822430953306452,
0.960515526494655,1.09860009968286,1.23668467287106,1.37476924605926,1.51133469779177,
1.64790014952428,1.78446560125679,1.92103105298931,2.05911562617751,2.19720019936572),
 .UNSPECIFIED.);
#1925=B_SPLINE_CURVE_WITH_KNOTS('',3,(#12813,#12814,#12815,#12816,#12817,
#12818,#12819,#12820,#12821,#12822,#12823,#12824,#12825,#12826,#12827,#12828,
#12829,#12830,#12831,#12832,#12833,#12834,#12835,#12836,#12837,#12838,#12839,
#12840,#12841,#12842,#12843,#12844,#12845,#12846),.UNSPECIFIED.,.T.,.F.,
(4,2,2,2,2,2,2,2,2,2,2,2,2,2,2,2,4),(0.,0.138084573188205,0.276169146376411,
0.412734598108923,0.549300049841434,0.685865501573943,0.822430953306452,
0.960515526494655,1.09860009968286,1.23668467287106,1.37476924605926,1.51133469779177,
1.64790014952428,1.78446560125679,1.92103105298931,2.05911562617751,2.19720019936572),
 .UNSPECIFIED.);
#1926=B_SPLINE_CURVE_WITH_KNOTS('',3,(#12852,#12853,#12854,#12855,#12856,
#12857,#12858,#12859,#12860,#12861,#12862,#12863,#12864,#12865,#12866,#12867,
#12868,#12869,#12870,#12871,#12872,#12873,#12874,#12875,#12876,#12877,#12878,
#12879,#12880,#12881,#12882,#12883,#12884,#12885),.UNSPECIFIED.,.T.,.F.,
(4,2,2,2,2,2,2,2,2,2,2,2,2,2,2,2,4),(0.,0.138084573188205,0.276169146376411,
0.412734598108923,0.549300049841434,0.685865501573943,0.822430953306452,
0.960515526494655,1.09860009968286,1.23668467287106,1.37476924605926,1.51133469779177,
1.64790014952428,1.78446560125679,1.92103105298931,2.05911562617751,2.19720019936572),
 .UNSPECIFIED.);
#1927=B_SPLINE_CURVE_WITH_KNOTS('',3,(#12891,#12892,#12893,#12894,#12895,
#12896,#12897,#12898,#12899,#12900,#12901,#12902,#12903,#12904,#12905,#12906,
#12907,#12908,#12909,#12910,#12911,#12912,#12913,#12914,#12915,#12916,#12917,
#12918,#12919,#12920,#12921,#12922,#12923,#12924),.UNSPECIFIED.,.T.,.F.,
(4,2,2,2,2,2,2,2,2,2,2,2,2,2,2,2,4),(0.,0.138084573188205,0.276169146376411,
0.412734598108923,0.549300049841434,0.685865501573943,0.822430953306452,
0.960515526494655,1.09860009968286,1.23668467287106,1.37476924605926,1.51133469779177,
1.64790014952428,1.78446560125679,1.92103105298931,2.05911562617751,2.19720019936572),
 .UNSPECIFIED.);
#1928=B_SPLINE_CURVE_WITH_KNOTS('',3,(#12930,#12931,#12932,#12933,#12934,
#12935,#12936,#12937,#12938,#12939,#12940,#12941,#12942,#12943,#12944,#12945,
#12946,#12947,#12948,#12949,#12950,#12951,#12952,#12953,#12954,#12955,#12956,
#12957,#12958,#12959,#12960,#12961,#12962,#12963),.UNSPECIFIED.,.T.,.F.,
(4,2,2,2,2,2,2,2,2,2,2,2,2,2,2,2,4),(0.,0.138084573188205,0.27616914637641,
0.412734598108924,0.549300049841437,0.685865501573951,0.822430953306465,
0.96051552649467,1.09860009968287,1.23668467287108,1.37476924605928,1.5113346977918,
1.64790014952431,1.78446560125683,1.92103105298934,2.05911562617754,2.19720019936575),
 .UNSPECIFIED.);
#1929=B_SPLINE_CURVE_WITH_KNOTS('',3,(#12969,#12970,#12971,#12972,#12973,
#12974,#12975,#12976,#12977,#12978,#12979,#12980,#12981,#12982,#12983,#12984,
#12985,#12986,#12987,#12988,#12989,#12990,#12991,#12992,#12993,#12994,#12995,
#12996,#12997,#12998,#12999,#13000,#13001,#13002),.UNSPECIFIED.,.T.,.F.,
(4,2,2,2,2,2,2,2,2,2,2,2,2,2,2,2,4),(0.,0.138084573188202,0.276169146376405,
0.412734598108923,0.549300049841442,0.685865501573957,0.822430953306473,
0.960515526494673,1.09860009968287,1.23668467287107,1.37476924605927,1.51133469779179,
1.6479001495243,1.78446560125682,1.92103105298934,2.05911562617754,2.19720019936575),
 .UNSPECIFIED.);
#1930=B_SPLINE_CURVE_WITH_KNOTS('',3,(#13008,#13009,#13010,#13011,#13012,
#13013,#13014,#13015,#13016,#13017,#13018,#13019,#13020,#13021,#13022,#13023,
#13024,#13025,#13026,#13027,#13028,#13029,#13030,#13031,#13032,#13033,#13034,
#13035,#13036,#13037,#13038,#13039,#13040,#13041),.UNSPECIFIED.,.T.,.F.,
(4,2,2,2,2,2,2,2,2,2,2,2,2,2,2,2,4),(0.,0.138084573188203,0.276169146376405,
0.412734598108922,0.549300049841439,0.685865501573956,0.822430953306473,
0.960515526494675,1.09860009968288,1.23668467287108,1.37476924605928,1.5113346977918,
1.64790014952432,1.78446560125683,1.92103105298935,2.05911562617755,2.19720019936576),
 .UNSPECIFIED.);
#1931=B_SPLINE_CURVE_WITH_KNOTS('',3,(#13047,#13048,#13049,#13050,#13051,
#13052,#13053,#13054,#13055,#13056,#13057,#13058,#13059,#13060,#13061,#13062,
#13063,#13064,#13065,#13066,#13067,#13068,#13069,#13070,#13071,#13072,#13073,
#13074,#13075,#13076,#13077,#13078,#13079,#13080),.UNSPECIFIED.,.T.,.F.,
(4,2,2,2,2,2,2,2,2,2,2,2,2,2,2,2,4),(0.,0.1380845731882,0.276169146376399,
0.412734598108918,0.549300049841437,0.685865501573954,0.822430953306471,
0.960515526494671,1.09860009968287,1.23668467287107,1.37476924605927,1.51133469779179,
1.64790014952431,1.78446560125682,1.92103105298934,2.05911562617754,2.19720019936574),
 .UNSPECIFIED.);
#1932=B_SPLINE_CURVE_WITH_KNOTS('',3,(#13086,#13087,#13088,#13089,#13090,
#13091,#13092,#13093,#13094,#13095,#13096,#13097,#13098,#13099,#13100,#13101,
#13102,#13103,#13104,#13105,#13106,#13107,#13108,#13109,#13110,#13111,#13112,
#13113,#13114,#13115,#13116,#13117,#13118,#13119),.UNSPECIFIED.,.T.,.F.,
(4,2,2,2,2,2,2,2,2,2,2,2,2,2,2,2,4),(0.,0.138084573188203,0.276169146376405,
0.412734598108922,0.549300049841439,0.685865501573956,0.822430953306473,
0.960515526494675,1.09860009968288,1.23668467287108,1.37476924605928,1.5113346977918,
1.64790014952432,1.78446560125683,1.92103105298935,2.05911562617755,2.19720019936576),
 .UNSPECIFIED.);
#1933=B_SPLINE_CURVE_WITH_KNOTS('',3,(#13125,#13126,#13127,#13128,#13129,
#13130,#13131,#13132,#13133,#13134,#13135,#13136,#13137,#13138,#13139,#13140,
#13141,#13142,#13143,#13144,#13145,#13146,#13147,#13148,#13149,#13150,#13151,
#13152,#13153,#13154,#13155,#13156,#13157,#13158),.UNSPECIFIED.,.T.,.F.,
(4,2,2,2,2,2,2,2,2,2,2,2,2,2,2,2,4),(0.,0.138084573188205,0.27616914637641,
0.412734598108924,0.549300049841437,0.685865501573951,0.822430953306465,
0.96051552649467,1.09860009968287,1.23668467287108,1.37476924605928,1.5113346977918,
1.64790014952431,1.78446560125683,1.92103105298934,2.05911562617754,2.19720019936575),
 .UNSPECIFIED.);
#1934=B_SPLINE_CURVE_WITH_KNOTS('',3,(#13164,#13165,#13166,#13167,#13168,
#13169,#13170,#13171,#13172,#13173,#13174,#13175,#13176,#13177,#13178,#13179,
#13180,#13181,#13182,#13183,#13184,#13185,#13186,#13187,#13188,#13189,#13190,
#13191,#13192,#13193,#13194,#13195,#13196,#13197),.UNSPECIFIED.,.T.,.F.,
(4,2,2,2,2,2,2,2,2,2,2,2,2,2,2,2,4),(0.,0.138084573188204,0.276169146376408,
0.412734598108924,0.549300049841439,0.685865501573955,0.82243095330647,
0.960515526494675,1.09860009968288,1.23668467287108,1.37476924605929,1.5113346977918,
1.64790014952432,1.78446560125683,1.92103105298935,2.05911562617755,2.19720019936576),
 .UNSPECIFIED.);
#1935=B_SPLINE_CURVE_WITH_KNOTS('',3,(#13203,#13204,#13205,#13206,#13207,
#13208,#13209,#13210,#13211,#13212,#13213,#13214,#13215,#13216,#13217,#13218,
#13219,#13220,#13221,#13222,#13223,#13224,#13225,#13226,#13227,#13228,#13229,
#13230,#13231,#13232,#13233,#13234,#13235,#13236),.UNSPECIFIED.,.T.,.F.,
(4,2,2,2,2,2,2,2,2,2,2,2,2,2,2,2,4),(0.,0.138084573188205,0.276169146376411,
0.412734598108923,0.549300049841434,0.685865501573943,0.822430953306452,
0.960515526494655,1.09860009968286,1.23668467287106,1.37476924605926,1.51133469779177,
1.64790014952428,1.78446560125679,1.92103105298931,2.05911562617751,2.19720019936572),
 .UNSPECIFIED.);
#1936=B_SPLINE_CURVE_WITH_KNOTS('',3,(#13242,#13243,#13244,#13245,#13246,
#13247,#13248,#13249,#13250,#13251,#13252,#13253,#13254,#13255,#13256,#13257,
#13258,#13259,#13260,#13261,#13262,#13263,#13264,#13265,#13266,#13267,#13268,
#13269,#13270,#13271,#13272,#13273,#13274,#13275),.UNSPECIFIED.,.T.,.F.,
(4,2,2,2,2,2,2,2,2,2,2,2,2,2,2,2,4),(0.,0.138084573188205,0.276169146376411,
0.412734598108923,0.549300049841434,0.685865501573943,0.822430953306452,
0.960515526494655,1.09860009968286,1.23668467287106,1.37476924605926,1.51133469779177,
1.64790014952428,1.78446560125679,1.92103105298931,2.05911562617751,2.19720019936572),
 .UNSPECIFIED.);
#1937=B_SPLINE_CURVE_WITH_KNOTS('',3,(#13281,#13282,#13283,#13284,#13285,
#13286,#13287,#13288,#13289,#13290,#13291,#13292,#13293,#13294,#13295,#13296,
#13297,#13298,#13299,#13300,#13301,#13302,#13303,#13304,#13305,#13306,#13307,
#13308,#13309,#13310,#13311,#13312,#13313,#13314),.UNSPECIFIED.,.T.,.F.,
(4,2,2,2,2,2,2,2,2,2,2,2,2,2,2,2,4),(0.,0.138084573188205,0.276169146376411,
0.412734598108923,0.549300049841434,0.685865501573943,0.822430953306452,
0.960515526494655,1.09860009968286,1.23668467287106,1.37476924605926,1.51133469779177,
1.64790014952428,1.78446560125679,1.92103105298931,2.05911562617751,2.19720019936572),
 .UNSPECIFIED.);
#1938=B_SPLINE_CURVE_WITH_KNOTS('',3,(#13320,#13321,#13322,#13323,#13324,
#13325,#13326,#13327,#13328,#13329,#13330,#13331,#13332,#13333,#13334,#13335,
#13336,#13337,#13338,#13339,#13340,#13341,#13342,#13343,#13344,#13345,#13346,
#13347,#13348,#13349,#13350,#13351,#13352,#13353),.UNSPECIFIED.,.T.,.F.,
(4,2,2,2,2,2,2,2,2,2,2,2,2,2,2,2,4),(0.,0.138084573188204,0.276169146376409,
0.412734598108923,0.549300049841438,0.685865501573952,0.822430953306467,
0.960515526494671,1.09860009968288,1.23668467287108,1.37476924605929,1.5113346977918,
1.64790014952431,1.78446560125683,1.92103105298934,2.05911562617755,2.19720019936575),
 .UNSPECIFIED.);
#1939=B_SPLINE_CURVE_WITH_KNOTS('',3,(#13360,#13361,#13362,#13363,#13364,
#13365,#13366,#13367,#13368,#13369),.UNSPECIFIED.,.F.,.F.,(4,2,2,2,4),(0.,
0.138084573188202,0.276169146376404,0.412734598108925,0.549300049841446),
 .UNSPECIFIED.);
#1940=B_SPLINE_CURVE_WITH_KNOTS('',3,(#13370,#13371,#13372,#13373,#13374,
#13375,#13376,#13377,#13378,#13379,#13380,#13381,#13382,#13383,#13384,#13385,
#13386,#13387,#13388,#13389,#13390,#13391,#13392,#13393,#13394,#13395),
 .UNSPECIFIED.,.F.,.F.,(4,2,2,2,2,2,2,2,2,2,2,2,4),(0.549300049841446,0.685865501573956,
0.822430953306467,0.960515526494672,1.09860009968288,1.23668467287108,1.37476924605929,
1.5113346977918,1.64790014952431,1.78446560125683,1.92103105298935,2.05911562617755,
2.19720019936575),.UNSPECIFIED.);
#1941=B_SPLINE_CURVE_WITH_KNOTS('',3,(#13402,#13403,#13404,#13405,#13406,
#13407,#13408,#13409,#13410,#13411),.UNSPECIFIED.,.F.,.F.,(4,2,2,2,4),(0.,
0.138084573188203,0.276169146376406,0.412734598108925,0.549300049841444),
 .UNSPECIFIED.);
#1942=B_SPLINE_CURVE_WITH_KNOTS('',3,(#13412,#13413,#13414,#13415,#13416,
#13417,#13418,#13419,#13420,#13421,#13422,#13423,#13424,#13425,#13426,#13427,
#13428,#13429,#13430,#13431,#13432,#13433,#13434,#13435,#13436,#13437),
 .UNSPECIFIED.,.F.,.F.,(4,2,2,2,2,2,2,2,2,2,2,2,4),(0.549300049841444,0.685865501573955,
0.822430953306467,0.960515526494671,1.09860009968288,1.23668467287108,1.37476924605929,
1.5113346977918,1.64790014952431,1.78446560125683,1.92103105298935,2.05911562617755,
2.19720019936575),.UNSPECIFIED.);
#1943=B_SPLINE_CURVE_WITH_KNOTS('',3,(#13444,#13445,#13446,#13447,#13448,
#13449,#13450,#13451,#13452,#13453),.UNSPECIFIED.,.F.,.F.,(4,2,2,2,4),(0.,
0.138084573188202,0.276169146376403,0.412734598108924,0.549300049841444),
 .UNSPECIFIED.);
#1944=B_SPLINE_CURVE_WITH_KNOTS('',3,(#13454,#13455,#13456,#13457,#13458,
#13459,#13460,#13461,#13462,#13463,#13464,#13465,#13466,#13467,#13468,#13469,
#13470,#13471,#13472,#13473,#13474,#13475,#13476,#13477,#13478,#13479),
 .UNSPECIFIED.,.F.,.F.,(4,2,2,2,2,2,2,2,2,2,2,2,4),(0.549300049841444,0.685865501573962,
0.822430953306479,0.960515526494677,1.09860009968287,1.23668467287107,1.37476924605927,
1.51133469779179,1.6479001495243,1.78446560125682,1.92103105298934,2.05911562617755,
2.19720019936575),.UNSPECIFIED.);
#1945=B_SPLINE_CURVE_WITH_KNOTS('',3,(#13486,#13487,#13488,#13489,#13490,
#13491,#13492,#13493,#13494,#13495),.UNSPECIFIED.,.F.,.F.,(4,2,2,2,4),(0.,
0.138084573188203,0.276169146376405,0.412734598108926,0.549300049841447),
 .UNSPECIFIED.);
#1946=B_SPLINE_CURVE_WITH_KNOTS('',3,(#13496,#13497,#13498,#13499,#13500,
#13501,#13502,#13503,#13504,#13505,#13506,#13507,#13508,#13509,#13510,#13511,
#13512,#13513,#13514,#13515,#13516,#13517,#13518,#13519,#13520,#13521),
 .UNSPECIFIED.,.F.,.F.,(4,2,2,2,2,2,2,2,2,2,2,2,4),(0.549300049841447,0.685865501573957,
0.822430953306467,0.960515526494672,1.09860009968288,1.23668467287108,1.37476924605929,
1.5113346977918,1.64790014952431,1.78446560125683,1.92103105298935,2.05911562617755,
2.19720019936575),.UNSPECIFIED.);
#1947=B_SPLINE_CURVE_WITH_KNOTS('',3,(#13528,#13529,#13530,#13531,#13532,
#13533,#13534,#13535,#13536,#13537),.UNSPECIFIED.,.F.,.F.,(4,2,2,2,4),(0.,
0.138084573188201,0.276169146376401,0.412734598108922,0.549300049841443),
 .UNSPECIFIED.);
#1948=B_SPLINE_CURVE_WITH_KNOTS('',3,(#13538,#13539,#13540,#13541,#13542,
#13543,#13544,#13545,#13546,#13547,#13548,#13549,#13550,#13551,#13552,#13553,
#13554,#13555,#13556,#13557,#13558,#13559,#13560,#13561,#13562,#13563),
 .UNSPECIFIED.,.F.,.F.,(4,2,2,2,2,2,2,2,2,2,2,2,4),(0.549300049841443,0.685865501573949,
0.822430953306456,0.960515526494658,1.09860009968286,1.23668467287106,1.37476924605926,
1.51133469779177,1.64790014952428,1.7844656012568,1.92103105298932,2.05911562617752,
2.19720019936572),.UNSPECIFIED.);
#1949=B_SPLINE_CURVE_WITH_KNOTS('',3,(#13570,#13571,#13572,#13573,#13574,
#13575,#13576,#13577,#13578,#13579),.UNSPECIFIED.,.F.,.F.,(4,2,2,2,4),(0.,
0.138084573188203,0.276169146376406,0.412734598108925,0.549300049841445),
 .UNSPECIFIED.);
#1950=B_SPLINE_CURVE_WITH_KNOTS('',3,(#13580,#13581,#13582,#13583,#13584,
#13585,#13586,#13587,#13588,#13589,#13590,#13591,#13592,#13593,#13594,#13595,
#13596,#13597,#13598,#13599,#13600,#13601,#13602,#13603,#13604,#13605),
 .UNSPECIFIED.,.F.,.F.,(4,2,2,2,2,2,2,2,2,2,2,2,4),(0.549300049841445,0.685865501573957,
0.822430953306468,0.960515526494673,1.09860009968288,1.23668467287108,1.37476924605929,
1.5113346977918,1.64790014952431,1.78446560125683,1.92103105298935,2.05911562617755,
2.19720019936575),.UNSPECIFIED.);
#1951=B_SPLINE_CURVE_WITH_KNOTS('',3,(#13612,#13613,#13614,#13615,#13616,
#13617,#13618,#13619,#13620,#13621),.UNSPECIFIED.,.F.,.F.,(4,2,2,2,4),(0.,
0.138084573188202,0.276169146376403,0.412734598108923,0.549300049841444),
 .UNSPECIFIED.);
#1952=B_SPLINE_CURVE_WITH_KNOTS('',3,(#13622,#13623,#13624,#13625,#13626,
#13627,#13628,#13629,#13630,#13631,#13632,#13633,#13634,#13635,#13636,#13637,
#13638,#13639,#13640,#13641,#13642,#13643,#13644,#13645,#13646,#13647),
 .UNSPECIFIED.,.F.,.F.,(4,2,2,2,2,2,2,2,2,2,2,2,4),(0.549300049841444,0.685865501573957,
0.822430953306471,0.960515526494669,1.09860009968287,1.23668467287106,1.37476924605926,
1.51133469779178,1.64790014952429,1.78446560125681,1.92103105298933,2.05911562617753,
2.19720019936573),.UNSPECIFIED.);
#1953=B_SPLINE_CURVE_WITH_KNOTS('',3,(#13654,#13655,#13656,#13657,#13658,
#13659,#13660,#13661,#13662,#13663,#13664,#13665,#13666,#13667,#13668,#13669,
#13670,#13671),.UNSPECIFIED.,.F.,.F.,(4,2,2,2,2,2,2,2,4),(0.,0.138084573188206,
0.276169146376411,0.41273459810892,0.549300049841428,0.685865501573937,
0.822430953306446,0.960515526494651,1.09860009968286),.UNSPECIFIED.);
#1954=B_SPLINE_CURVE_WITH_KNOTS('',3,(#13672,#13673,#13674,#13675,#13676,
#13677,#13678,#13679,#13680,#13681,#13682,#13683,#13684,#13685,#13686,#13687,
#13688,#13689),.UNSPECIFIED.,.F.,.F.,(4,2,2,2,2,2,2,2,4),(1.09860009968286,
1.23668467287106,1.37476924605927,1.51133469779178,1.64790014952429,1.78446560125679,
1.9210310529893,2.05911562617751,2.19720019936571),.UNSPECIFIED.);
#1955=B_SPLINE_CURVE_WITH_KNOTS('',3,(#13696,#13697,#13698,#13699,#13700,
#13701,#13702,#13703,#13704,#13705,#13706,#13707,#13708,#13709,#13710,#13711,
#13712,#13713),.UNSPECIFIED.,.F.,.F.,(4,2,2,2,2,2,2,2,4),(0.,0.138084573188204,
0.276169146376408,0.412734598108915,0.549300049841422,0.685865501573932,
0.822430953306442,0.960515526494649,1.09860009968286),.UNSPECIFIED.);
#1956=B_SPLINE_CURVE_WITH_KNOTS('',3,(#13714,#13715,#13716,#13717,#13718,
#13719,#13720,#13721,#13722,#13723,#13724,#13725,#13726,#13727,#13728,#13729,
#13730,#13731),.UNSPECIFIED.,.F.,.F.,(4,2,2,2,2,2,2,2,4),(1.09860009968286,
1.23668467287106,1.37476924605927,1.51133469779178,1.64790014952429,1.7844656012568,
1.9210310529893,2.05911562617751,2.19720019936571),.UNSPECIFIED.);
#1957=B_SPLINE_CURVE_WITH_KNOTS('',3,(#13738,#13739,#13740,#13741,#13742,
#13743,#13744,#13745,#13746,#13747,#13748,#13749,#13750,#13751,#13752,#13753,
#13754,#13755),.UNSPECIFIED.,.F.,.F.,(4,2,2,2,2,2,2,2,4),(0.,0.138084573188206,
0.276169146376411,0.41273459810892,0.549300049841428,0.685865501573937,
0.822430953306445,0.960515526494651,1.09860009968286),.UNSPECIFIED.);
#1958=B_SPLINE_CURVE_WITH_KNOTS('',3,(#13756,#13757,#13758,#13759,#13760,
#13761,#13762,#13763,#13764,#13765,#13766,#13767,#13768,#13769,#13770,#13771,
#13772,#13773),.UNSPECIFIED.,.F.,.F.,(4,2,2,2,2,2,2,2,4),(1.09860009968286,
1.23668467287106,1.37476924605927,1.51133469779178,1.64790014952428,1.78446560125679,
1.9210310529893,2.05911562617751,2.19720019936571),.UNSPECIFIED.);
#1959=B_SPLINE_CURVE_WITH_KNOTS('',3,(#13780,#13781,#13782,#13783,#13784,
#13785,#13786,#13787,#13788,#13789,#13790,#13791,#13792,#13793,#13794,#13795,
#13796,#13797),.UNSPECIFIED.,.F.,.F.,(4,2,2,2,2,2,2,2,4),(0.,0.138084573188205,
0.276169146376409,0.412734598108923,0.549300049841437,0.68586550157395,
0.822430953306464,0.960515526494668,1.09860009968287),.UNSPECIFIED.);
#1960=B_SPLINE_CURVE_WITH_KNOTS('',3,(#13798,#13799,#13800,#13801,#13802,
#13803,#13804,#13805,#13806,#13807,#13808,#13809,#13810,#13811,#13812,#13813,
#13814,#13815),.UNSPECIFIED.,.F.,.F.,(4,2,2,2,2,2,2,2,4),(1.09860009968287,
1.23668467287108,1.37476924605928,1.51133469779179,1.64790014952431,1.78446560125682,
1.92103105298934,2.05911562617754,2.19720019936574),.UNSPECIFIED.);
#1961=B_SPLINE_CURVE_WITH_KNOTS('',3,(#13822,#13823,#13824,#13825,#13826,
#13827,#13828,#13829,#13830,#13831,#13832,#13833,#13834,#13835,#13836,#13837,
#13838,#13839),.UNSPECIFIED.,.F.,.F.,(4,2,2,2,2,2,2,2,4),(0.,0.138084573188205,
0.27616914637641,0.412734598108923,0.549300049841436,0.685865501573948,
0.822430953306461,0.960515526494666,1.09860009968287),.UNSPECIFIED.);
#1962=B_SPLINE_CURVE_WITH_KNOTS('',3,(#13840,#13841,#13842,#13843,#13844,
#13845,#13846,#13847,#13848,#13849,#13850,#13851,#13852,#13853,#13854,#13855,
#13856,#13857),.UNSPECIFIED.,.F.,.F.,(4,2,2,2,2,2,2,2,4),(1.09860009968287,
1.23668467287108,1.37476924605928,1.51133469779179,1.64790014952431,1.78446560125682,
1.92103105298933,2.05911562617754,2.19720019936574),.UNSPECIFIED.);
#1963=B_SPLINE_CURVE_WITH_KNOTS('',3,(#13864,#13865,#13866,#13867,#13868,
#13869,#13870,#13871,#13872,#13873,#13874,#13875,#13876,#13877,#13878,#13879,
#13880,#13881),.UNSPECIFIED.,.F.,.F.,(4,2,2,2,2,2,2,2,4),(0.,0.138084573188201,
0.276169146376402,0.412734598108919,0.549300049841435,0.685865501573951,
0.822430953306467,0.960515526494669,1.09860009968287),.UNSPECIFIED.);
#1964=B_SPLINE_CURVE_WITH_KNOTS('',3,(#13882,#13883,#13884,#13885,#13886,
#13887,#13888,#13889,#13890,#13891,#13892,#13893,#13894,#13895,#13896,#13897,
#13898,#13899),.UNSPECIFIED.,.F.,.F.,(4,2,2,2,2,2,2,2,4),(1.09860009968287,
1.23668467287107,1.37476924605927,1.51133469779179,1.6479001495243,1.78446560125682,
1.92103105298934,2.05911562617754,2.19720019936574),.UNSPECIFIED.);
#1965=B_SPLINE_CURVE_WITH_KNOTS('',3,(#13906,#13907,#13908,#13909,#13910,
#13911,#13912,#13913,#13914,#13915,#13916,#13917,#13918,#13919,#13920,#13921,
#13922,#13923),.UNSPECIFIED.,.F.,.F.,(4,2,2,2,2,2,2,2,4),(0.,0.138084573188201,
0.276169146376402,0.412734598108918,0.549300049841435,0.685865501573951,
0.822430953306467,0.960515526494668,1.09860009968287),.UNSPECIFIED.);
#1966=B_SPLINE_CURVE_WITH_KNOTS('',3,(#13924,#13925,#13926,#13927,#13928,
#13929,#13930,#13931,#13932,#13933,#13934,#13935,#13936,#13937,#13938,#13939,
#13940,#13941),.UNSPECIFIED.,.F.,.F.,(4,2,2,2,2,2,2,2,4),(1.09860009968287,
1.23668467287107,1.37476924605927,1.51133469779179,1.6479001495243,1.78446560125682,
1.92103105298934,2.05911562617754,2.19720019936574),.UNSPECIFIED.);
#1967=B_SPLINE_CURVE_WITH_KNOTS('',3,(#13948,#13949,#13950,#13951,#13952,
#13953,#13954,#13955,#13956,#13957,#13958,#13959,#13960,#13961,#13962,#13963,
#13964,#13965),.UNSPECIFIED.,.F.,.F.,(4,2,2,2,2,2,2,2,4),(0.,0.138084573188206,
0.276169146376411,0.41273459810892,0.549300049841428,0.685865501573937,
0.822430953306445,0.960515526494651,1.09860009968286),.UNSPECIFIED.);
#1968=B_SPLINE_CURVE_WITH_KNOTS('',3,(#13966,#13967,#13968,#13969,#13970,
#13971,#13972,#13973,#13974,#13975,#13976,#13977,#13978,#13979,#13980,#13981,
#13982,#13983),.UNSPECIFIED.,.F.,.F.,(4,2,2,2,2,2,2,2,4),(1.09860009968286,
1.23668467287106,1.37476924605927,1.51133469779178,1.64790014952428,1.78446560125679,
1.9210310529893,2.05911562617751,2.19720019936571),.UNSPECIFIED.);
#1969=B_SPLINE_CURVE_WITH_KNOTS('',3,(#13990,#13991,#13992,#13993,#13994,
#13995,#13996,#13997,#13998,#13999,#14000,#14001,#14002,#14003,#14004,#14005,
#14006,#14007),.UNSPECIFIED.,.F.,.F.,(4,2,2,2,2,2,2,2,4),(0.,0.138084573188206,
0.276169146376411,0.412734598108924,0.549300049841438,0.68586550157395,
0.822430953306462,0.960515526494667,1.09860009968287),.UNSPECIFIED.);
#1970=B_SPLINE_CURVE_WITH_KNOTS('',3,(#14008,#14009,#14010,#14011,#14012,
#14013,#14014,#14015,#14016,#14017,#14018,#14019,#14020,#14021,#14022,#14023,
#14024,#14025),.UNSPECIFIED.,.F.,.F.,(4,2,2,2,2,2,2,2,4),(1.09860009968287,
1.23668467287108,1.37476924605928,1.51133469779179,1.64790014952431,1.78446560125682,
1.92103105298933,2.05911562617754,2.19720019936574),.UNSPECIFIED.);
#1971=B_SPLINE_CURVE_WITH_KNOTS('',3,(#14032,#14033,#14034,#14035,#14036,
#14037,#14038,#14039,#14040,#14041,#14042,#14043,#14044,#14045,#14046,#14047,
#14048,#14049),.UNSPECIFIED.,.F.,.F.,(4,2,2,2,2,2,2,2,4),(0.,0.1380845731882,
0.276169146376401,0.412734598108916,0.549300049841432,0.685865501573949,
0.822430953306466,0.960515526494668,1.09860009968287),.UNSPECIFIED.);
#1972=B_SPLINE_CURVE_WITH_KNOTS('',3,(#14050,#14051,#14052,#14053,#14054,
#14055,#14056,#14057,#14058,#14059,#14060,#14061,#14062,#14063,#14064,#14065,
#14066,#14067),.UNSPECIFIED.,.F.,.F.,(4,2,2,2,2,2,2,2,4),(1.09860009968287,
1.23668467287107,1.37476924605927,1.51133469779179,1.64790014952431,1.78446560125682,
1.92103105298934,2.05911562617754,2.19720019936574),.UNSPECIFIED.);
#1973=B_SPLINE_CURVE_WITH_KNOTS('',3,(#14074,#14075,#14076,#14077,#14078,
#14079,#14080,#14081,#14082,#14083,#14084,#14085,#14086,#14087,#14088,#14089,
#14090,#14091),.UNSPECIFIED.,.F.,.F.,(4,2,2,2,2,2,2,2,4),(0.,0.138084573188206,
0.276169146376411,0.41273459810892,0.549300049841428,0.685865501573937,
0.822430953306446,0.960515526494651,1.09860009968286),.UNSPECIFIED.);
#1974=B_SPLINE_CURVE_WITH_KNOTS('',3,(#14092,#14093,#14094,#14095,#14096,
#14097,#14098,#14099,#14100,#14101,#14102,#14103,#14104,#14105,#14106,#14107,
#14108,#14109),.UNSPECIFIED.,.F.,.F.,(4,2,2,2,2,2,2,2,4),(1.09860009968286,
1.23668467287106,1.37476924605927,1.51133469779178,1.64790014952429,1.78446560125679,
1.9210310529893,2.05911562617751,2.19720019936571),.UNSPECIFIED.);
#1975=B_SPLINE_CURVE_WITH_KNOTS('',3,(#14116,#14117,#14118,#14119,#14120,
#14121,#14122,#14123,#14124,#14125,#14126,#14127,#14128,#14129,#14130,#14131,
#14132,#14133),.UNSPECIFIED.,.F.,.F.,(4,2,2,2,2,2,2,2,4),(0.,0.138084573188204,
0.276169146376408,0.412734598108923,0.549300049841438,0.685865501573952,
0.822430953306467,0.960515526494671,1.09860009968288),.UNSPECIFIED.);
#1976=B_SPLINE_CURVE_WITH_KNOTS('',3,(#14134,#14135,#14136,#14137,#14138,
#14139,#14140,#14141,#14142,#14143,#14144,#14145,#14146,#14147,#14148,#14149,
#14150,#14151),.UNSPECIFIED.,.F.,.F.,(4,2,2,2,2,2,2,2,4),(1.09860009968288,
1.23668467287108,1.37476924605928,1.5113346977918,1.64790014952431,1.78446560125683,
1.92103105298934,2.05911562617755,2.19720019936575),.UNSPECIFIED.);
#1977=B_SPLINE_CURVE_WITH_KNOTS('',3,(#14158,#14159,#14160,#14161,#14162,
#14163,#14164,#14165,#14166,#14167,#14168,#14169,#14170,#14171,#14172,#14173,
#14174,#14175),.UNSPECIFIED.,.F.,.F.,(4,2,2,2,2,2,2,2,4),(0.,0.138084573188206,
0.276169146376411,0.41273459810892,0.549300049841428,0.685865501573937,
0.822430953306446,0.960515526494651,1.09860009968286),.UNSPECIFIED.);
#1978=B_SPLINE_CURVE_WITH_KNOTS('',3,(#14176,#14177,#14178,#14179,#14180,
#14181,#14182,#14183,#14184,#14185,#14186,#14187,#14188,#14189,#14190,#14191,
#14192,#14193),.UNSPECIFIED.,.F.,.F.,(4,2,2,2,2,2,2,2,4),(1.09860009968286,
1.23668467287106,1.37476924605927,1.51133469779178,1.64790014952429,1.78446560125679,
1.9210310529893,2.05911562617751,2.19720019936571),.UNSPECIFIED.);
#1979=B_SPLINE_CURVE_WITH_KNOTS('',3,(#14200,#14201,#14202,#14203,#14204,
#14205,#14206,#14207,#14208,#14209,#14210,#14211,#14212,#14213,#14214,#14215,
#14216,#14217),.UNSPECIFIED.,.F.,.F.,(4,2,2,2,2,2,2,2,4),(0.,0.138084573188201,
0.276169146376402,0.412734598108919,0.549300049841435,0.685865501573951,
0.822430953306467,0.960515526494669,1.09860009968287),.UNSPECIFIED.);
#1980=B_SPLINE_CURVE_WITH_KNOTS('',3,(#14218,#14219,#14220,#14221,#14222,
#14223,#14224,#14225,#14226,#14227,#14228,#14229,#14230,#14231,#14232,#14233,
#14234,#14235),.UNSPECIFIED.,.F.,.F.,(4,2,2,2,2,2,2,2,4),(1.09860009968287,
1.23668467287107,1.37476924605927,1.51133469779179,1.6479001495243,1.78446560125682,
1.92103105298934,2.05911562617754,2.19720019936574),.UNSPECIFIED.);
#1981=B_SPLINE_CURVE_WITH_KNOTS('',3,(#14242,#14243,#14244,#14245,#14246,
#14247,#14248,#14249,#14250,#14251,#14252,#14253,#14254,#14255,#14256,#14257,
#14258,#14259),.UNSPECIFIED.,.F.,.F.,(4,2,2,2,2,2,2,2,4),(0.,0.138084573188206,
0.276169146376411,0.41273459810892,0.549300049841428,0.685865501573937,
0.822430953306446,0.960515526494651,1.09860009968286),.UNSPECIFIED.);
#1982=B_SPLINE_CURVE_WITH_KNOTS('',3,(#14260,#14261,#14262,#14263,#14264,
#14265,#14266,#14267,#14268,#14269,#14270,#14271,#14272,#14273,#14274,#14275,
#14276,#14277),.UNSPECIFIED.,.F.,.F.,(4,2,2,2,2,2,2,2,4),(1.09860009968286,
1.23668467287106,1.37476924605927,1.51133469779178,1.64790014952429,1.78446560125679,
1.9210310529893,2.05911562617751,2.19720019936571),.UNSPECIFIED.);
#1983=B_SPLINE_CURVE_WITH_KNOTS('',3,(#14352,#14353,#14354,#14355,#14356,
#14357,#14358,#14359,#14360,#14361,#14362,#14363,#14364,#14365),
 .UNSPECIFIED.,.F.,.F.,(4,1,1,1,1,1,1,1,1,1,1,4),(-12.4034151445091,-11.5174569199013,
-10.6314986952935,-9.74554047068574,-8.85958224607794,-7.08766579686236,
-5.31574934764677,-3.54383289843118,-2.65787467382338,-1.77191644921559,
-0.885958224607794,0.),.UNSPECIFIED.);
#1984=B_SPLINE_CURVE_WITH_KNOTS('',3,(#14368,#14369,#14370,#14371,#14372,
#14373,#14374,#14375,#14376,#14377,#14378,#14379,#14380,#14381),
 .UNSPECIFIED.,.F.,.F.,(4,1,1,1,1,1,1,1,1,1,1,4),(0.,0.885958224607794,
1.77191644921559,2.65787467382338,3.54383289843118,5.31574934764677,7.08766579686236,
8.85958224607794,9.74554047068574,10.6314986952935,11.5174569199013,12.4034151445091),
 .UNSPECIFIED.);
#1985=B_SPLINE_CURVE_WITH_KNOTS('',3,(#14461,#14462,#14463,#14464,#14465,
#14466,#14467,#14468,#14469,#14470,#14471,#14472,#14473,#14474),
 .UNSPECIFIED.,.F.,.F.,(4,1,1,1,1,1,1,1,1,1,1,4),(-12.403415144509,-11.5174569199012,
-10.6314986952935,-9.74554047068567,-8.85958224607788,-7.08766579686231,
-5.31574934764673,-3.54383289843115,-2.65787467382336,-1.77191644921558,
-0.885958224607788,0.),.UNSPECIFIED.);
#1986=B_SPLINE_CURVE_WITH_KNOTS('',3,(#14475,#14476,#14477,#14478,#14479,
#14480,#14481,#14482,#14483,#14484,#14485,#14486,#14487,#14488),
 .UNSPECIFIED.,.F.,.F.,(4,1,1,1,1,1,1,1,1,1,1,4),(0.,0.885958224607788,
1.77191644921558,2.65787467382336,3.54383289843115,5.31574934764673,7.08766579686231,
8.85958224607788,9.74554047068567,10.6314986952935,11.5174569199012,12.403415144509),
 .UNSPECIFIED.);
#1987=B_SPLINE_CURVE_WITH_KNOTS('',3,(#14578,#14579,#14580,#14581,#14582,
#14583,#14584,#14585,#14586,#14587,#14588,#14589,#14590,#14591,#14592,#14593),
 .UNSPECIFIED.,.F.,.F.,(4,1,1,1,1,1,1,1,1,1,1,1,1,4),(-12.4034151445091,
-11.5174569199013,-10.6314986952935,-9.74554047068573,-8.85958224607793,
-8.41660313377404,-7.97362402147014,-7.08766579686235,-5.31574934764676,
-3.54383289843117,-2.65787467382338,-1.77191644921559,-0.885958224607793,
-1.2490009027032E-17),.UNSPECIFIED.);
#1988=B_SPLINE_CURVE_WITH_KNOTS('',3,(#14594,#14595,#14596,#14597,#14598,
#14599,#14600,#14601,#14602,#14603,#14604,#14605,#14606,#14607,#14608,#14609),
 .UNSPECIFIED.,.F.,.F.,(4,1,1,1,1,1,1,1,1,1,1,1,1,4),(1.2490009027032E-17,
0.885958224607793,1.77191644921559,2.65787467382338,3.54383289843117,5.31574934764676,
7.08766579686235,7.97362402147014,8.41660313377404,8.85958224607793,9.74554047068573,
10.6314986952935,11.5174569199013,12.4034151445091),.UNSPECIFIED.);
#1989=B_SPLINE_CURVE_WITH_KNOTS('',3,(#14689,#14690,#14691,#14692,#14693,
#14694,#14695,#14696,#14697,#14698,#14699,#14700,#14701,#14702),
 .UNSPECIFIED.,.F.,.F.,(4,1,1,1,1,1,1,1,1,1,1,4),(-12.4034151445091,-11.5174569199013,
-10.6314986952935,-9.74554047068575,-8.85958224607795,-7.08766579686236,
-5.31574934764677,-3.54383289843118,-2.65787467382339,-1.77191644921559,
-0.885958224607795,0.),.UNSPECIFIED.);
#1990=B_SPLINE_CURVE_WITH_KNOTS('',3,(#14703,#14704,#14705,#14706,#14707,
#14708,#14709,#14710,#14711,#14712,#14713,#14714,#14715,#14716),
 .UNSPECIFIED.,.F.,.F.,(4,1,1,1,1,1,1,1,1,1,1,4),(0.,0.885958224607795,
1.77191644921559,2.65787467382339,3.54383289843118,5.31574934764677,7.08766579686236,
8.85958224607795,9.74554047068575,10.6314986952935,11.5174569199013,12.4034151445091),
 .UNSPECIFIED.);
#1991=B_SPLINE_CURVE_WITH_KNOTS('',3,(#14768,#14769,#14770,#14771,#14772,
#14773,#14774,#14775,#14776,#14777,#14778,#14779,#14780,#14781),
 .UNSPECIFIED.,.F.,.F.,(4,1,1,1,1,1,1,1,1,1,1,4),(-12.4034151445091,-11.5174569199013,
-10.6314986952936,-9.74554047068576,-8.85958224607796,-7.08766579686237,
-5.31574934764678,-3.54383289843119,-2.6578746738234,-1.7719164492156,-0.885958224607808,
-1.2707890295616E-14),.UNSPECIFIED.);
#1992=B_SPLINE_CURVE_WITH_KNOTS('',3,(#14828,#14829,#14830,#14831,#14832,
#14833,#14834,#14835,#14836,#14837,#14838,#14839,#14840),.UNSPECIFIED.,
 .F.,.F.,(4,1,1,1,1,1,1,1,1,1,4),(-12.4034151445091,-11.5174569199013,-10.6314986952935,
-9.74554047068574,-8.85958224607795,-7.08766579686236,-5.31574934764677,
-3.54383289843118,-1.77191644921559,-0.885958224607794,0.),
 .UNSPECIFIED.);
#1993=B_SPLINE_CURVE_WITH_KNOTS('',3,(#15136,#15137,#15138,#15139,#15140,
#15141,#15142,#15143,#15144,#15145,#15146,#15147,#15148,#15149,#15150,#15151),
 .UNSPECIFIED.,.F.,.F.,(4,1,1,1,1,1,1,1,1,1,1,1,1,4),(-12.4034151445091,
-11.5174569199013,-10.6314986952935,-9.74554047068573,-8.85958224607794,
-8.41660313377404,-7.97362402147015,-7.08766579686235,-5.31574934764676,
-3.54383289843118,-2.65787467382338,-1.77191644921559,-0.885958224607794,
0.),.UNSPECIFIED.);
#1994=B_SPLINE_CURVE_WITH_KNOTS('',3,(#15154,#15155,#15156,#15157,#15158,
#15159,#15160,#15161,#15162,#15163,#15164,#15165,#15166,#15167,#15168,#15169),
 .UNSPECIFIED.,.F.,.F.,(4,1,1,1,1,1,1,1,1,1,1,1,1,4),(0.,0.885958224607794,
1.77191644921559,2.65787467382338,3.54383289843118,5.31574934764676,7.08766579686235,
7.97362402147015,8.41660313377404,8.85958224607794,9.74554047068573,10.6314986952935,
11.5174569199013,12.4034151445091),.UNSPECIFIED.);
#1995=B_SPLINE_CURVE_WITH_KNOTS('',3,(#15242,#15243,#15244,#15245,#15246,
#15247,#15248,#15249,#15250,#15251,#15252,#15253,#15254),.UNSPECIFIED.,
 .F.,.F.,(4,1,1,1,1,1,1,1,1,1,4),(0.,0.885958224607794,1.77191644921559,
3.54383289843118,5.31574934764677,7.08766579686236,8.85958224607795,9.74554047068574,
10.6314986952935,11.5174569199013,12.4034151445091),.UNSPECIFIED.);
#1996=B_SPLINE_CURVE_WITH_KNOTS('',3,(#15331,#15332,#15333,#15334,#15335,
#15336,#15337,#15338,#15339,#15340,#15341,#15342,#15343,#15344),
 .UNSPECIFIED.,.F.,.F.,(4,1,1,1,1,1,1,1,1,1,1,4),(1.2707890295616E-14,0.885958224607808,
1.7719164492156,2.6578746738234,3.54383289843119,5.31574934764678,7.08766579686237,
8.85958224607796,9.74554047068576,10.6314986952936,11.5174569199013,12.4034151445091),
 .UNSPECIFIED.);
#1997=B_SPLINE_CURVE_WITH_KNOTS('',3,(#15432,#15433,#15434,#15435,#15436,
#15437,#15438,#15439,#15440,#15441,#15442,#15443,#15444,#15445,#15446,#15447),
 .UNSPECIFIED.,.F.,.F.,(4,1,1,1,1,1,1,1,1,1,1,1,1,4),(-12.4034151445091,
-10.6314986952935,-8.85958224607792,-8.63809268992597,-7.97362402147013,
-7.08766579686234,-6.20170757225455,-5.31574934764675,-3.98681201073507,
-3.54383289843117,-2.65787467382338,-1.77191644921559,-0.885958224607794,
-1.58900670399506E-15),.UNSPECIFIED.);
#1998=B_SPLINE_CURVE_WITH_KNOTS('',3,(#15448,#15449,#15450,#15451,#15452,
#15453,#15454,#15455,#15456,#15457,#15458,#15459,#15460,#15461,#15462,#15463),
 .UNSPECIFIED.,.F.,.F.,(4,1,1,1,1,1,1,1,1,1,1,1,1,4),(1.58900670399506E-15,
0.885958224607794,1.77191644921559,2.65787467382338,3.54383289843117,3.98681201073507,
5.31574934764675,6.20170757225455,7.08766579686234,7.97362402147013,8.63809268992597,
8.85958224607792,10.6314986952935,12.4034151445091),.UNSPECIFIED.);
#1999=LINE('',#12458,#2433);
#2000=LINE('',#12503,#2434);
#2001=LINE('',#12548,#2435);
#2002=LINE('',#12593,#2436);
#2003=LINE('',#12638,#2437);
#2004=LINE('',#12683,#2438);
#2005=LINE('',#12728,#2439);
#2006=LINE('',#12773,#2440);
#2007=LINE('',#12812,#2441);
#2008=LINE('',#12851,#2442);
#2009=LINE('',#12890,#2443);
#2010=LINE('',#12929,#2444);
#2011=LINE('',#12968,#2445);
#2012=LINE('',#13007,#2446);
#2013=LINE('',#13046,#2447);
#2014=LINE('',#13085,#2448);
#2015=LINE('',#13124,#2449);
#2016=LINE('',#13163,#2450);
#2017=LINE('',#13202,#2451);
#2018=LINE('',#13241,#2452);
#2019=LINE('',#13280,#2453);
#2020=LINE('',#13319,#2454);
#2021=LINE('',#13358,#2455);
#2022=LINE('',#13400,#2456);
#2023=LINE('',#13442,#2457);
#2024=LINE('',#13484,#2458);
#2025=LINE('',#13526,#2459);
#2026=LINE('',#13568,#2460);
#2027=LINE('',#13610,#2461);
#2028=LINE('',#13652,#2462);
#2029=LINE('',#13694,#2463);
#2030=LINE('',#13736,#2464);
#2031=LINE('',#13778,#2465);
#2032=LINE('',#13820,#2466);
#2033=LINE('',#13862,#2467);
#2034=LINE('',#13904,#2468);
#2035=LINE('',#13946,#2469);
#2036=LINE('',#13988,#2470);
#2037=LINE('',#14030,#2471);
#2038=LINE('',#14072,#2472);
#2039=LINE('',#14114,#2473);
#2040=LINE('',#14156,#2474);
#2041=LINE('',#14198,#2475);
#2042=LINE('',#14240,#2476);
#2043=LINE('',#14386,#2477);
#2044=LINE('',#14387,#2478);
#2045=LINE('',#14493,#2479);
#2046=LINE('',#14494,#2480);
#2047=LINE('',#14614,#2481);
#2048=LINE('',#14615,#2482);
#2049=LINE('',#14718,#2483);
#2050=LINE('',#14719,#2484);
#2051=LINE('',#14722,#2485);
#2052=LINE('',#14724,#2486);
#2053=LINE('',#14725,#2487);
#2054=LINE('',#14767,#2488);
#2055=LINE('',#14784,#2489);
#2056=LINE('',#14785,#2490);
#2057=LINE('',#14827,#2491);
#2058=LINE('',#15173,#2492);
#2059=LINE('',#15174,#2493);
#2060=LINE('',#15258,#2494);
#2061=LINE('',#15348,#2495);
#2062=LINE('',#15465,#2496);
#2063=LINE('',#15466,#2497);
#2064=LINE('',#15507,#2498);
#2065=LINE('',#15509,#2499);
#2066=LINE('',#15550,#2500);
#2067=LINE('',#15852,#2501);
#2068=LINE('',#15859,#2502);
#2069=LINE('',#15862,#2503);
#2070=LINE('',#15869,#2504);
#2071=LINE('',#15872,#2505);
#2072=LINE('',#15879,#2506);
#2073=LINE('',#15882,#2507);
#2074=LINE('',#15889,#2508);
#2075=LINE('',#15892,#2509);
#2076=LINE('',#15899,#2510);
#2077=LINE('',#15902,#2511);
#2078=LINE('',#15909,#2512);
#2079=LINE('',#15912,#2513);
#2080=LINE('',#15919,#2514);
#2081=LINE('',#15922,#2515);
#2082=LINE('',#15929,#2516);
#2083=LINE('',#15932,#2517);
#2084=LINE('',#15939,#2518);
#2085=LINE('',#15942,#2519);
#2086=LINE('',#15949,#2520);
#2087=LINE('',#15952,#2521);
#2088=LINE('',#15959,#2522);
#2089=LINE('',#15962,#2523);
#2090=LINE('',#15969,#2524);
#2091=LINE('',#15972,#2525);
#2092=LINE('',#15979,#2526);
#2093=LINE('',#15982,#2527);
#2094=LINE('',#15989,#2528);
#2095=LINE('',#15992,#2529);
#2096=LINE('',#15999,#2530);
#2097=LINE('',#16002,#2531);
#2098=LINE('',#16009,#2532);
#2099=LINE('',#16012,#2533);
#2100=LINE('',#16019,#2534);
#2101=LINE('',#16022,#2535);
#2102=LINE('',#16029,#2536);
#2103=LINE('',#16032,#2537);
#2104=LINE('',#16039,#2538);
#2105=LINE('',#16042,#2539);
#2106=LINE('',#16049,#2540);
#2107=LINE('',#16052,#2541);
#2108=LINE('',#16059,#2542);
#2109=LINE('',#16062,#2543);
#2110=LINE('',#16069,#2544);
#2111=LINE('',#16072,#2545);
#2112=LINE('',#16079,#2546);
#2113=LINE('',#16082,#2547);
#2114=LINE('',#16089,#2548);
#2115=LINE('',#16092,#2549);
#2116=LINE('',#16099,#2550);
#2117=LINE('',#16102,#2551);
#2118=LINE('',#16109,#2552);
#2119=LINE('',#16112,#2553);
#2120=LINE('',#16119,#2554);
#2121=LINE('',#16122,#2555);
#2122=LINE('',#16129,#2556);
#2123=LINE('',#16132,#2557);
#2124=LINE('',#16139,#2558);
#2125=LINE('',#16142,#2559);
#2126=LINE('',#16149,#2560);
#2127=LINE('',#16151,#2561);
#2128=LINE('',#16153,#2562);
#2129=LINE('',#16155,#2563);
#2130=LINE('',#16157,#2564);
#2131=LINE('',#16159,#2565);
#2132=LINE('',#16161,#2566);
#2133=LINE('',#16163,#2567);
#2134=LINE('',#16165,#2568);
#2135=LINE('',#16167,#2569);
#2136=LINE('',#16169,#2570);
#2137=LINE('',#16171,#2571);
#2138=LINE('',#16173,#2572);
#2139=LINE('',#16175,#2573);
#2140=LINE('',#16177,#2574);
#2141=LINE('',#16179,#2575);
#2142=LINE('',#16181,#2576);
#2143=LINE('',#16183,#2577);
#2144=LINE('',#16185,#2578);
#2145=LINE('',#16187,#2579);
#2146=LINE('',#16189,#2580);
#2147=LINE('',#16191,#2581);
#2148=LINE('',#16193,#2582);
#2149=LINE('',#16195,#2583);
#2150=LINE('',#16197,#2584);
#2151=LINE('',#16199,#2585);
#2152=LINE('',#16201,#2586);
#2153=LINE('',#16203,#2587);
#2154=LINE('',#16205,#2588);
#2155=LINE('',#16207,#2589);
#2156=LINE('',#16209,#2590);
#2157=LINE('',#16212,#2591);
#2158=LINE('',#16218,#2592);
#2159=LINE('',#16222,#2593);
#2160=LINE('',#16228,#2594);
#2161=LINE('',#16232,#2595);
#2162=LINE('',#16238,#2596);
#2163=LINE('',#16242,#2597);
#2164=LINE('',#16248,#2598);
#2165=LINE('',#16252,#2599);
#2166=LINE('',#16258,#2600);
#2167=LINE('',#16262,#2601);
#2168=LINE('',#16268,#2602);
#2169=LINE('',#16272,#2603);
#2170=LINE('',#16278,#2604);
#2171=LINE('',#16282,#2605);
#2172=LINE('',#16288,#2606);
#2173=LINE('',#16292,#2607);
#2174=LINE('',#16298,#2608);
#2175=LINE('',#16302,#2609);
#2176=LINE('',#16308,#2610);
#2177=LINE('',#16312,#2611);
#2178=LINE('',#16318,#2612);
#2179=LINE('',#16322,#2613);
#2180=LINE('',#16328,#2614);
#2181=LINE('',#16332,#2615);
#2182=LINE('',#16338,#2616);
#2183=LINE('',#16342,#2617);
#2184=LINE('',#16348,#2618);
#2185=LINE('',#16352,#2619);
#2186=LINE('',#16358,#2620);
#2187=LINE('',#16362,#2621);
#2188=LINE('',#16368,#2622);
#2189=LINE('',#16372,#2623);
#2190=LINE('',#16378,#2624);
#2191=LINE('',#16382,#2625);
#2192=LINE('',#16388,#2626);
#2193=LINE('',#16392,#2627);
#2194=LINE('',#16398,#2628);
#2195=LINE('',#16402,#2629);
#2196=LINE('',#16408,#2630);
#2197=LINE('',#16412,#2631);
#2198=LINE('',#16418,#2632);
#2199=LINE('',#16422,#2633);
#2200=LINE('',#16428,#2634);
#2201=LINE('',#16432,#2635);
#2202=LINE('',#16438,#2636);
#2203=LINE('',#16442,#2637);
#2204=LINE('',#16448,#2638);
#2205=LINE('',#16452,#2639);
#2206=LINE('',#16458,#2640);
#2207=LINE('',#16462,#2641);
#2208=LINE('',#16468,#2642);
#2209=LINE('',#16472,#2643);
#2210=LINE('',#16478,#2644);
#2211=LINE('',#16482,#2645);
#2212=LINE('',#16488,#2646);
#2213=LINE('',#16492,#2647);
#2214=LINE('',#16498,#2648);
#2215=LINE('',#16502,#2649);
#2216=LINE('',#16508,#2650);
#2217=LINE('',#16512,#2651);
#2218=LINE('',#16518,#2652);
#2219=LINE('',#16522,#2653);
#2220=LINE('',#16528,#2654);
#2221=LINE('',#16532,#2655);
#2222=LINE('',#16538,#2656);
#2223=LINE('',#16542,#2657);
#2224=LINE('',#16548,#2658);
#2225=LINE('',#16552,#2659);
#2226=LINE('',#16558,#2660);
#2227=LINE('',#16562,#2661);
#2228=LINE('',#16568,#2662);
#2229=LINE('',#16572,#2663);
#2230=LINE('',#16578,#2664);
#2231=LINE('',#16582,#2665);
#2232=LINE('',#16588,#2666);
#2233=LINE('',#16592,#2667);
#2234=LINE('',#16598,#2668);
#2235=LINE('',#16602,#2669);
#2236=LINE('',#16608,#2670);
#2237=LINE('',#16612,#2671);
#2238=LINE('',#16618,#2672);
#2239=LINE('',#16622,#2673);
#2240=LINE('',#16628,#2674);
#2241=LINE('',#16632,#2675);
#2242=LINE('',#16638,#2676);
#2243=LINE('',#16642,#2677);
#2244=LINE('',#16648,#2678);
#2245=LINE('',#16652,#2679);
#2246=LINE('',#16658,#2680);
#2247=LINE('',#16662,#2681);
#2248=LINE('',#16668,#2682);
#2249=LINE('',#16672,#2683);
#2250=LINE('',#16678,#2684);
#2251=LINE('',#16682,#2685);
#2252=LINE('',#16688,#2686);
#2253=LINE('',#16692,#2687);
#2254=LINE('',#16698,#2688);
#2255=LINE('',#16702,#2689);
#2256=LINE('',#16708,#2690);
#2257=LINE('',#16712,#2691);
#2258=LINE('',#16718,#2692);
#2259=LINE('',#16722,#2693);
#2260=LINE('',#16728,#2694);
#2261=LINE('',#16732,#2695);
#2262=LINE('',#16738,#2696);
#2263=LINE('',#16742,#2697);
#2264=LINE('',#16748,#2698);
#2265=LINE('',#16752,#2699);
#2266=LINE('',#16758,#2700);
#2267=LINE('',#16762,#2701);
#2268=LINE('',#16768,#2702);
#2269=LINE('',#16772,#2703);
#2270=LINE('',#16778,#2704);
#2271=LINE('',#16782,#2705);
#2272=LINE('',#16788,#2706);
#2273=LINE('',#16792,#2707);
#2274=LINE('',#16798,#2708);
#2275=LINE('',#16802,#2709);
#2276=LINE('',#16808,#2710);
#2277=LINE('',#16812,#2711);
#2278=LINE('',#16818,#2712);
#2279=LINE('',#16822,#2713);
#2280=LINE('',#16828,#2714);
#2281=LINE('',#16832,#2715);
#2282=LINE('',#16838,#2716);
#2283=LINE('',#16842,#2717);
#2284=LINE('',#16848,#2718);
#2285=LINE('',#16852,#2719);
#2286=LINE('',#16858,#2720);
#2287=LINE('',#16862,#2721);
#2288=LINE('',#16868,#2722);
#2289=LINE('',#16872,#2723);
#2290=LINE('',#16878,#2724);
#2291=LINE('',#16882,#2725);
#2292=LINE('',#16888,#2726);
#2293=LINE('',#16892,#2727);
#2294=LINE('',#16898,#2728);
#2295=LINE('',#16902,#2729);
#2296=LINE('',#16908,#2730);
#2297=LINE('',#16912,#2731);
#2298=LINE('',#16918,#2732);
#2299=LINE('',#16922,#2733);
#2300=LINE('',#16928,#2734);
#2301=LINE('',#16932,#2735);
#2302=LINE('',#16938,#2736);
#2303=LINE('',#16942,#2737);
#2304=LINE('',#16948,#2738);
#2305=LINE('',#16951,#2739);
#2306=LINE('',#16953,#2740);
#2307=LINE('',#16955,#2741);
#2308=LINE('',#16957,#2742);
#2309=LINE('',#16959,#2743);
#2310=LINE('',#16961,#2744);
#2311=LINE('',#16963,#2745);
#2312=LINE('',#16965,#2746);
#2313=LINE('',#16967,#2747);
#2314=LINE('',#16969,#2748);
#2315=LINE('',#16971,#2749);
#2316=LINE('',#16973,#2750);
#2317=LINE('',#16975,#2751);
#2318=LINE('',#16977,#2752);
#2319=LINE('',#16979,#2753);
#2320=LINE('',#16981,#2754);
#2321=LINE('',#16983,#2755);
#2322=LINE('',#16985,#2756);
#2323=LINE('',#16987,#2757);
#2324=LINE('',#16989,#2758);
#2325=LINE('',#16991,#2759);
#2326=LINE('',#16993,#2760);
#2327=LINE('',#16995,#2761);
#2328=LINE('',#16997,#2762);
#2329=LINE('',#16999,#2763);
#2330=LINE('',#17001,#2764);
#2331=LINE('',#17003,#2765);
#2332=LINE('',#17005,#2766);
#2333=LINE('',#17007,#2767);
#2334=LINE('',#17009,#2768);
#2335=LINE('',#17011,#2769);
#2336=LINE('',#17013,#2770);
#2337=LINE('',#17015,#2771);
#2338=LINE('',#17017,#2772);
#2339=LINE('',#17019,#2773);
#2340=LINE('',#17021,#2774);
#2341=LINE('',#17023,#2775);
#2342=LINE('',#17025,#2776);
#2343=LINE('',#17027,#2777);
#2344=LINE('',#17029,#2778);
#2345=LINE('',#17031,#2779);
#2346=LINE('',#17033,#2780);
#2347=LINE('',#17035,#2781);
#2348=LINE('',#17037,#2782);
#2349=LINE('',#17039,#2783);
#2350=LINE('',#17041,#2784);
#2351=LINE('',#17043,#2785);
#2352=LINE('',#17045,#2786);
#2353=LINE('',#17047,#2787);
#2354=LINE('',#17049,#2788);
#2355=LINE('',#17051,#2789);
#2356=LINE('',#17053,#2790);
#2357=LINE('',#17055,#2791);
#2358=LINE('',#17057,#2792);
#2359=LINE('',#17059,#2793);
#2360=LINE('',#17061,#2794);
#2361=LINE('',#17063,#2795);
#2362=LINE('',#17065,#2796);
#2363=LINE('',#17067,#2797);
#2364=LINE('',#17069,#2798);
#2365=LINE('',#17071,#2799);
#2366=LINE('',#17073,#2800);
#2367=LINE('',#17075,#2801);
#2368=LINE('',#17077,#2802);
#2369=LINE('',#17079,#2803);
#2370=LINE('',#17081,#2804);
#2371=LINE('',#17083,#2805);
#2372=LINE('',#17085,#2806);
#2373=LINE('',#17087,#2807);
#2374=LINE('',#17089,#2808);
#2375=LINE('',#17091,#2809);
#2376=LINE('',#17093,#2810);
#2377=LINE('',#17095,#2811);
#2378=LINE('',#17097,#2812);
#2379=LINE('',#17100,#2813);
#2380=LINE('',#17107,#2814);
#2381=LINE('',#17109,#2815);
#2382=LINE('',#17113,#2816);
#2383=LINE('',#17118,#2817);
#2384=LINE('',#17123,#2818);
#2385=LINE('',#17128,#2819);
#2386=LINE('',#17133,#2820);
#2387=LINE('',#17138,#2821);
#2388=LINE('',#17143,#2822);
#2389=LINE('',#17148,#2823);
#2390=LINE('',#17153,#2824);
#2391=LINE('',#17157,#2825);
#2392=LINE('',#17159,#2826);
#2393=LINE('',#17163,#2827);
#2394=LINE('',#17165,#2828);
#2395=LINE('',#17169,#2829);
#2396=LINE('',#17171,#2830);
#2397=LINE('',#17175,#2831);
#2398=LINE('',#17177,#2832);
#2399=LINE('',#17182,#2833);
#2400=LINE('',#17187,#2834);
#2401=LINE('',#17192,#2835);
#2402=LINE('',#17197,#2836);
#2403=LINE('',#17202,#2837);
#2404=LINE('',#17207,#2838);
#2405=LINE('',#17212,#2839);
#2406=LINE('',#17217,#2840);
#2407=LINE('',#17222,#2841);
#2408=LINE('',#17227,#2842);
#2409=LINE('',#17232,#2843);
#2410=LINE('',#17237,#2844);
#2411=LINE('',#17242,#2845);
#2412=LINE('',#17247,#2846);
#2413=LINE('',#17252,#2847);
#2414=LINE('',#17257,#2848);
#2415=LINE('',#17262,#2849);
#2416=LINE('',#17267,#2850);
#2417=LINE('',#17271,#2851);
#2418=LINE('',#17273,#2852);
#2419=LINE('',#17277,#2853);
#2420=LINE('',#17279,#2854);
#2421=LINE('',#17283,#2855);
#2422=LINE('',#17285,#2856);
#2423=LINE('',#17290,#2857);
#2424=LINE('',#17295,#2858);
#2425=LINE('',#17300,#2859);
#2426=LINE('',#17305,#2860);
#2427=LINE('',#17310,#2861);
#2428=LINE('',#17315,#2862);
#2429=LINE('',#17320,#2863);
#2430=LINE('',#17325,#2864);
#2431=LINE('',#17330,#2865);
#2432=LINE('',#17335,#2866);
#2433=VECTOR('',#9755,3.5);
#2434=VECTOR('',#9760,3.5);
#2435=VECTOR('',#9765,3.5);
#2436=VECTOR('',#9770,3.5);
#2437=VECTOR('',#9775,3.5);
#2438=VECTOR('',#9780,3.5);
#2439=VECTOR('',#9785,3.5);
#2440=VECTOR('',#9790,3.5);
#2441=VECTOR('',#9795,3.5);
#2442=VECTOR('',#9800,3.5);
#2443=VECTOR('',#9805,3.5);
#2444=VECTOR('',#9810,3.5);
#2445=VECTOR('',#9815,3.5);
#2446=VECTOR('',#9820,3.5);
#2447=VECTOR('',#9825,3.5);
#2448=VECTOR('',#9830,3.5);
#2449=VECTOR('',#9835,3.5);
#2450=VECTOR('',#9840,3.5);
#2451=VECTOR('',#9845,3.5);
#2452=VECTOR('',#9850,3.5);
#2453=VECTOR('',#9855,3.5);
#2454=VECTOR('',#9860,3.5);
#2455=VECTOR('',#9865,3.5);
#2456=VECTOR('',#9870,3.5);
#2457=VECTOR('',#9875,3.5);
#2458=VECTOR('',#9880,3.5);
#2459=VECTOR('',#9885,3.5);
#2460=VECTOR('',#9890,3.5);
#2461=VECTOR('',#9895,3.5);
#2462=VECTOR('',#9900,3.5);
#2463=VECTOR('',#9905,3.5);
#2464=VECTOR('',#9910,3.5);
#2465=VECTOR('',#9915,3.5);
#2466=VECTOR('',#9920,3.5);
#2467=VECTOR('',#9925,3.5);
#2468=VECTOR('',#9930,3.5);
#2469=VECTOR('',#9935,3.5);
#2470=VECTOR('',#9940,3.5);
#2471=VECTOR('',#9945,3.5);
#2472=VECTOR('',#9950,3.5);
#2473=VECTOR('',#9955,3.5);
#2474=VECTOR('',#9960,3.5);
#2475=VECTOR('',#9965,3.5);
#2476=VECTOR('',#9970,3.5);
#2477=VECTOR('',#9979,10.);
#2478=VECTOR('',#9980,10.);
#2479=VECTOR('',#9987,10.);
#2480=VECTOR('',#9988,10.);
#2481=VECTOR('',#9995,10.);
#2482=VECTOR('',#9996,10.);
#2483=VECTOR('',#10001,10.);
#2484=VECTOR('',#10002,10.);
#2485=VECTOR('',#10005,10.);
#2486=VECTOR('',#10006,10.);
#2487=VECTOR('',#10007,10.);
#2488=VECTOR('',#10008,10.);
#2489=VECTOR('',#10011,10.);
#2490=VECTOR('',#10012,10.);
#2491=VECTOR('',#10013,10.);
#2492=VECTOR('',#10234,10.);
#2493=VECTOR('',#10235,10.);
#2494=VECTOR('',#10242,10.);
#2495=VECTOR('',#10249,10.);
#2496=VECTOR('',#10254,10.);
#2497=VECTOR('',#10255,10.);
#2498=VECTOR('',#10256,10.);
#2499=VECTOR('',#10259,10.);
#2500=VECTOR('',#10260,10.);
#2501=VECTOR('',#10563,17.8749999999999);
#2502=VECTOR('',#10572,15.);
#2503=VECTOR('',#10575,17.8749999999999);
#2504=VECTOR('',#10584,15.);
#2505=VECTOR('',#10587,17.8749999999999);
#2506=VECTOR('',#10596,15.);
#2507=VECTOR('',#10599,17.8749999999999);
#2508=VECTOR('',#10608,15.);
#2509=VECTOR('',#10611,17.8749999999999);
#2510=VECTOR('',#10620,15.);
#2511=VECTOR('',#10623,17.8749999999999);
#2512=VECTOR('',#10632,15.);
#2513=VECTOR('',#10635,17.8749999999999);
#2514=VECTOR('',#10644,15.);
#2515=VECTOR('',#10647,17.875);
#2516=VECTOR('',#10656,15.);
#2517=VECTOR('',#10659,17.875);
#2518=VECTOR('',#10668,15.);
#2519=VECTOR('',#10671,17.875);
#2520=VECTOR('',#10680,15.);
#2521=VECTOR('',#10683,17.875);
#2522=VECTOR('',#10692,15.);
#2523=VECTOR('',#10695,17.875);
#2524=VECTOR('',#10704,15.);
#2525=VECTOR('',#10707,17.875);
#2526=VECTOR('',#10716,15.);
#2527=VECTOR('',#10719,17.875);
#2528=VECTOR('',#10728,15.);
#2529=VECTOR('',#10731,17.875);
#2530=VECTOR('',#10740,15.);
#2531=VECTOR('',#10743,17.875);
#2532=VECTOR('',#10752,15.);
#2533=VECTOR('',#10755,17.875);
#2534=VECTOR('',#10764,15.);
#2535=VECTOR('',#10767,17.875);
#2536=VECTOR('',#10776,15.);
#2537=VECTOR('',#10779,17.875);
#2538=VECTOR('',#10788,15.);
#2539=VECTOR('',#10791,17.875);
#2540=VECTOR('',#10800,15.);
#2541=VECTOR('',#10803,17.875);
#2542=VECTOR('',#10812,15.);
#2543=VECTOR('',#10815,17.875);
#2544=VECTOR('',#10824,15.);
#2545=VECTOR('',#10827,17.875);
#2546=VECTOR('',#10836,15.);
#2547=VECTOR('',#10839,17.8749999999999);
#2548=VECTOR('',#10848,15.);
#2549=VECTOR('',#10851,17.8749999999999);
#2550=VECTOR('',#10860,15.);
#2551=VECTOR('',#10863,17.8749999999999);
#2552=VECTOR('',#10872,15.);
#2553=VECTOR('',#10875,17.8749999999999);
#2554=VECTOR('',#10884,15.);
#2555=VECTOR('',#10887,17.8749999999999);
#2556=VECTOR('',#10896,15.);
#2557=VECTOR('',#10899,17.8749999999999);
#2558=VECTOR('',#10908,15.);
#2559=VECTOR('',#10911,17.8749999999999);
#2560=VECTOR('',#10920,15.);
#2561=VECTOR('',#10923,17.875);
#2562=VECTOR('',#10926,17.875);
#2563=VECTOR('',#10929,17.875);
#2564=VECTOR('',#10932,17.875);
#2565=VECTOR('',#10935,17.875);
#2566=VECTOR('',#10938,17.875);
#2567=VECTOR('',#10941,17.875);
#2568=VECTOR('',#10944,17.875);
#2569=VECTOR('',#10947,17.8749999999999);
#2570=VECTOR('',#10950,17.8749999999999);
#2571=VECTOR('',#10953,17.8749999999999);
#2572=VECTOR('',#10956,17.8749999999999);
#2573=VECTOR('',#10959,17.8749999999999);
#2574=VECTOR('',#10962,17.8749999999999);
#2575=VECTOR('',#10965,17.8749999999999);
#2576=VECTOR('',#10968,17.8749999999999);
#2577=VECTOR('',#10971,17.8749999999999);
#2578=VECTOR('',#10974,17.8749999999999);
#2579=VECTOR('',#10977,17.8749999999999);
#2580=VECTOR('',#10980,17.8749999999999);
#2581=VECTOR('',#10983,17.8749999999999);
#2582=VECTOR('',#10986,17.8749999999999);
#2583=VECTOR('',#10989,17.875);
#2584=VECTOR('',#10992,17.875);
#2585=VECTOR('',#10995,17.875);
#2586=VECTOR('',#10998,17.875);
#2587=VECTOR('',#11001,17.875);
#2588=VECTOR('',#11004,17.875);
#2589=VECTOR('',#11007,17.875);
#2590=VECTOR('',#11010,17.875);
#2591=VECTOR('',#11013,17.8749999999999);
#2592=VECTOR('',#11020,15.);
#2593=VECTOR('',#11025,17.8749999999999);
#2594=VECTOR('',#11032,15.);
#2595=VECTOR('',#11037,17.8749999999999);
#2596=VECTOR('',#11044,15.);
#2597=VECTOR('',#11049,17.8749999999999);
#2598=VECTOR('',#11056,15.);
#2599=VECTOR('',#11061,17.8749999999999);
#2600=VECTOR('',#11068,15.);
#2601=VECTOR('',#11073,17.8749999999999);
#2602=VECTOR('',#11080,15.);
#2603=VECTOR('',#11085,17.8749999999999);
#2604=VECTOR('',#11092,15.);
#2605=VECTOR('',#11097,17.8749999999999);
#2606=VECTOR('',#11104,15.);
#2607=VECTOR('',#11109,17.8749999999999);
#2608=VECTOR('',#11116,15.);
#2609=VECTOR('',#11121,17.8749999999999);
#2610=VECTOR('',#11128,15.);
#2611=VECTOR('',#11133,17.8749999999999);
#2612=VECTOR('',#11140,15.);
#2613=VECTOR('',#11145,17.8749999999999);
#2614=VECTOR('',#11152,15.);
#2615=VECTOR('',#11157,17.8749999999999);
#2616=VECTOR('',#11164,15.);
#2617=VECTOR('',#11169,17.8749999999999);
#2618=VECTOR('',#11176,15.);
#2619=VECTOR('',#11181,17.8749999999999);
#2620=VECTOR('',#11188,15.);
#2621=VECTOR('',#11193,17.8749999999999);
#2622=VECTOR('',#11200,15.);
#2623=VECTOR('',#11205,17.8749999999999);
#2624=VECTOR('',#11212,15.);
#2625=VECTOR('',#11217,17.8749999999999);
#2626=VECTOR('',#11224,15.);
#2627=VECTOR('',#11229,17.8749999999999);
#2628=VECTOR('',#11236,15.);
#2629=VECTOR('',#11241,17.8749999999999);
#2630=VECTOR('',#11248,15.);
#2631=VECTOR('',#11253,17.8749999999999);
#2632=VECTOR('',#11260,15.);
#2633=VECTOR('',#11265,17.8749999999999);
#2634=VECTOR('',#11272,15.);
#2635=VECTOR('',#11277,17.8749999999999);
#2636=VECTOR('',#11284,15.);
#2637=VECTOR('',#11289,17.8749999999999);
#2638=VECTOR('',#11296,15.);
#2639=VECTOR('',#11301,17.8749999999999);
#2640=VECTOR('',#11308,15.);
#2641=VECTOR('',#11313,17.8749999999999);
#2642=VECTOR('',#11320,15.);
#2643=VECTOR('',#11325,17.8749999999999);
#2644=VECTOR('',#11332,15.);
#2645=VECTOR('',#11337,17.8749999999999);
#2646=VECTOR('',#11344,15.);
#2647=VECTOR('',#11349,17.8749999999999);
#2648=VECTOR('',#11356,15.);
#2649=VECTOR('',#11361,17.8749999999999);
#2650=VECTOR('',#11368,15.);
#2651=VECTOR('',#11373,17.8749999999999);
#2652=VECTOR('',#11380,15.);
#2653=VECTOR('',#11385,17.8749999999999);
#2654=VECTOR('',#11392,15.);
#2655=VECTOR('',#11397,17.8749999999999);
#2656=VECTOR('',#11404,15.);
#2657=VECTOR('',#11409,17.8749999999999);
#2658=VECTOR('',#11416,15.);
#2659=VECTOR('',#11421,17.8749999999999);
#2660=VECTOR('',#11428,15.);
#2661=VECTOR('',#11433,17.875);
#2662=VECTOR('',#11440,15.);
#2663=VECTOR('',#11445,17.875);
#2664=VECTOR('',#11452,15.);
#2665=VECTOR('',#11457,17.875);
#2666=VECTOR('',#11464,15.);
#2667=VECTOR('',#11469,17.875);
#2668=VECTOR('',#11476,15.);
#2669=VECTOR('',#11481,17.875);
#2670=VECTOR('',#11488,15.);
#2671=VECTOR('',#11493,17.875);
#2672=VECTOR('',#11500,15.);
#2673=VECTOR('',#11505,17.875);
#2674=VECTOR('',#11512,15.);
#2675=VECTOR('',#11517,17.875);
#2676=VECTOR('',#11524,15.);
#2677=VECTOR('',#11529,17.875);
#2678=VECTOR('',#11536,15.);
#2679=VECTOR('',#11541,17.875);
#2680=VECTOR('',#11548,15.);
#2681=VECTOR('',#11553,17.875);
#2682=VECTOR('',#11560,15.);
#2683=VECTOR('',#11565,17.875);
#2684=VECTOR('',#11572,15.);
#2685=VECTOR('',#11577,17.875);
#2686=VECTOR('',#11584,15.);
#2687=VECTOR('',#11589,17.875);
#2688=VECTOR('',#11596,15.);
#2689=VECTOR('',#11601,17.875);
#2690=VECTOR('',#11608,15.);
#2691=VECTOR('',#11613,17.875);
#2692=VECTOR('',#11620,15.);
#2693=VECTOR('',#11625,17.875);
#2694=VECTOR('',#11632,15.);
#2695=VECTOR('',#11637,17.875);
#2696=VECTOR('',#11644,15.);
#2697=VECTOR('',#11649,17.875);
#2698=VECTOR('',#11656,15.);
#2699=VECTOR('',#11661,17.875);
#2700=VECTOR('',#11668,15.);
#2701=VECTOR('',#11673,17.875);
#2702=VECTOR('',#11680,15.);
#2703=VECTOR('',#11685,17.875);
#2704=VECTOR('',#11692,15.);
#2705=VECTOR('',#11697,17.875);
#2706=VECTOR('',#11704,15.);
#2707=VECTOR('',#11709,17.875);
#2708=VECTOR('',#11716,15.);
#2709=VECTOR('',#11721,17.875);
#2710=VECTOR('',#11728,15.);
#2711=VECTOR('',#11733,17.875);
#2712=VECTOR('',#11740,15.);
#2713=VECTOR('',#11745,17.875);
#2714=VECTOR('',#11752,15.);
#2715=VECTOR('',#11757,17.875);
#2716=VECTOR('',#11764,15.);
#2717=VECTOR('',#11769,17.875);
#2718=VECTOR('',#11776,15.);
#2719=VECTOR('',#11781,17.875);
#2720=VECTOR('',#11788,15.);
#2721=VECTOR('',#11793,17.875);
#2722=VECTOR('',#11800,15.);
#2723=VECTOR('',#11805,17.875);
#2724=VECTOR('',#11812,15.);
#2725=VECTOR('',#11817,17.875);
#2726=VECTOR('',#11824,15.);
#2727=VECTOR('',#11829,17.875);
#2728=VECTOR('',#11836,15.);
#2729=VECTOR('',#11841,17.875);
#2730=VECTOR('',#11848,15.);
#2731=VECTOR('',#11853,17.875);
#2732=VECTOR('',#11860,15.);
#2733=VECTOR('',#11865,17.875);
#2734=VECTOR('',#11872,15.);
#2735=VECTOR('',#11877,17.875);
#2736=VECTOR('',#11884,15.);
#2737=VECTOR('',#11889,17.875);
#2738=VECTOR('',#11896,15.);
#2739=VECTOR('',#11901,17.8749999999999);
#2740=VECTOR('',#11904,17.8749999999999);
#2741=VECTOR('',#11907,17.8749999999999);
#2742=VECTOR('',#11910,17.8749999999999);
#2743=VECTOR('',#11913,17.8749999999999);
#2744=VECTOR('',#11916,17.8749999999999);
#2745=VECTOR('',#11919,17.8749999999999);
#2746=VECTOR('',#11922,17.8749999999999);
#2747=VECTOR('',#11925,17.8749999999999);
#2748=VECTOR('',#11928,17.8749999999999);
#2749=VECTOR('',#11931,17.8749999999999);
#2750=VECTOR('',#11934,17.8749999999999);
#2751=VECTOR('',#11937,17.8749999999999);
#2752=VECTOR('',#11940,17.8749999999999);
#2753=VECTOR('',#11943,17.8749999999999);
#2754=VECTOR('',#11946,17.8749999999999);
#2755=VECTOR('',#11949,17.8749999999999);
#2756=VECTOR('',#11952,17.8749999999999);
#2757=VECTOR('',#11955,17.8749999999999);
#2758=VECTOR('',#11958,17.8749999999999);
#2759=VECTOR('',#11961,17.8749999999999);
#2760=VECTOR('',#11964,17.8749999999999);
#2761=VECTOR('',#11967,17.8749999999999);
#2762=VECTOR('',#11970,17.8749999999999);
#2763=VECTOR('',#11973,17.8749999999999);
#2764=VECTOR('',#11976,17.8749999999999);
#2765=VECTOR('',#11979,17.8749999999999);
#2766=VECTOR('',#11982,17.8749999999999);
#2767=VECTOR('',#11985,17.8749999999999);
#2768=VECTOR('',#11988,17.8749999999999);
#2769=VECTOR('',#11991,17.8749999999999);
#2770=VECTOR('',#11994,17.8749999999999);
#2771=VECTOR('',#11997,17.8749999999999);
#2772=VECTOR('',#12000,17.8749999999999);
#2773=VECTOR('',#12003,17.8749999999999);
#2774=VECTOR('',#12006,17.875);
#2775=VECTOR('',#12009,17.875);
#2776=VECTOR('',#12012,17.875);
#2777=VECTOR('',#12015,17.875);
#2778=VECTOR('',#12018,17.875);
#2779=VECTOR('',#12021,17.875);
#2780=VECTOR('',#12024,17.875);
#2781=VECTOR('',#12027,17.875);
#2782=VECTOR('',#12030,17.875);
#2783=VECTOR('',#12033,17.875);
#2784=VECTOR('',#12036,17.875);
#2785=VECTOR('',#12039,17.875);
#2786=VECTOR('',#12042,17.875);
#2787=VECTOR('',#12045,17.875);
#2788=VECTOR('',#12048,17.875);
#2789=VECTOR('',#12051,17.875);
#2790=VECTOR('',#12054,17.875);
#2791=VECTOR('',#12057,17.875);
#2792=VECTOR('',#12060,17.875);
#2793=VECTOR('',#12063,17.875);
#2794=VECTOR('',#12066,17.875);
#2795=VECTOR('',#12069,17.875);
#2796=VECTOR('',#12072,17.875);
#2797=VECTOR('',#12075,17.875);
#2798=VECTOR('',#12078,17.875);
#2799=VECTOR('',#12081,17.875);
#2800=VECTOR('',#12084,17.875);
#2801=VECTOR('',#12087,17.875);
#2802=VECTOR('',#12090,17.875);
#2803=VECTOR('',#12093,17.875);
#2804=VECTOR('',#12096,17.875);
#2805=VECTOR('',#12099,17.875);
#2806=VECTOR('',#12102,17.875);
#2807=VECTOR('',#12105,17.875);
#2808=VECTOR('',#12108,17.875);
#2809=VECTOR('',#12111,17.875);
#2810=VECTOR('',#12114,17.875);
#2811=VECTOR('',#12117,17.875);
#2812=VECTOR('',#12120,17.875);
#2813=VECTOR('',#12123,17.875);
#2814=VECTOR('',#12132,15.);
#2815=VECTOR('',#12135,17.875);
#2816=VECTOR('',#12140,5.25);
#2817=VECTOR('',#12147,5.25);
#2818=VECTOR('',#12154,5.25);
#2819=VECTOR('',#12161,5.25);
#2820=VECTOR('',#12168,5.25);
#2821=VECTOR('',#12175,5.25);
#2822=VECTOR('',#12182,5.25);
#2823=VECTOR('',#12189,5.25);
#2824=VECTOR('',#12196,5.25);
#2825=VECTOR('',#12203,5.25);
#2826=VECTOR('',#12204,5.25);
#2827=VECTOR('',#12211,5.25);
#2828=VECTOR('',#12212,5.25);
#2829=VECTOR('',#12219,5.25);
#2830=VECTOR('',#12220,5.25);
#2831=VECTOR('',#12227,5.25);
#2832=VECTOR('',#12228,5.25);
#2833=VECTOR('',#12235,5.25);
#2834=VECTOR('',#12242,5.25);
#2835=VECTOR('',#12249,5.25);
#2836=VECTOR('',#12256,5.25);
#2837=VECTOR('',#12263,5.25);
#2838=VECTOR('',#12270,5.25);
#2839=VECTOR('',#12277,5.25);
#2840=VECTOR('',#12284,5.25);
#2841=VECTOR('',#12291,5.25);
#2842=VECTOR('',#12298,5.25);
#2843=VECTOR('',#12305,5.25);
#2844=VECTOR('',#12312,5.25);
#2845=VECTOR('',#12319,5.25);
#2846=VECTOR('',#12326,5.25);
#2847=VECTOR('',#12333,5.25);
#2848=VECTOR('',#12340,5.25);
#2849=VECTOR('',#12347,5.25);
#2850=VECTOR('',#12354,5.25);
#2851=VECTOR('',#12361,5.25);
#2852=VECTOR('',#12362,5.25);
#2853=VECTOR('',#12369,5.25);
#2854=VECTOR('',#12370,5.25);
#2855=VECTOR('',#12377,5.25);
#2856=VECTOR('',#12378,5.25);
#2857=VECTOR('',#12385,5.25);
#2858=VECTOR('',#12392,5.25);
#2859=VECTOR('',#12399,5.25);
#2860=VECTOR('',#12406,5.25);
#2861=VECTOR('',#12413,5.25);
#2862=VECTOR('',#12420,5.25);
#2863=VECTOR('',#12427,5.25);
#2864=VECTOR('',#12434,5.25);
#2865=VECTOR('',#12441,5.25);
#2866=VECTOR('',#12448,5.25);
#2867=CIRCLE('',#8616,3.5);
#2868=CIRCLE('',#8618,3.5);
#2869=CIRCLE('',#8620,3.5);
#2870=CIRCLE('',#8622,3.5);
#2871=CIRCLE('',#8624,3.5);
#2872=CIRCLE('',#8626,3.5);
#2873=CIRCLE('',#8628,3.5);
#2874=CIRCLE('',#8630,3.5);
#2875=CIRCLE('',#8632,3.5);
#2876=CIRCLE('',#8634,3.5);
#2877=CIRCLE('',#8636,3.5);
#2878=CIRCLE('',#8638,3.5);
#2879=CIRCLE('',#8640,3.5);
#2880=CIRCLE('',#8642,3.5);
#2881=CIRCLE('',#8644,3.5);
#2882=CIRCLE('',#8646,3.5);
#2883=CIRCLE('',#8648,3.5);
#2884=CIRCLE('',#8650,3.5);
#2885=CIRCLE('',#8652,3.5);
#2886=CIRCLE('',#8654,3.5);
#2887=CIRCLE('',#8656,3.5);
#2888=CIRCLE('',#8658,3.5);
#2889=CIRCLE('',#8660,3.5);
#2890=CIRCLE('',#8662,3.5);
#2891=CIRCLE('',#8664,3.5);
#2892=CIRCLE('',#8666,3.5);
#2893=CIRCLE('',#8668,3.5);
#2894=CIRCLE('',#8670,3.5);
#2895=CIRCLE('',#8672,3.5);
#2896=CIRCLE('',#8674,3.5);
#2897=CIRCLE('',#8676,3.5);
#2898=CIRCLE('',#8678,3.5);
#2899=CIRCLE('',#8680,3.5);
#2900=CIRCLE('',#8682,3.5);
#2901=CIRCLE('',#8684,3.5);
#2902=CIRCLE('',#8686,3.5);
#2903=CIRCLE('',#8688,3.5);
#2904=CIRCLE('',#8690,3.5);
#2905=CIRCLE('',#8692,3.5);
#2906=CIRCLE('',#8694,3.5);
#2907=CIRCLE('',#8696,3.5);
#2908=CIRCLE('',#8698,3.5);
#2909=CIRCLE('',#8700,3.5);
#2910=CIRCLE('',#8702,3.5);
#2911=CIRCLE('',#8703,2.);
#2912=CIRCLE('',#8704,2.);
#2913=CIRCLE('',#8706,2.);
#2914=CIRCLE('',#8707,2.);
#2915=CIRCLE('',#8709,2.);
#2916=CIRCLE('',#8710,2.);
#2917=CIRCLE('',#8712,2.);
#2918=CIRCLE('',#8713,2.);
#2919=CIRCLE('',#8718,20.7499999999999);
#2920=CIRCLE('',#8719,20.7499999999999);
#2921=CIRCLE('',#8720,20.7499999999999);
#2922=CIRCLE('',#8721,20.7499999999999);
#2923=CIRCLE('',#8722,20.75);
#2924=CIRCLE('',#8723,20.75);
#2925=CIRCLE('',#8724,20.75);
#2926=CIRCLE('',#8725,20.75);
#2927=CIRCLE('',#8726,20.75);
#2928=CIRCLE('',#8727,20.75);
#2929=CIRCLE('',#8728,20.75);
#2930=CIRCLE('',#8729,20.75);
#2931=CIRCLE('',#8730,20.7499999999999);
#2932=CIRCLE('',#8731,20.7499999999999);
#2933=CIRCLE('',#8732,20.7499999999999);
#2934=CIRCLE('',#8733,20.7499999999999);
#2935=CIRCLE('',#8734,20.7499999999999);
#2936=CIRCLE('',#8735,20.7499999999999);
#2937=CIRCLE('',#8736,20.7499999999999);
#2938=CIRCLE('',#8737,20.7499999999999);
#2939=CIRCLE('',#8738,20.7499999999999);
#2940=CIRCLE('',#8739,20.7499999999999);
#2941=CIRCLE('',#8740,20.7499999999999);
#2942=CIRCLE('',#8741,20.7499999999999);
#2943=CIRCLE('',#8742,20.7499999999999);
#2944=CIRCLE('',#8743,20.7499999999999);
#2945=CIRCLE('',#8744,20.7499999999999);
#2946=CIRCLE('',#8745,20.7499999999999);
#2947=CIRCLE('',#8746,20.7499999999999);
#2948=CIRCLE('',#8747,20.7499999999999);
#2949=CIRCLE('',#8748,20.7499999999999);
#2950=CIRCLE('',#8749,20.7499999999999);
#2951=CIRCLE('',#8750,20.7499999999999);
#2952=CIRCLE('',#8751,20.75);
#2953=CIRCLE('',#8752,20.75);
#2954=CIRCLE('',#8753,20.75);
#2955=CIRCLE('',#8754,20.75);
#2956=CIRCLE('',#8755,20.75);
#2957=CIRCLE('',#8756,20.75);
#2958=CIRCLE('',#8757,20.75);
#2959=CIRCLE('',#8758,20.75);
#2960=CIRCLE('',#8759,20.75);
#2961=CIRCLE('',#8760,20.75);
#2962=CIRCLE('',#8761,20.75);
#2963=CIRCLE('',#8762,20.75);
#2964=CIRCLE('',#8763,20.75);
#2965=CIRCLE('',#8764,20.75);
#2966=CIRCLE('',#8765,20.7500000000001);
#2967=CIRCLE('',#8766,20.75);
#2968=CIRCLE('',#8767,20.75);
#2969=CIRCLE('',#8768,20.75);
#2970=CIRCLE('',#8769,20.75);
#2971=CIRCLE('',#8770,20.75);
#2972=CIRCLE('',#8771,20.75);
#2973=CIRCLE('',#8772,20.75);
#2974=CIRCLE('',#8773,20.75);
#2975=CIRCLE('',#8774,20.75);
#2976=CIRCLE('',#8775,20.75);
#2977=CIRCLE('',#8776,20.75);
#2978=CIRCLE('',#8777,20.75);
#2979=CIRCLE('',#8778,20.75);
#2980=CIRCLE('',#8779,20.75);
#2981=CIRCLE('',#8780,20.75);
#2982=CIRCLE('',#8781,20.75);
#2983=CIRCLE('',#8782,20.75);
#2984=CIRCLE('',#8783,20.75);
#2985=CIRCLE('',#8784,20.75);
#2986=CIRCLE('',#8785,20.75);
#2987=CIRCLE('',#8786,20.75);
#2988=CIRCLE('',#8787,20.75);
#2989=CIRCLE('',#8788,20.75);
#2990=CIRCLE('',#8789,20.75);
#2991=CIRCLE('',#8790,20.75);
#2992=CIRCLE('',#8791,20.7499999999999);
#2993=CIRCLE('',#8792,20.7499999999999);
#2994=CIRCLE('',#8793,20.7499999999999);
#2995=CIRCLE('',#8794,20.7499999999999);
#2996=CIRCLE('',#8795,20.7499999999999);
#2997=CIRCLE('',#8796,20.7499999999999);
#2998=CIRCLE('',#8797,20.7499999999999);
#2999=CIRCLE('',#8798,20.7499999999999);
#3000=CIRCLE('',#8799,20.7499999999999);
#3001=CIRCLE('',#8800,20.7499999999999);
#3002=CIRCLE('',#8801,20.7499999999999);
#3003=CIRCLE('',#8802,20.7499999999999);
#3004=CIRCLE('',#8803,20.7499999999999);
#3005=CIRCLE('',#8804,20.7499999999999);
#3006=CIRCLE('',#8805,20.7499999999999);
#3007=CIRCLE('',#8806,20.7499999999999);
#3008=CIRCLE('',#8807,20.7499999999999);
#3009=CIRCLE('',#8808,20.7499999999999);
#3010=CIRCLE('',#8809,20.7499999999999);
#3011=CIRCLE('',#8810,20.7499999999999);
#3012=CIRCLE('',#8811,20.7499999999999);
#3013=CIRCLE('',#8812,20.75);
#3014=CIRCLE('',#8813,20.75);
#3015=CIRCLE('',#8814,20.75);
#3016=CIRCLE('',#8815,20.75);
#3017=CIRCLE('',#8816,20.75);
#3018=CIRCLE('',#8817,20.75);
#3019=CIRCLE('',#8818,20.75);
#3020=CIRCLE('',#8819,20.75);
#3021=CIRCLE('',#8820,20.7499999999999);
#3022=CIRCLE('',#8821,20.7499999999999);
#3023=CIRCLE('',#8822,20.7499999999999);
#3024=CIRCLE('',#8823,2.);
#3025=CIRCLE('',#8824,2.00000000000017);
#3026=CIRCLE('',#8826,2.);
#3027=CIRCLE('',#8827,2.);
#3028=CIRCLE('',#8829,2.);
#3029=CIRCLE('',#8830,2.);
#3030=CIRCLE('',#8832,2.);
#3031=CIRCLE('',#8833,2.);
#3032=CIRCLE('',#8837,20.75);
#3033=CIRCLE('',#8838,20.75);
#3034=CIRCLE('',#8839,20.75);
#3035=CIRCLE('',#8840,20.75);
#3036=CIRCLE('',#8841,20.7499999999999);
#3037=CIRCLE('',#8842,20.7499999999999);
#3038=CIRCLE('',#8843,20.7499999999999);
#3039=CIRCLE('',#8844,20.7499999999999);
#3040=CIRCLE('',#8845,20.7499999999999);
#3041=CIRCLE('',#8846,20.7499999999999);
#3042=CIRCLE('',#8847,20.7499999999999);
#3043=CIRCLE('',#8848,20.75);
#3044=CIRCLE('',#8849,20.75);
#3045=CIRCLE('',#8850,20.75);
#3046=CIRCLE('',#8851,20.75);
#3047=CIRCLE('',#8852,20.7499999999999);
#3048=CIRCLE('',#8853,20.7499999999999);
#3049=CIRCLE('',#8854,20.7499999999999);
#3050=CIRCLE('',#8855,20.7499999999999);
#3051=CIRCLE('',#8856,20.7499999999999);
#3052=CIRCLE('',#8857,20.7499999999999);
#3053=CIRCLE('',#8858,20.7499999999999);
#3054=CIRCLE('',#8859,20.7499999999999);
#3055=CIRCLE('',#8860,20.7499999999999);
#3056=CIRCLE('',#8861,20.7499999999999);
#3057=CIRCLE('',#8862,20.7499999999999);
#3058=CIRCLE('',#8863,20.7499999999999);
#3059=CIRCLE('',#8864,20.7499999999999);
#3060=CIRCLE('',#8865,20.7499999999999);
#3061=CIRCLE('',#8866,20.7499999999999);
#3062=CIRCLE('',#8867,20.7499999999999);
#3063=CIRCLE('',#8868,20.7499999999999);
#3064=CIRCLE('',#8869,20.7499999999999);
#3065=CIRCLE('',#8870,20.75);
#3066=CIRCLE('',#8871,20.75);
#3067=CIRCLE('',#8872,20.75);
#3068=CIRCLE('',#8873,20.75);
#3069=CIRCLE('',#8874,20.75);
#3070=CIRCLE('',#8875,20.75);
#3071=CIRCLE('',#8876,20.75);
#3072=CIRCLE('',#8877,20.75);
#3073=CIRCLE('',#8878,20.75);
#3074=CIRCLE('',#8879,20.75);
#3075=CIRCLE('',#8880,20.75);
#3076=CIRCLE('',#8881,20.75);
#3077=CIRCLE('',#8882,20.75);
#3078=CIRCLE('',#8883,20.75);
#3079=CIRCLE('',#8884,20.75);
#3080=CIRCLE('',#8885,20.75);
#3081=CIRCLE('',#8886,20.75);
#3082=CIRCLE('',#8887,20.75);
#3083=CIRCLE('',#8888,20.75);
#3084=CIRCLE('',#8889,20.75);
#3085=CIRCLE('',#8890,5.25);
#3086=CIRCLE('',#8891,5.25);
#3087=CIRCLE('',#8892,5.25);
#3088=CIRCLE('',#8893,5.25);
#3089=CIRCLE('',#8894,5.25);
#3090=CIRCLE('',#8895,5.25);
#3091=CIRCLE('',#8896,5.25);
#3092=CIRCLE('',#8897,5.25);
#3093=CIRCLE('',#8898,5.25);
#3094=CIRCLE('',#8899,5.25);
#3095=CIRCLE('',#8900,5.25);
#3096=CIRCLE('',#8901,5.25);
#3097=CIRCLE('',#8902,5.25);
#3098=CIRCLE('',#8903,5.25);
#3099=CIRCLE('',#8904,5.25);
#3100=CIRCLE('',#8905,5.25);
#3101=CIRCLE('',#8906,5.25);
#3102=CIRCLE('',#8907,5.25);
#3103=CIRCLE('',#8908,5.25);
#3104=CIRCLE('',#8909,5.25);
#3105=CIRCLE('',#8910,5.25);
#3106=CIRCLE('',#8911,5.25);
#3107=CIRCLE('',#8912,5.25);
#3108=CIRCLE('',#8913,5.25);
#3109=CIRCLE('',#8914,5.25);
#3110=CIRCLE('',#8915,5.25);
#3111=CIRCLE('',#8916,5.25);
#3112=CIRCLE('',#8917,5.25);
#3113=CIRCLE('',#8918,5.25);
#3114=CIRCLE('',#8919,5.25);
#3115=CIRCLE('',#8920,5.25);
#3116=CIRCLE('',#8921,5.25);
#3117=CIRCLE('',#8922,5.25);
#3118=CIRCLE('',#8923,5.25);
#3119=CIRCLE('',#8924,5.25);
#3120=CIRCLE('',#8925,5.25);
#3121=CIRCLE('',#8926,5.25);
#3122=CIRCLE('',#8927,5.25);
#3123=CIRCLE('',#8928,5.25);
#3124=CIRCLE('',#8929,5.25);
#3125=CIRCLE('',#8930,5.25);
#3126=CIRCLE('',#8931,5.25);
#3127=CIRCLE('',#8932,5.25);
#3128=CIRCLE('',#8933,5.25);
#3129=CIRCLE('',#8934,20.75);
#3130=CIRCLE('',#8935,20.75);
#3131=CIRCLE('',#8936,20.75);
#3132=CIRCLE('',#8937,20.75);
#3133=CIRCLE('',#8938,20.75);
#3134=CIRCLE('',#8939,20.75);
#3135=CIRCLE('',#8940,20.75);
#3136=CIRCLE('',#8941,20.75);
#3137=CIRCLE('',#8942,20.75);
#3138=CIRCLE('',#8943,20.75);
#3139=CIRCLE('',#8944,20.75);
#3140=CIRCLE('',#8945,20.75);
#3141=CIRCLE('',#8946,20.75);
#3142=CIRCLE('',#8947,20.75);
#3143=CIRCLE('',#8948,20.75);
#3144=CIRCLE('',#8949,20.75);
#3145=CIRCLE('',#8950,20.75);
#3146=CIRCLE('',#8951,20.75);
#3147=CIRCLE('',#8952,20.75);
#3148=CIRCLE('',#8953,20.75);
#3149=CIRCLE('',#8954,20.7499999999999);
#3150=CIRCLE('',#8955,20.7499999999999);
#3151=CIRCLE('',#8956,20.7499999999999);
#3152=CIRCLE('',#8957,20.7499999999999);
#3153=CIRCLE('',#8958,20.7499999999999);
#3154=CIRCLE('',#8959,20.7499999999999);
#3155=CIRCLE('',#8960,20.7499999999999);
#3156=CIRCLE('',#8961,20.7499999999999);
#3157=CIRCLE('',#8962,20.7499999999999);
#3158=CIRCLE('',#8963,20.7499999999999);
#3159=CIRCLE('',#8964,20.7499999999999);
#3160=CIRCLE('',#8965,20.7499999999999);
#3161=CIRCLE('',#8966,20.7499999999999);
#3162=CIRCLE('',#8967,20.7499999999999);
#3163=CIRCLE('',#8968,20.7499999999999);
#3164=CIRCLE('',#8969,20.7499999999999);
#3165=CIRCLE('',#8970,20.7499999999999);
#3166=CIRCLE('',#8971,20.75);
#3167=CIRCLE('',#8972,20.75);
#3168=CIRCLE('',#8973,20.75);
#3169=CIRCLE('',#8974,20.75);
#3170=CIRCLE('',#8975,20.7499999999999);
#3171=CIRCLE('',#8976,20.7499999999999);
#3172=CIRCLE('',#8977,20.7499999999999);
#3173=CIRCLE('',#8978,20.7499999999999);
#3174=CIRCLE('',#8979,20.7499999999999);
#3175=CIRCLE('',#8980,20.7499999999999);
#3176=CIRCLE('',#8981,20.7499999999999);
#3177=CIRCLE('',#8982,20.75);
#3178=CIRCLE('',#8983,20.75);
#3179=CIRCLE('',#8984,20.75);
#3180=CIRCLE('',#8985,20.75);
#3181=CIRCLE('',#8987,15.);
#3182=CIRCLE('',#8989,15.);
#3183=CIRCLE('',#8990,15.);
#3184=CIRCLE('',#8992,15.);
#3185=CIRCLE('',#8994,15.);
#3186=CIRCLE('',#8995,15.);
#3187=CIRCLE('',#8997,15.);
#3188=CIRCLE('',#8999,15.);
#3189=CIRCLE('',#9000,15.);
#3190=CIRCLE('',#9002,15.);
#3191=CIRCLE('',#9004,15.);
#3192=CIRCLE('',#9005,15.);
#3193=CIRCLE('',#9007,15.);
#3194=CIRCLE('',#9009,15.);
#3195=CIRCLE('',#9010,15.);
#3196=CIRCLE('',#9012,15.);
#3197=CIRCLE('',#9014,15.);
#3198=CIRCLE('',#9015,15.);
#3199=CIRCLE('',#9017,15.);
#3200=CIRCLE('',#9019,15.);
#3201=CIRCLE('',#9020,15.);
#3202=CIRCLE('',#9022,15.);
#3203=CIRCLE('',#9024,15.);
#3204=CIRCLE('',#9025,15.);
#3205=CIRCLE('',#9027,15.);
#3206=CIRCLE('',#9029,15.);
#3207=CIRCLE('',#9030,15.);
#3208=CIRCLE('',#9032,15.);
#3209=CIRCLE('',#9034,15.);
#3210=CIRCLE('',#9035,15.);
#3211=CIRCLE('',#9037,15.);
#3212=CIRCLE('',#9039,15.);
#3213=CIRCLE('',#9040,15.);
#3214=CIRCLE('',#9042,15.);
#3215=CIRCLE('',#9044,15.);
#3216=CIRCLE('',#9045,15.);
#3217=CIRCLE('',#9047,15.);
#3218=CIRCLE('',#9049,15.);
#3219=CIRCLE('',#9050,15.);
#3220=CIRCLE('',#9052,15.);
#3221=CIRCLE('',#9054,15.);
#3222=CIRCLE('',#9055,15.);
#3223=CIRCLE('',#9057,15.);
#3224=CIRCLE('',#9059,15.);
#3225=CIRCLE('',#9060,15.);
#3226=CIRCLE('',#9062,15.);
#3227=CIRCLE('',#9064,15.);
#3228=CIRCLE('',#9065,15.);
#3229=CIRCLE('',#9067,15.);
#3230=CIRCLE('',#9069,15.);
#3231=CIRCLE('',#9070,15.);
#3232=CIRCLE('',#9072,15.);
#3233=CIRCLE('',#9074,15.);
#3234=CIRCLE('',#9075,15.);
#3235=CIRCLE('',#9077,15.);
#3236=CIRCLE('',#9079,15.);
#3237=CIRCLE('',#9080,15.);
#3238=CIRCLE('',#9082,15.);
#3239=CIRCLE('',#9084,15.);
#3240=CIRCLE('',#9085,15.);
#3241=CIRCLE('',#9087,15.);
#3242=CIRCLE('',#9089,15.);
#3243=CIRCLE('',#9090,15.);
#3244=CIRCLE('',#9092,15.);
#3245=CIRCLE('',#9094,15.);
#3246=CIRCLE('',#9095,15.);
#3247=CIRCLE('',#9097,15.);
#3248=CIRCLE('',#9099,15.);
#3249=CIRCLE('',#9100,15.);
#3250=CIRCLE('',#9102,15.);
#3251=CIRCLE('',#9104,15.);
#3252=CIRCLE('',#9105,15.);
#3253=CIRCLE('',#9107,15.);
#3254=CIRCLE('',#9109,15.);
#3255=CIRCLE('',#9110,15.);
#3256=CIRCLE('',#9112,15.);
#3257=CIRCLE('',#9114,15.);
#3258=CIRCLE('',#9115,15.);
#3259=CIRCLE('',#9117,15.);
#3260=CIRCLE('',#9119,15.);
#3261=CIRCLE('',#9120,15.);
#3262=CIRCLE('',#9122,15.);
#3263=CIRCLE('',#9124,15.);
#3264=CIRCLE('',#9125,15.);
#3265=CIRCLE('',#9127,15.);
#3266=CIRCLE('',#9129,15.);
#3267=CIRCLE('',#9130,15.);
#3268=CIRCLE('',#9132,15.);
#3269=CIRCLE('',#9134,15.);
#3270=CIRCLE('',#9135,15.);
#3271=CIRCLE('',#9167,15.);
#3272=CIRCLE('',#9168,15.);
#3273=CIRCLE('',#9170,15.);
#3274=CIRCLE('',#9172,15.);
#3275=CIRCLE('',#9173,15.);
#3276=CIRCLE('',#9175,15.);
#3277=CIRCLE('',#9177,15.);
#3278=CIRCLE('',#9178,15.);
#3279=CIRCLE('',#9180,15.);
#3280=CIRCLE('',#9182,15.);
#3281=CIRCLE('',#9183,15.);
#3282=CIRCLE('',#9185,15.);
#3283=CIRCLE('',#9187,15.);
#3284=CIRCLE('',#9188,15.);
#3285=CIRCLE('',#9190,15.);
#3286=CIRCLE('',#9192,15.);
#3287=CIRCLE('',#9193,15.);
#3288=CIRCLE('',#9195,15.);
#3289=CIRCLE('',#9197,15.);
#3290=CIRCLE('',#9198,15.);
#3291=CIRCLE('',#9200,15.);
#3292=CIRCLE('',#9202,15.);
#3293=CIRCLE('',#9203,15.);
#3294=CIRCLE('',#9205,15.);
#3295=CIRCLE('',#9207,15.);
#3296=CIRCLE('',#9208,15.);
#3297=CIRCLE('',#9210,15.);
#3298=CIRCLE('',#9212,15.);
#3299=CIRCLE('',#9213,15.);
#3300=CIRCLE('',#9215,15.);
#3301=CIRCLE('',#9217,15.);
#3302=CIRCLE('',#9218,15.);
#3303=CIRCLE('',#9220,15.);
#3304=CIRCLE('',#9222,15.);
#3305=CIRCLE('',#9223,15.);
#3306=CIRCLE('',#9225,15.);
#3307=CIRCLE('',#9227,15.);
#3308=CIRCLE('',#9228,15.);
#3309=CIRCLE('',#9230,15.);
#3310=CIRCLE('',#9232,15.);
#3311=CIRCLE('',#9233,15.);
#3312=CIRCLE('',#9235,15.);
#3313=CIRCLE('',#9237,15.);
#3314=CIRCLE('',#9238,15.);
#3315=CIRCLE('',#9240,15.);
#3316=CIRCLE('',#9242,15.);
#3317=CIRCLE('',#9243,15.);
#3318=CIRCLE('',#9245,15.);
#3319=CIRCLE('',#9247,15.);
#3320=CIRCLE('',#9248,15.);
#3321=CIRCLE('',#9250,15.);
#3322=CIRCLE('',#9252,15.);
#3323=CIRCLE('',#9253,15.);
#3324=CIRCLE('',#9255,15.);
#3325=CIRCLE('',#9257,15.);
#3326=CIRCLE('',#9258,15.);
#3327=CIRCLE('',#9260,15.);
#3328=CIRCLE('',#9262,15.);
#3329=CIRCLE('',#9263,15.);
#3330=CIRCLE('',#9265,15.);
#3331=CIRCLE('',#9267,15.);
#3332=CIRCLE('',#9268,15.);
#3333=CIRCLE('',#9270,15.);
#3334=CIRCLE('',#9272,15.);
#3335=CIRCLE('',#9273,15.);
#3336=CIRCLE('',#9275,15.);
#3337=CIRCLE('',#9277,15.);
#3338=CIRCLE('',#9278,15.);
#3339=CIRCLE('',#9280,15.);
#3340=CIRCLE('',#9282,15.);
#3341=CIRCLE('',#9283,15.);
#3342=CIRCLE('',#9285,15.);
#3343=CIRCLE('',#9287,15.);
#3344=CIRCLE('',#9288,15.);
#3345=CIRCLE('',#9290,15.);
#3346=CIRCLE('',#9292,15.);
#3347=CIRCLE('',#9293,15.);
#3348=CIRCLE('',#9295,15.);
#3349=CIRCLE('',#9297,15.);
#3350=CIRCLE('',#9298,15.);
#3351=CIRCLE('',#9300,15.);
#3352=CIRCLE('',#9302,15.);
#3353=CIRCLE('',#9303,15.);
#3354=CIRCLE('',#9305,15.);
#3355=CIRCLE('',#9307,15.);
#3356=CIRCLE('',#9308,15.);
#3357=CIRCLE('',#9310,15.);
#3358=CIRCLE('',#9312,15.);
#3359=CIRCLE('',#9313,15.);
#3360=CIRCLE('',#9315,15.);
#3361=CIRCLE('',#9317,15.);
#3362=CIRCLE('',#9318,15.);
#3363=CIRCLE('',#9320,15.);
#3364=CIRCLE('',#9322,15.);
#3365=CIRCLE('',#9323,15.);
#3366=CIRCLE('',#9325,15.);
#3367=CIRCLE('',#9327,15.);
#3368=CIRCLE('',#9328,15.);
#3369=CIRCLE('',#9330,15.);
#3370=CIRCLE('',#9332,15.);
#3371=CIRCLE('',#9333,15.);
#3372=CIRCLE('',#9335,15.);
#3373=CIRCLE('',#9337,15.);
#3374=CIRCLE('',#9338,15.);
#3375=CIRCLE('',#9340,15.);
#3376=CIRCLE('',#9342,15.);
#3377=CIRCLE('',#9343,15.);
#3378=CIRCLE('',#9345,15.);
#3379=CIRCLE('',#9347,15.);
#3380=CIRCLE('',#9348,15.);
#3381=CIRCLE('',#9350,15.);
#3382=CIRCLE('',#9352,15.);
#3383=CIRCLE('',#9353,15.);
#3384=CIRCLE('',#9355,15.);
#3385=CIRCLE('',#9357,15.);
#3386=CIRCLE('',#9358,15.);
#3387=CIRCLE('',#9360,15.);
#3388=CIRCLE('',#9362,15.);
#3389=CIRCLE('',#9363,15.);
#3390=CIRCLE('',#9365,15.);
#3391=CIRCLE('',#9367,15.);
#3392=CIRCLE('',#9368,15.);
#3393=CIRCLE('',#9370,15.);
#3394=CIRCLE('',#9372,15.);
#3395=CIRCLE('',#9373,15.);
#3396=CIRCLE('',#9375,15.);
#3397=CIRCLE('',#9377,15.);
#3398=CIRCLE('',#9378,15.);
#3399=CIRCLE('',#9380,15.);
#3400=CIRCLE('',#9382,15.);
#3401=CIRCLE('',#9383,15.);
#3402=CIRCLE('',#9385,15.);
#3403=CIRCLE('',#9387,15.);
#3404=CIRCLE('',#9388,15.);
#3405=CIRCLE('',#9390,15.);
#3406=CIRCLE('',#9392,15.);
#3407=CIRCLE('',#9393,15.);
#3408=CIRCLE('',#9395,15.);
#3409=CIRCLE('',#9397,15.);
#3410=CIRCLE('',#9398,15.);
#3411=CIRCLE('',#9400,15.);
#3412=CIRCLE('',#9402,15.);
#3413=CIRCLE('',#9403,15.);
#3414=CIRCLE('',#9405,15.);
#3415=CIRCLE('',#9407,15.);
#3416=CIRCLE('',#9408,15.);
#3417=CIRCLE('',#9410,15.);
#3418=CIRCLE('',#9412,15.);
#3419=CIRCLE('',#9413,15.);
#3420=CIRCLE('',#9415,15.);
#3421=CIRCLE('',#9417,15.);
#3422=CIRCLE('',#9418,15.);
#3423=CIRCLE('',#9420,15.);
#3424=CIRCLE('',#9422,15.);
#3425=CIRCLE('',#9423,15.);
#3426=CIRCLE('',#9425,15.);
#3427=CIRCLE('',#9427,15.);
#3428=CIRCLE('',#9428,15.);
#3429=CIRCLE('',#9430,15.);
#3430=CIRCLE('',#9432,15.);
#3431=CIRCLE('',#9433,15.);
#3432=CIRCLE('',#9435,15.);
#3433=CIRCLE('',#9437,15.);
#3434=CIRCLE('',#9438,15.);
#3435=CIRCLE('',#9440,15.);
#3436=CIRCLE('',#9442,15.);
#3437=CIRCLE('',#9443,15.);
#3438=CIRCLE('',#9445,15.);
#3439=CIRCLE('',#9447,15.);
#3440=CIRCLE('',#9448,15.);
#3441=CIRCLE('',#9450,15.);
#3442=CIRCLE('',#9452,15.);
#3443=CIRCLE('',#9453,15.);
#3444=CIRCLE('',#9455,15.);
#3445=CIRCLE('',#9457,15.);
#3446=CIRCLE('',#9458,15.);
#3447=CIRCLE('',#9460,15.);
#3448=CIRCLE('',#9462,15.);
#3449=CIRCLE('',#9463,15.);
#3450=CIRCLE('',#9465,15.);
#3451=CIRCLE('',#9467,15.);
#3452=CIRCLE('',#9468,15.);
#3453=CIRCLE('',#9470,15.);
#3454=CIRCLE('',#9472,15.);
#3455=CIRCLE('',#9473,15.);
#3456=CIRCLE('',#9475,15.);
#3457=CIRCLE('',#9477,15.);
#3458=CIRCLE('',#9478,15.);
#3459=CIRCLE('',#9480,15.);
#3460=CIRCLE('',#9482,15.);
#3461=CIRCLE('',#9483,15.);
#3462=CIRCLE('',#9485,15.);
#3463=CIRCLE('',#9487,15.);
#3464=CIRCLE('',#9488,15.);
#3465=CIRCLE('',#9490,15.);
#3466=CIRCLE('',#9492,15.);
#3467=CIRCLE('',#9493,15.);
#3468=CIRCLE('',#9495,15.);
#3469=CIRCLE('',#9497,15.);
#3470=CIRCLE('',#9498,15.);
#3471=CIRCLE('',#9500,15.);
#3472=CIRCLE('',#9502,15.);
#3473=CIRCLE('',#9503,15.);
#3474=CIRCLE('',#9505,15.);
#3475=CIRCLE('',#9507,15.);
#3476=CIRCLE('',#9508,15.);
#3477=CIRCLE('',#9510,15.);
#3478=CIRCLE('',#9512,15.);
#3479=CIRCLE('',#9513,15.);
#3480=CIRCLE('',#9515,15.);
#3481=CIRCLE('',#9517,15.);
#3482=CIRCLE('',#9518,15.);
#3483=CIRCLE('',#9520,15.);
#3484=CIRCLE('',#9522,15.);
#3485=CIRCLE('',#9523,15.);
#3486=CIRCLE('',#9525,15.);
#3487=CIRCLE('',#9527,15.);
#3488=CIRCLE('',#9528,15.);
#3489=CIRCLE('',#9530,15.);
#3490=CIRCLE('',#9532,15.);
#3491=CIRCLE('',#9533,15.);
#3492=CIRCLE('',#9535,15.);
#3493=CIRCLE('',#9611,15.);
#3494=CIRCLE('',#9613,15.);
#3495=CIRCLE('',#9614,15.);
#3496=CIRCLE('',#9618,5.25);
#3497=CIRCLE('',#9621,5.25);
#3498=CIRCLE('',#9624,5.25);
#3499=CIRCLE('',#9627,5.25);
#3500=CIRCLE('',#9630,5.25);
#3501=CIRCLE('',#9633,5.25);
#3502=CIRCLE('',#9636,5.25);
#3503=CIRCLE('',#9639,5.25);
#3504=CIRCLE('',#9642,5.25);
#3505=CIRCLE('',#9645,5.25);
#3506=CIRCLE('',#9648,5.25);
#3507=CIRCLE('',#9651,5.25);
#3508=CIRCLE('',#9654,5.25);
#3509=CIRCLE('',#9657,5.25);
#3510=CIRCLE('',#9660,5.25);
#3511=CIRCLE('',#9663,5.25);
#3512=CIRCLE('',#9666,5.25);
#3513=CIRCLE('',#9669,5.25);
#3514=CIRCLE('',#9672,5.25);
#3515=CIRCLE('',#9675,5.25);
#3516=CIRCLE('',#9678,5.25);
#3517=CIRCLE('',#9681,5.25);
#3518=CIRCLE('',#9684,5.25);
#3519=CIRCLE('',#9687,5.25);
#3520=CIRCLE('',#9690,5.25);
#3521=CIRCLE('',#9693,5.25);
#3522=CIRCLE('',#9696,5.25);
#3523=CIRCLE('',#9699,5.25);
#3524=CIRCLE('',#9702,5.25);
#3525=CIRCLE('',#9705,5.25);
#3526=CIRCLE('',#9708,5.25);
#3527=CIRCLE('',#9711,5.25);
#3528=CIRCLE('',#9714,5.25);
#3529=CIRCLE('',#9717,5.25);
#3530=CIRCLE('',#9720,5.25);
#3531=CIRCLE('',#9723,5.25);
#3532=CIRCLE('',#9726,5.25);
#3533=CIRCLE('',#9729,5.25);
#3534=CIRCLE('',#9732,5.25);
#3535=CIRCLE('',#9735,5.25);
#3536=CIRCLE('',#9738,5.25);
#3537=CIRCLE('',#9741,5.25);
#3538=CIRCLE('',#9744,5.25);
#3539=CIRCLE('',#9747,5.25);
#3540=VERTEX_POINT('',#12455);
#3541=VERTEX_POINT('',#12457);
#3542=VERTEX_POINT('',#12459);
#3543=VERTEX_POINT('',#12478);
#3544=VERTEX_POINT('',#12500);
#3545=VERTEX_POINT('',#12502);
#3546=VERTEX_POINT('',#12504);
#3547=VERTEX_POINT('',#12523);
#3548=VERTEX_POINT('',#12545);
#3549=VERTEX_POINT('',#12547);
#3550=VERTEX_POINT('',#12549);
#3551=VERTEX_POINT('',#12568);
#3552=VERTEX_POINT('',#12590);
#3553=VERTEX_POINT('',#12592);
#3554=VERTEX_POINT('',#12594);
#3555=VERTEX_POINT('',#12613);
#3556=VERTEX_POINT('',#12635);
#3557=VERTEX_POINT('',#12637);
#3558=VERTEX_POINT('',#12639);
#3559=VERTEX_POINT('',#12658);
#3560=VERTEX_POINT('',#12680);
#3561=VERTEX_POINT('',#12682);
#3562=VERTEX_POINT('',#12684);
#3563=VERTEX_POINT('',#12703);
#3564=VERTEX_POINT('',#12725);
#3565=VERTEX_POINT('',#12727);
#3566=VERTEX_POINT('',#12729);
#3567=VERTEX_POINT('',#12748);
#3568=VERTEX_POINT('',#12770);
#3569=VERTEX_POINT('',#12772);
#3570=VERTEX_POINT('',#12809);
#3571=VERTEX_POINT('',#12811);
#3572=VERTEX_POINT('',#12848);
#3573=VERTEX_POINT('',#12850);
#3574=VERTEX_POINT('',#12887);
#3575=VERTEX_POINT('',#12889);
#3576=VERTEX_POINT('',#12926);
#3577=VERTEX_POINT('',#12928);
#3578=VERTEX_POINT('',#12965);
#3579=VERTEX_POINT('',#12967);
#3580=VERTEX_POINT('',#13004);
#3581=VERTEX_POINT('',#13006);
#3582=VERTEX_POINT('',#13043);
#3583=VERTEX_POINT('',#13045);
#3584=VERTEX_POINT('',#13082);
#3585=VERTEX_POINT('',#13084);
#3586=VERTEX_POINT('',#13121);
#3587=VERTEX_POINT('',#13123);
#3588=VERTEX_POINT('',#13160);
#3589=VERTEX_POINT('',#13162);
#3590=VERTEX_POINT('',#13199);
#3591=VERTEX_POINT('',#13201);
#3592=VERTEX_POINT('',#13238);
#3593=VERTEX_POINT('',#13240);
#3594=VERTEX_POINT('',#13277);
#3595=VERTEX_POINT('',#13279);
#3596=VERTEX_POINT('',#13316);
#3597=VERTEX_POINT('',#13318);
#3598=VERTEX_POINT('',#13355);
#3599=VERTEX_POINT('',#13357);
#3600=VERTEX_POINT('',#13359);
#3601=VERTEX_POINT('',#13397);
#3602=VERTEX_POINT('',#13399);
#3603=VERTEX_POINT('',#13401);
#3604=VERTEX_POINT('',#13439);
#3605=VERTEX_POINT('',#13441);
#3606=VERTEX_POINT('',#13443);
#3607=VERTEX_POINT('',#13481);
#3608=VERTEX_POINT('',#13483);
#3609=VERTEX_POINT('',#13485);
#3610=VERTEX_POINT('',#13523);
#3611=VERTEX_POINT('',#13525);
#3612=VERTEX_POINT('',#13527);
#3613=VERTEX_POINT('',#13565);
#3614=VERTEX_POINT('',#13567);
#3615=VERTEX_POINT('',#13569);
#3616=VERTEX_POINT('',#13607);
#3617=VERTEX_POINT('',#13609);
#3618=VERTEX_POINT('',#13611);
#3619=VERTEX_POINT('',#13649);
#3620=VERTEX_POINT('',#13651);
#3621=VERTEX_POINT('',#13653);
#3622=VERTEX_POINT('',#13691);
#3623=VERTEX_POINT('',#13693);
#3624=VERTEX_POINT('',#13695);
#3625=VERTEX_POINT('',#13733);
#3626=VERTEX_POINT('',#13735);
#3627=VERTEX_POINT('',#13737);
#3628=VERTEX_POINT('',#13775);
#3629=VERTEX_POINT('',#13777);
#3630=VERTEX_POINT('',#13779);
#3631=VERTEX_POINT('',#13817);
#3632=VERTEX_POINT('',#13819);
#3633=VERTEX_POINT('',#13821);
#3634=VERTEX_POINT('',#13859);
#3635=VERTEX_POINT('',#13861);
#3636=VERTEX_POINT('',#13863);
#3637=VERTEX_POINT('',#13901);
#3638=VERTEX_POINT('',#13903);
#3639=VERTEX_POINT('',#13905);
#3640=VERTEX_POINT('',#13943);
#3641=VERTEX_POINT('',#13945);
#3642=VERTEX_POINT('',#13947);
#3643=VERTEX_POINT('',#13985);
#3644=VERTEX_POINT('',#13987);
#3645=VERTEX_POINT('',#13989);
#3646=VERTEX_POINT('',#14027);
#3647=VERTEX_POINT('',#14029);
#3648=VERTEX_POINT('',#14031);
#3649=VERTEX_POINT('',#14069);
#3650=VERTEX_POINT('',#14071);
#3651=VERTEX_POINT('',#14073);
#3652=VERTEX_POINT('',#14111);
#3653=VERTEX_POINT('',#14113);
#3654=VERTEX_POINT('',#14115);
#3655=VERTEX_POINT('',#14153);
#3656=VERTEX_POINT('',#14155);
#3657=VERTEX_POINT('',#14157);
#3658=VERTEX_POINT('',#14195);
#3659=VERTEX_POINT('',#14197);
#3660=VERTEX_POINT('',#14199);
#3661=VERTEX_POINT('',#14237);
#3662=VERTEX_POINT('',#14239);
#3663=VERTEX_POINT('',#14241);
#3664=VERTEX_POINT('',#14348);
#3665=VERTEX_POINT('',#14349);
#3666=VERTEX_POINT('',#14351);
#3667=VERTEX_POINT('',#14366);
#3668=VERTEX_POINT('',#14383);
#3669=VERTEX_POINT('',#14384);
#3670=VERTEX_POINT('',#14458);
#3671=VERTEX_POINT('',#14459);
#3672=VERTEX_POINT('',#14490);
#3673=VERTEX_POINT('',#14491);
#3674=VERTEX_POINT('',#14575);
#3675=VERTEX_POINT('',#14576);
#3676=VERTEX_POINT('',#14611);
#3677=VERTEX_POINT('',#14612);
#3678=VERTEX_POINT('',#14686);
#3679=VERTEX_POINT('',#14687);
#3680=VERTEX_POINT('',#14721);
#3681=VERTEX_POINT('',#14723);
#3682=VERTEX_POINT('',#14766);
#3683=VERTEX_POINT('',#14783);
#3684=VERTEX_POINT('',#14826);
#3685=VERTEX_POINT('',#14842);
#3686=VERTEX_POINT('',#14844);
#3687=VERTEX_POINT('',#14846);
#3688=VERTEX_POINT('',#14848);
#3689=VERTEX_POINT('',#14850);
#3690=VERTEX_POINT('',#14852);
#3691=VERTEX_POINT('',#14854);
#3692=VERTEX_POINT('',#14856);
#3693=VERTEX_POINT('',#14858);
#3694=VERTEX_POINT('',#14860);
#3695=VERTEX_POINT('',#14862);
#3696=VERTEX_POINT('',#14864);
#3697=VERTEX_POINT('',#14866);
#3698=VERTEX_POINT('',#14868);
#3699=VERTEX_POINT('',#14870);
#3700=VERTEX_POINT('',#14872);
#3701=VERTEX_POINT('',#14874);
#3702=VERTEX_POINT('',#14876);
#3703=VERTEX_POINT('',#14878);
#3704=VERTEX_POINT('',#14880);
#3705=VERTEX_POINT('',#14882);
#3706=VERTEX_POINT('',#14884);
#3707=VERTEX_POINT('',#14886);
#3708=VERTEX_POINT('',#14888);
#3709=VERTEX_POINT('',#14890);
#3710=VERTEX_POINT('',#14892);
#3711=VERTEX_POINT('',#14894);
#3712=VERTEX_POINT('',#14896);
#3713=VERTEX_POINT('',#14898);
#3714=VERTEX_POINT('',#14900);
#3715=VERTEX_POINT('',#14902);
#3716=VERTEX_POINT('',#14904);
#3717=VERTEX_POINT('',#14906);
#3718=VERTEX_POINT('',#14908);
#3719=VERTEX_POINT('',#14910);
#3720=VERTEX_POINT('',#14912);
#3721=VERTEX_POINT('',#14914);
#3722=VERTEX_POINT('',#14916);
#3723=VERTEX_POINT('',#14918);
#3724=VERTEX_POINT('',#14920);
#3725=VERTEX_POINT('',#14922);
#3726=VERTEX_POINT('',#14924);
#3727=VERTEX_POINT('',#14926);
#3728=VERTEX_POINT('',#14928);
#3729=VERTEX_POINT('',#14930);
#3730=VERTEX_POINT('',#14932);
#3731=VERTEX_POINT('',#14934);
#3732=VERTEX_POINT('',#14936);
#3733=VERTEX_POINT('',#14938);
#3734=VERTEX_POINT('',#14940);
#3735=VERTEX_POINT('',#14942);
#3736=VERTEX_POINT('',#14944);
#3737=VERTEX_POINT('',#14946);
#3738=VERTEX_POINT('',#14948);
#3739=VERTEX_POINT('',#14950);
#3740=VERTEX_POINT('',#14952);
#3741=VERTEX_POINT('',#14954);
#3742=VERTEX_POINT('',#14956);
#3743=VERTEX_POINT('',#14958);
#3744=VERTEX_POINT('',#14960);
#3745=VERTEX_POINT('',#14962);
#3746=VERTEX_POINT('',#14964);
#3747=VERTEX_POINT('',#14966);
#3748=VERTEX_POINT('',#14968);
#3749=VERTEX_POINT('',#14970);
#3750=VERTEX_POINT('',#14972);
#3751=VERTEX_POINT('',#14974);
#3752=VERTEX_POINT('',#14976);
#3753=VERTEX_POINT('',#14978);
#3754=VERTEX_POINT('',#14980);
#3755=VERTEX_POINT('',#14982);
#3756=VERTEX_POINT('',#14984);
#3757=VERTEX_POINT('',#14986);
#3758=VERTEX_POINT('',#14988);
#3759=VERTEX_POINT('',#14990);
#3760=VERTEX_POINT('',#14992);
#3761=VERTEX_POINT('',#14994);
#3762=VERTEX_POINT('',#14996);
#3763=VERTEX_POINT('',#14998);
#3764=VERTEX_POINT('',#15000);
#3765=VERTEX_POINT('',#15002);
#3766=VERTEX_POINT('',#15004);
#3767=VERTEX_POINT('',#15006);
#3768=VERTEX_POINT('',#15008);
#3769=VERTEX_POINT('',#15010);
#3770=VERTEX_POINT('',#15012);
#3771=VERTEX_POINT('',#15014);
#3772=VERTEX_POINT('',#15016);
#3773=VERTEX_POINT('',#15018);
#3774=VERTEX_POINT('',#15020);
#3775=VERTEX_POINT('',#15022);
#3776=VERTEX_POINT('',#15024);
#3777=VERTEX_POINT('',#15026);
#3778=VERTEX_POINT('',#15028);
#3779=VERTEX_POINT('',#15030);
#3780=VERTEX_POINT('',#15032);
#3781=VERTEX_POINT('',#15034);
#3782=VERTEX_POINT('',#15036);
#3783=VERTEX_POINT('',#15038);
#3784=VERTEX_POINT('',#15040);
#3785=VERTEX_POINT('',#15042);
#3786=VERTEX_POINT('',#15044);
#3787=VERTEX_POINT('',#15046);
#3788=VERTEX_POINT('',#15048);
#3789=VERTEX_POINT('',#15050);
#3790=VERTEX_POINT('',#15132);
#3791=VERTEX_POINT('',#15133);
#3792=VERTEX_POINT('',#15135);
#3793=VERTEX_POINT('',#15152);
#3794=VERTEX_POINT('',#15171);
#3795=VERTEX_POINT('',#15240);
#3796=VERTEX_POINT('',#15256);
#3797=VERTEX_POINT('',#15329);
#3798=VERTEX_POINT('',#15346);
#3799=VERTEX_POINT('',#15429);
#3800=VERTEX_POINT('',#15430);
#3801=VERTEX_POINT('',#15552);
#3802=VERTEX_POINT('',#15554);
#3803=VERTEX_POINT('',#15556);
#3804=VERTEX_POINT('',#15558);
#3805=VERTEX_POINT('',#15560);
#3806=VERTEX_POINT('',#15562);
#3807=VERTEX_POINT('',#15564);
#3808=VERTEX_POINT('',#15566);
#3809=VERTEX_POINT('',#15568);
#3810=VERTEX_POINT('',#15570);
#3811=VERTEX_POINT('',#15572);
#3812=VERTEX_POINT('',#15574);
#3813=VERTEX_POINT('',#15576);
#3814=VERTEX_POINT('',#15578);
#3815=VERTEX_POINT('',#15580);
#3816=VERTEX_POINT('',#15582);
#3817=VERTEX_POINT('',#15584);
#3818=VERTEX_POINT('',#15586);
#3819=VERTEX_POINT('',#15588);
#3820=VERTEX_POINT('',#15590);
#3821=VERTEX_POINT('',#15592);
#3822=VERTEX_POINT('',#15594);
#3823=VERTEX_POINT('',#15596);
#3824=VERTEX_POINT('',#15598);
#3825=VERTEX_POINT('',#15600);
#3826=VERTEX_POINT('',#15602);
#3827=VERTEX_POINT('',#15604);
#3828=VERTEX_POINT('',#15606);
#3829=VERTEX_POINT('',#15608);
#3830=VERTEX_POINT('',#15610);
#3831=VERTEX_POINT('',#15612);
#3832=VERTEX_POINT('',#15614);
#3833=VERTEX_POINT('',#15616);
#3834=VERTEX_POINT('',#15618);
#3835=VERTEX_POINT('',#15620);
#3836=VERTEX_POINT('',#15622);
#3837=VERTEX_POINT('',#15624);
#3838=VERTEX_POINT('',#15626);
#3839=VERTEX_POINT('',#15628);
#3840=VERTEX_POINT('',#15630);
#3841=VERTEX_POINT('',#15632);
#3842=VERTEX_POINT('',#15634);
#3843=VERTEX_POINT('',#15636);
#3844=VERTEX_POINT('',#15638);
#3845=VERTEX_POINT('',#15640);
#3846=VERTEX_POINT('',#15642);
#3847=VERTEX_POINT('',#15644);
#3848=VERTEX_POINT('',#15646);
#3849=VERTEX_POINT('',#15648);
#3850=VERTEX_POINT('',#15650);
#3851=VERTEX_POINT('',#15652);
#3852=VERTEX_POINT('',#15654);
#3853=VERTEX_POINT('',#15656);
#3854=VERTEX_POINT('',#15658);
#3855=VERTEX_POINT('',#15660);
#3856=VERTEX_POINT('',#15662);
#3857=VERTEX_POINT('',#15664);
#3858=VERTEX_POINT('',#15666);
#3859=VERTEX_POINT('',#15668);
#3860=VERTEX_POINT('',#15670);
#3861=VERTEX_POINT('',#15672);
#3862=VERTEX_POINT('',#15674);
#3863=VERTEX_POINT('',#15676);
#3864=VERTEX_POINT('',#15678);
#3865=VERTEX_POINT('',#15680);
#3866=VERTEX_POINT('',#15682);
#3867=VERTEX_POINT('',#15684);
#3868=VERTEX_POINT('',#15686);
#3869=VERTEX_POINT('',#15688);
#3870=VERTEX_POINT('',#15690);
#3871=VERTEX_POINT('',#15692);
#3872=VERTEX_POINT('',#15694);
#3873=VERTEX_POINT('',#15696);
#3874=VERTEX_POINT('',#15698);
#3875=VERTEX_POINT('',#15700);
#3876=VERTEX_POINT('',#15702);
#3877=VERTEX_POINT('',#15704);
#3878=VERTEX_POINT('',#15706);
#3879=VERTEX_POINT('',#15708);
#3880=VERTEX_POINT('',#15710);
#3881=VERTEX_POINT('',#15712);
#3882=VERTEX_POINT('',#15714);
#3883=VERTEX_POINT('',#15716);
#3884=VERTEX_POINT('',#15718);
#3885=VERTEX_POINT('',#15720);
#3886=VERTEX_POINT('',#15722);
#3887=VERTEX_POINT('',#15724);
#3888=VERTEX_POINT('',#15726);
#3889=VERTEX_POINT('',#15728);
#3890=VERTEX_POINT('',#15730);
#3891=VERTEX_POINT('',#15732);
#3892=VERTEX_POINT('',#15734);
#3893=VERTEX_POINT('',#15736);
#3894=VERTEX_POINT('',#15738);
#3895=VERTEX_POINT('',#15740);
#3896=VERTEX_POINT('',#15742);
#3897=VERTEX_POINT('',#15744);
#3898=VERTEX_POINT('',#15746);
#3899=VERTEX_POINT('',#15748);
#3900=VERTEX_POINT('',#15750);
#3901=VERTEX_POINT('',#15752);
#3902=VERTEX_POINT('',#15754);
#3903=VERTEX_POINT('',#15756);
#3904=VERTEX_POINT('',#15758);
#3905=VERTEX_POINT('',#15760);
#3906=VERTEX_POINT('',#15762);
#3907=VERTEX_POINT('',#15764);
#3908=VERTEX_POINT('',#15766);
#3909=VERTEX_POINT('',#15768);
#3910=VERTEX_POINT('',#15770);
#3911=VERTEX_POINT('',#15772);
#3912=VERTEX_POINT('',#15774);
#3913=VERTEX_POINT('',#15776);
#3914=VERTEX_POINT('',#15778);
#3915=VERTEX_POINT('',#15780);
#3916=VERTEX_POINT('',#15782);
#3917=VERTEX_POINT('',#15784);
#3918=VERTEX_POINT('',#15786);
#3919=VERTEX_POINT('',#15788);
#3920=VERTEX_POINT('',#15790);
#3921=VERTEX_POINT('',#15792);
#3922=VERTEX_POINT('',#15794);
#3923=VERTEX_POINT('',#15796);
#3924=VERTEX_POINT('',#15798);
#3925=VERTEX_POINT('',#15800);
#3926=VERTEX_POINT('',#15802);
#3927=VERTEX_POINT('',#15804);
#3928=VERTEX_POINT('',#15806);
#3929=VERTEX_POINT('',#15808);
#3930=VERTEX_POINT('',#15810);
#3931=VERTEX_POINT('',#15812);
#3932=VERTEX_POINT('',#15814);
#3933=VERTEX_POINT('',#15816);
#3934=VERTEX_POINT('',#15818);
#3935=VERTEX_POINT('',#15820);
#3936=VERTEX_POINT('',#15822);
#3937=VERTEX_POINT('',#15824);
#3938=VERTEX_POINT('',#15826);
#3939=VERTEX_POINT('',#15828);
#3940=VERTEX_POINT('',#15830);
#3941=VERTEX_POINT('',#15832);
#3942=VERTEX_POINT('',#15834);
#3943=VERTEX_POINT('',#15836);
#3944=VERTEX_POINT('',#15838);
#3945=VERTEX_POINT('',#15840);
#3946=VERTEX_POINT('',#15842);
#3947=VERTEX_POINT('',#15844);
#3948=VERTEX_POINT('',#15846);
#3949=VERTEX_POINT('',#15848);
#3950=VERTEX_POINT('',#15851);
#3951=VERTEX_POINT('',#15855);
#3952=VERTEX_POINT('',#15856);
#3953=VERTEX_POINT('',#15861);
#3954=VERTEX_POINT('',#15865);
#3955=VERTEX_POINT('',#15866);
#3956=VERTEX_POINT('',#15871);
#3957=VERTEX_POINT('',#15875);
#3958=VERTEX_POINT('',#15876);
#3959=VERTEX_POINT('',#15881);
#3960=VERTEX_POINT('',#15885);
#3961=VERTEX_POINT('',#15886);
#3962=VERTEX_POINT('',#15891);
#3963=VERTEX_POINT('',#15895);
#3964=VERTEX_POINT('',#15896);
#3965=VERTEX_POINT('',#15901);
#3966=VERTEX_POINT('',#15905);
#3967=VERTEX_POINT('',#15906);
#3968=VERTEX_POINT('',#15911);
#3969=VERTEX_POINT('',#15915);
#3970=VERTEX_POINT('',#15916);
#3971=VERTEX_POINT('',#15921);
#3972=VERTEX_POINT('',#15925);
#3973=VERTEX_POINT('',#15926);
#3974=VERTEX_POINT('',#15931);
#3975=VERTEX_POINT('',#15935);
#3976=VERTEX_POINT('',#15936);
#3977=VERTEX_POINT('',#15941);
#3978=VERTEX_POINT('',#15945);
#3979=VERTEX_POINT('',#15946);
#3980=VERTEX_POINT('',#15951);
#3981=VERTEX_POINT('',#15955);
#3982=VERTEX_POINT('',#15956);
#3983=VERTEX_POINT('',#15961);
#3984=VERTEX_POINT('',#15965);
#3985=VERTEX_POINT('',#15966);
#3986=VERTEX_POINT('',#15971);
#3987=VERTEX_POINT('',#15975);
#3988=VERTEX_POINT('',#15976);
#3989=VERTEX_POINT('',#15981);
#3990=VERTEX_POINT('',#15985);
#3991=VERTEX_POINT('',#15986);
#3992=VERTEX_POINT('',#15991);
#3993=VERTEX_POINT('',#15995);
#3994=VERTEX_POINT('',#15996);
#3995=VERTEX_POINT('',#16001);
#3996=VERTEX_POINT('',#16005);
#3997=VERTEX_POINT('',#16006);
#3998=VERTEX_POINT('',#16011);
#3999=VERTEX_POINT('',#16015);
#4000=VERTEX_POINT('',#16016);
#4001=VERTEX_POINT('',#16021);
#4002=VERTEX_POINT('',#16025);
#4003=VERTEX_POINT('',#16026);
#4004=VERTEX_POINT('',#16031);
#4005=VERTEX_POINT('',#16035);
#4006=VERTEX_POINT('',#16036);
#4007=VERTEX_POINT('',#16041);
#4008=VERTEX_POINT('',#16045);
#4009=VERTEX_POINT('',#16046);
#4010=VERTEX_POINT('',#16051);
#4011=VERTEX_POINT('',#16055);
#4012=VERTEX_POINT('',#16056);
#4013=VERTEX_POINT('',#16061);
#4014=VERTEX_POINT('',#16065);
#4015=VERTEX_POINT('',#16066);
#4016=VERTEX_POINT('',#16071);
#4017=VERTEX_POINT('',#16075);
#4018=VERTEX_POINT('',#16076);
#4019=VERTEX_POINT('',#16081);
#4020=VERTEX_POINT('',#16085);
#4021=VERTEX_POINT('',#16086);
#4022=VERTEX_POINT('',#16091);
#4023=VERTEX_POINT('',#16095);
#4024=VERTEX_POINT('',#16096);
#4025=VERTEX_POINT('',#16101);
#4026=VERTEX_POINT('',#16105);
#4027=VERTEX_POINT('',#16106);
#4028=VERTEX_POINT('',#16111);
#4029=VERTEX_POINT('',#16115);
#4030=VERTEX_POINT('',#16116);
#4031=VERTEX_POINT('',#16121);
#4032=VERTEX_POINT('',#16125);
#4033=VERTEX_POINT('',#16126);
#4034=VERTEX_POINT('',#16131);
#4035=VERTEX_POINT('',#16135);
#4036=VERTEX_POINT('',#16136);
#4037=VERTEX_POINT('',#16141);
#4038=VERTEX_POINT('',#16145);
#4039=VERTEX_POINT('',#16146);
#4040=VERTEX_POINT('',#16211);
#4041=VERTEX_POINT('',#16213);
#4042=VERTEX_POINT('',#16217);
#4043=VERTEX_POINT('',#16221);
#4044=VERTEX_POINT('',#16223);
#4045=VERTEX_POINT('',#16227);
#4046=VERTEX_POINT('',#16231);
#4047=VERTEX_POINT('',#16233);
#4048=VERTEX_POINT('',#16237);
#4049=VERTEX_POINT('',#16241);
#4050=VERTEX_POINT('',#16243);
#4051=VERTEX_POINT('',#16247);
#4052=VERTEX_POINT('',#16251);
#4053=VERTEX_POINT('',#16253);
#4054=VERTEX_POINT('',#16257);
#4055=VERTEX_POINT('',#16261);
#4056=VERTEX_POINT('',#16263);
#4057=VERTEX_POINT('',#16267);
#4058=VERTEX_POINT('',#16271);
#4059=VERTEX_POINT('',#16273);
#4060=VERTEX_POINT('',#16277);
#4061=VERTEX_POINT('',#16281);
#4062=VERTEX_POINT('',#16283);
#4063=VERTEX_POINT('',#16287);
#4064=VERTEX_POINT('',#16291);
#4065=VERTEX_POINT('',#16293);
#4066=VERTEX_POINT('',#16297);
#4067=VERTEX_POINT('',#16301);
#4068=VERTEX_POINT('',#16303);
#4069=VERTEX_POINT('',#16307);
#4070=VERTEX_POINT('',#16311);
#4071=VERTEX_POINT('',#16313);
#4072=VERTEX_POINT('',#16317);
#4073=VERTEX_POINT('',#16321);
#4074=VERTEX_POINT('',#16323);
#4075=VERTEX_POINT('',#16327);
#4076=VERTEX_POINT('',#16331);
#4077=VERTEX_POINT('',#16333);
#4078=VERTEX_POINT('',#16337);
#4079=VERTEX_POINT('',#16341);
#4080=VERTEX_POINT('',#16343);
#4081=VERTEX_POINT('',#16347);
#4082=VERTEX_POINT('',#16351);
#4083=VERTEX_POINT('',#16353);
#4084=VERTEX_POINT('',#16357);
#4085=VERTEX_POINT('',#16361);
#4086=VERTEX_POINT('',#16363);
#4087=VERTEX_POINT('',#16367);
#4088=VERTEX_POINT('',#16371);
#4089=VERTEX_POINT('',#16373);
#4090=VERTEX_POINT('',#16377);
#4091=VERTEX_POINT('',#16381);
#4092=VERTEX_POINT('',#16383);
#4093=VERTEX_POINT('',#16387);
#4094=VERTEX_POINT('',#16391);
#4095=VERTEX_POINT('',#16393);
#4096=VERTEX_POINT('',#16397);
#4097=VERTEX_POINT('',#16401);
#4098=VERTEX_POINT('',#16403);
#4099=VERTEX_POINT('',#16407);
#4100=VERTEX_POINT('',#16411);
#4101=VERTEX_POINT('',#16413);
#4102=VERTEX_POINT('',#16417);
#4103=VERTEX_POINT('',#16421);
#4104=VERTEX_POINT('',#16423);
#4105=VERTEX_POINT('',#16427);
#4106=VERTEX_POINT('',#16431);
#4107=VERTEX_POINT('',#16433);
#4108=VERTEX_POINT('',#16437);
#4109=VERTEX_POINT('',#16441);
#4110=VERTEX_POINT('',#16443);
#4111=VERTEX_POINT('',#16447);
#4112=VERTEX_POINT('',#16451);
#4113=VERTEX_POINT('',#16453);
#4114=VERTEX_POINT('',#16457);
#4115=VERTEX_POINT('',#16461);
#4116=VERTEX_POINT('',#16463);
#4117=VERTEX_POINT('',#16467);
#4118=VERTEX_POINT('',#16471);
#4119=VERTEX_POINT('',#16473);
#4120=VERTEX_POINT('',#16477);
#4121=VERTEX_POINT('',#16481);
#4122=VERTEX_POINT('',#16483);
#4123=VERTEX_POINT('',#16487);
#4124=VERTEX_POINT('',#16491);
#4125=VERTEX_POINT('',#16493);
#4126=VERTEX_POINT('',#16497);
#4127=VERTEX_POINT('',#16501);
#4128=VERTEX_POINT('',#16503);
#4129=VERTEX_POINT('',#16507);
#4130=VERTEX_POINT('',#16511);
#4131=VERTEX_POINT('',#16513);
#4132=VERTEX_POINT('',#16517);
#4133=VERTEX_POINT('',#16521);
#4134=VERTEX_POINT('',#16523);
#4135=VERTEX_POINT('',#16527);
#4136=VERTEX_POINT('',#16531);
#4137=VERTEX_POINT('',#16533);
#4138=VERTEX_POINT('',#16537);
#4139=VERTEX_POINT('',#16541);
#4140=VERTEX_POINT('',#16543);
#4141=VERTEX_POINT('',#16547);
#4142=VERTEX_POINT('',#16551);
#4143=VERTEX_POINT('',#16553);
#4144=VERTEX_POINT('',#16557);
#4145=VERTEX_POINT('',#16561);
#4146=VERTEX_POINT('',#16563);
#4147=VERTEX_POINT('',#16567);
#4148=VERTEX_POINT('',#16571);
#4149=VERTEX_POINT('',#16573);
#4150=VERTEX_POINT('',#16577);
#4151=VERTEX_POINT('',#16581);
#4152=VERTEX_POINT('',#16583);
#4153=VERTEX_POINT('',#16587);
#4154=VERTEX_POINT('',#16591);
#4155=VERTEX_POINT('',#16593);
#4156=VERTEX_POINT('',#16597);
#4157=VERTEX_POINT('',#16601);
#4158=VERTEX_POINT('',#16603);
#4159=VERTEX_POINT('',#16607);
#4160=VERTEX_POINT('',#16611);
#4161=VERTEX_POINT('',#16613);
#4162=VERTEX_POINT('',#16617);
#4163=VERTEX_POINT('',#16621);
#4164=VERTEX_POINT('',#16623);
#4165=VERTEX_POINT('',#16627);
#4166=VERTEX_POINT('',#16631);
#4167=VERTEX_POINT('',#16633);
#4168=VERTEX_POINT('',#16637);
#4169=VERTEX_POINT('',#16641);
#4170=VERTEX_POINT('',#16643);
#4171=VERTEX_POINT('',#16647);
#4172=VERTEX_POINT('',#16651);
#4173=VERTEX_POINT('',#16653);
#4174=VERTEX_POINT('',#16657);
#4175=VERTEX_POINT('',#16661);
#4176=VERTEX_POINT('',#16663);
#4177=VERTEX_POINT('',#16667);
#4178=VERTEX_POINT('',#16671);
#4179=VERTEX_POINT('',#16673);
#4180=VERTEX_POINT('',#16677);
#4181=VERTEX_POINT('',#16681);
#4182=VERTEX_POINT('',#16683);
#4183=VERTEX_POINT('',#16687);
#4184=VERTEX_POINT('',#16691);
#4185=VERTEX_POINT('',#16693);
#4186=VERTEX_POINT('',#16697);
#4187=VERTEX_POINT('',#16701);
#4188=VERTEX_POINT('',#16703);
#4189=VERTEX_POINT('',#16707);
#4190=VERTEX_POINT('',#16711);
#4191=VERTEX_POINT('',#16713);
#4192=VERTEX_POINT('',#16717);
#4193=VERTEX_POINT('',#16721);
#4194=VERTEX_POINT('',#16723);
#4195=VERTEX_POINT('',#16727);
#4196=VERTEX_POINT('',#16731);
#4197=VERTEX_POINT('',#16733);
#4198=VERTEX_POINT('',#16737);
#4199=VERTEX_POINT('',#16741);
#4200=VERTEX_POINT('',#16743);
#4201=VERTEX_POINT('',#16747);
#4202=VERTEX_POINT('',#16751);
#4203=VERTEX_POINT('',#16753);
#4204=VERTEX_POINT('',#16757);
#4205=VERTEX_POINT('',#16761);
#4206=VERTEX_POINT('',#16763);
#4207=VERTEX_POINT('',#16767);
#4208=VERTEX_POINT('',#16771);
#4209=VERTEX_POINT('',#16773);
#4210=VERTEX_POINT('',#16777);
#4211=VERTEX_POINT('',#16781);
#4212=VERTEX_POINT('',#16783);
#4213=VERTEX_POINT('',#16787);
#4214=VERTEX_POINT('',#16791);
#4215=VERTEX_POINT('',#16793);
#4216=VERTEX_POINT('',#16797);
#4217=VERTEX_POINT('',#16801);
#4218=VERTEX_POINT('',#16803);
#4219=VERTEX_POINT('',#16807);
#4220=VERTEX_POINT('',#16811);
#4221=VERTEX_POINT('',#16813);
#4222=VERTEX_POINT('',#16817);
#4223=VERTEX_POINT('',#16821);
#4224=VERTEX_POINT('',#16823);
#4225=VERTEX_POINT('',#16827);
#4226=VERTEX_POINT('',#16831);
#4227=VERTEX_POINT('',#16833);
#4228=VERTEX_POINT('',#16837);
#4229=VERTEX_POINT('',#16841);
#4230=VERTEX_POINT('',#16843);
#4231=VERTEX_POINT('',#16847);
#4232=VERTEX_POINT('',#16851);
#4233=VERTEX_POINT('',#16853);
#4234=VERTEX_POINT('',#16857);
#4235=VERTEX_POINT('',#16861);
#4236=VERTEX_POINT('',#16863);
#4237=VERTEX_POINT('',#16867);
#4238=VERTEX_POINT('',#16871);
#4239=VERTEX_POINT('',#16873);
#4240=VERTEX_POINT('',#16877);
#4241=VERTEX_POINT('',#16881);
#4242=VERTEX_POINT('',#16883);
#4243=VERTEX_POINT('',#16887);
#4244=VERTEX_POINT('',#16891);
#4245=VERTEX_POINT('',#16893);
#4246=VERTEX_POINT('',#16897);
#4247=VERTEX_POINT('',#16901);
#4248=VERTEX_POINT('',#16903);
#4249=VERTEX_POINT('',#16907);
#4250=VERTEX_POINT('',#16911);
#4251=VERTEX_POINT('',#16913);
#4252=VERTEX_POINT('',#16917);
#4253=VERTEX_POINT('',#16921);
#4254=VERTEX_POINT('',#16923);
#4255=VERTEX_POINT('',#16927);
#4256=VERTEX_POINT('',#16931);
#4257=VERTEX_POINT('',#16933);
#4258=VERTEX_POINT('',#16937);
#4259=VERTEX_POINT('',#16941);
#4260=VERTEX_POINT('',#16943);
#4261=VERTEX_POINT('',#16947);
#4262=VERTEX_POINT('',#17099);
#4263=VERTEX_POINT('',#17103);
#4264=VERTEX_POINT('',#17104);
#4265=VERTEX_POINT('',#17112);
#4266=VERTEX_POINT('',#17117);
#4267=VERTEX_POINT('',#17122);
#4268=VERTEX_POINT('',#17127);
#4269=VERTEX_POINT('',#17132);
#4270=VERTEX_POINT('',#17137);
#4271=VERTEX_POINT('',#17142);
#4272=VERTEX_POINT('',#17147);
#4273=VERTEX_POINT('',#17152);
#4274=VERTEX_POINT('',#17158);
#4275=VERTEX_POINT('',#17164);
#4276=VERTEX_POINT('',#17170);
#4277=VERTEX_POINT('',#17176);
#4278=VERTEX_POINT('',#17181);
#4279=VERTEX_POINT('',#17186);
#4280=VERTEX_POINT('',#17191);
#4281=VERTEX_POINT('',#17196);
#4282=VERTEX_POINT('',#17201);
#4283=VERTEX_POINT('',#17206);
#4284=VERTEX_POINT('',#17211);
#4285=VERTEX_POINT('',#17216);
#4286=VERTEX_POINT('',#17221);
#4287=VERTEX_POINT('',#17226);
#4288=VERTEX_POINT('',#17231);
#4289=VERTEX_POINT('',#17236);
#4290=VERTEX_POINT('',#17241);
#4291=VERTEX_POINT('',#17246);
#4292=VERTEX_POINT('',#17251);
#4293=VERTEX_POINT('',#17256);
#4294=VERTEX_POINT('',#17261);
#4295=VERTEX_POINT('',#17266);
#4296=VERTEX_POINT('',#17272);
#4297=VERTEX_POINT('',#17278);
#4298=VERTEX_POINT('',#17284);
#4299=VERTEX_POINT('',#17289);
#4300=VERTEX_POINT('',#17294);
#4301=VERTEX_POINT('',#17299);
#4302=VERTEX_POINT('',#17304);
#4303=VERTEX_POINT('',#17309);
#4304=VERTEX_POINT('',#17314);
#4305=VERTEX_POINT('',#17319);
#4306=VERTEX_POINT('',#17324);
#4307=VERTEX_POINT('',#17329);
#4308=VERTEX_POINT('',#17334);
#4309=EDGE_CURVE('',#3540,#3540,#2867,.T.);
#4310=EDGE_CURVE('',#3540,#3541,#1999,.T.);
#4311=EDGE_CURVE('',#3542,#3541,#1903,.T.);
#4312=EDGE_CURVE('',#3543,#3542,#1904,.T.);
#4313=EDGE_CURVE('',#3541,#3543,#1905,.T.);
#4314=EDGE_CURVE('',#3544,#3544,#2868,.T.);
#4315=EDGE_CURVE('',#3544,#3545,#2000,.T.);
#4316=EDGE_CURVE('',#3546,#3545,#1906,.T.);
#4317=EDGE_CURVE('',#3547,#3546,#1907,.T.);
#4318=EDGE_CURVE('',#3545,#3547,#1908,.T.);
#4319=EDGE_CURVE('',#3548,#3548,#2869,.T.);
#4320=EDGE_CURVE('',#3548,#3549,#2001,.T.);
#4321=EDGE_CURVE('',#3550,#3549,#1909,.T.);
#4322=EDGE_CURVE('',#3551,#3550,#1910,.T.);
#4323=EDGE_CURVE('',#3549,#3551,#1911,.T.);
#4324=EDGE_CURVE('',#3552,#3552,#2870,.T.);
#4325=EDGE_CURVE('',#3552,#3553,#2002,.T.);
#4326=EDGE_CURVE('',#3554,#3553,#1912,.T.);
#4327=EDGE_CURVE('',#3555,#3554,#1913,.T.);
#4328=EDGE_CURVE('',#3553,#3555,#1914,.T.);
#4329=EDGE_CURVE('',#3556,#3556,#2871,.T.);
#4330=EDGE_CURVE('',#3556,#3557,#2003,.T.);
#4331=EDGE_CURVE('',#3558,#3557,#1915,.T.);
#4332=EDGE_CURVE('',#3559,#3558,#1916,.T.);
#4333=EDGE_CURVE('',#3557,#3559,#1917,.T.);
#4334=EDGE_CURVE('',#3560,#3560,#2872,.T.);
#4335=EDGE_CURVE('',#3560,#3561,#2004,.T.);
#4336=EDGE_CURVE('',#3562,#3561,#1918,.T.);
#4337=EDGE_CURVE('',#3563,#3562,#1919,.T.);
#4338=EDGE_CURVE('',#3561,#3563,#1920,.T.);
#4339=EDGE_CURVE('',#3564,#3564,#2873,.T.);
#4340=EDGE_CURVE('',#3564,#3565,#2005,.T.);
#4341=EDGE_CURVE('',#3566,#3565,#1921,.T.);
#4342=EDGE_CURVE('',#3567,#3566,#1922,.T.);
#4343=EDGE_CURVE('',#3565,#3567,#1923,.T.);
#4344=EDGE_CURVE('',#3568,#3568,#2874,.T.);
#4345=EDGE_CURVE('',#3568,#3569,#2006,.T.);
#4346=EDGE_CURVE('',#3569,#3569,#1924,.T.);
#4347=EDGE_CURVE('',#3570,#3570,#2875,.T.);
#4348=EDGE_CURVE('',#3570,#3571,#2007,.T.);
#4349=EDGE_CURVE('',#3571,#3571,#1925,.T.);
#4350=EDGE_CURVE('',#3572,#3572,#2876,.T.);
#4351=EDGE_CURVE('',#3572,#3573,#2008,.T.);
#4352=EDGE_CURVE('',#3573,#3573,#1926,.T.);
#4353=EDGE_CURVE('',#3574,#3574,#2877,.T.);
#4354=EDGE_CURVE('',#3574,#3575,#2009,.T.);
#4355=EDGE_CURVE('',#3575,#3575,#1927,.T.);
#4356=EDGE_CURVE('',#3576,#3576,#2878,.T.);
#4357=EDGE_CURVE('',#3576,#3577,#2010,.T.);
#4358=EDGE_CURVE('',#3577,#3577,#1928,.T.);
#4359=EDGE_CURVE('',#3578,#3578,#2879,.T.);
#4360=EDGE_CURVE('',#3578,#3579,#2011,.T.);
#4361=EDGE_CURVE('',#3579,#3579,#1929,.T.);
#4362=EDGE_CURVE('',#3580,#3580,#2880,.T.);
#4363=EDGE_CURVE('',#3580,#3581,#2012,.T.);
#4364=EDGE_CURVE('',#3581,#3581,#1930,.T.);
#4365=EDGE_CURVE('',#3582,#3582,#2881,.T.);
#4366=EDGE_CURVE('',#3582,#3583,#2013,.T.);
#4367=EDGE_CURVE('',#3583,#3583,#1931,.T.);
#4368=EDGE_CURVE('',#3584,#3584,#2882,.T.);
#4369=EDGE_CURVE('',#3584,#3585,#2014,.T.);
#4370=EDGE_CURVE('',#3585,#3585,#1932,.T.);
#4371=EDGE_CURVE('',#3586,#3586,#2883,.T.);
#4372=EDGE_CURVE('',#3586,#3587,#2015,.T.);
#4373=EDGE_CURVE('',#3587,#3587,#1933,.T.);
#4374=EDGE_CURVE('',#3588,#3588,#2884,.T.);
#4375=EDGE_CURVE('',#3588,#3589,#2016,.T.);
#4376=EDGE_CURVE('',#3589,#3589,#1934,.T.);
#4377=EDGE_CURVE('',#3590,#3590,#2885,.T.);
#4378=EDGE_CURVE('',#3590,#3591,#2017,.T.);
#4379=EDGE_CURVE('',#3591,#3591,#1935,.T.);
#4380=EDGE_CURVE('',#3592,#3592,#2886,.T.);
#4381=EDGE_CURVE('',#3592,#3593,#2018,.T.);
#4382=EDGE_CURVE('',#3593,#3593,#1936,.T.);
#4383=EDGE_CURVE('',#3594,#3594,#2887,.T.);
#4384=EDGE_CURVE('',#3594,#3595,#2019,.T.);
#4385=EDGE_CURVE('',#3595,#3595,#1937,.T.);
#4386=EDGE_CURVE('',#3596,#3596,#2888,.T.);
#4387=EDGE_CURVE('',#3596,#3597,#2020,.T.);
#4388=EDGE_CURVE('',#3597,#3597,#1938,.T.);
#4389=EDGE_CURVE('',#3598,#3598,#2889,.T.);
#4390=EDGE_CURVE('',#3598,#3599,#2021,.T.);
#4391=EDGE_CURVE('',#3600,#3599,#1939,.T.);
#4392=EDGE_CURVE('',#3599,#3600,#1940,.T.);
#4393=EDGE_CURVE('',#3601,#3601,#2890,.T.);
#4394=EDGE_CURVE('',#3601,#3602,#2022,.T.);
#4395=EDGE_CURVE('',#3603,#3602,#1941,.T.);
#4396=EDGE_CURVE('',#3602,#3603,#1942,.T.);
#4397=EDGE_CURVE('',#3604,#3604,#2891,.T.);
#4398=EDGE_CURVE('',#3604,#3605,#2023,.T.);
#4399=EDGE_CURVE('',#3606,#3605,#1943,.T.);
#4400=EDGE_CURVE('',#3605,#3606,#1944,.T.);
#4401=EDGE_CURVE('',#3607,#3607,#2892,.T.);
#4402=EDGE_CURVE('',#3607,#3608,#2024,.T.);
#4403=EDGE_CURVE('',#3609,#3608,#1945,.T.);
#4404=EDGE_CURVE('',#3608,#3609,#1946,.T.);
#4405=EDGE_CURVE('',#3610,#3610,#2893,.T.);
#4406=EDGE_CURVE('',#3610,#3611,#2025,.T.);
#4407=EDGE_CURVE('',#3612,#3611,#1947,.T.);
#4408=EDGE_CURVE('',#3611,#3612,#1948,.T.);
#4409=EDGE_CURVE('',#3613,#3613,#2894,.T.);
#4410=EDGE_CURVE('',#3613,#3614,#2026,.T.);
#4411=EDGE_CURVE('',#3615,#3614,#1949,.T.);
#4412=EDGE_CURVE('',#3614,#3615,#1950,.T.);
#4413=EDGE_CURVE('',#3616,#3616,#2895,.T.);
#4414=EDGE_CURVE('',#3616,#3617,#2027,.T.);
#4415=EDGE_CURVE('',#3618,#3617,#1951,.T.);
#4416=EDGE_CURVE('',#3617,#3618,#1952,.T.);
#4417=EDGE_CURVE('',#3619,#3619,#2896,.T.);
#4418=EDGE_CURVE('',#3619,#3620,#2028,.T.);
#4419=EDGE_CURVE('',#3621,#3620,#1953,.T.);
#4420=EDGE_CURVE('',#3620,#3621,#1954,.T.);
#4421=EDGE_CURVE('',#3622,#3622,#2897,.T.);
#4422=EDGE_CURVE('',#3622,#3623,#2029,.T.);
#4423=EDGE_CURVE('',#3624,#3623,#1955,.T.);
#4424=EDGE_CURVE('',#3623,#3624,#1956,.T.);
#4425=EDGE_CURVE('',#3625,#3625,#2898,.T.);
#4426=EDGE_CURVE('',#3625,#3626,#2030,.T.);
#4427=EDGE_CURVE('',#3627,#3626,#1957,.T.);
#4428=EDGE_CURVE('',#3626,#3627,#1958,.T.);
#4429=EDGE_CURVE('',#3628,#3628,#2899,.T.);
#4430=EDGE_CURVE('',#3628,#3629,#2031,.T.);
#4431=EDGE_CURVE('',#3630,#3629,#1959,.T.);
#4432=EDGE_CURVE('',#3629,#3630,#1960,.T.);
#4433=EDGE_CURVE('',#3631,#3631,#2900,.T.);
#4434=EDGE_CURVE('',#3631,#3632,#2032,.T.);
#4435=EDGE_CURVE('',#3633,#3632,#1961,.T.);
#4436=EDGE_CURVE('',#3632,#3633,#1962,.T.);
#4437=EDGE_CURVE('',#3634,#3634,#2901,.T.);
#4438=EDGE_CURVE('',#3634,#3635,#2033,.T.);
#4439=EDGE_CURVE('',#3636,#3635,#1963,.T.);
#4440=EDGE_CURVE('',#3635,#3636,#1964,.T.);
#4441=EDGE_CURVE('',#3637,#3637,#2902,.T.);
#4442=EDGE_CURVE('',#3637,#3638,#2034,.T.);
#4443=EDGE_CURVE('',#3639,#3638,#1965,.T.);
#4444=EDGE_CURVE('',#3638,#3639,#1966,.T.);
#4445=EDGE_CURVE('',#3640,#3640,#2903,.T.);
#4446=EDGE_CURVE('',#3640,#3641,#2035,.T.);
#4447=EDGE_CURVE('',#3642,#3641,#1967,.T.);
#4448=EDGE_CURVE('',#3641,#3642,#1968,.T.);
#4449=EDGE_CURVE('',#3643,#3643,#2904,.T.);
#4450=EDGE_CURVE('',#3643,#3644,#2036,.T.);
#4451=EDGE_CURVE('',#3645,#3644,#1969,.T.);
#4452=EDGE_CURVE('',#3644,#3645,#1970,.T.);
#4453=EDGE_CURVE('',#3646,#3646,#2905,.T.);
#4454=EDGE_CURVE('',#3646,#3647,#2037,.T.);
#4455=EDGE_CURVE('',#3648,#3647,#1971,.T.);
#4456=EDGE_CURVE('',#3647,#3648,#1972,.T.);
#4457=EDGE_CURVE('',#3649,#3649,#2906,.T.);
#4458=EDGE_CURVE('',#3649,#3650,#2038,.T.);
#4459=EDGE_CURVE('',#3651,#3650,#1973,.T.);
#4460=EDGE_CURVE('',#3650,#3651,#1974,.T.);
#4461=EDGE_CURVE('',#3652,#3652,#2907,.T.);
#4462=EDGE_CURVE('',#3652,#3653,#2039,.T.);
#4463=EDGE_CURVE('',#3654,#3653,#1975,.T.);
#4464=EDGE_CURVE('',#3653,#3654,#1976,.T.);
#4465=EDGE_CURVE('',#3655,#3655,#2908,.T.);
#4466=EDGE_CURVE('',#3655,#3656,#2040,.T.);
#4467=EDGE_CURVE('',#3657,#3656,#1977,.T.);
#4468=EDGE_CURVE('',#3656,#3657,#1978,.T.);
#4469=EDGE_CURVE('',#3658,#3658,#2909,.T.);
#4470=EDGE_CURVE('',#3658,#3659,#2041,.T.);
#4471=EDGE_CURVE('',#3660,#3659,#1979,.T.);
#4472=EDGE_CURVE('',#3659,#3660,#1980,.T.);
#4473=EDGE_CURVE('',#3661,#3661,#2910,.T.);
#4474=EDGE_CURVE('',#3661,#3662,#2042,.T.);
#4475=EDGE_CURVE('',#3663,#3662,#1981,.T.);
#4476=EDGE_CURVE('',#3662,#3663,#1982,.T.);
#4477=EDGE_CURVE('',#3664,#3665,#2911,.T.);
#4478=EDGE_CURVE('',#3665,#3666,#1983,.T.);
#4479=EDGE_CURVE('',#3666,#3667,#2912,.T.);
#4480=EDGE_CURVE('',#3667,#3664,#1984,.T.);
#4481=EDGE_CURVE('',#3668,#3669,#2913,.T.);
#4482=EDGE_CURVE('',#3669,#3665,#2043,.T.);
#4483=EDGE_CURVE('',#3664,#3668,#2044,.T.);
#4484=EDGE_CURVE('',#3670,#3671,#2914,.T.);
#4485=EDGE_CURVE('',#3671,#3669,#1985,.T.);
#4486=EDGE_CURVE('',#3668,#3670,#1986,.T.);
#4487=EDGE_CURVE('',#3672,#3673,#2915,.T.);
#4488=EDGE_CURVE('',#3673,#3671,#2045,.T.);
#4489=EDGE_CURVE('',#3670,#3672,#2046,.T.);
#4490=EDGE_CURVE('',#3674,#3675,#2916,.T.);
#4491=EDGE_CURVE('',#3675,#3673,#1987,.T.);
#4492=EDGE_CURVE('',#3672,#3674,#1988,.T.);
#4493=EDGE_CURVE('',#3676,#3677,#2917,.T.);
#4494=EDGE_CURVE('',#3677,#3675,#2047,.T.);
#4495=EDGE_CURVE('',#3674,#3676,#2048,.T.);
#4496=EDGE_CURVE('',#3678,#3679,#2918,.T.);
#4497=EDGE_CURVE('',#3679,#3677,#1989,.T.);
#4498=EDGE_CURVE('',#3676,#3678,#1990,.T.);
#4499=EDGE_CURVE('',#3678,#3667,#2049,.T.);
#4500=EDGE_CURVE('',#3666,#3679,#2050,.T.);
#4501=EDGE_CURVE('',#3680,#3677,#2051,.T.);
#4502=EDGE_CURVE('',#3681,#3680,#2052,.T.);
#4503=EDGE_CURVE('',#3675,#3681,#2053,.T.);
#4504=EDGE_CURVE('',#3679,#3682,#2054,.T.);
#4505=EDGE_CURVE('',#3680,#3682,#1991,.T.);
#4506=EDGE_CURVE('',#3683,#3666,#2055,.T.);
#4507=EDGE_CURVE('',#3682,#3683,#2056,.T.);
#4508=EDGE_CURVE('',#3665,#3684,#2057,.T.);
#4509=EDGE_CURVE('',#3683,#3684,#1992,.T.);
#4510=EDGE_CURVE('',#3685,#3685,#2919,.T.);
#4511=EDGE_CURVE('',#3686,#3686,#2920,.T.);
#4512=EDGE_CURVE('',#3687,#3687,#2921,.T.);
#4513=EDGE_CURVE('',#3688,#3688,#2922,.T.);
#4514=EDGE_CURVE('',#3689,#3689,#2923,.T.);
#4515=EDGE_CURVE('',#3690,#3690,#2924,.T.);
#4516=EDGE_CURVE('',#3691,#3691,#2925,.T.);
#4517=EDGE_CURVE('',#3692,#3692,#2926,.T.);
#4518=EDGE_CURVE('',#3693,#3693,#2927,.T.);
#4519=EDGE_CURVE('',#3694,#3694,#2928,.T.);
#4520=EDGE_CURVE('',#3695,#3695,#2929,.T.);
#4521=EDGE_CURVE('',#3696,#3696,#2930,.T.);
#4522=EDGE_CURVE('',#3697,#3697,#2931,.T.);
#4523=EDGE_CURVE('',#3698,#3698,#2932,.T.);
#4524=EDGE_CURVE('',#3699,#3699,#2933,.T.);
#4525=EDGE_CURVE('',#3700,#3700,#2934,.T.);
#4526=EDGE_CURVE('',#3701,#3701,#2935,.T.);
#4527=EDGE_CURVE('',#3702,#3702,#2936,.T.);
#4528=EDGE_CURVE('',#3703,#3703,#2937,.T.);
#4529=EDGE_CURVE('',#3704,#3704,#2938,.T.);
#4530=EDGE_CURVE('',#3705,#3705,#2939,.T.);
#4531=EDGE_CURVE('',#3706,#3706,#2940,.T.);
#4532=EDGE_CURVE('',#3707,#3707,#2941,.T.);
#4533=EDGE_CURVE('',#3708,#3708,#2942,.T.);
#4534=EDGE_CURVE('',#3709,#3709,#2943,.T.);
#4535=EDGE_CURVE('',#3710,#3710,#2944,.T.);
#4536=EDGE_CURVE('',#3711,#3711,#2945,.T.);
#4537=EDGE_CURVE('',#3712,#3712,#2946,.T.);
#4538=EDGE_CURVE('',#3713,#3713,#2947,.T.);
#4539=EDGE_CURVE('',#3714,#3714,#2948,.T.);
#4540=EDGE_CURVE('',#3715,#3715,#2949,.T.);
#4541=EDGE_CURVE('',#3716,#3716,#2950,.T.);
#4542=EDGE_CURVE('',#3717,#3717,#2951,.T.);
#4543=EDGE_CURVE('',#3718,#3718,#2952,.T.);
#4544=EDGE_CURVE('',#3719,#3719,#2953,.T.);
#4545=EDGE_CURVE('',#3720,#3720,#2954,.T.);
#4546=EDGE_CURVE('',#3721,#3721,#2955,.T.);
#4547=EDGE_CURVE('',#3722,#3722,#2956,.T.);
#4548=EDGE_CURVE('',#3723,#3723,#2957,.T.);
#4549=EDGE_CURVE('',#3724,#3724,#2958,.T.);
#4550=EDGE_CURVE('',#3725,#3725,#2959,.T.);
#4551=EDGE_CURVE('',#3726,#3726,#2960,.T.);
#4552=EDGE_CURVE('',#3727,#3727,#2961,.T.);
#4553=EDGE_CURVE('',#3728,#3728,#2962,.T.);
#4554=EDGE_CURVE('',#3729,#3729,#2963,.T.);
#4555=EDGE_CURVE('',#3730,#3730,#2964,.T.);
#4556=EDGE_CURVE('',#3731,#3731,#2965,.T.);
#4557=EDGE_CURVE('',#3732,#3732,#2966,.T.);
#4558=EDGE_CURVE('',#3733,#3733,#2967,.T.);
#4559=EDGE_CURVE('',#3734,#3734,#2968,.T.);
#4560=EDGE_CURVE('',#3735,#3735,#2969,.T.);
#4561=EDGE_CURVE('',#3736,#3736,#2970,.T.);
#4562=EDGE_CURVE('',#3737,#3737,#2971,.T.);
#4563=EDGE_CURVE('',#3738,#3738,#2972,.T.);
#4564=EDGE_CURVE('',#3739,#3739,#2973,.T.);
#4565=EDGE_CURVE('',#3740,#3740,#2974,.T.);
#4566=EDGE_CURVE('',#3741,#3741,#2975,.T.);
#4567=EDGE_CURVE('',#3742,#3742,#2976,.T.);
#4568=EDGE_CURVE('',#3743,#3743,#2977,.T.);
#4569=EDGE_CURVE('',#3744,#3744,#2978,.T.);
#4570=EDGE_CURVE('',#3745,#3745,#2979,.T.);
#4571=EDGE_CURVE('',#3746,#3746,#2980,.T.);
#4572=EDGE_CURVE('',#3747,#3747,#2981,.T.);
#4573=EDGE_CURVE('',#3748,#3748,#2982,.T.);
#4574=EDGE_CURVE('',#3749,#3749,#2983,.T.);
#4575=EDGE_CURVE('',#3750,#3750,#2984,.T.);
#4576=EDGE_CURVE('',#3751,#3751,#2985,.T.);
#4577=EDGE_CURVE('',#3752,#3752,#2986,.T.);
#4578=EDGE_CURVE('',#3753,#3753,#2987,.T.);
#4579=EDGE_CURVE('',#3754,#3754,#2988,.T.);
#4580=EDGE_CURVE('',#3755,#3755,#2989,.T.);
#4581=EDGE_CURVE('',#3756,#3756,#2990,.T.);
#4582=EDGE_CURVE('',#3757,#3757,#2991,.T.);
#4583=EDGE_CURVE('',#3758,#3758,#2992,.T.);
#4584=EDGE_CURVE('',#3759,#3759,#2993,.T.);
#4585=EDGE_CURVE('',#3760,#3760,#2994,.T.);
#4586=EDGE_CURVE('',#3761,#3761,#2995,.T.);
#4587=EDGE_CURVE('',#3762,#3762,#2996,.T.);
#4588=EDGE_CURVE('',#3763,#3763,#2997,.T.);
#4589=EDGE_CURVE('',#3764,#3764,#2998,.T.);
#4590=EDGE_CURVE('',#3765,#3765,#2999,.T.);
#4591=EDGE_CURVE('',#3766,#3766,#3000,.T.);
#4592=EDGE_CURVE('',#3767,#3767,#3001,.T.);
#4593=EDGE_CURVE('',#3768,#3768,#3002,.T.);
#4594=EDGE_CURVE('',#3769,#3769,#3003,.T.);
#4595=EDGE_CURVE('',#3770,#3770,#3004,.T.);
#4596=EDGE_CURVE('',#3771,#3771,#3005,.T.);
#4597=EDGE_CURVE('',#3772,#3772,#3006,.T.);
#4598=EDGE_CURVE('',#3773,#3773,#3007,.T.);
#4599=EDGE_CURVE('',#3774,#3774,#3008,.T.);
#4600=EDGE_CURVE('',#3775,#3775,#3009,.T.);
#4601=EDGE_CURVE('',#3776,#3776,#3010,.T.);
#4602=EDGE_CURVE('',#3777,#3777,#3011,.T.);
#4603=EDGE_CURVE('',#3778,#3778,#3012,.T.);
#4604=EDGE_CURVE('',#3779,#3779,#3013,.T.);
#4605=EDGE_CURVE('',#3780,#3780,#3014,.T.);
#4606=EDGE_CURVE('',#3781,#3781,#3015,.T.);
#4607=EDGE_CURVE('',#3782,#3782,#3016,.T.);
#4608=EDGE_CURVE('',#3783,#3783,#3017,.T.);
#4609=EDGE_CURVE('',#3784,#3784,#3018,.T.);
#4610=EDGE_CURVE('',#3785,#3785,#3019,.T.);
#4611=EDGE_CURVE('',#3786,#3786,#3020,.T.);
#4612=EDGE_CURVE('',#3787,#3787,#3021,.T.);
#4613=EDGE_CURVE('',#3788,#3788,#3022,.T.);
#4614=EDGE_CURVE('',#3789,#3789,#3023,.T.);
#4615=EDGE_CURVE('',#3790,#3791,#3024,.T.);
#4616=EDGE_CURVE('',#3791,#3792,#1993,.T.);
#4617=EDGE_CURVE('',#3792,#3793,#3025,.T.);
#4618=EDGE_CURVE('',#3793,#3790,#1994,.T.);
#4619=EDGE_CURVE('',#3794,#3684,#3026,.T.);
#4620=EDGE_CURVE('',#3684,#3791,#2058,.T.);
#4621=EDGE_CURVE('',#3790,#3794,#2059,.T.);
#4622=EDGE_CURVE('',#3795,#3683,#3027,.T.);
#4623=EDGE_CURVE('',#3794,#3795,#1995,.T.);
#4624=EDGE_CURVE('',#3796,#3682,#3028,.T.);
#4625=EDGE_CURVE('',#3795,#3796,#2060,.T.);
#4626=EDGE_CURVE('',#3797,#3680,#3029,.T.);
#4627=EDGE_CURVE('',#3796,#3797,#1996,.T.);
#4628=EDGE_CURVE('',#3798,#3681,#3030,.T.);
#4629=EDGE_CURVE('',#3797,#3798,#2061,.T.);
#4630=EDGE_CURVE('',#3799,#3800,#3031,.T.);
#4631=EDGE_CURVE('',#3800,#3681,#1997,.T.);
#4632=EDGE_CURVE('',#3798,#3799,#1998,.T.);
#4633=EDGE_CURVE('',#3799,#3793,#2062,.T.);
#4634=EDGE_CURVE('',#3792,#3800,#2063,.T.);
#4635=EDGE_CURVE('',#3800,#3673,#2064,.T.);
#4636=EDGE_CURVE('',#3671,#3792,#2065,.T.);
#4637=EDGE_CURVE('',#3791,#3669,#2066,.T.);
#4638=EDGE_CURVE('',#3801,#3801,#3032,.T.);
#4639=EDGE_CURVE('',#3802,#3802,#3033,.T.);
#4640=EDGE_CURVE('',#3803,#3803,#3034,.T.);
#4641=EDGE_CURVE('',#3804,#3804,#3035,.T.);
#4642=EDGE_CURVE('',#3805,#3805,#3036,.T.);
#4643=EDGE_CURVE('',#3806,#3806,#3037,.T.);
#4644=EDGE_CURVE('',#3807,#3807,#3038,.T.);
#4645=EDGE_CURVE('',#3808,#3808,#3039,.T.);
#4646=EDGE_CURVE('',#3809,#3809,#3040,.T.);
#4647=EDGE_CURVE('',#3810,#3810,#3041,.T.);
#4648=EDGE_CURVE('',#3811,#3811,#3042,.T.);
#4649=EDGE_CURVE('',#3812,#3812,#3043,.T.);
#4650=EDGE_CURVE('',#3813,#3813,#3044,.T.);
#4651=EDGE_CURVE('',#3814,#3814,#3045,.T.);
#4652=EDGE_CURVE('',#3815,#3815,#3046,.T.);
#4653=EDGE_CURVE('',#3816,#3816,#3047,.T.);
#4654=EDGE_CURVE('',#3817,#3817,#3048,.T.);
#4655=EDGE_CURVE('',#3818,#3818,#3049,.T.);
#4656=EDGE_CURVE('',#3819,#3819,#3050,.T.);
#4657=EDGE_CURVE('',#3820,#3820,#3051,.T.);
#4658=EDGE_CURVE('',#3821,#3821,#3052,.T.);
#4659=EDGE_CURVE('',#3822,#3822,#3053,.T.);
#4660=EDGE_CURVE('',#3823,#3823,#3054,.T.);
#4661=EDGE_CURVE('',#3824,#3824,#3055,.T.);
#4662=EDGE_CURVE('',#3825,#3825,#3056,.T.);
#4663=EDGE_CURVE('',#3826,#3826,#3057,.T.);
#4664=EDGE_CURVE('',#3827,#3827,#3058,.T.);
#4665=EDGE_CURVE('',#3828,#3828,#3059,.T.);
#4666=EDGE_CURVE('',#3829,#3829,#3060,.T.);
#4667=EDGE_CURVE('',#3830,#3830,#3061,.T.);
#4668=EDGE_CURVE('',#3831,#3831,#3062,.T.);
#4669=EDGE_CURVE('',#3832,#3832,#3063,.T.);
#4670=EDGE_CURVE('',#3833,#3833,#3064,.T.);
#4671=EDGE_CURVE('',#3834,#3834,#3065,.T.);
#4672=EDGE_CURVE('',#3835,#3835,#3066,.T.);
#4673=EDGE_CURVE('',#3836,#3836,#3067,.T.);
#4674=EDGE_CURVE('',#3837,#3837,#3068,.T.);
#4675=EDGE_CURVE('',#3838,#3838,#3069,.T.);
#4676=EDGE_CURVE('',#3839,#3839,#3070,.T.);
#4677=EDGE_CURVE('',#3840,#3840,#3071,.T.);
#4678=EDGE_CURVE('',#3841,#3841,#3072,.T.);
#4679=EDGE_CURVE('',#3842,#3842,#3073,.T.);
#4680=EDGE_CURVE('',#3843,#3843,#3074,.T.);
#4681=EDGE_CURVE('',#3844,#3844,#3075,.T.);
#4682=EDGE_CURVE('',#3845,#3845,#3076,.T.);
#4683=EDGE_CURVE('',#3846,#3846,#3077,.T.);
#4684=EDGE_CURVE('',#3847,#3847,#3078,.T.);
#4685=EDGE_CURVE('',#3848,#3848,#3079,.T.);
#4686=EDGE_CURVE('',#3849,#3849,#3080,.T.);
#4687=EDGE_CURVE('',#3850,#3850,#3081,.T.);
#4688=EDGE_CURVE('',#3851,#3851,#3082,.T.);
#4689=EDGE_CURVE('',#3852,#3852,#3083,.T.);
#4690=EDGE_CURVE('',#3853,#3853,#3084,.T.);
#4691=EDGE_CURVE('',#3854,#3854,#3085,.T.);
#4692=EDGE_CURVE('',#3855,#3855,#3086,.T.);
#4693=EDGE_CURVE('',#3856,#3856,#3087,.T.);
#4694=EDGE_CURVE('',#3857,#3857,#3088,.T.);
#4695=EDGE_CURVE('',#3858,#3858,#3089,.T.);
#4696=EDGE_CURVE('',#3859,#3859,#3090,.T.);
#4697=EDGE_CURVE('',#3860,#3860,#3091,.T.);
#4698=EDGE_CURVE('',#3861,#3861,#3092,.T.);
#4699=EDGE_CURVE('',#3862,#3862,#3093,.T.);
#4700=EDGE_CURVE('',#3863,#3863,#3094,.T.);
#4701=EDGE_CURVE('',#3864,#3864,#3095,.T.);
#4702=EDGE_CURVE('',#3865,#3865,#3096,.T.);
#4703=EDGE_CURVE('',#3866,#3866,#3097,.T.);
#4704=EDGE_CURVE('',#3867,#3867,#3098,.T.);
#4705=EDGE_CURVE('',#3868,#3868,#3099,.T.);
#4706=EDGE_CURVE('',#3869,#3869,#3100,.T.);
#4707=EDGE_CURVE('',#3870,#3870,#3101,.T.);
#4708=EDGE_CURVE('',#3871,#3871,#3102,.T.);
#4709=EDGE_CURVE('',#3872,#3872,#3103,.T.);
#4710=EDGE_CURVE('',#3873,#3873,#3104,.T.);
#4711=EDGE_CURVE('',#3874,#3874,#3105,.T.);
#4712=EDGE_CURVE('',#3875,#3875,#3106,.T.);
#4713=EDGE_CURVE('',#3876,#3876,#3107,.T.);
#4714=EDGE_CURVE('',#3877,#3877,#3108,.T.);
#4715=EDGE_CURVE('',#3878,#3878,#3109,.T.);
#4716=EDGE_CURVE('',#3879,#3879,#3110,.T.);
#4717=EDGE_CURVE('',#3880,#3880,#3111,.T.);
#4718=EDGE_CURVE('',#3881,#3881,#3112,.T.);
#4719=EDGE_CURVE('',#3882,#3882,#3113,.T.);
#4720=EDGE_CURVE('',#3883,#3883,#3114,.T.);
#4721=EDGE_CURVE('',#3884,#3884,#3115,.T.);
#4722=EDGE_CURVE('',#3885,#3885,#3116,.T.);
#4723=EDGE_CURVE('',#3886,#3886,#3117,.T.);
#4724=EDGE_CURVE('',#3887,#3887,#3118,.T.);
#4725=EDGE_CURVE('',#3888,#3888,#3119,.T.);
#4726=EDGE_CURVE('',#3889,#3889,#3120,.T.);
#4727=EDGE_CURVE('',#3890,#3890,#3121,.T.);
#4728=EDGE_CURVE('',#3891,#3891,#3122,.T.);
#4729=EDGE_CURVE('',#3892,#3892,#3123,.T.);
#4730=EDGE_CURVE('',#3893,#3893,#3124,.T.);
#4731=EDGE_CURVE('',#3894,#3894,#3125,.T.);
#4732=EDGE_CURVE('',#3895,#3895,#3126,.T.);
#4733=EDGE_CURVE('',#3896,#3896,#3127,.T.);
#4734=EDGE_CURVE('',#3897,#3897,#3128,.T.);
#4735=EDGE_CURVE('',#3898,#3898,#3129,.T.);
#4736=EDGE_CURVE('',#3899,#3899,#3130,.T.);
#4737=EDGE_CURVE('',#3900,#3900,#3131,.T.);
#4738=EDGE_CURVE('',#3901,#3901,#3132,.T.);
#4739=EDGE_CURVE('',#3902,#3902,#3133,.T.);
#4740=EDGE_CURVE('',#3903,#3903,#3134,.T.);
#4741=EDGE_CURVE('',#3904,#3904,#3135,.T.);
#4742=EDGE_CURVE('',#3905,#3905,#3136,.T.);
#4743=EDGE_CURVE('',#3906,#3906,#3137,.T.);
#4744=EDGE_CURVE('',#3907,#3907,#3138,.T.);
#4745=EDGE_CURVE('',#3908,#3908,#3139,.T.);
#4746=EDGE_CURVE('',#3909,#3909,#3140,.T.);
#4747=EDGE_CURVE('',#3910,#3910,#3141,.T.);
#4748=EDGE_CURVE('',#3911,#3911,#3142,.T.);
#4749=EDGE_CURVE('',#3912,#3912,#3143,.T.);
#4750=EDGE_CURVE('',#3913,#3913,#3144,.T.);
#4751=EDGE_CURVE('',#3914,#3914,#3145,.T.);
#4752=EDGE_CURVE('',#3915,#3915,#3146,.T.);
#4753=EDGE_CURVE('',#3916,#3916,#3147,.T.);
#4754=EDGE_CURVE('',#3917,#3917,#3148,.T.);
#4755=EDGE_CURVE('',#3918,#3918,#3149,.T.);
#4756=EDGE_CURVE('',#3919,#3919,#3150,.T.);
#4757=EDGE_CURVE('',#3920,#3920,#3151,.T.);
#4758=EDGE_CURVE('',#3921,#3921,#3152,.T.);
#4759=EDGE_CURVE('',#3922,#3922,#3153,.T.);
#4760=EDGE_CURVE('',#3923,#3923,#3154,.T.);
#4761=EDGE_CURVE('',#3924,#3924,#3155,.T.);
#4762=EDGE_CURVE('',#3925,#3925,#3156,.T.);
#4763=EDGE_CURVE('',#3926,#3926,#3157,.T.);
#4764=EDGE_CURVE('',#3927,#3927,#3158,.T.);
#4765=EDGE_CURVE('',#3928,#3928,#3159,.T.);
#4766=EDGE_CURVE('',#3929,#3929,#3160,.T.);
#4767=EDGE_CURVE('',#3930,#3930,#3161,.T.);
#4768=EDGE_CURVE('',#3931,#3931,#3162,.T.);
#4769=EDGE_CURVE('',#3932,#3932,#3163,.T.);
#4770=EDGE_CURVE('',#3933,#3933,#3164,.T.);
#4771=EDGE_CURVE('',#3934,#3934,#3165,.T.);
#4772=EDGE_CURVE('',#3935,#3935,#3166,.T.);
#4773=EDGE_CURVE('',#3936,#3936,#3167,.T.);
#4774=EDGE_CURVE('',#3937,#3937,#3168,.T.);
#4775=EDGE_CURVE('',#3938,#3938,#3169,.T.);
#4776=EDGE_CURVE('',#3939,#3939,#3170,.T.);
#4777=EDGE_CURVE('',#3940,#3940,#3171,.T.);
#4778=EDGE_CURVE('',#3941,#3941,#3172,.T.);
#4779=EDGE_CURVE('',#3942,#3942,#3173,.T.);
#4780=EDGE_CURVE('',#3943,#3943,#3174,.T.);
#4781=EDGE_CURVE('',#3944,#3944,#3175,.T.);
#4782=EDGE_CURVE('',#3945,#3945,#3176,.T.);
#4783=EDGE_CURVE('',#3946,#3946,#3177,.T.);
#4784=EDGE_CURVE('',#3947,#3947,#3178,.T.);
#4785=EDGE_CURVE('',#3948,#3948,#3179,.T.);
#4786=EDGE_CURVE('',#3949,#3949,#3180,.T.);
#4787=EDGE_CURVE('',#3685,#3950,#2067,.T.);
#4788=EDGE_CURVE('',#3950,#3950,#3181,.T.);
#4789=EDGE_CURVE('',#3951,#3952,#3182,.T.);
#4790=EDGE_CURVE('',#3952,#3951,#3183,.T.);
#4791=EDGE_CURVE('',#3952,#3950,#2068,.T.);
#4792=EDGE_CURVE('',#3789,#3953,#2069,.T.);
#4793=EDGE_CURVE('',#3953,#3953,#3184,.T.);
#4794=EDGE_CURVE('',#3954,#3955,#3185,.T.);
#4795=EDGE_CURVE('',#3955,#3954,#3186,.T.);
#4796=EDGE_CURVE('',#3955,#3953,#2070,.T.);
#4797=EDGE_CURVE('',#3686,#3956,#2071,.T.);
#4798=EDGE_CURVE('',#3956,#3956,#3187,.T.);
#4799=EDGE_CURVE('',#3957,#3958,#3188,.T.);
#4800=EDGE_CURVE('',#3958,#3957,#3189,.T.);
#4801=EDGE_CURVE('',#3958,#3956,#2072,.T.);
#4802=EDGE_CURVE('',#3788,#3959,#2073,.T.);
#4803=EDGE_CURVE('',#3959,#3959,#3190,.T.);
#4804=EDGE_CURVE('',#3960,#3961,#3191,.T.);
#4805=EDGE_CURVE('',#3961,#3960,#3192,.T.);
#4806=EDGE_CURVE('',#3961,#3959,#2074,.T.);
#4807=EDGE_CURVE('',#3687,#3962,#2075,.T.);
#4808=EDGE_CURVE('',#3962,#3962,#3193,.T.);
#4809=EDGE_CURVE('',#3963,#3964,#3194,.T.);
#4810=EDGE_CURVE('',#3964,#3963,#3195,.T.);
#4811=EDGE_CURVE('',#3964,#3962,#2076,.T.);
#4812=EDGE_CURVE('',#3787,#3965,#2077,.T.);
#4813=EDGE_CURVE('',#3965,#3965,#3196,.T.);
#4814=EDGE_CURVE('',#3966,#3967,#3197,.T.);
#4815=EDGE_CURVE('',#3967,#3966,#3198,.T.);
#4816=EDGE_CURVE('',#3967,#3965,#2078,.T.);
#4817=EDGE_CURVE('',#3688,#3968,#2079,.T.);
#4818=EDGE_CURVE('',#3968,#3968,#3199,.T.);
#4819=EDGE_CURVE('',#3969,#3970,#3200,.T.);
#4820=EDGE_CURVE('',#3970,#3969,#3201,.T.);
#4821=EDGE_CURVE('',#3970,#3968,#2080,.T.);
#4822=EDGE_CURVE('',#3786,#3971,#2081,.T.);
#4823=EDGE_CURVE('',#3971,#3971,#3202,.T.);
#4824=EDGE_CURVE('',#3972,#3973,#3203,.T.);
#4825=EDGE_CURVE('',#3973,#3972,#3204,.T.);
#4826=EDGE_CURVE('',#3973,#3971,#2082,.T.);
#4827=EDGE_CURVE('',#3689,#3974,#2083,.T.);
#4828=EDGE_CURVE('',#3974,#3974,#3205,.T.);
#4829=EDGE_CURVE('',#3975,#3976,#3206,.T.);
#4830=EDGE_CURVE('',#3976,#3975,#3207,.T.);
#4831=EDGE_CURVE('',#3976,#3974,#2084,.T.);
#4832=EDGE_CURVE('',#3785,#3977,#2085,.T.);
#4833=EDGE_CURVE('',#3977,#3977,#3208,.T.);
#4834=EDGE_CURVE('',#3978,#3979,#3209,.T.);
#4835=EDGE_CURVE('',#3979,#3978,#3210,.T.);
#4836=EDGE_CURVE('',#3979,#3977,#2086,.T.);
#4837=EDGE_CURVE('',#3690,#3980,#2087,.T.);
#4838=EDGE_CURVE('',#3980,#3980,#3211,.T.);
#4839=EDGE_CURVE('',#3981,#3982,#3212,.T.);
#4840=EDGE_CURVE('',#3982,#3981,#3213,.T.);
#4841=EDGE_CURVE('',#3982,#3980,#2088,.T.);
#4842=EDGE_CURVE('',#3784,#3983,#2089,.T.);
#4843=EDGE_CURVE('',#3983,#3983,#3214,.T.);
#4844=EDGE_CURVE('',#3984,#3985,#3215,.T.);
#4845=EDGE_CURVE('',#3985,#3984,#3216,.T.);
#4846=EDGE_CURVE('',#3985,#3983,#2090,.T.);
#4847=EDGE_CURVE('',#3691,#3986,#2091,.T.);
#4848=EDGE_CURVE('',#3986,#3986,#3217,.T.);
#4849=EDGE_CURVE('',#3987,#3988,#3218,.T.);
#4850=EDGE_CURVE('',#3988,#3987,#3219,.T.);
#4851=EDGE_CURVE('',#3988,#3986,#2092,.T.);
#4852=EDGE_CURVE('',#3783,#3989,#2093,.T.);
#4853=EDGE_CURVE('',#3989,#3989,#3220,.T.);
#4854=EDGE_CURVE('',#3990,#3991,#3221,.T.);
#4855=EDGE_CURVE('',#3991,#3990,#3222,.T.);
#4856=EDGE_CURVE('',#3991,#3989,#2094,.T.);
#4857=EDGE_CURVE('',#3692,#3992,#2095,.T.);
#4858=EDGE_CURVE('',#3992,#3992,#3223,.T.);
#4859=EDGE_CURVE('',#3993,#3994,#3224,.T.);
#4860=EDGE_CURVE('',#3994,#3993,#3225,.T.);
#4861=EDGE_CURVE('',#3994,#3992,#2096,.T.);
#4862=EDGE_CURVE('',#3782,#3995,#2097,.T.);
#4863=EDGE_CURVE('',#3995,#3995,#3226,.T.);
#4864=EDGE_CURVE('',#3996,#3997,#3227,.T.);
#4865=EDGE_CURVE('',#3997,#3996,#3228,.T.);
#4866=EDGE_CURVE('',#3997,#3995,#2098,.T.);
#4867=EDGE_CURVE('',#3693,#3998,#2099,.T.);
#4868=EDGE_CURVE('',#3998,#3998,#3229,.T.);
#4869=EDGE_CURVE('',#3999,#4000,#3230,.T.);
#4870=EDGE_CURVE('',#4000,#3999,#3231,.T.);
#4871=EDGE_CURVE('',#4000,#3998,#2100,.T.);
#4872=EDGE_CURVE('',#3781,#4001,#2101,.T.);
#4873=EDGE_CURVE('',#4001,#4001,#3232,.T.);
#4874=EDGE_CURVE('',#4002,#4003,#3233,.T.);
#4875=EDGE_CURVE('',#4003,#4002,#3234,.T.);
#4876=EDGE_CURVE('',#4003,#4001,#2102,.T.);
#4877=EDGE_CURVE('',#3694,#4004,#2103,.T.);
#4878=EDGE_CURVE('',#4004,#4004,#3235,.T.);
#4879=EDGE_CURVE('',#4005,#4006,#3236,.T.);
#4880=EDGE_CURVE('',#4006,#4005,#3237,.T.);
#4881=EDGE_CURVE('',#4006,#4004,#2104,.T.);
#4882=EDGE_CURVE('',#3780,#4007,#2105,.T.);
#4883=EDGE_CURVE('',#4007,#4007,#3238,.T.);
#4884=EDGE_CURVE('',#4008,#4009,#3239,.T.);
#4885=EDGE_CURVE('',#4009,#4008,#3240,.T.);
#4886=EDGE_CURVE('',#4009,#4007,#2106,.T.);
#4887=EDGE_CURVE('',#3695,#4010,#2107,.T.);
#4888=EDGE_CURVE('',#4010,#4010,#3241,.T.);
#4889=EDGE_CURVE('',#4011,#4012,#3242,.T.);
#4890=EDGE_CURVE('',#4012,#4011,#3243,.T.);
#4891=EDGE_CURVE('',#4012,#4010,#2108,.T.);
#4892=EDGE_CURVE('',#3779,#4013,#2109,.T.);
#4893=EDGE_CURVE('',#4013,#4013,#3244,.T.);
#4894=EDGE_CURVE('',#4014,#4015,#3245,.T.);
#4895=EDGE_CURVE('',#4015,#4014,#3246,.T.);
#4896=EDGE_CURVE('',#4015,#4013,#2110,.T.);
#4897=EDGE_CURVE('',#3696,#4016,#2111,.T.);
#4898=EDGE_CURVE('',#4016,#4016,#3247,.T.);
#4899=EDGE_CURVE('',#4017,#4018,#3248,.T.);
#4900=EDGE_CURVE('',#4018,#4017,#3249,.T.);
#4901=EDGE_CURVE('',#4018,#4016,#2112,.T.);
#4902=EDGE_CURVE('',#3778,#4019,#2113,.T.);
#4903=EDGE_CURVE('',#4019,#4019,#3250,.T.);
#4904=EDGE_CURVE('',#4020,#4021,#3251,.T.);
#4905=EDGE_CURVE('',#4021,#4020,#3252,.T.);
#4906=EDGE_CURVE('',#4021,#4019,#2114,.T.);
#4907=EDGE_CURVE('',#3697,#4022,#2115,.T.);
#4908=EDGE_CURVE('',#4022,#4022,#3253,.T.);
#4909=EDGE_CURVE('',#4023,#4024,#3254,.T.);
#4910=EDGE_CURVE('',#4024,#4023,#3255,.T.);
#4911=EDGE_CURVE('',#4024,#4022,#2116,.T.);
#4912=EDGE_CURVE('',#3777,#4025,#2117,.T.);
#4913=EDGE_CURVE('',#4025,#4025,#3256,.T.);
#4914=EDGE_CURVE('',#4026,#4027,#3257,.T.);
#4915=EDGE_CURVE('',#4027,#4026,#3258,.T.);
#4916=EDGE_CURVE('',#4027,#4025,#2118,.T.);
#4917=EDGE_CURVE('',#3698,#4028,#2119,.T.);
#4918=EDGE_CURVE('',#4028,#4028,#3259,.T.);
#4919=EDGE_CURVE('',#4029,#4030,#3260,.T.);
#4920=EDGE_CURVE('',#4030,#4029,#3261,.T.);
#4921=EDGE_CURVE('',#4030,#4028,#2120,.T.);
#4922=EDGE_CURVE('',#3776,#4031,#2121,.T.);
#4923=EDGE_CURVE('',#4031,#4031,#3262,.T.);
#4924=EDGE_CURVE('',#4032,#4033,#3263,.T.);
#4925=EDGE_CURVE('',#4033,#4032,#3264,.T.);
#4926=EDGE_CURVE('',#4033,#4031,#2122,.T.);
#4927=EDGE_CURVE('',#3699,#4034,#2123,.T.);
#4928=EDGE_CURVE('',#4034,#4034,#3265,.T.);
#4929=EDGE_CURVE('',#4035,#4036,#3266,.T.);
#4930=EDGE_CURVE('',#4036,#4035,#3267,.T.);
#4931=EDGE_CURVE('',#4036,#4034,#2124,.T.);
#4932=EDGE_CURVE('',#3775,#4037,#2125,.T.);
#4933=EDGE_CURVE('',#4037,#4037,#3268,.T.);
#4934=EDGE_CURVE('',#4038,#4039,#3269,.T.);
#4935=EDGE_CURVE('',#4039,#4038,#3270,.T.);
#4936=EDGE_CURVE('',#4039,#4037,#2126,.T.);
#4937=EDGE_CURVE('',#3801,#3993,#2127,.T.);
#4938=EDGE_CURVE('',#3949,#3990,#2128,.T.);
#4939=EDGE_CURVE('',#3802,#3987,#2129,.T.);
#4940=EDGE_CURVE('',#3948,#3984,#2130,.T.);
#4941=EDGE_CURVE('',#3803,#3981,#2131,.T.);
#4942=EDGE_CURVE('',#3947,#3978,#2132,.T.);
#4943=EDGE_CURVE('',#3804,#3975,#2133,.T.);
#4944=EDGE_CURVE('',#3946,#3972,#2134,.T.);
#4945=EDGE_CURVE('',#3805,#3969,#2135,.T.);
#4946=EDGE_CURVE('',#3945,#3966,#2136,.T.);
#4947=EDGE_CURVE('',#3806,#3963,#2137,.T.);
#4948=EDGE_CURVE('',#3944,#3960,#2138,.T.);
#4949=EDGE_CURVE('',#3807,#3957,#2139,.T.);
#4950=EDGE_CURVE('',#3943,#3954,#2140,.T.);
#4951=EDGE_CURVE('',#3808,#3951,#2141,.T.);
#4952=EDGE_CURVE('',#3942,#4038,#2142,.T.);
#4953=EDGE_CURVE('',#3809,#4035,#2143,.T.);
#4954=EDGE_CURVE('',#3941,#4032,#2144,.T.);
#4955=EDGE_CURVE('',#3810,#4029,#2145,.T.);
#4956=EDGE_CURVE('',#3940,#4026,#2146,.T.);
#4957=EDGE_CURVE('',#3811,#4023,#2147,.T.);
#4958=EDGE_CURVE('',#3939,#4020,#2148,.T.);
#4959=EDGE_CURVE('',#3812,#4017,#2149,.T.);
#4960=EDGE_CURVE('',#3938,#4014,#2150,.T.);
#4961=EDGE_CURVE('',#3813,#4011,#2151,.T.);
#4962=EDGE_CURVE('',#3937,#4008,#2152,.T.);
#4963=EDGE_CURVE('',#3814,#4005,#2153,.T.);
#4964=EDGE_CURVE('',#3936,#4002,#2154,.T.);
#4965=EDGE_CURVE('',#3815,#3999,#2155,.T.);
#4966=EDGE_CURVE('',#3935,#3996,#2156,.T.);
#4967=EDGE_CURVE('',#3816,#4040,#2157,.T.);
#4968=EDGE_CURVE('',#4040,#4041,#3271,.T.);
#4969=EDGE_CURVE('',#4041,#4040,#3272,.T.);
#4970=EDGE_CURVE('',#4041,#4042,#2158,.T.);
#4971=EDGE_CURVE('',#4042,#4042,#3273,.T.);
#4972=EDGE_CURVE('',#3934,#4043,#2159,.T.);
#4973=EDGE_CURVE('',#4043,#4044,#3274,.T.);
#4974=EDGE_CURVE('',#4044,#4043,#3275,.T.);
#4975=EDGE_CURVE('',#4044,#4045,#2160,.T.);
#4976=EDGE_CURVE('',#4045,#4045,#3276,.T.);
#4977=EDGE_CURVE('',#3817,#4046,#2161,.T.);
#4978=EDGE_CURVE('',#4046,#4047,#3277,.T.);
#4979=EDGE_CURVE('',#4047,#4046,#3278,.T.);
#4980=EDGE_CURVE('',#4047,#4048,#2162,.T.);
#4981=EDGE_CURVE('',#4048,#4048,#3279,.T.);
#4982=EDGE_CURVE('',#3933,#4049,#2163,.T.);
#4983=EDGE_CURVE('',#4049,#4050,#3280,.T.);
#4984=EDGE_CURVE('',#4050,#4049,#3281,.T.);
#4985=EDGE_CURVE('',#4050,#4051,#2164,.T.);
#4986=EDGE_CURVE('',#4051,#4051,#3282,.T.);
#4987=EDGE_CURVE('',#3818,#4052,#2165,.T.);
#4988=EDGE_CURVE('',#4052,#4053,#3283,.T.);
#4989=EDGE_CURVE('',#4053,#4052,#3284,.T.);
#4990=EDGE_CURVE('',#4053,#4054,#2166,.T.);
#4991=EDGE_CURVE('',#4054,#4054,#3285,.T.);
#4992=EDGE_CURVE('',#3932,#4055,#2167,.T.);
#4993=EDGE_CURVE('',#4055,#4056,#3286,.T.);
#4994=EDGE_CURVE('',#4056,#4055,#3287,.T.);
#4995=EDGE_CURVE('',#4056,#4057,#2168,.T.);
#4996=EDGE_CURVE('',#4057,#4057,#3288,.T.);
#4997=EDGE_CURVE('',#3819,#4058,#2169,.T.);
#4998=EDGE_CURVE('',#4058,#4059,#3289,.T.);
#4999=EDGE_CURVE('',#4059,#4058,#3290,.T.);
#5000=EDGE_CURVE('',#4059,#4060,#2170,.T.);
#5001=EDGE_CURVE('',#4060,#4060,#3291,.T.);
#5002=EDGE_CURVE('',#3931,#4061,#2171,.T.);
#5003=EDGE_CURVE('',#4061,#4062,#3292,.T.);
#5004=EDGE_CURVE('',#4062,#4061,#3293,.T.);
#5005=EDGE_CURVE('',#4062,#4063,#2172,.T.);
#5006=EDGE_CURVE('',#4063,#4063,#3294,.T.);
#5007=EDGE_CURVE('',#3820,#4064,#2173,.T.);
#5008=EDGE_CURVE('',#4064,#4065,#3295,.T.);
#5009=EDGE_CURVE('',#4065,#4064,#3296,.T.);
#5010=EDGE_CURVE('',#4065,#4066,#2174,.T.);
#5011=EDGE_CURVE('',#4066,#4066,#3297,.T.);
#5012=EDGE_CURVE('',#3930,#4067,#2175,.T.);
#5013=EDGE_CURVE('',#4067,#4068,#3298,.T.);
#5014=EDGE_CURVE('',#4068,#4067,#3299,.T.);
#5015=EDGE_CURVE('',#4068,#4069,#2176,.T.);
#5016=EDGE_CURVE('',#4069,#4069,#3300,.T.);
#5017=EDGE_CURVE('',#3821,#4070,#2177,.T.);
#5018=EDGE_CURVE('',#4070,#4071,#3301,.T.);
#5019=EDGE_CURVE('',#4071,#4070,#3302,.T.);
#5020=EDGE_CURVE('',#4071,#4072,#2178,.T.);
#5021=EDGE_CURVE('',#4072,#4072,#3303,.T.);
#5022=EDGE_CURVE('',#3929,#4073,#2179,.T.);
#5023=EDGE_CURVE('',#4073,#4074,#3304,.T.);
#5024=EDGE_CURVE('',#4074,#4073,#3305,.T.);
#5025=EDGE_CURVE('',#4074,#4075,#2180,.T.);
#5026=EDGE_CURVE('',#4075,#4075,#3306,.T.);
#5027=EDGE_CURVE('',#3822,#4076,#2181,.T.);
#5028=EDGE_CURVE('',#4076,#4077,#3307,.T.);
#5029=EDGE_CURVE('',#4077,#4076,#3308,.T.);
#5030=EDGE_CURVE('',#4077,#4078,#2182,.T.);
#5031=EDGE_CURVE('',#4078,#4078,#3309,.T.);
#5032=EDGE_CURVE('',#3928,#4079,#2183,.T.);
#5033=EDGE_CURVE('',#4079,#4080,#3310,.T.);
#5034=EDGE_CURVE('',#4080,#4079,#3311,.T.);
#5035=EDGE_CURVE('',#4080,#4081,#2184,.T.);
#5036=EDGE_CURVE('',#4081,#4081,#3312,.T.);
#5037=EDGE_CURVE('',#3823,#4082,#2185,.T.);
#5038=EDGE_CURVE('',#4082,#4083,#3313,.T.);
#5039=EDGE_CURVE('',#4083,#4082,#3314,.T.);
#5040=EDGE_CURVE('',#4083,#4084,#2186,.T.);
#5041=EDGE_CURVE('',#4084,#4084,#3315,.T.);
#5042=EDGE_CURVE('',#3927,#4085,#2187,.T.);
#5043=EDGE_CURVE('',#4085,#4086,#3316,.T.);
#5044=EDGE_CURVE('',#4086,#4085,#3317,.T.);
#5045=EDGE_CURVE('',#4086,#4087,#2188,.T.);
#5046=EDGE_CURVE('',#4087,#4087,#3318,.T.);
#5047=EDGE_CURVE('',#3824,#4088,#2189,.T.);
#5048=EDGE_CURVE('',#4088,#4089,#3319,.T.);
#5049=EDGE_CURVE('',#4089,#4088,#3320,.T.);
#5050=EDGE_CURVE('',#4089,#4090,#2190,.T.);
#5051=EDGE_CURVE('',#4090,#4090,#3321,.T.);
#5052=EDGE_CURVE('',#3926,#4091,#2191,.T.);
#5053=EDGE_CURVE('',#4091,#4092,#3322,.T.);
#5054=EDGE_CURVE('',#4092,#4091,#3323,.T.);
#5055=EDGE_CURVE('',#4092,#4093,#2192,.T.);
#5056=EDGE_CURVE('',#4093,#4093,#3324,.T.);
#5057=EDGE_CURVE('',#3825,#4094,#2193,.T.);
#5058=EDGE_CURVE('',#4094,#4095,#3325,.T.);
#5059=EDGE_CURVE('',#4095,#4094,#3326,.T.);
#5060=EDGE_CURVE('',#4095,#4096,#2194,.T.);
#5061=EDGE_CURVE('',#4096,#4096,#3327,.T.);
#5062=EDGE_CURVE('',#3925,#4097,#2195,.T.);
#5063=EDGE_CURVE('',#4097,#4098,#3328,.T.);
#5064=EDGE_CURVE('',#4098,#4097,#3329,.T.);
#5065=EDGE_CURVE('',#4098,#4099,#2196,.T.);
#5066=EDGE_CURVE('',#4099,#4099,#3330,.T.);
#5067=EDGE_CURVE('',#3826,#4100,#2197,.T.);
#5068=EDGE_CURVE('',#4100,#4101,#3331,.T.);
#5069=EDGE_CURVE('',#4101,#4100,#3332,.T.);
#5070=EDGE_CURVE('',#4101,#4102,#2198,.T.);
#5071=EDGE_CURVE('',#4102,#4102,#3333,.T.);
#5072=EDGE_CURVE('',#3924,#4103,#2199,.T.);
#5073=EDGE_CURVE('',#4103,#4104,#3334,.T.);
#5074=EDGE_CURVE('',#4104,#4103,#3335,.T.);
#5075=EDGE_CURVE('',#4104,#4105,#2200,.T.);
#5076=EDGE_CURVE('',#4105,#4105,#3336,.T.);
#5077=EDGE_CURVE('',#3827,#4106,#2201,.T.);
#5078=EDGE_CURVE('',#4106,#4107,#3337,.T.);
#5079=EDGE_CURVE('',#4107,#4106,#3338,.T.);
#5080=EDGE_CURVE('',#4107,#4108,#2202,.T.);
#5081=EDGE_CURVE('',#4108,#4108,#3339,.T.);
#5082=EDGE_CURVE('',#3923,#4109,#2203,.T.);
#5083=EDGE_CURVE('',#4109,#4110,#3340,.T.);
#5084=EDGE_CURVE('',#4110,#4109,#3341,.T.);
#5085=EDGE_CURVE('',#4110,#4111,#2204,.T.);
#5086=EDGE_CURVE('',#4111,#4111,#3342,.T.);
#5087=EDGE_CURVE('',#3828,#4112,#2205,.T.);
#5088=EDGE_CURVE('',#4112,#4113,#3343,.T.);
#5089=EDGE_CURVE('',#4113,#4112,#3344,.T.);
#5090=EDGE_CURVE('',#4113,#4114,#2206,.T.);
#5091=EDGE_CURVE('',#4114,#4114,#3345,.T.);
#5092=EDGE_CURVE('',#3922,#4115,#2207,.T.);
#5093=EDGE_CURVE('',#4115,#4116,#3346,.T.);
#5094=EDGE_CURVE('',#4116,#4115,#3347,.T.);
#5095=EDGE_CURVE('',#4116,#4117,#2208,.T.);
#5096=EDGE_CURVE('',#4117,#4117,#3348,.T.);
#5097=EDGE_CURVE('',#3829,#4118,#2209,.T.);
#5098=EDGE_CURVE('',#4118,#4119,#3349,.T.);
#5099=EDGE_CURVE('',#4119,#4118,#3350,.T.);
#5100=EDGE_CURVE('',#4119,#4120,#2210,.T.);
#5101=EDGE_CURVE('',#4120,#4120,#3351,.T.);
#5102=EDGE_CURVE('',#3921,#4121,#2211,.T.);
#5103=EDGE_CURVE('',#4121,#4122,#3352,.T.);
#5104=EDGE_CURVE('',#4122,#4121,#3353,.T.);
#5105=EDGE_CURVE('',#4122,#4123,#2212,.T.);
#5106=EDGE_CURVE('',#4123,#4123,#3354,.T.);
#5107=EDGE_CURVE('',#3830,#4124,#2213,.T.);
#5108=EDGE_CURVE('',#4124,#4125,#3355,.T.);
#5109=EDGE_CURVE('',#4125,#4124,#3356,.T.);
#5110=EDGE_CURVE('',#4125,#4126,#2214,.T.);
#5111=EDGE_CURVE('',#4126,#4126,#3357,.T.);
#5112=EDGE_CURVE('',#3920,#4127,#2215,.T.);
#5113=EDGE_CURVE('',#4127,#4128,#3358,.T.);
#5114=EDGE_CURVE('',#4128,#4127,#3359,.T.);
#5115=EDGE_CURVE('',#4128,#4129,#2216,.T.);
#5116=EDGE_CURVE('',#4129,#4129,#3360,.T.);
#5117=EDGE_CURVE('',#3831,#4130,#2217,.T.);
#5118=EDGE_CURVE('',#4130,#4131,#3361,.T.);
#5119=EDGE_CURVE('',#4131,#4130,#3362,.T.);
#5120=EDGE_CURVE('',#4131,#4132,#2218,.T.);
#5121=EDGE_CURVE('',#4132,#4132,#3363,.T.);
#5122=EDGE_CURVE('',#3919,#4133,#2219,.T.);
#5123=EDGE_CURVE('',#4133,#4134,#3364,.T.);
#5124=EDGE_CURVE('',#4134,#4133,#3365,.T.);
#5125=EDGE_CURVE('',#4134,#4135,#2220,.T.);
#5126=EDGE_CURVE('',#4135,#4135,#3366,.T.);
#5127=EDGE_CURVE('',#3832,#4136,#2221,.T.);
#5128=EDGE_CURVE('',#4136,#4137,#3367,.T.);
#5129=EDGE_CURVE('',#4137,#4136,#3368,.T.);
#5130=EDGE_CURVE('',#4137,#4138,#2222,.T.);
#5131=EDGE_CURVE('',#4138,#4138,#3369,.T.);
#5132=EDGE_CURVE('',#3918,#4139,#2223,.T.);
#5133=EDGE_CURVE('',#4139,#4140,#3370,.T.);
#5134=EDGE_CURVE('',#4140,#4139,#3371,.T.);
#5135=EDGE_CURVE('',#4140,#4141,#2224,.T.);
#5136=EDGE_CURVE('',#4141,#4141,#3372,.T.);
#5137=EDGE_CURVE('',#3833,#4142,#2225,.T.);
#5138=EDGE_CURVE('',#4142,#4143,#3373,.T.);
#5139=EDGE_CURVE('',#4143,#4142,#3374,.T.);
#5140=EDGE_CURVE('',#4143,#4144,#2226,.T.);
#5141=EDGE_CURVE('',#4144,#4144,#3375,.T.);
#5142=EDGE_CURVE('',#3917,#4145,#2227,.T.);
#5143=EDGE_CURVE('',#4145,#4146,#3376,.T.);
#5144=EDGE_CURVE('',#4146,#4145,#3377,.T.);
#5145=EDGE_CURVE('',#4146,#4147,#2228,.T.);
#5146=EDGE_CURVE('',#4147,#4147,#3378,.T.);
#5147=EDGE_CURVE('',#3834,#4148,#2229,.T.);
#5148=EDGE_CURVE('',#4148,#4149,#3379,.T.);
#5149=EDGE_CURVE('',#4149,#4148,#3380,.T.);
#5150=EDGE_CURVE('',#4149,#4150,#2230,.T.);
#5151=EDGE_CURVE('',#4150,#4150,#3381,.T.);
#5152=EDGE_CURVE('',#3916,#4151,#2231,.T.);
#5153=EDGE_CURVE('',#4151,#4152,#3382,.T.);
#5154=EDGE_CURVE('',#4152,#4151,#3383,.T.);
#5155=EDGE_CURVE('',#4152,#4153,#2232,.T.);
#5156=EDGE_CURVE('',#4153,#4153,#3384,.T.);
#5157=EDGE_CURVE('',#3835,#4154,#2233,.T.);
#5158=EDGE_CURVE('',#4154,#4155,#3385,.T.);
#5159=EDGE_CURVE('',#4155,#4154,#3386,.T.);
#5160=EDGE_CURVE('',#4155,#4156,#2234,.T.);
#5161=EDGE_CURVE('',#4156,#4156,#3387,.T.);
#5162=EDGE_CURVE('',#3915,#4157,#2235,.T.);
#5163=EDGE_CURVE('',#4157,#4158,#3388,.T.);
#5164=EDGE_CURVE('',#4158,#4157,#3389,.T.);
#5165=EDGE_CURVE('',#4158,#4159,#2236,.T.);
#5166=EDGE_CURVE('',#4159,#4159,#3390,.T.);
#5167=EDGE_CURVE('',#3836,#4160,#2237,.T.);
#5168=EDGE_CURVE('',#4160,#4161,#3391,.T.);
#5169=EDGE_CURVE('',#4161,#4160,#3392,.T.);
#5170=EDGE_CURVE('',#4161,#4162,#2238,.T.);
#5171=EDGE_CURVE('',#4162,#4162,#3393,.T.);
#5172=EDGE_CURVE('',#3914,#4163,#2239,.T.);
#5173=EDGE_CURVE('',#4163,#4164,#3394,.T.);
#5174=EDGE_CURVE('',#4164,#4163,#3395,.T.);
#5175=EDGE_CURVE('',#4164,#4165,#2240,.T.);
#5176=EDGE_CURVE('',#4165,#4165,#3396,.T.);
#5177=EDGE_CURVE('',#3837,#4166,#2241,.T.);
#5178=EDGE_CURVE('',#4166,#4167,#3397,.T.);
#5179=EDGE_CURVE('',#4167,#4166,#3398,.T.);
#5180=EDGE_CURVE('',#4167,#4168,#2242,.T.);
#5181=EDGE_CURVE('',#4168,#4168,#3399,.T.);
#5182=EDGE_CURVE('',#3913,#4169,#2243,.T.);
#5183=EDGE_CURVE('',#4169,#4170,#3400,.T.);
#5184=EDGE_CURVE('',#4170,#4169,#3401,.T.);
#5185=EDGE_CURVE('',#4170,#4171,#2244,.T.);
#5186=EDGE_CURVE('',#4171,#4171,#3402,.T.);
#5187=EDGE_CURVE('',#3838,#4172,#2245,.T.);
#5188=EDGE_CURVE('',#4172,#4173,#3403,.T.);
#5189=EDGE_CURVE('',#4173,#4172,#3404,.T.);
#5190=EDGE_CURVE('',#4173,#4174,#2246,.T.);
#5191=EDGE_CURVE('',#4174,#4174,#3405,.T.);
#5192=EDGE_CURVE('',#3912,#4175,#2247,.T.);
#5193=EDGE_CURVE('',#4175,#4176,#3406,.T.);
#5194=EDGE_CURVE('',#4176,#4175,#3407,.T.);
#5195=EDGE_CURVE('',#4176,#4177,#2248,.T.);
#5196=EDGE_CURVE('',#4177,#4177,#3408,.T.);
#5197=EDGE_CURVE('',#3839,#4178,#2249,.T.);
#5198=EDGE_CURVE('',#4178,#4179,#3409,.T.);
#5199=EDGE_CURVE('',#4179,#4178,#3410,.T.);
#5200=EDGE_CURVE('',#4179,#4180,#2250,.T.);
#5201=EDGE_CURVE('',#4180,#4180,#3411,.T.);
#5202=EDGE_CURVE('',#3911,#4181,#2251,.T.);
#5203=EDGE_CURVE('',#4181,#4182,#3412,.T.);
#5204=EDGE_CURVE('',#4182,#4181,#3413,.T.);
#5205=EDGE_CURVE('',#4182,#4183,#2252,.T.);
#5206=EDGE_CURVE('',#4183,#4183,#3414,.T.);
#5207=EDGE_CURVE('',#3840,#4184,#2253,.T.);
#5208=EDGE_CURVE('',#4184,#4185,#3415,.T.);
#5209=EDGE_CURVE('',#4185,#4184,#3416,.T.);
#5210=EDGE_CURVE('',#4185,#4186,#2254,.T.);
#5211=EDGE_CURVE('',#4186,#4186,#3417,.T.);
#5212=EDGE_CURVE('',#3910,#4187,#2255,.T.);
#5213=EDGE_CURVE('',#4187,#4188,#3418,.T.);
#5214=EDGE_CURVE('',#4188,#4187,#3419,.T.);
#5215=EDGE_CURVE('',#4188,#4189,#2256,.T.);
#5216=EDGE_CURVE('',#4189,#4189,#3420,.T.);
#5217=EDGE_CURVE('',#3841,#4190,#2257,.T.);
#5218=EDGE_CURVE('',#4190,#4191,#3421,.T.);
#5219=EDGE_CURVE('',#4191,#4190,#3422,.T.);
#5220=EDGE_CURVE('',#4191,#4192,#2258,.T.);
#5221=EDGE_CURVE('',#4192,#4192,#3423,.T.);
#5222=EDGE_CURVE('',#3909,#4193,#2259,.T.);
#5223=EDGE_CURVE('',#4193,#4194,#3424,.T.);
#5224=EDGE_CURVE('',#4194,#4193,#3425,.T.);
#5225=EDGE_CURVE('',#4194,#4195,#2260,.T.);
#5226=EDGE_CURVE('',#4195,#4195,#3426,.T.);
#5227=EDGE_CURVE('',#3842,#4196,#2261,.T.);
#5228=EDGE_CURVE('',#4196,#4197,#3427,.T.);
#5229=EDGE_CURVE('',#4197,#4196,#3428,.T.);
#5230=EDGE_CURVE('',#4197,#4198,#2262,.T.);
#5231=EDGE_CURVE('',#4198,#4198,#3429,.T.);
#5232=EDGE_CURVE('',#3908,#4199,#2263,.T.);
#5233=EDGE_CURVE('',#4199,#4200,#3430,.T.);
#5234=EDGE_CURVE('',#4200,#4199,#3431,.T.);
#5235=EDGE_CURVE('',#4200,#4201,#2264,.T.);
#5236=EDGE_CURVE('',#4201,#4201,#3432,.T.);
#5237=EDGE_CURVE('',#3843,#4202,#2265,.T.);
#5238=EDGE_CURVE('',#4202,#4203,#3433,.T.);
#5239=EDGE_CURVE('',#4203,#4202,#3434,.T.);
#5240=EDGE_CURVE('',#4203,#4204,#2266,.T.);
#5241=EDGE_CURVE('',#4204,#4204,#3435,.T.);
#5242=EDGE_CURVE('',#3907,#4205,#2267,.T.);
#5243=EDGE_CURVE('',#4205,#4206,#3436,.T.);
#5244=EDGE_CURVE('',#4206,#4205,#3437,.T.);
#5245=EDGE_CURVE('',#4206,#4207,#2268,.T.);
#5246=EDGE_CURVE('',#4207,#4207,#3438,.T.);
#5247=EDGE_CURVE('',#3844,#4208,#2269,.T.);
#5248=EDGE_CURVE('',#4208,#4209,#3439,.T.);
#5249=EDGE_CURVE('',#4209,#4208,#3440,.T.);
#5250=EDGE_CURVE('',#4209,#4210,#2270,.T.);
#5251=EDGE_CURVE('',#4210,#4210,#3441,.T.);
#5252=EDGE_CURVE('',#3906,#4211,#2271,.T.);
#5253=EDGE_CURVE('',#4211,#4212,#3442,.T.);
#5254=EDGE_CURVE('',#4212,#4211,#3443,.T.);
#5255=EDGE_CURVE('',#4212,#4213,#2272,.T.);
#5256=EDGE_CURVE('',#4213,#4213,#3444,.T.);
#5257=EDGE_CURVE('',#3845,#4214,#2273,.T.);
#5258=EDGE_CURVE('',#4214,#4215,#3445,.T.);
#5259=EDGE_CURVE('',#4215,#4214,#3446,.T.);
#5260=EDGE_CURVE('',#4215,#4216,#2274,.T.);
#5261=EDGE_CURVE('',#4216,#4216,#3447,.T.);
#5262=EDGE_CURVE('',#3905,#4217,#2275,.T.);
#5263=EDGE_CURVE('',#4217,#4218,#3448,.T.);
#5264=EDGE_CURVE('',#4218,#4217,#3449,.T.);
#5265=EDGE_CURVE('',#4218,#4219,#2276,.T.);
#5266=EDGE_CURVE('',#4219,#4219,#3450,.T.);
#5267=EDGE_CURVE('',#3846,#4220,#2277,.T.);
#5268=EDGE_CURVE('',#4220,#4221,#3451,.T.);
#5269=EDGE_CURVE('',#4221,#4220,#3452,.T.);
#5270=EDGE_CURVE('',#4221,#4222,#2278,.T.);
#5271=EDGE_CURVE('',#4222,#4222,#3453,.T.);
#5272=EDGE_CURVE('',#3904,#4223,#2279,.T.);
#5273=EDGE_CURVE('',#4223,#4224,#3454,.T.);
#5274=EDGE_CURVE('',#4224,#4223,#3455,.T.);
#5275=EDGE_CURVE('',#4224,#4225,#2280,.T.);
#5276=EDGE_CURVE('',#4225,#4225,#3456,.T.);
#5277=EDGE_CURVE('',#3847,#4226,#2281,.T.);
#5278=EDGE_CURVE('',#4226,#4227,#3457,.T.);
#5279=EDGE_CURVE('',#4227,#4226,#3458,.T.);
#5280=EDGE_CURVE('',#4227,#4228,#2282,.T.);
#5281=EDGE_CURVE('',#4228,#4228,#3459,.T.);
#5282=EDGE_CURVE('',#3903,#4229,#2283,.T.);
#5283=EDGE_CURVE('',#4229,#4230,#3460,.T.);
#5284=EDGE_CURVE('',#4230,#4229,#3461,.T.);
#5285=EDGE_CURVE('',#4230,#4231,#2284,.T.);
#5286=EDGE_CURVE('',#4231,#4231,#3462,.T.);
#5287=EDGE_CURVE('',#3848,#4232,#2285,.T.);
#5288=EDGE_CURVE('',#4232,#4233,#3463,.T.);
#5289=EDGE_CURVE('',#4233,#4232,#3464,.T.);
#5290=EDGE_CURVE('',#4233,#4234,#2286,.T.);
#5291=EDGE_CURVE('',#4234,#4234,#3465,.T.);
#5292=EDGE_CURVE('',#3902,#4235,#2287,.T.);
#5293=EDGE_CURVE('',#4235,#4236,#3466,.T.);
#5294=EDGE_CURVE('',#4236,#4235,#3467,.T.);
#5295=EDGE_CURVE('',#4236,#4237,#2288,.T.);
#5296=EDGE_CURVE('',#4237,#4237,#3468,.T.);
#5297=EDGE_CURVE('',#3849,#4238,#2289,.T.);
#5298=EDGE_CURVE('',#4238,#4239,#3469,.T.);
#5299=EDGE_CURVE('',#4239,#4238,#3470,.T.);
#5300=EDGE_CURVE('',#4239,#4240,#2290,.T.);
#5301=EDGE_CURVE('',#4240,#4240,#3471,.T.);
#5302=EDGE_CURVE('',#3901,#4241,#2291,.T.);
#5303=EDGE_CURVE('',#4241,#4242,#3472,.T.);
#5304=EDGE_CURVE('',#4242,#4241,#3473,.T.);
#5305=EDGE_CURVE('',#4242,#4243,#2292,.T.);
#5306=EDGE_CURVE('',#4243,#4243,#3474,.T.);
#5307=EDGE_CURVE('',#3850,#4244,#2293,.T.);
#5308=EDGE_CURVE('',#4244,#4245,#3475,.T.);
#5309=EDGE_CURVE('',#4245,#4244,#3476,.T.);
#5310=EDGE_CURVE('',#4245,#4246,#2294,.T.);
#5311=EDGE_CURVE('',#4246,#4246,#3477,.T.);
#5312=EDGE_CURVE('',#3900,#4247,#2295,.T.);
#5313=EDGE_CURVE('',#4247,#4248,#3478,.T.);
#5314=EDGE_CURVE('',#4248,#4247,#3479,.T.);
#5315=EDGE_CURVE('',#4248,#4249,#2296,.T.);
#5316=EDGE_CURVE('',#4249,#4249,#3480,.T.);
#5317=EDGE_CURVE('',#3851,#4250,#2297,.T.);
#5318=EDGE_CURVE('',#4250,#4251,#3481,.T.);
#5319=EDGE_CURVE('',#4251,#4250,#3482,.T.);
#5320=EDGE_CURVE('',#4251,#4252,#2298,.T.);
#5321=EDGE_CURVE('',#4252,#4252,#3483,.T.);
#5322=EDGE_CURVE('',#3899,#4253,#2299,.T.);
#5323=EDGE_CURVE('',#4253,#4254,#3484,.T.);
#5324=EDGE_CURVE('',#4254,#4253,#3485,.T.);
#5325=EDGE_CURVE('',#4254,#4255,#2300,.T.);
#5326=EDGE_CURVE('',#4255,#4255,#3486,.T.);
#5327=EDGE_CURVE('',#3852,#4256,#2301,.T.);
#5328=EDGE_CURVE('',#4256,#4257,#3487,.T.);
#5329=EDGE_CURVE('',#4257,#4256,#3488,.T.);
#5330=EDGE_CURVE('',#4257,#4258,#2302,.T.);
#5331=EDGE_CURVE('',#4258,#4258,#3489,.T.);
#5332=EDGE_CURVE('',#3898,#4259,#2303,.T.);
#5333=EDGE_CURVE('',#4259,#4260,#3490,.T.);
#5334=EDGE_CURVE('',#4260,#4259,#3491,.T.);
#5335=EDGE_CURVE('',#4260,#4261,#2304,.T.);
#5336=EDGE_CURVE('',#4261,#4261,#3492,.T.);
#5337=EDGE_CURVE('',#3700,#4042,#2305,.T.);
#5338=EDGE_CURVE('',#3774,#4057,#2306,.T.);
#5339=EDGE_CURVE('',#3701,#4045,#2307,.T.);
#5340=EDGE_CURVE('',#3773,#4060,#2308,.T.);
#5341=EDGE_CURVE('',#3702,#4048,#2309,.T.);
#5342=EDGE_CURVE('',#3772,#4063,#2310,.T.);
#5343=EDGE_CURVE('',#3703,#4051,#2311,.T.);
#5344=EDGE_CURVE('',#3771,#4054,#2312,.T.);
#5345=EDGE_CURVE('',#3704,#4066,#2313,.T.);
#5346=EDGE_CURVE('',#3770,#4069,#2314,.T.);
#5347=EDGE_CURVE('',#3705,#4072,#2315,.T.);
#5348=EDGE_CURVE('',#3769,#4075,#2316,.T.);
#5349=EDGE_CURVE('',#3706,#4078,#2317,.T.);
#5350=EDGE_CURVE('',#3768,#4081,#2318,.T.);
#5351=EDGE_CURVE('',#3707,#4084,#2319,.T.);
#5352=EDGE_CURVE('',#3767,#4087,#2320,.T.);
#5353=EDGE_CURVE('',#3708,#4102,#2321,.T.);
#5354=EDGE_CURVE('',#3766,#4090,#2322,.T.);
#5355=EDGE_CURVE('',#3709,#4105,#2323,.T.);
#5356=EDGE_CURVE('',#3765,#4108,#2324,.T.);
#5357=EDGE_CURVE('',#3710,#4093,#2325,.T.);
#5358=EDGE_CURVE('',#3764,#4096,#2326,.T.);
#5359=EDGE_CURVE('',#3711,#4099,#2327,.T.);
#5360=EDGE_CURVE('',#3763,#4111,#2328,.T.);
#5361=EDGE_CURVE('',#3712,#4114,#2329,.T.);
#5362=EDGE_CURVE('',#3762,#4117,#2330,.T.);
#5363=EDGE_CURVE('',#3713,#4120,#2331,.T.);
#5364=EDGE_CURVE('',#3761,#4123,#2332,.T.);
#5365=EDGE_CURVE('',#3714,#4126,#2333,.T.);
#5366=EDGE_CURVE('',#3760,#4129,#2334,.T.);
#5367=EDGE_CURVE('',#3715,#4132,#2335,.T.);
#5368=EDGE_CURVE('',#3759,#4135,#2336,.T.);
#5369=EDGE_CURVE('',#3716,#4138,#2337,.T.);
#5370=EDGE_CURVE('',#3758,#4141,#2338,.T.);
#5371=EDGE_CURVE('',#3717,#4144,#2339,.T.);
#5372=EDGE_CURVE('',#3757,#4147,#2340,.T.);
#5373=EDGE_CURVE('',#3718,#4150,#2341,.T.);
#5374=EDGE_CURVE('',#3756,#4153,#2342,.T.);
#5375=EDGE_CURVE('',#3719,#4156,#2343,.T.);
#5376=EDGE_CURVE('',#3755,#4159,#2344,.T.);
#5377=EDGE_CURVE('',#3720,#4174,#2345,.T.);
#5378=EDGE_CURVE('',#3754,#4171,#2346,.T.);
#5379=EDGE_CURVE('',#3721,#4168,#2347,.T.);
#5380=EDGE_CURVE('',#3753,#4165,#2348,.T.);
#5381=EDGE_CURVE('',#3722,#4162,#2349,.T.);
#5382=EDGE_CURVE('',#3752,#4177,#2350,.T.);
#5383=EDGE_CURVE('',#3723,#4180,#2351,.T.);
#5384=EDGE_CURVE('',#3751,#4183,#2352,.T.);
#5385=EDGE_CURVE('',#3724,#4186,#2353,.T.);
#5386=EDGE_CURVE('',#3750,#4189,#2354,.T.);
#5387=EDGE_CURVE('',#3725,#4192,#2355,.T.);
#5388=EDGE_CURVE('',#3749,#4195,#2356,.T.);
#5389=EDGE_CURVE('',#3726,#4198,#2357,.T.);
#5390=EDGE_CURVE('',#3748,#4201,#2358,.T.);
#5391=EDGE_CURVE('',#3727,#4204,#2359,.T.);
#5392=EDGE_CURVE('',#3747,#4219,#2360,.T.);
#5393=EDGE_CURVE('',#3728,#4216,#2361,.T.);
#5394=EDGE_CURVE('',#3746,#4213,#2362,.T.);
#5395=EDGE_CURVE('',#3729,#4210,#2363,.T.);
#5396=EDGE_CURVE('',#3745,#4207,#2364,.T.);
#5397=EDGE_CURVE('',#3730,#4252,#2365,.T.);
#5398=EDGE_CURVE('',#3744,#4249,#2366,.T.);
#5399=EDGE_CURVE('',#3731,#4222,#2367,.T.);
#5400=EDGE_CURVE('',#3743,#4225,#2368,.T.);
#5401=EDGE_CURVE('',#3732,#4246,#2369,.T.);
#5402=EDGE_CURVE('',#3742,#4255,#2370,.T.);
#5403=EDGE_CURVE('',#3733,#4228,#2371,.T.);
#5404=EDGE_CURVE('',#3741,#4243,#2372,.T.);
#5405=EDGE_CURVE('',#3734,#4258,#2373,.T.);
#5406=EDGE_CURVE('',#3740,#4240,#2374,.T.);
#5407=EDGE_CURVE('',#3735,#4231,#2375,.T.);
#5408=EDGE_CURVE('',#3739,#4234,#2376,.T.);
#5409=EDGE_CURVE('',#3736,#4237,#2377,.T.);
#5410=EDGE_CURVE('',#3738,#4261,#2378,.T.);
#5411=EDGE_CURVE('',#3737,#4262,#2379,.T.);
#5412=EDGE_CURVE('',#4262,#4262,#3493,.T.);
#5413=EDGE_CURVE('',#4263,#4264,#3494,.T.);
#5414=EDGE_CURVE('',#4264,#4263,#3495,.T.);
#5415=EDGE_CURVE('',#4264,#4262,#2380,.T.);
#5416=EDGE_CURVE('',#3853,#4263,#2381,.T.);
#5417=EDGE_CURVE('',#3854,#4265,#2382,.T.);
#5418=EDGE_CURVE('',#4265,#4265,#3496,.T.);
#5419=EDGE_CURVE('',#3855,#4266,#2383,.T.);
#5420=EDGE_CURVE('',#4266,#4266,#3497,.T.);
#5421=EDGE_CURVE('',#3856,#4267,#2384,.T.);
#5422=EDGE_CURVE('',#4267,#4267,#3498,.T.);
#5423=EDGE_CURVE('',#3857,#4268,#2385,.T.);
#5424=EDGE_CURVE('',#4268,#4268,#3499,.T.);
#5425=EDGE_CURVE('',#3858,#4269,#2386,.T.);
#5426=EDGE_CURVE('',#4269,#4269,#3500,.T.);
#5427=EDGE_CURVE('',#3859,#4270,#2387,.T.);
#5428=EDGE_CURVE('',#4270,#4270,#3501,.T.);
#5429=EDGE_CURVE('',#3860,#4271,#2388,.T.);
#5430=EDGE_CURVE('',#4271,#4271,#3502,.T.);
#5431=EDGE_CURVE('',#3861,#4272,#2389,.T.);
#5432=EDGE_CURVE('',#4272,#4272,#3503,.T.);
#5433=EDGE_CURVE('',#3862,#4273,#2390,.T.);
#5434=EDGE_CURVE('',#4273,#4273,#3504,.T.);
#5435=EDGE_CURVE('',#3863,#3562,#2391,.T.);
#5436=EDGE_CURVE('',#3561,#4274,#2392,.T.);
#5437=EDGE_CURVE('',#4274,#4274,#3505,.T.);
#5438=EDGE_CURVE('',#3864,#3558,#2393,.T.);
#5439=EDGE_CURVE('',#3557,#4275,#2394,.T.);
#5440=EDGE_CURVE('',#4275,#4275,#3506,.T.);
#5441=EDGE_CURVE('',#3865,#3550,#2395,.T.);
#5442=EDGE_CURVE('',#3549,#4276,#2396,.T.);
#5443=EDGE_CURVE('',#4276,#4276,#3507,.T.);
#5444=EDGE_CURVE('',#3866,#3546,#2397,.T.);
#5445=EDGE_CURVE('',#3545,#4277,#2398,.T.);
#5446=EDGE_CURVE('',#4277,#4277,#3508,.T.);
#5447=EDGE_CURVE('',#3867,#4278,#2399,.T.);
#5448=EDGE_CURVE('',#4278,#4278,#3509,.T.);
#5449=EDGE_CURVE('',#3868,#4279,#2400,.T.);
#5450=EDGE_CURVE('',#4279,#4279,#3510,.T.);
#5451=EDGE_CURVE('',#3869,#4280,#2401,.T.);
#5452=EDGE_CURVE('',#4280,#4280,#3511,.T.);
#5453=EDGE_CURVE('',#3870,#4281,#2402,.T.);
#5454=EDGE_CURVE('',#4281,#4281,#3512,.T.);
#5455=EDGE_CURVE('',#3871,#4282,#2403,.T.);
#5456=EDGE_CURVE('',#4282,#4282,#3513,.T.);
#5457=EDGE_CURVE('',#3872,#4283,#2404,.T.);
#5458=EDGE_CURVE('',#4283,#4283,#3514,.T.);
#5459=EDGE_CURVE('',#3873,#4284,#2405,.T.);
#5460=EDGE_CURVE('',#4284,#4284,#3515,.T.);
#5461=EDGE_CURVE('',#3874,#4285,#2406,.T.);
#5462=EDGE_CURVE('',#4285,#4285,#3516,.T.);
#5463=EDGE_CURVE('',#3875,#4286,#2407,.T.);
#5464=EDGE_CURVE('',#4286,#4286,#3517,.T.);
#5465=EDGE_CURVE('',#3876,#4287,#2408,.T.);
#5466=EDGE_CURVE('',#4287,#4287,#3518,.T.);
#5467=EDGE_CURVE('',#3877,#4288,#2409,.T.);
#5468=EDGE_CURVE('',#4288,#4288,#3519,.T.);
#5469=EDGE_CURVE('',#3878,#4289,#2410,.T.);
#5470=EDGE_CURVE('',#4289,#4289,#3520,.T.);
#5471=EDGE_CURVE('',#3879,#4290,#2411,.T.);
#5472=EDGE_CURVE('',#4290,#4290,#3521,.T.);
#5473=EDGE_CURVE('',#3880,#4291,#2412,.T.);
#5474=EDGE_CURVE('',#4291,#4291,#3522,.T.);
#5475=EDGE_CURVE('',#3881,#4292,#2413,.T.);
#5476=EDGE_CURVE('',#4292,#4292,#3523,.T.);
#5477=EDGE_CURVE('',#3882,#4293,#2414,.T.);
#5478=EDGE_CURVE('',#4293,#4293,#3524,.T.);
#5479=EDGE_CURVE('',#3883,#4294,#2415,.T.);
#5480=EDGE_CURVE('',#4294,#4294,#3525,.T.);
#5481=EDGE_CURVE('',#3884,#4295,#2416,.T.);
#5482=EDGE_CURVE('',#4295,#4295,#3526,.T.);
#5483=EDGE_CURVE('',#3885,#3542,#2417,.T.);
#5484=EDGE_CURVE('',#3541,#4296,#2418,.T.);
#5485=EDGE_CURVE('',#4296,#4296,#3527,.T.);
#5486=EDGE_CURVE('',#3886,#3566,#2419,.T.);
#5487=EDGE_CURVE('',#3565,#4297,#2420,.T.);
#5488=EDGE_CURVE('',#4297,#4297,#3528,.T.);
#5489=EDGE_CURVE('',#3887,#3554,#2421,.T.);
#5490=EDGE_CURVE('',#3553,#4298,#2422,.T.);
#5491=EDGE_CURVE('',#4298,#4298,#3529,.T.);
#5492=EDGE_CURVE('',#3888,#4299,#2423,.T.);
#5493=EDGE_CURVE('',#4299,#4299,#3530,.T.);
#5494=EDGE_CURVE('',#3889,#4300,#2424,.T.);
#5495=EDGE_CURVE('',#4300,#4300,#3531,.T.);
#5496=EDGE_CURVE('',#3890,#4301,#2425,.T.);
#5497=EDGE_CURVE('',#4301,#4301,#3532,.T.);
#5498=EDGE_CURVE('',#3891,#4302,#2426,.T.);
#5499=EDGE_CURVE('',#4302,#4302,#3533,.T.);
#5500=EDGE_CURVE('',#3892,#4303,#2427,.T.);
#5501=EDGE_CURVE('',#4303,#4303,#3534,.T.);
#5502=EDGE_CURVE('',#3893,#4304,#2428,.T.);
#5503=EDGE_CURVE('',#4304,#4304,#3535,.T.);
#5504=EDGE_CURVE('',#3894,#4305,#2429,.T.);
#5505=EDGE_CURVE('',#4305,#4305,#3536,.T.);
#5506=EDGE_CURVE('',#3895,#4306,#2430,.T.);
#5507=EDGE_CURVE('',#4306,#4306,#3537,.T.);
#5508=EDGE_CURVE('',#3896,#4307,#2431,.T.);
#5509=EDGE_CURVE('',#4307,#4307,#3538,.T.);
#5510=EDGE_CURVE('',#3897,#4308,#2432,.T.);
#5511=EDGE_CURVE('',#4308,#4308,#3539,.T.);
#5512=ORIENTED_EDGE('',*,*,#4309,.F.);
#5513=ORIENTED_EDGE('',*,*,#4310,.T.);
#5514=ORIENTED_EDGE('',*,*,#4311,.F.);
#5515=ORIENTED_EDGE('',*,*,#4312,.F.);
#5516=ORIENTED_EDGE('',*,*,#4313,.F.);
#5517=ORIENTED_EDGE('',*,*,#4310,.F.);
#5518=ORIENTED_EDGE('',*,*,#4314,.F.);
#5519=ORIENTED_EDGE('',*,*,#4315,.T.);
#5520=ORIENTED_EDGE('',*,*,#4316,.F.);
#5521=ORIENTED_EDGE('',*,*,#4317,.F.);
#5522=ORIENTED_EDGE('',*,*,#4318,.F.);
#5523=ORIENTED_EDGE('',*,*,#4315,.F.);
#5524=ORIENTED_EDGE('',*,*,#4319,.F.);
#5525=ORIENTED_EDGE('',*,*,#4320,.T.);
#5526=ORIENTED_EDGE('',*,*,#4321,.F.);
#5527=ORIENTED_EDGE('',*,*,#4322,.F.);
#5528=ORIENTED_EDGE('',*,*,#4323,.F.);
#5529=ORIENTED_EDGE('',*,*,#4320,.F.);
#5530=ORIENTED_EDGE('',*,*,#4324,.F.);
#5531=ORIENTED_EDGE('',*,*,#4325,.T.);
#5532=ORIENTED_EDGE('',*,*,#4326,.F.);
#5533=ORIENTED_EDGE('',*,*,#4327,.F.);
#5534=ORIENTED_EDGE('',*,*,#4328,.F.);
#5535=ORIENTED_EDGE('',*,*,#4325,.F.);
#5536=ORIENTED_EDGE('',*,*,#4329,.F.);
#5537=ORIENTED_EDGE('',*,*,#4330,.T.);
#5538=ORIENTED_EDGE('',*,*,#4331,.F.);
#5539=ORIENTED_EDGE('',*,*,#4332,.F.);
#5540=ORIENTED_EDGE('',*,*,#4333,.F.);
#5541=ORIENTED_EDGE('',*,*,#4330,.F.);
#5542=ORIENTED_EDGE('',*,*,#4334,.F.);
#5543=ORIENTED_EDGE('',*,*,#4335,.T.);
#5544=ORIENTED_EDGE('',*,*,#4336,.F.);
#5545=ORIENTED_EDGE('',*,*,#4337,.F.);
#5546=ORIENTED_EDGE('',*,*,#4338,.F.);
#5547=ORIENTED_EDGE('',*,*,#4335,.F.);
#5548=ORIENTED_EDGE('',*,*,#4339,.F.);
#5549=ORIENTED_EDGE('',*,*,#4340,.T.);
#5550=ORIENTED_EDGE('',*,*,#4341,.F.);
#5551=ORIENTED_EDGE('',*,*,#4342,.F.);
#5552=ORIENTED_EDGE('',*,*,#4343,.F.);
#5553=ORIENTED_EDGE('',*,*,#4340,.F.);
#5554=ORIENTED_EDGE('',*,*,#4344,.F.);
#5555=ORIENTED_EDGE('',*,*,#4345,.T.);
#5556=ORIENTED_EDGE('',*,*,#4346,.F.);
#5557=ORIENTED_EDGE('',*,*,#4345,.F.);
#5558=ORIENTED_EDGE('',*,*,#4347,.F.);
#5559=ORIENTED_EDGE('',*,*,#4348,.T.);
#5560=ORIENTED_EDGE('',*,*,#4349,.F.);
#5561=ORIENTED_EDGE('',*,*,#4348,.F.);
#5562=ORIENTED_EDGE('',*,*,#4350,.F.);
#5563=ORIENTED_EDGE('',*,*,#4351,.T.);
#5564=ORIENTED_EDGE('',*,*,#4352,.F.);
#5565=ORIENTED_EDGE('',*,*,#4351,.F.);
#5566=ORIENTED_EDGE('',*,*,#4353,.F.);
#5567=ORIENTED_EDGE('',*,*,#4354,.T.);
#5568=ORIENTED_EDGE('',*,*,#4355,.F.);
#5569=ORIENTED_EDGE('',*,*,#4354,.F.);
#5570=ORIENTED_EDGE('',*,*,#4356,.F.);
#5571=ORIENTED_EDGE('',*,*,#4357,.T.);
#5572=ORIENTED_EDGE('',*,*,#4358,.F.);
#5573=ORIENTED_EDGE('',*,*,#4357,.F.);
#5574=ORIENTED_EDGE('',*,*,#4359,.F.);
#5575=ORIENTED_EDGE('',*,*,#4360,.T.);
#5576=ORIENTED_EDGE('',*,*,#4361,.F.);
#5577=ORIENTED_EDGE('',*,*,#4360,.F.);
#5578=ORIENTED_EDGE('',*,*,#4362,.F.);
#5579=ORIENTED_EDGE('',*,*,#4363,.T.);
#5580=ORIENTED_EDGE('',*,*,#4364,.F.);
#5581=ORIENTED_EDGE('',*,*,#4363,.F.);
#5582=ORIENTED_EDGE('',*,*,#4365,.F.);
#5583=ORIENTED_EDGE('',*,*,#4366,.T.);
#5584=ORIENTED_EDGE('',*,*,#4367,.F.);
#5585=ORIENTED_EDGE('',*,*,#4366,.F.);
#5586=ORIENTED_EDGE('',*,*,#4368,.F.);
#5587=ORIENTED_EDGE('',*,*,#4369,.T.);
#5588=ORIENTED_EDGE('',*,*,#4370,.F.);
#5589=ORIENTED_EDGE('',*,*,#4369,.F.);
#5590=ORIENTED_EDGE('',*,*,#4371,.F.);
#5591=ORIENTED_EDGE('',*,*,#4372,.T.);
#5592=ORIENTED_EDGE('',*,*,#4373,.F.);
#5593=ORIENTED_EDGE('',*,*,#4372,.F.);
#5594=ORIENTED_EDGE('',*,*,#4374,.F.);
#5595=ORIENTED_EDGE('',*,*,#4375,.T.);
#5596=ORIENTED_EDGE('',*,*,#4376,.F.);
#5597=ORIENTED_EDGE('',*,*,#4375,.F.);
#5598=ORIENTED_EDGE('',*,*,#4377,.F.);
#5599=ORIENTED_EDGE('',*,*,#4378,.T.);
#5600=ORIENTED_EDGE('',*,*,#4379,.F.);
#5601=ORIENTED_EDGE('',*,*,#4378,.F.);
#5602=ORIENTED_EDGE('',*,*,#4380,.F.);
#5603=ORIENTED_EDGE('',*,*,#4381,.T.);
#5604=ORIENTED_EDGE('',*,*,#4382,.F.);
#5605=ORIENTED_EDGE('',*,*,#4381,.F.);
#5606=ORIENTED_EDGE('',*,*,#4383,.F.);
#5607=ORIENTED_EDGE('',*,*,#4384,.T.);
#5608=ORIENTED_EDGE('',*,*,#4385,.F.);
#5609=ORIENTED_EDGE('',*,*,#4384,.F.);
#5610=ORIENTED_EDGE('',*,*,#4386,.F.);
#5611=ORIENTED_EDGE('',*,*,#4387,.T.);
#5612=ORIENTED_EDGE('',*,*,#4388,.F.);
#5613=ORIENTED_EDGE('',*,*,#4387,.F.);
#5614=ORIENTED_EDGE('',*,*,#4389,.F.);
#5615=ORIENTED_EDGE('',*,*,#4390,.T.);
#5616=ORIENTED_EDGE('',*,*,#4391,.F.);
#5617=ORIENTED_EDGE('',*,*,#4392,.F.);
#5618=ORIENTED_EDGE('',*,*,#4390,.F.);
#5619=ORIENTED_EDGE('',*,*,#4393,.F.);
#5620=ORIENTED_EDGE('',*,*,#4394,.T.);
#5621=ORIENTED_EDGE('',*,*,#4395,.F.);
#5622=ORIENTED_EDGE('',*,*,#4396,.F.);
#5623=ORIENTED_EDGE('',*,*,#4394,.F.);
#5624=ORIENTED_EDGE('',*,*,#4397,.F.);
#5625=ORIENTED_EDGE('',*,*,#4398,.T.);
#5626=ORIENTED_EDGE('',*,*,#4399,.F.);
#5627=ORIENTED_EDGE('',*,*,#4400,.F.);
#5628=ORIENTED_EDGE('',*,*,#4398,.F.);
#5629=ORIENTED_EDGE('',*,*,#4401,.F.);
#5630=ORIENTED_EDGE('',*,*,#4402,.T.);
#5631=ORIENTED_EDGE('',*,*,#4403,.F.);
#5632=ORIENTED_EDGE('',*,*,#4404,.F.);
#5633=ORIENTED_EDGE('',*,*,#4402,.F.);
#5634=ORIENTED_EDGE('',*,*,#4405,.F.);
#5635=ORIENTED_EDGE('',*,*,#4406,.T.);
#5636=ORIENTED_EDGE('',*,*,#4407,.F.);
#5637=ORIENTED_EDGE('',*,*,#4408,.F.);
#5638=ORIENTED_EDGE('',*,*,#4406,.F.);
#5639=ORIENTED_EDGE('',*,*,#4409,.F.);
#5640=ORIENTED_EDGE('',*,*,#4410,.T.);
#5641=ORIENTED_EDGE('',*,*,#4411,.F.);
#5642=ORIENTED_EDGE('',*,*,#4412,.F.);
#5643=ORIENTED_EDGE('',*,*,#4410,.F.);
#5644=ORIENTED_EDGE('',*,*,#4413,.F.);
#5645=ORIENTED_EDGE('',*,*,#4414,.T.);
#5646=ORIENTED_EDGE('',*,*,#4415,.F.);
#5647=ORIENTED_EDGE('',*,*,#4416,.F.);
#5648=ORIENTED_EDGE('',*,*,#4414,.F.);
#5649=ORIENTED_EDGE('',*,*,#4417,.F.);
#5650=ORIENTED_EDGE('',*,*,#4418,.T.);
#5651=ORIENTED_EDGE('',*,*,#4419,.F.);
#5652=ORIENTED_EDGE('',*,*,#4420,.F.);
#5653=ORIENTED_EDGE('',*,*,#4418,.F.);
#5654=ORIENTED_EDGE('',*,*,#4421,.F.);
#5655=ORIENTED_EDGE('',*,*,#4422,.T.);
#5656=ORIENTED_EDGE('',*,*,#4423,.F.);
#5657=ORIENTED_EDGE('',*,*,#4424,.F.);
#5658=ORIENTED_EDGE('',*,*,#4422,.F.);
#5659=ORIENTED_EDGE('',*,*,#4425,.F.);
#5660=ORIENTED_EDGE('',*,*,#4426,.T.);
#5661=ORIENTED_EDGE('',*,*,#4427,.F.);
#5662=ORIENTED_EDGE('',*,*,#4428,.F.);
#5663=ORIENTED_EDGE('',*,*,#4426,.F.);
#5664=ORIENTED_EDGE('',*,*,#4429,.F.);
#5665=ORIENTED_EDGE('',*,*,#4430,.T.);
#5666=ORIENTED_EDGE('',*,*,#4431,.F.);
#5667=ORIENTED_EDGE('',*,*,#4432,.F.);
#5668=ORIENTED_EDGE('',*,*,#4430,.F.);
#5669=ORIENTED_EDGE('',*,*,#4433,.F.);
#5670=ORIENTED_EDGE('',*,*,#4434,.T.);
#5671=ORIENTED_EDGE('',*,*,#4435,.F.);
#5672=ORIENTED_EDGE('',*,*,#4436,.F.);
#5673=ORIENTED_EDGE('',*,*,#4434,.F.);
#5674=ORIENTED_EDGE('',*,*,#4437,.F.);
#5675=ORIENTED_EDGE('',*,*,#4438,.T.);
#5676=ORIENTED_EDGE('',*,*,#4439,.F.);
#5677=ORIENTED_EDGE('',*,*,#4440,.F.);
#5678=ORIENTED_EDGE('',*,*,#4438,.F.);
#5679=ORIENTED_EDGE('',*,*,#4441,.F.);
#5680=ORIENTED_EDGE('',*,*,#4442,.T.);
#5681=ORIENTED_EDGE('',*,*,#4443,.F.);
#5682=ORIENTED_EDGE('',*,*,#4444,.F.);
#5683=ORIENTED_EDGE('',*,*,#4442,.F.);
#5684=ORIENTED_EDGE('',*,*,#4445,.F.);
#5685=ORIENTED_EDGE('',*,*,#4446,.T.);
#5686=ORIENTED_EDGE('',*,*,#4447,.F.);
#5687=ORIENTED_EDGE('',*,*,#4448,.F.);
#5688=ORIENTED_EDGE('',*,*,#4446,.F.);
#5689=ORIENTED_EDGE('',*,*,#4449,.F.);
#5690=ORIENTED_EDGE('',*,*,#4450,.T.);
#5691=ORIENTED_EDGE('',*,*,#4451,.F.);
#5692=ORIENTED_EDGE('',*,*,#4452,.F.);
#5693=ORIENTED_EDGE('',*,*,#4450,.F.);
#5694=ORIENTED_EDGE('',*,*,#4453,.F.);
#5695=ORIENTED_EDGE('',*,*,#4454,.T.);
#5696=ORIENTED_EDGE('',*,*,#4455,.F.);
#5697=ORIENTED_EDGE('',*,*,#4456,.F.);
#5698=ORIENTED_EDGE('',*,*,#4454,.F.);
#5699=ORIENTED_EDGE('',*,*,#4457,.F.);
#5700=ORIENTED_EDGE('',*,*,#4458,.T.);
#5701=ORIENTED_EDGE('',*,*,#4459,.F.);
#5702=ORIENTED_EDGE('',*,*,#4460,.F.);
#5703=ORIENTED_EDGE('',*,*,#4458,.F.);
#5704=ORIENTED_EDGE('',*,*,#4461,.F.);
#5705=ORIENTED_EDGE('',*,*,#4462,.T.);
#5706=ORIENTED_EDGE('',*,*,#4463,.F.);
#5707=ORIENTED_EDGE('',*,*,#4464,.F.);
#5708=ORIENTED_EDGE('',*,*,#4462,.F.);
#5709=ORIENTED_EDGE('',*,*,#4465,.F.);
#5710=ORIENTED_EDGE('',*,*,#4466,.T.);
#5711=ORIENTED_EDGE('',*,*,#4467,.F.);
#5712=ORIENTED_EDGE('',*,*,#4468,.F.);
#5713=ORIENTED_EDGE('',*,*,#4466,.F.);
#5714=ORIENTED_EDGE('',*,*,#4469,.F.);
#5715=ORIENTED_EDGE('',*,*,#4470,.T.);
#5716=ORIENTED_EDGE('',*,*,#4471,.F.);
#5717=ORIENTED_EDGE('',*,*,#4472,.F.);
#5718=ORIENTED_EDGE('',*,*,#4470,.F.);
#5719=ORIENTED_EDGE('',*,*,#4473,.F.);
#5720=ORIENTED_EDGE('',*,*,#4474,.T.);
#5721=ORIENTED_EDGE('',*,*,#4475,.F.);
#5722=ORIENTED_EDGE('',*,*,#4476,.F.);
#5723=ORIENTED_EDGE('',*,*,#4474,.F.);
#5724=ORIENTED_EDGE('',*,*,#4477,.T.);
#5725=ORIENTED_EDGE('',*,*,#4478,.T.);
#5726=ORIENTED_EDGE('',*,*,#4479,.T.);
#5727=ORIENTED_EDGE('',*,*,#4480,.T.);
#5728=ORIENTED_EDGE('',*,*,#4481,.T.);
#5729=ORIENTED_EDGE('',*,*,#4482,.T.);
#5730=ORIENTED_EDGE('',*,*,#4477,.F.);
#5731=ORIENTED_EDGE('',*,*,#4483,.T.);
#5732=ORIENTED_EDGE('',*,*,#4484,.T.);
#5733=ORIENTED_EDGE('',*,*,#4485,.T.);
#5734=ORIENTED_EDGE('',*,*,#4481,.F.);
#5735=ORIENTED_EDGE('',*,*,#4486,.T.);
#5736=ORIENTED_EDGE('',*,*,#4487,.T.);
#5737=ORIENTED_EDGE('',*,*,#4488,.T.);
#5738=ORIENTED_EDGE('',*,*,#4484,.F.);
#5739=ORIENTED_EDGE('',*,*,#4489,.T.);
#5740=ORIENTED_EDGE('',*,*,#4490,.T.);
#5741=ORIENTED_EDGE('',*,*,#4491,.T.);
#5742=ORIENTED_EDGE('',*,*,#4487,.F.);
#5743=ORIENTED_EDGE('',*,*,#4492,.T.);
#5744=ORIENTED_EDGE('',*,*,#4493,.T.);
#5745=ORIENTED_EDGE('',*,*,#4494,.T.);
#5746=ORIENTED_EDGE('',*,*,#4490,.F.);
#5747=ORIENTED_EDGE('',*,*,#4495,.T.);
#5748=ORIENTED_EDGE('',*,*,#4496,.T.);
#5749=ORIENTED_EDGE('',*,*,#4497,.T.);
#5750=ORIENTED_EDGE('',*,*,#4493,.F.);
#5751=ORIENTED_EDGE('',*,*,#4498,.T.);
#5752=ORIENTED_EDGE('',*,*,#4496,.F.);
#5753=ORIENTED_EDGE('',*,*,#4499,.T.);
#5754=ORIENTED_EDGE('',*,*,#4479,.F.);
#5755=ORIENTED_EDGE('',*,*,#4500,.T.);
#5756=ORIENTED_EDGE('',*,*,#4494,.F.);
#5757=ORIENTED_EDGE('',*,*,#4501,.F.);
#5758=ORIENTED_EDGE('',*,*,#4502,.F.);
#5759=ORIENTED_EDGE('',*,*,#4503,.F.);
#5760=ORIENTED_EDGE('',*,*,#4344,.T.);
#5761=ORIENTED_EDGE('',*,*,#4347,.T.);
#5762=ORIENTED_EDGE('',*,*,#4350,.T.);
#5763=ORIENTED_EDGE('',*,*,#4353,.T.);
#5764=ORIENTED_EDGE('',*,*,#4356,.T.);
#5765=ORIENTED_EDGE('',*,*,#4359,.T.);
#5766=ORIENTED_EDGE('',*,*,#4362,.T.);
#5767=ORIENTED_EDGE('',*,*,#4365,.T.);
#5768=ORIENTED_EDGE('',*,*,#4368,.T.);
#5769=ORIENTED_EDGE('',*,*,#4371,.T.);
#5770=ORIENTED_EDGE('',*,*,#4374,.T.);
#5771=ORIENTED_EDGE('',*,*,#4377,.T.);
#5772=ORIENTED_EDGE('',*,*,#4380,.T.);
#5773=ORIENTED_EDGE('',*,*,#4383,.T.);
#5774=ORIENTED_EDGE('',*,*,#4386,.T.);
#5775=ORIENTED_EDGE('',*,*,#4497,.F.);
#5776=ORIENTED_EDGE('',*,*,#4504,.T.);
#5777=ORIENTED_EDGE('',*,*,#4505,.F.);
#5778=ORIENTED_EDGE('',*,*,#4501,.T.);
#5779=ORIENTED_EDGE('',*,*,#4500,.F.);
#5780=ORIENTED_EDGE('',*,*,#4506,.F.);
#5781=ORIENTED_EDGE('',*,*,#4507,.F.);
#5782=ORIENTED_EDGE('',*,*,#4504,.F.);
#5783=ORIENTED_EDGE('',*,*,#4309,.T.);
#5784=ORIENTED_EDGE('',*,*,#4314,.T.);
#5785=ORIENTED_EDGE('',*,*,#4319,.T.);
#5786=ORIENTED_EDGE('',*,*,#4324,.T.);
#5787=ORIENTED_EDGE('',*,*,#4329,.T.);
#5788=ORIENTED_EDGE('',*,*,#4334,.T.);
#5789=ORIENTED_EDGE('',*,*,#4339,.T.);
#5790=ORIENTED_EDGE('',*,*,#4478,.F.);
#5791=ORIENTED_EDGE('',*,*,#4508,.T.);
#5792=ORIENTED_EDGE('',*,*,#4509,.F.);
#5793=ORIENTED_EDGE('',*,*,#4506,.T.);
#5794=ORIENTED_EDGE('',*,*,#4480,.F.);
#5795=ORIENTED_EDGE('',*,*,#4499,.F.);
#5796=ORIENTED_EDGE('',*,*,#4498,.F.);
#5797=ORIENTED_EDGE('',*,*,#4495,.F.);
#5798=ORIENTED_EDGE('',*,*,#4492,.F.);
#5799=ORIENTED_EDGE('',*,*,#4489,.F.);
#5800=ORIENTED_EDGE('',*,*,#4486,.F.);
#5801=ORIENTED_EDGE('',*,*,#4483,.F.);
#5802=ORIENTED_EDGE('',*,*,#4510,.F.);
#5803=ORIENTED_EDGE('',*,*,#4511,.F.);
#5804=ORIENTED_EDGE('',*,*,#4512,.F.);
#5805=ORIENTED_EDGE('',*,*,#4513,.F.);
#5806=ORIENTED_EDGE('',*,*,#4514,.F.);
#5807=ORIENTED_EDGE('',*,*,#4515,.F.);
#5808=ORIENTED_EDGE('',*,*,#4516,.F.);
#5809=ORIENTED_EDGE('',*,*,#4517,.F.);
#5810=ORIENTED_EDGE('',*,*,#4518,.F.);
#5811=ORIENTED_EDGE('',*,*,#4519,.F.);
#5812=ORIENTED_EDGE('',*,*,#4520,.F.);
#5813=ORIENTED_EDGE('',*,*,#4521,.F.);
#5814=ORIENTED_EDGE('',*,*,#4522,.F.);
#5815=ORIENTED_EDGE('',*,*,#4523,.F.);
#5816=ORIENTED_EDGE('',*,*,#4524,.F.);
#5817=ORIENTED_EDGE('',*,*,#4525,.F.);
#5818=ORIENTED_EDGE('',*,*,#4526,.F.);
#5819=ORIENTED_EDGE('',*,*,#4527,.F.);
#5820=ORIENTED_EDGE('',*,*,#4528,.F.);
#5821=ORIENTED_EDGE('',*,*,#4529,.F.);
#5822=ORIENTED_EDGE('',*,*,#4530,.F.);
#5823=ORIENTED_EDGE('',*,*,#4531,.F.);
#5824=ORIENTED_EDGE('',*,*,#4532,.F.);
#5825=ORIENTED_EDGE('',*,*,#4533,.F.);
#5826=ORIENTED_EDGE('',*,*,#4534,.F.);
#5827=ORIENTED_EDGE('',*,*,#4535,.F.);
#5828=ORIENTED_EDGE('',*,*,#4536,.F.);
#5829=ORIENTED_EDGE('',*,*,#4537,.F.);
#5830=ORIENTED_EDGE('',*,*,#4538,.F.);
#5831=ORIENTED_EDGE('',*,*,#4539,.F.);
#5832=ORIENTED_EDGE('',*,*,#4540,.F.);
#5833=ORIENTED_EDGE('',*,*,#4541,.F.);
#5834=ORIENTED_EDGE('',*,*,#4542,.F.);
#5835=ORIENTED_EDGE('',*,*,#4543,.F.);
#5836=ORIENTED_EDGE('',*,*,#4544,.F.);
#5837=ORIENTED_EDGE('',*,*,#4545,.F.);
#5838=ORIENTED_EDGE('',*,*,#4546,.F.);
#5839=ORIENTED_EDGE('',*,*,#4547,.F.);
#5840=ORIENTED_EDGE('',*,*,#4548,.F.);
#5841=ORIENTED_EDGE('',*,*,#4549,.F.);
#5842=ORIENTED_EDGE('',*,*,#4550,.F.);
#5843=ORIENTED_EDGE('',*,*,#4551,.F.);
#5844=ORIENTED_EDGE('',*,*,#4552,.F.);
#5845=ORIENTED_EDGE('',*,*,#4553,.F.);
#5846=ORIENTED_EDGE('',*,*,#4554,.F.);
#5847=ORIENTED_EDGE('',*,*,#4555,.F.);
#5848=ORIENTED_EDGE('',*,*,#4556,.F.);
#5849=ORIENTED_EDGE('',*,*,#4557,.F.);
#5850=ORIENTED_EDGE('',*,*,#4558,.F.);
#5851=ORIENTED_EDGE('',*,*,#4559,.F.);
#5852=ORIENTED_EDGE('',*,*,#4560,.F.);
#5853=ORIENTED_EDGE('',*,*,#4561,.F.);
#5854=ORIENTED_EDGE('',*,*,#4562,.F.);
#5855=ORIENTED_EDGE('',*,*,#4563,.F.);
#5856=ORIENTED_EDGE('',*,*,#4564,.F.);
#5857=ORIENTED_EDGE('',*,*,#4565,.F.);
#5858=ORIENTED_EDGE('',*,*,#4566,.F.);
#5859=ORIENTED_EDGE('',*,*,#4567,.F.);
#5860=ORIENTED_EDGE('',*,*,#4568,.F.);
#5861=ORIENTED_EDGE('',*,*,#4569,.F.);
#5862=ORIENTED_EDGE('',*,*,#4570,.F.);
#5863=ORIENTED_EDGE('',*,*,#4571,.F.);
#5864=ORIENTED_EDGE('',*,*,#4572,.F.);
#5865=ORIENTED_EDGE('',*,*,#4573,.F.);
#5866=ORIENTED_EDGE('',*,*,#4574,.F.);
#5867=ORIENTED_EDGE('',*,*,#4575,.F.);
#5868=ORIENTED_EDGE('',*,*,#4576,.F.);
#5869=ORIENTED_EDGE('',*,*,#4577,.F.);
#5870=ORIENTED_EDGE('',*,*,#4578,.F.);
#5871=ORIENTED_EDGE('',*,*,#4579,.F.);
#5872=ORIENTED_EDGE('',*,*,#4580,.F.);
#5873=ORIENTED_EDGE('',*,*,#4581,.F.);
#5874=ORIENTED_EDGE('',*,*,#4582,.F.);
#5875=ORIENTED_EDGE('',*,*,#4583,.F.);
#5876=ORIENTED_EDGE('',*,*,#4584,.F.);
#5877=ORIENTED_EDGE('',*,*,#4585,.F.);
#5878=ORIENTED_EDGE('',*,*,#4586,.F.);
#5879=ORIENTED_EDGE('',*,*,#4587,.F.);
#5880=ORIENTED_EDGE('',*,*,#4588,.F.);
#5881=ORIENTED_EDGE('',*,*,#4589,.F.);
#5882=ORIENTED_EDGE('',*,*,#4590,.F.);
#5883=ORIENTED_EDGE('',*,*,#4591,.F.);
#5884=ORIENTED_EDGE('',*,*,#4592,.F.);
#5885=ORIENTED_EDGE('',*,*,#4593,.F.);
#5886=ORIENTED_EDGE('',*,*,#4594,.F.);
#5887=ORIENTED_EDGE('',*,*,#4595,.F.);
#5888=ORIENTED_EDGE('',*,*,#4596,.F.);
#5889=ORIENTED_EDGE('',*,*,#4597,.F.);
#5890=ORIENTED_EDGE('',*,*,#4598,.F.);
#5891=ORIENTED_EDGE('',*,*,#4599,.F.);
#5892=ORIENTED_EDGE('',*,*,#4600,.F.);
#5893=ORIENTED_EDGE('',*,*,#4601,.F.);
#5894=ORIENTED_EDGE('',*,*,#4602,.F.);
#5895=ORIENTED_EDGE('',*,*,#4603,.F.);
#5896=ORIENTED_EDGE('',*,*,#4604,.F.);
#5897=ORIENTED_EDGE('',*,*,#4605,.F.);
#5898=ORIENTED_EDGE('',*,*,#4606,.F.);
#5899=ORIENTED_EDGE('',*,*,#4607,.F.);
#5900=ORIENTED_EDGE('',*,*,#4608,.F.);
#5901=ORIENTED_EDGE('',*,*,#4609,.F.);
#5902=ORIENTED_EDGE('',*,*,#4610,.F.);
#5903=ORIENTED_EDGE('',*,*,#4611,.F.);
#5904=ORIENTED_EDGE('',*,*,#4612,.F.);
#5905=ORIENTED_EDGE('',*,*,#4613,.F.);
#5906=ORIENTED_EDGE('',*,*,#4614,.F.);
#5907=ORIENTED_EDGE('',*,*,#4615,.T.);
#5908=ORIENTED_EDGE('',*,*,#4616,.T.);
#5909=ORIENTED_EDGE('',*,*,#4617,.T.);
#5910=ORIENTED_EDGE('',*,*,#4618,.T.);
#5911=ORIENTED_EDGE('',*,*,#4619,.T.);
#5912=ORIENTED_EDGE('',*,*,#4620,.T.);
#5913=ORIENTED_EDGE('',*,*,#4615,.F.);
#5914=ORIENTED_EDGE('',*,*,#4621,.T.);
#5915=ORIENTED_EDGE('',*,*,#4622,.T.);
#5916=ORIENTED_EDGE('',*,*,#4509,.T.);
#5917=ORIENTED_EDGE('',*,*,#4619,.F.);
#5918=ORIENTED_EDGE('',*,*,#4623,.T.);
#5919=ORIENTED_EDGE('',*,*,#4624,.T.);
#5920=ORIENTED_EDGE('',*,*,#4507,.T.);
#5921=ORIENTED_EDGE('',*,*,#4622,.F.);
#5922=ORIENTED_EDGE('',*,*,#4625,.T.);
#5923=ORIENTED_EDGE('',*,*,#4626,.T.);
#5924=ORIENTED_EDGE('',*,*,#4505,.T.);
#5925=ORIENTED_EDGE('',*,*,#4624,.F.);
#5926=ORIENTED_EDGE('',*,*,#4627,.T.);
#5927=ORIENTED_EDGE('',*,*,#4628,.T.);
#5928=ORIENTED_EDGE('',*,*,#4502,.T.);
#5929=ORIENTED_EDGE('',*,*,#4626,.F.);
#5930=ORIENTED_EDGE('',*,*,#4629,.T.);
#5931=ORIENTED_EDGE('',*,*,#4630,.T.);
#5932=ORIENTED_EDGE('',*,*,#4631,.T.);
#5933=ORIENTED_EDGE('',*,*,#4628,.F.);
#5934=ORIENTED_EDGE('',*,*,#4632,.T.);
#5935=ORIENTED_EDGE('',*,*,#4630,.F.);
#5936=ORIENTED_EDGE('',*,*,#4633,.T.);
#5937=ORIENTED_EDGE('',*,*,#4617,.F.);
#5938=ORIENTED_EDGE('',*,*,#4634,.T.);
#5939=ORIENTED_EDGE('',*,*,#4491,.F.);
#5940=ORIENTED_EDGE('',*,*,#4503,.T.);
#5941=ORIENTED_EDGE('',*,*,#4631,.F.);
#5942=ORIENTED_EDGE('',*,*,#4635,.T.);
#5943=ORIENTED_EDGE('',*,*,#4488,.F.);
#5944=ORIENTED_EDGE('',*,*,#4635,.F.);
#5945=ORIENTED_EDGE('',*,*,#4634,.F.);
#5946=ORIENTED_EDGE('',*,*,#4636,.F.);
#5947=ORIENTED_EDGE('',*,*,#4389,.T.);
#5948=ORIENTED_EDGE('',*,*,#4393,.T.);
#5949=ORIENTED_EDGE('',*,*,#4397,.T.);
#5950=ORIENTED_EDGE('',*,*,#4401,.T.);
#5951=ORIENTED_EDGE('',*,*,#4405,.T.);
#5952=ORIENTED_EDGE('',*,*,#4409,.T.);
#5953=ORIENTED_EDGE('',*,*,#4413,.T.);
#5954=ORIENTED_EDGE('',*,*,#4485,.F.);
#5955=ORIENTED_EDGE('',*,*,#4636,.T.);
#5956=ORIENTED_EDGE('',*,*,#4616,.F.);
#5957=ORIENTED_EDGE('',*,*,#4637,.T.);
#5958=ORIENTED_EDGE('',*,*,#4618,.F.);
#5959=ORIENTED_EDGE('',*,*,#4633,.F.);
#5960=ORIENTED_EDGE('',*,*,#4632,.F.);
#5961=ORIENTED_EDGE('',*,*,#4629,.F.);
#5962=ORIENTED_EDGE('',*,*,#4627,.F.);
#5963=ORIENTED_EDGE('',*,*,#4625,.F.);
#5964=ORIENTED_EDGE('',*,*,#4623,.F.);
#5965=ORIENTED_EDGE('',*,*,#4621,.F.);
#5966=ORIENTED_EDGE('',*,*,#4638,.F.);
#5967=ORIENTED_EDGE('',*,*,#4639,.F.);
#5968=ORIENTED_EDGE('',*,*,#4640,.F.);
#5969=ORIENTED_EDGE('',*,*,#4641,.F.);
#5970=ORIENTED_EDGE('',*,*,#4642,.F.);
#5971=ORIENTED_EDGE('',*,*,#4643,.F.);
#5972=ORIENTED_EDGE('',*,*,#4644,.F.);
#5973=ORIENTED_EDGE('',*,*,#4645,.F.);
#5974=ORIENTED_EDGE('',*,*,#4646,.F.);
#5975=ORIENTED_EDGE('',*,*,#4647,.F.);
#5976=ORIENTED_EDGE('',*,*,#4648,.F.);
#5977=ORIENTED_EDGE('',*,*,#4649,.F.);
#5978=ORIENTED_EDGE('',*,*,#4650,.F.);
#5979=ORIENTED_EDGE('',*,*,#4651,.F.);
#5980=ORIENTED_EDGE('',*,*,#4652,.F.);
#5981=ORIENTED_EDGE('',*,*,#4653,.F.);
#5982=ORIENTED_EDGE('',*,*,#4654,.F.);
#5983=ORIENTED_EDGE('',*,*,#4655,.F.);
#5984=ORIENTED_EDGE('',*,*,#4656,.F.);
#5985=ORIENTED_EDGE('',*,*,#4657,.F.);
#5986=ORIENTED_EDGE('',*,*,#4658,.F.);
#5987=ORIENTED_EDGE('',*,*,#4659,.F.);
#5988=ORIENTED_EDGE('',*,*,#4660,.F.);
#5989=ORIENTED_EDGE('',*,*,#4661,.F.);
#5990=ORIENTED_EDGE('',*,*,#4662,.F.);
#5991=ORIENTED_EDGE('',*,*,#4663,.F.);
#5992=ORIENTED_EDGE('',*,*,#4664,.F.);
#5993=ORIENTED_EDGE('',*,*,#4665,.F.);
#5994=ORIENTED_EDGE('',*,*,#4666,.F.);
#5995=ORIENTED_EDGE('',*,*,#4667,.F.);
#5996=ORIENTED_EDGE('',*,*,#4668,.F.);
#5997=ORIENTED_EDGE('',*,*,#4669,.F.);
#5998=ORIENTED_EDGE('',*,*,#4670,.F.);
#5999=ORIENTED_EDGE('',*,*,#4671,.F.);
#6000=ORIENTED_EDGE('',*,*,#4672,.F.);
#6001=ORIENTED_EDGE('',*,*,#4673,.F.);
#6002=ORIENTED_EDGE('',*,*,#4674,.F.);
#6003=ORIENTED_EDGE('',*,*,#4675,.F.);
#6004=ORIENTED_EDGE('',*,*,#4676,.F.);
#6005=ORIENTED_EDGE('',*,*,#4677,.F.);
#6006=ORIENTED_EDGE('',*,*,#4678,.F.);
#6007=ORIENTED_EDGE('',*,*,#4679,.F.);
#6008=ORIENTED_EDGE('',*,*,#4680,.F.);
#6009=ORIENTED_EDGE('',*,*,#4681,.F.);
#6010=ORIENTED_EDGE('',*,*,#4682,.F.);
#6011=ORIENTED_EDGE('',*,*,#4683,.F.);
#6012=ORIENTED_EDGE('',*,*,#4684,.F.);
#6013=ORIENTED_EDGE('',*,*,#4685,.F.);
#6014=ORIENTED_EDGE('',*,*,#4686,.F.);
#6015=ORIENTED_EDGE('',*,*,#4687,.F.);
#6016=ORIENTED_EDGE('',*,*,#4688,.F.);
#6017=ORIENTED_EDGE('',*,*,#4689,.F.);
#6018=ORIENTED_EDGE('',*,*,#4690,.F.);
#6019=ORIENTED_EDGE('',*,*,#4691,.T.);
#6020=ORIENTED_EDGE('',*,*,#4692,.T.);
#6021=ORIENTED_EDGE('',*,*,#4693,.T.);
#6022=ORIENTED_EDGE('',*,*,#4694,.T.);
#6023=ORIENTED_EDGE('',*,*,#4695,.T.);
#6024=ORIENTED_EDGE('',*,*,#4696,.T.);
#6025=ORIENTED_EDGE('',*,*,#4697,.T.);
#6026=ORIENTED_EDGE('',*,*,#4698,.T.);
#6027=ORIENTED_EDGE('',*,*,#4699,.T.);
#6028=ORIENTED_EDGE('',*,*,#4700,.T.);
#6029=ORIENTED_EDGE('',*,*,#4701,.T.);
#6030=ORIENTED_EDGE('',*,*,#4702,.T.);
#6031=ORIENTED_EDGE('',*,*,#4703,.T.);
#6032=ORIENTED_EDGE('',*,*,#4704,.T.);
#6033=ORIENTED_EDGE('',*,*,#4705,.T.);
#6034=ORIENTED_EDGE('',*,*,#4706,.T.);
#6035=ORIENTED_EDGE('',*,*,#4707,.T.);
#6036=ORIENTED_EDGE('',*,*,#4708,.T.);
#6037=ORIENTED_EDGE('',*,*,#4709,.T.);
#6038=ORIENTED_EDGE('',*,*,#4710,.T.);
#6039=ORIENTED_EDGE('',*,*,#4711,.T.);
#6040=ORIENTED_EDGE('',*,*,#4712,.T.);
#6041=ORIENTED_EDGE('',*,*,#4713,.T.);
#6042=ORIENTED_EDGE('',*,*,#4714,.T.);
#6043=ORIENTED_EDGE('',*,*,#4715,.T.);
#6044=ORIENTED_EDGE('',*,*,#4716,.T.);
#6045=ORIENTED_EDGE('',*,*,#4717,.T.);
#6046=ORIENTED_EDGE('',*,*,#4718,.T.);
#6047=ORIENTED_EDGE('',*,*,#4719,.T.);
#6048=ORIENTED_EDGE('',*,*,#4720,.T.);
#6049=ORIENTED_EDGE('',*,*,#4721,.T.);
#6050=ORIENTED_EDGE('',*,*,#4722,.T.);
#6051=ORIENTED_EDGE('',*,*,#4723,.T.);
#6052=ORIENTED_EDGE('',*,*,#4724,.T.);
#6053=ORIENTED_EDGE('',*,*,#4725,.T.);
#6054=ORIENTED_EDGE('',*,*,#4726,.T.);
#6055=ORIENTED_EDGE('',*,*,#4727,.T.);
#6056=ORIENTED_EDGE('',*,*,#4728,.T.);
#6057=ORIENTED_EDGE('',*,*,#4729,.T.);
#6058=ORIENTED_EDGE('',*,*,#4730,.T.);
#6059=ORIENTED_EDGE('',*,*,#4731,.T.);
#6060=ORIENTED_EDGE('',*,*,#4732,.T.);
#6061=ORIENTED_EDGE('',*,*,#4733,.T.);
#6062=ORIENTED_EDGE('',*,*,#4734,.T.);
#6063=ORIENTED_EDGE('',*,*,#4735,.F.);
#6064=ORIENTED_EDGE('',*,*,#4736,.F.);
#6065=ORIENTED_EDGE('',*,*,#4737,.F.);
#6066=ORIENTED_EDGE('',*,*,#4738,.F.);
#6067=ORIENTED_EDGE('',*,*,#4739,.F.);
#6068=ORIENTED_EDGE('',*,*,#4740,.F.);
#6069=ORIENTED_EDGE('',*,*,#4741,.F.);
#6070=ORIENTED_EDGE('',*,*,#4742,.F.);
#6071=ORIENTED_EDGE('',*,*,#4743,.F.);
#6072=ORIENTED_EDGE('',*,*,#4744,.F.);
#6073=ORIENTED_EDGE('',*,*,#4745,.F.);
#6074=ORIENTED_EDGE('',*,*,#4746,.F.);
#6075=ORIENTED_EDGE('',*,*,#4747,.F.);
#6076=ORIENTED_EDGE('',*,*,#4748,.F.);
#6077=ORIENTED_EDGE('',*,*,#4749,.F.);
#6078=ORIENTED_EDGE('',*,*,#4750,.F.);
#6079=ORIENTED_EDGE('',*,*,#4751,.F.);
#6080=ORIENTED_EDGE('',*,*,#4752,.F.);
#6081=ORIENTED_EDGE('',*,*,#4753,.F.);
#6082=ORIENTED_EDGE('',*,*,#4754,.F.);
#6083=ORIENTED_EDGE('',*,*,#4755,.F.);
#6084=ORIENTED_EDGE('',*,*,#4756,.F.);
#6085=ORIENTED_EDGE('',*,*,#4757,.F.);
#6086=ORIENTED_EDGE('',*,*,#4758,.F.);
#6087=ORIENTED_EDGE('',*,*,#4759,.F.);
#6088=ORIENTED_EDGE('',*,*,#4760,.F.);
#6089=ORIENTED_EDGE('',*,*,#4761,.F.);
#6090=ORIENTED_EDGE('',*,*,#4762,.F.);
#6091=ORIENTED_EDGE('',*,*,#4763,.F.);
#6092=ORIENTED_EDGE('',*,*,#4764,.F.);
#6093=ORIENTED_EDGE('',*,*,#4765,.F.);
#6094=ORIENTED_EDGE('',*,*,#4766,.F.);
#6095=ORIENTED_EDGE('',*,*,#4767,.F.);
#6096=ORIENTED_EDGE('',*,*,#4768,.F.);
#6097=ORIENTED_EDGE('',*,*,#4769,.F.);
#6098=ORIENTED_EDGE('',*,*,#4770,.F.);
#6099=ORIENTED_EDGE('',*,*,#4771,.F.);
#6100=ORIENTED_EDGE('',*,*,#4772,.F.);
#6101=ORIENTED_EDGE('',*,*,#4773,.F.);
#6102=ORIENTED_EDGE('',*,*,#4774,.F.);
#6103=ORIENTED_EDGE('',*,*,#4775,.F.);
#6104=ORIENTED_EDGE('',*,*,#4776,.F.);
#6105=ORIENTED_EDGE('',*,*,#4777,.F.);
#6106=ORIENTED_EDGE('',*,*,#4778,.F.);
#6107=ORIENTED_EDGE('',*,*,#4779,.F.);
#6108=ORIENTED_EDGE('',*,*,#4780,.F.);
#6109=ORIENTED_EDGE('',*,*,#4781,.F.);
#6110=ORIENTED_EDGE('',*,*,#4782,.F.);
#6111=ORIENTED_EDGE('',*,*,#4783,.F.);
#6112=ORIENTED_EDGE('',*,*,#4784,.F.);
#6113=ORIENTED_EDGE('',*,*,#4785,.F.);
#6114=ORIENTED_EDGE('',*,*,#4786,.F.);
#6115=ORIENTED_EDGE('',*,*,#4510,.T.);
#6116=ORIENTED_EDGE('',*,*,#4787,.T.);
#6117=ORIENTED_EDGE('',*,*,#4788,.T.);
#6118=ORIENTED_EDGE('',*,*,#4787,.F.);
#6119=ORIENTED_EDGE('',*,*,#4789,.F.);
#6120=ORIENTED_EDGE('',*,*,#4790,.F.);
#6121=ORIENTED_EDGE('',*,*,#4791,.T.);
#6122=ORIENTED_EDGE('',*,*,#4788,.F.);
#6123=ORIENTED_EDGE('',*,*,#4791,.F.);
#6124=ORIENTED_EDGE('',*,*,#4614,.T.);
#6125=ORIENTED_EDGE('',*,*,#4792,.T.);
#6126=ORIENTED_EDGE('',*,*,#4793,.T.);
#6127=ORIENTED_EDGE('',*,*,#4792,.F.);
#6128=ORIENTED_EDGE('',*,*,#4794,.F.);
#6129=ORIENTED_EDGE('',*,*,#4795,.F.);
#6130=ORIENTED_EDGE('',*,*,#4796,.T.);
#6131=ORIENTED_EDGE('',*,*,#4793,.F.);
#6132=ORIENTED_EDGE('',*,*,#4796,.F.);
#6133=ORIENTED_EDGE('',*,*,#4511,.T.);
#6134=ORIENTED_EDGE('',*,*,#4797,.T.);
#6135=ORIENTED_EDGE('',*,*,#4798,.T.);
#6136=ORIENTED_EDGE('',*,*,#4797,.F.);
#6137=ORIENTED_EDGE('',*,*,#4799,.F.);
#6138=ORIENTED_EDGE('',*,*,#4800,.F.);
#6139=ORIENTED_EDGE('',*,*,#4801,.T.);
#6140=ORIENTED_EDGE('',*,*,#4798,.F.);
#6141=ORIENTED_EDGE('',*,*,#4801,.F.);
#6142=ORIENTED_EDGE('',*,*,#4613,.T.);
#6143=ORIENTED_EDGE('',*,*,#4802,.T.);
#6144=ORIENTED_EDGE('',*,*,#4803,.T.);
#6145=ORIENTED_EDGE('',*,*,#4802,.F.);
#6146=ORIENTED_EDGE('',*,*,#4804,.F.);
#6147=ORIENTED_EDGE('',*,*,#4805,.F.);
#6148=ORIENTED_EDGE('',*,*,#4806,.T.);
#6149=ORIENTED_EDGE('',*,*,#4803,.F.);
#6150=ORIENTED_EDGE('',*,*,#4806,.F.);
#6151=ORIENTED_EDGE('',*,*,#4512,.T.);
#6152=ORIENTED_EDGE('',*,*,#4807,.T.);
#6153=ORIENTED_EDGE('',*,*,#4808,.T.);
#6154=ORIENTED_EDGE('',*,*,#4807,.F.);
#6155=ORIENTED_EDGE('',*,*,#4809,.F.);
#6156=ORIENTED_EDGE('',*,*,#4810,.F.);
#6157=ORIENTED_EDGE('',*,*,#4811,.T.);
#6158=ORIENTED_EDGE('',*,*,#4808,.F.);
#6159=ORIENTED_EDGE('',*,*,#4811,.F.);
#6160=ORIENTED_EDGE('',*,*,#4612,.T.);
#6161=ORIENTED_EDGE('',*,*,#4812,.T.);
#6162=ORIENTED_EDGE('',*,*,#4813,.T.);
#6163=ORIENTED_EDGE('',*,*,#4812,.F.);
#6164=ORIENTED_EDGE('',*,*,#4814,.F.);
#6165=ORIENTED_EDGE('',*,*,#4815,.F.);
#6166=ORIENTED_EDGE('',*,*,#4816,.T.);
#6167=ORIENTED_EDGE('',*,*,#4813,.F.);
#6168=ORIENTED_EDGE('',*,*,#4816,.F.);
#6169=ORIENTED_EDGE('',*,*,#4513,.T.);
#6170=ORIENTED_EDGE('',*,*,#4817,.T.);
#6171=ORIENTED_EDGE('',*,*,#4818,.T.);
#6172=ORIENTED_EDGE('',*,*,#4817,.F.);
#6173=ORIENTED_EDGE('',*,*,#4819,.F.);
#6174=ORIENTED_EDGE('',*,*,#4820,.F.);
#6175=ORIENTED_EDGE('',*,*,#4821,.T.);
#6176=ORIENTED_EDGE('',*,*,#4818,.F.);
#6177=ORIENTED_EDGE('',*,*,#4821,.F.);
#6178=ORIENTED_EDGE('',*,*,#4611,.T.);
#6179=ORIENTED_EDGE('',*,*,#4822,.T.);
#6180=ORIENTED_EDGE('',*,*,#4823,.T.);
#6181=ORIENTED_EDGE('',*,*,#4822,.F.);
#6182=ORIENTED_EDGE('',*,*,#4824,.F.);
#6183=ORIENTED_EDGE('',*,*,#4825,.F.);
#6184=ORIENTED_EDGE('',*,*,#4826,.T.);
#6185=ORIENTED_EDGE('',*,*,#4823,.F.);
#6186=ORIENTED_EDGE('',*,*,#4826,.F.);
#6187=ORIENTED_EDGE('',*,*,#4514,.T.);
#6188=ORIENTED_EDGE('',*,*,#4827,.T.);
#6189=ORIENTED_EDGE('',*,*,#4828,.T.);
#6190=ORIENTED_EDGE('',*,*,#4827,.F.);
#6191=ORIENTED_EDGE('',*,*,#4829,.F.);
#6192=ORIENTED_EDGE('',*,*,#4830,.F.);
#6193=ORIENTED_EDGE('',*,*,#4831,.T.);
#6194=ORIENTED_EDGE('',*,*,#4828,.F.);
#6195=ORIENTED_EDGE('',*,*,#4831,.F.);
#6196=ORIENTED_EDGE('',*,*,#4610,.T.);
#6197=ORIENTED_EDGE('',*,*,#4832,.T.);
#6198=ORIENTED_EDGE('',*,*,#4833,.T.);
#6199=ORIENTED_EDGE('',*,*,#4832,.F.);
#6200=ORIENTED_EDGE('',*,*,#4834,.F.);
#6201=ORIENTED_EDGE('',*,*,#4835,.F.);
#6202=ORIENTED_EDGE('',*,*,#4836,.T.);
#6203=ORIENTED_EDGE('',*,*,#4833,.F.);
#6204=ORIENTED_EDGE('',*,*,#4836,.F.);
#6205=ORIENTED_EDGE('',*,*,#4515,.T.);
#6206=ORIENTED_EDGE('',*,*,#4837,.T.);
#6207=ORIENTED_EDGE('',*,*,#4838,.T.);
#6208=ORIENTED_EDGE('',*,*,#4837,.F.);
#6209=ORIENTED_EDGE('',*,*,#4839,.F.);
#6210=ORIENTED_EDGE('',*,*,#4840,.F.);
#6211=ORIENTED_EDGE('',*,*,#4841,.T.);
#6212=ORIENTED_EDGE('',*,*,#4838,.F.);
#6213=ORIENTED_EDGE('',*,*,#4841,.F.);
#6214=ORIENTED_EDGE('',*,*,#4609,.T.);
#6215=ORIENTED_EDGE('',*,*,#4842,.T.);
#6216=ORIENTED_EDGE('',*,*,#4843,.T.);
#6217=ORIENTED_EDGE('',*,*,#4842,.F.);
#6218=ORIENTED_EDGE('',*,*,#4844,.F.);
#6219=ORIENTED_EDGE('',*,*,#4845,.F.);
#6220=ORIENTED_EDGE('',*,*,#4846,.T.);
#6221=ORIENTED_EDGE('',*,*,#4843,.F.);
#6222=ORIENTED_EDGE('',*,*,#4846,.F.);
#6223=ORIENTED_EDGE('',*,*,#4516,.T.);
#6224=ORIENTED_EDGE('',*,*,#4847,.T.);
#6225=ORIENTED_EDGE('',*,*,#4848,.T.);
#6226=ORIENTED_EDGE('',*,*,#4847,.F.);
#6227=ORIENTED_EDGE('',*,*,#4849,.F.);
#6228=ORIENTED_EDGE('',*,*,#4850,.F.);
#6229=ORIENTED_EDGE('',*,*,#4851,.T.);
#6230=ORIENTED_EDGE('',*,*,#4848,.F.);
#6231=ORIENTED_EDGE('',*,*,#4851,.F.);
#6232=ORIENTED_EDGE('',*,*,#4608,.T.);
#6233=ORIENTED_EDGE('',*,*,#4852,.T.);
#6234=ORIENTED_EDGE('',*,*,#4853,.T.);
#6235=ORIENTED_EDGE('',*,*,#4852,.F.);
#6236=ORIENTED_EDGE('',*,*,#4854,.F.);
#6237=ORIENTED_EDGE('',*,*,#4855,.F.);
#6238=ORIENTED_EDGE('',*,*,#4856,.T.);
#6239=ORIENTED_EDGE('',*,*,#4853,.F.);
#6240=ORIENTED_EDGE('',*,*,#4856,.F.);
#6241=ORIENTED_EDGE('',*,*,#4517,.T.);
#6242=ORIENTED_EDGE('',*,*,#4857,.T.);
#6243=ORIENTED_EDGE('',*,*,#4858,.T.);
#6244=ORIENTED_EDGE('',*,*,#4857,.F.);
#6245=ORIENTED_EDGE('',*,*,#4859,.F.);
#6246=ORIENTED_EDGE('',*,*,#4860,.F.);
#6247=ORIENTED_EDGE('',*,*,#4861,.T.);
#6248=ORIENTED_EDGE('',*,*,#4858,.F.);
#6249=ORIENTED_EDGE('',*,*,#4861,.F.);
#6250=ORIENTED_EDGE('',*,*,#4607,.T.);
#6251=ORIENTED_EDGE('',*,*,#4862,.T.);
#6252=ORIENTED_EDGE('',*,*,#4863,.T.);
#6253=ORIENTED_EDGE('',*,*,#4862,.F.);
#6254=ORIENTED_EDGE('',*,*,#4864,.F.);
#6255=ORIENTED_EDGE('',*,*,#4865,.F.);
#6256=ORIENTED_EDGE('',*,*,#4866,.T.);
#6257=ORIENTED_EDGE('',*,*,#4863,.F.);
#6258=ORIENTED_EDGE('',*,*,#4866,.F.);
#6259=ORIENTED_EDGE('',*,*,#4518,.T.);
#6260=ORIENTED_EDGE('',*,*,#4867,.T.);
#6261=ORIENTED_EDGE('',*,*,#4868,.T.);
#6262=ORIENTED_EDGE('',*,*,#4867,.F.);
#6263=ORIENTED_EDGE('',*,*,#4869,.F.);
#6264=ORIENTED_EDGE('',*,*,#4870,.F.);
#6265=ORIENTED_EDGE('',*,*,#4871,.T.);
#6266=ORIENTED_EDGE('',*,*,#4868,.F.);
#6267=ORIENTED_EDGE('',*,*,#4871,.F.);
#6268=ORIENTED_EDGE('',*,*,#4606,.T.);
#6269=ORIENTED_EDGE('',*,*,#4872,.T.);
#6270=ORIENTED_EDGE('',*,*,#4873,.T.);
#6271=ORIENTED_EDGE('',*,*,#4872,.F.);
#6272=ORIENTED_EDGE('',*,*,#4874,.F.);
#6273=ORIENTED_EDGE('',*,*,#4875,.F.);
#6274=ORIENTED_EDGE('',*,*,#4876,.T.);
#6275=ORIENTED_EDGE('',*,*,#4873,.F.);
#6276=ORIENTED_EDGE('',*,*,#4876,.F.);
#6277=ORIENTED_EDGE('',*,*,#4519,.T.);
#6278=ORIENTED_EDGE('',*,*,#4877,.T.);
#6279=ORIENTED_EDGE('',*,*,#4878,.T.);
#6280=ORIENTED_EDGE('',*,*,#4877,.F.);
#6281=ORIENTED_EDGE('',*,*,#4879,.F.);
#6282=ORIENTED_EDGE('',*,*,#4880,.F.);
#6283=ORIENTED_EDGE('',*,*,#4881,.T.);
#6284=ORIENTED_EDGE('',*,*,#4878,.F.);
#6285=ORIENTED_EDGE('',*,*,#4881,.F.);
#6286=ORIENTED_EDGE('',*,*,#4605,.T.);
#6287=ORIENTED_EDGE('',*,*,#4882,.T.);
#6288=ORIENTED_EDGE('',*,*,#4883,.T.);
#6289=ORIENTED_EDGE('',*,*,#4882,.F.);
#6290=ORIENTED_EDGE('',*,*,#4884,.F.);
#6291=ORIENTED_EDGE('',*,*,#4885,.F.);
#6292=ORIENTED_EDGE('',*,*,#4886,.T.);
#6293=ORIENTED_EDGE('',*,*,#4883,.F.);
#6294=ORIENTED_EDGE('',*,*,#4886,.F.);
#6295=ORIENTED_EDGE('',*,*,#4520,.T.);
#6296=ORIENTED_EDGE('',*,*,#4887,.T.);
#6297=ORIENTED_EDGE('',*,*,#4888,.T.);
#6298=ORIENTED_EDGE('',*,*,#4887,.F.);
#6299=ORIENTED_EDGE('',*,*,#4889,.F.);
#6300=ORIENTED_EDGE('',*,*,#4890,.F.);
#6301=ORIENTED_EDGE('',*,*,#4891,.T.);
#6302=ORIENTED_EDGE('',*,*,#4888,.F.);
#6303=ORIENTED_EDGE('',*,*,#4891,.F.);
#6304=ORIENTED_EDGE('',*,*,#4604,.T.);
#6305=ORIENTED_EDGE('',*,*,#4892,.T.);
#6306=ORIENTED_EDGE('',*,*,#4893,.T.);
#6307=ORIENTED_EDGE('',*,*,#4892,.F.);
#6308=ORIENTED_EDGE('',*,*,#4894,.F.);
#6309=ORIENTED_EDGE('',*,*,#4895,.F.);
#6310=ORIENTED_EDGE('',*,*,#4896,.T.);
#6311=ORIENTED_EDGE('',*,*,#4893,.F.);
#6312=ORIENTED_EDGE('',*,*,#4896,.F.);
#6313=ORIENTED_EDGE('',*,*,#4521,.T.);
#6314=ORIENTED_EDGE('',*,*,#4897,.T.);
#6315=ORIENTED_EDGE('',*,*,#4898,.T.);
#6316=ORIENTED_EDGE('',*,*,#4897,.F.);
#6317=ORIENTED_EDGE('',*,*,#4899,.F.);
#6318=ORIENTED_EDGE('',*,*,#4900,.F.);
#6319=ORIENTED_EDGE('',*,*,#4901,.T.);
#6320=ORIENTED_EDGE('',*,*,#4898,.F.);
#6321=ORIENTED_EDGE('',*,*,#4901,.F.);
#6322=ORIENTED_EDGE('',*,*,#4603,.T.);
#6323=ORIENTED_EDGE('',*,*,#4902,.T.);
#6324=ORIENTED_EDGE('',*,*,#4903,.T.);
#6325=ORIENTED_EDGE('',*,*,#4902,.F.);
#6326=ORIENTED_EDGE('',*,*,#4904,.F.);
#6327=ORIENTED_EDGE('',*,*,#4905,.F.);
#6328=ORIENTED_EDGE('',*,*,#4906,.T.);
#6329=ORIENTED_EDGE('',*,*,#4903,.F.);
#6330=ORIENTED_EDGE('',*,*,#4906,.F.);
#6331=ORIENTED_EDGE('',*,*,#4522,.T.);
#6332=ORIENTED_EDGE('',*,*,#4907,.T.);
#6333=ORIENTED_EDGE('',*,*,#4908,.T.);
#6334=ORIENTED_EDGE('',*,*,#4907,.F.);
#6335=ORIENTED_EDGE('',*,*,#4909,.F.);
#6336=ORIENTED_EDGE('',*,*,#4910,.F.);
#6337=ORIENTED_EDGE('',*,*,#4911,.T.);
#6338=ORIENTED_EDGE('',*,*,#4908,.F.);
#6339=ORIENTED_EDGE('',*,*,#4911,.F.);
#6340=ORIENTED_EDGE('',*,*,#4602,.T.);
#6341=ORIENTED_EDGE('',*,*,#4912,.T.);
#6342=ORIENTED_EDGE('',*,*,#4913,.T.);
#6343=ORIENTED_EDGE('',*,*,#4912,.F.);
#6344=ORIENTED_EDGE('',*,*,#4914,.F.);
#6345=ORIENTED_EDGE('',*,*,#4915,.F.);
#6346=ORIENTED_EDGE('',*,*,#4916,.T.);
#6347=ORIENTED_EDGE('',*,*,#4913,.F.);
#6348=ORIENTED_EDGE('',*,*,#4916,.F.);
#6349=ORIENTED_EDGE('',*,*,#4523,.T.);
#6350=ORIENTED_EDGE('',*,*,#4917,.T.);
#6351=ORIENTED_EDGE('',*,*,#4918,.T.);
#6352=ORIENTED_EDGE('',*,*,#4917,.F.);
#6353=ORIENTED_EDGE('',*,*,#4919,.F.);
#6354=ORIENTED_EDGE('',*,*,#4920,.F.);
#6355=ORIENTED_EDGE('',*,*,#4921,.T.);
#6356=ORIENTED_EDGE('',*,*,#4918,.F.);
#6357=ORIENTED_EDGE('',*,*,#4921,.F.);
#6358=ORIENTED_EDGE('',*,*,#4601,.T.);
#6359=ORIENTED_EDGE('',*,*,#4922,.T.);
#6360=ORIENTED_EDGE('',*,*,#4923,.T.);
#6361=ORIENTED_EDGE('',*,*,#4922,.F.);
#6362=ORIENTED_EDGE('',*,*,#4924,.F.);
#6363=ORIENTED_EDGE('',*,*,#4925,.F.);
#6364=ORIENTED_EDGE('',*,*,#4926,.T.);
#6365=ORIENTED_EDGE('',*,*,#4923,.F.);
#6366=ORIENTED_EDGE('',*,*,#4926,.F.);
#6367=ORIENTED_EDGE('',*,*,#4524,.T.);
#6368=ORIENTED_EDGE('',*,*,#4927,.T.);
#6369=ORIENTED_EDGE('',*,*,#4928,.T.);
#6370=ORIENTED_EDGE('',*,*,#4927,.F.);
#6371=ORIENTED_EDGE('',*,*,#4929,.F.);
#6372=ORIENTED_EDGE('',*,*,#4930,.F.);
#6373=ORIENTED_EDGE('',*,*,#4931,.T.);
#6374=ORIENTED_EDGE('',*,*,#4928,.F.);
#6375=ORIENTED_EDGE('',*,*,#4931,.F.);
#6376=ORIENTED_EDGE('',*,*,#4600,.T.);
#6377=ORIENTED_EDGE('',*,*,#4932,.T.);
#6378=ORIENTED_EDGE('',*,*,#4933,.T.);
#6379=ORIENTED_EDGE('',*,*,#4932,.F.);
#6380=ORIENTED_EDGE('',*,*,#4934,.F.);
#6381=ORIENTED_EDGE('',*,*,#4935,.F.);
#6382=ORIENTED_EDGE('',*,*,#4936,.T.);
#6383=ORIENTED_EDGE('',*,*,#4933,.F.);
#6384=ORIENTED_EDGE('',*,*,#4936,.F.);
#6385=ORIENTED_EDGE('',*,*,#4638,.T.);
#6386=ORIENTED_EDGE('',*,*,#4937,.T.);
#6387=ORIENTED_EDGE('',*,*,#4859,.T.);
#6388=ORIENTED_EDGE('',*,*,#4860,.T.);
#6389=ORIENTED_EDGE('',*,*,#4937,.F.);
#6390=ORIENTED_EDGE('',*,*,#4786,.T.);
#6391=ORIENTED_EDGE('',*,*,#4938,.T.);
#6392=ORIENTED_EDGE('',*,*,#4854,.T.);
#6393=ORIENTED_EDGE('',*,*,#4855,.T.);
#6394=ORIENTED_EDGE('',*,*,#4938,.F.);
#6395=ORIENTED_EDGE('',*,*,#4639,.T.);
#6396=ORIENTED_EDGE('',*,*,#4939,.T.);
#6397=ORIENTED_EDGE('',*,*,#4849,.T.);
#6398=ORIENTED_EDGE('',*,*,#4850,.T.);
#6399=ORIENTED_EDGE('',*,*,#4939,.F.);
#6400=ORIENTED_EDGE('',*,*,#4785,.T.);
#6401=ORIENTED_EDGE('',*,*,#4940,.T.);
#6402=ORIENTED_EDGE('',*,*,#4844,.T.);
#6403=ORIENTED_EDGE('',*,*,#4845,.T.);
#6404=ORIENTED_EDGE('',*,*,#4940,.F.);
#6405=ORIENTED_EDGE('',*,*,#4640,.T.);
#6406=ORIENTED_EDGE('',*,*,#4941,.T.);
#6407=ORIENTED_EDGE('',*,*,#4839,.T.);
#6408=ORIENTED_EDGE('',*,*,#4840,.T.);
#6409=ORIENTED_EDGE('',*,*,#4941,.F.);
#6410=ORIENTED_EDGE('',*,*,#4784,.T.);
#6411=ORIENTED_EDGE('',*,*,#4942,.T.);
#6412=ORIENTED_EDGE('',*,*,#4834,.T.);
#6413=ORIENTED_EDGE('',*,*,#4835,.T.);
#6414=ORIENTED_EDGE('',*,*,#4942,.F.);
#6415=ORIENTED_EDGE('',*,*,#4641,.T.);
#6416=ORIENTED_EDGE('',*,*,#4943,.T.);
#6417=ORIENTED_EDGE('',*,*,#4829,.T.);
#6418=ORIENTED_EDGE('',*,*,#4830,.T.);
#6419=ORIENTED_EDGE('',*,*,#4943,.F.);
#6420=ORIENTED_EDGE('',*,*,#4783,.T.);
#6421=ORIENTED_EDGE('',*,*,#4944,.T.);
#6422=ORIENTED_EDGE('',*,*,#4824,.T.);
#6423=ORIENTED_EDGE('',*,*,#4825,.T.);
#6424=ORIENTED_EDGE('',*,*,#4944,.F.);
#6425=ORIENTED_EDGE('',*,*,#4642,.T.);
#6426=ORIENTED_EDGE('',*,*,#4945,.T.);
#6427=ORIENTED_EDGE('',*,*,#4819,.T.);
#6428=ORIENTED_EDGE('',*,*,#4820,.T.);
#6429=ORIENTED_EDGE('',*,*,#4945,.F.);
#6430=ORIENTED_EDGE('',*,*,#4782,.T.);
#6431=ORIENTED_EDGE('',*,*,#4946,.T.);
#6432=ORIENTED_EDGE('',*,*,#4814,.T.);
#6433=ORIENTED_EDGE('',*,*,#4815,.T.);
#6434=ORIENTED_EDGE('',*,*,#4946,.F.);
#6435=ORIENTED_EDGE('',*,*,#4643,.T.);
#6436=ORIENTED_EDGE('',*,*,#4947,.T.);
#6437=ORIENTED_EDGE('',*,*,#4809,.T.);
#6438=ORIENTED_EDGE('',*,*,#4810,.T.);
#6439=ORIENTED_EDGE('',*,*,#4947,.F.);
#6440=ORIENTED_EDGE('',*,*,#4781,.T.);
#6441=ORIENTED_EDGE('',*,*,#4948,.T.);
#6442=ORIENTED_EDGE('',*,*,#4804,.T.);
#6443=ORIENTED_EDGE('',*,*,#4805,.T.);
#6444=ORIENTED_EDGE('',*,*,#4948,.F.);
#6445=ORIENTED_EDGE('',*,*,#4644,.T.);
#6446=ORIENTED_EDGE('',*,*,#4949,.T.);
#6447=ORIENTED_EDGE('',*,*,#4799,.T.);
#6448=ORIENTED_EDGE('',*,*,#4800,.T.);
#6449=ORIENTED_EDGE('',*,*,#4949,.F.);
#6450=ORIENTED_EDGE('',*,*,#4780,.T.);
#6451=ORIENTED_EDGE('',*,*,#4950,.T.);
#6452=ORIENTED_EDGE('',*,*,#4794,.T.);
#6453=ORIENTED_EDGE('',*,*,#4795,.T.);
#6454=ORIENTED_EDGE('',*,*,#4950,.F.);
#6455=ORIENTED_EDGE('',*,*,#4645,.T.);
#6456=ORIENTED_EDGE('',*,*,#4951,.T.);
#6457=ORIENTED_EDGE('',*,*,#4789,.T.);
#6458=ORIENTED_EDGE('',*,*,#4790,.T.);
#6459=ORIENTED_EDGE('',*,*,#4951,.F.);
#6460=ORIENTED_EDGE('',*,*,#4779,.T.);
#6461=ORIENTED_EDGE('',*,*,#4952,.T.);
#6462=ORIENTED_EDGE('',*,*,#4934,.T.);
#6463=ORIENTED_EDGE('',*,*,#4935,.T.);
#6464=ORIENTED_EDGE('',*,*,#4952,.F.);
#6465=ORIENTED_EDGE('',*,*,#4646,.T.);
#6466=ORIENTED_EDGE('',*,*,#4953,.T.);
#6467=ORIENTED_EDGE('',*,*,#4929,.T.);
#6468=ORIENTED_EDGE('',*,*,#4930,.T.);
#6469=ORIENTED_EDGE('',*,*,#4953,.F.);
#6470=ORIENTED_EDGE('',*,*,#4778,.T.);
#6471=ORIENTED_EDGE('',*,*,#4954,.T.);
#6472=ORIENTED_EDGE('',*,*,#4924,.T.);
#6473=ORIENTED_EDGE('',*,*,#4925,.T.);
#6474=ORIENTED_EDGE('',*,*,#4954,.F.);
#6475=ORIENTED_EDGE('',*,*,#4647,.T.);
#6476=ORIENTED_EDGE('',*,*,#4955,.T.);
#6477=ORIENTED_EDGE('',*,*,#4919,.T.);
#6478=ORIENTED_EDGE('',*,*,#4920,.T.);
#6479=ORIENTED_EDGE('',*,*,#4955,.F.);
#6480=ORIENTED_EDGE('',*,*,#4777,.T.);
#6481=ORIENTED_EDGE('',*,*,#4956,.T.);
#6482=ORIENTED_EDGE('',*,*,#4914,.T.);
#6483=ORIENTED_EDGE('',*,*,#4915,.T.);
#6484=ORIENTED_EDGE('',*,*,#4956,.F.);
#6485=ORIENTED_EDGE('',*,*,#4648,.T.);
#6486=ORIENTED_EDGE('',*,*,#4957,.T.);
#6487=ORIENTED_EDGE('',*,*,#4909,.T.);
#6488=ORIENTED_EDGE('',*,*,#4910,.T.);
#6489=ORIENTED_EDGE('',*,*,#4957,.F.);
#6490=ORIENTED_EDGE('',*,*,#4776,.T.);
#6491=ORIENTED_EDGE('',*,*,#4958,.T.);
#6492=ORIENTED_EDGE('',*,*,#4904,.T.);
#6493=ORIENTED_EDGE('',*,*,#4905,.T.);
#6494=ORIENTED_EDGE('',*,*,#4958,.F.);
#6495=ORIENTED_EDGE('',*,*,#4649,.T.);
#6496=ORIENTED_EDGE('',*,*,#4959,.T.);
#6497=ORIENTED_EDGE('',*,*,#4899,.T.);
#6498=ORIENTED_EDGE('',*,*,#4900,.T.);
#6499=ORIENTED_EDGE('',*,*,#4959,.F.);
#6500=ORIENTED_EDGE('',*,*,#4775,.T.);
#6501=ORIENTED_EDGE('',*,*,#4960,.T.);
#6502=ORIENTED_EDGE('',*,*,#4894,.T.);
#6503=ORIENTED_EDGE('',*,*,#4895,.T.);
#6504=ORIENTED_EDGE('',*,*,#4960,.F.);
#6505=ORIENTED_EDGE('',*,*,#4650,.T.);
#6506=ORIENTED_EDGE('',*,*,#4961,.T.);
#6507=ORIENTED_EDGE('',*,*,#4889,.T.);
#6508=ORIENTED_EDGE('',*,*,#4890,.T.);
#6509=ORIENTED_EDGE('',*,*,#4961,.F.);
#6510=ORIENTED_EDGE('',*,*,#4774,.T.);
#6511=ORIENTED_EDGE('',*,*,#4962,.T.);
#6512=ORIENTED_EDGE('',*,*,#4884,.T.);
#6513=ORIENTED_EDGE('',*,*,#4885,.T.);
#6514=ORIENTED_EDGE('',*,*,#4962,.F.);
#6515=ORIENTED_EDGE('',*,*,#4651,.T.);
#6516=ORIENTED_EDGE('',*,*,#4963,.T.);
#6517=ORIENTED_EDGE('',*,*,#4879,.T.);
#6518=ORIENTED_EDGE('',*,*,#4880,.T.);
#6519=ORIENTED_EDGE('',*,*,#4963,.F.);
#6520=ORIENTED_EDGE('',*,*,#4773,.T.);
#6521=ORIENTED_EDGE('',*,*,#4964,.T.);
#6522=ORIENTED_EDGE('',*,*,#4874,.T.);
#6523=ORIENTED_EDGE('',*,*,#4875,.T.);
#6524=ORIENTED_EDGE('',*,*,#4964,.F.);
#6525=ORIENTED_EDGE('',*,*,#4652,.T.);
#6526=ORIENTED_EDGE('',*,*,#4965,.T.);
#6527=ORIENTED_EDGE('',*,*,#4869,.T.);
#6528=ORIENTED_EDGE('',*,*,#4870,.T.);
#6529=ORIENTED_EDGE('',*,*,#4965,.F.);
#6530=ORIENTED_EDGE('',*,*,#4772,.T.);
#6531=ORIENTED_EDGE('',*,*,#4966,.T.);
#6532=ORIENTED_EDGE('',*,*,#4864,.T.);
#6533=ORIENTED_EDGE('',*,*,#4865,.T.);
#6534=ORIENTED_EDGE('',*,*,#4966,.F.);
#6535=ORIENTED_EDGE('',*,*,#4653,.T.);
#6536=ORIENTED_EDGE('',*,*,#4967,.T.);
#6537=ORIENTED_EDGE('',*,*,#4968,.T.);
#6538=ORIENTED_EDGE('',*,*,#4969,.T.);
#6539=ORIENTED_EDGE('',*,*,#4967,.F.);
#6540=ORIENTED_EDGE('',*,*,#4968,.F.);
#6541=ORIENTED_EDGE('',*,*,#4969,.F.);
#6542=ORIENTED_EDGE('',*,*,#4970,.T.);
#6543=ORIENTED_EDGE('',*,*,#4971,.F.);
#6544=ORIENTED_EDGE('',*,*,#4970,.F.);
#6545=ORIENTED_EDGE('',*,*,#4771,.T.);
#6546=ORIENTED_EDGE('',*,*,#4972,.T.);
#6547=ORIENTED_EDGE('',*,*,#4973,.T.);
#6548=ORIENTED_EDGE('',*,*,#4974,.T.);
#6549=ORIENTED_EDGE('',*,*,#4972,.F.);
#6550=ORIENTED_EDGE('',*,*,#4973,.F.);
#6551=ORIENTED_EDGE('',*,*,#4974,.F.);
#6552=ORIENTED_EDGE('',*,*,#4975,.T.);
#6553=ORIENTED_EDGE('',*,*,#4976,.F.);
#6554=ORIENTED_EDGE('',*,*,#4975,.F.);
#6555=ORIENTED_EDGE('',*,*,#4654,.T.);
#6556=ORIENTED_EDGE('',*,*,#4977,.T.);
#6557=ORIENTED_EDGE('',*,*,#4978,.T.);
#6558=ORIENTED_EDGE('',*,*,#4979,.T.);
#6559=ORIENTED_EDGE('',*,*,#4977,.F.);
#6560=ORIENTED_EDGE('',*,*,#4978,.F.);
#6561=ORIENTED_EDGE('',*,*,#4979,.F.);
#6562=ORIENTED_EDGE('',*,*,#4980,.T.);
#6563=ORIENTED_EDGE('',*,*,#4981,.F.);
#6564=ORIENTED_EDGE('',*,*,#4980,.F.);
#6565=ORIENTED_EDGE('',*,*,#4770,.T.);
#6566=ORIENTED_EDGE('',*,*,#4982,.T.);
#6567=ORIENTED_EDGE('',*,*,#4983,.T.);
#6568=ORIENTED_EDGE('',*,*,#4984,.T.);
#6569=ORIENTED_EDGE('',*,*,#4982,.F.);
#6570=ORIENTED_EDGE('',*,*,#4983,.F.);
#6571=ORIENTED_EDGE('',*,*,#4984,.F.);
#6572=ORIENTED_EDGE('',*,*,#4985,.T.);
#6573=ORIENTED_EDGE('',*,*,#4986,.F.);
#6574=ORIENTED_EDGE('',*,*,#4985,.F.);
#6575=ORIENTED_EDGE('',*,*,#4655,.T.);
#6576=ORIENTED_EDGE('',*,*,#4987,.T.);
#6577=ORIENTED_EDGE('',*,*,#4988,.T.);
#6578=ORIENTED_EDGE('',*,*,#4989,.T.);
#6579=ORIENTED_EDGE('',*,*,#4987,.F.);
#6580=ORIENTED_EDGE('',*,*,#4988,.F.);
#6581=ORIENTED_EDGE('',*,*,#4989,.F.);
#6582=ORIENTED_EDGE('',*,*,#4990,.T.);
#6583=ORIENTED_EDGE('',*,*,#4991,.F.);
#6584=ORIENTED_EDGE('',*,*,#4990,.F.);
#6585=ORIENTED_EDGE('',*,*,#4769,.T.);
#6586=ORIENTED_EDGE('',*,*,#4992,.T.);
#6587=ORIENTED_EDGE('',*,*,#4993,.T.);
#6588=ORIENTED_EDGE('',*,*,#4994,.T.);
#6589=ORIENTED_EDGE('',*,*,#4992,.F.);
#6590=ORIENTED_EDGE('',*,*,#4993,.F.);
#6591=ORIENTED_EDGE('',*,*,#4994,.F.);
#6592=ORIENTED_EDGE('',*,*,#4995,.T.);
#6593=ORIENTED_EDGE('',*,*,#4996,.F.);
#6594=ORIENTED_EDGE('',*,*,#4995,.F.);
#6595=ORIENTED_EDGE('',*,*,#4656,.T.);
#6596=ORIENTED_EDGE('',*,*,#4997,.T.);
#6597=ORIENTED_EDGE('',*,*,#4998,.T.);
#6598=ORIENTED_EDGE('',*,*,#4999,.T.);
#6599=ORIENTED_EDGE('',*,*,#4997,.F.);
#6600=ORIENTED_EDGE('',*,*,#4998,.F.);
#6601=ORIENTED_EDGE('',*,*,#4999,.F.);
#6602=ORIENTED_EDGE('',*,*,#5000,.T.);
#6603=ORIENTED_EDGE('',*,*,#5001,.F.);
#6604=ORIENTED_EDGE('',*,*,#5000,.F.);
#6605=ORIENTED_EDGE('',*,*,#4768,.T.);
#6606=ORIENTED_EDGE('',*,*,#5002,.T.);
#6607=ORIENTED_EDGE('',*,*,#5003,.T.);
#6608=ORIENTED_EDGE('',*,*,#5004,.T.);
#6609=ORIENTED_EDGE('',*,*,#5002,.F.);
#6610=ORIENTED_EDGE('',*,*,#5003,.F.);
#6611=ORIENTED_EDGE('',*,*,#5004,.F.);
#6612=ORIENTED_EDGE('',*,*,#5005,.T.);
#6613=ORIENTED_EDGE('',*,*,#5006,.F.);
#6614=ORIENTED_EDGE('',*,*,#5005,.F.);
#6615=ORIENTED_EDGE('',*,*,#4657,.T.);
#6616=ORIENTED_EDGE('',*,*,#5007,.T.);
#6617=ORIENTED_EDGE('',*,*,#5008,.T.);
#6618=ORIENTED_EDGE('',*,*,#5009,.T.);
#6619=ORIENTED_EDGE('',*,*,#5007,.F.);
#6620=ORIENTED_EDGE('',*,*,#5008,.F.);
#6621=ORIENTED_EDGE('',*,*,#5009,.F.);
#6622=ORIENTED_EDGE('',*,*,#5010,.T.);
#6623=ORIENTED_EDGE('',*,*,#5011,.F.);
#6624=ORIENTED_EDGE('',*,*,#5010,.F.);
#6625=ORIENTED_EDGE('',*,*,#4767,.T.);
#6626=ORIENTED_EDGE('',*,*,#5012,.T.);
#6627=ORIENTED_EDGE('',*,*,#5013,.T.);
#6628=ORIENTED_EDGE('',*,*,#5014,.T.);
#6629=ORIENTED_EDGE('',*,*,#5012,.F.);
#6630=ORIENTED_EDGE('',*,*,#5013,.F.);
#6631=ORIENTED_EDGE('',*,*,#5014,.F.);
#6632=ORIENTED_EDGE('',*,*,#5015,.T.);
#6633=ORIENTED_EDGE('',*,*,#5016,.F.);
#6634=ORIENTED_EDGE('',*,*,#5015,.F.);
#6635=ORIENTED_EDGE('',*,*,#4658,.T.);
#6636=ORIENTED_EDGE('',*,*,#5017,.T.);
#6637=ORIENTED_EDGE('',*,*,#5018,.T.);
#6638=ORIENTED_EDGE('',*,*,#5019,.T.);
#6639=ORIENTED_EDGE('',*,*,#5017,.F.);
#6640=ORIENTED_EDGE('',*,*,#5018,.F.);
#6641=ORIENTED_EDGE('',*,*,#5019,.F.);
#6642=ORIENTED_EDGE('',*,*,#5020,.T.);
#6643=ORIENTED_EDGE('',*,*,#5021,.F.);
#6644=ORIENTED_EDGE('',*,*,#5020,.F.);
#6645=ORIENTED_EDGE('',*,*,#4766,.T.);
#6646=ORIENTED_EDGE('',*,*,#5022,.T.);
#6647=ORIENTED_EDGE('',*,*,#5023,.T.);
#6648=ORIENTED_EDGE('',*,*,#5024,.T.);
#6649=ORIENTED_EDGE('',*,*,#5022,.F.);
#6650=ORIENTED_EDGE('',*,*,#5023,.F.);
#6651=ORIENTED_EDGE('',*,*,#5024,.F.);
#6652=ORIENTED_EDGE('',*,*,#5025,.T.);
#6653=ORIENTED_EDGE('',*,*,#5026,.F.);
#6654=ORIENTED_EDGE('',*,*,#5025,.F.);
#6655=ORIENTED_EDGE('',*,*,#4659,.T.);
#6656=ORIENTED_EDGE('',*,*,#5027,.T.);
#6657=ORIENTED_EDGE('',*,*,#5028,.T.);
#6658=ORIENTED_EDGE('',*,*,#5029,.T.);
#6659=ORIENTED_EDGE('',*,*,#5027,.F.);
#6660=ORIENTED_EDGE('',*,*,#5028,.F.);
#6661=ORIENTED_EDGE('',*,*,#5029,.F.);
#6662=ORIENTED_EDGE('',*,*,#5030,.T.);
#6663=ORIENTED_EDGE('',*,*,#5031,.F.);
#6664=ORIENTED_EDGE('',*,*,#5030,.F.);
#6665=ORIENTED_EDGE('',*,*,#4765,.T.);
#6666=ORIENTED_EDGE('',*,*,#5032,.T.);
#6667=ORIENTED_EDGE('',*,*,#5033,.T.);
#6668=ORIENTED_EDGE('',*,*,#5034,.T.);
#6669=ORIENTED_EDGE('',*,*,#5032,.F.);
#6670=ORIENTED_EDGE('',*,*,#5033,.F.);
#6671=ORIENTED_EDGE('',*,*,#5034,.F.);
#6672=ORIENTED_EDGE('',*,*,#5035,.T.);
#6673=ORIENTED_EDGE('',*,*,#5036,.F.);
#6674=ORIENTED_EDGE('',*,*,#5035,.F.);
#6675=ORIENTED_EDGE('',*,*,#4660,.T.);
#6676=ORIENTED_EDGE('',*,*,#5037,.T.);
#6677=ORIENTED_EDGE('',*,*,#5038,.T.);
#6678=ORIENTED_EDGE('',*,*,#5039,.T.);
#6679=ORIENTED_EDGE('',*,*,#5037,.F.);
#6680=ORIENTED_EDGE('',*,*,#5038,.F.);
#6681=ORIENTED_EDGE('',*,*,#5039,.F.);
#6682=ORIENTED_EDGE('',*,*,#5040,.T.);
#6683=ORIENTED_EDGE('',*,*,#5041,.F.);
#6684=ORIENTED_EDGE('',*,*,#5040,.F.);
#6685=ORIENTED_EDGE('',*,*,#4764,.T.);
#6686=ORIENTED_EDGE('',*,*,#5042,.T.);
#6687=ORIENTED_EDGE('',*,*,#5043,.T.);
#6688=ORIENTED_EDGE('',*,*,#5044,.T.);
#6689=ORIENTED_EDGE('',*,*,#5042,.F.);
#6690=ORIENTED_EDGE('',*,*,#5043,.F.);
#6691=ORIENTED_EDGE('',*,*,#5044,.F.);
#6692=ORIENTED_EDGE('',*,*,#5045,.T.);
#6693=ORIENTED_EDGE('',*,*,#5046,.F.);
#6694=ORIENTED_EDGE('',*,*,#5045,.F.);
#6695=ORIENTED_EDGE('',*,*,#4661,.T.);
#6696=ORIENTED_EDGE('',*,*,#5047,.T.);
#6697=ORIENTED_EDGE('',*,*,#5048,.T.);
#6698=ORIENTED_EDGE('',*,*,#5049,.T.);
#6699=ORIENTED_EDGE('',*,*,#5047,.F.);
#6700=ORIENTED_EDGE('',*,*,#5048,.F.);
#6701=ORIENTED_EDGE('',*,*,#5049,.F.);
#6702=ORIENTED_EDGE('',*,*,#5050,.T.);
#6703=ORIENTED_EDGE('',*,*,#5051,.F.);
#6704=ORIENTED_EDGE('',*,*,#5050,.F.);
#6705=ORIENTED_EDGE('',*,*,#4763,.T.);
#6706=ORIENTED_EDGE('',*,*,#5052,.T.);
#6707=ORIENTED_EDGE('',*,*,#5053,.T.);
#6708=ORIENTED_EDGE('',*,*,#5054,.T.);
#6709=ORIENTED_EDGE('',*,*,#5052,.F.);
#6710=ORIENTED_EDGE('',*,*,#5053,.F.);
#6711=ORIENTED_EDGE('',*,*,#5054,.F.);
#6712=ORIENTED_EDGE('',*,*,#5055,.T.);
#6713=ORIENTED_EDGE('',*,*,#5056,.F.);
#6714=ORIENTED_EDGE('',*,*,#5055,.F.);
#6715=ORIENTED_EDGE('',*,*,#4662,.T.);
#6716=ORIENTED_EDGE('',*,*,#5057,.T.);
#6717=ORIENTED_EDGE('',*,*,#5058,.T.);
#6718=ORIENTED_EDGE('',*,*,#5059,.T.);
#6719=ORIENTED_EDGE('',*,*,#5057,.F.);
#6720=ORIENTED_EDGE('',*,*,#5058,.F.);
#6721=ORIENTED_EDGE('',*,*,#5059,.F.);
#6722=ORIENTED_EDGE('',*,*,#5060,.T.);
#6723=ORIENTED_EDGE('',*,*,#5061,.F.);
#6724=ORIENTED_EDGE('',*,*,#5060,.F.);
#6725=ORIENTED_EDGE('',*,*,#4762,.T.);
#6726=ORIENTED_EDGE('',*,*,#5062,.T.);
#6727=ORIENTED_EDGE('',*,*,#5063,.T.);
#6728=ORIENTED_EDGE('',*,*,#5064,.T.);
#6729=ORIENTED_EDGE('',*,*,#5062,.F.);
#6730=ORIENTED_EDGE('',*,*,#5063,.F.);
#6731=ORIENTED_EDGE('',*,*,#5064,.F.);
#6732=ORIENTED_EDGE('',*,*,#5065,.T.);
#6733=ORIENTED_EDGE('',*,*,#5066,.F.);
#6734=ORIENTED_EDGE('',*,*,#5065,.F.);
#6735=ORIENTED_EDGE('',*,*,#4663,.T.);
#6736=ORIENTED_EDGE('',*,*,#5067,.T.);
#6737=ORIENTED_EDGE('',*,*,#5068,.T.);
#6738=ORIENTED_EDGE('',*,*,#5069,.T.);
#6739=ORIENTED_EDGE('',*,*,#5067,.F.);
#6740=ORIENTED_EDGE('',*,*,#5068,.F.);
#6741=ORIENTED_EDGE('',*,*,#5069,.F.);
#6742=ORIENTED_EDGE('',*,*,#5070,.T.);
#6743=ORIENTED_EDGE('',*,*,#5071,.F.);
#6744=ORIENTED_EDGE('',*,*,#5070,.F.);
#6745=ORIENTED_EDGE('',*,*,#4761,.T.);
#6746=ORIENTED_EDGE('',*,*,#5072,.T.);
#6747=ORIENTED_EDGE('',*,*,#5073,.T.);
#6748=ORIENTED_EDGE('',*,*,#5074,.T.);
#6749=ORIENTED_EDGE('',*,*,#5072,.F.);
#6750=ORIENTED_EDGE('',*,*,#5073,.F.);
#6751=ORIENTED_EDGE('',*,*,#5074,.F.);
#6752=ORIENTED_EDGE('',*,*,#5075,.T.);
#6753=ORIENTED_EDGE('',*,*,#5076,.F.);
#6754=ORIENTED_EDGE('',*,*,#5075,.F.);
#6755=ORIENTED_EDGE('',*,*,#4664,.T.);
#6756=ORIENTED_EDGE('',*,*,#5077,.T.);
#6757=ORIENTED_EDGE('',*,*,#5078,.T.);
#6758=ORIENTED_EDGE('',*,*,#5079,.T.);
#6759=ORIENTED_EDGE('',*,*,#5077,.F.);
#6760=ORIENTED_EDGE('',*,*,#5078,.F.);
#6761=ORIENTED_EDGE('',*,*,#5079,.F.);
#6762=ORIENTED_EDGE('',*,*,#5080,.T.);
#6763=ORIENTED_EDGE('',*,*,#5081,.F.);
#6764=ORIENTED_EDGE('',*,*,#5080,.F.);
#6765=ORIENTED_EDGE('',*,*,#4760,.T.);
#6766=ORIENTED_EDGE('',*,*,#5082,.T.);
#6767=ORIENTED_EDGE('',*,*,#5083,.T.);
#6768=ORIENTED_EDGE('',*,*,#5084,.T.);
#6769=ORIENTED_EDGE('',*,*,#5082,.F.);
#6770=ORIENTED_EDGE('',*,*,#5083,.F.);
#6771=ORIENTED_EDGE('',*,*,#5084,.F.);
#6772=ORIENTED_EDGE('',*,*,#5085,.T.);
#6773=ORIENTED_EDGE('',*,*,#5086,.F.);
#6774=ORIENTED_EDGE('',*,*,#5085,.F.);
#6775=ORIENTED_EDGE('',*,*,#4665,.T.);
#6776=ORIENTED_EDGE('',*,*,#5087,.T.);
#6777=ORIENTED_EDGE('',*,*,#5088,.T.);
#6778=ORIENTED_EDGE('',*,*,#5089,.T.);
#6779=ORIENTED_EDGE('',*,*,#5087,.F.);
#6780=ORIENTED_EDGE('',*,*,#5088,.F.);
#6781=ORIENTED_EDGE('',*,*,#5089,.F.);
#6782=ORIENTED_EDGE('',*,*,#5090,.T.);
#6783=ORIENTED_EDGE('',*,*,#5091,.F.);
#6784=ORIENTED_EDGE('',*,*,#5090,.F.);
#6785=ORIENTED_EDGE('',*,*,#4759,.T.);
#6786=ORIENTED_EDGE('',*,*,#5092,.T.);
#6787=ORIENTED_EDGE('',*,*,#5093,.T.);
#6788=ORIENTED_EDGE('',*,*,#5094,.T.);
#6789=ORIENTED_EDGE('',*,*,#5092,.F.);
#6790=ORIENTED_EDGE('',*,*,#5093,.F.);
#6791=ORIENTED_EDGE('',*,*,#5094,.F.);
#6792=ORIENTED_EDGE('',*,*,#5095,.T.);
#6793=ORIENTED_EDGE('',*,*,#5096,.F.);
#6794=ORIENTED_EDGE('',*,*,#5095,.F.);
#6795=ORIENTED_EDGE('',*,*,#4666,.T.);
#6796=ORIENTED_EDGE('',*,*,#5097,.T.);
#6797=ORIENTED_EDGE('',*,*,#5098,.T.);
#6798=ORIENTED_EDGE('',*,*,#5099,.T.);
#6799=ORIENTED_EDGE('',*,*,#5097,.F.);
#6800=ORIENTED_EDGE('',*,*,#5098,.F.);
#6801=ORIENTED_EDGE('',*,*,#5099,.F.);
#6802=ORIENTED_EDGE('',*,*,#5100,.T.);
#6803=ORIENTED_EDGE('',*,*,#5101,.F.);
#6804=ORIENTED_EDGE('',*,*,#5100,.F.);
#6805=ORIENTED_EDGE('',*,*,#4758,.T.);
#6806=ORIENTED_EDGE('',*,*,#5102,.T.);
#6807=ORIENTED_EDGE('',*,*,#5103,.T.);
#6808=ORIENTED_EDGE('',*,*,#5104,.T.);
#6809=ORIENTED_EDGE('',*,*,#5102,.F.);
#6810=ORIENTED_EDGE('',*,*,#5103,.F.);
#6811=ORIENTED_EDGE('',*,*,#5104,.F.);
#6812=ORIENTED_EDGE('',*,*,#5105,.T.);
#6813=ORIENTED_EDGE('',*,*,#5106,.F.);
#6814=ORIENTED_EDGE('',*,*,#5105,.F.);
#6815=ORIENTED_EDGE('',*,*,#4667,.T.);
#6816=ORIENTED_EDGE('',*,*,#5107,.T.);
#6817=ORIENTED_EDGE('',*,*,#5108,.T.);
#6818=ORIENTED_EDGE('',*,*,#5109,.T.);
#6819=ORIENTED_EDGE('',*,*,#5107,.F.);
#6820=ORIENTED_EDGE('',*,*,#5108,.F.);
#6821=ORIENTED_EDGE('',*,*,#5109,.F.);
#6822=ORIENTED_EDGE('',*,*,#5110,.T.);
#6823=ORIENTED_EDGE('',*,*,#5111,.F.);
#6824=ORIENTED_EDGE('',*,*,#5110,.F.);
#6825=ORIENTED_EDGE('',*,*,#4757,.T.);
#6826=ORIENTED_EDGE('',*,*,#5112,.T.);
#6827=ORIENTED_EDGE('',*,*,#5113,.T.);
#6828=ORIENTED_EDGE('',*,*,#5114,.T.);
#6829=ORIENTED_EDGE('',*,*,#5112,.F.);
#6830=ORIENTED_EDGE('',*,*,#5113,.F.);
#6831=ORIENTED_EDGE('',*,*,#5114,.F.);
#6832=ORIENTED_EDGE('',*,*,#5115,.T.);
#6833=ORIENTED_EDGE('',*,*,#5116,.F.);
#6834=ORIENTED_EDGE('',*,*,#5115,.F.);
#6835=ORIENTED_EDGE('',*,*,#4668,.T.);
#6836=ORIENTED_EDGE('',*,*,#5117,.T.);
#6837=ORIENTED_EDGE('',*,*,#5118,.T.);
#6838=ORIENTED_EDGE('',*,*,#5119,.T.);
#6839=ORIENTED_EDGE('',*,*,#5117,.F.);
#6840=ORIENTED_EDGE('',*,*,#5118,.F.);
#6841=ORIENTED_EDGE('',*,*,#5119,.F.);
#6842=ORIENTED_EDGE('',*,*,#5120,.T.);
#6843=ORIENTED_EDGE('',*,*,#5121,.F.);
#6844=ORIENTED_EDGE('',*,*,#5120,.F.);
#6845=ORIENTED_EDGE('',*,*,#4756,.T.);
#6846=ORIENTED_EDGE('',*,*,#5122,.T.);
#6847=ORIENTED_EDGE('',*,*,#5123,.T.);
#6848=ORIENTED_EDGE('',*,*,#5124,.T.);
#6849=ORIENTED_EDGE('',*,*,#5122,.F.);
#6850=ORIENTED_EDGE('',*,*,#5123,.F.);
#6851=ORIENTED_EDGE('',*,*,#5124,.F.);
#6852=ORIENTED_EDGE('',*,*,#5125,.T.);
#6853=ORIENTED_EDGE('',*,*,#5126,.F.);
#6854=ORIENTED_EDGE('',*,*,#5125,.F.);
#6855=ORIENTED_EDGE('',*,*,#4669,.T.);
#6856=ORIENTED_EDGE('',*,*,#5127,.T.);
#6857=ORIENTED_EDGE('',*,*,#5128,.T.);
#6858=ORIENTED_EDGE('',*,*,#5129,.T.);
#6859=ORIENTED_EDGE('',*,*,#5127,.F.);
#6860=ORIENTED_EDGE('',*,*,#5128,.F.);
#6861=ORIENTED_EDGE('',*,*,#5129,.F.);
#6862=ORIENTED_EDGE('',*,*,#5130,.T.);
#6863=ORIENTED_EDGE('',*,*,#5131,.F.);
#6864=ORIENTED_EDGE('',*,*,#5130,.F.);
#6865=ORIENTED_EDGE('',*,*,#4755,.T.);
#6866=ORIENTED_EDGE('',*,*,#5132,.T.);
#6867=ORIENTED_EDGE('',*,*,#5133,.T.);
#6868=ORIENTED_EDGE('',*,*,#5134,.T.);
#6869=ORIENTED_EDGE('',*,*,#5132,.F.);
#6870=ORIENTED_EDGE('',*,*,#5133,.F.);
#6871=ORIENTED_EDGE('',*,*,#5134,.F.);
#6872=ORIENTED_EDGE('',*,*,#5135,.T.);
#6873=ORIENTED_EDGE('',*,*,#5136,.F.);
#6874=ORIENTED_EDGE('',*,*,#5135,.F.);
#6875=ORIENTED_EDGE('',*,*,#4670,.T.);
#6876=ORIENTED_EDGE('',*,*,#5137,.T.);
#6877=ORIENTED_EDGE('',*,*,#5138,.T.);
#6878=ORIENTED_EDGE('',*,*,#5139,.T.);
#6879=ORIENTED_EDGE('',*,*,#5137,.F.);
#6880=ORIENTED_EDGE('',*,*,#5138,.F.);
#6881=ORIENTED_EDGE('',*,*,#5139,.F.);
#6882=ORIENTED_EDGE('',*,*,#5140,.T.);
#6883=ORIENTED_EDGE('',*,*,#5141,.F.);
#6884=ORIENTED_EDGE('',*,*,#5140,.F.);
#6885=ORIENTED_EDGE('',*,*,#4754,.T.);
#6886=ORIENTED_EDGE('',*,*,#5142,.T.);
#6887=ORIENTED_EDGE('',*,*,#5143,.T.);
#6888=ORIENTED_EDGE('',*,*,#5144,.T.);
#6889=ORIENTED_EDGE('',*,*,#5142,.F.);
#6890=ORIENTED_EDGE('',*,*,#5143,.F.);
#6891=ORIENTED_EDGE('',*,*,#5144,.F.);
#6892=ORIENTED_EDGE('',*,*,#5145,.T.);
#6893=ORIENTED_EDGE('',*,*,#5146,.F.);
#6894=ORIENTED_EDGE('',*,*,#5145,.F.);
#6895=ORIENTED_EDGE('',*,*,#4671,.T.);
#6896=ORIENTED_EDGE('',*,*,#5147,.T.);
#6897=ORIENTED_EDGE('',*,*,#5148,.T.);
#6898=ORIENTED_EDGE('',*,*,#5149,.T.);
#6899=ORIENTED_EDGE('',*,*,#5147,.F.);
#6900=ORIENTED_EDGE('',*,*,#5148,.F.);
#6901=ORIENTED_EDGE('',*,*,#5149,.F.);
#6902=ORIENTED_EDGE('',*,*,#5150,.T.);
#6903=ORIENTED_EDGE('',*,*,#5151,.F.);
#6904=ORIENTED_EDGE('',*,*,#5150,.F.);
#6905=ORIENTED_EDGE('',*,*,#4753,.T.);
#6906=ORIENTED_EDGE('',*,*,#5152,.T.);
#6907=ORIENTED_EDGE('',*,*,#5153,.T.);
#6908=ORIENTED_EDGE('',*,*,#5154,.T.);
#6909=ORIENTED_EDGE('',*,*,#5152,.F.);
#6910=ORIENTED_EDGE('',*,*,#5153,.F.);
#6911=ORIENTED_EDGE('',*,*,#5154,.F.);
#6912=ORIENTED_EDGE('',*,*,#5155,.T.);
#6913=ORIENTED_EDGE('',*,*,#5156,.F.);
#6914=ORIENTED_EDGE('',*,*,#5155,.F.);
#6915=ORIENTED_EDGE('',*,*,#4672,.T.);
#6916=ORIENTED_EDGE('',*,*,#5157,.T.);
#6917=ORIENTED_EDGE('',*,*,#5158,.T.);
#6918=ORIENTED_EDGE('',*,*,#5159,.T.);
#6919=ORIENTED_EDGE('',*,*,#5157,.F.);
#6920=ORIENTED_EDGE('',*,*,#5158,.F.);
#6921=ORIENTED_EDGE('',*,*,#5159,.F.);
#6922=ORIENTED_EDGE('',*,*,#5160,.T.);
#6923=ORIENTED_EDGE('',*,*,#5161,.F.);
#6924=ORIENTED_EDGE('',*,*,#5160,.F.);
#6925=ORIENTED_EDGE('',*,*,#4752,.T.);
#6926=ORIENTED_EDGE('',*,*,#5162,.T.);
#6927=ORIENTED_EDGE('',*,*,#5163,.T.);
#6928=ORIENTED_EDGE('',*,*,#5164,.T.);
#6929=ORIENTED_EDGE('',*,*,#5162,.F.);
#6930=ORIENTED_EDGE('',*,*,#5163,.F.);
#6931=ORIENTED_EDGE('',*,*,#5164,.F.);
#6932=ORIENTED_EDGE('',*,*,#5165,.T.);
#6933=ORIENTED_EDGE('',*,*,#5166,.F.);
#6934=ORIENTED_EDGE('',*,*,#5165,.F.);
#6935=ORIENTED_EDGE('',*,*,#4673,.T.);
#6936=ORIENTED_EDGE('',*,*,#5167,.T.);
#6937=ORIENTED_EDGE('',*,*,#5168,.T.);
#6938=ORIENTED_EDGE('',*,*,#5169,.T.);
#6939=ORIENTED_EDGE('',*,*,#5167,.F.);
#6940=ORIENTED_EDGE('',*,*,#5168,.F.);
#6941=ORIENTED_EDGE('',*,*,#5169,.F.);
#6942=ORIENTED_EDGE('',*,*,#5170,.T.);
#6943=ORIENTED_EDGE('',*,*,#5171,.F.);
#6944=ORIENTED_EDGE('',*,*,#5170,.F.);
#6945=ORIENTED_EDGE('',*,*,#4751,.T.);
#6946=ORIENTED_EDGE('',*,*,#5172,.T.);
#6947=ORIENTED_EDGE('',*,*,#5173,.T.);
#6948=ORIENTED_EDGE('',*,*,#5174,.T.);
#6949=ORIENTED_EDGE('',*,*,#5172,.F.);
#6950=ORIENTED_EDGE('',*,*,#5173,.F.);
#6951=ORIENTED_EDGE('',*,*,#5174,.F.);
#6952=ORIENTED_EDGE('',*,*,#5175,.T.);
#6953=ORIENTED_EDGE('',*,*,#5176,.F.);
#6954=ORIENTED_EDGE('',*,*,#5175,.F.);
#6955=ORIENTED_EDGE('',*,*,#4674,.T.);
#6956=ORIENTED_EDGE('',*,*,#5177,.T.);
#6957=ORIENTED_EDGE('',*,*,#5178,.T.);
#6958=ORIENTED_EDGE('',*,*,#5179,.T.);
#6959=ORIENTED_EDGE('',*,*,#5177,.F.);
#6960=ORIENTED_EDGE('',*,*,#5178,.F.);
#6961=ORIENTED_EDGE('',*,*,#5179,.F.);
#6962=ORIENTED_EDGE('',*,*,#5180,.T.);
#6963=ORIENTED_EDGE('',*,*,#5181,.F.);
#6964=ORIENTED_EDGE('',*,*,#5180,.F.);
#6965=ORIENTED_EDGE('',*,*,#4750,.T.);
#6966=ORIENTED_EDGE('',*,*,#5182,.T.);
#6967=ORIENTED_EDGE('',*,*,#5183,.T.);
#6968=ORIENTED_EDGE('',*,*,#5184,.T.);
#6969=ORIENTED_EDGE('',*,*,#5182,.F.);
#6970=ORIENTED_EDGE('',*,*,#5183,.F.);
#6971=ORIENTED_EDGE('',*,*,#5184,.F.);
#6972=ORIENTED_EDGE('',*,*,#5185,.T.);
#6973=ORIENTED_EDGE('',*,*,#5186,.F.);
#6974=ORIENTED_EDGE('',*,*,#5185,.F.);
#6975=ORIENTED_EDGE('',*,*,#4675,.T.);
#6976=ORIENTED_EDGE('',*,*,#5187,.T.);
#6977=ORIENTED_EDGE('',*,*,#5188,.T.);
#6978=ORIENTED_EDGE('',*,*,#5189,.T.);
#6979=ORIENTED_EDGE('',*,*,#5187,.F.);
#6980=ORIENTED_EDGE('',*,*,#5188,.F.);
#6981=ORIENTED_EDGE('',*,*,#5189,.F.);
#6982=ORIENTED_EDGE('',*,*,#5190,.T.);
#6983=ORIENTED_EDGE('',*,*,#5191,.F.);
#6984=ORIENTED_EDGE('',*,*,#5190,.F.);
#6985=ORIENTED_EDGE('',*,*,#4749,.T.);
#6986=ORIENTED_EDGE('',*,*,#5192,.T.);
#6987=ORIENTED_EDGE('',*,*,#5193,.T.);
#6988=ORIENTED_EDGE('',*,*,#5194,.T.);
#6989=ORIENTED_EDGE('',*,*,#5192,.F.);
#6990=ORIENTED_EDGE('',*,*,#5193,.F.);
#6991=ORIENTED_EDGE('',*,*,#5194,.F.);
#6992=ORIENTED_EDGE('',*,*,#5195,.T.);
#6993=ORIENTED_EDGE('',*,*,#5196,.F.);
#6994=ORIENTED_EDGE('',*,*,#5195,.F.);
#6995=ORIENTED_EDGE('',*,*,#4676,.T.);
#6996=ORIENTED_EDGE('',*,*,#5197,.T.);
#6997=ORIENTED_EDGE('',*,*,#5198,.T.);
#6998=ORIENTED_EDGE('',*,*,#5199,.T.);
#6999=ORIENTED_EDGE('',*,*,#5197,.F.);
#7000=ORIENTED_EDGE('',*,*,#5198,.F.);
#7001=ORIENTED_EDGE('',*,*,#5199,.F.);
#7002=ORIENTED_EDGE('',*,*,#5200,.T.);
#7003=ORIENTED_EDGE('',*,*,#5201,.F.);
#7004=ORIENTED_EDGE('',*,*,#5200,.F.);
#7005=ORIENTED_EDGE('',*,*,#4748,.T.);
#7006=ORIENTED_EDGE('',*,*,#5202,.T.);
#7007=ORIENTED_EDGE('',*,*,#5203,.T.);
#7008=ORIENTED_EDGE('',*,*,#5204,.T.);
#7009=ORIENTED_EDGE('',*,*,#5202,.F.);
#7010=ORIENTED_EDGE('',*,*,#5203,.F.);
#7011=ORIENTED_EDGE('',*,*,#5204,.F.);
#7012=ORIENTED_EDGE('',*,*,#5205,.T.);
#7013=ORIENTED_EDGE('',*,*,#5206,.F.);
#7014=ORIENTED_EDGE('',*,*,#5205,.F.);
#7015=ORIENTED_EDGE('',*,*,#4677,.T.);
#7016=ORIENTED_EDGE('',*,*,#5207,.T.);
#7017=ORIENTED_EDGE('',*,*,#5208,.T.);
#7018=ORIENTED_EDGE('',*,*,#5209,.T.);
#7019=ORIENTED_EDGE('',*,*,#5207,.F.);
#7020=ORIENTED_EDGE('',*,*,#5208,.F.);
#7021=ORIENTED_EDGE('',*,*,#5209,.F.);
#7022=ORIENTED_EDGE('',*,*,#5210,.T.);
#7023=ORIENTED_EDGE('',*,*,#5211,.F.);
#7024=ORIENTED_EDGE('',*,*,#5210,.F.);
#7025=ORIENTED_EDGE('',*,*,#4747,.T.);
#7026=ORIENTED_EDGE('',*,*,#5212,.T.);
#7027=ORIENTED_EDGE('',*,*,#5213,.T.);
#7028=ORIENTED_EDGE('',*,*,#5214,.T.);
#7029=ORIENTED_EDGE('',*,*,#5212,.F.);
#7030=ORIENTED_EDGE('',*,*,#5213,.F.);
#7031=ORIENTED_EDGE('',*,*,#5214,.F.);
#7032=ORIENTED_EDGE('',*,*,#5215,.T.);
#7033=ORIENTED_EDGE('',*,*,#5216,.F.);
#7034=ORIENTED_EDGE('',*,*,#5215,.F.);
#7035=ORIENTED_EDGE('',*,*,#4678,.T.);
#7036=ORIENTED_EDGE('',*,*,#5217,.T.);
#7037=ORIENTED_EDGE('',*,*,#5218,.T.);
#7038=ORIENTED_EDGE('',*,*,#5219,.T.);
#7039=ORIENTED_EDGE('',*,*,#5217,.F.);
#7040=ORIENTED_EDGE('',*,*,#5218,.F.);
#7041=ORIENTED_EDGE('',*,*,#5219,.F.);
#7042=ORIENTED_EDGE('',*,*,#5220,.T.);
#7043=ORIENTED_EDGE('',*,*,#5221,.F.);
#7044=ORIENTED_EDGE('',*,*,#5220,.F.);
#7045=ORIENTED_EDGE('',*,*,#4746,.T.);
#7046=ORIENTED_EDGE('',*,*,#5222,.T.);
#7047=ORIENTED_EDGE('',*,*,#5223,.T.);
#7048=ORIENTED_EDGE('',*,*,#5224,.T.);
#7049=ORIENTED_EDGE('',*,*,#5222,.F.);
#7050=ORIENTED_EDGE('',*,*,#5223,.F.);
#7051=ORIENTED_EDGE('',*,*,#5224,.F.);
#7052=ORIENTED_EDGE('',*,*,#5225,.T.);
#7053=ORIENTED_EDGE('',*,*,#5226,.F.);
#7054=ORIENTED_EDGE('',*,*,#5225,.F.);
#7055=ORIENTED_EDGE('',*,*,#4679,.T.);
#7056=ORIENTED_EDGE('',*,*,#5227,.T.);
#7057=ORIENTED_EDGE('',*,*,#5228,.T.);
#7058=ORIENTED_EDGE('',*,*,#5229,.T.);
#7059=ORIENTED_EDGE('',*,*,#5227,.F.);
#7060=ORIENTED_EDGE('',*,*,#5228,.F.);
#7061=ORIENTED_EDGE('',*,*,#5229,.F.);
#7062=ORIENTED_EDGE('',*,*,#5230,.T.);
#7063=ORIENTED_EDGE('',*,*,#5231,.F.);
#7064=ORIENTED_EDGE('',*,*,#5230,.F.);
#7065=ORIENTED_EDGE('',*,*,#4745,.T.);
#7066=ORIENTED_EDGE('',*,*,#5232,.T.);
#7067=ORIENTED_EDGE('',*,*,#5233,.T.);
#7068=ORIENTED_EDGE('',*,*,#5234,.T.);
#7069=ORIENTED_EDGE('',*,*,#5232,.F.);
#7070=ORIENTED_EDGE('',*,*,#5233,.F.);
#7071=ORIENTED_EDGE('',*,*,#5234,.F.);
#7072=ORIENTED_EDGE('',*,*,#5235,.T.);
#7073=ORIENTED_EDGE('',*,*,#5236,.F.);
#7074=ORIENTED_EDGE('',*,*,#5235,.F.);
#7075=ORIENTED_EDGE('',*,*,#4680,.T.);
#7076=ORIENTED_EDGE('',*,*,#5237,.T.);
#7077=ORIENTED_EDGE('',*,*,#5238,.T.);
#7078=ORIENTED_EDGE('',*,*,#5239,.T.);
#7079=ORIENTED_EDGE('',*,*,#5237,.F.);
#7080=ORIENTED_EDGE('',*,*,#5238,.F.);
#7081=ORIENTED_EDGE('',*,*,#5239,.F.);
#7082=ORIENTED_EDGE('',*,*,#5240,.T.);
#7083=ORIENTED_EDGE('',*,*,#5241,.F.);
#7084=ORIENTED_EDGE('',*,*,#5240,.F.);
#7085=ORIENTED_EDGE('',*,*,#4744,.T.);
#7086=ORIENTED_EDGE('',*,*,#5242,.T.);
#7087=ORIENTED_EDGE('',*,*,#5243,.T.);
#7088=ORIENTED_EDGE('',*,*,#5244,.T.);
#7089=ORIENTED_EDGE('',*,*,#5242,.F.);
#7090=ORIENTED_EDGE('',*,*,#5243,.F.);
#7091=ORIENTED_EDGE('',*,*,#5244,.F.);
#7092=ORIENTED_EDGE('',*,*,#5245,.T.);
#7093=ORIENTED_EDGE('',*,*,#5246,.F.);
#7094=ORIENTED_EDGE('',*,*,#5245,.F.);
#7095=ORIENTED_EDGE('',*,*,#4681,.T.);
#7096=ORIENTED_EDGE('',*,*,#5247,.T.);
#7097=ORIENTED_EDGE('',*,*,#5248,.T.);
#7098=ORIENTED_EDGE('',*,*,#5249,.T.);
#7099=ORIENTED_EDGE('',*,*,#5247,.F.);
#7100=ORIENTED_EDGE('',*,*,#5248,.F.);
#7101=ORIENTED_EDGE('',*,*,#5249,.F.);
#7102=ORIENTED_EDGE('',*,*,#5250,.T.);
#7103=ORIENTED_EDGE('',*,*,#5251,.F.);
#7104=ORIENTED_EDGE('',*,*,#5250,.F.);
#7105=ORIENTED_EDGE('',*,*,#4743,.T.);
#7106=ORIENTED_EDGE('',*,*,#5252,.T.);
#7107=ORIENTED_EDGE('',*,*,#5253,.T.);
#7108=ORIENTED_EDGE('',*,*,#5254,.T.);
#7109=ORIENTED_EDGE('',*,*,#5252,.F.);
#7110=ORIENTED_EDGE('',*,*,#5253,.F.);
#7111=ORIENTED_EDGE('',*,*,#5254,.F.);
#7112=ORIENTED_EDGE('',*,*,#5255,.T.);
#7113=ORIENTED_EDGE('',*,*,#5256,.F.);
#7114=ORIENTED_EDGE('',*,*,#5255,.F.);
#7115=ORIENTED_EDGE('',*,*,#4682,.T.);
#7116=ORIENTED_EDGE('',*,*,#5257,.T.);
#7117=ORIENTED_EDGE('',*,*,#5258,.T.);
#7118=ORIENTED_EDGE('',*,*,#5259,.T.);
#7119=ORIENTED_EDGE('',*,*,#5257,.F.);
#7120=ORIENTED_EDGE('',*,*,#5258,.F.);
#7121=ORIENTED_EDGE('',*,*,#5259,.F.);
#7122=ORIENTED_EDGE('',*,*,#5260,.T.);
#7123=ORIENTED_EDGE('',*,*,#5261,.F.);
#7124=ORIENTED_EDGE('',*,*,#5260,.F.);
#7125=ORIENTED_EDGE('',*,*,#4742,.T.);
#7126=ORIENTED_EDGE('',*,*,#5262,.T.);
#7127=ORIENTED_EDGE('',*,*,#5263,.T.);
#7128=ORIENTED_EDGE('',*,*,#5264,.T.);
#7129=ORIENTED_EDGE('',*,*,#5262,.F.);
#7130=ORIENTED_EDGE('',*,*,#5263,.F.);
#7131=ORIENTED_EDGE('',*,*,#5264,.F.);
#7132=ORIENTED_EDGE('',*,*,#5265,.T.);
#7133=ORIENTED_EDGE('',*,*,#5266,.F.);
#7134=ORIENTED_EDGE('',*,*,#5265,.F.);
#7135=ORIENTED_EDGE('',*,*,#4683,.T.);
#7136=ORIENTED_EDGE('',*,*,#5267,.T.);
#7137=ORIENTED_EDGE('',*,*,#5268,.T.);
#7138=ORIENTED_EDGE('',*,*,#5269,.T.);
#7139=ORIENTED_EDGE('',*,*,#5267,.F.);
#7140=ORIENTED_EDGE('',*,*,#5268,.F.);
#7141=ORIENTED_EDGE('',*,*,#5269,.F.);
#7142=ORIENTED_EDGE('',*,*,#5270,.T.);
#7143=ORIENTED_EDGE('',*,*,#5271,.F.);
#7144=ORIENTED_EDGE('',*,*,#5270,.F.);
#7145=ORIENTED_EDGE('',*,*,#4741,.T.);
#7146=ORIENTED_EDGE('',*,*,#5272,.T.);
#7147=ORIENTED_EDGE('',*,*,#5273,.T.);
#7148=ORIENTED_EDGE('',*,*,#5274,.T.);
#7149=ORIENTED_EDGE('',*,*,#5272,.F.);
#7150=ORIENTED_EDGE('',*,*,#5273,.F.);
#7151=ORIENTED_EDGE('',*,*,#5274,.F.);
#7152=ORIENTED_EDGE('',*,*,#5275,.T.);
#7153=ORIENTED_EDGE('',*,*,#5276,.F.);
#7154=ORIENTED_EDGE('',*,*,#5275,.F.);
#7155=ORIENTED_EDGE('',*,*,#4684,.T.);
#7156=ORIENTED_EDGE('',*,*,#5277,.T.);
#7157=ORIENTED_EDGE('',*,*,#5278,.T.);
#7158=ORIENTED_EDGE('',*,*,#5279,.T.);
#7159=ORIENTED_EDGE('',*,*,#5277,.F.);
#7160=ORIENTED_EDGE('',*,*,#5278,.F.);
#7161=ORIENTED_EDGE('',*,*,#5279,.F.);
#7162=ORIENTED_EDGE('',*,*,#5280,.T.);
#7163=ORIENTED_EDGE('',*,*,#5281,.F.);
#7164=ORIENTED_EDGE('',*,*,#5280,.F.);
#7165=ORIENTED_EDGE('',*,*,#4740,.T.);
#7166=ORIENTED_EDGE('',*,*,#5282,.T.);
#7167=ORIENTED_EDGE('',*,*,#5283,.T.);
#7168=ORIENTED_EDGE('',*,*,#5284,.T.);
#7169=ORIENTED_EDGE('',*,*,#5282,.F.);
#7170=ORIENTED_EDGE('',*,*,#5283,.F.);
#7171=ORIENTED_EDGE('',*,*,#5284,.F.);
#7172=ORIENTED_EDGE('',*,*,#5285,.T.);
#7173=ORIENTED_EDGE('',*,*,#5286,.F.);
#7174=ORIENTED_EDGE('',*,*,#5285,.F.);
#7175=ORIENTED_EDGE('',*,*,#4685,.T.);
#7176=ORIENTED_EDGE('',*,*,#5287,.T.);
#7177=ORIENTED_EDGE('',*,*,#5288,.T.);
#7178=ORIENTED_EDGE('',*,*,#5289,.T.);
#7179=ORIENTED_EDGE('',*,*,#5287,.F.);
#7180=ORIENTED_EDGE('',*,*,#5288,.F.);
#7181=ORIENTED_EDGE('',*,*,#5289,.F.);
#7182=ORIENTED_EDGE('',*,*,#5290,.T.);
#7183=ORIENTED_EDGE('',*,*,#5291,.F.);
#7184=ORIENTED_EDGE('',*,*,#5290,.F.);
#7185=ORIENTED_EDGE('',*,*,#4739,.T.);
#7186=ORIENTED_EDGE('',*,*,#5292,.T.);
#7187=ORIENTED_EDGE('',*,*,#5293,.T.);
#7188=ORIENTED_EDGE('',*,*,#5294,.T.);
#7189=ORIENTED_EDGE('',*,*,#5292,.F.);
#7190=ORIENTED_EDGE('',*,*,#5293,.F.);
#7191=ORIENTED_EDGE('',*,*,#5294,.F.);
#7192=ORIENTED_EDGE('',*,*,#5295,.T.);
#7193=ORIENTED_EDGE('',*,*,#5296,.F.);
#7194=ORIENTED_EDGE('',*,*,#5295,.F.);
#7195=ORIENTED_EDGE('',*,*,#4686,.T.);
#7196=ORIENTED_EDGE('',*,*,#5297,.T.);
#7197=ORIENTED_EDGE('',*,*,#5298,.T.);
#7198=ORIENTED_EDGE('',*,*,#5299,.T.);
#7199=ORIENTED_EDGE('',*,*,#5297,.F.);
#7200=ORIENTED_EDGE('',*,*,#5298,.F.);
#7201=ORIENTED_EDGE('',*,*,#5299,.F.);
#7202=ORIENTED_EDGE('',*,*,#5300,.T.);
#7203=ORIENTED_EDGE('',*,*,#5301,.F.);
#7204=ORIENTED_EDGE('',*,*,#5300,.F.);
#7205=ORIENTED_EDGE('',*,*,#4738,.T.);
#7206=ORIENTED_EDGE('',*,*,#5302,.T.);
#7207=ORIENTED_EDGE('',*,*,#5303,.T.);
#7208=ORIENTED_EDGE('',*,*,#5304,.T.);
#7209=ORIENTED_EDGE('',*,*,#5302,.F.);
#7210=ORIENTED_EDGE('',*,*,#5303,.F.);
#7211=ORIENTED_EDGE('',*,*,#5304,.F.);
#7212=ORIENTED_EDGE('',*,*,#5305,.T.);
#7213=ORIENTED_EDGE('',*,*,#5306,.F.);
#7214=ORIENTED_EDGE('',*,*,#5305,.F.);
#7215=ORIENTED_EDGE('',*,*,#4687,.T.);
#7216=ORIENTED_EDGE('',*,*,#5307,.T.);
#7217=ORIENTED_EDGE('',*,*,#5308,.T.);
#7218=ORIENTED_EDGE('',*,*,#5309,.T.);
#7219=ORIENTED_EDGE('',*,*,#5307,.F.);
#7220=ORIENTED_EDGE('',*,*,#5308,.F.);
#7221=ORIENTED_EDGE('',*,*,#5309,.F.);
#7222=ORIENTED_EDGE('',*,*,#5310,.T.);
#7223=ORIENTED_EDGE('',*,*,#5311,.F.);
#7224=ORIENTED_EDGE('',*,*,#5310,.F.);
#7225=ORIENTED_EDGE('',*,*,#4737,.T.);
#7226=ORIENTED_EDGE('',*,*,#5312,.T.);
#7227=ORIENTED_EDGE('',*,*,#5313,.T.);
#7228=ORIENTED_EDGE('',*,*,#5314,.T.);
#7229=ORIENTED_EDGE('',*,*,#5312,.F.);
#7230=ORIENTED_EDGE('',*,*,#5313,.F.);
#7231=ORIENTED_EDGE('',*,*,#5314,.F.);
#7232=ORIENTED_EDGE('',*,*,#5315,.T.);
#7233=ORIENTED_EDGE('',*,*,#5316,.F.);
#7234=ORIENTED_EDGE('',*,*,#5315,.F.);
#7235=ORIENTED_EDGE('',*,*,#4688,.T.);
#7236=ORIENTED_EDGE('',*,*,#5317,.T.);
#7237=ORIENTED_EDGE('',*,*,#5318,.T.);
#7238=ORIENTED_EDGE('',*,*,#5319,.T.);
#7239=ORIENTED_EDGE('',*,*,#5317,.F.);
#7240=ORIENTED_EDGE('',*,*,#5318,.F.);
#7241=ORIENTED_EDGE('',*,*,#5319,.F.);
#7242=ORIENTED_EDGE('',*,*,#5320,.T.);
#7243=ORIENTED_EDGE('',*,*,#5321,.F.);
#7244=ORIENTED_EDGE('',*,*,#5320,.F.);
#7245=ORIENTED_EDGE('',*,*,#4736,.T.);
#7246=ORIENTED_EDGE('',*,*,#5322,.T.);
#7247=ORIENTED_EDGE('',*,*,#5323,.T.);
#7248=ORIENTED_EDGE('',*,*,#5324,.T.);
#7249=ORIENTED_EDGE('',*,*,#5322,.F.);
#7250=ORIENTED_EDGE('',*,*,#5323,.F.);
#7251=ORIENTED_EDGE('',*,*,#5324,.F.);
#7252=ORIENTED_EDGE('',*,*,#5325,.T.);
#7253=ORIENTED_EDGE('',*,*,#5326,.F.);
#7254=ORIENTED_EDGE('',*,*,#5325,.F.);
#7255=ORIENTED_EDGE('',*,*,#4689,.T.);
#7256=ORIENTED_EDGE('',*,*,#5327,.T.);
#7257=ORIENTED_EDGE('',*,*,#5328,.T.);
#7258=ORIENTED_EDGE('',*,*,#5329,.T.);
#7259=ORIENTED_EDGE('',*,*,#5327,.F.);
#7260=ORIENTED_EDGE('',*,*,#5328,.F.);
#7261=ORIENTED_EDGE('',*,*,#5329,.F.);
#7262=ORIENTED_EDGE('',*,*,#5330,.T.);
#7263=ORIENTED_EDGE('',*,*,#5331,.F.);
#7264=ORIENTED_EDGE('',*,*,#5330,.F.);
#7265=ORIENTED_EDGE('',*,*,#4735,.T.);
#7266=ORIENTED_EDGE('',*,*,#5332,.T.);
#7267=ORIENTED_EDGE('',*,*,#5333,.T.);
#7268=ORIENTED_EDGE('',*,*,#5334,.T.);
#7269=ORIENTED_EDGE('',*,*,#5332,.F.);
#7270=ORIENTED_EDGE('',*,*,#5333,.F.);
#7271=ORIENTED_EDGE('',*,*,#5334,.F.);
#7272=ORIENTED_EDGE('',*,*,#5335,.T.);
#7273=ORIENTED_EDGE('',*,*,#5336,.F.);
#7274=ORIENTED_EDGE('',*,*,#5335,.F.);
#7275=ORIENTED_EDGE('',*,*,#4525,.T.);
#7276=ORIENTED_EDGE('',*,*,#5337,.T.);
#7277=ORIENTED_EDGE('',*,*,#4971,.T.);
#7278=ORIENTED_EDGE('',*,*,#5337,.F.);
#7279=ORIENTED_EDGE('',*,*,#4599,.T.);
#7280=ORIENTED_EDGE('',*,*,#5338,.T.);
#7281=ORIENTED_EDGE('',*,*,#4996,.T.);
#7282=ORIENTED_EDGE('',*,*,#5338,.F.);
#7283=ORIENTED_EDGE('',*,*,#4526,.T.);
#7284=ORIENTED_EDGE('',*,*,#5339,.T.);
#7285=ORIENTED_EDGE('',*,*,#4976,.T.);
#7286=ORIENTED_EDGE('',*,*,#5339,.F.);
#7287=ORIENTED_EDGE('',*,*,#4598,.T.);
#7288=ORIENTED_EDGE('',*,*,#5340,.T.);
#7289=ORIENTED_EDGE('',*,*,#5001,.T.);
#7290=ORIENTED_EDGE('',*,*,#5340,.F.);
#7291=ORIENTED_EDGE('',*,*,#4527,.T.);
#7292=ORIENTED_EDGE('',*,*,#5341,.T.);
#7293=ORIENTED_EDGE('',*,*,#4981,.T.);
#7294=ORIENTED_EDGE('',*,*,#5341,.F.);
#7295=ORIENTED_EDGE('',*,*,#4597,.T.);
#7296=ORIENTED_EDGE('',*,*,#5342,.T.);
#7297=ORIENTED_EDGE('',*,*,#5006,.T.);
#7298=ORIENTED_EDGE('',*,*,#5342,.F.);
#7299=ORIENTED_EDGE('',*,*,#4528,.T.);
#7300=ORIENTED_EDGE('',*,*,#5343,.T.);
#7301=ORIENTED_EDGE('',*,*,#4986,.T.);
#7302=ORIENTED_EDGE('',*,*,#5343,.F.);
#7303=ORIENTED_EDGE('',*,*,#4596,.T.);
#7304=ORIENTED_EDGE('',*,*,#5344,.T.);
#7305=ORIENTED_EDGE('',*,*,#4991,.T.);
#7306=ORIENTED_EDGE('',*,*,#5344,.F.);
#7307=ORIENTED_EDGE('',*,*,#4529,.T.);
#7308=ORIENTED_EDGE('',*,*,#5345,.T.);
#7309=ORIENTED_EDGE('',*,*,#5011,.T.);
#7310=ORIENTED_EDGE('',*,*,#5345,.F.);
#7311=ORIENTED_EDGE('',*,*,#4595,.T.);
#7312=ORIENTED_EDGE('',*,*,#5346,.T.);
#7313=ORIENTED_EDGE('',*,*,#5016,.T.);
#7314=ORIENTED_EDGE('',*,*,#5346,.F.);
#7315=ORIENTED_EDGE('',*,*,#4530,.T.);
#7316=ORIENTED_EDGE('',*,*,#5347,.T.);
#7317=ORIENTED_EDGE('',*,*,#5021,.T.);
#7318=ORIENTED_EDGE('',*,*,#5347,.F.);
#7319=ORIENTED_EDGE('',*,*,#4594,.T.);
#7320=ORIENTED_EDGE('',*,*,#5348,.T.);
#7321=ORIENTED_EDGE('',*,*,#5026,.T.);
#7322=ORIENTED_EDGE('',*,*,#5348,.F.);
#7323=ORIENTED_EDGE('',*,*,#4531,.T.);
#7324=ORIENTED_EDGE('',*,*,#5349,.T.);
#7325=ORIENTED_EDGE('',*,*,#5031,.T.);
#7326=ORIENTED_EDGE('',*,*,#5349,.F.);
#7327=ORIENTED_EDGE('',*,*,#4593,.T.);
#7328=ORIENTED_EDGE('',*,*,#5350,.T.);
#7329=ORIENTED_EDGE('',*,*,#5036,.T.);
#7330=ORIENTED_EDGE('',*,*,#5350,.F.);
#7331=ORIENTED_EDGE('',*,*,#4532,.T.);
#7332=ORIENTED_EDGE('',*,*,#5351,.T.);
#7333=ORIENTED_EDGE('',*,*,#5041,.T.);
#7334=ORIENTED_EDGE('',*,*,#5351,.F.);
#7335=ORIENTED_EDGE('',*,*,#4592,.T.);
#7336=ORIENTED_EDGE('',*,*,#5352,.T.);
#7337=ORIENTED_EDGE('',*,*,#5046,.T.);
#7338=ORIENTED_EDGE('',*,*,#5352,.F.);
#7339=ORIENTED_EDGE('',*,*,#4533,.T.);
#7340=ORIENTED_EDGE('',*,*,#5353,.T.);
#7341=ORIENTED_EDGE('',*,*,#5071,.T.);
#7342=ORIENTED_EDGE('',*,*,#5353,.F.);
#7343=ORIENTED_EDGE('',*,*,#4591,.T.);
#7344=ORIENTED_EDGE('',*,*,#5354,.T.);
#7345=ORIENTED_EDGE('',*,*,#5051,.T.);
#7346=ORIENTED_EDGE('',*,*,#5354,.F.);
#7347=ORIENTED_EDGE('',*,*,#4534,.T.);
#7348=ORIENTED_EDGE('',*,*,#5355,.T.);
#7349=ORIENTED_EDGE('',*,*,#5076,.T.);
#7350=ORIENTED_EDGE('',*,*,#5355,.F.);
#7351=ORIENTED_EDGE('',*,*,#4590,.T.);
#7352=ORIENTED_EDGE('',*,*,#5356,.T.);
#7353=ORIENTED_EDGE('',*,*,#5081,.T.);
#7354=ORIENTED_EDGE('',*,*,#5356,.F.);
#7355=ORIENTED_EDGE('',*,*,#4535,.T.);
#7356=ORIENTED_EDGE('',*,*,#5357,.T.);
#7357=ORIENTED_EDGE('',*,*,#5056,.T.);
#7358=ORIENTED_EDGE('',*,*,#5357,.F.);
#7359=ORIENTED_EDGE('',*,*,#4589,.T.);
#7360=ORIENTED_EDGE('',*,*,#5358,.T.);
#7361=ORIENTED_EDGE('',*,*,#5061,.T.);
#7362=ORIENTED_EDGE('',*,*,#5358,.F.);
#7363=ORIENTED_EDGE('',*,*,#4536,.T.);
#7364=ORIENTED_EDGE('',*,*,#5359,.T.);
#7365=ORIENTED_EDGE('',*,*,#5066,.T.);
#7366=ORIENTED_EDGE('',*,*,#5359,.F.);
#7367=ORIENTED_EDGE('',*,*,#4588,.T.);
#7368=ORIENTED_EDGE('',*,*,#5360,.T.);
#7369=ORIENTED_EDGE('',*,*,#5086,.T.);
#7370=ORIENTED_EDGE('',*,*,#5360,.F.);
#7371=ORIENTED_EDGE('',*,*,#4537,.T.);
#7372=ORIENTED_EDGE('',*,*,#5361,.T.);
#7373=ORIENTED_EDGE('',*,*,#5091,.T.);
#7374=ORIENTED_EDGE('',*,*,#5361,.F.);
#7375=ORIENTED_EDGE('',*,*,#4587,.T.);
#7376=ORIENTED_EDGE('',*,*,#5362,.T.);
#7377=ORIENTED_EDGE('',*,*,#5096,.T.);
#7378=ORIENTED_EDGE('',*,*,#5362,.F.);
#7379=ORIENTED_EDGE('',*,*,#4538,.T.);
#7380=ORIENTED_EDGE('',*,*,#5363,.T.);
#7381=ORIENTED_EDGE('',*,*,#5101,.T.);
#7382=ORIENTED_EDGE('',*,*,#5363,.F.);
#7383=ORIENTED_EDGE('',*,*,#4586,.T.);
#7384=ORIENTED_EDGE('',*,*,#5364,.T.);
#7385=ORIENTED_EDGE('',*,*,#5106,.T.);
#7386=ORIENTED_EDGE('',*,*,#5364,.F.);
#7387=ORIENTED_EDGE('',*,*,#4539,.T.);
#7388=ORIENTED_EDGE('',*,*,#5365,.T.);
#7389=ORIENTED_EDGE('',*,*,#5111,.T.);
#7390=ORIENTED_EDGE('',*,*,#5365,.F.);
#7391=ORIENTED_EDGE('',*,*,#4585,.T.);
#7392=ORIENTED_EDGE('',*,*,#5366,.T.);
#7393=ORIENTED_EDGE('',*,*,#5116,.T.);
#7394=ORIENTED_EDGE('',*,*,#5366,.F.);
#7395=ORIENTED_EDGE('',*,*,#4540,.T.);
#7396=ORIENTED_EDGE('',*,*,#5367,.T.);
#7397=ORIENTED_EDGE('',*,*,#5121,.T.);
#7398=ORIENTED_EDGE('',*,*,#5367,.F.);
#7399=ORIENTED_EDGE('',*,*,#4584,.T.);
#7400=ORIENTED_EDGE('',*,*,#5368,.T.);
#7401=ORIENTED_EDGE('',*,*,#5126,.T.);
#7402=ORIENTED_EDGE('',*,*,#5368,.F.);
#7403=ORIENTED_EDGE('',*,*,#4541,.T.);
#7404=ORIENTED_EDGE('',*,*,#5369,.T.);
#7405=ORIENTED_EDGE('',*,*,#5131,.T.);
#7406=ORIENTED_EDGE('',*,*,#5369,.F.);
#7407=ORIENTED_EDGE('',*,*,#4583,.T.);
#7408=ORIENTED_EDGE('',*,*,#5370,.T.);
#7409=ORIENTED_EDGE('',*,*,#5136,.T.);
#7410=ORIENTED_EDGE('',*,*,#5370,.F.);
#7411=ORIENTED_EDGE('',*,*,#4542,.T.);
#7412=ORIENTED_EDGE('',*,*,#5371,.T.);
#7413=ORIENTED_EDGE('',*,*,#5141,.T.);
#7414=ORIENTED_EDGE('',*,*,#5371,.F.);
#7415=ORIENTED_EDGE('',*,*,#4582,.T.);
#7416=ORIENTED_EDGE('',*,*,#5372,.T.);
#7417=ORIENTED_EDGE('',*,*,#5146,.T.);
#7418=ORIENTED_EDGE('',*,*,#5372,.F.);
#7419=ORIENTED_EDGE('',*,*,#4543,.T.);
#7420=ORIENTED_EDGE('',*,*,#5373,.T.);
#7421=ORIENTED_EDGE('',*,*,#5151,.T.);
#7422=ORIENTED_EDGE('',*,*,#5373,.F.);
#7423=ORIENTED_EDGE('',*,*,#4581,.T.);
#7424=ORIENTED_EDGE('',*,*,#5374,.T.);
#7425=ORIENTED_EDGE('',*,*,#5156,.T.);
#7426=ORIENTED_EDGE('',*,*,#5374,.F.);
#7427=ORIENTED_EDGE('',*,*,#4544,.T.);
#7428=ORIENTED_EDGE('',*,*,#5375,.T.);
#7429=ORIENTED_EDGE('',*,*,#5161,.T.);
#7430=ORIENTED_EDGE('',*,*,#5375,.F.);
#7431=ORIENTED_EDGE('',*,*,#4580,.T.);
#7432=ORIENTED_EDGE('',*,*,#5376,.T.);
#7433=ORIENTED_EDGE('',*,*,#5166,.T.);
#7434=ORIENTED_EDGE('',*,*,#5376,.F.);
#7435=ORIENTED_EDGE('',*,*,#4545,.T.);
#7436=ORIENTED_EDGE('',*,*,#5377,.T.);
#7437=ORIENTED_EDGE('',*,*,#5191,.T.);
#7438=ORIENTED_EDGE('',*,*,#5377,.F.);
#7439=ORIENTED_EDGE('',*,*,#4579,.T.);
#7440=ORIENTED_EDGE('',*,*,#5378,.T.);
#7441=ORIENTED_EDGE('',*,*,#5186,.T.);
#7442=ORIENTED_EDGE('',*,*,#5378,.F.);
#7443=ORIENTED_EDGE('',*,*,#4546,.T.);
#7444=ORIENTED_EDGE('',*,*,#5379,.T.);
#7445=ORIENTED_EDGE('',*,*,#5181,.T.);
#7446=ORIENTED_EDGE('',*,*,#5379,.F.);
#7447=ORIENTED_EDGE('',*,*,#4578,.T.);
#7448=ORIENTED_EDGE('',*,*,#5380,.T.);
#7449=ORIENTED_EDGE('',*,*,#5176,.T.);
#7450=ORIENTED_EDGE('',*,*,#5380,.F.);
#7451=ORIENTED_EDGE('',*,*,#4547,.T.);
#7452=ORIENTED_EDGE('',*,*,#5381,.T.);
#7453=ORIENTED_EDGE('',*,*,#5171,.T.);
#7454=ORIENTED_EDGE('',*,*,#5381,.F.);
#7455=ORIENTED_EDGE('',*,*,#4577,.T.);
#7456=ORIENTED_EDGE('',*,*,#5382,.T.);
#7457=ORIENTED_EDGE('',*,*,#5196,.T.);
#7458=ORIENTED_EDGE('',*,*,#5382,.F.);
#7459=ORIENTED_EDGE('',*,*,#4548,.T.);
#7460=ORIENTED_EDGE('',*,*,#5383,.T.);
#7461=ORIENTED_EDGE('',*,*,#5201,.T.);
#7462=ORIENTED_EDGE('',*,*,#5383,.F.);
#7463=ORIENTED_EDGE('',*,*,#4576,.T.);
#7464=ORIENTED_EDGE('',*,*,#5384,.T.);
#7465=ORIENTED_EDGE('',*,*,#5206,.T.);
#7466=ORIENTED_EDGE('',*,*,#5384,.F.);
#7467=ORIENTED_EDGE('',*,*,#4549,.T.);
#7468=ORIENTED_EDGE('',*,*,#5385,.T.);
#7469=ORIENTED_EDGE('',*,*,#5211,.T.);
#7470=ORIENTED_EDGE('',*,*,#5385,.F.);
#7471=ORIENTED_EDGE('',*,*,#4575,.T.);
#7472=ORIENTED_EDGE('',*,*,#5386,.T.);
#7473=ORIENTED_EDGE('',*,*,#5216,.T.);
#7474=ORIENTED_EDGE('',*,*,#5386,.F.);
#7475=ORIENTED_EDGE('',*,*,#4550,.T.);
#7476=ORIENTED_EDGE('',*,*,#5387,.T.);
#7477=ORIENTED_EDGE('',*,*,#5221,.T.);
#7478=ORIENTED_EDGE('',*,*,#5387,.F.);
#7479=ORIENTED_EDGE('',*,*,#4574,.T.);
#7480=ORIENTED_EDGE('',*,*,#5388,.T.);
#7481=ORIENTED_EDGE('',*,*,#5226,.T.);
#7482=ORIENTED_EDGE('',*,*,#5388,.F.);
#7483=ORIENTED_EDGE('',*,*,#4551,.T.);
#7484=ORIENTED_EDGE('',*,*,#5389,.T.);
#7485=ORIENTED_EDGE('',*,*,#5231,.T.);
#7486=ORIENTED_EDGE('',*,*,#5389,.F.);
#7487=ORIENTED_EDGE('',*,*,#4573,.T.);
#7488=ORIENTED_EDGE('',*,*,#5390,.T.);
#7489=ORIENTED_EDGE('',*,*,#5236,.T.);
#7490=ORIENTED_EDGE('',*,*,#5390,.F.);
#7491=ORIENTED_EDGE('',*,*,#4552,.T.);
#7492=ORIENTED_EDGE('',*,*,#5391,.T.);
#7493=ORIENTED_EDGE('',*,*,#5241,.T.);
#7494=ORIENTED_EDGE('',*,*,#5391,.F.);
#7495=ORIENTED_EDGE('',*,*,#4572,.T.);
#7496=ORIENTED_EDGE('',*,*,#5392,.T.);
#7497=ORIENTED_EDGE('',*,*,#5266,.T.);
#7498=ORIENTED_EDGE('',*,*,#5392,.F.);
#7499=ORIENTED_EDGE('',*,*,#4553,.T.);
#7500=ORIENTED_EDGE('',*,*,#5393,.T.);
#7501=ORIENTED_EDGE('',*,*,#5261,.T.);
#7502=ORIENTED_EDGE('',*,*,#5393,.F.);
#7503=ORIENTED_EDGE('',*,*,#4571,.T.);
#7504=ORIENTED_EDGE('',*,*,#5394,.T.);
#7505=ORIENTED_EDGE('',*,*,#5256,.T.);
#7506=ORIENTED_EDGE('',*,*,#5394,.F.);
#7507=ORIENTED_EDGE('',*,*,#4554,.T.);
#7508=ORIENTED_EDGE('',*,*,#5395,.T.);
#7509=ORIENTED_EDGE('',*,*,#5251,.T.);
#7510=ORIENTED_EDGE('',*,*,#5395,.F.);
#7511=ORIENTED_EDGE('',*,*,#4570,.T.);
#7512=ORIENTED_EDGE('',*,*,#5396,.T.);
#7513=ORIENTED_EDGE('',*,*,#5246,.T.);
#7514=ORIENTED_EDGE('',*,*,#5396,.F.);
#7515=ORIENTED_EDGE('',*,*,#4555,.T.);
#7516=ORIENTED_EDGE('',*,*,#5397,.T.);
#7517=ORIENTED_EDGE('',*,*,#5321,.T.);
#7518=ORIENTED_EDGE('',*,*,#5397,.F.);
#7519=ORIENTED_EDGE('',*,*,#4569,.T.);
#7520=ORIENTED_EDGE('',*,*,#5398,.T.);
#7521=ORIENTED_EDGE('',*,*,#5316,.T.);
#7522=ORIENTED_EDGE('',*,*,#5398,.F.);
#7523=ORIENTED_EDGE('',*,*,#4556,.T.);
#7524=ORIENTED_EDGE('',*,*,#5399,.T.);
#7525=ORIENTED_EDGE('',*,*,#5271,.T.);
#7526=ORIENTED_EDGE('',*,*,#5399,.F.);
#7527=ORIENTED_EDGE('',*,*,#4568,.T.);
#7528=ORIENTED_EDGE('',*,*,#5400,.T.);
#7529=ORIENTED_EDGE('',*,*,#5276,.T.);
#7530=ORIENTED_EDGE('',*,*,#5400,.F.);
#7531=ORIENTED_EDGE('',*,*,#4557,.T.);
#7532=ORIENTED_EDGE('',*,*,#5401,.T.);
#7533=ORIENTED_EDGE('',*,*,#5311,.T.);
#7534=ORIENTED_EDGE('',*,*,#5401,.F.);
#7535=ORIENTED_EDGE('',*,*,#4567,.T.);
#7536=ORIENTED_EDGE('',*,*,#5402,.T.);
#7537=ORIENTED_EDGE('',*,*,#5326,.T.);
#7538=ORIENTED_EDGE('',*,*,#5402,.F.);
#7539=ORIENTED_EDGE('',*,*,#4558,.T.);
#7540=ORIENTED_EDGE('',*,*,#5403,.T.);
#7541=ORIENTED_EDGE('',*,*,#5281,.T.);
#7542=ORIENTED_EDGE('',*,*,#5403,.F.);
#7543=ORIENTED_EDGE('',*,*,#4566,.T.);
#7544=ORIENTED_EDGE('',*,*,#5404,.T.);
#7545=ORIENTED_EDGE('',*,*,#5306,.T.);
#7546=ORIENTED_EDGE('',*,*,#5404,.F.);
#7547=ORIENTED_EDGE('',*,*,#4559,.T.);
#7548=ORIENTED_EDGE('',*,*,#5405,.T.);
#7549=ORIENTED_EDGE('',*,*,#5331,.T.);
#7550=ORIENTED_EDGE('',*,*,#5405,.F.);
#7551=ORIENTED_EDGE('',*,*,#4565,.T.);
#7552=ORIENTED_EDGE('',*,*,#5406,.T.);
#7553=ORIENTED_EDGE('',*,*,#5301,.T.);
#7554=ORIENTED_EDGE('',*,*,#5406,.F.);
#7555=ORIENTED_EDGE('',*,*,#4560,.T.);
#7556=ORIENTED_EDGE('',*,*,#5407,.T.);
#7557=ORIENTED_EDGE('',*,*,#5286,.T.);
#7558=ORIENTED_EDGE('',*,*,#5407,.F.);
#7559=ORIENTED_EDGE('',*,*,#4564,.T.);
#7560=ORIENTED_EDGE('',*,*,#5408,.T.);
#7561=ORIENTED_EDGE('',*,*,#5291,.T.);
#7562=ORIENTED_EDGE('',*,*,#5408,.F.);
#7563=ORIENTED_EDGE('',*,*,#4561,.T.);
#7564=ORIENTED_EDGE('',*,*,#5409,.T.);
#7565=ORIENTED_EDGE('',*,*,#5296,.T.);
#7566=ORIENTED_EDGE('',*,*,#5409,.F.);
#7567=ORIENTED_EDGE('',*,*,#4563,.T.);
#7568=ORIENTED_EDGE('',*,*,#5410,.T.);
#7569=ORIENTED_EDGE('',*,*,#5336,.T.);
#7570=ORIENTED_EDGE('',*,*,#5410,.F.);
#7571=ORIENTED_EDGE('',*,*,#4562,.T.);
#7572=ORIENTED_EDGE('',*,*,#5411,.T.);
#7573=ORIENTED_EDGE('',*,*,#5412,.T.);
#7574=ORIENTED_EDGE('',*,*,#5411,.F.);
#7575=ORIENTED_EDGE('',*,*,#5413,.F.);
#7576=ORIENTED_EDGE('',*,*,#5414,.F.);
#7577=ORIENTED_EDGE('',*,*,#5415,.T.);
#7578=ORIENTED_EDGE('',*,*,#5412,.F.);
#7579=ORIENTED_EDGE('',*,*,#5415,.F.);
#7580=ORIENTED_EDGE('',*,*,#4690,.T.);
#7581=ORIENTED_EDGE('',*,*,#5416,.T.);
#7582=ORIENTED_EDGE('',*,*,#5413,.T.);
#7583=ORIENTED_EDGE('',*,*,#5414,.T.);
#7584=ORIENTED_EDGE('',*,*,#5416,.F.);
#7585=ORIENTED_EDGE('',*,*,#4482,.F.);
#7586=ORIENTED_EDGE('',*,*,#4637,.F.);
#7587=ORIENTED_EDGE('',*,*,#4620,.F.);
#7588=ORIENTED_EDGE('',*,*,#4508,.F.);
#7589=ORIENTED_EDGE('',*,*,#4417,.T.);
#7590=ORIENTED_EDGE('',*,*,#4421,.T.);
#7591=ORIENTED_EDGE('',*,*,#4425,.T.);
#7592=ORIENTED_EDGE('',*,*,#4429,.T.);
#7593=ORIENTED_EDGE('',*,*,#4433,.T.);
#7594=ORIENTED_EDGE('',*,*,#4437,.T.);
#7595=ORIENTED_EDGE('',*,*,#4441,.T.);
#7596=ORIENTED_EDGE('',*,*,#4445,.T.);
#7597=ORIENTED_EDGE('',*,*,#4449,.T.);
#7598=ORIENTED_EDGE('',*,*,#4453,.T.);
#7599=ORIENTED_EDGE('',*,*,#4457,.T.);
#7600=ORIENTED_EDGE('',*,*,#4461,.T.);
#7601=ORIENTED_EDGE('',*,*,#4465,.T.);
#7602=ORIENTED_EDGE('',*,*,#4469,.T.);
#7603=ORIENTED_EDGE('',*,*,#4473,.T.);
#7604=ORIENTED_EDGE('',*,*,#4691,.F.);
#7605=ORIENTED_EDGE('',*,*,#5417,.T.);
#7606=ORIENTED_EDGE('',*,*,#5418,.T.);
#7607=ORIENTED_EDGE('',*,*,#5417,.F.);
#7608=ORIENTED_EDGE('',*,*,#4435,.T.);
#7609=ORIENTED_EDGE('',*,*,#4436,.T.);
#7610=ORIENTED_EDGE('',*,*,#5418,.F.);
#7611=ORIENTED_EDGE('',*,*,#4692,.F.);
#7612=ORIENTED_EDGE('',*,*,#5419,.T.);
#7613=ORIENTED_EDGE('',*,*,#5420,.T.);
#7614=ORIENTED_EDGE('',*,*,#5419,.F.);
#7615=ORIENTED_EDGE('',*,*,#4471,.T.);
#7616=ORIENTED_EDGE('',*,*,#4472,.T.);
#7617=ORIENTED_EDGE('',*,*,#5420,.F.);
#7618=ORIENTED_EDGE('',*,*,#4693,.F.);
#7619=ORIENTED_EDGE('',*,*,#5421,.T.);
#7620=ORIENTED_EDGE('',*,*,#5422,.T.);
#7621=ORIENTED_EDGE('',*,*,#5421,.F.);
#7622=ORIENTED_EDGE('',*,*,#4419,.T.);
#7623=ORIENTED_EDGE('',*,*,#4420,.T.);
#7624=ORIENTED_EDGE('',*,*,#5422,.F.);
#7625=ORIENTED_EDGE('',*,*,#4694,.F.);
#7626=ORIENTED_EDGE('',*,*,#5423,.T.);
#7627=ORIENTED_EDGE('',*,*,#5424,.T.);
#7628=ORIENTED_EDGE('',*,*,#5423,.F.);
#7629=ORIENTED_EDGE('',*,*,#4475,.T.);
#7630=ORIENTED_EDGE('',*,*,#4476,.T.);
#7631=ORIENTED_EDGE('',*,*,#5424,.F.);
#7632=ORIENTED_EDGE('',*,*,#4695,.F.);
#7633=ORIENTED_EDGE('',*,*,#5425,.T.);
#7634=ORIENTED_EDGE('',*,*,#5426,.T.);
#7635=ORIENTED_EDGE('',*,*,#5425,.F.);
#7636=ORIENTED_EDGE('',*,*,#4403,.T.);
#7637=ORIENTED_EDGE('',*,*,#4404,.T.);
#7638=ORIENTED_EDGE('',*,*,#5426,.F.);
#7639=ORIENTED_EDGE('',*,*,#4696,.F.);
#7640=ORIENTED_EDGE('',*,*,#5427,.T.);
#7641=ORIENTED_EDGE('',*,*,#5428,.T.);
#7642=ORIENTED_EDGE('',*,*,#5427,.F.);
#7643=ORIENTED_EDGE('',*,*,#4355,.T.);
#7644=ORIENTED_EDGE('',*,*,#5428,.F.);
#7645=ORIENTED_EDGE('',*,*,#4697,.F.);
#7646=ORIENTED_EDGE('',*,*,#5429,.T.);
#7647=ORIENTED_EDGE('',*,*,#5430,.T.);
#7648=ORIENTED_EDGE('',*,*,#5429,.F.);
#7649=ORIENTED_EDGE('',*,*,#4349,.T.);
#7650=ORIENTED_EDGE('',*,*,#5430,.F.);
#7651=ORIENTED_EDGE('',*,*,#4698,.F.);
#7652=ORIENTED_EDGE('',*,*,#5431,.T.);
#7653=ORIENTED_EDGE('',*,*,#5432,.T.);
#7654=ORIENTED_EDGE('',*,*,#5431,.F.);
#7655=ORIENTED_EDGE('',*,*,#4364,.T.);
#7656=ORIENTED_EDGE('',*,*,#5432,.F.);
#7657=ORIENTED_EDGE('',*,*,#4699,.F.);
#7658=ORIENTED_EDGE('',*,*,#5433,.T.);
#7659=ORIENTED_EDGE('',*,*,#5434,.T.);
#7660=ORIENTED_EDGE('',*,*,#5433,.F.);
#7661=ORIENTED_EDGE('',*,*,#4358,.T.);
#7662=ORIENTED_EDGE('',*,*,#5434,.F.);
#7663=ORIENTED_EDGE('',*,*,#4700,.F.);
#7664=ORIENTED_EDGE('',*,*,#5435,.T.);
#7665=ORIENTED_EDGE('',*,*,#4336,.T.);
#7666=ORIENTED_EDGE('',*,*,#5436,.T.);
#7667=ORIENTED_EDGE('',*,*,#5437,.T.);
#7668=ORIENTED_EDGE('',*,*,#5436,.F.);
#7669=ORIENTED_EDGE('',*,*,#4338,.T.);
#7670=ORIENTED_EDGE('',*,*,#4337,.T.);
#7671=ORIENTED_EDGE('',*,*,#5435,.F.);
#7672=ORIENTED_EDGE('',*,*,#5437,.F.);
#7673=ORIENTED_EDGE('',*,*,#4701,.F.);
#7674=ORIENTED_EDGE('',*,*,#5438,.T.);
#7675=ORIENTED_EDGE('',*,*,#4331,.T.);
#7676=ORIENTED_EDGE('',*,*,#5439,.T.);
#7677=ORIENTED_EDGE('',*,*,#5440,.T.);
#7678=ORIENTED_EDGE('',*,*,#5439,.F.);
#7679=ORIENTED_EDGE('',*,*,#4333,.T.);
#7680=ORIENTED_EDGE('',*,*,#4332,.T.);
#7681=ORIENTED_EDGE('',*,*,#5438,.F.);
#7682=ORIENTED_EDGE('',*,*,#5440,.F.);
#7683=ORIENTED_EDGE('',*,*,#4702,.F.);
#7684=ORIENTED_EDGE('',*,*,#5441,.T.);
#7685=ORIENTED_EDGE('',*,*,#4321,.T.);
#7686=ORIENTED_EDGE('',*,*,#5442,.T.);
#7687=ORIENTED_EDGE('',*,*,#5443,.T.);
#7688=ORIENTED_EDGE('',*,*,#5442,.F.);
#7689=ORIENTED_EDGE('',*,*,#4323,.T.);
#7690=ORIENTED_EDGE('',*,*,#4322,.T.);
#7691=ORIENTED_EDGE('',*,*,#5441,.F.);
#7692=ORIENTED_EDGE('',*,*,#5443,.F.);
#7693=ORIENTED_EDGE('',*,*,#4703,.F.);
#7694=ORIENTED_EDGE('',*,*,#5444,.T.);
#7695=ORIENTED_EDGE('',*,*,#4316,.T.);
#7696=ORIENTED_EDGE('',*,*,#5445,.T.);
#7697=ORIENTED_EDGE('',*,*,#5446,.T.);
#7698=ORIENTED_EDGE('',*,*,#5445,.F.);
#7699=ORIENTED_EDGE('',*,*,#4318,.T.);
#7700=ORIENTED_EDGE('',*,*,#4317,.T.);
#7701=ORIENTED_EDGE('',*,*,#5444,.F.);
#7702=ORIENTED_EDGE('',*,*,#5446,.F.);
#7703=ORIENTED_EDGE('',*,*,#4704,.F.);
#7704=ORIENTED_EDGE('',*,*,#5447,.T.);
#7705=ORIENTED_EDGE('',*,*,#5448,.T.);
#7706=ORIENTED_EDGE('',*,*,#5447,.F.);
#7707=ORIENTED_EDGE('',*,*,#4373,.T.);
#7708=ORIENTED_EDGE('',*,*,#5448,.F.);
#7709=ORIENTED_EDGE('',*,*,#4705,.F.);
#7710=ORIENTED_EDGE('',*,*,#5449,.T.);
#7711=ORIENTED_EDGE('',*,*,#5450,.T.);
#7712=ORIENTED_EDGE('',*,*,#5449,.F.);
#7713=ORIENTED_EDGE('',*,*,#4367,.T.);
#7714=ORIENTED_EDGE('',*,*,#5450,.F.);
#7715=ORIENTED_EDGE('',*,*,#4706,.F.);
#7716=ORIENTED_EDGE('',*,*,#5451,.T.);
#7717=ORIENTED_EDGE('',*,*,#5452,.T.);
#7718=ORIENTED_EDGE('',*,*,#5451,.F.);
#7719=ORIENTED_EDGE('',*,*,#4382,.T.);
#7720=ORIENTED_EDGE('',*,*,#5452,.F.);
#7721=ORIENTED_EDGE('',*,*,#4707,.F.);
#7722=ORIENTED_EDGE('',*,*,#5453,.T.);
#7723=ORIENTED_EDGE('',*,*,#5454,.T.);
#7724=ORIENTED_EDGE('',*,*,#5453,.F.);
#7725=ORIENTED_EDGE('',*,*,#4415,.T.);
#7726=ORIENTED_EDGE('',*,*,#4416,.T.);
#7727=ORIENTED_EDGE('',*,*,#5454,.F.);
#7728=ORIENTED_EDGE('',*,*,#4708,.F.);
#7729=ORIENTED_EDGE('',*,*,#5455,.T.);
#7730=ORIENTED_EDGE('',*,*,#5456,.T.);
#7731=ORIENTED_EDGE('',*,*,#5455,.F.);
#7732=ORIENTED_EDGE('',*,*,#4391,.T.);
#7733=ORIENTED_EDGE('',*,*,#4392,.T.);
#7734=ORIENTED_EDGE('',*,*,#5456,.F.);
#7735=ORIENTED_EDGE('',*,*,#4709,.F.);
#7736=ORIENTED_EDGE('',*,*,#5457,.T.);
#7737=ORIENTED_EDGE('',*,*,#5458,.T.);
#7738=ORIENTED_EDGE('',*,*,#5457,.F.);
#7739=ORIENTED_EDGE('',*,*,#4459,.T.);
#7740=ORIENTED_EDGE('',*,*,#4460,.T.);
#7741=ORIENTED_EDGE('',*,*,#5458,.F.);
#7742=ORIENTED_EDGE('',*,*,#4710,.F.);
#7743=ORIENTED_EDGE('',*,*,#5459,.T.);
#7744=ORIENTED_EDGE('',*,*,#5460,.T.);
#7745=ORIENTED_EDGE('',*,*,#5459,.F.);
#7746=ORIENTED_EDGE('',*,*,#4467,.T.);
#7747=ORIENTED_EDGE('',*,*,#4468,.T.);
#7748=ORIENTED_EDGE('',*,*,#5460,.F.);
#7749=ORIENTED_EDGE('',*,*,#4711,.F.);
#7750=ORIENTED_EDGE('',*,*,#5461,.T.);
#7751=ORIENTED_EDGE('',*,*,#5462,.T.);
#7752=ORIENTED_EDGE('',*,*,#5461,.F.);
#7753=ORIENTED_EDGE('',*,*,#4439,.T.);
#7754=ORIENTED_EDGE('',*,*,#4440,.T.);
#7755=ORIENTED_EDGE('',*,*,#5462,.F.);
#7756=ORIENTED_EDGE('',*,*,#4712,.F.);
#7757=ORIENTED_EDGE('',*,*,#5463,.T.);
#7758=ORIENTED_EDGE('',*,*,#5464,.T.);
#7759=ORIENTED_EDGE('',*,*,#5463,.F.);
#7760=ORIENTED_EDGE('',*,*,#4463,.T.);
#7761=ORIENTED_EDGE('',*,*,#4464,.T.);
#7762=ORIENTED_EDGE('',*,*,#5464,.F.);
#7763=ORIENTED_EDGE('',*,*,#4713,.F.);
#7764=ORIENTED_EDGE('',*,*,#5465,.T.);
#7765=ORIENTED_EDGE('',*,*,#5466,.T.);
#7766=ORIENTED_EDGE('',*,*,#5465,.F.);
#7767=ORIENTED_EDGE('',*,*,#4451,.T.);
#7768=ORIENTED_EDGE('',*,*,#4452,.T.);
#7769=ORIENTED_EDGE('',*,*,#5466,.F.);
#7770=ORIENTED_EDGE('',*,*,#4714,.F.);
#7771=ORIENTED_EDGE('',*,*,#5467,.T.);
#7772=ORIENTED_EDGE('',*,*,#5468,.T.);
#7773=ORIENTED_EDGE('',*,*,#5467,.F.);
#7774=ORIENTED_EDGE('',*,*,#4443,.T.);
#7775=ORIENTED_EDGE('',*,*,#4444,.T.);
#7776=ORIENTED_EDGE('',*,*,#5468,.F.);
#7777=ORIENTED_EDGE('',*,*,#4715,.F.);
#7778=ORIENTED_EDGE('',*,*,#5469,.T.);
#7779=ORIENTED_EDGE('',*,*,#5470,.T.);
#7780=ORIENTED_EDGE('',*,*,#5469,.F.);
#7781=ORIENTED_EDGE('',*,*,#4427,.T.);
#7782=ORIENTED_EDGE('',*,*,#4428,.T.);
#7783=ORIENTED_EDGE('',*,*,#5470,.F.);
#7784=ORIENTED_EDGE('',*,*,#4716,.F.);
#7785=ORIENTED_EDGE('',*,*,#5471,.T.);
#7786=ORIENTED_EDGE('',*,*,#5472,.T.);
#7787=ORIENTED_EDGE('',*,*,#5471,.F.);
#7788=ORIENTED_EDGE('',*,*,#4395,.T.);
#7789=ORIENTED_EDGE('',*,*,#4396,.T.);
#7790=ORIENTED_EDGE('',*,*,#5472,.F.);
#7791=ORIENTED_EDGE('',*,*,#4717,.F.);
#7792=ORIENTED_EDGE('',*,*,#5473,.T.);
#7793=ORIENTED_EDGE('',*,*,#5474,.T.);
#7794=ORIENTED_EDGE('',*,*,#5473,.F.);
#7795=ORIENTED_EDGE('',*,*,#4399,.T.);
#7796=ORIENTED_EDGE('',*,*,#4400,.T.);
#7797=ORIENTED_EDGE('',*,*,#5474,.F.);
#7798=ORIENTED_EDGE('',*,*,#4718,.F.);
#7799=ORIENTED_EDGE('',*,*,#5475,.T.);
#7800=ORIENTED_EDGE('',*,*,#5476,.T.);
#7801=ORIENTED_EDGE('',*,*,#5475,.F.);
#7802=ORIENTED_EDGE('',*,*,#4379,.T.);
#7803=ORIENTED_EDGE('',*,*,#5476,.F.);
#7804=ORIENTED_EDGE('',*,*,#4719,.F.);
#7805=ORIENTED_EDGE('',*,*,#5477,.T.);
#7806=ORIENTED_EDGE('',*,*,#5478,.T.);
#7807=ORIENTED_EDGE('',*,*,#5477,.F.);
#7808=ORIENTED_EDGE('',*,*,#4385,.T.);
#7809=ORIENTED_EDGE('',*,*,#5478,.F.);
#7810=ORIENTED_EDGE('',*,*,#4720,.F.);
#7811=ORIENTED_EDGE('',*,*,#5479,.T.);
#7812=ORIENTED_EDGE('',*,*,#5480,.T.);
#7813=ORIENTED_EDGE('',*,*,#5479,.F.);
#7814=ORIENTED_EDGE('',*,*,#4370,.T.);
#7815=ORIENTED_EDGE('',*,*,#5480,.F.);
#7816=ORIENTED_EDGE('',*,*,#4721,.F.);
#7817=ORIENTED_EDGE('',*,*,#5481,.T.);
#7818=ORIENTED_EDGE('',*,*,#5482,.T.);
#7819=ORIENTED_EDGE('',*,*,#5481,.F.);
#7820=ORIENTED_EDGE('',*,*,#4376,.T.);
#7821=ORIENTED_EDGE('',*,*,#5482,.F.);
#7822=ORIENTED_EDGE('',*,*,#4722,.F.);
#7823=ORIENTED_EDGE('',*,*,#5483,.T.);
#7824=ORIENTED_EDGE('',*,*,#4311,.T.);
#7825=ORIENTED_EDGE('',*,*,#5484,.T.);
#7826=ORIENTED_EDGE('',*,*,#5485,.T.);
#7827=ORIENTED_EDGE('',*,*,#5484,.F.);
#7828=ORIENTED_EDGE('',*,*,#4313,.T.);
#7829=ORIENTED_EDGE('',*,*,#4312,.T.);
#7830=ORIENTED_EDGE('',*,*,#5483,.F.);
#7831=ORIENTED_EDGE('',*,*,#5485,.F.);
#7832=ORIENTED_EDGE('',*,*,#4723,.F.);
#7833=ORIENTED_EDGE('',*,*,#5486,.T.);
#7834=ORIENTED_EDGE('',*,*,#4341,.T.);
#7835=ORIENTED_EDGE('',*,*,#5487,.T.);
#7836=ORIENTED_EDGE('',*,*,#5488,.T.);
#7837=ORIENTED_EDGE('',*,*,#5487,.F.);
#7838=ORIENTED_EDGE('',*,*,#4343,.T.);
#7839=ORIENTED_EDGE('',*,*,#4342,.T.);
#7840=ORIENTED_EDGE('',*,*,#5486,.F.);
#7841=ORIENTED_EDGE('',*,*,#5488,.F.);
#7842=ORIENTED_EDGE('',*,*,#4724,.F.);
#7843=ORIENTED_EDGE('',*,*,#5489,.T.);
#7844=ORIENTED_EDGE('',*,*,#4326,.T.);
#7845=ORIENTED_EDGE('',*,*,#5490,.T.);
#7846=ORIENTED_EDGE('',*,*,#5491,.T.);
#7847=ORIENTED_EDGE('',*,*,#5490,.F.);
#7848=ORIENTED_EDGE('',*,*,#4328,.T.);
#7849=ORIENTED_EDGE('',*,*,#4327,.T.);
#7850=ORIENTED_EDGE('',*,*,#5489,.F.);
#7851=ORIENTED_EDGE('',*,*,#5491,.F.);
#7852=ORIENTED_EDGE('',*,*,#4725,.F.);
#7853=ORIENTED_EDGE('',*,*,#5492,.T.);
#7854=ORIENTED_EDGE('',*,*,#5493,.T.);
#7855=ORIENTED_EDGE('',*,*,#5492,.F.);
#7856=ORIENTED_EDGE('',*,*,#4388,.T.);
#7857=ORIENTED_EDGE('',*,*,#5493,.F.);
#7858=ORIENTED_EDGE('',*,*,#4726,.F.);
#7859=ORIENTED_EDGE('',*,*,#5494,.T.);
#7860=ORIENTED_EDGE('',*,*,#5495,.T.);
#7861=ORIENTED_EDGE('',*,*,#5494,.F.);
#7862=ORIENTED_EDGE('',*,*,#4361,.T.);
#7863=ORIENTED_EDGE('',*,*,#5495,.F.);
#7864=ORIENTED_EDGE('',*,*,#4727,.F.);
#7865=ORIENTED_EDGE('',*,*,#5496,.T.);
#7866=ORIENTED_EDGE('',*,*,#5497,.T.);
#7867=ORIENTED_EDGE('',*,*,#5496,.F.);
#7868=ORIENTED_EDGE('',*,*,#4346,.T.);
#7869=ORIENTED_EDGE('',*,*,#5497,.F.);
#7870=ORIENTED_EDGE('',*,*,#4728,.F.);
#7871=ORIENTED_EDGE('',*,*,#5498,.T.);
#7872=ORIENTED_EDGE('',*,*,#5499,.T.);
#7873=ORIENTED_EDGE('',*,*,#5498,.F.);
#7874=ORIENTED_EDGE('',*,*,#4352,.T.);
#7875=ORIENTED_EDGE('',*,*,#5499,.F.);
#7876=ORIENTED_EDGE('',*,*,#4729,.F.);
#7877=ORIENTED_EDGE('',*,*,#5500,.T.);
#7878=ORIENTED_EDGE('',*,*,#5501,.T.);
#7879=ORIENTED_EDGE('',*,*,#5500,.F.);
#7880=ORIENTED_EDGE('',*,*,#4407,.T.);
#7881=ORIENTED_EDGE('',*,*,#4408,.T.);
#7882=ORIENTED_EDGE('',*,*,#5501,.F.);
#7883=ORIENTED_EDGE('',*,*,#4730,.F.);
#7884=ORIENTED_EDGE('',*,*,#5502,.T.);
#7885=ORIENTED_EDGE('',*,*,#5503,.T.);
#7886=ORIENTED_EDGE('',*,*,#5502,.F.);
#7887=ORIENTED_EDGE('',*,*,#4411,.T.);
#7888=ORIENTED_EDGE('',*,*,#4412,.T.);
#7889=ORIENTED_EDGE('',*,*,#5503,.F.);
#7890=ORIENTED_EDGE('',*,*,#4731,.F.);
#7891=ORIENTED_EDGE('',*,*,#5504,.T.);
#7892=ORIENTED_EDGE('',*,*,#5505,.T.);
#7893=ORIENTED_EDGE('',*,*,#5504,.F.);
#7894=ORIENTED_EDGE('',*,*,#4447,.T.);
#7895=ORIENTED_EDGE('',*,*,#4448,.T.);
#7896=ORIENTED_EDGE('',*,*,#5505,.F.);
#7897=ORIENTED_EDGE('',*,*,#4732,.F.);
#7898=ORIENTED_EDGE('',*,*,#5506,.T.);
#7899=ORIENTED_EDGE('',*,*,#5507,.T.);
#7900=ORIENTED_EDGE('',*,*,#5506,.F.);
#7901=ORIENTED_EDGE('',*,*,#4423,.T.);
#7902=ORIENTED_EDGE('',*,*,#4424,.T.);
#7903=ORIENTED_EDGE('',*,*,#5507,.F.);
#7904=ORIENTED_EDGE('',*,*,#4733,.F.);
#7905=ORIENTED_EDGE('',*,*,#5508,.T.);
#7906=ORIENTED_EDGE('',*,*,#5509,.T.);
#7907=ORIENTED_EDGE('',*,*,#5508,.F.);
#7908=ORIENTED_EDGE('',*,*,#4455,.T.);
#7909=ORIENTED_EDGE('',*,*,#4456,.T.);
#7910=ORIENTED_EDGE('',*,*,#5509,.F.);
#7911=ORIENTED_EDGE('',*,*,#4734,.F.);
#7912=ORIENTED_EDGE('',*,*,#5510,.T.);
#7913=ORIENTED_EDGE('',*,*,#5511,.T.);
#7914=ORIENTED_EDGE('',*,*,#5510,.F.);
#7915=ORIENTED_EDGE('',*,*,#4431,.T.);
#7916=ORIENTED_EDGE('',*,*,#4432,.T.);
#7917=ORIENTED_EDGE('',*,*,#5511,.F.);
#7918=CYLINDRICAL_SURFACE('',#8615,3.5);
#7919=CYLINDRICAL_SURFACE('',#8617,3.5);
#7920=CYLINDRICAL_SURFACE('',#8619,3.5);
#7921=CYLINDRICAL_SURFACE('',#8621,3.5);
#7922=CYLINDRICAL_SURFACE('',#8623,3.5);
#7923=CYLINDRICAL_SURFACE('',#8625,3.5);
#7924=CYLINDRICAL_SURFACE('',#8627,3.5);
#7925=CYLINDRICAL_SURFACE('',#8629,3.5);
#7926=CYLINDRICAL_SURFACE('',#8631,3.5);
#7927=CYLINDRICAL_SURFACE('',#8633,3.5);
#7928=CYLINDRICAL_SURFACE('',#8635,3.5);
#7929=CYLINDRICAL_SURFACE('',#8637,3.5);
#7930=CYLINDRICAL_SURFACE('',#8639,3.5);
#7931=CYLINDRICAL_SURFACE('',#8641,3.5);
#7932=CYLINDRICAL_SURFACE('',#8643,3.5);
#7933=CYLINDRICAL_SURFACE('',#8645,3.5);
#7934=CYLINDRICAL_SURFACE('',#8647,3.5);
#7935=CYLINDRICAL_SURFACE('',#8649,3.5);
#7936=CYLINDRICAL_SURFACE('',#8651,3.5);
#7937=CYLINDRICAL_SURFACE('',#8653,3.5);
#7938=CYLINDRICAL_SURFACE('',#8655,3.5);
#7939=CYLINDRICAL_SURFACE('',#8657,3.5);
#7940=CYLINDRICAL_SURFACE('',#8659,3.5);
#7941=CYLINDRICAL_SURFACE('',#8661,3.5);
#7942=CYLINDRICAL_SURFACE('',#8663,3.5);
#7943=CYLINDRICAL_SURFACE('',#8665,3.5);
#7944=CYLINDRICAL_SURFACE('',#8667,3.5);
#7945=CYLINDRICAL_SURFACE('',#8669,3.5);
#7946=CYLINDRICAL_SURFACE('',#8671,3.5);
#7947=CYLINDRICAL_SURFACE('',#8673,3.5);
#7948=CYLINDRICAL_SURFACE('',#8675,3.5);
#7949=CYLINDRICAL_SURFACE('',#8677,3.5);
#7950=CYLINDRICAL_SURFACE('',#8679,3.5);
#7951=CYLINDRICAL_SURFACE('',#8681,3.5);
#7952=CYLINDRICAL_SURFACE('',#8683,3.5);
#7953=CYLINDRICAL_SURFACE('',#8685,3.5);
#7954=CYLINDRICAL_SURFACE('',#8687,3.5);
#7955=CYLINDRICAL_SURFACE('',#8689,3.5);
#7956=CYLINDRICAL_SURFACE('',#8691,3.5);
#7957=CYLINDRICAL_SURFACE('',#8693,3.5);
#7958=CYLINDRICAL_SURFACE('',#8695,3.5);
#7959=CYLINDRICAL_SURFACE('',#8697,3.5);
#7960=CYLINDRICAL_SURFACE('',#8699,3.5);
#7961=CYLINDRICAL_SURFACE('',#8701,3.5);
#7962=CYLINDRICAL_SURFACE('',#8705,2.);
#7963=CYLINDRICAL_SURFACE('',#8708,2.);
#7964=CYLINDRICAL_SURFACE('',#8711,2.);
#7965=CYLINDRICAL_SURFACE('',#8714,2.);
#7966=CYLINDRICAL_SURFACE('',#8825,2.);
#7967=CYLINDRICAL_SURFACE('',#8828,2.);
#7968=CYLINDRICAL_SURFACE('',#8831,2.);
#7969=CYLINDRICAL_SURFACE('',#8834,2.);
#7970=CYLINDRICAL_SURFACE('',#8988,15.);
#7971=CYLINDRICAL_SURFACE('',#8993,15.);
#7972=CYLINDRICAL_SURFACE('',#8998,15.);
#7973=CYLINDRICAL_SURFACE('',#9003,15.);
#7974=CYLINDRICAL_SURFACE('',#9008,15.);
#7975=CYLINDRICAL_SURFACE('',#9013,15.);
#7976=CYLINDRICAL_SURFACE('',#9018,15.);
#7977=CYLINDRICAL_SURFACE('',#9023,15.);
#7978=CYLINDRICAL_SURFACE('',#9028,15.);
#7979=CYLINDRICAL_SURFACE('',#9033,15.);
#7980=CYLINDRICAL_SURFACE('',#9038,15.);
#7981=CYLINDRICAL_SURFACE('',#9043,15.);
#7982=CYLINDRICAL_SURFACE('',#9048,15.);
#7983=CYLINDRICAL_SURFACE('',#9053,15.);
#7984=CYLINDRICAL_SURFACE('',#9058,15.);
#7985=CYLINDRICAL_SURFACE('',#9063,15.);
#7986=CYLINDRICAL_SURFACE('',#9068,15.);
#7987=CYLINDRICAL_SURFACE('',#9073,15.);
#7988=CYLINDRICAL_SURFACE('',#9078,15.);
#7989=CYLINDRICAL_SURFACE('',#9083,15.);
#7990=CYLINDRICAL_SURFACE('',#9088,15.);
#7991=CYLINDRICAL_SURFACE('',#9093,15.);
#7992=CYLINDRICAL_SURFACE('',#9098,15.);
#7993=CYLINDRICAL_SURFACE('',#9103,15.);
#7994=CYLINDRICAL_SURFACE('',#9108,15.);
#7995=CYLINDRICAL_SURFACE('',#9113,15.);
#7996=CYLINDRICAL_SURFACE('',#9118,15.);
#7997=CYLINDRICAL_SURFACE('',#9123,15.);
#7998=CYLINDRICAL_SURFACE('',#9128,15.);
#7999=CYLINDRICAL_SURFACE('',#9133,15.);
#8000=CYLINDRICAL_SURFACE('',#9169,15.);
#8001=CYLINDRICAL_SURFACE('',#9174,15.);
#8002=CYLINDRICAL_SURFACE('',#9179,15.);
#8003=CYLINDRICAL_SURFACE('',#9184,15.);
#8004=CYLINDRICAL_SURFACE('',#9189,15.);
#8005=CYLINDRICAL_SURFACE('',#9194,15.);
#8006=CYLINDRICAL_SURFACE('',#9199,15.);
#8007=CYLINDRICAL_SURFACE('',#9204,15.);
#8008=CYLINDRICAL_SURFACE('',#9209,15.);
#8009=CYLINDRICAL_SURFACE('',#9214,15.);
#8010=CYLINDRICAL_SURFACE('',#9219,15.);
#8011=CYLINDRICAL_SURFACE('',#9224,15.);
#8012=CYLINDRICAL_SURFACE('',#9229,15.);
#8013=CYLINDRICAL_SURFACE('',#9234,15.);
#8014=CYLINDRICAL_SURFACE('',#9239,15.);
#8015=CYLINDRICAL_SURFACE('',#9244,15.);
#8016=CYLINDRICAL_SURFACE('',#9249,15.);
#8017=CYLINDRICAL_SURFACE('',#9254,15.);
#8018=CYLINDRICAL_SURFACE('',#9259,15.);
#8019=CYLINDRICAL_SURFACE('',#9264,15.);
#8020=CYLINDRICAL_SURFACE('',#9269,15.);
#8021=CYLINDRICAL_SURFACE('',#9274,15.);
#8022=CYLINDRICAL_SURFACE('',#9279,15.);
#8023=CYLINDRICAL_SURFACE('',#9284,15.);
#8024=CYLINDRICAL_SURFACE('',#9289,15.);
#8025=CYLINDRICAL_SURFACE('',#9294,15.);
#8026=CYLINDRICAL_SURFACE('',#9299,15.);
#8027=CYLINDRICAL_SURFACE('',#9304,15.);
#8028=CYLINDRICAL_SURFACE('',#9309,15.);
#8029=CYLINDRICAL_SURFACE('',#9314,15.);
#8030=CYLINDRICAL_SURFACE('',#9319,15.);
#8031=CYLINDRICAL_SURFACE('',#9324,15.);
#8032=CYLINDRICAL_SURFACE('',#9329,15.);
#8033=CYLINDRICAL_SURFACE('',#9334,15.);
#8034=CYLINDRICAL_SURFACE('',#9339,15.);
#8035=CYLINDRICAL_SURFACE('',#9344,15.);
#8036=CYLINDRICAL_SURFACE('',#9349,15.);
#8037=CYLINDRICAL_SURFACE('',#9354,15.);
#8038=CYLINDRICAL_SURFACE('',#9359,15.);
#8039=CYLINDRICAL_SURFACE('',#9364,15.);
#8040=CYLINDRICAL_SURFACE('',#9369,15.);
#8041=CYLINDRICAL_SURFACE('',#9374,15.);
#8042=CYLINDRICAL_SURFACE('',#9379,15.);
#8043=CYLINDRICAL_SURFACE('',#9384,15.);
#8044=CYLINDRICAL_SURFACE('',#9389,15.);
#8045=CYLINDRICAL_SURFACE('',#9394,15.);
#8046=CYLINDRICAL_SURFACE('',#9399,15.);
#8047=CYLINDRICAL_SURFACE('',#9404,15.);
#8048=CYLINDRICAL_SURFACE('',#9409,15.);
#8049=CYLINDRICAL_SURFACE('',#9414,15.);
#8050=CYLINDRICAL_SURFACE('',#9419,15.);
#8051=CYLINDRICAL_SURFACE('',#9424,15.);
#8052=CYLINDRICAL_SURFACE('',#9429,15.);
#8053=CYLINDRICAL_SURFACE('',#9434,15.);
#8054=CYLINDRICAL_SURFACE('',#9439,15.);
#8055=CYLINDRICAL_SURFACE('',#9444,15.);
#8056=CYLINDRICAL_SURFACE('',#9449,15.);
#8057=CYLINDRICAL_SURFACE('',#9454,15.);
#8058=CYLINDRICAL_SURFACE('',#9459,15.);
#8059=CYLINDRICAL_SURFACE('',#9464,15.);
#8060=CYLINDRICAL_SURFACE('',#9469,15.);
#8061=CYLINDRICAL_SURFACE('',#9474,15.);
#8062=CYLINDRICAL_SURFACE('',#9479,15.);
#8063=CYLINDRICAL_SURFACE('',#9484,15.);
#8064=CYLINDRICAL_SURFACE('',#9489,15.);
#8065=CYLINDRICAL_SURFACE('',#9494,15.);
#8066=CYLINDRICAL_SURFACE('',#9499,15.);
#8067=CYLINDRICAL_SURFACE('',#9504,15.);
#8068=CYLINDRICAL_SURFACE('',#9509,15.);
#8069=CYLINDRICAL_SURFACE('',#9514,15.);
#8070=CYLINDRICAL_SURFACE('',#9519,15.);
#8071=CYLINDRICAL_SURFACE('',#9524,15.);
#8072=CYLINDRICAL_SURFACE('',#9529,15.);
#8073=CYLINDRICAL_SURFACE('',#9534,15.);
#8074=CYLINDRICAL_SURFACE('',#9612,15.);
#8075=CYLINDRICAL_SURFACE('',#9617,5.25);
#8076=CYLINDRICAL_SURFACE('',#9620,5.25);
#8077=CYLINDRICAL_SURFACE('',#9623,5.25);
#8078=CYLINDRICAL_SURFACE('',#9626,5.25);
#8079=CYLINDRICAL_SURFACE('',#9629,5.25);
#8080=CYLINDRICAL_SURFACE('',#9632,5.25);
#8081=CYLINDRICAL_SURFACE('',#9635,5.25);
#8082=CYLINDRICAL_SURFACE('',#9638,5.25);
#8083=CYLINDRICAL_SURFACE('',#9641,5.25);
#8084=CYLINDRICAL_SURFACE('',#9644,5.25);
#8085=CYLINDRICAL_SURFACE('',#9647,5.25);
#8086=CYLINDRICAL_SURFACE('',#9650,5.25);
#8087=CYLINDRICAL_SURFACE('',#9653,5.25);
#8088=CYLINDRICAL_SURFACE('',#9656,5.25);
#8089=CYLINDRICAL_SURFACE('',#9659,5.25);
#8090=CYLINDRICAL_SURFACE('',#9662,5.25);
#8091=CYLINDRICAL_SURFACE('',#9665,5.25);
#8092=CYLINDRICAL_SURFACE('',#9668,5.25);
#8093=CYLINDRICAL_SURFACE('',#9671,5.25);
#8094=CYLINDRICAL_SURFACE('',#9674,5.25);
#8095=CYLINDRICAL_SURFACE('',#9677,5.25);
#8096=CYLINDRICAL_SURFACE('',#9680,5.25);
#8097=CYLINDRICAL_SURFACE('',#9683,5.25);
#8098=CYLINDRICAL_SURFACE('',#9686,5.25);
#8099=CYLINDRICAL_SURFACE('',#9689,5.25);
#8100=CYLINDRICAL_SURFACE('',#9692,5.25);
#8101=CYLINDRICAL_SURFACE('',#9695,5.25);
#8102=CYLINDRICAL_SURFACE('',#9698,5.25);
#8103=CYLINDRICAL_SURFACE('',#9701,5.25);
#8104=CYLINDRICAL_SURFACE('',#9704,5.25);
#8105=CYLINDRICAL_SURFACE('',#9707,5.25);
#8106=CYLINDRICAL_SURFACE('',#9710,5.25);
#8107=CYLINDRICAL_SURFACE('',#9713,5.25);
#8108=CYLINDRICAL_SURFACE('',#9716,5.25);
#8109=CYLINDRICAL_SURFACE('',#9719,5.25);
#8110=CYLINDRICAL_SURFACE('',#9722,5.25);
#8111=CYLINDRICAL_SURFACE('',#9725,5.25);
#8112=CYLINDRICAL_SURFACE('',#9728,5.25);
#8113=CYLINDRICAL_SURFACE('',#9731,5.25);
#8114=CYLINDRICAL_SURFACE('',#9734,5.25);
#8115=CYLINDRICAL_SURFACE('',#9737,5.25);
#8116=CYLINDRICAL_SURFACE('',#9740,5.25);
#8117=CYLINDRICAL_SURFACE('',#9743,5.25);
#8118=CYLINDRICAL_SURFACE('',#9746,5.25);
#8119=ADVANCED_FACE('',(#622),#7918,.F.);
#8120=ADVANCED_FACE('',(#623),#7919,.F.);
#8121=ADVANCED_FACE('',(#624),#7920,.F.);
#8122=ADVANCED_FACE('',(#625),#7921,.F.);
#8123=ADVANCED_FACE('',(#626),#7922,.F.);
#8124=ADVANCED_FACE('',(#627),#7923,.F.);
#8125=ADVANCED_FACE('',(#628),#7924,.F.);
#8126=ADVANCED_FACE('',(#629),#7925,.F.);
#8127=ADVANCED_FACE('',(#630),#7926,.F.);
#8128=ADVANCED_FACE('',(#631),#7927,.F.);
#8129=ADVANCED_FACE('',(#632),#7928,.F.);
#8130=ADVANCED_FACE('',(#633),#7929,.F.);
#8131=ADVANCED_FACE('',(#634),#7930,.F.);
#8132=ADVANCED_FACE('',(#635),#7931,.F.);
#8133=ADVANCED_FACE('',(#636),#7932,.F.);
#8134=ADVANCED_FACE('',(#637),#7933,.F.);
#8135=ADVANCED_FACE('',(#638),#7934,.F.);
#8136=ADVANCED_FACE('',(#639),#7935,.F.);
#8137=ADVANCED_FACE('',(#640),#7936,.F.);
#8138=ADVANCED_FACE('',(#641),#7937,.F.);
#8139=ADVANCED_FACE('',(#642),#7938,.F.);
#8140=ADVANCED_FACE('',(#643),#7939,.F.);
#8141=ADVANCED_FACE('',(#644),#7940,.F.);
#8142=ADVANCED_FACE('',(#645),#7941,.F.);
#8143=ADVANCED_FACE('',(#646),#7942,.F.);
#8144=ADVANCED_FACE('',(#647),#7943,.F.);
#8145=ADVANCED_FACE('',(#648),#7944,.F.);
#8146=ADVANCED_FACE('',(#649),#7945,.F.);
#8147=ADVANCED_FACE('',(#650),#7946,.F.);
#8148=ADVANCED_FACE('',(#651),#7947,.F.);
#8149=ADVANCED_FACE('',(#652),#7948,.F.);
#8150=ADVANCED_FACE('',(#653),#7949,.F.);
#8151=ADVANCED_FACE('',(#654),#7950,.F.);
#8152=ADVANCED_FACE('',(#655),#7951,.F.);
#8153=ADVANCED_FACE('',(#656),#7952,.F.);
#8154=ADVANCED_FACE('',(#657),#7953,.F.);
#8155=ADVANCED_FACE('',(#658),#7954,.F.);
#8156=ADVANCED_FACE('',(#659),#7955,.F.);
#8157=ADVANCED_FACE('',(#660),#7956,.F.);
#8158=ADVANCED_FACE('',(#661),#7957,.F.);
#8159=ADVANCED_FACE('',(#662),#7958,.F.);
#8160=ADVANCED_FACE('',(#663),#7959,.F.);
#8161=ADVANCED_FACE('',(#664),#7960,.F.);
#8162=ADVANCED_FACE('',(#665),#7961,.F.);
#8163=ADVANCED_FACE('',(#666),#610,.F.);
#8164=ADVANCED_FACE('',(#667),#7962,.T.);
#8165=ADVANCED_FACE('',(#668),#611,.F.);
#8166=ADVANCED_FACE('',(#669),#7963,.T.);
#8167=ADVANCED_FACE('',(#670),#612,.F.);
#8168=ADVANCED_FACE('',(#671),#7964,.T.);
#8169=ADVANCED_FACE('',(#672),#613,.F.);
#8170=ADVANCED_FACE('',(#673),#7965,.T.);
#8171=ADVANCED_FACE('',(#674,#225,#226,#227,#228,#229,#230,#231,#232,#233,
#234,#235,#236,#237,#238,#239),#560,.F.);
#8172=ADVANCED_FACE('',(#675),#614,.F.);
#8173=ADVANCED_FACE('',(#676,#240,#241,#242,#243,#244,#245,#246),#561,.F.);
#8174=ADVANCED_FACE('',(#677),#615,.F.);
#8175=ADVANCED_FACE('',(#678,#247,#248,#249,#250,#251,#252,#253,#254,#255,
#256,#257,#258,#259,#260,#261,#262,#263,#264,#265,#266,#267,#268,#269,#270,
#271,#272,#273,#274,#275,#276,#277,#278,#279,#280,#281,#282,#283,#284,#285,
#286,#287,#288,#289,#290,#291,#292,#293,#294,#295,#296,#297,#298,#299,#300,
#301,#302,#303,#304,#305,#306,#307,#308,#309,#310,#311,#312,#313,#314,#315,
#316,#317,#318,#319,#320,#321,#322,#323,#324,#325,#326,#327,#328,#329,#330,
#331,#332,#333,#334,#335,#336,#337,#338,#339,#340,#341,#342,#343,#344,#345,
#346,#347,#348,#349,#350,#351),#562,.F.);
#8176=ADVANCED_FACE('',(#679),#616,.F.);
#8177=ADVANCED_FACE('',(#680),#7966,.T.);
#8178=ADVANCED_FACE('',(#681),#617,.F.);
#8179=ADVANCED_FACE('',(#682),#7967,.T.);
#8180=ADVANCED_FACE('',(#683),#618,.F.);
#8181=ADVANCED_FACE('',(#684),#7968,.T.);
#8182=ADVANCED_FACE('',(#685),#619,.F.);
#8183=ADVANCED_FACE('',(#686),#7969,.T.);
#8184=ADVANCED_FACE('',(#687),#620,.F.);
#8185=ADVANCED_FACE('',(#688,#352,#353,#354,#355,#356,#357,#358),#563,.F.);
#8186=ADVANCED_FACE('',(#689),#621,.F.);
#8187=ADVANCED_FACE('',(#690,#359,#360,#361,#362,#363,#364,#365,#366,#367,
#368,#369,#370,#371,#372,#373,#374,#375,#376,#377,#378,#379,#380,#381,#382,
#383,#384,#385,#386,#387,#388,#389,#390,#391,#392,#393,#394,#395,#396,#397,
#398,#399,#400,#401,#402,#403,#404,#405,#406,#407,#408,#409,#410,#411,#412,
#413,#414,#415,#416,#417,#418,#419,#420,#421,#422,#423,#424,#425,#426,#427,
#428,#429,#430,#431,#432,#433,#434,#435,#436,#437,#438,#439,#440,#441,#442,
#443,#444,#445,#446,#447,#448,#449,#450,#451,#452,#453,#454,#455,#456,#457,
#458,#459,#460,#461,#462,#463,#464,#465,#466,#467,#468,#469,#470,#471,#472,
#473,#474,#475,#476,#477,#478,#479,#480,#481,#482,#483,#484,#485,#486,#487,
#488,#489,#490,#491,#492,#493,#494,#495,#496,#497,#498,#499,#500,#501,#502,
#503,#504,#505,#506,#507),#564,.T.);
#8188=ADVANCED_FACE('',(#691),#15,.F.);
#8189=ADVANCED_FACE('',(#692),#7970,.F.);
#8190=ADVANCED_FACE('',(#693),#16,.F.);
#8191=ADVANCED_FACE('',(#694),#7971,.F.);
#8192=ADVANCED_FACE('',(#695),#17,.F.);
#8193=ADVANCED_FACE('',(#696),#7972,.F.);
#8194=ADVANCED_FACE('',(#697),#18,.F.);
#8195=ADVANCED_FACE('',(#698),#7973,.F.);
#8196=ADVANCED_FACE('',(#699),#19,.F.);
#8197=ADVANCED_FACE('',(#700),#7974,.F.);
#8198=ADVANCED_FACE('',(#701),#20,.F.);
#8199=ADVANCED_FACE('',(#702),#7975,.F.);
#8200=ADVANCED_FACE('',(#703),#21,.F.);
#8201=ADVANCED_FACE('',(#704),#7976,.F.);
#8202=ADVANCED_FACE('',(#705),#22,.F.);
#8203=ADVANCED_FACE('',(#706),#7977,.F.);
#8204=ADVANCED_FACE('',(#707),#23,.F.);
#8205=ADVANCED_FACE('',(#708),#7978,.F.);
#8206=ADVANCED_FACE('',(#709),#24,.F.);
#8207=ADVANCED_FACE('',(#710),#7979,.F.);
#8208=ADVANCED_FACE('',(#711),#25,.F.);
#8209=ADVANCED_FACE('',(#712),#7980,.F.);
#8210=ADVANCED_FACE('',(#713),#26,.F.);
#8211=ADVANCED_FACE('',(#714),#7981,.F.);
#8212=ADVANCED_FACE('',(#715),#27,.F.);
#8213=ADVANCED_FACE('',(#716),#7982,.F.);
#8214=ADVANCED_FACE('',(#717),#28,.F.);
#8215=ADVANCED_FACE('',(#718),#7983,.F.);
#8216=ADVANCED_FACE('',(#719),#29,.F.);
#8217=ADVANCED_FACE('',(#720),#7984,.F.);
#8218=ADVANCED_FACE('',(#721),#30,.F.);
#8219=ADVANCED_FACE('',(#722),#7985,.F.);
#8220=ADVANCED_FACE('',(#723),#31,.F.);
#8221=ADVANCED_FACE('',(#724),#7986,.F.);
#8222=ADVANCED_FACE('',(#725),#32,.F.);
#8223=ADVANCED_FACE('',(#726),#7987,.F.);
#8224=ADVANCED_FACE('',(#727),#33,.F.);
#8225=ADVANCED_FACE('',(#728),#7988,.F.);
#8226=ADVANCED_FACE('',(#729),#34,.F.);
#8227=ADVANCED_FACE('',(#730),#7989,.F.);
#8228=ADVANCED_FACE('',(#731),#35,.F.);
#8229=ADVANCED_FACE('',(#732),#7990,.F.);
#8230=ADVANCED_FACE('',(#733),#36,.F.);
#8231=ADVANCED_FACE('',(#734),#7991,.F.);
#8232=ADVANCED_FACE('',(#735),#37,.F.);
#8233=ADVANCED_FACE('',(#736),#7992,.F.);
#8234=ADVANCED_FACE('',(#737),#38,.F.);
#8235=ADVANCED_FACE('',(#738),#7993,.F.);
#8236=ADVANCED_FACE('',(#739),#39,.F.);
#8237=ADVANCED_FACE('',(#740),#7994,.F.);
#8238=ADVANCED_FACE('',(#741),#40,.F.);
#8239=ADVANCED_FACE('',(#742),#7995,.F.);
#8240=ADVANCED_FACE('',(#743),#41,.F.);
#8241=ADVANCED_FACE('',(#744),#7996,.F.);
#8242=ADVANCED_FACE('',(#745),#42,.F.);
#8243=ADVANCED_FACE('',(#746),#7997,.F.);
#8244=ADVANCED_FACE('',(#747),#43,.F.);
#8245=ADVANCED_FACE('',(#748),#7998,.F.);
#8246=ADVANCED_FACE('',(#749),#44,.F.);
#8247=ADVANCED_FACE('',(#750),#7999,.F.);
#8248=ADVANCED_FACE('',(#751),#45,.F.);
#8249=ADVANCED_FACE('',(#752),#46,.F.);
#8250=ADVANCED_FACE('',(#753),#47,.F.);
#8251=ADVANCED_FACE('',(#754),#48,.F.);
#8252=ADVANCED_FACE('',(#755),#49,.F.);
#8253=ADVANCED_FACE('',(#756),#50,.F.);
#8254=ADVANCED_FACE('',(#757),#51,.F.);
#8255=ADVANCED_FACE('',(#758),#52,.F.);
#8256=ADVANCED_FACE('',(#759),#53,.F.);
#8257=ADVANCED_FACE('',(#760),#54,.F.);
#8258=ADVANCED_FACE('',(#761),#55,.F.);
#8259=ADVANCED_FACE('',(#762),#56,.F.);
#8260=ADVANCED_FACE('',(#763),#57,.F.);
#8261=ADVANCED_FACE('',(#764),#58,.F.);
#8262=ADVANCED_FACE('',(#765),#59,.F.);
#8263=ADVANCED_FACE('',(#766),#60,.F.);
#8264=ADVANCED_FACE('',(#767),#61,.F.);
#8265=ADVANCED_FACE('',(#768),#62,.F.);
#8266=ADVANCED_FACE('',(#769),#63,.F.);
#8267=ADVANCED_FACE('',(#770),#64,.F.);
#8268=ADVANCED_FACE('',(#771),#65,.F.);
#8269=ADVANCED_FACE('',(#772),#66,.F.);
#8270=ADVANCED_FACE('',(#773),#67,.F.);
#8271=ADVANCED_FACE('',(#774),#68,.F.);
#8272=ADVANCED_FACE('',(#775),#69,.F.);
#8273=ADVANCED_FACE('',(#776),#70,.F.);
#8274=ADVANCED_FACE('',(#777),#71,.F.);
#8275=ADVANCED_FACE('',(#778),#72,.F.);
#8276=ADVANCED_FACE('',(#779),#73,.F.);
#8277=ADVANCED_FACE('',(#780),#74,.F.);
#8278=ADVANCED_FACE('',(#781),#75,.F.);
#8279=ADVANCED_FACE('',(#782),#8000,.F.);
#8280=ADVANCED_FACE('',(#783),#76,.F.);
#8281=ADVANCED_FACE('',(#784),#8001,.F.);
#8282=ADVANCED_FACE('',(#785),#77,.F.);
#8283=ADVANCED_FACE('',(#786),#8002,.F.);
#8284=ADVANCED_FACE('',(#787),#78,.F.);
#8285=ADVANCED_FACE('',(#788),#8003,.F.);
#8286=ADVANCED_FACE('',(#789),#79,.F.);
#8287=ADVANCED_FACE('',(#790),#8004,.F.);
#8288=ADVANCED_FACE('',(#791),#80,.F.);
#8289=ADVANCED_FACE('',(#792),#8005,.F.);
#8290=ADVANCED_FACE('',(#793),#81,.F.);
#8291=ADVANCED_FACE('',(#794),#8006,.F.);
#8292=ADVANCED_FACE('',(#795),#82,.F.);
#8293=ADVANCED_FACE('',(#796),#8007,.F.);
#8294=ADVANCED_FACE('',(#797),#83,.F.);
#8295=ADVANCED_FACE('',(#798),#8008,.F.);
#8296=ADVANCED_FACE('',(#799),#84,.F.);
#8297=ADVANCED_FACE('',(#800),#8009,.F.);
#8298=ADVANCED_FACE('',(#801),#85,.F.);
#8299=ADVANCED_FACE('',(#802),#8010,.F.);
#8300=ADVANCED_FACE('',(#803),#86,.F.);
#8301=ADVANCED_FACE('',(#804),#8011,.F.);
#8302=ADVANCED_FACE('',(#805),#87,.F.);
#8303=ADVANCED_FACE('',(#806),#8012,.F.);
#8304=ADVANCED_FACE('',(#807),#88,.F.);
#8305=ADVANCED_FACE('',(#808),#8013,.F.);
#8306=ADVANCED_FACE('',(#809),#89,.F.);
#8307=ADVANCED_FACE('',(#810),#8014,.F.);
#8308=ADVANCED_FACE('',(#811),#90,.F.);
#8309=ADVANCED_FACE('',(#812),#8015,.F.);
#8310=ADVANCED_FACE('',(#813),#91,.F.);
#8311=ADVANCED_FACE('',(#814),#8016,.F.);
#8312=ADVANCED_FACE('',(#815),#92,.F.);
#8313=ADVANCED_FACE('',(#816),#8017,.F.);
#8314=ADVANCED_FACE('',(#817),#93,.F.);
#8315=ADVANCED_FACE('',(#818),#8018,.F.);
#8316=ADVANCED_FACE('',(#819),#94,.F.);
#8317=ADVANCED_FACE('',(#820),#8019,.F.);
#8318=ADVANCED_FACE('',(#821),#95,.F.);
#8319=ADVANCED_FACE('',(#822),#8020,.F.);
#8320=ADVANCED_FACE('',(#823),#96,.F.);
#8321=ADVANCED_FACE('',(#824),#8021,.F.);
#8322=ADVANCED_FACE('',(#825),#97,.F.);
#8323=ADVANCED_FACE('',(#826),#8022,.F.);
#8324=ADVANCED_FACE('',(#827),#98,.F.);
#8325=ADVANCED_FACE('',(#828),#8023,.F.);
#8326=ADVANCED_FACE('',(#829),#99,.F.);
#8327=ADVANCED_FACE('',(#830),#8024,.F.);
#8328=ADVANCED_FACE('',(#831),#100,.F.);
#8329=ADVANCED_FACE('',(#832),#8025,.F.);
#8330=ADVANCED_FACE('',(#833),#101,.F.);
#8331=ADVANCED_FACE('',(#834),#8026,.F.);
#8332=ADVANCED_FACE('',(#835),#102,.F.);
#8333=ADVANCED_FACE('',(#836),#8027,.F.);
#8334=ADVANCED_FACE('',(#837),#103,.F.);
#8335=ADVANCED_FACE('',(#838),#8028,.F.);
#8336=ADVANCED_FACE('',(#839),#104,.F.);
#8337=ADVANCED_FACE('',(#840),#8029,.F.);
#8338=ADVANCED_FACE('',(#841),#105,.F.);
#8339=ADVANCED_FACE('',(#842),#8030,.F.);
#8340=ADVANCED_FACE('',(#843),#106,.F.);
#8341=ADVANCED_FACE('',(#844),#8031,.F.);
#8342=ADVANCED_FACE('',(#845),#107,.F.);
#8343=ADVANCED_FACE('',(#846),#8032,.F.);
#8344=ADVANCED_FACE('',(#847),#108,.F.);
#8345=ADVANCED_FACE('',(#848),#8033,.F.);
#8346=ADVANCED_FACE('',(#849),#109,.F.);
#8347=ADVANCED_FACE('',(#850),#8034,.F.);
#8348=ADVANCED_FACE('',(#851),#110,.F.);
#8349=ADVANCED_FACE('',(#852),#8035,.F.);
#8350=ADVANCED_FACE('',(#853),#111,.F.);
#8351=ADVANCED_FACE('',(#854),#8036,.F.);
#8352=ADVANCED_FACE('',(#855),#112,.F.);
#8353=ADVANCED_FACE('',(#856),#8037,.F.);
#8354=ADVANCED_FACE('',(#857),#113,.F.);
#8355=ADVANCED_FACE('',(#858),#8038,.F.);
#8356=ADVANCED_FACE('',(#859),#114,.F.);
#8357=ADVANCED_FACE('',(#860),#8039,.F.);
#8358=ADVANCED_FACE('',(#861),#115,.F.);
#8359=ADVANCED_FACE('',(#862),#8040,.F.);
#8360=ADVANCED_FACE('',(#863),#116,.F.);
#8361=ADVANCED_FACE('',(#864),#8041,.F.);
#8362=ADVANCED_FACE('',(#865),#117,.F.);
#8363=ADVANCED_FACE('',(#866),#8042,.F.);
#8364=ADVANCED_FACE('',(#867),#118,.F.);
#8365=ADVANCED_FACE('',(#868),#8043,.F.);
#8366=ADVANCED_FACE('',(#869),#119,.F.);
#8367=ADVANCED_FACE('',(#870),#8044,.F.);
#8368=ADVANCED_FACE('',(#871),#120,.F.);
#8369=ADVANCED_FACE('',(#872),#8045,.F.);
#8370=ADVANCED_FACE('',(#873),#121,.F.);
#8371=ADVANCED_FACE('',(#874),#8046,.F.);
#8372=ADVANCED_FACE('',(#875),#122,.F.);
#8373=ADVANCED_FACE('',(#876),#8047,.F.);
#8374=ADVANCED_FACE('',(#877),#123,.F.);
#8375=ADVANCED_FACE('',(#878),#8048,.F.);
#8376=ADVANCED_FACE('',(#879),#124,.F.);
#8377=ADVANCED_FACE('',(#880),#8049,.F.);
#8378=ADVANCED_FACE('',(#881),#125,.F.);
#8379=ADVANCED_FACE('',(#882),#8050,.F.);
#8380=ADVANCED_FACE('',(#883),#126,.F.);
#8381=ADVANCED_FACE('',(#884),#8051,.F.);
#8382=ADVANCED_FACE('',(#885),#127,.F.);
#8383=ADVANCED_FACE('',(#886),#8052,.F.);
#8384=ADVANCED_FACE('',(#887),#128,.F.);
#8385=ADVANCED_FACE('',(#888),#8053,.F.);
#8386=ADVANCED_FACE('',(#889),#129,.F.);
#8387=ADVANCED_FACE('',(#890),#8054,.F.);
#8388=ADVANCED_FACE('',(#891),#130,.F.);
#8389=ADVANCED_FACE('',(#892),#8055,.F.);
#8390=ADVANCED_FACE('',(#893),#131,.F.);
#8391=ADVANCED_FACE('',(#894),#8056,.F.);
#8392=ADVANCED_FACE('',(#895),#132,.F.);
#8393=ADVANCED_FACE('',(#896),#8057,.F.);
#8394=ADVANCED_FACE('',(#897),#133,.F.);
#8395=ADVANCED_FACE('',(#898),#8058,.F.);
#8396=ADVANCED_FACE('',(#899),#134,.F.);
#8397=ADVANCED_FACE('',(#900),#8059,.F.);
#8398=ADVANCED_FACE('',(#901),#135,.F.);
#8399=ADVANCED_FACE('',(#902),#8060,.F.);
#8400=ADVANCED_FACE('',(#903),#136,.F.);
#8401=ADVANCED_FACE('',(#904),#8061,.F.);
#8402=ADVANCED_FACE('',(#905),#137,.F.);
#8403=ADVANCED_FACE('',(#906),#8062,.F.);
#8404=ADVANCED_FACE('',(#907),#138,.F.);
#8405=ADVANCED_FACE('',(#908),#8063,.F.);
#8406=ADVANCED_FACE('',(#909),#139,.F.);
#8407=ADVANCED_FACE('',(#910),#8064,.F.);
#8408=ADVANCED_FACE('',(#911),#140,.F.);
#8409=ADVANCED_FACE('',(#912),#8065,.F.);
#8410=ADVANCED_FACE('',(#913),#141,.F.);
#8411=ADVANCED_FACE('',(#914),#8066,.F.);
#8412=ADVANCED_FACE('',(#915),#142,.F.);
#8413=ADVANCED_FACE('',(#916),#8067,.F.);
#8414=ADVANCED_FACE('',(#917),#143,.F.);
#8415=ADVANCED_FACE('',(#918),#8068,.F.);
#8416=ADVANCED_FACE('',(#919),#144,.F.);
#8417=ADVANCED_FACE('',(#920),#8069,.F.);
#8418=ADVANCED_FACE('',(#921),#145,.F.);
#8419=ADVANCED_FACE('',(#922),#8070,.F.);
#8420=ADVANCED_FACE('',(#923),#146,.F.);
#8421=ADVANCED_FACE('',(#924),#8071,.F.);
#8422=ADVANCED_FACE('',(#925),#147,.F.);
#8423=ADVANCED_FACE('',(#926),#8072,.F.);
#8424=ADVANCED_FACE('',(#927),#148,.F.);
#8425=ADVANCED_FACE('',(#928),#8073,.F.);
#8426=ADVANCED_FACE('',(#929),#149,.F.);
#8427=ADVANCED_FACE('',(#930),#150,.F.);
#8428=ADVANCED_FACE('',(#931),#151,.F.);
#8429=ADVANCED_FACE('',(#932),#152,.F.);
#8430=ADVANCED_FACE('',(#933),#153,.F.);
#8431=ADVANCED_FACE('',(#934),#154,.F.);
#8432=ADVANCED_FACE('',(#935),#155,.F.);
#8433=ADVANCED_FACE('',(#936),#156,.F.);
#8434=ADVANCED_FACE('',(#937),#157,.F.);
#8435=ADVANCED_FACE('',(#938),#158,.F.);
#8436=ADVANCED_FACE('',(#939),#159,.F.);
#8437=ADVANCED_FACE('',(#940),#160,.F.);
#8438=ADVANCED_FACE('',(#941),#161,.F.);
#8439=ADVANCED_FACE('',(#942),#162,.F.);
#8440=ADVANCED_FACE('',(#943),#163,.F.);
#8441=ADVANCED_FACE('',(#944),#164,.F.);
#8442=ADVANCED_FACE('',(#945),#165,.F.);
#8443=ADVANCED_FACE('',(#946),#166,.F.);
#8444=ADVANCED_FACE('',(#947),#167,.F.);
#8445=ADVANCED_FACE('',(#948),#168,.F.);
#8446=ADVANCED_FACE('',(#949),#169,.F.);
#8447=ADVANCED_FACE('',(#950),#170,.F.);
#8448=ADVANCED_FACE('',(#951),#171,.F.);
#8449=ADVANCED_FACE('',(#952),#172,.F.);
#8450=ADVANCED_FACE('',(#953),#173,.F.);
#8451=ADVANCED_FACE('',(#954),#174,.F.);
#8452=ADVANCED_FACE('',(#955),#175,.F.);
#8453=ADVANCED_FACE('',(#956),#176,.F.);
#8454=ADVANCED_FACE('',(#957),#177,.F.);
#8455=ADVANCED_FACE('',(#958),#178,.F.);
#8456=ADVANCED_FACE('',(#959),#179,.F.);
#8457=ADVANCED_FACE('',(#960),#180,.F.);
#8458=ADVANCED_FACE('',(#961),#181,.F.);
#8459=ADVANCED_FACE('',(#962),#182,.F.);
#8460=ADVANCED_FACE('',(#963),#183,.F.);
#8461=ADVANCED_FACE('',(#964),#184,.F.);
#8462=ADVANCED_FACE('',(#965),#185,.F.);
#8463=ADVANCED_FACE('',(#966),#186,.F.);
#8464=ADVANCED_FACE('',(#967),#187,.F.);
#8465=ADVANCED_FACE('',(#968),#188,.F.);
#8466=ADVANCED_FACE('',(#969),#189,.F.);
#8467=ADVANCED_FACE('',(#970),#190,.F.);
#8468=ADVANCED_FACE('',(#971),#191,.F.);
#8469=ADVANCED_FACE('',(#972),#192,.F.);
#8470=ADVANCED_FACE('',(#973),#193,.F.);
#8471=ADVANCED_FACE('',(#974),#194,.F.);
#8472=ADVANCED_FACE('',(#975),#195,.F.);
#8473=ADVANCED_FACE('',(#976),#196,.F.);
#8474=ADVANCED_FACE('',(#977),#197,.F.);
#8475=ADVANCED_FACE('',(#978),#198,.F.);
#8476=ADVANCED_FACE('',(#979),#199,.F.);
#8477=ADVANCED_FACE('',(#980),#200,.F.);
#8478=ADVANCED_FACE('',(#981),#201,.F.);
#8479=ADVANCED_FACE('',(#982),#202,.F.);
#8480=ADVANCED_FACE('',(#983),#203,.F.);
#8481=ADVANCED_FACE('',(#984),#204,.F.);
#8482=ADVANCED_FACE('',(#985),#205,.F.);
#8483=ADVANCED_FACE('',(#986),#206,.F.);
#8484=ADVANCED_FACE('',(#987),#207,.F.);
#8485=ADVANCED_FACE('',(#988),#208,.F.);
#8486=ADVANCED_FACE('',(#989),#209,.F.);
#8487=ADVANCED_FACE('',(#990),#210,.F.);
#8488=ADVANCED_FACE('',(#991),#211,.F.);
#8489=ADVANCED_FACE('',(#992),#212,.F.);
#8490=ADVANCED_FACE('',(#993),#213,.F.);
#8491=ADVANCED_FACE('',(#994),#214,.F.);
#8492=ADVANCED_FACE('',(#995),#215,.F.);
#8493=ADVANCED_FACE('',(#996),#216,.F.);
#8494=ADVANCED_FACE('',(#997),#217,.F.);
#8495=ADVANCED_FACE('',(#998),#218,.F.);
#8496=ADVANCED_FACE('',(#999),#219,.F.);
#8497=ADVANCED_FACE('',(#1000),#220,.F.);
#8498=ADVANCED_FACE('',(#1001),#221,.F.);
#8499=ADVANCED_FACE('',(#1002),#222,.F.);
#8500=ADVANCED_FACE('',(#1003),#223,.F.);
#8501=ADVANCED_FACE('',(#1004),#8074,.F.);
#8502=ADVANCED_FACE('',(#1005),#224,.F.);
#8503=ADVANCED_FACE('',(#1006,#508,#509,#510,#511,#512,#513,#514,#515,#516,
#517,#518,#519,#520,#521,#522),#565,.F.);
#8504=ADVANCED_FACE('',(#1007,#523),#8075,.F.);
#8505=ADVANCED_FACE('',(#1008),#566,.T.);
#8506=ADVANCED_FACE('',(#1009,#524),#8076,.F.);
#8507=ADVANCED_FACE('',(#1010),#567,.T.);
#8508=ADVANCED_FACE('',(#1011,#525),#8077,.F.);
#8509=ADVANCED_FACE('',(#1012),#568,.T.);
#8510=ADVANCED_FACE('',(#1013,#526),#8078,.F.);
#8511=ADVANCED_FACE('',(#1014),#569,.T.);
#8512=ADVANCED_FACE('',(#1015,#527),#8079,.F.);
#8513=ADVANCED_FACE('',(#1016),#570,.T.);
#8514=ADVANCED_FACE('',(#1017,#528),#8080,.F.);
#8515=ADVANCED_FACE('',(#1018),#571,.T.);
#8516=ADVANCED_FACE('',(#1019,#529),#8081,.F.);
#8517=ADVANCED_FACE('',(#1020),#572,.T.);
#8518=ADVANCED_FACE('',(#1021,#530),#8082,.F.);
#8519=ADVANCED_FACE('',(#1022),#573,.T.);
#8520=ADVANCED_FACE('',(#1023,#531),#8083,.F.);
#8521=ADVANCED_FACE('',(#1024),#574,.T.);
#8522=ADVANCED_FACE('',(#1025),#8084,.F.);
#8523=ADVANCED_FACE('',(#1026),#575,.T.);
#8524=ADVANCED_FACE('',(#1027),#8085,.F.);
#8525=ADVANCED_FACE('',(#1028),#576,.T.);
#8526=ADVANCED_FACE('',(#1029),#8086,.F.);
#8527=ADVANCED_FACE('',(#1030),#577,.T.);
#8528=ADVANCED_FACE('',(#1031),#8087,.F.);
#8529=ADVANCED_FACE('',(#1032),#578,.T.);
#8530=ADVANCED_FACE('',(#1033,#532),#8088,.F.);
#8531=ADVANCED_FACE('',(#1034),#579,.T.);
#8532=ADVANCED_FACE('',(#1035,#533),#8089,.F.);
#8533=ADVANCED_FACE('',(#1036),#580,.T.);
#8534=ADVANCED_FACE('',(#1037,#534),#8090,.F.);
#8535=ADVANCED_FACE('',(#1038),#581,.T.);
#8536=ADVANCED_FACE('',(#1039,#535),#8091,.F.);
#8537=ADVANCED_FACE('',(#1040),#582,.T.);
#8538=ADVANCED_FACE('',(#1041,#536),#8092,.F.);
#8539=ADVANCED_FACE('',(#1042),#583,.T.);
#8540=ADVANCED_FACE('',(#1043,#537),#8093,.F.);
#8541=ADVANCED_FACE('',(#1044),#584,.T.);
#8542=ADVANCED_FACE('',(#1045,#538),#8094,.F.);
#8543=ADVANCED_FACE('',(#1046),#585,.T.);
#8544=ADVANCED_FACE('',(#1047,#539),#8095,.F.);
#8545=ADVANCED_FACE('',(#1048),#586,.T.);
#8546=ADVANCED_FACE('',(#1049,#540),#8096,.F.);
#8547=ADVANCED_FACE('',(#1050),#587,.T.);
#8548=ADVANCED_FACE('',(#1051,#541),#8097,.F.);
#8549=ADVANCED_FACE('',(#1052),#588,.T.);
#8550=ADVANCED_FACE('',(#1053,#542),#8098,.F.);
#8551=ADVANCED_FACE('',(#1054),#589,.T.);
#8552=ADVANCED_FACE('',(#1055,#543),#8099,.F.);
#8553=ADVANCED_FACE('',(#1056),#590,.T.);
#8554=ADVANCED_FACE('',(#1057,#544),#8100,.F.);
#8555=ADVANCED_FACE('',(#1058),#591,.T.);
#8556=ADVANCED_FACE('',(#1059,#545),#8101,.F.);
#8557=ADVANCED_FACE('',(#1060),#592,.T.);
#8558=ADVANCED_FACE('',(#1061,#546),#8102,.F.);
#8559=ADVANCED_FACE('',(#1062),#593,.T.);
#8560=ADVANCED_FACE('',(#1063,#547),#8103,.F.);
#8561=ADVANCED_FACE('',(#1064),#594,.T.);
#8562=ADVANCED_FACE('',(#1065,#548),#8104,.F.);
#8563=ADVANCED_FACE('',(#1066),#595,.T.);
#8564=ADVANCED_FACE('',(#1067,#549),#8105,.F.);
#8565=ADVANCED_FACE('',(#1068),#596,.T.);
#8566=ADVANCED_FACE('',(#1069),#8106,.F.);
#8567=ADVANCED_FACE('',(#1070),#597,.T.);
#8568=ADVANCED_FACE('',(#1071),#8107,.F.);
#8569=ADVANCED_FACE('',(#1072),#598,.T.);
#8570=ADVANCED_FACE('',(#1073),#8108,.F.);
#8571=ADVANCED_FACE('',(#1074),#599,.T.);
#8572=ADVANCED_FACE('',(#1075,#550),#8109,.F.);
#8573=ADVANCED_FACE('',(#1076),#600,.T.);
#8574=ADVANCED_FACE('',(#1077,#551),#8110,.F.);
#8575=ADVANCED_FACE('',(#1078),#601,.T.);
#8576=ADVANCED_FACE('',(#1079,#552),#8111,.F.);
#8577=ADVANCED_FACE('',(#1080),#602,.T.);
#8578=ADVANCED_FACE('',(#1081,#553),#8112,.F.);
#8579=ADVANCED_FACE('',(#1082),#603,.T.);
#8580=ADVANCED_FACE('',(#1083,#554),#8113,.F.);
#8581=ADVANCED_FACE('',(#1084),#604,.T.);
#8582=ADVANCED_FACE('',(#1085,#555),#8114,.F.);
#8583=ADVANCED_FACE('',(#1086),#605,.T.);
#8584=ADVANCED_FACE('',(#1087,#556),#8115,.F.);
#8585=ADVANCED_FACE('',(#1088),#606,.T.);
#8586=ADVANCED_FACE('',(#1089,#557),#8116,.F.);
#8587=ADVANCED_FACE('',(#1090),#607,.T.);
#8588=ADVANCED_FACE('',(#1091,#558),#8117,.F.);
#8589=ADVANCED_FACE('',(#1092),#608,.T.);
#8590=ADVANCED_FACE('',(#1093,#559),#8118,.F.);
#8591=ADVANCED_FACE('',(#1094),#609,.T.);
#8592=CLOSED_SHELL('',(#8119,#8120,#8121,#8122,#8123,#8124,#8125,#8126,
#8127,#8128,#8129,#8130,#8131,#8132,#8133,#8134,#8135,#8136,#8137,#8138,
#8139,#8140,#8141,#8142,#8143,#8144,#8145,#8146,#8147,#8148,#8149,#8150,
#8151,#8152,#8153,#8154,#8155,#8156,#8157,#8158,#8159,#8160,#8161,#8162,
#8163,#8164,#8165,#8166,#8167,#8168,#8169,#8170,#8171,#8172,#8173,#8174,
#8175,#8176,#8177,#8178,#8179,#8180,#8181,#8182,#8183,#8184,#8185,#8186,
#8187,#8188,#8189,#8190,#8191,#8192,#8193,#8194,#8195,#8196,#8197,#8198,
#8199,#8200,#8201,#8202,#8203,#8204,#8205,#8206,#8207,#8208,#8209,#8210,
#8211,#8212,#8213,#8214,#8215,#8216,#8217,#8218,#8219,#8220,#8221,#8222,
#8223,#8224,#8225,#8226,#8227,#8228,#8229,#8230,#8231,#8232,#8233,#8234,
#8235,#8236,#8237,#8238,#8239,#8240,#8241,#8242,#8243,#8244,#8245,#8246,
#8247,#8248,#8249,#8250,#8251,#8252,#8253,#8254,#8255,#8256,#8257,#8258,
#8259,#8260,#8261,#8262,#8263,#8264,#8265,#8266,#8267,#8268,#8269,#8270,
#8271,#8272,#8273,#8274,#8275,#8276,#8277,#8278,#8279,#8280,#8281,#8282,
#8283,#8284,#8285,#8286,#8287,#8288,#8289,#8290,#8291,#8292,#8293,#8294,
#8295,#8296,#8297,#8298,#8299,#8300,#8301,#8302,#8303,#8304,#8305,#8306,
#8307,#8308,#8309,#8310,#8311,#8312,#8313,#8314,#8315,#8316,#8317,#8318,
#8319,#8320,#8321,#8322,#8323,#8324,#8325,#8326,#8327,#8328,#8329,#8330,
#8331,#8332,#8333,#8334,#8335,#8336,#8337,#8338,#8339,#8340,#8341,#8342,
#8343,#8344,#8345,#8346,#8347,#8348,#8349,#8350,#8351,#8352,#8353,#8354,
#8355,#8356,#8357,#8358,#8359,#8360,#8361,#8362,#8363,#8364,#8365,#8366,
#8367,#8368,#8369,#8370,#8371,#8372,#8373,#8374,#8375,#8376,#8377,#8378,
#8379,#8380,#8381,#8382,#8383,#8384,#8385,#8386,#8387,#8388,#8389,#8390,
#8391,#8392,#8393,#8394,#8395,#8396,#8397,#8398,#8399,#8400,#8401,#8402,
#8403,#8404,#8405,#8406,#8407,#8408,#8409,#8410,#8411,#8412,#8413,#8414,
#8415,#8416,#8417,#8418,#8419,#8420,#8421,#8422,#8423,#8424,#8425,#8426,
#8427,#8428,#8429,#8430,#8431,#8432,#8433,#8434,#8435,#8436,#8437,#8438,
#8439,#8440,#8441,#8442,#8443,#8444,#8445,#8446,#8447,#8448,#8449,#8450,
#8451,#8452,#8453,#8454,#8455,#8456,#8457,#8458,#8459,#8460,#8461,#8462,
#8463,#8464,#8465,#8466,#8467,#8468,#8469,#8470,#8471,#8472,#8473,#8474,
#8475,#8476,#8477,#8478,#8479,#8480,#8481,#8482,#8483,#8484,#8485,#8486,
#8487,#8488,#8489,#8490,#8491,#8492,#8493,#8494,#8495,#8496,#8497,#8498,
#8499,#8500,#8501,#8502,#8503,#8504,#8505,#8506,#8507,#8508,#8509,#8510,
#8511,#8512,#8513,#8514,#8515,#8516,#8517,#8518,#8519,#8520,#8521,#8522,
#8523,#8524,#8525,#8526,#8527,#8528,#8529,#8530,#8531,#8532,#8533,#8534,
#8535,#8536,#8537,#8538,#8539,#8540,#8541,#8542,#8543,#8544,#8545,#8546,
#8547,#8548,#8549,#8550,#8551,#8552,#8553,#8554,#8555,#8556,#8557,#8558,
#8559,#8560,#8561,#8562,#8563,#8564,#8565,#8566,#8567,#8568,#8569,#8570,
#8571,#8572,#8573,#8574,#8575,#8576,#8577,#8578,#8579,#8580,#8581,#8582,
#8583,#8584,#8585,#8586,#8587,#8588,#8589,#8590,#8591));
#8593=DERIVED_UNIT_ELEMENT(#8596,1.);
#8594=DERIVED_UNIT_ELEMENT(#17343,-3.);
#8595=DIMENSIONAL_EXPONENTS(0.,1.,0.,0.,0.,0.,0.);
#8596=(
CONVERSION_BASED_UNIT('gram',#8598)
MASS_UNIT()
NAMED_UNIT(#8595)
);
#8597=(
MASS_UNIT()
NAMED_UNIT(*)
SI_UNIT(.KILO.,.GRAM.)
);
#8598=MASS_MEASURE_WITH_UNIT(MASS_MEASURE(0.001),#8597);
#8599=DERIVED_UNIT((#8593,#8594));
#8600=MEASURE_REPRESENTATION_ITEM('density measure',
POSITIVE_RATIO_MEASURE(1.),#8599);
#8601=PROPERTY_DEFINITION_REPRESENTATION(#8606,#8603);
#8602=PROPERTY_DEFINITION_REPRESENTATION(#8607,#8604);
#8603=REPRESENTATION('material name',(#8605),#17340);
#8604=REPRESENTATION('density',(#8600),#17340);
#8605=DESCRIPTIVE_REPRESENTATION_ITEM('Generisch','Generisch');
#8606=PROPERTY_DEFINITION('material property','material name',#17350);
#8607=PROPERTY_DEFINITION('material property','density of part',#17350);
#8608=DATE_TIME_ROLE('creation_date');
#8609=APPLIED_DATE_AND_TIME_ASSIGNMENT(#8610,#8608,(#17350));
#8610=DATE_AND_TIME(#8611,#8612);
#8611=CALENDAR_DATE(2024,14,11);
#8612=LOCAL_TIME(0,0,0.,#8613);
#8613=COORDINATED_UNIVERSAL_TIME_OFFSET(0,0,.BEHIND.);
#8614=AXIS2_PLACEMENT_3D('',#12453,#9749,#9750);
#8615=AXIS2_PLACEMENT_3D('',#12454,#9751,#9752);
#8616=AXIS2_PLACEMENT_3D('',#12456,#9753,#9754);
#8617=AXIS2_PLACEMENT_3D('',#12499,#9756,#9757);
#8618=AXIS2_PLACEMENT_3D('',#12501,#9758,#9759);
#8619=AXIS2_PLACEMENT_3D('',#12544,#9761,#9762);
#8620=AXIS2_PLACEMENT_3D('',#12546,#9763,#9764);
#8621=AXIS2_PLACEMENT_3D('',#12589,#9766,#9767);
#8622=AXIS2_PLACEMENT_3D('',#12591,#9768,#9769);
#8623=AXIS2_PLACEMENT_3D('',#12634,#9771,#9772);
#8624=AXIS2_PLACEMENT_3D('',#12636,#9773,#9774);
#8625=AXIS2_PLACEMENT_3D('',#12679,#9776,#9777);
#8626=AXIS2_PLACEMENT_3D('',#12681,#9778,#9779);
#8627=AXIS2_PLACEMENT_3D('',#12724,#9781,#9782);
#8628=AXIS2_PLACEMENT_3D('',#12726,#9783,#9784);
#8629=AXIS2_PLACEMENT_3D('',#12769,#9786,#9787);
#8630=AXIS2_PLACEMENT_3D('',#12771,#9788,#9789);
#8631=AXIS2_PLACEMENT_3D('',#12808,#9791,#9792);
#8632=AXIS2_PLACEMENT_3D('',#12810,#9793,#9794);
#8633=AXIS2_PLACEMENT_3D('',#12847,#9796,#9797);
#8634=AXIS2_PLACEMENT_3D('',#12849,#9798,#9799);
#8635=AXIS2_PLACEMENT_3D('',#12886,#9801,#9802);
#8636=AXIS2_PLACEMENT_3D('',#12888,#9803,#9804);
#8637=AXIS2_PLACEMENT_3D('',#12925,#9806,#9807);
#8638=AXIS2_PLACEMENT_3D('',#12927,#9808,#9809);
#8639=AXIS2_PLACEMENT_3D('',#12964,#9811,#9812);
#8640=AXIS2_PLACEMENT_3D('',#12966,#9813,#9814);
#8641=AXIS2_PLACEMENT_3D('',#13003,#9816,#9817);
#8642=AXIS2_PLACEMENT_3D('',#13005,#9818,#9819);
#8643=AXIS2_PLACEMENT_3D('',#13042,#9821,#9822);
#8644=AXIS2_PLACEMENT_3D('',#13044,#9823,#9824);
#8645=AXIS2_PLACEMENT_3D('',#13081,#9826,#9827);
#8646=AXIS2_PLACEMENT_3D('',#13083,#9828,#9829);
#8647=AXIS2_PLACEMENT_3D('',#13120,#9831,#9832);
#8648=AXIS2_PLACEMENT_3D('',#13122,#9833,#9834);
#8649=AXIS2_PLACEMENT_3D('',#13159,#9836,#9837);
#8650=AXIS2_PLACEMENT_3D('',#13161,#9838,#9839);
#8651=AXIS2_PLACEMENT_3D('',#13198,#9841,#9842);
#8652=AXIS2_PLACEMENT_3D('',#13200,#9843,#9844);
#8653=AXIS2_PLACEMENT_3D('',#13237,#9846,#9847);
#8654=AXIS2_PLACEMENT_3D('',#13239,#9848,#9849);
#8655=AXIS2_PLACEMENT_3D('',#13276,#9851,#9852);
#8656=AXIS2_PLACEMENT_3D('',#13278,#9853,#9854);
#8657=AXIS2_PLACEMENT_3D('',#13315,#9856,#9857);
#8658=AXIS2_PLACEMENT_3D('',#13317,#9858,#9859);
#8659=AXIS2_PLACEMENT_3D('',#13354,#9861,#9862);
#8660=AXIS2_PLACEMENT_3D('',#13356,#9863,#9864);
#8661=AXIS2_PLACEMENT_3D('',#13396,#9866,#9867);
#8662=AXIS2_PLACEMENT_3D('',#13398,#9868,#9869);
#8663=AXIS2_PLACEMENT_3D('',#13438,#9871,#9872);
#8664=AXIS2_PLACEMENT_3D('',#13440,#9873,#9874);
#8665=AXIS2_PLACEMENT_3D('',#13480,#9876,#9877);
#8666=AXIS2_PLACEMENT_3D('',#13482,#9878,#9879);
#8667=AXIS2_PLACEMENT_3D('',#13522,#9881,#9882);
#8668=AXIS2_PLACEMENT_3D('',#13524,#9883,#9884);
#8669=AXIS2_PLACEMENT_3D('',#13564,#9886,#9887);
#8670=AXIS2_PLACEMENT_3D('',#13566,#9888,#9889);
#8671=AXIS2_PLACEMENT_3D('',#13606,#9891,#9892);
#8672=AXIS2_PLACEMENT_3D('',#13608,#9893,#9894);
#8673=AXIS2_PLACEMENT_3D('',#13648,#9896,#9897);
#8674=AXIS2_PLACEMENT_3D('',#13650,#9898,#9899);
#8675=AXIS2_PLACEMENT_3D('',#13690,#9901,#9902);
#8676=AXIS2_PLACEMENT_3D('',#13692,#9903,#9904);
#8677=AXIS2_PLACEMENT_3D('',#13732,#9906,#9907);
#8678=AXIS2_PLACEMENT_3D('',#13734,#9908,#9909);
#8679=AXIS2_PLACEMENT_3D('',#13774,#9911,#9912);
#8680=AXIS2_PLACEMENT_3D('',#13776,#9913,#9914);
#8681=AXIS2_PLACEMENT_3D('',#13816,#9916,#9917);
#8682=AXIS2_PLACEMENT_3D('',#13818,#9918,#9919);
#8683=AXIS2_PLACEMENT_3D('',#13858,#9921,#9922);
#8684=AXIS2_PLACEMENT_3D('',#13860,#9923,#9924);
#8685=AXIS2_PLACEMENT_3D('',#13900,#9926,#9927);
#8686=AXIS2_PLACEMENT_3D('',#13902,#9928,#9929);
#8687=AXIS2_PLACEMENT_3D('',#13942,#9931,#9932);
#8688=AXIS2_PLACEMENT_3D('',#13944,#9933,#9934);
#8689=AXIS2_PLACEMENT_3D('',#13984,#9936,#9937);
#8690=AXIS2_PLACEMENT_3D('',#13986,#9938,#9939);
#8691=AXIS2_PLACEMENT_3D('',#14026,#9941,#9942);
#8692=AXIS2_PLACEMENT_3D('',#14028,#9943,#9944);
#8693=AXIS2_PLACEMENT_3D('',#14068,#9946,#9947);
#8694=AXIS2_PLACEMENT_3D('',#14070,#9948,#9949);
#8695=AXIS2_PLACEMENT_3D('',#14110,#9951,#9952);
#8696=AXIS2_PLACEMENT_3D('',#14112,#9953,#9954);
#8697=AXIS2_PLACEMENT_3D('',#14152,#9956,#9957);
#8698=AXIS2_PLACEMENT_3D('',#14154,#9958,#9959);
#8699=AXIS2_PLACEMENT_3D('',#14194,#9961,#9962);
#8700=AXIS2_PLACEMENT_3D('',#14196,#9963,#9964);
#8701=AXIS2_PLACEMENT_3D('',#14236,#9966,#9967);
#8702=AXIS2_PLACEMENT_3D('',#14238,#9968,#9969);
#8703=AXIS2_PLACEMENT_3D('',#14350,#9971,#9972);
#8704=AXIS2_PLACEMENT_3D('',#14367,#9973,#9974);
#8705=AXIS2_PLACEMENT_3D('',#14382,#9975,#9976);
#8706=AXIS2_PLACEMENT_3D('',#14385,#9977,#9978);
#8707=AXIS2_PLACEMENT_3D('',#14460,#9981,#9982);
#8708=AXIS2_PLACEMENT_3D('',#14489,#9983,#9984);
#8709=AXIS2_PLACEMENT_3D('',#14492,#9985,#9986);
#8710=AXIS2_PLACEMENT_3D('',#14577,#9989,#9990);
#8711=AXIS2_PLACEMENT_3D('',#14610,#9991,#9992);
#8712=AXIS2_PLACEMENT_3D('',#14613,#9993,#9994);
#8713=AXIS2_PLACEMENT_3D('',#14688,#9997,#9998);
#8714=AXIS2_PLACEMENT_3D('',#14717,#9999,#10000);
#8715=AXIS2_PLACEMENT_3D('',#14720,#10003,#10004);
#8716=AXIS2_PLACEMENT_3D('',#14782,#10009,#10010);
#8717=AXIS2_PLACEMENT_3D('',#14841,#10014,#10015);
#8718=AXIS2_PLACEMENT_3D('',#14843,#10016,#10017);
#8719=AXIS2_PLACEMENT_3D('',#14845,#10018,#10019);
#8720=AXIS2_PLACEMENT_3D('',#14847,#10020,#10021);
#8721=AXIS2_PLACEMENT_3D('',#14849,#10022,#10023);
#8722=AXIS2_PLACEMENT_3D('',#14851,#10024,#10025);
#8723=AXIS2_PLACEMENT_3D('',#14853,#10026,#10027);
#8724=AXIS2_PLACEMENT_3D('',#14855,#10028,#10029);
#8725=AXIS2_PLACEMENT_3D('',#14857,#10030,#10031);
#8726=AXIS2_PLACEMENT_3D('',#14859,#10032,#10033);
#8727=AXIS2_PLACEMENT_3D('',#14861,#10034,#10035);
#8728=AXIS2_PLACEMENT_3D('',#14863,#10036,#10037);
#8729=AXIS2_PLACEMENT_3D('',#14865,#10038,#10039);
#8730=AXIS2_PLACEMENT_3D('',#14867,#10040,#10041);
#8731=AXIS2_PLACEMENT_3D('',#14869,#10042,#10043);
#8732=AXIS2_PLACEMENT_3D('',#14871,#10044,#10045);
#8733=AXIS2_PLACEMENT_3D('',#14873,#10046,#10047);
#8734=AXIS2_PLACEMENT_3D('',#14875,#10048,#10049);
#8735=AXIS2_PLACEMENT_3D('',#14877,#10050,#10051);
#8736=AXIS2_PLACEMENT_3D('',#14879,#10052,#10053);
#8737=AXIS2_PLACEMENT_3D('',#14881,#10054,#10055);
#8738=AXIS2_PLACEMENT_3D('',#14883,#10056,#10057);
#8739=AXIS2_PLACEMENT_3D('',#14885,#10058,#10059);
#8740=AXIS2_PLACEMENT_3D('',#14887,#10060,#10061);
#8741=AXIS2_PLACEMENT_3D('',#14889,#10062,#10063);
#8742=AXIS2_PLACEMENT_3D('',#14891,#10064,#10065);
#8743=AXIS2_PLACEMENT_3D('',#14893,#10066,#10067);
#8744=AXIS2_PLACEMENT_3D('',#14895,#10068,#10069);
#8745=AXIS2_PLACEMENT_3D('',#14897,#10070,#10071);
#8746=AXIS2_PLACEMENT_3D('',#14899,#10072,#10073);
#8747=AXIS2_PLACEMENT_3D('',#14901,#10074,#10075);
#8748=AXIS2_PLACEMENT_3D('',#14903,#10076,#10077);
#8749=AXIS2_PLACEMENT_3D('',#14905,#10078,#10079);
#8750=AXIS2_PLACEMENT_3D('',#14907,#10080,#10081);
#8751=AXIS2_PLACEMENT_3D('',#14909,#10082,#10083);
#8752=AXIS2_PLACEMENT_3D('',#14911,#10084,#10085);
#8753=AXIS2_PLACEMENT_3D('',#14913,#10086,#10087);
#8754=AXIS2_PLACEMENT_3D('',#14915,#10088,#10089);
#8755=AXIS2_PLACEMENT_3D('',#14917,#10090,#10091);
#8756=AXIS2_PLACEMENT_3D('',#14919,#10092,#10093);
#8757=AXIS2_PLACEMENT_3D('',#14921,#10094,#10095);
#8758=AXIS2_PLACEMENT_3D('',#14923,#10096,#10097);
#8759=AXIS2_PLACEMENT_3D('',#14925,#10098,#10099);
#8760=AXIS2_PLACEMENT_3D('',#14927,#10100,#10101);
#8761=AXIS2_PLACEMENT_3D('',#14929,#10102,#10103);
#8762=AXIS2_PLACEMENT_3D('',#14931,#10104,#10105);
#8763=AXIS2_PLACEMENT_3D('',#14933,#10106,#10107);
#8764=AXIS2_PLACEMENT_3D('',#14935,#10108,#10109);
#8765=AXIS2_PLACEMENT_3D('',#14937,#10110,#10111);
#8766=AXIS2_PLACEMENT_3D('',#14939,#10112,#10113);
#8767=AXIS2_PLACEMENT_3D('',#14941,#10114,#10115);
#8768=AXIS2_PLACEMENT_3D('',#14943,#10116,#10117);
#8769=AXIS2_PLACEMENT_3D('',#14945,#10118,#10119);
#8770=AXIS2_PLACEMENT_3D('',#14947,#10120,#10121);
#8771=AXIS2_PLACEMENT_3D('',#14949,#10122,#10123);
#8772=AXIS2_PLACEMENT_3D('',#14951,#10124,#10125);
#8773=AXIS2_PLACEMENT_3D('',#14953,#10126,#10127);
#8774=AXIS2_PLACEMENT_3D('',#14955,#10128,#10129);
#8775=AXIS2_PLACEMENT_3D('',#14957,#10130,#10131);
#8776=AXIS2_PLACEMENT_3D('',#14959,#10132,#10133);
#8777=AXIS2_PLACEMENT_3D('',#14961,#10134,#10135);
#8778=AXIS2_PLACEMENT_3D('',#14963,#10136,#10137);
#8779=AXIS2_PLACEMENT_3D('',#14965,#10138,#10139);
#8780=AXIS2_PLACEMENT_3D('',#14967,#10140,#10141);
#8781=AXIS2_PLACEMENT_3D('',#14969,#10142,#10143);
#8782=AXIS2_PLACEMENT_3D('',#14971,#10144,#10145);
#8783=AXIS2_PLACEMENT_3D('',#14973,#10146,#10147);
#8784=AXIS2_PLACEMENT_3D('',#14975,#10148,#10149);
#8785=AXIS2_PLACEMENT_3D('',#14977,#10150,#10151);
#8786=AXIS2_PLACEMENT_3D('',#14979,#10152,#10153);
#8787=AXIS2_PLACEMENT_3D('',#14981,#10154,#10155);
#8788=AXIS2_PLACEMENT_3D('',#14983,#10156,#10157);
#8789=AXIS2_PLACEMENT_3D('',#14985,#10158,#10159);
#8790=AXIS2_PLACEMENT_3D('',#14987,#10160,#10161);
#8791=AXIS2_PLACEMENT_3D('',#14989,#10162,#10163);
#8792=AXIS2_PLACEMENT_3D('',#14991,#10164,#10165);
#8793=AXIS2_PLACEMENT_3D('',#14993,#10166,#10167);
#8794=AXIS2_PLACEMENT_3D('',#14995,#10168,#10169);
#8795=AXIS2_PLACEMENT_3D('',#14997,#10170,#10171);
#8796=AXIS2_PLACEMENT_3D('',#14999,#10172,#10173);
#8797=AXIS2_PLACEMENT_3D('',#15001,#10174,#10175);
#8798=AXIS2_PLACEMENT_3D('',#15003,#10176,#10177);
#8799=AXIS2_PLACEMENT_3D('',#15005,#10178,#10179);
#8800=AXIS2_PLACEMENT_3D('',#15007,#10180,#10181);
#8801=AXIS2_PLACEMENT_3D('',#15009,#10182,#10183);
#8802=AXIS2_PLACEMENT_3D('',#15011,#10184,#10185);
#8803=AXIS2_PLACEMENT_3D('',#15013,#10186,#10187);
#8804=AXIS2_PLACEMENT_3D('',#15015,#10188,#10189);
#8805=AXIS2_PLACEMENT_3D('',#15017,#10190,#10191);
#8806=AXIS2_PLACEMENT_3D('',#15019,#10192,#10193);
#8807=AXIS2_PLACEMENT_3D('',#15021,#10194,#10195);
#8808=AXIS2_PLACEMENT_3D('',#15023,#10196,#10197);
#8809=AXIS2_PLACEMENT_3D('',#15025,#10198,#10199);
#8810=AXIS2_PLACEMENT_3D('',#15027,#10200,#10201);
#8811=AXIS2_PLACEMENT_3D('',#15029,#10202,#10203);
#8812=AXIS2_PLACEMENT_3D('',#15031,#10204,#10205);
#8813=AXIS2_PLACEMENT_3D('',#15033,#10206,#10207);
#8814=AXIS2_PLACEMENT_3D('',#15035,#10208,#10209);
#8815=AXIS2_PLACEMENT_3D('',#15037,#10210,#10211);
#8816=AXIS2_PLACEMENT_3D('',#15039,#10212,#10213);
#8817=AXIS2_PLACEMENT_3D('',#15041,#10214,#10215);
#8818=AXIS2_PLACEMENT_3D('',#15043,#10216,#10217);
#8819=AXIS2_PLACEMENT_3D('',#15045,#10218,#10219);
#8820=AXIS2_PLACEMENT_3D('',#15047,#10220,#10221);
#8821=AXIS2_PLACEMENT_3D('',#15049,#10222,#10223);
#8822=AXIS2_PLACEMENT_3D('',#15051,#10224,#10225);
#8823=AXIS2_PLACEMENT_3D('',#15134,#10226,#10227);
#8824=AXIS2_PLACEMENT_3D('',#15153,#10228,#10229);
#8825=AXIS2_PLACEMENT_3D('',#15170,#10230,#10231);
#8826=AXIS2_PLACEMENT_3D('',#15172,#10232,#10233);
#8827=AXIS2_PLACEMENT_3D('',#15241,#10236,#10237);
#8828=AXIS2_PLACEMENT_3D('',#15255,#10238,#10239);
#8829=AXIS2_PLACEMENT_3D('',#15257,#10240,#10241);
#8830=AXIS2_PLACEMENT_3D('',#15330,#10243,#10244);
#8831=AXIS2_PLACEMENT_3D('',#15345,#10245,#10246);
#8832=AXIS2_PLACEMENT_3D('',#15347,#10247,#10248);
#8833=AXIS2_PLACEMENT_3D('',#15431,#10250,#10251);
#8834=AXIS2_PLACEMENT_3D('',#15464,#10252,#10253);
#8835=AXIS2_PLACEMENT_3D('',#15508,#10257,#10258);
#8836=AXIS2_PLACEMENT_3D('',#15551,#10261,#10262);
#8837=AXIS2_PLACEMENT_3D('',#15553,#10263,#10264);
#8838=AXIS2_PLACEMENT_3D('',#15555,#10265,#10266);
#8839=AXIS2_PLACEMENT_3D('',#15557,#10267,#10268);
#8840=AXIS2_PLACEMENT_3D('',#15559,#10269,#10270);
#8841=AXIS2_PLACEMENT_3D('',#15561,#10271,#10272);
#8842=AXIS2_PLACEMENT_3D('',#15563,#10273,#10274);
#8843=AXIS2_PLACEMENT_3D('',#15565,#10275,#10276);
#8844=AXIS2_PLACEMENT_3D('',#15567,#10277,#10278);
#8845=AXIS2_PLACEMENT_3D('',#15569,#10279,#10280);
#8846=AXIS2_PLACEMENT_3D('',#15571,#10281,#10282);
#8847=AXIS2_PLACEMENT_3D('',#15573,#10283,#10284);
#8848=AXIS2_PLACEMENT_3D('',#15575,#10285,#10286);
#8849=AXIS2_PLACEMENT_3D('',#15577,#10287,#10288);
#8850=AXIS2_PLACEMENT_3D('',#15579,#10289,#10290);
#8851=AXIS2_PLACEMENT_3D('',#15581,#10291,#10292);
#8852=AXIS2_PLACEMENT_3D('',#15583,#10293,#10294);
#8853=AXIS2_PLACEMENT_3D('',#15585,#10295,#10296);
#8854=AXIS2_PLACEMENT_3D('',#15587,#10297,#10298);
#8855=AXIS2_PLACEMENT_3D('',#15589,#10299,#10300);
#8856=AXIS2_PLACEMENT_3D('',#15591,#10301,#10302);
#8857=AXIS2_PLACEMENT_3D('',#15593,#10303,#10304);
#8858=AXIS2_PLACEMENT_3D('',#15595,#10305,#10306);
#8859=AXIS2_PLACEMENT_3D('',#15597,#10307,#10308);
#8860=AXIS2_PLACEMENT_3D('',#15599,#10309,#10310);
#8861=AXIS2_PLACEMENT_3D('',#15601,#10311,#10312);
#8862=AXIS2_PLACEMENT_3D('',#15603,#10313,#10314);
#8863=AXIS2_PLACEMENT_3D('',#15605,#10315,#10316);
#8864=AXIS2_PLACEMENT_3D('',#15607,#10317,#10318);
#8865=AXIS2_PLACEMENT_3D('',#15609,#10319,#10320);
#8866=AXIS2_PLACEMENT_3D('',#15611,#10321,#10322);
#8867=AXIS2_PLACEMENT_3D('',#15613,#10323,#10324);
#8868=AXIS2_PLACEMENT_3D('',#15615,#10325,#10326);
#8869=AXIS2_PLACEMENT_3D('',#15617,#10327,#10328);
#8870=AXIS2_PLACEMENT_3D('',#15619,#10329,#10330);
#8871=AXIS2_PLACEMENT_3D('',#15621,#10331,#10332);
#8872=AXIS2_PLACEMENT_3D('',#15623,#10333,#10334);
#8873=AXIS2_PLACEMENT_3D('',#15625,#10335,#10336);
#8874=AXIS2_PLACEMENT_3D('',#15627,#10337,#10338);
#8875=AXIS2_PLACEMENT_3D('',#15629,#10339,#10340);
#8876=AXIS2_PLACEMENT_3D('',#15631,#10341,#10342);
#8877=AXIS2_PLACEMENT_3D('',#15633,#10343,#10344);
#8878=AXIS2_PLACEMENT_3D('',#15635,#10345,#10346);
#8879=AXIS2_PLACEMENT_3D('',#15637,#10347,#10348);
#8880=AXIS2_PLACEMENT_3D('',#15639,#10349,#10350);
#8881=AXIS2_PLACEMENT_3D('',#15641,#10351,#10352);
#8882=AXIS2_PLACEMENT_3D('',#15643,#10353,#10354);
#8883=AXIS2_PLACEMENT_3D('',#15645,#10355,#10356);
#8884=AXIS2_PLACEMENT_3D('',#15647,#10357,#10358);
#8885=AXIS2_PLACEMENT_3D('',#15649,#10359,#10360);
#8886=AXIS2_PLACEMENT_3D('',#15651,#10361,#10362);
#8887=AXIS2_PLACEMENT_3D('',#15653,#10363,#10364);
#8888=AXIS2_PLACEMENT_3D('',#15655,#10365,#10366);
#8889=AXIS2_PLACEMENT_3D('',#15657,#10367,#10368);
#8890=AXIS2_PLACEMENT_3D('',#15659,#10369,#10370);
#8891=AXIS2_PLACEMENT_3D('',#15661,#10371,#10372);
#8892=AXIS2_PLACEMENT_3D('',#15663,#10373,#10374);
#8893=AXIS2_PLACEMENT_3D('',#15665,#10375,#10376);
#8894=AXIS2_PLACEMENT_3D('',#15667,#10377,#10378);
#8895=AXIS2_PLACEMENT_3D('',#15669,#10379,#10380);
#8896=AXIS2_PLACEMENT_3D('',#15671,#10381,#10382);
#8897=AXIS2_PLACEMENT_3D('',#15673,#10383,#10384);
#8898=AXIS2_PLACEMENT_3D('',#15675,#10385,#10386);
#8899=AXIS2_PLACEMENT_3D('',#15677,#10387,#10388);
#8900=AXIS2_PLACEMENT_3D('',#15679,#10389,#10390);
#8901=AXIS2_PLACEMENT_3D('',#15681,#10391,#10392);
#8902=AXIS2_PLACEMENT_3D('',#15683,#10393,#10394);
#8903=AXIS2_PLACEMENT_3D('',#15685,#10395,#10396);
#8904=AXIS2_PLACEMENT_3D('',#15687,#10397,#10398);
#8905=AXIS2_PLACEMENT_3D('',#15689,#10399,#10400);
#8906=AXIS2_PLACEMENT_3D('',#15691,#10401,#10402);
#8907=AXIS2_PLACEMENT_3D('',#15693,#10403,#10404);
#8908=AXIS2_PLACEMENT_3D('',#15695,#10405,#10406);
#8909=AXIS2_PLACEMENT_3D('',#15697,#10407,#10408);
#8910=AXIS2_PLACEMENT_3D('',#15699,#10409,#10410);
#8911=AXIS2_PLACEMENT_3D('',#15701,#10411,#10412);
#8912=AXIS2_PLACEMENT_3D('',#15703,#10413,#10414);
#8913=AXIS2_PLACEMENT_3D('',#15705,#10415,#10416);
#8914=AXIS2_PLACEMENT_3D('',#15707,#10417,#10418);
#8915=AXIS2_PLACEMENT_3D('',#15709,#10419,#10420);
#8916=AXIS2_PLACEMENT_3D('',#15711,#10421,#10422);
#8917=AXIS2_PLACEMENT_3D('',#15713,#10423,#10424);
#8918=AXIS2_PLACEMENT_3D('',#15715,#10425,#10426);
#8919=AXIS2_PLACEMENT_3D('',#15717,#10427,#10428);
#8920=AXIS2_PLACEMENT_3D('',#15719,#10429,#10430);
#8921=AXIS2_PLACEMENT_3D('',#15721,#10431,#10432);
#8922=AXIS2_PLACEMENT_3D('',#15723,#10433,#10434);
#8923=AXIS2_PLACEMENT_3D('',#15725,#10435,#10436);
#8924=AXIS2_PLACEMENT_3D('',#15727,#10437,#10438);
#8925=AXIS2_PLACEMENT_3D('',#15729,#10439,#10440);
#8926=AXIS2_PLACEMENT_3D('',#15731,#10441,#10442);
#8927=AXIS2_PLACEMENT_3D('',#15733,#10443,#10444);
#8928=AXIS2_PLACEMENT_3D('',#15735,#10445,#10446);
#8929=AXIS2_PLACEMENT_3D('',#15737,#10447,#10448);
#8930=AXIS2_PLACEMENT_3D('',#15739,#10449,#10450);
#8931=AXIS2_PLACEMENT_3D('',#15741,#10451,#10452);
#8932=AXIS2_PLACEMENT_3D('',#15743,#10453,#10454);
#8933=AXIS2_PLACEMENT_3D('',#15745,#10455,#10456);
#8934=AXIS2_PLACEMENT_3D('',#15747,#10457,#10458);
#8935=AXIS2_PLACEMENT_3D('',#15749,#10459,#10460);
#8936=AXIS2_PLACEMENT_3D('',#15751,#10461,#10462);
#8937=AXIS2_PLACEMENT_3D('',#15753,#10463,#10464);
#8938=AXIS2_PLACEMENT_3D('',#15755,#10465,#10466);
#8939=AXIS2_PLACEMENT_3D('',#15757,#10467,#10468);
#8940=AXIS2_PLACEMENT_3D('',#15759,#10469,#10470);
#8941=AXIS2_PLACEMENT_3D('',#15761,#10471,#10472);
#8942=AXIS2_PLACEMENT_3D('',#15763,#10473,#10474);
#8943=AXIS2_PLACEMENT_3D('',#15765,#10475,#10476);
#8944=AXIS2_PLACEMENT_3D('',#15767,#10477,#10478);
#8945=AXIS2_PLACEMENT_3D('',#15769,#10479,#10480);
#8946=AXIS2_PLACEMENT_3D('',#15771,#10481,#10482);
#8947=AXIS2_PLACEMENT_3D('',#15773,#10483,#10484);
#8948=AXIS2_PLACEMENT_3D('',#15775,#10485,#10486);
#8949=AXIS2_PLACEMENT_3D('',#15777,#10487,#10488);
#8950=AXIS2_PLACEMENT_3D('',#15779,#10489,#10490);
#8951=AXIS2_PLACEMENT_3D('',#15781,#10491,#10492);
#8952=AXIS2_PLACEMENT_3D('',#15783,#10493,#10494);
#8953=AXIS2_PLACEMENT_3D('',#15785,#10495,#10496);
#8954=AXIS2_PLACEMENT_3D('',#15787,#10497,#10498);
#8955=AXIS2_PLACEMENT_3D('',#15789,#10499,#10500);
#8956=AXIS2_PLACEMENT_3D('',#15791,#10501,#10502);
#8957=AXIS2_PLACEMENT_3D('',#15793,#10503,#10504);
#8958=AXIS2_PLACEMENT_3D('',#15795,#10505,#10506);
#8959=AXIS2_PLACEMENT_3D('',#15797,#10507,#10508);
#8960=AXIS2_PLACEMENT_3D('',#15799,#10509,#10510);
#8961=AXIS2_PLACEMENT_3D('',#15801,#10511,#10512);
#8962=AXIS2_PLACEMENT_3D('',#15803,#10513,#10514);
#8963=AXIS2_PLACEMENT_3D('',#15805,#10515,#10516);
#8964=AXIS2_PLACEMENT_3D('',#15807,#10517,#10518);
#8965=AXIS2_PLACEMENT_3D('',#15809,#10519,#10520);
#8966=AXIS2_PLACEMENT_3D('',#15811,#10521,#10522);
#8967=AXIS2_PLACEMENT_3D('',#15813,#10523,#10524);
#8968=AXIS2_PLACEMENT_3D('',#15815,#10525,#10526);
#8969=AXIS2_PLACEMENT_3D('',#15817,#10527,#10528);
#8970=AXIS2_PLACEMENT_3D('',#15819,#10529,#10530);
#8971=AXIS2_PLACEMENT_3D('',#15821,#10531,#10532);
#8972=AXIS2_PLACEMENT_3D('',#15823,#10533,#10534);
#8973=AXIS2_PLACEMENT_3D('',#15825,#10535,#10536);
#8974=AXIS2_PLACEMENT_3D('',#15827,#10537,#10538);
#8975=AXIS2_PLACEMENT_3D('',#15829,#10539,#10540);
#8976=AXIS2_PLACEMENT_3D('',#15831,#10541,#10542);
#8977=AXIS2_PLACEMENT_3D('',#15833,#10543,#10544);
#8978=AXIS2_PLACEMENT_3D('',#15835,#10545,#10546);
#8979=AXIS2_PLACEMENT_3D('',#15837,#10547,#10548);
#8980=AXIS2_PLACEMENT_3D('',#15839,#10549,#10550);
#8981=AXIS2_PLACEMENT_3D('',#15841,#10551,#10552);
#8982=AXIS2_PLACEMENT_3D('',#15843,#10553,#10554);
#8983=AXIS2_PLACEMENT_3D('',#15845,#10555,#10556);
#8984=AXIS2_PLACEMENT_3D('',#15847,#10557,#10558);
#8985=AXIS2_PLACEMENT_3D('',#15849,#10559,#10560);
#8986=AXIS2_PLACEMENT_3D('',#15850,#10561,#10562);
#8987=AXIS2_PLACEMENT_3D('',#15853,#10564,#10565);
#8988=AXIS2_PLACEMENT_3D('',#15854,#10566,#10567);
#8989=AXIS2_PLACEMENT_3D('',#15857,#10568,#10569);
#8990=AXIS2_PLACEMENT_3D('',#15858,#10570,#10571);
#8991=AXIS2_PLACEMENT_3D('',#15860,#10573,#10574);
#8992=AXIS2_PLACEMENT_3D('',#15863,#10576,#10577);
#8993=AXIS2_PLACEMENT_3D('',#15864,#10578,#10579);
#8994=AXIS2_PLACEMENT_3D('',#15867,#10580,#10581);
#8995=AXIS2_PLACEMENT_3D('',#15868,#10582,#10583);
#8996=AXIS2_PLACEMENT_3D('',#15870,#10585,#10586);
#8997=AXIS2_PLACEMENT_3D('',#15873,#10588,#10589);
#8998=AXIS2_PLACEMENT_3D('',#15874,#10590,#10591);
#8999=AXIS2_PLACEMENT_3D('',#15877,#10592,#10593);
#9000=AXIS2_PLACEMENT_3D('',#15878,#10594,#10595);
#9001=AXIS2_PLACEMENT_3D('',#15880,#10597,#10598);
#9002=AXIS2_PLACEMENT_3D('',#15883,#10600,#10601);
#9003=AXIS2_PLACEMENT_3D('',#15884,#10602,#10603);
#9004=AXIS2_PLACEMENT_3D('',#15887,#10604,#10605);
#9005=AXIS2_PLACEMENT_3D('',#15888,#10606,#10607);
#9006=AXIS2_PLACEMENT_3D('',#15890,#10609,#10610);
#9007=AXIS2_PLACEMENT_3D('',#15893,#10612,#10613);
#9008=AXIS2_PLACEMENT_3D('',#15894,#10614,#10615);
#9009=AXIS2_PLACEMENT_3D('',#15897,#10616,#10617);
#9010=AXIS2_PLACEMENT_3D('',#15898,#10618,#10619);
#9011=AXIS2_PLACEMENT_3D('',#15900,#10621,#10622);
#9012=AXIS2_PLACEMENT_3D('',#15903,#10624,#10625);
#9013=AXIS2_PLACEMENT_3D('',#15904,#10626,#10627);
#9014=AXIS2_PLACEMENT_3D('',#15907,#10628,#10629);
#9015=AXIS2_PLACEMENT_3D('',#15908,#10630,#10631);
#9016=AXIS2_PLACEMENT_3D('',#15910,#10633,#10634);
#9017=AXIS2_PLACEMENT_3D('',#15913,#10636,#10637);
#9018=AXIS2_PLACEMENT_3D('',#15914,#10638,#10639);
#9019=AXIS2_PLACEMENT_3D('',#15917,#10640,#10641);
#9020=AXIS2_PLACEMENT_3D('',#15918,#10642,#10643);
#9021=AXIS2_PLACEMENT_3D('',#15920,#10645,#10646);
#9022=AXIS2_PLACEMENT_3D('',#15923,#10648,#10649);
#9023=AXIS2_PLACEMENT_3D('',#15924,#10650,#10651);
#9024=AXIS2_PLACEMENT_3D('',#15927,#10652,#10653);
#9025=AXIS2_PLACEMENT_3D('',#15928,#10654,#10655);
#9026=AXIS2_PLACEMENT_3D('',#15930,#10657,#10658);
#9027=AXIS2_PLACEMENT_3D('',#15933,#10660,#10661);
#9028=AXIS2_PLACEMENT_3D('',#15934,#10662,#10663);
#9029=AXIS2_PLACEMENT_3D('',#15937,#10664,#10665);
#9030=AXIS2_PLACEMENT_3D('',#15938,#10666,#10667);
#9031=AXIS2_PLACEMENT_3D('',#15940,#10669,#10670);
#9032=AXIS2_PLACEMENT_3D('',#15943,#10672,#10673);
#9033=AXIS2_PLACEMENT_3D('',#15944,#10674,#10675);
#9034=AXIS2_PLACEMENT_3D('',#15947,#10676,#10677);
#9035=AXIS2_PLACEMENT_3D('',#15948,#10678,#10679);
#9036=AXIS2_PLACEMENT_3D('',#15950,#10681,#10682);
#9037=AXIS2_PLACEMENT_3D('',#15953,#10684,#10685);
#9038=AXIS2_PLACEMENT_3D('',#15954,#10686,#10687);
#9039=AXIS2_PLACEMENT_3D('',#15957,#10688,#10689);
#9040=AXIS2_PLACEMENT_3D('',#15958,#10690,#10691);
#9041=AXIS2_PLACEMENT_3D('',#15960,#10693,#10694);
#9042=AXIS2_PLACEMENT_3D('',#15963,#10696,#10697);
#9043=AXIS2_PLACEMENT_3D('',#15964,#10698,#10699);
#9044=AXIS2_PLACEMENT_3D('',#15967,#10700,#10701);
#9045=AXIS2_PLACEMENT_3D('',#15968,#10702,#10703);
#9046=AXIS2_PLACEMENT_3D('',#15970,#10705,#10706);
#9047=AXIS2_PLACEMENT_3D('',#15973,#10708,#10709);
#9048=AXIS2_PLACEMENT_3D('',#15974,#10710,#10711);
#9049=AXIS2_PLACEMENT_3D('',#15977,#10712,#10713);
#9050=AXIS2_PLACEMENT_3D('',#15978,#10714,#10715);
#9051=AXIS2_PLACEMENT_3D('',#15980,#10717,#10718);
#9052=AXIS2_PLACEMENT_3D('',#15983,#10720,#10721);
#9053=AXIS2_PLACEMENT_3D('',#15984,#10722,#10723);
#9054=AXIS2_PLACEMENT_3D('',#15987,#10724,#10725);
#9055=AXIS2_PLACEMENT_3D('',#15988,#10726,#10727);
#9056=AXIS2_PLACEMENT_3D('',#15990,#10729,#10730);
#9057=AXIS2_PLACEMENT_3D('',#15993,#10732,#10733);
#9058=AXIS2_PLACEMENT_3D('',#15994,#10734,#10735);
#9059=AXIS2_PLACEMENT_3D('',#15997,#10736,#10737);
#9060=AXIS2_PLACEMENT_3D('',#15998,#10738,#10739);
#9061=AXIS2_PLACEMENT_3D('',#16000,#10741,#10742);
#9062=AXIS2_PLACEMENT_3D('',#16003,#10744,#10745);
#9063=AXIS2_PLACEMENT_3D('',#16004,#10746,#10747);
#9064=AXIS2_PLACEMENT_3D('',#16007,#10748,#10749);
#9065=AXIS2_PLACEMENT_3D('',#16008,#10750,#10751);
#9066=AXIS2_PLACEMENT_3D('',#16010,#10753,#10754);
#9067=AXIS2_PLACEMENT_3D('',#16013,#10756,#10757);
#9068=AXIS2_PLACEMENT_3D('',#16014,#10758,#10759);
#9069=AXIS2_PLACEMENT_3D('',#16017,#10760,#10761);
#9070=AXIS2_PLACEMENT_3D('',#16018,#10762,#10763);
#9071=AXIS2_PLACEMENT_3D('',#16020,#10765,#10766);
#9072=AXIS2_PLACEMENT_3D('',#16023,#10768,#10769);
#9073=AXIS2_PLACEMENT_3D('',#16024,#10770,#10771);
#9074=AXIS2_PLACEMENT_3D('',#16027,#10772,#10773);
#9075=AXIS2_PLACEMENT_3D('',#16028,#10774,#10775);
#9076=AXIS2_PLACEMENT_3D('',#16030,#10777,#10778);
#9077=AXIS2_PLACEMENT_3D('',#16033,#10780,#10781);
#9078=AXIS2_PLACEMENT_3D('',#16034,#10782,#10783);
#9079=AXIS2_PLACEMENT_3D('',#16037,#10784,#10785);
#9080=AXIS2_PLACEMENT_3D('',#16038,#10786,#10787);
#9081=AXIS2_PLACEMENT_3D('',#16040,#10789,#10790);
#9082=AXIS2_PLACEMENT_3D('',#16043,#10792,#10793);
#9083=AXIS2_PLACEMENT_3D('',#16044,#10794,#10795);
#9084=AXIS2_PLACEMENT_3D('',#16047,#10796,#10797);
#9085=AXIS2_PLACEMENT_3D('',#16048,#10798,#10799);
#9086=AXIS2_PLACEMENT_3D('',#16050,#10801,#10802);
#9087=AXIS2_PLACEMENT_3D('',#16053,#10804,#10805);
#9088=AXIS2_PLACEMENT_3D('',#16054,#10806,#10807);
#9089=AXIS2_PLACEMENT_3D('',#16057,#10808,#10809);
#9090=AXIS2_PLACEMENT_3D('',#16058,#10810,#10811);
#9091=AXIS2_PLACEMENT_3D('',#16060,#10813,#10814);
#9092=AXIS2_PLACEMENT_3D('',#16063,#10816,#10817);
#9093=AXIS2_PLACEMENT_3D('',#16064,#10818,#10819);
#9094=AXIS2_PLACEMENT_3D('',#16067,#10820,#10821);
#9095=AXIS2_PLACEMENT_3D('',#16068,#10822,#10823);
#9096=AXIS2_PLACEMENT_3D('',#16070,#10825,#10826);
#9097=AXIS2_PLACEMENT_3D('',#16073,#10828,#10829);
#9098=AXIS2_PLACEMENT_3D('',#16074,#10830,#10831);
#9099=AXIS2_PLACEMENT_3D('',#16077,#10832,#10833);
#9100=AXIS2_PLACEMENT_3D('',#16078,#10834,#10835);
#9101=AXIS2_PLACEMENT_3D('',#16080,#10837,#10838);
#9102=AXIS2_PLACEMENT_3D('',#16083,#10840,#10841);
#9103=AXIS2_PLACEMENT_3D('',#16084,#10842,#10843);
#9104=AXIS2_PLACEMENT_3D('',#16087,#10844,#10845);
#9105=AXIS2_PLACEMENT_3D('',#16088,#10846,#10847);
#9106=AXIS2_PLACEMENT_3D('',#16090,#10849,#10850);
#9107=AXIS2_PLACEMENT_3D('',#16093,#10852,#10853);
#9108=AXIS2_PLACEMENT_3D('',#16094,#10854,#10855);
#9109=AXIS2_PLACEMENT_3D('',#16097,#10856,#10857);
#9110=AXIS2_PLACEMENT_3D('',#16098,#10858,#10859);
#9111=AXIS2_PLACEMENT_3D('',#16100,#10861,#10862);
#9112=AXIS2_PLACEMENT_3D('',#16103,#10864,#10865);
#9113=AXIS2_PLACEMENT_3D('',#16104,#10866,#10867);
#9114=AXIS2_PLACEMENT_3D('',#16107,#10868,#10869);
#9115=AXIS2_PLACEMENT_3D('',#16108,#10870,#10871);
#9116=AXIS2_PLACEMENT_3D('',#16110,#10873,#10874);
#9117=AXIS2_PLACEMENT_3D('',#16113,#10876,#10877);
#9118=AXIS2_PLACEMENT_3D('',#16114,#10878,#10879);
#9119=AXIS2_PLACEMENT_3D('',#16117,#10880,#10881);
#9120=AXIS2_PLACEMENT_3D('',#16118,#10882,#10883);
#9121=AXIS2_PLACEMENT_3D('',#16120,#10885,#10886);
#9122=AXIS2_PLACEMENT_3D('',#16123,#10888,#10889);
#9123=AXIS2_PLACEMENT_3D('',#16124,#10890,#10891);
#9124=AXIS2_PLACEMENT_3D('',#16127,#10892,#10893);
#9125=AXIS2_PLACEMENT_3D('',#16128,#10894,#10895);
#9126=AXIS2_PLACEMENT_3D('',#16130,#10897,#10898);
#9127=AXIS2_PLACEMENT_3D('',#16133,#10900,#10901);
#9128=AXIS2_PLACEMENT_3D('',#16134,#10902,#10903);
#9129=AXIS2_PLACEMENT_3D('',#16137,#10904,#10905);
#9130=AXIS2_PLACEMENT_3D('',#16138,#10906,#10907);
#9131=AXIS2_PLACEMENT_3D('',#16140,#10909,#10910);
#9132=AXIS2_PLACEMENT_3D('',#16143,#10912,#10913);
#9133=AXIS2_PLACEMENT_3D('',#16144,#10914,#10915);
#9134=AXIS2_PLACEMENT_3D('',#16147,#10916,#10917);
#9135=AXIS2_PLACEMENT_3D('',#16148,#10918,#10919);
#9136=AXIS2_PLACEMENT_3D('',#16150,#10921,#10922);
#9137=AXIS2_PLACEMENT_3D('',#16152,#10924,#10925);
#9138=AXIS2_PLACEMENT_3D('',#16154,#10927,#10928);
#9139=AXIS2_PLACEMENT_3D('',#16156,#10930,#10931);
#9140=AXIS2_PLACEMENT_3D('',#16158,#10933,#10934);
#9141=AXIS2_PLACEMENT_3D('',#16160,#10936,#10937);
#9142=AXIS2_PLACEMENT_3D('',#16162,#10939,#10940);
#9143=AXIS2_PLACEMENT_3D('',#16164,#10942,#10943);
#9144=AXIS2_PLACEMENT_3D('',#16166,#10945,#10946);
#9145=AXIS2_PLACEMENT_3D('',#16168,#10948,#10949);
#9146=AXIS2_PLACEMENT_3D('',#16170,#10951,#10952);
#9147=AXIS2_PLACEMENT_3D('',#16172,#10954,#10955);
#9148=AXIS2_PLACEMENT_3D('',#16174,#10957,#10958);
#9149=AXIS2_PLACEMENT_3D('',#16176,#10960,#10961);
#9150=AXIS2_PLACEMENT_3D('',#16178,#10963,#10964);
#9151=AXIS2_PLACEMENT_3D('',#16180,#10966,#10967);
#9152=AXIS2_PLACEMENT_3D('',#16182,#10969,#10970);
#9153=AXIS2_PLACEMENT_3D('',#16184,#10972,#10973);
#9154=AXIS2_PLACEMENT_3D('',#16186,#10975,#10976);
#9155=AXIS2_PLACEMENT_3D('',#16188,#10978,#10979);
#9156=AXIS2_PLACEMENT_3D('',#16190,#10981,#10982);
#9157=AXIS2_PLACEMENT_3D('',#16192,#10984,#10985);
#9158=AXIS2_PLACEMENT_3D('',#16194,#10987,#10988);
#9159=AXIS2_PLACEMENT_3D('',#16196,#10990,#10991);
#9160=AXIS2_PLACEMENT_3D('',#16198,#10993,#10994);
#9161=AXIS2_PLACEMENT_3D('',#16200,#10996,#10997);
#9162=AXIS2_PLACEMENT_3D('',#16202,#10999,#11000);
#9163=AXIS2_PLACEMENT_3D('',#16204,#11002,#11003);
#9164=AXIS2_PLACEMENT_3D('',#16206,#11005,#11006);
#9165=AXIS2_PLACEMENT_3D('',#16208,#11008,#11009);
#9166=AXIS2_PLACEMENT_3D('',#16210,#11011,#11012);
#9167=AXIS2_PLACEMENT_3D('',#16214,#11014,#11015);
#9168=AXIS2_PLACEMENT_3D('',#16215,#11016,#11017);
#9169=AXIS2_PLACEMENT_3D('',#16216,#11018,#11019);
#9170=AXIS2_PLACEMENT_3D('',#16219,#11021,#11022);
#9171=AXIS2_PLACEMENT_3D('',#16220,#11023,#11024);
#9172=AXIS2_PLACEMENT_3D('',#16224,#11026,#11027);
#9173=AXIS2_PLACEMENT_3D('',#16225,#11028,#11029);
#9174=AXIS2_PLACEMENT_3D('',#16226,#11030,#11031);
#9175=AXIS2_PLACEMENT_3D('',#16229,#11033,#11034);
#9176=AXIS2_PLACEMENT_3D('',#16230,#11035,#11036);
#9177=AXIS2_PLACEMENT_3D('',#16234,#11038,#11039);
#9178=AXIS2_PLACEMENT_3D('',#16235,#11040,#11041);
#9179=AXIS2_PLACEMENT_3D('',#16236,#11042,#11043);
#9180=AXIS2_PLACEMENT_3D('',#16239,#11045,#11046);
#9181=AXIS2_PLACEMENT_3D('',#16240,#11047,#11048);
#9182=AXIS2_PLACEMENT_3D('',#16244,#11050,#11051);
#9183=AXIS2_PLACEMENT_3D('',#16245,#11052,#11053);
#9184=AXIS2_PLACEMENT_3D('',#16246,#11054,#11055);
#9185=AXIS2_PLACEMENT_3D('',#16249,#11057,#11058);
#9186=AXIS2_PLACEMENT_3D('',#16250,#11059,#11060);
#9187=AXIS2_PLACEMENT_3D('',#16254,#11062,#11063);
#9188=AXIS2_PLACEMENT_3D('',#16255,#11064,#11065);
#9189=AXIS2_PLACEMENT_3D('',#16256,#11066,#11067);
#9190=AXIS2_PLACEMENT_3D('',#16259,#11069,#11070);
#9191=AXIS2_PLACEMENT_3D('',#16260,#11071,#11072);
#9192=AXIS2_PLACEMENT_3D('',#16264,#11074,#11075);
#9193=AXIS2_PLACEMENT_3D('',#16265,#11076,#11077);
#9194=AXIS2_PLACEMENT_3D('',#16266,#11078,#11079);
#9195=AXIS2_PLACEMENT_3D('',#16269,#11081,#11082);
#9196=AXIS2_PLACEMENT_3D('',#16270,#11083,#11084);
#9197=AXIS2_PLACEMENT_3D('',#16274,#11086,#11087);
#9198=AXIS2_PLACEMENT_3D('',#16275,#11088,#11089);
#9199=AXIS2_PLACEMENT_3D('',#16276,#11090,#11091);
#9200=AXIS2_PLACEMENT_3D('',#16279,#11093,#11094);
#9201=AXIS2_PLACEMENT_3D('',#16280,#11095,#11096);
#9202=AXIS2_PLACEMENT_3D('',#16284,#11098,#11099);
#9203=AXIS2_PLACEMENT_3D('',#16285,#11100,#11101);
#9204=AXIS2_PLACEMENT_3D('',#16286,#11102,#11103);
#9205=AXIS2_PLACEMENT_3D('',#16289,#11105,#11106);
#9206=AXIS2_PLACEMENT_3D('',#16290,#11107,#11108);
#9207=AXIS2_PLACEMENT_3D('',#16294,#11110,#11111);
#9208=AXIS2_PLACEMENT_3D('',#16295,#11112,#11113);
#9209=AXIS2_PLACEMENT_3D('',#16296,#11114,#11115);
#9210=AXIS2_PLACEMENT_3D('',#16299,#11117,#11118);
#9211=AXIS2_PLACEMENT_3D('',#16300,#11119,#11120);
#9212=AXIS2_PLACEMENT_3D('',#16304,#11122,#11123);
#9213=AXIS2_PLACEMENT_3D('',#16305,#11124,#11125);
#9214=AXIS2_PLACEMENT_3D('',#16306,#11126,#11127);
#9215=AXIS2_PLACEMENT_3D('',#16309,#11129,#11130);
#9216=AXIS2_PLACEMENT_3D('',#16310,#11131,#11132);
#9217=AXIS2_PLACEMENT_3D('',#16314,#11134,#11135);
#9218=AXIS2_PLACEMENT_3D('',#16315,#11136,#11137);
#9219=AXIS2_PLACEMENT_3D('',#16316,#11138,#11139);
#9220=AXIS2_PLACEMENT_3D('',#16319,#11141,#11142);
#9221=AXIS2_PLACEMENT_3D('',#16320,#11143,#11144);
#9222=AXIS2_PLACEMENT_3D('',#16324,#11146,#11147);
#9223=AXIS2_PLACEMENT_3D('',#16325,#11148,#11149);
#9224=AXIS2_PLACEMENT_3D('',#16326,#11150,#11151);
#9225=AXIS2_PLACEMENT_3D('',#16329,#11153,#11154);
#9226=AXIS2_PLACEMENT_3D('',#16330,#11155,#11156);
#9227=AXIS2_PLACEMENT_3D('',#16334,#11158,#11159);
#9228=AXIS2_PLACEMENT_3D('',#16335,#11160,#11161);
#9229=AXIS2_PLACEMENT_3D('',#16336,#11162,#11163);
#9230=AXIS2_PLACEMENT_3D('',#16339,#11165,#11166);
#9231=AXIS2_PLACEMENT_3D('',#16340,#11167,#11168);
#9232=AXIS2_PLACEMENT_3D('',#16344,#11170,#11171);
#9233=AXIS2_PLACEMENT_3D('',#16345,#11172,#11173);
#9234=AXIS2_PLACEMENT_3D('',#16346,#11174,#11175);
#9235=AXIS2_PLACEMENT_3D('',#16349,#11177,#11178);
#9236=AXIS2_PLACEMENT_3D('',#16350,#11179,#11180);
#9237=AXIS2_PLACEMENT_3D('',#16354,#11182,#11183);
#9238=AXIS2_PLACEMENT_3D('',#16355,#11184,#11185);
#9239=AXIS2_PLACEMENT_3D('',#16356,#11186,#11187);
#9240=AXIS2_PLACEMENT_3D('',#16359,#11189,#11190);
#9241=AXIS2_PLACEMENT_3D('',#16360,#11191,#11192);
#9242=AXIS2_PLACEMENT_3D('',#16364,#11194,#11195);
#9243=AXIS2_PLACEMENT_3D('',#16365,#11196,#11197);
#9244=AXIS2_PLACEMENT_3D('',#16366,#11198,#11199);
#9245=AXIS2_PLACEMENT_3D('',#16369,#11201,#11202);
#9246=AXIS2_PLACEMENT_3D('',#16370,#11203,#11204);
#9247=AXIS2_PLACEMENT_3D('',#16374,#11206,#11207);
#9248=AXIS2_PLACEMENT_3D('',#16375,#11208,#11209);
#9249=AXIS2_PLACEMENT_3D('',#16376,#11210,#11211);
#9250=AXIS2_PLACEMENT_3D('',#16379,#11213,#11214);
#9251=AXIS2_PLACEMENT_3D('',#16380,#11215,#11216);
#9252=AXIS2_PLACEMENT_3D('',#16384,#11218,#11219);
#9253=AXIS2_PLACEMENT_3D('',#16385,#11220,#11221);
#9254=AXIS2_PLACEMENT_3D('',#16386,#11222,#11223);
#9255=AXIS2_PLACEMENT_3D('',#16389,#11225,#11226);
#9256=AXIS2_PLACEMENT_3D('',#16390,#11227,#11228);
#9257=AXIS2_PLACEMENT_3D('',#16394,#11230,#11231);
#9258=AXIS2_PLACEMENT_3D('',#16395,#11232,#11233);
#9259=AXIS2_PLACEMENT_3D('',#16396,#11234,#11235);
#9260=AXIS2_PLACEMENT_3D('',#16399,#11237,#11238);
#9261=AXIS2_PLACEMENT_3D('',#16400,#11239,#11240);
#9262=AXIS2_PLACEMENT_3D('',#16404,#11242,#11243);
#9263=AXIS2_PLACEMENT_3D('',#16405,#11244,#11245);
#9264=AXIS2_PLACEMENT_3D('',#16406,#11246,#11247);
#9265=AXIS2_PLACEMENT_3D('',#16409,#11249,#11250);
#9266=AXIS2_PLACEMENT_3D('',#16410,#11251,#11252);
#9267=AXIS2_PLACEMENT_3D('',#16414,#11254,#11255);
#9268=AXIS2_PLACEMENT_3D('',#16415,#11256,#11257);
#9269=AXIS2_PLACEMENT_3D('',#16416,#11258,#11259);
#9270=AXIS2_PLACEMENT_3D('',#16419,#11261,#11262);
#9271=AXIS2_PLACEMENT_3D('',#16420,#11263,#11264);
#9272=AXIS2_PLACEMENT_3D('',#16424,#11266,#11267);
#9273=AXIS2_PLACEMENT_3D('',#16425,#11268,#11269);
#9274=AXIS2_PLACEMENT_3D('',#16426,#11270,#11271);
#9275=AXIS2_PLACEMENT_3D('',#16429,#11273,#11274);
#9276=AXIS2_PLACEMENT_3D('',#16430,#11275,#11276);
#9277=AXIS2_PLACEMENT_3D('',#16434,#11278,#11279);
#9278=AXIS2_PLACEMENT_3D('',#16435,#11280,#11281);
#9279=AXIS2_PLACEMENT_3D('',#16436,#11282,#11283);
#9280=AXIS2_PLACEMENT_3D('',#16439,#11285,#11286);
#9281=AXIS2_PLACEMENT_3D('',#16440,#11287,#11288);
#9282=AXIS2_PLACEMENT_3D('',#16444,#11290,#11291);
#9283=AXIS2_PLACEMENT_3D('',#16445,#11292,#11293);
#9284=AXIS2_PLACEMENT_3D('',#16446,#11294,#11295);
#9285=AXIS2_PLACEMENT_3D('',#16449,#11297,#11298);
#9286=AXIS2_PLACEMENT_3D('',#16450,#11299,#11300);
#9287=AXIS2_PLACEMENT_3D('',#16454,#11302,#11303);
#9288=AXIS2_PLACEMENT_3D('',#16455,#11304,#11305);
#9289=AXIS2_PLACEMENT_3D('',#16456,#11306,#11307);
#9290=AXIS2_PLACEMENT_3D('',#16459,#11309,#11310);
#9291=AXIS2_PLACEMENT_3D('',#16460,#11311,#11312);
#9292=AXIS2_PLACEMENT_3D('',#16464,#11314,#11315);
#9293=AXIS2_PLACEMENT_3D('',#16465,#11316,#11317);
#9294=AXIS2_PLACEMENT_3D('',#16466,#11318,#11319);
#9295=AXIS2_PLACEMENT_3D('',#16469,#11321,#11322);
#9296=AXIS2_PLACEMENT_3D('',#16470,#11323,#11324);
#9297=AXIS2_PLACEMENT_3D('',#16474,#11326,#11327);
#9298=AXIS2_PLACEMENT_3D('',#16475,#11328,#11329);
#9299=AXIS2_PLACEMENT_3D('',#16476,#11330,#11331);
#9300=AXIS2_PLACEMENT_3D('',#16479,#11333,#11334);
#9301=AXIS2_PLACEMENT_3D('',#16480,#11335,#11336);
#9302=AXIS2_PLACEMENT_3D('',#16484,#11338,#11339);
#9303=AXIS2_PLACEMENT_3D('',#16485,#11340,#11341);
#9304=AXIS2_PLACEMENT_3D('',#16486,#11342,#11343);
#9305=AXIS2_PLACEMENT_3D('',#16489,#11345,#11346);
#9306=AXIS2_PLACEMENT_3D('',#16490,#11347,#11348);
#9307=AXIS2_PLACEMENT_3D('',#16494,#11350,#11351);
#9308=AXIS2_PLACEMENT_3D('',#16495,#11352,#11353);
#9309=AXIS2_PLACEMENT_3D('',#16496,#11354,#11355);
#9310=AXIS2_PLACEMENT_3D('',#16499,#11357,#11358);
#9311=AXIS2_PLACEMENT_3D('',#16500,#11359,#11360);
#9312=AXIS2_PLACEMENT_3D('',#16504,#11362,#11363);
#9313=AXIS2_PLACEMENT_3D('',#16505,#11364,#11365);
#9314=AXIS2_PLACEMENT_3D('',#16506,#11366,#11367);
#9315=AXIS2_PLACEMENT_3D('',#16509,#11369,#11370);
#9316=AXIS2_PLACEMENT_3D('',#16510,#11371,#11372);
#9317=AXIS2_PLACEMENT_3D('',#16514,#11374,#11375);
#9318=AXIS2_PLACEMENT_3D('',#16515,#11376,#11377);
#9319=AXIS2_PLACEMENT_3D('',#16516,#11378,#11379);
#9320=AXIS2_PLACEMENT_3D('',#16519,#11381,#11382);
#9321=AXIS2_PLACEMENT_3D('',#16520,#11383,#11384);
#9322=AXIS2_PLACEMENT_3D('',#16524,#11386,#11387);
#9323=AXIS2_PLACEMENT_3D('',#16525,#11388,#11389);
#9324=AXIS2_PLACEMENT_3D('',#16526,#11390,#11391);
#9325=AXIS2_PLACEMENT_3D('',#16529,#11393,#11394);
#9326=AXIS2_PLACEMENT_3D('',#16530,#11395,#11396);
#9327=AXIS2_PLACEMENT_3D('',#16534,#11398,#11399);
#9328=AXIS2_PLACEMENT_3D('',#16535,#11400,#11401);
#9329=AXIS2_PLACEMENT_3D('',#16536,#11402,#11403);
#9330=AXIS2_PLACEMENT_3D('',#16539,#11405,#11406);
#9331=AXIS2_PLACEMENT_3D('',#16540,#11407,#11408);
#9332=AXIS2_PLACEMENT_3D('',#16544,#11410,#11411);
#9333=AXIS2_PLACEMENT_3D('',#16545,#11412,#11413);
#9334=AXIS2_PLACEMENT_3D('',#16546,#11414,#11415);
#9335=AXIS2_PLACEMENT_3D('',#16549,#11417,#11418);
#9336=AXIS2_PLACEMENT_3D('',#16550,#11419,#11420);
#9337=AXIS2_PLACEMENT_3D('',#16554,#11422,#11423);
#9338=AXIS2_PLACEMENT_3D('',#16555,#11424,#11425);
#9339=AXIS2_PLACEMENT_3D('',#16556,#11426,#11427);
#9340=AXIS2_PLACEMENT_3D('',#16559,#11429,#11430);
#9341=AXIS2_PLACEMENT_3D('',#16560,#11431,#11432);
#9342=AXIS2_PLACEMENT_3D('',#16564,#11434,#11435);
#9343=AXIS2_PLACEMENT_3D('',#16565,#11436,#11437);
#9344=AXIS2_PLACEMENT_3D('',#16566,#11438,#11439);
#9345=AXIS2_PLACEMENT_3D('',#16569,#11441,#11442);
#9346=AXIS2_PLACEMENT_3D('',#16570,#11443,#11444);
#9347=AXIS2_PLACEMENT_3D('',#16574,#11446,#11447);
#9348=AXIS2_PLACEMENT_3D('',#16575,#11448,#11449);
#9349=AXIS2_PLACEMENT_3D('',#16576,#11450,#11451);
#9350=AXIS2_PLACEMENT_3D('',#16579,#11453,#11454);
#9351=AXIS2_PLACEMENT_3D('',#16580,#11455,#11456);
#9352=AXIS2_PLACEMENT_3D('',#16584,#11458,#11459);
#9353=AXIS2_PLACEMENT_3D('',#16585,#11460,#11461);
#9354=AXIS2_PLACEMENT_3D('',#16586,#11462,#11463);
#9355=AXIS2_PLACEMENT_3D('',#16589,#11465,#11466);
#9356=AXIS2_PLACEMENT_3D('',#16590,#11467,#11468);
#9357=AXIS2_PLACEMENT_3D('',#16594,#11470,#11471);
#9358=AXIS2_PLACEMENT_3D('',#16595,#11472,#11473);
#9359=AXIS2_PLACEMENT_3D('',#16596,#11474,#11475);
#9360=AXIS2_PLACEMENT_3D('',#16599,#11477,#11478);
#9361=AXIS2_PLACEMENT_3D('',#16600,#11479,#11480);
#9362=AXIS2_PLACEMENT_3D('',#16604,#11482,#11483);
#9363=AXIS2_PLACEMENT_3D('',#16605,#11484,#11485);
#9364=AXIS2_PLACEMENT_3D('',#16606,#11486,#11487);
#9365=AXIS2_PLACEMENT_3D('',#16609,#11489,#11490);
#9366=AXIS2_PLACEMENT_3D('',#16610,#11491,#11492);
#9367=AXIS2_PLACEMENT_3D('',#16614,#11494,#11495);
#9368=AXIS2_PLACEMENT_3D('',#16615,#11496,#11497);
#9369=AXIS2_PLACEMENT_3D('',#16616,#11498,#11499);
#9370=AXIS2_PLACEMENT_3D('',#16619,#11501,#11502);
#9371=AXIS2_PLACEMENT_3D('',#16620,#11503,#11504);
#9372=AXIS2_PLACEMENT_3D('',#16624,#11506,#11507);
#9373=AXIS2_PLACEMENT_3D('',#16625,#11508,#11509);
#9374=AXIS2_PLACEMENT_3D('',#16626,#11510,#11511);
#9375=AXIS2_PLACEMENT_3D('',#16629,#11513,#11514);
#9376=AXIS2_PLACEMENT_3D('',#16630,#11515,#11516);
#9377=AXIS2_PLACEMENT_3D('',#16634,#11518,#11519);
#9378=AXIS2_PLACEMENT_3D('',#16635,#11520,#11521);
#9379=AXIS2_PLACEMENT_3D('',#16636,#11522,#11523);
#9380=AXIS2_PLACEMENT_3D('',#16639,#11525,#11526);
#9381=AXIS2_PLACEMENT_3D('',#16640,#11527,#11528);
#9382=AXIS2_PLACEMENT_3D('',#16644,#11530,#11531);
#9383=AXIS2_PLACEMENT_3D('',#16645,#11532,#11533);
#9384=AXIS2_PLACEMENT_3D('',#16646,#11534,#11535);
#9385=AXIS2_PLACEMENT_3D('',#16649,#11537,#11538);
#9386=AXIS2_PLACEMENT_3D('',#16650,#11539,#11540);
#9387=AXIS2_PLACEMENT_3D('',#16654,#11542,#11543);
#9388=AXIS2_PLACEMENT_3D('',#16655,#11544,#11545);
#9389=AXIS2_PLACEMENT_3D('',#16656,#11546,#11547);
#9390=AXIS2_PLACEMENT_3D('',#16659,#11549,#11550);
#9391=AXIS2_PLACEMENT_3D('',#16660,#11551,#11552);
#9392=AXIS2_PLACEMENT_3D('',#16664,#11554,#11555);
#9393=AXIS2_PLACEMENT_3D('',#16665,#11556,#11557);
#9394=AXIS2_PLACEMENT_3D('',#16666,#11558,#11559);
#9395=AXIS2_PLACEMENT_3D('',#16669,#11561,#11562);
#9396=AXIS2_PLACEMENT_3D('',#16670,#11563,#11564);
#9397=AXIS2_PLACEMENT_3D('',#16674,#11566,#11567);
#9398=AXIS2_PLACEMENT_3D('',#16675,#11568,#11569);
#9399=AXIS2_PLACEMENT_3D('',#16676,#11570,#11571);
#9400=AXIS2_PLACEMENT_3D('',#16679,#11573,#11574);
#9401=AXIS2_PLACEMENT_3D('',#16680,#11575,#11576);
#9402=AXIS2_PLACEMENT_3D('',#16684,#11578,#11579);
#9403=AXIS2_PLACEMENT_3D('',#16685,#11580,#11581);
#9404=AXIS2_PLACEMENT_3D('',#16686,#11582,#11583);
#9405=AXIS2_PLACEMENT_3D('',#16689,#11585,#11586);
#9406=AXIS2_PLACEMENT_3D('',#16690,#11587,#11588);
#9407=AXIS2_PLACEMENT_3D('',#16694,#11590,#11591);
#9408=AXIS2_PLACEMENT_3D('',#16695,#11592,#11593);
#9409=AXIS2_PLACEMENT_3D('',#16696,#11594,#11595);
#9410=AXIS2_PLACEMENT_3D('',#16699,#11597,#11598);
#9411=AXIS2_PLACEMENT_3D('',#16700,#11599,#11600);
#9412=AXIS2_PLACEMENT_3D('',#16704,#11602,#11603);
#9413=AXIS2_PLACEMENT_3D('',#16705,#11604,#11605);
#9414=AXIS2_PLACEMENT_3D('',#16706,#11606,#11607);
#9415=AXIS2_PLACEMENT_3D('',#16709,#11609,#11610);
#9416=AXIS2_PLACEMENT_3D('',#16710,#11611,#11612);
#9417=AXIS2_PLACEMENT_3D('',#16714,#11614,#11615);
#9418=AXIS2_PLACEMENT_3D('',#16715,#11616,#11617);
#9419=AXIS2_PLACEMENT_3D('',#16716,#11618,#11619);
#9420=AXIS2_PLACEMENT_3D('',#16719,#11621,#11622);
#9421=AXIS2_PLACEMENT_3D('',#16720,#11623,#11624);
#9422=AXIS2_PLACEMENT_3D('',#16724,#11626,#11627);
#9423=AXIS2_PLACEMENT_3D('',#16725,#11628,#11629);
#9424=AXIS2_PLACEMENT_3D('',#16726,#11630,#11631);
#9425=AXIS2_PLACEMENT_3D('',#16729,#11633,#11634);
#9426=AXIS2_PLACEMENT_3D('',#16730,#11635,#11636);
#9427=AXIS2_PLACEMENT_3D('',#16734,#11638,#11639);
#9428=AXIS2_PLACEMENT_3D('',#16735,#11640,#11641);
#9429=AXIS2_PLACEMENT_3D('',#16736,#11642,#11643);
#9430=AXIS2_PLACEMENT_3D('',#16739,#11645,#11646);
#9431=AXIS2_PLACEMENT_3D('',#16740,#11647,#11648);
#9432=AXIS2_PLACEMENT_3D('',#16744,#11650,#11651);
#9433=AXIS2_PLACEMENT_3D('',#16745,#11652,#11653);
#9434=AXIS2_PLACEMENT_3D('',#16746,#11654,#11655);
#9435=AXIS2_PLACEMENT_3D('',#16749,#11657,#11658);
#9436=AXIS2_PLACEMENT_3D('',#16750,#11659,#11660);
#9437=AXIS2_PLACEMENT_3D('',#16754,#11662,#11663);
#9438=AXIS2_PLACEMENT_3D('',#16755,#11664,#11665);
#9439=AXIS2_PLACEMENT_3D('',#16756,#11666,#11667);
#9440=AXIS2_PLACEMENT_3D('',#16759,#11669,#11670);
#9441=AXIS2_PLACEMENT_3D('',#16760,#11671,#11672);
#9442=AXIS2_PLACEMENT_3D('',#16764,#11674,#11675);
#9443=AXIS2_PLACEMENT_3D('',#16765,#11676,#11677);
#9444=AXIS2_PLACEMENT_3D('',#16766,#11678,#11679);
#9445=AXIS2_PLACEMENT_3D('',#16769,#11681,#11682);
#9446=AXIS2_PLACEMENT_3D('',#16770,#11683,#11684);
#9447=AXIS2_PLACEMENT_3D('',#16774,#11686,#11687);
#9448=AXIS2_PLACEMENT_3D('',#16775,#11688,#11689);
#9449=AXIS2_PLACEMENT_3D('',#16776,#11690,#11691);
#9450=AXIS2_PLACEMENT_3D('',#16779,#11693,#11694);
#9451=AXIS2_PLACEMENT_3D('',#16780,#11695,#11696);
#9452=AXIS2_PLACEMENT_3D('',#16784,#11698,#11699);
#9453=AXIS2_PLACEMENT_3D('',#16785,#11700,#11701);
#9454=AXIS2_PLACEMENT_3D('',#16786,#11702,#11703);
#9455=AXIS2_PLACEMENT_3D('',#16789,#11705,#11706);
#9456=AXIS2_PLACEMENT_3D('',#16790,#11707,#11708);
#9457=AXIS2_PLACEMENT_3D('',#16794,#11710,#11711);
#9458=AXIS2_PLACEMENT_3D('',#16795,#11712,#11713);
#9459=AXIS2_PLACEMENT_3D('',#16796,#11714,#11715);
#9460=AXIS2_PLACEMENT_3D('',#16799,#11717,#11718);
#9461=AXIS2_PLACEMENT_3D('',#16800,#11719,#11720);
#9462=AXIS2_PLACEMENT_3D('',#16804,#11722,#11723);
#9463=AXIS2_PLACEMENT_3D('',#16805,#11724,#11725);
#9464=AXIS2_PLACEMENT_3D('',#16806,#11726,#11727);
#9465=AXIS2_PLACEMENT_3D('',#16809,#11729,#11730);
#9466=AXIS2_PLACEMENT_3D('',#16810,#11731,#11732);
#9467=AXIS2_PLACEMENT_3D('',#16814,#11734,#11735);
#9468=AXIS2_PLACEMENT_3D('',#16815,#11736,#11737);
#9469=AXIS2_PLACEMENT_3D('',#16816,#11738,#11739);
#9470=AXIS2_PLACEMENT_3D('',#16819,#11741,#11742);
#9471=AXIS2_PLACEMENT_3D('',#16820,#11743,#11744);
#9472=AXIS2_PLACEMENT_3D('',#16824,#11746,#11747);
#9473=AXIS2_PLACEMENT_3D('',#16825,#11748,#11749);
#9474=AXIS2_PLACEMENT_3D('',#16826,#11750,#11751);
#9475=AXIS2_PLACEMENT_3D('',#16829,#11753,#11754);
#9476=AXIS2_PLACEMENT_3D('',#16830,#11755,#11756);
#9477=AXIS2_PLACEMENT_3D('',#16834,#11758,#11759);
#9478=AXIS2_PLACEMENT_3D('',#16835,#11760,#11761);
#9479=AXIS2_PLACEMENT_3D('',#16836,#11762,#11763);
#9480=AXIS2_PLACEMENT_3D('',#16839,#11765,#11766);
#9481=AXIS2_PLACEMENT_3D('',#16840,#11767,#11768);
#9482=AXIS2_PLACEMENT_3D('',#16844,#11770,#11771);
#9483=AXIS2_PLACEMENT_3D('',#16845,#11772,#11773);
#9484=AXIS2_PLACEMENT_3D('',#16846,#11774,#11775);
#9485=AXIS2_PLACEMENT_3D('',#16849,#11777,#11778);
#9486=AXIS2_PLACEMENT_3D('',#16850,#11779,#11780);
#9487=AXIS2_PLACEMENT_3D('',#16854,#11782,#11783);
#9488=AXIS2_PLACEMENT_3D('',#16855,#11784,#11785);
#9489=AXIS2_PLACEMENT_3D('',#16856,#11786,#11787);
#9490=AXIS2_PLACEMENT_3D('',#16859,#11789,#11790);
#9491=AXIS2_PLACEMENT_3D('',#16860,#11791,#11792);
#9492=AXIS2_PLACEMENT_3D('',#16864,#11794,#11795);
#9493=AXIS2_PLACEMENT_3D('',#16865,#11796,#11797);
#9494=AXIS2_PLACEMENT_3D('',#16866,#11798,#11799);
#9495=AXIS2_PLACEMENT_3D('',#16869,#11801,#11802);
#9496=AXIS2_PLACEMENT_3D('',#16870,#11803,#11804);
#9497=AXIS2_PLACEMENT_3D('',#16874,#11806,#11807);
#9498=AXIS2_PLACEMENT_3D('',#16875,#11808,#11809);
#9499=AXIS2_PLACEMENT_3D('',#16876,#11810,#11811);
#9500=AXIS2_PLACEMENT_3D('',#16879,#11813,#11814);
#9501=AXIS2_PLACEMENT_3D('',#16880,#11815,#11816);
#9502=AXIS2_PLACEMENT_3D('',#16884,#11818,#11819);
#9503=AXIS2_PLACEMENT_3D('',#16885,#11820,#11821);
#9504=AXIS2_PLACEMENT_3D('',#16886,#11822,#11823);
#9505=AXIS2_PLACEMENT_3D('',#16889,#11825,#11826);
#9506=AXIS2_PLACEMENT_3D('',#16890,#11827,#11828);
#9507=AXIS2_PLACEMENT_3D('',#16894,#11830,#11831);
#9508=AXIS2_PLACEMENT_3D('',#16895,#11832,#11833);
#9509=AXIS2_PLACEMENT_3D('',#16896,#11834,#11835);
#9510=AXIS2_PLACEMENT_3D('',#16899,#11837,#11838);
#9511=AXIS2_PLACEMENT_3D('',#16900,#11839,#11840);
#9512=AXIS2_PLACEMENT_3D('',#16904,#11842,#11843);
#9513=AXIS2_PLACEMENT_3D('',#16905,#11844,#11845);
#9514=AXIS2_PLACEMENT_3D('',#16906,#11846,#11847);
#9515=AXIS2_PLACEMENT_3D('',#16909,#11849,#11850);
#9516=AXIS2_PLACEMENT_3D('',#16910,#11851,#11852);
#9517=AXIS2_PLACEMENT_3D('',#16914,#11854,#11855);
#9518=AXIS2_PLACEMENT_3D('',#16915,#11856,#11857);
#9519=AXIS2_PLACEMENT_3D('',#16916,#11858,#11859);
#9520=AXIS2_PLACEMENT_3D('',#16919,#11861,#11862);
#9521=AXIS2_PLACEMENT_3D('',#16920,#11863,#11864);
#9522=AXIS2_PLACEMENT_3D('',#16924,#11866,#11867);
#9523=AXIS2_PLACEMENT_3D('',#16925,#11868,#11869);
#9524=AXIS2_PLACEMENT_3D('',#16926,#11870,#11871);
#9525=AXIS2_PLACEMENT_3D('',#16929,#11873,#11874);
#9526=AXIS2_PLACEMENT_3D('',#16930,#11875,#11876);
#9527=AXIS2_PLACEMENT_3D('',#16934,#11878,#11879);
#9528=AXIS2_PLACEMENT_3D('',#16935,#11880,#11881);
#9529=AXIS2_PLACEMENT_3D('',#16936,#11882,#11883);
#9530=AXIS2_PLACEMENT_3D('',#16939,#11885,#11886);
#9531=AXIS2_PLACEMENT_3D('',#16940,#11887,#11888);
#9532=AXIS2_PLACEMENT_3D('',#16944,#11890,#11891);
#9533=AXIS2_PLACEMENT_3D('',#16945,#11892,#11893);
#9534=AXIS2_PLACEMENT_3D('',#16946,#11894,#11895);
#9535=AXIS2_PLACEMENT_3D('',#16949,#11897,#11898);
#9536=AXIS2_PLACEMENT_3D('',#16950,#11899,#11900);
#9537=AXIS2_PLACEMENT_3D('',#16952,#11902,#11903);
#9538=AXIS2_PLACEMENT_3D('',#16954,#11905,#11906);
#9539=AXIS2_PLACEMENT_3D('',#16956,#11908,#11909);
#9540=AXIS2_PLACEMENT_3D('',#16958,#11911,#11912);
#9541=AXIS2_PLACEMENT_3D('',#16960,#11914,#11915);
#9542=AXIS2_PLACEMENT_3D('',#16962,#11917,#11918);
#9543=AXIS2_PLACEMENT_3D('',#16964,#11920,#11921);
#9544=AXIS2_PLACEMENT_3D('',#16966,#11923,#11924);
#9545=AXIS2_PLACEMENT_3D('',#16968,#11926,#11927);
#9546=AXIS2_PLACEMENT_3D('',#16970,#11929,#11930);
#9547=AXIS2_PLACEMENT_3D('',#16972,#11932,#11933);
#9548=AXIS2_PLACEMENT_3D('',#16974,#11935,#11936);
#9549=AXIS2_PLACEMENT_3D('',#16976,#11938,#11939);
#9550=AXIS2_PLACEMENT_3D('',#16978,#11941,#11942);
#9551=AXIS2_PLACEMENT_3D('',#16980,#11944,#11945);
#9552=AXIS2_PLACEMENT_3D('',#16982,#11947,#11948);
#9553=AXIS2_PLACEMENT_3D('',#16984,#11950,#11951);
#9554=AXIS2_PLACEMENT_3D('',#16986,#11953,#11954);
#9555=AXIS2_PLACEMENT_3D('',#16988,#11956,#11957);
#9556=AXIS2_PLACEMENT_3D('',#16990,#11959,#11960);
#9557=AXIS2_PLACEMENT_3D('',#16992,#11962,#11963);
#9558=AXIS2_PLACEMENT_3D('',#16994,#11965,#11966);
#9559=AXIS2_PLACEMENT_3D('',#16996,#11968,#11969);
#9560=AXIS2_PLACEMENT_3D('',#16998,#11971,#11972);
#9561=AXIS2_PLACEMENT_3D('',#17000,#11974,#11975);
#9562=AXIS2_PLACEMENT_3D('',#17002,#11977,#11978);
#9563=AXIS2_PLACEMENT_3D('',#17004,#11980,#11981);
#9564=AXIS2_PLACEMENT_3D('',#17006,#11983,#11984);
#9565=AXIS2_PLACEMENT_3D('',#17008,#11986,#11987);
#9566=AXIS2_PLACEMENT_3D('',#17010,#11989,#11990);
#9567=AXIS2_PLACEMENT_3D('',#17012,#11992,#11993);
#9568=AXIS2_PLACEMENT_3D('',#17014,#11995,#11996);
#9569=AXIS2_PLACEMENT_3D('',#17016,#11998,#11999);
#9570=AXIS2_PLACEMENT_3D('',#17018,#12001,#12002);
#9571=AXIS2_PLACEMENT_3D('',#17020,#12004,#12005);
#9572=AXIS2_PLACEMENT_3D('',#17022,#12007,#12008);
#9573=AXIS2_PLACEMENT_3D('',#17024,#12010,#12011);
#9574=AXIS2_PLACEMENT_3D('',#17026,#12013,#12014);
#9575=AXIS2_PLACEMENT_3D('',#17028,#12016,#12017);
#9576=AXIS2_PLACEMENT_3D('',#17030,#12019,#12020);
#9577=AXIS2_PLACEMENT_3D('',#17032,#12022,#12023);
#9578=AXIS2_PLACEMENT_3D('',#17034,#12025,#12026);
#9579=AXIS2_PLACEMENT_3D('',#17036,#12028,#12029);
#9580=AXIS2_PLACEMENT_3D('',#17038,#12031,#12032);
#9581=AXIS2_PLACEMENT_3D('',#17040,#12034,#12035);
#9582=AXIS2_PLACEMENT_3D('',#17042,#12037,#12038);
#9583=AXIS2_PLACEMENT_3D('',#17044,#12040,#12041);
#9584=AXIS2_PLACEMENT_3D('',#17046,#12043,#12044);
#9585=AXIS2_PLACEMENT_3D('',#17048,#12046,#12047);
#9586=AXIS2_PLACEMENT_3D('',#17050,#12049,#12050);
#9587=AXIS2_PLACEMENT_3D('',#17052,#12052,#12053);
#9588=AXIS2_PLACEMENT_3D('',#17054,#12055,#12056);
#9589=AXIS2_PLACEMENT_3D('',#17056,#12058,#12059);
#9590=AXIS2_PLACEMENT_3D('',#17058,#12061,#12062);
#9591=AXIS2_PLACEMENT_3D('',#17060,#12064,#12065);
#9592=AXIS2_PLACEMENT_3D('',#17062,#12067,#12068);
#9593=AXIS2_PLACEMENT_3D('',#17064,#12070,#12071);
#9594=AXIS2_PLACEMENT_3D('',#17066,#12073,#12074);
#9595=AXIS2_PLACEMENT_3D('',#17068,#12076,#12077);
#9596=AXIS2_PLACEMENT_3D('',#17070,#12079,#12080);
#9597=AXIS2_PLACEMENT_3D('',#17072,#12082,#12083);
#9598=AXIS2_PLACEMENT_3D('',#17074,#12085,#12086);
#9599=AXIS2_PLACEMENT_3D('',#17076,#12088,#12089);
#9600=AXIS2_PLACEMENT_3D('',#17078,#12091,#12092);
#9601=AXIS2_PLACEMENT_3D('',#17080,#12094,#12095);
#9602=AXIS2_PLACEMENT_3D('',#17082,#12097,#12098);
#9603=AXIS2_PLACEMENT_3D('',#17084,#12100,#12101);
#9604=AXIS2_PLACEMENT_3D('',#17086,#12103,#12104);
#9605=AXIS2_PLACEMENT_3D('',#17088,#12106,#12107);
#9606=AXIS2_PLACEMENT_3D('',#17090,#12109,#12110);
#9607=AXIS2_PLACEMENT_3D('',#17092,#12112,#12113);
#9608=AXIS2_PLACEMENT_3D('',#17094,#12115,#12116);
#9609=AXIS2_PLACEMENT_3D('',#17096,#12118,#12119);
#9610=AXIS2_PLACEMENT_3D('',#17098,#12121,#12122);
#9611=AXIS2_PLACEMENT_3D('',#17101,#12124,#12125);
#9612=AXIS2_PLACEMENT_3D('',#17102,#12126,#12127);
#9613=AXIS2_PLACEMENT_3D('',#17105,#12128,#12129);
#9614=AXIS2_PLACEMENT_3D('',#17106,#12130,#12131);
#9615=AXIS2_PLACEMENT_3D('',#17108,#12133,#12134);
#9616=AXIS2_PLACEMENT_3D('',#17110,#12136,#12137);
#9617=AXIS2_PLACEMENT_3D('',#17111,#12138,#12139);
#9618=AXIS2_PLACEMENT_3D('',#17114,#12141,#12142);
#9619=AXIS2_PLACEMENT_3D('',#17115,#12143,#12144);
#9620=AXIS2_PLACEMENT_3D('',#17116,#12145,#12146);
#9621=AXIS2_PLACEMENT_3D('',#17119,#12148,#12149);
#9622=AXIS2_PLACEMENT_3D('',#17120,#12150,#12151);
#9623=AXIS2_PLACEMENT_3D('',#17121,#12152,#12153);
#9624=AXIS2_PLACEMENT_3D('',#17124,#12155,#12156);
#9625=AXIS2_PLACEMENT_3D('',#17125,#12157,#12158);
#9626=AXIS2_PLACEMENT_3D('',#17126,#12159,#12160);
#9627=AXIS2_PLACEMENT_3D('',#17129,#12162,#12163);
#9628=AXIS2_PLACEMENT_3D('',#17130,#12164,#12165);
#9629=AXIS2_PLACEMENT_3D('',#17131,#12166,#12167);
#9630=AXIS2_PLACEMENT_3D('',#17134,#12169,#12170);
#9631=AXIS2_PLACEMENT_3D('',#17135,#12171,#12172);
#9632=AXIS2_PLACEMENT_3D('',#17136,#12173,#12174);
#9633=AXIS2_PLACEMENT_3D('',#17139,#12176,#12177);
#9634=AXIS2_PLACEMENT_3D('',#17140,#12178,#12179);
#9635=AXIS2_PLACEMENT_3D('',#17141,#12180,#12181);
#9636=AXIS2_PLACEMENT_3D('',#17144,#12183,#12184);
#9637=AXIS2_PLACEMENT_3D('',#17145,#12185,#12186);
#9638=AXIS2_PLACEMENT_3D('',#17146,#12187,#12188);
#9639=AXIS2_PLACEMENT_3D('',#17149,#12190,#12191);
#9640=AXIS2_PLACEMENT_3D('',#17150,#12192,#12193);
#9641=AXIS2_PLACEMENT_3D('',#17151,#12194,#12195);
#9642=AXIS2_PLACEMENT_3D('',#17154,#12197,#12198);
#9643=AXIS2_PLACEMENT_3D('',#17155,#12199,#12200);
#9644=AXIS2_PLACEMENT_3D('',#17156,#12201,#12202);
#9645=AXIS2_PLACEMENT_3D('',#17160,#12205,#12206);
#9646=AXIS2_PLACEMENT_3D('',#17161,#12207,#12208);
#9647=AXIS2_PLACEMENT_3D('',#17162,#12209,#12210);
#9648=AXIS2_PLACEMENT_3D('',#17166,#12213,#12214);
#9649=AXIS2_PLACEMENT_3D('',#17167,#12215,#12216);
#9650=AXIS2_PLACEMENT_3D('',#17168,#12217,#12218);
#9651=AXIS2_PLACEMENT_3D('',#17172,#12221,#12222);
#9652=AXIS2_PLACEMENT_3D('',#17173,#12223,#12224);
#9653=AXIS2_PLACEMENT_3D('',#17174,#12225,#12226);
#9654=AXIS2_PLACEMENT_3D('',#17178,#12229,#12230);
#9655=AXIS2_PLACEMENT_3D('',#17179,#12231,#12232);
#9656=AXIS2_PLACEMENT_3D('',#17180,#12233,#12234);
#9657=AXIS2_PLACEMENT_3D('',#17183,#12236,#12237);
#9658=AXIS2_PLACEMENT_3D('',#17184,#12238,#12239);
#9659=AXIS2_PLACEMENT_3D('',#17185,#12240,#12241);
#9660=AXIS2_PLACEMENT_3D('',#17188,#12243,#12244);
#9661=AXIS2_PLACEMENT_3D('',#17189,#12245,#12246);
#9662=AXIS2_PLACEMENT_3D('',#17190,#12247,#12248);
#9663=AXIS2_PLACEMENT_3D('',#17193,#12250,#12251);
#9664=AXIS2_PLACEMENT_3D('',#17194,#12252,#12253);
#9665=AXIS2_PLACEMENT_3D('',#17195,#12254,#12255);
#9666=AXIS2_PLACEMENT_3D('',#17198,#12257,#12258);
#9667=AXIS2_PLACEMENT_3D('',#17199,#12259,#12260);
#9668=AXIS2_PLACEMENT_3D('',#17200,#12261,#12262);
#9669=AXIS2_PLACEMENT_3D('',#17203,#12264,#12265);
#9670=AXIS2_PLACEMENT_3D('',#17204,#12266,#12267);
#9671=AXIS2_PLACEMENT_3D('',#17205,#12268,#12269);
#9672=AXIS2_PLACEMENT_3D('',#17208,#12271,#12272);
#9673=AXIS2_PLACEMENT_3D('',#17209,#12273,#12274);
#9674=AXIS2_PLACEMENT_3D('',#17210,#12275,#12276);
#9675=AXIS2_PLACEMENT_3D('',#17213,#12278,#12279);
#9676=AXIS2_PLACEMENT_3D('',#17214,#12280,#12281);
#9677=AXIS2_PLACEMENT_3D('',#17215,#12282,#12283);
#9678=AXIS2_PLACEMENT_3D('',#17218,#12285,#12286);
#9679=AXIS2_PLACEMENT_3D('',#17219,#12287,#12288);
#9680=AXIS2_PLACEMENT_3D('',#17220,#12289,#12290);
#9681=AXIS2_PLACEMENT_3D('',#17223,#12292,#12293);
#9682=AXIS2_PLACEMENT_3D('',#17224,#12294,#12295);
#9683=AXIS2_PLACEMENT_3D('',#17225,#12296,#12297);
#9684=AXIS2_PLACEMENT_3D('',#17228,#12299,#12300);
#9685=AXIS2_PLACEMENT_3D('',#17229,#12301,#12302);
#9686=AXIS2_PLACEMENT_3D('',#17230,#12303,#12304);
#9687=AXIS2_PLACEMENT_3D('',#17233,#12306,#12307);
#9688=AXIS2_PLACEMENT_3D('',#17234,#12308,#12309);
#9689=AXIS2_PLACEMENT_3D('',#17235,#12310,#12311);
#9690=AXIS2_PLACEMENT_3D('',#17238,#12313,#12314);
#9691=AXIS2_PLACEMENT_3D('',#17239,#12315,#12316);
#9692=AXIS2_PLACEMENT_3D('',#17240,#12317,#12318);
#9693=AXIS2_PLACEMENT_3D('',#17243,#12320,#12321);
#9694=AXIS2_PLACEMENT_3D('',#17244,#12322,#12323);
#9695=AXIS2_PLACEMENT_3D('',#17245,#12324,#12325);
#9696=AXIS2_PLACEMENT_3D('',#17248,#12327,#12328);
#9697=AXIS2_PLACEMENT_3D('',#17249,#12329,#12330);
#9698=AXIS2_PLACEMENT_3D('',#17250,#12331,#12332);
#9699=AXIS2_PLACEMENT_3D('',#17253,#12334,#12335);
#9700=AXIS2_PLACEMENT_3D('',#17254,#12336,#12337);
#9701=AXIS2_PLACEMENT_3D('',#17255,#12338,#12339);
#9702=AXIS2_PLACEMENT_3D('',#17258,#12341,#12342);
#9703=AXIS2_PLACEMENT_3D('',#17259,#12343,#12344);
#9704=AXIS2_PLACEMENT_3D('',#17260,#12345,#12346);
#9705=AXIS2_PLACEMENT_3D('',#17263,#12348,#12349);
#9706=AXIS2_PLACEMENT_3D('',#17264,#12350,#12351);
#9707=AXIS2_PLACEMENT_3D('',#17265,#12352,#12353);
#9708=AXIS2_PLACEMENT_3D('',#17268,#12355,#12356);
#9709=AXIS2_PLACEMENT_3D('',#17269,#12357,#12358);
#9710=AXIS2_PLACEMENT_3D('',#17270,#12359,#12360);
#9711=AXIS2_PLACEMENT_3D('',#17274,#12363,#12364);
#9712=AXIS2_PLACEMENT_3D('',#17275,#12365,#12366);
#9713=AXIS2_PLACEMENT_3D('',#17276,#12367,#12368);
#9714=AXIS2_PLACEMENT_3D('',#17280,#12371,#12372);
#9715=AXIS2_PLACEMENT_3D('',#17281,#12373,#12374);
#9716=AXIS2_PLACEMENT_3D('',#17282,#12375,#12376);
#9717=AXIS2_PLACEMENT_3D('',#17286,#12379,#12380);
#9718=AXIS2_PLACEMENT_3D('',#17287,#12381,#12382);
#9719=AXIS2_PLACEMENT_3D('',#17288,#12383,#12384);
#9720=AXIS2_PLACEMENT_3D('',#17291,#12386,#12387);
#9721=AXIS2_PLACEMENT_3D('',#17292,#12388,#12389);
#9722=AXIS2_PLACEMENT_3D('',#17293,#12390,#12391);
#9723=AXIS2_PLACEMENT_3D('',#17296,#12393,#12394);
#9724=AXIS2_PLACEMENT_3D('',#17297,#12395,#12396);
#9725=AXIS2_PLACEMENT_3D('',#17298,#12397,#12398);
#9726=AXIS2_PLACEMENT_3D('',#17301,#12400,#12401);
#9727=AXIS2_PLACEMENT_3D('',#17302,#12402,#12403);
#9728=AXIS2_PLACEMENT_3D('',#17303,#12404,#12405);
#9729=AXIS2_PLACEMENT_3D('',#17306,#12407,#12408);
#9730=AXIS2_PLACEMENT_3D('',#17307,#12409,#12410);
#9731=AXIS2_PLACEMENT_3D('',#17308,#12411,#12412);
#9732=AXIS2_PLACEMENT_3D('',#17311,#12414,#12415);
#9733=AXIS2_PLACEMENT_3D('',#17312,#12416,#12417);
#9734=AXIS2_PLACEMENT_3D('',#17313,#12418,#12419);
#9735=AXIS2_PLACEMENT_3D('',#17316,#12421,#12422);
#9736=AXIS2_PLACEMENT_3D('',#17317,#12423,#12424);
#9737=AXIS2_PLACEMENT_3D('',#17318,#12425,#12426);
#9738=AXIS2_PLACEMENT_3D('',#17321,#12428,#12429);
#9739=AXIS2_PLACEMENT_3D('',#17322,#12430,#12431);
#9740=AXIS2_PLACEMENT_3D('',#17323,#12432,#12433);
#9741=AXIS2_PLACEMENT_3D('',#17326,#12435,#12436);
#9742=AXIS2_PLACEMENT_3D('',#17327,#12437,#12438);
#9743=AXIS2_PLACEMENT_3D('',#17328,#12439,#12440);
#9744=AXIS2_PLACEMENT_3D('',#17331,#12442,#12443);
#9745=AXIS2_PLACEMENT_3D('',#17332,#12444,#12445);
#9746=AXIS2_PLACEMENT_3D('',#17333,#12446,#12447);
#9747=AXIS2_PLACEMENT_3D('',#17336,#12449,#12450);
#9748=AXIS2_PLACEMENT_3D('',#17337,#12451,#12452);
#9749=DIRECTION('axis',(0.,0.,1.));
#9750=DIRECTION('refdir',(1.,0.,0.));
#9751=DIRECTION('center_axis',(1.,0.,0.));
#9752=DIRECTION('ref_axis',(0.,0.,1.));
#9753=DIRECTION('center_axis',(1.,2.27784045440056E-16,0.));
#9754=DIRECTION('ref_axis',(0.,0.,1.));
#9755=DIRECTION('',(1.,0.,0.));
#9756=DIRECTION('center_axis',(1.,0.,0.));
#9757=DIRECTION('ref_axis',(0.,0.,1.));
#9758=DIRECTION('center_axis',(1.,2.27784045440056E-16,0.));
#9759=DIRECTION('ref_axis',(0.,0.,1.));
#9760=DIRECTION('',(1.,0.,0.));
#9761=DIRECTION('center_axis',(1.,0.,0.));
#9762=DIRECTION('ref_axis',(0.,0.,1.));
#9763=DIRECTION('center_axis',(1.,2.27784045440056E-16,0.));
#9764=DIRECTION('ref_axis',(0.,0.,1.));
#9765=DIRECTION('',(1.,0.,0.));
#9766=DIRECTION('center_axis',(1.,0.,0.));
#9767=DIRECTION('ref_axis',(0.,0.,1.));
#9768=DIRECTION('center_axis',(1.,2.27784045440056E-16,0.));
#9769=DIRECTION('ref_axis',(0.,0.,1.));
#9770=DIRECTION('',(1.,0.,0.));
#9771=DIRECTION('center_axis',(1.,0.,0.));
#9772=DIRECTION('ref_axis',(0.,0.,1.));
#9773=DIRECTION('center_axis',(1.,2.27784045440056E-16,0.));
#9774=DIRECTION('ref_axis',(0.,0.,1.));
#9775=DIRECTION('',(1.,0.,0.));
#9776=DIRECTION('center_axis',(1.,0.,0.));
#9777=DIRECTION('ref_axis',(0.,0.,1.));
#9778=DIRECTION('center_axis',(1.,2.27784045440056E-16,0.));
#9779=DIRECTION('ref_axis',(0.,0.,1.));
#9780=DIRECTION('',(1.,0.,0.));
#9781=DIRECTION('center_axis',(1.,0.,0.));
#9782=DIRECTION('ref_axis',(0.,0.,1.));
#9783=DIRECTION('center_axis',(1.,2.27784045440056E-16,0.));
#9784=DIRECTION('ref_axis',(0.,0.,1.));
#9785=DIRECTION('',(1.,0.,0.));
#9786=DIRECTION('center_axis',(0.,-1.,0.));
#9787=DIRECTION('ref_axis',(1.,0.,0.));
#9788=DIRECTION('center_axis',(2.27920685087442E-16,-1.,0.));
#9789=DIRECTION('ref_axis',(1.,0.,0.));
#9790=DIRECTION('',(0.,-1.,0.));
#9791=DIRECTION('center_axis',(0.,-1.,0.));
#9792=DIRECTION('ref_axis',(1.,0.,0.));
#9793=DIRECTION('center_axis',(2.27920685087442E-16,-1.,0.));
#9794=DIRECTION('ref_axis',(1.,0.,0.));
#9795=DIRECTION('',(0.,-1.,0.));
#9796=DIRECTION('center_axis',(0.,-1.,0.));
#9797=DIRECTION('ref_axis',(1.,0.,0.));
#9798=DIRECTION('center_axis',(2.27920685087442E-16,-1.,0.));
#9799=DIRECTION('ref_axis',(1.,0.,0.));
#9800=DIRECTION('',(0.,-1.,0.));
#9801=DIRECTION('center_axis',(0.,-1.,0.));
#9802=DIRECTION('ref_axis',(1.,0.,0.));
#9803=DIRECTION('center_axis',(2.27920685087442E-16,-1.,0.));
#9804=DIRECTION('ref_axis',(1.,0.,0.));
#9805=DIRECTION('',(0.,-1.,0.));
#9806=DIRECTION('center_axis',(0.,-1.,0.));
#9807=DIRECTION('ref_axis',(1.,0.,0.));
#9808=DIRECTION('center_axis',(2.27920685087442E-16,-1.,0.));
#9809=DIRECTION('ref_axis',(1.,0.,0.));
#9810=DIRECTION('',(0.,-1.,0.));
#9811=DIRECTION('center_axis',(0.,-1.,0.));
#9812=DIRECTION('ref_axis',(1.,0.,0.));
#9813=DIRECTION('center_axis',(2.27920685087442E-16,-1.,0.));
#9814=DIRECTION('ref_axis',(1.,0.,0.));
#9815=DIRECTION('',(0.,-1.,0.));
#9816=DIRECTION('center_axis',(0.,-1.,0.));
#9817=DIRECTION('ref_axis',(1.,0.,0.));
#9818=DIRECTION('center_axis',(2.27920685087442E-16,-1.,0.));
#9819=DIRECTION('ref_axis',(1.,0.,0.));
#9820=DIRECTION('',(0.,-1.,0.));
#9821=DIRECTION('center_axis',(0.,-1.,0.));
#9822=DIRECTION('ref_axis',(1.,0.,0.));
#9823=DIRECTION('center_axis',(2.27920685087442E-16,-1.,0.));
#9824=DIRECTION('ref_axis',(1.,0.,0.));
#9825=DIRECTION('',(0.,-1.,0.));
#9826=DIRECTION('center_axis',(0.,-1.,0.));
#9827=DIRECTION('ref_axis',(1.,0.,0.));
#9828=DIRECTION('center_axis',(2.27920685087442E-16,-1.,0.));
#9829=DIRECTION('ref_axis',(1.,0.,0.));
#9830=DIRECTION('',(0.,-1.,0.));
#9831=DIRECTION('center_axis',(0.,-1.,0.));
#9832=DIRECTION('ref_axis',(1.,0.,0.));
#9833=DIRECTION('center_axis',(2.27920685087442E-16,-1.,0.));
#9834=DIRECTION('ref_axis',(1.,0.,0.));
#9835=DIRECTION('',(0.,-1.,0.));
#9836=DIRECTION('center_axis',(0.,-1.,0.));
#9837=DIRECTION('ref_axis',(1.,0.,0.));
#9838=DIRECTION('center_axis',(2.27920685087442E-16,-1.,0.));
#9839=DIRECTION('ref_axis',(1.,0.,0.));
#9840=DIRECTION('',(0.,-1.,0.));
#9841=DIRECTION('center_axis',(0.,-1.,0.));
#9842=DIRECTION('ref_axis',(1.,0.,0.));
#9843=DIRECTION('center_axis',(2.27920685087442E-16,-1.,0.));
#9844=DIRECTION('ref_axis',(1.,0.,0.));
#9845=DIRECTION('',(0.,-1.,0.));
#9846=DIRECTION('center_axis',(0.,-1.,0.));
#9847=DIRECTION('ref_axis',(1.,0.,0.));
#9848=DIRECTION('center_axis',(2.27920685087442E-16,-1.,0.));
#9849=DIRECTION('ref_axis',(1.,0.,0.));
#9850=DIRECTION('',(0.,-1.,0.));
#9851=DIRECTION('center_axis',(0.,-1.,0.));
#9852=DIRECTION('ref_axis',(1.,0.,0.));
#9853=DIRECTION('center_axis',(2.27920685087442E-16,-1.,0.));
#9854=DIRECTION('ref_axis',(1.,0.,0.));
#9855=DIRECTION('',(0.,-1.,0.));
#9856=DIRECTION('center_axis',(0.,-1.,0.));
#9857=DIRECTION('ref_axis',(1.,0.,0.));
#9858=DIRECTION('center_axis',(2.27920685087442E-16,-1.,0.));
#9859=DIRECTION('ref_axis',(1.,0.,0.));
#9860=DIRECTION('',(0.,-1.,0.));
#9861=DIRECTION('center_axis',(-1.,0.,0.));
#9862=DIRECTION('ref_axis',(0.,0.,-1.));
#9863=DIRECTION('center_axis',(-1.,-2.29577620601002E-16,0.));
#9864=DIRECTION('ref_axis',(0.,0.,-1.));
#9865=DIRECTION('',(-1.,0.,0.));
#9866=DIRECTION('center_axis',(-1.,0.,0.));
#9867=DIRECTION('ref_axis',(0.,0.,-1.));
#9868=DIRECTION('center_axis',(-1.,-2.29577620601002E-16,0.));
#9869=DIRECTION('ref_axis',(0.,0.,-1.));
#9870=DIRECTION('',(-1.,0.,0.));
#9871=DIRECTION('center_axis',(-1.,0.,0.));
#9872=DIRECTION('ref_axis',(0.,0.,-1.));
#9873=DIRECTION('center_axis',(-1.,-2.29577620601002E-16,0.));
#9874=DIRECTION('ref_axis',(0.,0.,-1.));
#9875=DIRECTION('',(-1.,0.,0.));
#9876=DIRECTION('center_axis',(-1.,0.,0.));
#9877=DIRECTION('ref_axis',(0.,0.,-1.));
#9878=DIRECTION('center_axis',(-1.,-2.29577620601002E-16,0.));
#9879=DIRECTION('ref_axis',(0.,0.,-1.));
#9880=DIRECTION('',(-1.,0.,0.));
#9881=DIRECTION('center_axis',(-1.,0.,0.));
#9882=DIRECTION('ref_axis',(0.,0.,-1.));
#9883=DIRECTION('center_axis',(-1.,-2.29577620601002E-16,0.));
#9884=DIRECTION('ref_axis',(0.,0.,-1.));
#9885=DIRECTION('',(-1.,0.,0.));
#9886=DIRECTION('center_axis',(-1.,0.,0.));
#9887=DIRECTION('ref_axis',(0.,0.,-1.));
#9888=DIRECTION('center_axis',(-1.,-2.29577620601002E-16,0.));
#9889=DIRECTION('ref_axis',(0.,0.,-1.));
#9890=DIRECTION('',(-1.,0.,0.));
#9891=DIRECTION('center_axis',(-1.,0.,0.));
#9892=DIRECTION('ref_axis',(0.,0.,-1.));
#9893=DIRECTION('center_axis',(-1.,-2.29577620601002E-16,0.));
#9894=DIRECTION('ref_axis',(0.,0.,-1.));
#9895=DIRECTION('',(-1.,0.,0.));
#9896=DIRECTION('center_axis',(0.,1.,0.));
#9897=DIRECTION('ref_axis',(1.,0.,0.));
#9898=DIRECTION('center_axis',(-1.28205385361686E-16,1.,0.));
#9899=DIRECTION('ref_axis',(1.,0.,0.));
#9900=DIRECTION('',(0.,1.,0.));
#9901=DIRECTION('center_axis',(0.,1.,0.));
#9902=DIRECTION('ref_axis',(1.,0.,0.));
#9903=DIRECTION('center_axis',(-1.28205385361686E-16,1.,0.));
#9904=DIRECTION('ref_axis',(1.,0.,0.));
#9905=DIRECTION('',(0.,1.,0.));
#9906=DIRECTION('center_axis',(0.,1.,0.));
#9907=DIRECTION('ref_axis',(1.,0.,0.));
#9908=DIRECTION('center_axis',(-1.28205385361686E-16,1.,0.));
#9909=DIRECTION('ref_axis',(1.,0.,0.));
#9910=DIRECTION('',(0.,1.,0.));
#9911=DIRECTION('center_axis',(0.,1.,0.));
#9912=DIRECTION('ref_axis',(1.,0.,0.));
#9913=DIRECTION('center_axis',(-1.28205385361686E-16,1.,0.));
#9914=DIRECTION('ref_axis',(1.,0.,0.));
#9915=DIRECTION('',(0.,1.,0.));
#9916=DIRECTION('center_axis',(0.,1.,0.));
#9917=DIRECTION('ref_axis',(1.,0.,0.));
#9918=DIRECTION('center_axis',(-1.28205385361686E-16,1.,0.));
#9919=DIRECTION('ref_axis',(1.,0.,0.));
#9920=DIRECTION('',(0.,1.,0.));
#9921=DIRECTION('center_axis',(0.,1.,0.));
#9922=DIRECTION('ref_axis',(1.,0.,0.));
#9923=DIRECTION('center_axis',(-1.28205385361686E-16,1.,0.));
#9924=DIRECTION('ref_axis',(1.,0.,0.));
#9925=DIRECTION('',(0.,1.,0.));
#9926=DIRECTION('center_axis',(0.,1.,0.));
#9927=DIRECTION('ref_axis',(1.,0.,0.));
#9928=DIRECTION('center_axis',(-1.28205385361686E-16,1.,0.));
#9929=DIRECTION('ref_axis',(1.,0.,0.));
#9930=DIRECTION('',(0.,1.,0.));
#9931=DIRECTION('center_axis',(0.,1.,0.));
#9932=DIRECTION('ref_axis',(1.,0.,0.));
#9933=DIRECTION('center_axis',(-1.28205385361686E-16,1.,0.));
#9934=DIRECTION('ref_axis',(1.,0.,0.));
#9935=DIRECTION('',(0.,1.,0.));
#9936=DIRECTION('center_axis',(0.,1.,0.));
#9937=DIRECTION('ref_axis',(1.,0.,0.));
#9938=DIRECTION('center_axis',(-1.28205385361686E-16,1.,0.));
#9939=DIRECTION('ref_axis',(1.,0.,0.));
#9940=DIRECTION('',(0.,1.,0.));
#9941=DIRECTION('center_axis',(0.,1.,0.));
#9942=DIRECTION('ref_axis',(1.,0.,0.));
#9943=DIRECTION('center_axis',(-1.28205385361686E-16,1.,0.));
#9944=DIRECTION('ref_axis',(1.,0.,0.));
#9945=DIRECTION('',(0.,1.,0.));
#9946=DIRECTION('center_axis',(0.,1.,0.));
#9947=DIRECTION('ref_axis',(1.,0.,0.));
#9948=DIRECTION('center_axis',(-1.28205385361686E-16,1.,0.));
#9949=DIRECTION('ref_axis',(1.,0.,0.));
#9950=DIRECTION('',(0.,1.,0.));
#9951=DIRECTION('center_axis',(0.,1.,0.));
#9952=DIRECTION('ref_axis',(1.,0.,0.));
#9953=DIRECTION('center_axis',(-1.28205385361686E-16,1.,0.));
#9954=DIRECTION('ref_axis',(1.,0.,0.));
#9955=DIRECTION('',(0.,1.,0.));
#9956=DIRECTION('center_axis',(0.,1.,0.));
#9957=DIRECTION('ref_axis',(1.,0.,0.));
#9958=DIRECTION('center_axis',(-1.28205385361686E-16,1.,0.));
#9959=DIRECTION('ref_axis',(1.,0.,0.));
#9960=DIRECTION('',(0.,1.,0.));
#9961=DIRECTION('center_axis',(0.,1.,0.));
#9962=DIRECTION('ref_axis',(1.,0.,0.));
#9963=DIRECTION('center_axis',(-1.28205385361686E-16,1.,0.));
#9964=DIRECTION('ref_axis',(1.,0.,0.));
#9965=DIRECTION('',(0.,1.,0.));
#9966=DIRECTION('center_axis',(0.,1.,0.));
#9967=DIRECTION('ref_axis',(1.,0.,0.));
#9968=DIRECTION('center_axis',(-1.28205385361686E-16,1.,0.));
#9969=DIRECTION('ref_axis',(1.,0.,0.));
#9970=DIRECTION('',(0.,1.,0.));
#9971=DIRECTION('center_axis',(-1.,-1.77635683940025E-14,1.97215226305253E-29));
#9972=DIRECTION('ref_axis',(0.,-1.11022302462516E-15,-1.));
#9973=DIRECTION('center_axis',(0.,-1.,0.));
#9974=DIRECTION('ref_axis',(-1.,0.,0.));
#9975=DIRECTION('center_axis',(-1.,-1.28205385361686E-16,0.));
#9976=DIRECTION('ref_axis',(0.,-0.707106781186545,-0.70710678118655));
#9977=DIRECTION('center_axis',(-1.,0.,0.));
#9978=DIRECTION('ref_axis',(0.,0.,-1.));
#9979=DIRECTION('',(-1.,-1.28205385361686E-16,0.));
#9980=DIRECTION('',(1.,1.28205385361686E-16,0.));
#9981=DIRECTION('center_axis',(2.66453525910053E-14,-1.,8.88178419700125E-15));
#9982=DIRECTION('ref_axis',(0.,-8.88178419700125E-15,-1.));
#9983=DIRECTION('center_axis',(2.29577620601002E-16,-1.,0.));
#9984=DIRECTION('ref_axis',(0.707106781186528,0.,-0.707106781186568));
#9985=DIRECTION('center_axis',(0.,-1.,0.));
#9986=DIRECTION('ref_axis',(0.,0.,-1.));
#9987=DIRECTION('',(2.29577620601002E-16,-1.,0.));
#9988=DIRECTION('',(-2.29577620601002E-16,1.,0.));
#9989=DIRECTION('center_axis',(1.,-1.42108547152028E-13,0.));
#9990=DIRECTION('ref_axis',(0.,0.,-1.));
#9991=DIRECTION('center_axis',(1.,2.27920685087442E-16,0.));
#9992=DIRECTION('ref_axis',(0.,0.707106781186578,-0.707106781186517));
#9993=DIRECTION('center_axis',(1.,0.,0.));
#9994=DIRECTION('ref_axis',(0.,0.,-1.));
#9995=DIRECTION('',(1.,2.27920685087442E-16,0.));
#9996=DIRECTION('',(-1.,-2.27920685087442E-16,0.));
#9997=DIRECTION('center_axis',(0.,1.,0.));
#9998=DIRECTION('ref_axis',(-3.33066907387547E-15,0.,-1.));
#9999=DIRECTION('center_axis',(-2.27784045440056E-16,1.,0.));
#10000=DIRECTION('ref_axis',(-0.707106781186553,0.,-0.707106781186542));
#10001=DIRECTION('',(2.27784045440056E-16,-1.,0.));
#10002=DIRECTION('',(-2.27784045440056E-16,1.,0.));
#10003=DIRECTION('center_axis',(2.27920685087442E-16,-1.,0.));
#10004=DIRECTION('ref_axis',(-1.,-2.27920685087442E-16,0.));
#10005=DIRECTION('',(0.,0.,-1.));
#10006=DIRECTION('',(-1.,-2.27920685087442E-16,0.));
#10007=DIRECTION('',(0.,0.,1.));
#10008=DIRECTION('',(0.,0.,1.));
#10009=DIRECTION('center_axis',(1.,2.27784045440056E-16,0.));
#10010=DIRECTION('ref_axis',(2.27784045440056E-16,-1.,0.));
#10011=DIRECTION('',(0.,0.,-1.));
#10012=DIRECTION('',(2.27784045440056E-16,-1.,0.));
#10013=DIRECTION('',(0.,0.,1.));
#10014=DIRECTION('center_axis',(0.,0.,1.));
#10015=DIRECTION('ref_axis',(1.,0.,0.));
#10016=DIRECTION('center_axis',(0.,0.,-1.));
#10017=DIRECTION('ref_axis',(1.,0.,0.));
#10018=DIRECTION('center_axis',(0.,0.,-1.));
#10019=DIRECTION('ref_axis',(1.,0.,0.));
#10020=DIRECTION('center_axis',(0.,0.,-1.));
#10021=DIRECTION('ref_axis',(1.,0.,0.));
#10022=DIRECTION('center_axis',(0.,0.,-1.));
#10023=DIRECTION('ref_axis',(1.,0.,0.));
#10024=DIRECTION('center_axis',(0.,0.,-1.));
#10025=DIRECTION('ref_axis',(1.,0.,0.));
#10026=DIRECTION('center_axis',(0.,0.,-1.));
#10027=DIRECTION('ref_axis',(1.,0.,0.));
#10028=DIRECTION('center_axis',(0.,0.,-1.));
#10029=DIRECTION('ref_axis',(1.,0.,0.));
#10030=DIRECTION('center_axis',(0.,0.,-1.));
#10031=DIRECTION('ref_axis',(1.,0.,0.));
#10032=DIRECTION('center_axis',(0.,0.,-1.));
#10033=DIRECTION('ref_axis',(1.,0.,0.));
#10034=DIRECTION('center_axis',(0.,0.,-1.));
#10035=DIRECTION('ref_axis',(1.,0.,0.));
#10036=DIRECTION('center_axis',(0.,0.,-1.));
#10037=DIRECTION('ref_axis',(1.,0.,0.));
#10038=DIRECTION('center_axis',(0.,0.,-1.));
#10039=DIRECTION('ref_axis',(1.,0.,0.));
#10040=DIRECTION('center_axis',(0.,0.,-1.));
#10041=DIRECTION('ref_axis',(1.,0.,0.));
#10042=DIRECTION('center_axis',(0.,0.,-1.));
#10043=DIRECTION('ref_axis',(1.,0.,0.));
#10044=DIRECTION('center_axis',(0.,0.,-1.));
#10045=DIRECTION('ref_axis',(1.,0.,0.));
#10046=DIRECTION('center_axis',(0.,0.,-1.));
#10047=DIRECTION('ref_axis',(1.,0.,0.));
#10048=DIRECTION('center_axis',(0.,0.,-1.));
#10049=DIRECTION('ref_axis',(1.,0.,0.));
#10050=DIRECTION('center_axis',(0.,0.,-1.));
#10051=DIRECTION('ref_axis',(1.,0.,0.));
#10052=DIRECTION('center_axis',(0.,0.,-1.));
#10053=DIRECTION('ref_axis',(1.,0.,0.));
#10054=DIRECTION('center_axis',(0.,0.,-1.));
#10055=DIRECTION('ref_axis',(1.,0.,0.));
#10056=DIRECTION('center_axis',(0.,0.,-1.));
#10057=DIRECTION('ref_axis',(1.,0.,0.));
#10058=DIRECTION('center_axis',(0.,0.,-1.));
#10059=DIRECTION('ref_axis',(1.,0.,0.));
#10060=DIRECTION('center_axis',(0.,0.,-1.));
#10061=DIRECTION('ref_axis',(1.,0.,0.));
#10062=DIRECTION('center_axis',(0.,0.,-1.));
#10063=DIRECTION('ref_axis',(1.,0.,0.));
#10064=DIRECTION('center_axis',(0.,0.,-1.));
#10065=DIRECTION('ref_axis',(1.,0.,0.));
#10066=DIRECTION('center_axis',(0.,0.,-1.));
#10067=DIRECTION('ref_axis',(1.,0.,0.));
#10068=DIRECTION('center_axis',(0.,0.,-1.));
#10069=DIRECTION('ref_axis',(1.,0.,0.));
#10070=DIRECTION('center_axis',(0.,0.,-1.));
#10071=DIRECTION('ref_axis',(1.,0.,0.));
#10072=DIRECTION('center_axis',(0.,0.,-1.));
#10073=DIRECTION('ref_axis',(1.,0.,0.));
#10074=DIRECTION('center_axis',(0.,0.,-1.));
#10075=DIRECTION('ref_axis',(1.,0.,0.));
#10076=DIRECTION('center_axis',(0.,0.,-1.));
#10077=DIRECTION('ref_axis',(1.,0.,0.));
#10078=DIRECTION('center_axis',(0.,0.,-1.));
#10079=DIRECTION('ref_axis',(1.,0.,0.));
#10080=DIRECTION('center_axis',(0.,0.,-1.));
#10081=DIRECTION('ref_axis',(1.,0.,0.));
#10082=DIRECTION('center_axis',(0.,0.,-1.));
#10083=DIRECTION('ref_axis',(1.,0.,0.));
#10084=DIRECTION('center_axis',(0.,0.,-1.));
#10085=DIRECTION('ref_axis',(1.,0.,0.));
#10086=DIRECTION('center_axis',(0.,0.,-1.));
#10087=DIRECTION('ref_axis',(1.,0.,0.));
#10088=DIRECTION('center_axis',(0.,0.,-1.));
#10089=DIRECTION('ref_axis',(1.,0.,0.));
#10090=DIRECTION('center_axis',(0.,0.,-1.));
#10091=DIRECTION('ref_axis',(1.,0.,0.));
#10092=DIRECTION('center_axis',(0.,0.,-1.));
#10093=DIRECTION('ref_axis',(1.,0.,0.));
#10094=DIRECTION('center_axis',(0.,0.,-1.));
#10095=DIRECTION('ref_axis',(1.,0.,0.));
#10096=DIRECTION('center_axis',(0.,0.,-1.));
#10097=DIRECTION('ref_axis',(1.,0.,0.));
#10098=DIRECTION('center_axis',(0.,0.,-1.));
#10099=DIRECTION('ref_axis',(1.,0.,0.));
#10100=DIRECTION('center_axis',(0.,0.,-1.));
#10101=DIRECTION('ref_axis',(1.,0.,0.));
#10102=DIRECTION('center_axis',(0.,0.,-1.));
#10103=DIRECTION('ref_axis',(1.,0.,0.));
#10104=DIRECTION('center_axis',(0.,0.,-1.));
#10105=DIRECTION('ref_axis',(1.,0.,0.));
#10106=DIRECTION('center_axis',(0.,0.,-1.));
#10107=DIRECTION('ref_axis',(1.,0.,0.));
#10108=DIRECTION('center_axis',(0.,0.,-1.));
#10109=DIRECTION('ref_axis',(1.,0.,0.));
#10110=DIRECTION('center_axis',(0.,0.,-1.));
#10111=DIRECTION('ref_axis',(1.,0.,0.));
#10112=DIRECTION('center_axis',(0.,0.,-1.));
#10113=DIRECTION('ref_axis',(1.,0.,0.));
#10114=DIRECTION('center_axis',(0.,0.,-1.));
#10115=DIRECTION('ref_axis',(1.,0.,0.));
#10116=DIRECTION('center_axis',(0.,0.,-1.));
#10117=DIRECTION('ref_axis',(1.,0.,0.));
#10118=DIRECTION('center_axis',(0.,0.,-1.));
#10119=DIRECTION('ref_axis',(1.,0.,0.));
#10120=DIRECTION('center_axis',(0.,0.,-1.));
#10121=DIRECTION('ref_axis',(1.,0.,0.));
#10122=DIRECTION('center_axis',(0.,0.,-1.));
#10123=DIRECTION('ref_axis',(1.,0.,0.));
#10124=DIRECTION('center_axis',(0.,0.,-1.));
#10125=DIRECTION('ref_axis',(1.,0.,0.));
#10126=DIRECTION('center_axis',(0.,0.,-1.));
#10127=DIRECTION('ref_axis',(1.,0.,0.));
#10128=DIRECTION('center_axis',(0.,0.,-1.));
#10129=DIRECTION('ref_axis',(1.,0.,0.));
#10130=DIRECTION('center_axis',(0.,0.,-1.));
#10131=DIRECTION('ref_axis',(1.,0.,0.));
#10132=DIRECTION('center_axis',(0.,0.,-1.));
#10133=DIRECTION('ref_axis',(1.,0.,0.));
#10134=DIRECTION('center_axis',(0.,0.,-1.));
#10135=DIRECTION('ref_axis',(1.,0.,0.));
#10136=DIRECTION('center_axis',(0.,0.,-1.));
#10137=DIRECTION('ref_axis',(1.,0.,0.));
#10138=DIRECTION('center_axis',(0.,0.,-1.));
#10139=DIRECTION('ref_axis',(1.,0.,0.));
#10140=DIRECTION('center_axis',(0.,0.,-1.));
#10141=DIRECTION('ref_axis',(1.,0.,0.));
#10142=DIRECTION('center_axis',(0.,0.,-1.));
#10143=DIRECTION('ref_axis',(1.,0.,0.));
#10144=DIRECTION('center_axis',(0.,0.,-1.));
#10145=DIRECTION('ref_axis',(1.,0.,0.));
#10146=DIRECTION('center_axis',(0.,0.,-1.));
#10147=DIRECTION('ref_axis',(1.,0.,0.));
#10148=DIRECTION('center_axis',(0.,0.,-1.));
#10149=DIRECTION('ref_axis',(1.,0.,0.));
#10150=DIRECTION('center_axis',(0.,0.,-1.));
#10151=DIRECTION('ref_axis',(1.,0.,0.));
#10152=DIRECTION('center_axis',(0.,0.,-1.));
#10153=DIRECTION('ref_axis',(1.,0.,0.));
#10154=DIRECTION('center_axis',(0.,0.,-1.));
#10155=DIRECTION('ref_axis',(1.,0.,0.));
#10156=DIRECTION('center_axis',(0.,0.,-1.));
#10157=DIRECTION('ref_axis',(1.,0.,0.));
#10158=DIRECTION('center_axis',(0.,0.,-1.));
#10159=DIRECTION('ref_axis',(1.,0.,0.));
#10160=DIRECTION('center_axis',(0.,0.,-1.));
#10161=DIRECTION('ref_axis',(1.,0.,0.));
#10162=DIRECTION('center_axis',(0.,0.,-1.));
#10163=DIRECTION('ref_axis',(1.,0.,0.));
#10164=DIRECTION('center_axis',(0.,0.,-1.));
#10165=DIRECTION('ref_axis',(1.,0.,0.));
#10166=DIRECTION('center_axis',(0.,0.,-1.));
#10167=DIRECTION('ref_axis',(1.,0.,0.));
#10168=DIRECTION('center_axis',(0.,0.,-1.));
#10169=DIRECTION('ref_axis',(1.,0.,0.));
#10170=DIRECTION('center_axis',(0.,0.,-1.));
#10171=DIRECTION('ref_axis',(1.,0.,0.));
#10172=DIRECTION('center_axis',(0.,0.,-1.));
#10173=DIRECTION('ref_axis',(1.,0.,0.));
#10174=DIRECTION('center_axis',(0.,0.,-1.));
#10175=DIRECTION('ref_axis',(1.,0.,0.));
#10176=DIRECTION('center_axis',(0.,0.,-1.));
#10177=DIRECTION('ref_axis',(1.,0.,0.));
#10178=DIRECTION('center_axis',(0.,0.,-1.));
#10179=DIRECTION('ref_axis',(1.,0.,0.));
#10180=DIRECTION('center_axis',(0.,0.,-1.));
#10181=DIRECTION('ref_axis',(1.,0.,0.));
#10182=DIRECTION('center_axis',(0.,0.,-1.));
#10183=DIRECTION('ref_axis',(1.,0.,0.));
#10184=DIRECTION('center_axis',(0.,0.,-1.));
#10185=DIRECTION('ref_axis',(1.,0.,0.));
#10186=DIRECTION('center_axis',(0.,0.,-1.));
#10187=DIRECTION('ref_axis',(1.,0.,0.));
#10188=DIRECTION('center_axis',(0.,0.,-1.));
#10189=DIRECTION('ref_axis',(1.,0.,0.));
#10190=DIRECTION('center_axis',(0.,0.,-1.));
#10191=DIRECTION('ref_axis',(1.,0.,0.));
#10192=DIRECTION('center_axis',(0.,0.,-1.));
#10193=DIRECTION('ref_axis',(1.,0.,0.));
#10194=DIRECTION('center_axis',(0.,0.,-1.));
#10195=DIRECTION('ref_axis',(1.,0.,0.));
#10196=DIRECTION('center_axis',(0.,0.,-1.));
#10197=DIRECTION('ref_axis',(1.,0.,0.));
#10198=DIRECTION('center_axis',(0.,0.,-1.));
#10199=DIRECTION('ref_axis',(1.,0.,0.));
#10200=DIRECTION('center_axis',(0.,0.,-1.));
#10201=DIRECTION('ref_axis',(1.,0.,0.));
#10202=DIRECTION('center_axis',(0.,0.,-1.));
#10203=DIRECTION('ref_axis',(1.,0.,0.));
#10204=DIRECTION('center_axis',(0.,0.,-1.));
#10205=DIRECTION('ref_axis',(1.,0.,0.));
#10206=DIRECTION('center_axis',(0.,0.,-1.));
#10207=DIRECTION('ref_axis',(1.,0.,0.));
#10208=DIRECTION('center_axis',(0.,0.,-1.));
#10209=DIRECTION('ref_axis',(1.,0.,0.));
#10210=DIRECTION('center_axis',(0.,0.,-1.));
#10211=DIRECTION('ref_axis',(1.,0.,0.));
#10212=DIRECTION('center_axis',(0.,0.,-1.));
#10213=DIRECTION('ref_axis',(1.,0.,0.));
#10214=DIRECTION('center_axis',(0.,0.,-1.));
#10215=DIRECTION('ref_axis',(1.,0.,0.));
#10216=DIRECTION('center_axis',(0.,0.,-1.));
#10217=DIRECTION('ref_axis',(1.,0.,0.));
#10218=DIRECTION('center_axis',(0.,0.,-1.));
#10219=DIRECTION('ref_axis',(1.,0.,0.));
#10220=DIRECTION('center_axis',(0.,0.,-1.));
#10221=DIRECTION('ref_axis',(1.,0.,0.));
#10222=DIRECTION('center_axis',(0.,0.,-1.));
#10223=DIRECTION('ref_axis',(1.,0.,0.));
#10224=DIRECTION('center_axis',(0.,0.,-1.));
#10225=DIRECTION('ref_axis',(1.,0.,0.));
#10226=DIRECTION('center_axis',(1.,0.,0.));
#10227=DIRECTION('ref_axis',(0.,-1.11022302462516E-15,1.));
#10228=DIRECTION('center_axis',(5.3290705182003E-14,-1.,0.));
#10229=DIRECTION('ref_axis',(1.,5.3290705182003E-14,0.));
#10230=DIRECTION('center_axis',(1.,1.28205385361686E-16,0.));
#10231=DIRECTION('ref_axis',(0.,-0.707106781186544,0.707106781186551));
#10232=DIRECTION('center_axis',(1.,0.,0.));
#10233=DIRECTION('ref_axis',(0.,0.,1.));
#10234=DIRECTION('',(1.,1.28205385361686E-16,0.));
#10235=DIRECTION('',(-1.,-1.28205385361686E-16,0.));
#10236=DIRECTION('center_axis',(8.88178419700126E-15,-1.,6.90253292068386E-29));
#10237=DIRECTION('ref_axis',(-7.7715611723761E-15,0.,1.));
#10238=DIRECTION('center_axis',(2.27784045440056E-16,-1.,0.));
#10239=DIRECTION('ref_axis',(-0.707106781186552,0.,0.707106781186543));
#10240=DIRECTION('center_axis',(0.,-1.,0.));
#10241=DIRECTION('ref_axis',(0.,0.,1.));
#10242=DIRECTION('',(-2.27784045440056E-16,1.,0.));
#10243=DIRECTION('center_axis',(-1.,0.,0.));
#10244=DIRECTION('ref_axis',(0.,0.,1.));
#10245=DIRECTION('center_axis',(-1.,-2.27920685087442E-16,0.));
#10246=DIRECTION('ref_axis',(0.,0.707106781186577,0.707106781186518));
#10247=DIRECTION('center_axis',(-1.,0.,0.));
#10248=DIRECTION('ref_axis',(0.,0.,1.));
#10249=DIRECTION('',(1.,2.27920685087442E-16,0.));
#10250=DIRECTION('center_axis',(0.,1.,0.));
#10251=DIRECTION('ref_axis',(0.,0.,1.));
#10252=DIRECTION('center_axis',(-2.29577620601002E-16,1.,0.));
#10253=DIRECTION('ref_axis',(0.707106781186527,0.,0.707106781186568));
#10254=DIRECTION('',(2.29577620601002E-16,-1.,0.));
#10255=DIRECTION('',(-2.29577620601002E-16,1.,0.));
#10256=DIRECTION('',(0.,0.,-1.));
#10257=DIRECTION('center_axis',(-1.,-2.29577620601002E-16,0.));
#10258=DIRECTION('ref_axis',(-2.29577620601002E-16,1.,0.));
#10259=DIRECTION('',(0.,0.,1.));
#10260=DIRECTION('',(0.,0.,-1.));
#10261=DIRECTION('center_axis',(0.,0.,1.));
#10262=DIRECTION('ref_axis',(1.,0.,0.));
#10263=DIRECTION('center_axis',(0.,0.,1.));
#10264=DIRECTION('ref_axis',(-1.,0.,0.));
#10265=DIRECTION('center_axis',(0.,0.,1.));
#10266=DIRECTION('ref_axis',(-1.,0.,0.));
#10267=DIRECTION('center_axis',(0.,0.,1.));
#10268=DIRECTION('ref_axis',(-1.,0.,0.));
#10269=DIRECTION('center_axis',(0.,0.,1.));
#10270=DIRECTION('ref_axis',(-1.,0.,0.));
#10271=DIRECTION('center_axis',(0.,0.,1.));
#10272=DIRECTION('ref_axis',(-1.,0.,0.));
#10273=DIRECTION('center_axis',(0.,0.,1.));
#10274=DIRECTION('ref_axis',(-1.,0.,0.));
#10275=DIRECTION('center_axis',(0.,0.,1.));
#10276=DIRECTION('ref_axis',(-1.,0.,0.));
#10277=DIRECTION('center_axis',(0.,0.,1.));
#10278=DIRECTION('ref_axis',(-1.,0.,0.));
#10279=DIRECTION('center_axis',(0.,0.,1.));
#10280=DIRECTION('ref_axis',(-1.,0.,0.));
#10281=DIRECTION('center_axis',(0.,0.,1.));
#10282=DIRECTION('ref_axis',(-1.,0.,0.));
#10283=DIRECTION('center_axis',(0.,0.,1.));
#10284=DIRECTION('ref_axis',(-1.,0.,0.));
#10285=DIRECTION('center_axis',(0.,0.,1.));
#10286=DIRECTION('ref_axis',(-1.,0.,0.));
#10287=DIRECTION('center_axis',(0.,0.,1.));
#10288=DIRECTION('ref_axis',(-1.,0.,0.));
#10289=DIRECTION('center_axis',(0.,0.,1.));
#10290=DIRECTION('ref_axis',(-1.,0.,0.));
#10291=DIRECTION('center_axis',(0.,0.,1.));
#10292=DIRECTION('ref_axis',(-1.,0.,0.));
#10293=DIRECTION('center_axis',(0.,0.,1.));
#10294=DIRECTION('ref_axis',(-1.,0.,0.));
#10295=DIRECTION('center_axis',(0.,0.,1.));
#10296=DIRECTION('ref_axis',(-1.,0.,0.));
#10297=DIRECTION('center_axis',(0.,0.,1.));
#10298=DIRECTION('ref_axis',(-1.,0.,0.));
#10299=DIRECTION('center_axis',(0.,0.,1.));
#10300=DIRECTION('ref_axis',(-1.,0.,0.));
#10301=DIRECTION('center_axis',(0.,0.,1.));
#10302=DIRECTION('ref_axis',(-1.,0.,0.));
#10303=DIRECTION('center_axis',(0.,0.,1.));
#10304=DIRECTION('ref_axis',(-1.,0.,0.));
#10305=DIRECTION('center_axis',(0.,0.,1.));
#10306=DIRECTION('ref_axis',(-1.,0.,0.));
#10307=DIRECTION('center_axis',(0.,0.,1.));
#10308=DIRECTION('ref_axis',(-1.,0.,0.));
#10309=DIRECTION('center_axis',(0.,0.,1.));
#10310=DIRECTION('ref_axis',(-1.,0.,0.));
#10311=DIRECTION('center_axis',(0.,0.,1.));
#10312=DIRECTION('ref_axis',(-1.,0.,0.));
#10313=DIRECTION('center_axis',(0.,0.,1.));
#10314=DIRECTION('ref_axis',(-1.,0.,0.));
#10315=DIRECTION('center_axis',(0.,0.,1.));
#10316=DIRECTION('ref_axis',(-1.,0.,0.));
#10317=DIRECTION('center_axis',(0.,0.,1.));
#10318=DIRECTION('ref_axis',(-1.,0.,0.));
#10319=DIRECTION('center_axis',(0.,0.,1.));
#10320=DIRECTION('ref_axis',(-1.,0.,0.));
#10321=DIRECTION('center_axis',(0.,0.,1.));
#10322=DIRECTION('ref_axis',(-1.,0.,0.));
#10323=DIRECTION('center_axis',(0.,0.,1.));
#10324=DIRECTION('ref_axis',(-1.,0.,0.));
#10325=DIRECTION('center_axis',(0.,0.,1.));
#10326=DIRECTION('ref_axis',(-1.,0.,0.));
#10327=DIRECTION('center_axis',(0.,0.,1.));
#10328=DIRECTION('ref_axis',(-1.,0.,0.));
#10329=DIRECTION('center_axis',(0.,0.,1.));
#10330=DIRECTION('ref_axis',(-1.,0.,0.));
#10331=DIRECTION('center_axis',(0.,0.,1.));
#10332=DIRECTION('ref_axis',(-1.,0.,0.));
#10333=DIRECTION('center_axis',(0.,0.,1.));
#10334=DIRECTION('ref_axis',(-1.,0.,0.));
#10335=DIRECTION('center_axis',(0.,0.,1.));
#10336=DIRECTION('ref_axis',(-1.,0.,0.));
#10337=DIRECTION('center_axis',(0.,0.,1.));
#10338=DIRECTION('ref_axis',(-1.,0.,0.));
#10339=DIRECTION('center_axis',(0.,0.,1.));
#10340=DIRECTION('ref_axis',(-1.,0.,0.));
#10341=DIRECTION('center_axis',(0.,0.,1.));
#10342=DIRECTION('ref_axis',(-1.,0.,0.));
#10343=DIRECTION('center_axis',(0.,0.,1.));
#10344=DIRECTION('ref_axis',(-1.,0.,0.));
#10345=DIRECTION('center_axis',(0.,0.,1.));
#10346=DIRECTION('ref_axis',(-1.,0.,0.));
#10347=DIRECTION('center_axis',(0.,0.,1.));
#10348=DIRECTION('ref_axis',(-1.,0.,0.));
#10349=DIRECTION('center_axis',(0.,0.,1.));
#10350=DIRECTION('ref_axis',(-1.,0.,0.));
#10351=DIRECTION('center_axis',(0.,0.,1.));
#10352=DIRECTION('ref_axis',(-1.,0.,0.));
#10353=DIRECTION('center_axis',(0.,0.,1.));
#10354=DIRECTION('ref_axis',(-1.,0.,0.));
#10355=DIRECTION('center_axis',(0.,0.,1.));
#10356=DIRECTION('ref_axis',(-1.,0.,0.));
#10357=DIRECTION('center_axis',(0.,0.,1.));
#10358=DIRECTION('ref_axis',(-1.,0.,0.));
#10359=DIRECTION('center_axis',(0.,0.,1.));
#10360=DIRECTION('ref_axis',(-1.,0.,0.));
#10361=DIRECTION('center_axis',(0.,0.,1.));
#10362=DIRECTION('ref_axis',(-1.,0.,0.));
#10363=DIRECTION('center_axis',(0.,0.,1.));
#10364=DIRECTION('ref_axis',(-1.,0.,0.));
#10365=DIRECTION('center_axis',(0.,0.,1.));
#10366=DIRECTION('ref_axis',(-1.,0.,0.));
#10367=DIRECTION('center_axis',(0.,0.,1.));
#10368=DIRECTION('ref_axis',(-1.,0.,0.));
#10369=DIRECTION('center_axis',(0.,0.,-1.));
#10370=DIRECTION('ref_axis',(1.,0.,0.));
#10371=DIRECTION('center_axis',(0.,0.,-1.));
#10372=DIRECTION('ref_axis',(1.,0.,0.));
#10373=DIRECTION('center_axis',(0.,0.,-1.));
#10374=DIRECTION('ref_axis',(1.,0.,0.));
#10375=DIRECTION('center_axis',(0.,0.,-1.));
#10376=DIRECTION('ref_axis',(1.,0.,0.));
#10377=DIRECTION('center_axis',(0.,0.,-1.));
#10378=DIRECTION('ref_axis',(1.,0.,0.));
#10379=DIRECTION('center_axis',(0.,0.,-1.));
#10380=DIRECTION('ref_axis',(1.,0.,0.));
#10381=DIRECTION('center_axis',(0.,0.,-1.));
#10382=DIRECTION('ref_axis',(1.,0.,0.));
#10383=DIRECTION('center_axis',(0.,0.,-1.));
#10384=DIRECTION('ref_axis',(1.,0.,0.));
#10385=DIRECTION('center_axis',(0.,0.,-1.));
#10386=DIRECTION('ref_axis',(1.,0.,0.));
#10387=DIRECTION('center_axis',(0.,0.,-1.));
#10388=DIRECTION('ref_axis',(1.,0.,0.));
#10389=DIRECTION('center_axis',(0.,0.,-1.));
#10390=DIRECTION('ref_axis',(1.,0.,0.));
#10391=DIRECTION('center_axis',(0.,0.,-1.));
#10392=DIRECTION('ref_axis',(1.,0.,0.));
#10393=DIRECTION('center_axis',(0.,0.,-1.));
#10394=DIRECTION('ref_axis',(1.,0.,0.));
#10395=DIRECTION('center_axis',(0.,0.,-1.));
#10396=DIRECTION('ref_axis',(1.,0.,0.));
#10397=DIRECTION('center_axis',(0.,0.,-1.));
#10398=DIRECTION('ref_axis',(1.,0.,0.));
#10399=DIRECTION('center_axis',(0.,0.,-1.));
#10400=DIRECTION('ref_axis',(1.,0.,0.));
#10401=DIRECTION('center_axis',(0.,0.,-1.));
#10402=DIRECTION('ref_axis',(1.,0.,0.));
#10403=DIRECTION('center_axis',(0.,0.,-1.));
#10404=DIRECTION('ref_axis',(1.,0.,0.));
#10405=DIRECTION('center_axis',(0.,0.,-1.));
#10406=DIRECTION('ref_axis',(1.,0.,0.));
#10407=DIRECTION('center_axis',(0.,0.,-1.));
#10408=DIRECTION('ref_axis',(1.,0.,0.));
#10409=DIRECTION('center_axis',(0.,0.,-1.));
#10410=DIRECTION('ref_axis',(1.,0.,0.));
#10411=DIRECTION('center_axis',(0.,0.,-1.));
#10412=DIRECTION('ref_axis',(1.,0.,0.));
#10413=DIRECTION('center_axis',(0.,0.,-1.));
#10414=DIRECTION('ref_axis',(1.,0.,0.));
#10415=DIRECTION('center_axis',(0.,0.,-1.));
#10416=DIRECTION('ref_axis',(1.,0.,0.));
#10417=DIRECTION('center_axis',(0.,0.,-1.));
#10418=DIRECTION('ref_axis',(1.,0.,0.));
#10419=DIRECTION('center_axis',(0.,0.,-1.));
#10420=DIRECTION('ref_axis',(1.,0.,0.));
#10421=DIRECTION('center_axis',(0.,0.,-1.));
#10422=DIRECTION('ref_axis',(1.,0.,0.));
#10423=DIRECTION('center_axis',(0.,0.,-1.));
#10424=DIRECTION('ref_axis',(1.,0.,0.));
#10425=DIRECTION('center_axis',(0.,0.,-1.));
#10426=DIRECTION('ref_axis',(1.,0.,0.));
#10427=DIRECTION('center_axis',(0.,0.,-1.));
#10428=DIRECTION('ref_axis',(1.,0.,0.));
#10429=DIRECTION('center_axis',(0.,0.,-1.));
#10430=DIRECTION('ref_axis',(1.,0.,0.));
#10431=DIRECTION('center_axis',(0.,0.,-1.));
#10432=DIRECTION('ref_axis',(1.,0.,0.));
#10433=DIRECTION('center_axis',(0.,0.,-1.));
#10434=DIRECTION('ref_axis',(1.,0.,0.));
#10435=DIRECTION('center_axis',(0.,0.,-1.));
#10436=DIRECTION('ref_axis',(1.,0.,0.));
#10437=DIRECTION('center_axis',(0.,0.,-1.));
#10438=DIRECTION('ref_axis',(1.,0.,0.));
#10439=DIRECTION('center_axis',(0.,0.,-1.));
#10440=DIRECTION('ref_axis',(1.,0.,0.));
#10441=DIRECTION('center_axis',(0.,0.,-1.));
#10442=DIRECTION('ref_axis',(1.,0.,0.));
#10443=DIRECTION('center_axis',(0.,0.,-1.));
#10444=DIRECTION('ref_axis',(1.,0.,0.));
#10445=DIRECTION('center_axis',(0.,0.,-1.));
#10446=DIRECTION('ref_axis',(1.,0.,0.));
#10447=DIRECTION('center_axis',(0.,0.,-1.));
#10448=DIRECTION('ref_axis',(1.,0.,0.));
#10449=DIRECTION('center_axis',(0.,0.,-1.));
#10450=DIRECTION('ref_axis',(1.,0.,0.));
#10451=DIRECTION('center_axis',(0.,0.,-1.));
#10452=DIRECTION('ref_axis',(1.,0.,0.));
#10453=DIRECTION('center_axis',(0.,0.,-1.));
#10454=DIRECTION('ref_axis',(1.,0.,0.));
#10455=DIRECTION('center_axis',(0.,0.,-1.));
#10456=DIRECTION('ref_axis',(1.,0.,0.));
#10457=DIRECTION('center_axis',(0.,0.,1.));
#10458=DIRECTION('ref_axis',(-1.,0.,0.));
#10459=DIRECTION('center_axis',(0.,0.,1.));
#10460=DIRECTION('ref_axis',(-1.,0.,0.));
#10461=DIRECTION('center_axis',(0.,0.,1.));
#10462=DIRECTION('ref_axis',(-1.,0.,0.));
#10463=DIRECTION('center_axis',(0.,0.,1.));
#10464=DIRECTION('ref_axis',(-1.,0.,0.));
#10465=DIRECTION('center_axis',(0.,0.,1.));
#10466=DIRECTION('ref_axis',(-1.,0.,0.));
#10467=DIRECTION('center_axis',(0.,0.,1.));
#10468=DIRECTION('ref_axis',(-1.,0.,0.));
#10469=DIRECTION('center_axis',(0.,0.,1.));
#10470=DIRECTION('ref_axis',(-1.,0.,0.));
#10471=DIRECTION('center_axis',(0.,0.,1.));
#10472=DIRECTION('ref_axis',(-1.,0.,0.));
#10473=DIRECTION('center_axis',(0.,0.,1.));
#10474=DIRECTION('ref_axis',(-1.,0.,0.));
#10475=DIRECTION('center_axis',(0.,0.,1.));
#10476=DIRECTION('ref_axis',(-1.,0.,0.));
#10477=DIRECTION('center_axis',(0.,0.,1.));
#10478=DIRECTION('ref_axis',(-1.,0.,0.));
#10479=DIRECTION('center_axis',(0.,0.,1.));
#10480=DIRECTION('ref_axis',(-1.,0.,0.));
#10481=DIRECTION('center_axis',(0.,0.,1.));
#10482=DIRECTION('ref_axis',(-1.,0.,0.));
#10483=DIRECTION('center_axis',(0.,0.,1.));
#10484=DIRECTION('ref_axis',(-1.,0.,0.));
#10485=DIRECTION('center_axis',(0.,0.,1.));
#10486=DIRECTION('ref_axis',(-1.,0.,0.));
#10487=DIRECTION('center_axis',(0.,0.,1.));
#10488=DIRECTION('ref_axis',(-1.,0.,0.));
#10489=DIRECTION('center_axis',(0.,0.,1.));
#10490=DIRECTION('ref_axis',(-1.,0.,0.));
#10491=DIRECTION('center_axis',(0.,0.,1.));
#10492=DIRECTION('ref_axis',(-1.,0.,0.));
#10493=DIRECTION('center_axis',(0.,0.,1.));
#10494=DIRECTION('ref_axis',(-1.,0.,0.));
#10495=DIRECTION('center_axis',(0.,0.,1.));
#10496=DIRECTION('ref_axis',(-1.,0.,0.));
#10497=DIRECTION('center_axis',(0.,0.,1.));
#10498=DIRECTION('ref_axis',(-1.,0.,0.));
#10499=DIRECTION('center_axis',(0.,0.,1.));
#10500=DIRECTION('ref_axis',(-1.,0.,0.));
#10501=DIRECTION('center_axis',(0.,0.,1.));
#10502=DIRECTION('ref_axis',(-1.,0.,0.));
#10503=DIRECTION('center_axis',(0.,0.,1.));
#10504=DIRECTION('ref_axis',(-1.,0.,0.));
#10505=DIRECTION('center_axis',(0.,0.,1.));
#10506=DIRECTION('ref_axis',(-1.,0.,0.));
#10507=DIRECTION('center_axis',(0.,0.,1.));
#10508=DIRECTION('ref_axis',(-1.,0.,0.));
#10509=DIRECTION('center_axis',(0.,0.,1.));
#10510=DIRECTION('ref_axis',(-1.,0.,0.));
#10511=DIRECTION('center_axis',(0.,0.,1.));
#10512=DIRECTION('ref_axis',(-1.,0.,0.));
#10513=DIRECTION('center_axis',(0.,0.,1.));
#10514=DIRECTION('ref_axis',(-1.,0.,0.));
#10515=DIRECTION('center_axis',(0.,0.,1.));
#10516=DIRECTION('ref_axis',(-1.,0.,0.));
#10517=DIRECTION('center_axis',(0.,0.,1.));
#10518=DIRECTION('ref_axis',(-1.,0.,0.));
#10519=DIRECTION('center_axis',(0.,0.,1.));
#10520=DIRECTION('ref_axis',(-1.,0.,0.));
#10521=DIRECTION('center_axis',(0.,0.,1.));
#10522=DIRECTION('ref_axis',(-1.,0.,0.));
#10523=DIRECTION('center_axis',(0.,0.,1.));
#10524=DIRECTION('ref_axis',(-1.,0.,0.));
#10525=DIRECTION('center_axis',(0.,0.,1.));
#10526=DIRECTION('ref_axis',(-1.,0.,0.));
#10527=DIRECTION('center_axis',(0.,0.,1.));
#10528=DIRECTION('ref_axis',(-1.,0.,0.));
#10529=DIRECTION('center_axis',(0.,0.,1.));
#10530=DIRECTION('ref_axis',(-1.,0.,0.));
#10531=DIRECTION('center_axis',(0.,0.,1.));
#10532=DIRECTION('ref_axis',(-1.,0.,0.));
#10533=DIRECTION('center_axis',(0.,0.,1.));
#10534=DIRECTION('ref_axis',(-1.,0.,0.));
#10535=DIRECTION('center_axis',(0.,0.,1.));
#10536=DIRECTION('ref_axis',(-1.,0.,0.));
#10537=DIRECTION('center_axis',(0.,0.,1.));
#10538=DIRECTION('ref_axis',(-1.,0.,0.));
#10539=DIRECTION('center_axis',(0.,0.,1.));
#10540=DIRECTION('ref_axis',(-1.,0.,0.));
#10541=DIRECTION('center_axis',(0.,0.,1.));
#10542=DIRECTION('ref_axis',(-1.,0.,0.));
#10543=DIRECTION('center_axis',(0.,0.,1.));
#10544=DIRECTION('ref_axis',(-1.,0.,0.));
#10545=DIRECTION('center_axis',(0.,0.,1.));
#10546=DIRECTION('ref_axis',(-1.,0.,0.));
#10547=DIRECTION('center_axis',(0.,0.,1.));
#10548=DIRECTION('ref_axis',(-1.,0.,0.));
#10549=DIRECTION('center_axis',(0.,0.,1.));
#10550=DIRECTION('ref_axis',(-1.,0.,0.));
#10551=DIRECTION('center_axis',(0.,0.,1.));
#10552=DIRECTION('ref_axis',(-1.,0.,0.));
#10553=DIRECTION('center_axis',(0.,0.,1.));
#10554=DIRECTION('ref_axis',(-1.,0.,0.));
#10555=DIRECTION('center_axis',(0.,0.,1.));
#10556=DIRECTION('ref_axis',(-1.,0.,0.));
#10557=DIRECTION('center_axis',(0.,0.,1.));
#10558=DIRECTION('ref_axis',(-1.,0.,0.));
#10559=DIRECTION('center_axis',(0.,0.,1.));
#10560=DIRECTION('ref_axis',(-1.,0.,0.));
#10561=DIRECTION('center_axis',(0.,0.,-1.));
#10562=DIRECTION('ref_axis',(1.,0.,0.));
#10563=DIRECTION('',(0.707106781186541,-8.65956056235485E-17,0.707106781186554));
#10564=DIRECTION('center_axis',(0.,0.,1.));
#10565=DIRECTION('ref_axis',(1.,0.,0.));
#10566=DIRECTION('center_axis',(0.,0.,-1.));
#10567=DIRECTION('ref_axis',(1.,0.,0.));
#10568=DIRECTION('center_axis',(0.,0.,-1.));
#10569=DIRECTION('ref_axis',(-1.,0.,0.));
#10570=DIRECTION('center_axis',(0.,0.,-1.));
#10571=DIRECTION('ref_axis',(-1.,0.,0.));
#10572=DIRECTION('',(0.,0.,-1.));
#10573=DIRECTION('center_axis',(0.,0.,-1.));
#10574=DIRECTION('ref_axis',(1.,0.,0.));
#10575=DIRECTION('',(0.707106781186541,-8.65956056235485E-17,0.707106781186554));
#10576=DIRECTION('center_axis',(0.,0.,1.));
#10577=DIRECTION('ref_axis',(1.,0.,0.));
#10578=DIRECTION('center_axis',(0.,0.,-1.));
#10579=DIRECTION('ref_axis',(1.,0.,0.));
#10580=DIRECTION('center_axis',(0.,0.,-1.));
#10581=DIRECTION('ref_axis',(-1.,0.,0.));
#10582=DIRECTION('center_axis',(0.,0.,-1.));
#10583=DIRECTION('ref_axis',(-1.,0.,0.));
#10584=DIRECTION('',(0.,0.,-1.));
#10585=DIRECTION('center_axis',(0.,0.,-1.));
#10586=DIRECTION('ref_axis',(1.,0.,0.));
#10587=DIRECTION('',(0.707106781186541,-8.65956056235485E-17,0.707106781186554));
#10588=DIRECTION('center_axis',(0.,0.,1.));
#10589=DIRECTION('ref_axis',(1.,0.,0.));
#10590=DIRECTION('center_axis',(0.,0.,-1.));
#10591=DIRECTION('ref_axis',(1.,0.,0.));
#10592=DIRECTION('center_axis',(0.,0.,-1.));
#10593=DIRECTION('ref_axis',(-1.,0.,0.));
#10594=DIRECTION('center_axis',(0.,0.,-1.));
#10595=DIRECTION('ref_axis',(-1.,0.,0.));
#10596=DIRECTION('',(0.,0.,-1.));
#10597=DIRECTION('center_axis',(0.,0.,-1.));
#10598=DIRECTION('ref_axis',(1.,0.,0.));
#10599=DIRECTION('',(0.707106781186541,-8.65956056235485E-17,0.707106781186554));
#10600=DIRECTION('center_axis',(0.,0.,1.));
#10601=DIRECTION('ref_axis',(1.,0.,0.));
#10602=DIRECTION('center_axis',(0.,0.,-1.));
#10603=DIRECTION('ref_axis',(1.,0.,0.));
#10604=DIRECTION('center_axis',(0.,0.,-1.));
#10605=DIRECTION('ref_axis',(-1.,0.,0.));
#10606=DIRECTION('center_axis',(0.,0.,-1.));
#10607=DIRECTION('ref_axis',(-1.,0.,0.));
#10608=DIRECTION('',(0.,0.,-1.));
#10609=DIRECTION('center_axis',(0.,0.,-1.));
#10610=DIRECTION('ref_axis',(1.,0.,0.));
#10611=DIRECTION('',(0.707106781186541,-8.65956056235485E-17,0.707106781186554));
#10612=DIRECTION('center_axis',(0.,0.,1.));
#10613=DIRECTION('ref_axis',(1.,0.,0.));
#10614=DIRECTION('center_axis',(0.,0.,-1.));
#10615=DIRECTION('ref_axis',(1.,0.,0.));
#10616=DIRECTION('center_axis',(0.,0.,-1.));
#10617=DIRECTION('ref_axis',(-1.,0.,0.));
#10618=DIRECTION('center_axis',(0.,0.,-1.));
#10619=DIRECTION('ref_axis',(-1.,0.,0.));
#10620=DIRECTION('',(0.,0.,-1.));
#10621=DIRECTION('center_axis',(0.,0.,-1.));
#10622=DIRECTION('ref_axis',(1.,0.,0.));
#10623=DIRECTION('',(0.707106781186541,-8.65956056235485E-17,0.707106781186554));
#10624=DIRECTION('center_axis',(0.,0.,1.));
#10625=DIRECTION('ref_axis',(1.,0.,0.));
#10626=DIRECTION('center_axis',(0.,0.,-1.));
#10627=DIRECTION('ref_axis',(1.,0.,0.));
#10628=DIRECTION('center_axis',(0.,0.,-1.));
#10629=DIRECTION('ref_axis',(-1.,0.,0.));
#10630=DIRECTION('center_axis',(0.,0.,-1.));
#10631=DIRECTION('ref_axis',(-1.,0.,0.));
#10632=DIRECTION('',(0.,0.,-1.));
#10633=DIRECTION('center_axis',(0.,0.,-1.));
#10634=DIRECTION('ref_axis',(1.,0.,0.));
#10635=DIRECTION('',(0.707106781186541,-8.65956056235485E-17,0.707106781186554));
#10636=DIRECTION('center_axis',(0.,0.,1.));
#10637=DIRECTION('ref_axis',(1.,0.,0.));
#10638=DIRECTION('center_axis',(0.,0.,-1.));
#10639=DIRECTION('ref_axis',(1.,0.,0.));
#10640=DIRECTION('center_axis',(0.,0.,-1.));
#10641=DIRECTION('ref_axis',(-1.,0.,0.));
#10642=DIRECTION('center_axis',(0.,0.,-1.));
#10643=DIRECTION('ref_axis',(-1.,0.,0.));
#10644=DIRECTION('',(0.,0.,-1.));
#10645=DIRECTION('center_axis',(0.,0.,-1.));
#10646=DIRECTION('ref_axis',(1.,0.,0.));
#10647=DIRECTION('',(0.707106781186549,-8.65956056235496E-17,0.707106781186546));
#10648=DIRECTION('center_axis',(0.,0.,1.));
#10649=DIRECTION('ref_axis',(1.,0.,0.));
#10650=DIRECTION('center_axis',(0.,0.,-1.));
#10651=DIRECTION('ref_axis',(1.,0.,0.));
#10652=DIRECTION('center_axis',(0.,0.,-1.));
#10653=DIRECTION('ref_axis',(-1.,0.,0.));
#10654=DIRECTION('center_axis',(0.,0.,-1.));
#10655=DIRECTION('ref_axis',(-1.,0.,0.));
#10656=DIRECTION('',(0.,0.,-1.));
#10657=DIRECTION('center_axis',(0.,0.,-1.));
#10658=DIRECTION('ref_axis',(1.,0.,0.));
#10659=DIRECTION('',(0.707106781186549,-8.65956056235496E-17,0.707106781186546));
#10660=DIRECTION('center_axis',(0.,0.,1.));
#10661=DIRECTION('ref_axis',(1.,0.,0.));
#10662=DIRECTION('center_axis',(0.,0.,-1.));
#10663=DIRECTION('ref_axis',(1.,0.,0.));
#10664=DIRECTION('center_axis',(0.,0.,-1.));
#10665=DIRECTION('ref_axis',(-1.,0.,0.));
#10666=DIRECTION('center_axis',(0.,0.,-1.));
#10667=DIRECTION('ref_axis',(-1.,0.,0.));
#10668=DIRECTION('',(0.,0.,-1.));
#10669=DIRECTION('center_axis',(0.,0.,-1.));
#10670=DIRECTION('ref_axis',(1.,0.,0.));
#10671=DIRECTION('',(0.707106781186549,-8.65956056235496E-17,0.707106781186546));
#10672=DIRECTION('center_axis',(0.,0.,1.));
#10673=DIRECTION('ref_axis',(1.,0.,0.));
#10674=DIRECTION('center_axis',(0.,0.,-1.));
#10675=DIRECTION('ref_axis',(1.,0.,0.));
#10676=DIRECTION('center_axis',(0.,0.,-1.));
#10677=DIRECTION('ref_axis',(-1.,0.,0.));
#10678=DIRECTION('center_axis',(0.,0.,-1.));
#10679=DIRECTION('ref_axis',(-1.,0.,0.));
#10680=DIRECTION('',(0.,0.,-1.));
#10681=DIRECTION('center_axis',(0.,0.,-1.));
#10682=DIRECTION('ref_axis',(1.,0.,0.));
#10683=DIRECTION('',(0.707106781186549,-8.65956056235496E-17,0.707106781186546));
#10684=DIRECTION('center_axis',(0.,0.,1.));
#10685=DIRECTION('ref_axis',(1.,0.,0.));
#10686=DIRECTION('center_axis',(0.,0.,-1.));
#10687=DIRECTION('ref_axis',(1.,0.,0.));
#10688=DIRECTION('center_axis',(0.,0.,-1.));
#10689=DIRECTION('ref_axis',(-1.,0.,0.));
#10690=DIRECTION('center_axis',(0.,0.,-1.));
#10691=DIRECTION('ref_axis',(-1.,0.,0.));
#10692=DIRECTION('',(0.,0.,-1.));
#10693=DIRECTION('center_axis',(0.,0.,-1.));
#10694=DIRECTION('ref_axis',(1.,0.,0.));
#10695=DIRECTION('',(0.707106781186549,-8.65956056235496E-17,0.707106781186546));
#10696=DIRECTION('center_axis',(0.,0.,1.));
#10697=DIRECTION('ref_axis',(1.,0.,0.));
#10698=DIRECTION('center_axis',(0.,0.,-1.));
#10699=DIRECTION('ref_axis',(1.,0.,0.));
#10700=DIRECTION('center_axis',(0.,0.,-1.));
#10701=DIRECTION('ref_axis',(-1.,0.,0.));
#10702=DIRECTION('center_axis',(0.,0.,-1.));
#10703=DIRECTION('ref_axis',(-1.,0.,0.));
#10704=DIRECTION('',(0.,0.,-1.));
#10705=DIRECTION('center_axis',(0.,0.,-1.));
#10706=DIRECTION('ref_axis',(1.,0.,0.));
#10707=DIRECTION('',(0.707106781186549,-8.65956056235496E-17,0.707106781186546));
#10708=DIRECTION('center_axis',(0.,0.,1.));
#10709=DIRECTION('ref_axis',(1.,0.,0.));
#10710=DIRECTION('center_axis',(0.,0.,-1.));
#10711=DIRECTION('ref_axis',(1.,0.,0.));
#10712=DIRECTION('center_axis',(0.,0.,-1.));
#10713=DIRECTION('ref_axis',(-1.,0.,0.));
#10714=DIRECTION('center_axis',(0.,0.,-1.));
#10715=DIRECTION('ref_axis',(-1.,0.,0.));
#10716=DIRECTION('',(0.,0.,-1.));
#10717=DIRECTION('center_axis',(0.,0.,-1.));
#10718=DIRECTION('ref_axis',(1.,0.,0.));
#10719=DIRECTION('',(0.707106781186549,-8.65956056235496E-17,0.707106781186546));
#10720=DIRECTION('center_axis',(0.,0.,1.));
#10721=DIRECTION('ref_axis',(1.,0.,0.));
#10722=DIRECTION('center_axis',(0.,0.,-1.));
#10723=DIRECTION('ref_axis',(1.,0.,0.));
#10724=DIRECTION('center_axis',(0.,0.,-1.));
#10725=DIRECTION('ref_axis',(-1.,0.,0.));
#10726=DIRECTION('center_axis',(0.,0.,-1.));
#10727=DIRECTION('ref_axis',(-1.,0.,0.));
#10728=DIRECTION('',(0.,0.,-1.));
#10729=DIRECTION('center_axis',(0.,0.,-1.));
#10730=DIRECTION('ref_axis',(1.,0.,0.));
#10731=DIRECTION('',(0.707106781186547,-8.65956056235493E-17,0.707106781186548));
#10732=DIRECTION('center_axis',(0.,0.,1.));
#10733=DIRECTION('ref_axis',(1.,0.,0.));
#10734=DIRECTION('center_axis',(0.,0.,-1.));
#10735=DIRECTION('ref_axis',(1.,0.,0.));
#10736=DIRECTION('center_axis',(0.,0.,-1.));
#10737=DIRECTION('ref_axis',(-1.,0.,0.));
#10738=DIRECTION('center_axis',(0.,0.,-1.));
#10739=DIRECTION('ref_axis',(-1.,0.,0.));
#10740=DIRECTION('',(0.,0.,-1.));
#10741=DIRECTION('center_axis',(0.,0.,-1.));
#10742=DIRECTION('ref_axis',(1.,0.,0.));
#10743=DIRECTION('',(0.707106781186547,-8.65956056235493E-17,0.707106781186548));
#10744=DIRECTION('center_axis',(0.,0.,1.));
#10745=DIRECTION('ref_axis',(1.,0.,0.));
#10746=DIRECTION('center_axis',(0.,0.,-1.));
#10747=DIRECTION('ref_axis',(1.,0.,0.));
#10748=DIRECTION('center_axis',(0.,0.,-1.));
#10749=DIRECTION('ref_axis',(-1.,0.,0.));
#10750=DIRECTION('center_axis',(0.,0.,-1.));
#10751=DIRECTION('ref_axis',(-1.,0.,0.));
#10752=DIRECTION('',(0.,0.,-1.));
#10753=DIRECTION('center_axis',(0.,0.,-1.));
#10754=DIRECTION('ref_axis',(1.,0.,0.));
#10755=DIRECTION('',(0.707106781186549,-8.65956056235496E-17,0.707106781186546));
#10756=DIRECTION('center_axis',(0.,0.,1.));
#10757=DIRECTION('ref_axis',(1.,0.,0.));
#10758=DIRECTION('center_axis',(0.,0.,-1.));
#10759=DIRECTION('ref_axis',(1.,0.,0.));
#10760=DIRECTION('center_axis',(0.,0.,-1.));
#10761=DIRECTION('ref_axis',(-1.,0.,0.));
#10762=DIRECTION('center_axis',(0.,0.,-1.));
#10763=DIRECTION('ref_axis',(-1.,0.,0.));
#10764=DIRECTION('',(0.,0.,-1.));
#10765=DIRECTION('center_axis',(0.,0.,-1.));
#10766=DIRECTION('ref_axis',(1.,0.,0.));
#10767=DIRECTION('',(0.707106781186549,-8.65956056235496E-17,0.707106781186546));
#10768=DIRECTION('center_axis',(0.,0.,1.));
#10769=DIRECTION('ref_axis',(1.,0.,0.));
#10770=DIRECTION('center_axis',(0.,0.,-1.));
#10771=DIRECTION('ref_axis',(1.,0.,0.));
#10772=DIRECTION('center_axis',(0.,0.,-1.));
#10773=DIRECTION('ref_axis',(-1.,0.,0.));
#10774=DIRECTION('center_axis',(0.,0.,-1.));
#10775=DIRECTION('ref_axis',(-1.,0.,0.));
#10776=DIRECTION('',(0.,0.,-1.));
#10777=DIRECTION('center_axis',(0.,0.,-1.));
#10778=DIRECTION('ref_axis',(1.,0.,0.));
#10779=DIRECTION('',(0.707106781186549,-8.65956056235496E-17,0.707106781186546));
#10780=DIRECTION('center_axis',(0.,0.,1.));
#10781=DIRECTION('ref_axis',(1.,0.,0.));
#10782=DIRECTION('center_axis',(0.,0.,-1.));
#10783=DIRECTION('ref_axis',(1.,0.,0.));
#10784=DIRECTION('center_axis',(0.,0.,-1.));
#10785=DIRECTION('ref_axis',(-1.,0.,0.));
#10786=DIRECTION('center_axis',(0.,0.,-1.));
#10787=DIRECTION('ref_axis',(-1.,0.,0.));
#10788=DIRECTION('',(0.,0.,-1.));
#10789=DIRECTION('center_axis',(0.,0.,-1.));
#10790=DIRECTION('ref_axis',(1.,0.,0.));
#10791=DIRECTION('',(0.707106781186549,-8.65956056235496E-17,0.707106781186546));
#10792=DIRECTION('center_axis',(0.,0.,1.));
#10793=DIRECTION('ref_axis',(1.,0.,0.));
#10794=DIRECTION('center_axis',(0.,0.,-1.));
#10795=DIRECTION('ref_axis',(1.,0.,0.));
#10796=DIRECTION('center_axis',(0.,0.,-1.));
#10797=DIRECTION('ref_axis',(-1.,0.,0.));
#10798=DIRECTION('center_axis',(0.,0.,-1.));
#10799=DIRECTION('ref_axis',(-1.,0.,0.));
#10800=DIRECTION('',(0.,0.,-1.));
#10801=DIRECTION('center_axis',(0.,0.,-1.));
#10802=DIRECTION('ref_axis',(1.,0.,0.));
#10803=DIRECTION('',(0.707106781186549,-8.65956056235496E-17,0.707106781186546));
#10804=DIRECTION('center_axis',(0.,0.,1.));
#10805=DIRECTION('ref_axis',(1.,0.,0.));
#10806=DIRECTION('center_axis',(0.,0.,-1.));
#10807=DIRECTION('ref_axis',(1.,0.,0.));
#10808=DIRECTION('center_axis',(0.,0.,-1.));
#10809=DIRECTION('ref_axis',(-1.,0.,0.));
#10810=DIRECTION('center_axis',(0.,0.,-1.));
#10811=DIRECTION('ref_axis',(-1.,0.,0.));
#10812=DIRECTION('',(0.,0.,-1.));
#10813=DIRECTION('center_axis',(0.,0.,-1.));
#10814=DIRECTION('ref_axis',(1.,0.,0.));
#10815=DIRECTION('',(0.707106781186549,-8.65956056235496E-17,0.707106781186546));
#10816=DIRECTION('center_axis',(0.,0.,1.));
#10817=DIRECTION('ref_axis',(1.,0.,0.));
#10818=DIRECTION('center_axis',(0.,0.,-1.));
#10819=DIRECTION('ref_axis',(1.,0.,0.));
#10820=DIRECTION('center_axis',(0.,0.,-1.));
#10821=DIRECTION('ref_axis',(-1.,0.,0.));
#10822=DIRECTION('center_axis',(0.,0.,-1.));
#10823=DIRECTION('ref_axis',(-1.,0.,0.));
#10824=DIRECTION('',(0.,0.,-1.));
#10825=DIRECTION('center_axis',(0.,0.,-1.));
#10826=DIRECTION('ref_axis',(1.,0.,0.));
#10827=DIRECTION('',(0.707106781186549,-8.65956056235496E-17,0.707106781186546));
#10828=DIRECTION('center_axis',(0.,0.,1.));
#10829=DIRECTION('ref_axis',(1.,0.,0.));
#10830=DIRECTION('center_axis',(0.,0.,-1.));
#10831=DIRECTION('ref_axis',(1.,0.,0.));
#10832=DIRECTION('center_axis',(0.,0.,-1.));
#10833=DIRECTION('ref_axis',(-1.,0.,0.));
#10834=DIRECTION('center_axis',(0.,0.,-1.));
#10835=DIRECTION('ref_axis',(-1.,0.,0.));
#10836=DIRECTION('',(0.,0.,-1.));
#10837=DIRECTION('center_axis',(0.,0.,-1.));
#10838=DIRECTION('ref_axis',(1.,0.,0.));
#10839=DIRECTION('',(0.707106781186541,-8.65956056235485E-17,0.707106781186554));
#10840=DIRECTION('center_axis',(0.,0.,1.));
#10841=DIRECTION('ref_axis',(1.,0.,0.));
#10842=DIRECTION('center_axis',(0.,0.,-1.));
#10843=DIRECTION('ref_axis',(1.,0.,0.));
#10844=DIRECTION('center_axis',(0.,0.,-1.));
#10845=DIRECTION('ref_axis',(-1.,0.,0.));
#10846=DIRECTION('center_axis',(0.,0.,-1.));
#10847=DIRECTION('ref_axis',(-1.,0.,0.));
#10848=DIRECTION('',(0.,0.,-1.));
#10849=DIRECTION('center_axis',(0.,0.,-1.));
#10850=DIRECTION('ref_axis',(1.,0.,0.));
#10851=DIRECTION('',(0.707106781186541,-8.65956056235485E-17,0.707106781186554));
#10852=DIRECTION('center_axis',(0.,0.,1.));
#10853=DIRECTION('ref_axis',(1.,0.,0.));
#10854=DIRECTION('center_axis',(0.,0.,-1.));
#10855=DIRECTION('ref_axis',(1.,0.,0.));
#10856=DIRECTION('center_axis',(0.,0.,-1.));
#10857=DIRECTION('ref_axis',(-1.,0.,0.));
#10858=DIRECTION('center_axis',(0.,0.,-1.));
#10859=DIRECTION('ref_axis',(-1.,0.,0.));
#10860=DIRECTION('',(0.,0.,-1.));
#10861=DIRECTION('center_axis',(0.,0.,-1.));
#10862=DIRECTION('ref_axis',(1.,0.,0.));
#10863=DIRECTION('',(0.707106781186541,-8.65956056235485E-17,0.707106781186554));
#10864=DIRECTION('center_axis',(0.,0.,1.));
#10865=DIRECTION('ref_axis',(1.,0.,0.));
#10866=DIRECTION('center_axis',(0.,0.,-1.));
#10867=DIRECTION('ref_axis',(1.,0.,0.));
#10868=DIRECTION('center_axis',(0.,0.,-1.));
#10869=DIRECTION('ref_axis',(-1.,0.,0.));
#10870=DIRECTION('center_axis',(0.,0.,-1.));
#10871=DIRECTION('ref_axis',(-1.,0.,0.));
#10872=DIRECTION('',(0.,0.,-1.));
#10873=DIRECTION('center_axis',(0.,0.,-1.));
#10874=DIRECTION('ref_axis',(1.,0.,0.));
#10875=DIRECTION('',(0.707106781186541,-8.65956056235485E-17,0.707106781186554));
#10876=DIRECTION('center_axis',(0.,0.,1.));
#10877=DIRECTION('ref_axis',(1.,0.,0.));
#10878=DIRECTION('center_axis',(0.,0.,-1.));
#10879=DIRECTION('ref_axis',(1.,0.,0.));
#10880=DIRECTION('center_axis',(0.,0.,-1.));
#10881=DIRECTION('ref_axis',(-1.,0.,0.));
#10882=DIRECTION('center_axis',(0.,0.,-1.));
#10883=DIRECTION('ref_axis',(-1.,0.,0.));
#10884=DIRECTION('',(0.,0.,-1.));
#10885=DIRECTION('center_axis',(0.,0.,-1.));
#10886=DIRECTION('ref_axis',(1.,0.,0.));
#10887=DIRECTION('',(0.707106781186541,-8.65956056235485E-17,0.707106781186554));
#10888=DIRECTION('center_axis',(0.,0.,1.));
#10889=DIRECTION('ref_axis',(1.,0.,0.));
#10890=DIRECTION('center_axis',(0.,0.,-1.));
#10891=DIRECTION('ref_axis',(1.,0.,0.));
#10892=DIRECTION('center_axis',(0.,0.,-1.));
#10893=DIRECTION('ref_axis',(-1.,0.,0.));
#10894=DIRECTION('center_axis',(0.,0.,-1.));
#10895=DIRECTION('ref_axis',(-1.,0.,0.));
#10896=DIRECTION('',(0.,0.,-1.));
#10897=DIRECTION('center_axis',(0.,0.,-1.));
#10898=DIRECTION('ref_axis',(1.,0.,0.));
#10899=DIRECTION('',(0.707106781186541,-8.65956056235485E-17,0.707106781186554));
#10900=DIRECTION('center_axis',(0.,0.,1.));
#10901=DIRECTION('ref_axis',(1.,0.,0.));
#10902=DIRECTION('center_axis',(0.,0.,-1.));
#10903=DIRECTION('ref_axis',(1.,0.,0.));
#10904=DIRECTION('center_axis',(0.,0.,-1.));
#10905=DIRECTION('ref_axis',(-1.,0.,0.));
#10906=DIRECTION('center_axis',(0.,0.,-1.));
#10907=DIRECTION('ref_axis',(-1.,0.,0.));
#10908=DIRECTION('',(0.,0.,-1.));
#10909=DIRECTION('center_axis',(0.,0.,-1.));
#10910=DIRECTION('ref_axis',(1.,0.,0.));
#10911=DIRECTION('',(0.707106781186541,-8.65956056235485E-17,0.707106781186554));
#10912=DIRECTION('center_axis',(0.,0.,1.));
#10913=DIRECTION('ref_axis',(1.,0.,0.));
#10914=DIRECTION('center_axis',(0.,0.,-1.));
#10915=DIRECTION('ref_axis',(1.,0.,0.));
#10916=DIRECTION('center_axis',(0.,0.,-1.));
#10917=DIRECTION('ref_axis',(-1.,0.,0.));
#10918=DIRECTION('center_axis',(0.,0.,-1.));
#10919=DIRECTION('ref_axis',(-1.,0.,0.));
#10920=DIRECTION('',(0.,0.,-1.));
#10921=DIRECTION('center_axis',(0.,0.,1.));
#10922=DIRECTION('ref_axis',(-1.,0.,0.));
#10923=DIRECTION('',(-0.707106781186547,-8.65956056235493E-17,-0.707106781186548));
#10924=DIRECTION('center_axis',(0.,0.,1.));
#10925=DIRECTION('ref_axis',(-1.,0.,0.));
#10926=DIRECTION('',(-0.707106781186547,-8.65956056235493E-17,-0.707106781186548));
#10927=DIRECTION('center_axis',(0.,0.,1.));
#10928=DIRECTION('ref_axis',(-1.,0.,0.));
#10929=DIRECTION('',(-0.707106781186549,-8.65956056235496E-17,-0.707106781186546));
#10930=DIRECTION('center_axis',(0.,0.,1.));
#10931=DIRECTION('ref_axis',(-1.,0.,0.));
#10932=DIRECTION('',(-0.707106781186549,-8.65956056235496E-17,-0.707106781186546));
#10933=DIRECTION('center_axis',(0.,0.,1.));
#10934=DIRECTION('ref_axis',(-1.,0.,0.));
#10935=DIRECTION('',(-0.707106781186549,-8.65956056235496E-17,-0.707106781186546));
#10936=DIRECTION('center_axis',(0.,0.,1.));
#10937=DIRECTION('ref_axis',(-1.,0.,0.));
#10938=DIRECTION('',(-0.707106781186549,-8.65956056235496E-17,-0.707106781186546));
#10939=DIRECTION('center_axis',(0.,0.,1.));
#10940=DIRECTION('ref_axis',(-1.,0.,0.));
#10941=DIRECTION('',(-0.707106781186549,-8.65956056235496E-17,-0.707106781186546));
#10942=DIRECTION('center_axis',(0.,0.,1.));
#10943=DIRECTION('ref_axis',(-1.,0.,0.));
#10944=DIRECTION('',(-0.707106781186549,-8.65956056235496E-17,-0.707106781186546));
#10945=DIRECTION('center_axis',(0.,0.,1.));
#10946=DIRECTION('ref_axis',(-1.,0.,0.));
#10947=DIRECTION('',(-0.707106781186541,-8.65956056235485E-17,-0.707106781186554));
#10948=DIRECTION('center_axis',(0.,0.,1.));
#10949=DIRECTION('ref_axis',(-1.,0.,0.));
#10950=DIRECTION('',(-0.707106781186541,-8.65956056235485E-17,-0.707106781186554));
#10951=DIRECTION('center_axis',(0.,0.,1.));
#10952=DIRECTION('ref_axis',(-1.,0.,0.));
#10953=DIRECTION('',(-0.707106781186541,-8.65956056235485E-17,-0.707106781186554));
#10954=DIRECTION('center_axis',(0.,0.,1.));
#10955=DIRECTION('ref_axis',(-1.,0.,0.));
#10956=DIRECTION('',(-0.707106781186541,-8.65956056235485E-17,-0.707106781186554));
#10957=DIRECTION('center_axis',(0.,0.,1.));
#10958=DIRECTION('ref_axis',(-1.,0.,0.));
#10959=DIRECTION('',(-0.707106781186541,-8.65956056235485E-17,-0.707106781186554));
#10960=DIRECTION('center_axis',(0.,0.,1.));
#10961=DIRECTION('ref_axis',(-1.,0.,0.));
#10962=DIRECTION('',(-0.707106781186541,-8.65956056235485E-17,-0.707106781186554));
#10963=DIRECTION('center_axis',(0.,0.,1.));
#10964=DIRECTION('ref_axis',(-1.,0.,0.));
#10965=DIRECTION('',(-0.707106781186541,-8.65956056235485E-17,-0.707106781186554));
#10966=DIRECTION('center_axis',(0.,0.,1.));
#10967=DIRECTION('ref_axis',(-1.,0.,0.));
#10968=DIRECTION('',(-0.707106781186541,-8.65956056235485E-17,-0.707106781186554));
#10969=DIRECTION('center_axis',(0.,0.,1.));
#10970=DIRECTION('ref_axis',(-1.,0.,0.));
#10971=DIRECTION('',(-0.707106781186541,-8.65956056235485E-17,-0.707106781186554));
#10972=DIRECTION('center_axis',(0.,0.,1.));
#10973=DIRECTION('ref_axis',(-1.,0.,0.));
#10974=DIRECTION('',(-0.707106781186541,-8.65956056235485E-17,-0.707106781186554));
#10975=DIRECTION('center_axis',(0.,0.,1.));
#10976=DIRECTION('ref_axis',(-1.,0.,0.));
#10977=DIRECTION('',(-0.707106781186541,-8.65956056235485E-17,-0.707106781186554));
#10978=DIRECTION('center_axis',(0.,0.,1.));
#10979=DIRECTION('ref_axis',(-1.,0.,0.));
#10980=DIRECTION('',(-0.707106781186541,-8.65956056235485E-17,-0.707106781186554));
#10981=DIRECTION('center_axis',(0.,0.,1.));
#10982=DIRECTION('ref_axis',(-1.,0.,0.));
#10983=DIRECTION('',(-0.707106781186541,-8.65956056235485E-17,-0.707106781186554));
#10984=DIRECTION('center_axis',(0.,0.,1.));
#10985=DIRECTION('ref_axis',(-1.,0.,0.));
#10986=DIRECTION('',(-0.707106781186541,-8.65956056235485E-17,-0.707106781186554));
#10987=DIRECTION('center_axis',(0.,0.,1.));
#10988=DIRECTION('ref_axis',(-1.,0.,0.));
#10989=DIRECTION('',(-0.707106781186549,-8.65956056235496E-17,-0.707106781186546));
#10990=DIRECTION('center_axis',(0.,0.,1.));
#10991=DIRECTION('ref_axis',(-1.,0.,0.));
#10992=DIRECTION('',(-0.707106781186549,-8.65956056235496E-17,-0.707106781186546));
#10993=DIRECTION('center_axis',(0.,0.,1.));
#10994=DIRECTION('ref_axis',(-1.,0.,0.));
#10995=DIRECTION('',(-0.707106781186549,-8.65956056235496E-17,-0.707106781186546));
#10996=DIRECTION('center_axis',(0.,0.,1.));
#10997=DIRECTION('ref_axis',(-1.,0.,0.));
#10998=DIRECTION('',(-0.707106781186549,-8.65956056235496E-17,-0.707106781186546));
#10999=DIRECTION('center_axis',(0.,0.,1.));
#11000=DIRECTION('ref_axis',(-1.,0.,0.));
#11001=DIRECTION('',(-0.707106781186549,-8.65956056235496E-17,-0.707106781186546));
#11002=DIRECTION('center_axis',(0.,0.,1.));
#11003=DIRECTION('ref_axis',(-1.,0.,0.));
#11004=DIRECTION('',(-0.707106781186549,-8.65956056235496E-17,-0.707106781186546));
#11005=DIRECTION('center_axis',(0.,0.,1.));
#11006=DIRECTION('ref_axis',(-1.,0.,0.));
#11007=DIRECTION('',(-0.707106781186547,-8.65956056235493E-17,-0.707106781186548));
#11008=DIRECTION('center_axis',(0.,0.,1.));
#11009=DIRECTION('ref_axis',(-1.,0.,0.));
#11010=DIRECTION('',(-0.707106781186547,-8.65956056235493E-17,-0.707106781186548));
#11011=DIRECTION('center_axis',(0.,0.,1.));
#11012=DIRECTION('ref_axis',(-1.,0.,0.));
#11013=DIRECTION('',(-0.707106781186541,-8.65956056235485E-17,-0.707106781186554));
#11014=DIRECTION('center_axis',(0.,0.,-1.));
#11015=DIRECTION('ref_axis',(-1.,0.,0.));
#11016=DIRECTION('center_axis',(0.,0.,-1.));
#11017=DIRECTION('ref_axis',(-1.,0.,0.));
#11018=DIRECTION('center_axis',(0.,0.,-1.));
#11019=DIRECTION('ref_axis',(1.,0.,0.));
#11020=DIRECTION('',(0.,0.,-1.));
#11021=DIRECTION('center_axis',(0.,0.,1.));
#11022=DIRECTION('ref_axis',(1.,0.,0.));
#11023=DIRECTION('center_axis',(0.,0.,1.));
#11024=DIRECTION('ref_axis',(-1.,0.,0.));
#11025=DIRECTION('',(-0.707106781186541,-8.65956056235485E-17,-0.707106781186554));
#11026=DIRECTION('center_axis',(0.,0.,-1.));
#11027=DIRECTION('ref_axis',(-1.,0.,0.));
#11028=DIRECTION('center_axis',(0.,0.,-1.));
#11029=DIRECTION('ref_axis',(-1.,0.,0.));
#11030=DIRECTION('center_axis',(0.,0.,-1.));
#11031=DIRECTION('ref_axis',(1.,0.,0.));
#11032=DIRECTION('',(0.,0.,-1.));
#11033=DIRECTION('center_axis',(0.,0.,1.));
#11034=DIRECTION('ref_axis',(1.,0.,0.));
#11035=DIRECTION('center_axis',(0.,0.,1.));
#11036=DIRECTION('ref_axis',(-1.,0.,0.));
#11037=DIRECTION('',(-0.707106781186541,-8.65956056235485E-17,-0.707106781186554));
#11038=DIRECTION('center_axis',(0.,0.,-1.));
#11039=DIRECTION('ref_axis',(-1.,0.,0.));
#11040=DIRECTION('center_axis',(0.,0.,-1.));
#11041=DIRECTION('ref_axis',(-1.,0.,0.));
#11042=DIRECTION('center_axis',(0.,0.,-1.));
#11043=DIRECTION('ref_axis',(1.,0.,0.));
#11044=DIRECTION('',(0.,0.,-1.));
#11045=DIRECTION('center_axis',(0.,0.,1.));
#11046=DIRECTION('ref_axis',(1.,0.,0.));
#11047=DIRECTION('center_axis',(0.,0.,1.));
#11048=DIRECTION('ref_axis',(-1.,0.,0.));
#11049=DIRECTION('',(-0.707106781186541,-8.65956056235485E-17,-0.707106781186554));
#11050=DIRECTION('center_axis',(0.,0.,-1.));
#11051=DIRECTION('ref_axis',(-1.,0.,0.));
#11052=DIRECTION('center_axis',(0.,0.,-1.));
#11053=DIRECTION('ref_axis',(-1.,0.,0.));
#11054=DIRECTION('center_axis',(0.,0.,-1.));
#11055=DIRECTION('ref_axis',(1.,0.,0.));
#11056=DIRECTION('',(0.,0.,-1.));
#11057=DIRECTION('center_axis',(0.,0.,1.));
#11058=DIRECTION('ref_axis',(1.,0.,0.));
#11059=DIRECTION('center_axis',(0.,0.,1.));
#11060=DIRECTION('ref_axis',(-1.,0.,0.));
#11061=DIRECTION('',(-0.707106781186541,-8.65956056235485E-17,-0.707106781186554));
#11062=DIRECTION('center_axis',(0.,0.,-1.));
#11063=DIRECTION('ref_axis',(-1.,0.,0.));
#11064=DIRECTION('center_axis',(0.,0.,-1.));
#11065=DIRECTION('ref_axis',(-1.,0.,0.));
#11066=DIRECTION('center_axis',(0.,0.,-1.));
#11067=DIRECTION('ref_axis',(1.,0.,0.));
#11068=DIRECTION('',(0.,0.,-1.));
#11069=DIRECTION('center_axis',(0.,0.,1.));
#11070=DIRECTION('ref_axis',(1.,0.,0.));
#11071=DIRECTION('center_axis',(0.,0.,1.));
#11072=DIRECTION('ref_axis',(-1.,0.,0.));
#11073=DIRECTION('',(-0.707106781186541,-8.65956056235485E-17,-0.707106781186554));
#11074=DIRECTION('center_axis',(0.,0.,-1.));
#11075=DIRECTION('ref_axis',(-1.,0.,0.));
#11076=DIRECTION('center_axis',(0.,0.,-1.));
#11077=DIRECTION('ref_axis',(-1.,0.,0.));
#11078=DIRECTION('center_axis',(0.,0.,-1.));
#11079=DIRECTION('ref_axis',(1.,0.,0.));
#11080=DIRECTION('',(0.,0.,-1.));
#11081=DIRECTION('center_axis',(0.,0.,1.));
#11082=DIRECTION('ref_axis',(1.,0.,0.));
#11083=DIRECTION('center_axis',(0.,0.,1.));
#11084=DIRECTION('ref_axis',(-1.,0.,0.));
#11085=DIRECTION('',(-0.707106781186541,-8.65956056235485E-17,-0.707106781186554));
#11086=DIRECTION('center_axis',(0.,0.,-1.));
#11087=DIRECTION('ref_axis',(-1.,0.,0.));
#11088=DIRECTION('center_axis',(0.,0.,-1.));
#11089=DIRECTION('ref_axis',(-1.,0.,0.));
#11090=DIRECTION('center_axis',(0.,0.,-1.));
#11091=DIRECTION('ref_axis',(1.,0.,0.));
#11092=DIRECTION('',(0.,0.,-1.));
#11093=DIRECTION('center_axis',(0.,0.,1.));
#11094=DIRECTION('ref_axis',(1.,0.,0.));
#11095=DIRECTION('center_axis',(0.,0.,1.));
#11096=DIRECTION('ref_axis',(-1.,0.,0.));
#11097=DIRECTION('',(-0.707106781186541,-8.65956056235485E-17,-0.707106781186554));
#11098=DIRECTION('center_axis',(0.,0.,-1.));
#11099=DIRECTION('ref_axis',(-1.,0.,0.));
#11100=DIRECTION('center_axis',(0.,0.,-1.));
#11101=DIRECTION('ref_axis',(-1.,0.,0.));
#11102=DIRECTION('center_axis',(0.,0.,-1.));
#11103=DIRECTION('ref_axis',(1.,0.,0.));
#11104=DIRECTION('',(0.,0.,-1.));
#11105=DIRECTION('center_axis',(0.,0.,1.));
#11106=DIRECTION('ref_axis',(1.,0.,0.));
#11107=DIRECTION('center_axis',(0.,0.,1.));
#11108=DIRECTION('ref_axis',(-1.,0.,0.));
#11109=DIRECTION('',(-0.707106781186541,-8.65956056235485E-17,-0.707106781186554));
#11110=DIRECTION('center_axis',(0.,0.,-1.));
#11111=DIRECTION('ref_axis',(-1.,0.,0.));
#11112=DIRECTION('center_axis',(0.,0.,-1.));
#11113=DIRECTION('ref_axis',(-1.,0.,0.));
#11114=DIRECTION('center_axis',(0.,0.,-1.));
#11115=DIRECTION('ref_axis',(1.,0.,0.));
#11116=DIRECTION('',(0.,0.,-1.));
#11117=DIRECTION('center_axis',(0.,0.,1.));
#11118=DIRECTION('ref_axis',(1.,0.,0.));
#11119=DIRECTION('center_axis',(0.,0.,1.));
#11120=DIRECTION('ref_axis',(-1.,0.,0.));
#11121=DIRECTION('',(-0.707106781186541,-8.65956056235485E-17,-0.707106781186554));
#11122=DIRECTION('center_axis',(0.,0.,-1.));
#11123=DIRECTION('ref_axis',(-1.,0.,0.));
#11124=DIRECTION('center_axis',(0.,0.,-1.));
#11125=DIRECTION('ref_axis',(-1.,0.,0.));
#11126=DIRECTION('center_axis',(0.,0.,-1.));
#11127=DIRECTION('ref_axis',(1.,0.,0.));
#11128=DIRECTION('',(0.,0.,-1.));
#11129=DIRECTION('center_axis',(0.,0.,1.));
#11130=DIRECTION('ref_axis',(1.,0.,0.));
#11131=DIRECTION('center_axis',(0.,0.,1.));
#11132=DIRECTION('ref_axis',(-1.,0.,0.));
#11133=DIRECTION('',(-0.707106781186541,-8.65956056235485E-17,-0.707106781186554));
#11134=DIRECTION('center_axis',(0.,0.,-1.));
#11135=DIRECTION('ref_axis',(-1.,0.,0.));
#11136=DIRECTION('center_axis',(0.,0.,-1.));
#11137=DIRECTION('ref_axis',(-1.,0.,0.));
#11138=DIRECTION('center_axis',(0.,0.,-1.));
#11139=DIRECTION('ref_axis',(1.,0.,0.));
#11140=DIRECTION('',(0.,0.,-1.));
#11141=DIRECTION('center_axis',(0.,0.,1.));
#11142=DIRECTION('ref_axis',(1.,0.,0.));
#11143=DIRECTION('center_axis',(0.,0.,1.));
#11144=DIRECTION('ref_axis',(-1.,0.,0.));
#11145=DIRECTION('',(-0.707106781186541,-8.65956056235485E-17,-0.707106781186554));
#11146=DIRECTION('center_axis',(0.,0.,-1.));
#11147=DIRECTION('ref_axis',(-1.,0.,0.));
#11148=DIRECTION('center_axis',(0.,0.,-1.));
#11149=DIRECTION('ref_axis',(-1.,0.,0.));
#11150=DIRECTION('center_axis',(0.,0.,-1.));
#11151=DIRECTION('ref_axis',(1.,0.,0.));
#11152=DIRECTION('',(0.,0.,-1.));
#11153=DIRECTION('center_axis',(0.,0.,1.));
#11154=DIRECTION('ref_axis',(1.,0.,0.));
#11155=DIRECTION('center_axis',(0.,0.,1.));
#11156=DIRECTION('ref_axis',(-1.,0.,0.));
#11157=DIRECTION('',(-0.707106781186541,-8.65956056235485E-17,-0.707106781186554));
#11158=DIRECTION('center_axis',(0.,0.,-1.));
#11159=DIRECTION('ref_axis',(-1.,0.,0.));
#11160=DIRECTION('center_axis',(0.,0.,-1.));
#11161=DIRECTION('ref_axis',(-1.,0.,0.));
#11162=DIRECTION('center_axis',(0.,0.,-1.));
#11163=DIRECTION('ref_axis',(1.,0.,0.));
#11164=DIRECTION('',(0.,0.,-1.));
#11165=DIRECTION('center_axis',(0.,0.,1.));
#11166=DIRECTION('ref_axis',(1.,0.,0.));
#11167=DIRECTION('center_axis',(0.,0.,1.));
#11168=DIRECTION('ref_axis',(-1.,0.,0.));
#11169=DIRECTION('',(-0.707106781186541,-8.65956056235485E-17,-0.707106781186554));
#11170=DIRECTION('center_axis',(0.,0.,-1.));
#11171=DIRECTION('ref_axis',(-1.,0.,0.));
#11172=DIRECTION('center_axis',(0.,0.,-1.));
#11173=DIRECTION('ref_axis',(-1.,0.,0.));
#11174=DIRECTION('center_axis',(0.,0.,-1.));
#11175=DIRECTION('ref_axis',(1.,0.,0.));
#11176=DIRECTION('',(0.,0.,-1.));
#11177=DIRECTION('center_axis',(0.,0.,1.));
#11178=DIRECTION('ref_axis',(1.,0.,0.));
#11179=DIRECTION('center_axis',(0.,0.,1.));
#11180=DIRECTION('ref_axis',(-1.,0.,0.));
#11181=DIRECTION('',(-0.707106781186541,-8.65956056235485E-17,-0.707106781186554));
#11182=DIRECTION('center_axis',(0.,0.,-1.));
#11183=DIRECTION('ref_axis',(-1.,0.,0.));
#11184=DIRECTION('center_axis',(0.,0.,-1.));
#11185=DIRECTION('ref_axis',(-1.,0.,0.));
#11186=DIRECTION('center_axis',(0.,0.,-1.));
#11187=DIRECTION('ref_axis',(1.,0.,0.));
#11188=DIRECTION('',(0.,0.,-1.));
#11189=DIRECTION('center_axis',(0.,0.,1.));
#11190=DIRECTION('ref_axis',(1.,0.,0.));
#11191=DIRECTION('center_axis',(0.,0.,1.));
#11192=DIRECTION('ref_axis',(-1.,0.,0.));
#11193=DIRECTION('',(-0.707106781186541,-8.65956056235485E-17,-0.707106781186554));
#11194=DIRECTION('center_axis',(0.,0.,-1.));
#11195=DIRECTION('ref_axis',(-1.,0.,0.));
#11196=DIRECTION('center_axis',(0.,0.,-1.));
#11197=DIRECTION('ref_axis',(-1.,0.,0.));
#11198=DIRECTION('center_axis',(0.,0.,-1.));
#11199=DIRECTION('ref_axis',(1.,0.,0.));
#11200=DIRECTION('',(0.,0.,-1.));
#11201=DIRECTION('center_axis',(0.,0.,1.));
#11202=DIRECTION('ref_axis',(1.,0.,0.));
#11203=DIRECTION('center_axis',(0.,0.,1.));
#11204=DIRECTION('ref_axis',(-1.,0.,0.));
#11205=DIRECTION('',(-0.707106781186541,-8.65956056235485E-17,-0.707106781186554));
#11206=DIRECTION('center_axis',(0.,0.,-1.));
#11207=DIRECTION('ref_axis',(-1.,0.,0.));
#11208=DIRECTION('center_axis',(0.,0.,-1.));
#11209=DIRECTION('ref_axis',(-1.,0.,0.));
#11210=DIRECTION('center_axis',(0.,0.,-1.));
#11211=DIRECTION('ref_axis',(1.,0.,0.));
#11212=DIRECTION('',(0.,0.,-1.));
#11213=DIRECTION('center_axis',(0.,0.,1.));
#11214=DIRECTION('ref_axis',(1.,0.,0.));
#11215=DIRECTION('center_axis',(0.,0.,1.));
#11216=DIRECTION('ref_axis',(-1.,0.,0.));
#11217=DIRECTION('',(-0.707106781186541,-8.65956056235485E-17,-0.707106781186554));
#11218=DIRECTION('center_axis',(0.,0.,-1.));
#11219=DIRECTION('ref_axis',(-1.,0.,0.));
#11220=DIRECTION('center_axis',(0.,0.,-1.));
#11221=DIRECTION('ref_axis',(-1.,0.,0.));
#11222=DIRECTION('center_axis',(0.,0.,-1.));
#11223=DIRECTION('ref_axis',(1.,0.,0.));
#11224=DIRECTION('',(0.,0.,-1.));
#11225=DIRECTION('center_axis',(0.,0.,1.));
#11226=DIRECTION('ref_axis',(1.,0.,0.));
#11227=DIRECTION('center_axis',(0.,0.,1.));
#11228=DIRECTION('ref_axis',(-1.,0.,0.));
#11229=DIRECTION('',(-0.707106781186541,-8.65956056235485E-17,-0.707106781186554));
#11230=DIRECTION('center_axis',(0.,0.,-1.));
#11231=DIRECTION('ref_axis',(-1.,0.,0.));
#11232=DIRECTION('center_axis',(0.,0.,-1.));
#11233=DIRECTION('ref_axis',(-1.,0.,0.));
#11234=DIRECTION('center_axis',(0.,0.,-1.));
#11235=DIRECTION('ref_axis',(1.,0.,0.));
#11236=DIRECTION('',(0.,0.,-1.));
#11237=DIRECTION('center_axis',(0.,0.,1.));
#11238=DIRECTION('ref_axis',(1.,0.,0.));
#11239=DIRECTION('center_axis',(0.,0.,1.));
#11240=DIRECTION('ref_axis',(-1.,0.,0.));
#11241=DIRECTION('',(-0.707106781186541,-8.65956056235485E-17,-0.707106781186554));
#11242=DIRECTION('center_axis',(0.,0.,-1.));
#11243=DIRECTION('ref_axis',(-1.,0.,0.));
#11244=DIRECTION('center_axis',(0.,0.,-1.));
#11245=DIRECTION('ref_axis',(-1.,0.,0.));
#11246=DIRECTION('center_axis',(0.,0.,-1.));
#11247=DIRECTION('ref_axis',(1.,0.,0.));
#11248=DIRECTION('',(0.,0.,-1.));
#11249=DIRECTION('center_axis',(0.,0.,1.));
#11250=DIRECTION('ref_axis',(1.,0.,0.));
#11251=DIRECTION('center_axis',(0.,0.,1.));
#11252=DIRECTION('ref_axis',(-1.,0.,0.));
#11253=DIRECTION('',(-0.707106781186541,-8.65956056235485E-17,-0.707106781186554));
#11254=DIRECTION('center_axis',(0.,0.,-1.));
#11255=DIRECTION('ref_axis',(-1.,0.,0.));
#11256=DIRECTION('center_axis',(0.,0.,-1.));
#11257=DIRECTION('ref_axis',(-1.,0.,0.));
#11258=DIRECTION('center_axis',(0.,0.,-1.));
#11259=DIRECTION('ref_axis',(1.,0.,0.));
#11260=DIRECTION('',(0.,0.,-1.));
#11261=DIRECTION('center_axis',(0.,0.,1.));
#11262=DIRECTION('ref_axis',(1.,0.,0.));
#11263=DIRECTION('center_axis',(0.,0.,1.));
#11264=DIRECTION('ref_axis',(-1.,0.,0.));
#11265=DIRECTION('',(-0.707106781186541,-8.65956056235485E-17,-0.707106781186554));
#11266=DIRECTION('center_axis',(0.,0.,-1.));
#11267=DIRECTION('ref_axis',(-1.,0.,0.));
#11268=DIRECTION('center_axis',(0.,0.,-1.));
#11269=DIRECTION('ref_axis',(-1.,0.,0.));
#11270=DIRECTION('center_axis',(0.,0.,-1.));
#11271=DIRECTION('ref_axis',(1.,0.,0.));
#11272=DIRECTION('',(0.,0.,-1.));
#11273=DIRECTION('center_axis',(0.,0.,1.));
#11274=DIRECTION('ref_axis',(1.,0.,0.));
#11275=DIRECTION('center_axis',(0.,0.,1.));
#11276=DIRECTION('ref_axis',(-1.,0.,0.));
#11277=DIRECTION('',(-0.707106781186541,-8.65956056235485E-17,-0.707106781186554));
#11278=DIRECTION('center_axis',(0.,0.,-1.));
#11279=DIRECTION('ref_axis',(-1.,0.,0.));
#11280=DIRECTION('center_axis',(0.,0.,-1.));
#11281=DIRECTION('ref_axis',(-1.,0.,0.));
#11282=DIRECTION('center_axis',(0.,0.,-1.));
#11283=DIRECTION('ref_axis',(1.,0.,0.));
#11284=DIRECTION('',(0.,0.,-1.));
#11285=DIRECTION('center_axis',(0.,0.,1.));
#11286=DIRECTION('ref_axis',(1.,0.,0.));
#11287=DIRECTION('center_axis',(0.,0.,1.));
#11288=DIRECTION('ref_axis',(-1.,0.,0.));
#11289=DIRECTION('',(-0.707106781186541,-8.65956056235485E-17,-0.707106781186554));
#11290=DIRECTION('center_axis',(0.,0.,-1.));
#11291=DIRECTION('ref_axis',(-1.,0.,0.));
#11292=DIRECTION('center_axis',(0.,0.,-1.));
#11293=DIRECTION('ref_axis',(-1.,0.,0.));
#11294=DIRECTION('center_axis',(0.,0.,-1.));
#11295=DIRECTION('ref_axis',(1.,0.,0.));
#11296=DIRECTION('',(0.,0.,-1.));
#11297=DIRECTION('center_axis',(0.,0.,1.));
#11298=DIRECTION('ref_axis',(1.,0.,0.));
#11299=DIRECTION('center_axis',(0.,0.,1.));
#11300=DIRECTION('ref_axis',(-1.,0.,0.));
#11301=DIRECTION('',(-0.707106781186541,-8.65956056235485E-17,-0.707106781186554));
#11302=DIRECTION('center_axis',(0.,0.,-1.));
#11303=DIRECTION('ref_axis',(-1.,0.,0.));
#11304=DIRECTION('center_axis',(0.,0.,-1.));
#11305=DIRECTION('ref_axis',(-1.,0.,0.));
#11306=DIRECTION('center_axis',(0.,0.,-1.));
#11307=DIRECTION('ref_axis',(1.,0.,0.));
#11308=DIRECTION('',(0.,0.,-1.));
#11309=DIRECTION('center_axis',(0.,0.,1.));
#11310=DIRECTION('ref_axis',(1.,0.,0.));
#11311=DIRECTION('center_axis',(0.,0.,1.));
#11312=DIRECTION('ref_axis',(-1.,0.,0.));
#11313=DIRECTION('',(-0.707106781186541,-8.65956056235485E-17,-0.707106781186554));
#11314=DIRECTION('center_axis',(0.,0.,-1.));
#11315=DIRECTION('ref_axis',(-1.,0.,0.));
#11316=DIRECTION('center_axis',(0.,0.,-1.));
#11317=DIRECTION('ref_axis',(-1.,0.,0.));
#11318=DIRECTION('center_axis',(0.,0.,-1.));
#11319=DIRECTION('ref_axis',(1.,0.,0.));
#11320=DIRECTION('',(0.,0.,-1.));
#11321=DIRECTION('center_axis',(0.,0.,1.));
#11322=DIRECTION('ref_axis',(1.,0.,0.));
#11323=DIRECTION('center_axis',(0.,0.,1.));
#11324=DIRECTION('ref_axis',(-1.,0.,0.));
#11325=DIRECTION('',(-0.707106781186541,-8.65956056235485E-17,-0.707106781186554));
#11326=DIRECTION('center_axis',(0.,0.,-1.));
#11327=DIRECTION('ref_axis',(-1.,0.,0.));
#11328=DIRECTION('center_axis',(0.,0.,-1.));
#11329=DIRECTION('ref_axis',(-1.,0.,0.));
#11330=DIRECTION('center_axis',(0.,0.,-1.));
#11331=DIRECTION('ref_axis',(1.,0.,0.));
#11332=DIRECTION('',(0.,0.,-1.));
#11333=DIRECTION('center_axis',(0.,0.,1.));
#11334=DIRECTION('ref_axis',(1.,0.,0.));
#11335=DIRECTION('center_axis',(0.,0.,1.));
#11336=DIRECTION('ref_axis',(-1.,0.,0.));
#11337=DIRECTION('',(-0.707106781186541,-8.65956056235485E-17,-0.707106781186554));
#11338=DIRECTION('center_axis',(0.,0.,-1.));
#11339=DIRECTION('ref_axis',(-1.,0.,0.));
#11340=DIRECTION('center_axis',(0.,0.,-1.));
#11341=DIRECTION('ref_axis',(-1.,0.,0.));
#11342=DIRECTION('center_axis',(0.,0.,-1.));
#11343=DIRECTION('ref_axis',(1.,0.,0.));
#11344=DIRECTION('',(0.,0.,-1.));
#11345=DIRECTION('center_axis',(0.,0.,1.));
#11346=DIRECTION('ref_axis',(1.,0.,0.));
#11347=DIRECTION('center_axis',(0.,0.,1.));
#11348=DIRECTION('ref_axis',(-1.,0.,0.));
#11349=DIRECTION('',(-0.707106781186541,-8.65956056235485E-17,-0.707106781186554));
#11350=DIRECTION('center_axis',(0.,0.,-1.));
#11351=DIRECTION('ref_axis',(-1.,0.,0.));
#11352=DIRECTION('center_axis',(0.,0.,-1.));
#11353=DIRECTION('ref_axis',(-1.,0.,0.));
#11354=DIRECTION('center_axis',(0.,0.,-1.));
#11355=DIRECTION('ref_axis',(1.,0.,0.));
#11356=DIRECTION('',(0.,0.,-1.));
#11357=DIRECTION('center_axis',(0.,0.,1.));
#11358=DIRECTION('ref_axis',(1.,0.,0.));
#11359=DIRECTION('center_axis',(0.,0.,1.));
#11360=DIRECTION('ref_axis',(-1.,0.,0.));
#11361=DIRECTION('',(-0.707106781186541,-8.65956056235485E-17,-0.707106781186554));
#11362=DIRECTION('center_axis',(0.,0.,-1.));
#11363=DIRECTION('ref_axis',(-1.,0.,0.));
#11364=DIRECTION('center_axis',(0.,0.,-1.));
#11365=DIRECTION('ref_axis',(-1.,0.,0.));
#11366=DIRECTION('center_axis',(0.,0.,-1.));
#11367=DIRECTION('ref_axis',(1.,0.,0.));
#11368=DIRECTION('',(0.,0.,-1.));
#11369=DIRECTION('center_axis',(0.,0.,1.));
#11370=DIRECTION('ref_axis',(1.,0.,0.));
#11371=DIRECTION('center_axis',(0.,0.,1.));
#11372=DIRECTION('ref_axis',(-1.,0.,0.));
#11373=DIRECTION('',(-0.707106781186541,-8.65956056235485E-17,-0.707106781186554));
#11374=DIRECTION('center_axis',(0.,0.,-1.));
#11375=DIRECTION('ref_axis',(-1.,0.,0.));
#11376=DIRECTION('center_axis',(0.,0.,-1.));
#11377=DIRECTION('ref_axis',(-1.,0.,0.));
#11378=DIRECTION('center_axis',(0.,0.,-1.));
#11379=DIRECTION('ref_axis',(1.,0.,0.));
#11380=DIRECTION('',(0.,0.,-1.));
#11381=DIRECTION('center_axis',(0.,0.,1.));
#11382=DIRECTION('ref_axis',(1.,0.,0.));
#11383=DIRECTION('center_axis',(0.,0.,1.));
#11384=DIRECTION('ref_axis',(-1.,0.,0.));
#11385=DIRECTION('',(-0.707106781186541,-8.65956056235485E-17,-0.707106781186554));
#11386=DIRECTION('center_axis',(0.,0.,-1.));
#11387=DIRECTION('ref_axis',(-1.,0.,0.));
#11388=DIRECTION('center_axis',(0.,0.,-1.));
#11389=DIRECTION('ref_axis',(-1.,0.,0.));
#11390=DIRECTION('center_axis',(0.,0.,-1.));
#11391=DIRECTION('ref_axis',(1.,0.,0.));
#11392=DIRECTION('',(0.,0.,-1.));
#11393=DIRECTION('center_axis',(0.,0.,1.));
#11394=DIRECTION('ref_axis',(1.,0.,0.));
#11395=DIRECTION('center_axis',(0.,0.,1.));
#11396=DIRECTION('ref_axis',(-1.,0.,0.));
#11397=DIRECTION('',(-0.707106781186541,-8.65956056235485E-17,-0.707106781186554));
#11398=DIRECTION('center_axis',(0.,0.,-1.));
#11399=DIRECTION('ref_axis',(-1.,0.,0.));
#11400=DIRECTION('center_axis',(0.,0.,-1.));
#11401=DIRECTION('ref_axis',(-1.,0.,0.));
#11402=DIRECTION('center_axis',(0.,0.,-1.));
#11403=DIRECTION('ref_axis',(1.,0.,0.));
#11404=DIRECTION('',(0.,0.,-1.));
#11405=DIRECTION('center_axis',(0.,0.,1.));
#11406=DIRECTION('ref_axis',(1.,0.,0.));
#11407=DIRECTION('center_axis',(0.,0.,1.));
#11408=DIRECTION('ref_axis',(-1.,0.,0.));
#11409=DIRECTION('',(-0.707106781186541,-8.65956056235485E-17,-0.707106781186554));
#11410=DIRECTION('center_axis',(0.,0.,-1.));
#11411=DIRECTION('ref_axis',(-1.,0.,0.));
#11412=DIRECTION('center_axis',(0.,0.,-1.));
#11413=DIRECTION('ref_axis',(-1.,0.,0.));
#11414=DIRECTION('center_axis',(0.,0.,-1.));
#11415=DIRECTION('ref_axis',(1.,0.,0.));
#11416=DIRECTION('',(0.,0.,-1.));
#11417=DIRECTION('center_axis',(0.,0.,1.));
#11418=DIRECTION('ref_axis',(1.,0.,0.));
#11419=DIRECTION('center_axis',(0.,0.,1.));
#11420=DIRECTION('ref_axis',(-1.,0.,0.));
#11421=DIRECTION('',(-0.707106781186541,-8.65956056235485E-17,-0.707106781186554));
#11422=DIRECTION('center_axis',(0.,0.,-1.));
#11423=DIRECTION('ref_axis',(-1.,0.,0.));
#11424=DIRECTION('center_axis',(0.,0.,-1.));
#11425=DIRECTION('ref_axis',(-1.,0.,0.));
#11426=DIRECTION('center_axis',(0.,0.,-1.));
#11427=DIRECTION('ref_axis',(1.,0.,0.));
#11428=DIRECTION('',(0.,0.,-1.));
#11429=DIRECTION('center_axis',(0.,0.,1.));
#11430=DIRECTION('ref_axis',(1.,0.,0.));
#11431=DIRECTION('center_axis',(0.,0.,1.));
#11432=DIRECTION('ref_axis',(-1.,0.,0.));
#11433=DIRECTION('',(-0.707106781186549,-8.65956056235496E-17,-0.707106781186546));
#11434=DIRECTION('center_axis',(0.,0.,-1.));
#11435=DIRECTION('ref_axis',(-1.,0.,0.));
#11436=DIRECTION('center_axis',(0.,0.,-1.));
#11437=DIRECTION('ref_axis',(-1.,0.,0.));
#11438=DIRECTION('center_axis',(0.,0.,-1.));
#11439=DIRECTION('ref_axis',(1.,0.,0.));
#11440=DIRECTION('',(0.,0.,-1.));
#11441=DIRECTION('center_axis',(0.,0.,1.));
#11442=DIRECTION('ref_axis',(1.,0.,0.));
#11443=DIRECTION('center_axis',(0.,0.,1.));
#11444=DIRECTION('ref_axis',(-1.,0.,0.));
#11445=DIRECTION('',(-0.707106781186549,-8.65956056235496E-17,-0.707106781186546));
#11446=DIRECTION('center_axis',(0.,0.,-1.));
#11447=DIRECTION('ref_axis',(-1.,0.,0.));
#11448=DIRECTION('center_axis',(0.,0.,-1.));
#11449=DIRECTION('ref_axis',(-1.,0.,0.));
#11450=DIRECTION('center_axis',(0.,0.,-1.));
#11451=DIRECTION('ref_axis',(1.,0.,0.));
#11452=DIRECTION('',(0.,0.,-1.));
#11453=DIRECTION('center_axis',(0.,0.,1.));
#11454=DIRECTION('ref_axis',(1.,0.,0.));
#11455=DIRECTION('center_axis',(0.,0.,1.));
#11456=DIRECTION('ref_axis',(-1.,0.,0.));
#11457=DIRECTION('',(-0.707106781186549,-8.65956056235496E-17,-0.707106781186546));
#11458=DIRECTION('center_axis',(0.,0.,-1.));
#11459=DIRECTION('ref_axis',(-1.,0.,0.));
#11460=DIRECTION('center_axis',(0.,0.,-1.));
#11461=DIRECTION('ref_axis',(-1.,0.,0.));
#11462=DIRECTION('center_axis',(0.,0.,-1.));
#11463=DIRECTION('ref_axis',(1.,0.,0.));
#11464=DIRECTION('',(0.,0.,-1.));
#11465=DIRECTION('center_axis',(0.,0.,1.));
#11466=DIRECTION('ref_axis',(1.,0.,0.));
#11467=DIRECTION('center_axis',(0.,0.,1.));
#11468=DIRECTION('ref_axis',(-1.,0.,0.));
#11469=DIRECTION('',(-0.707106781186549,-8.65956056235496E-17,-0.707106781186546));
#11470=DIRECTION('center_axis',(0.,0.,-1.));
#11471=DIRECTION('ref_axis',(-1.,0.,0.));
#11472=DIRECTION('center_axis',(0.,0.,-1.));
#11473=DIRECTION('ref_axis',(-1.,0.,0.));
#11474=DIRECTION('center_axis',(0.,0.,-1.));
#11475=DIRECTION('ref_axis',(1.,0.,0.));
#11476=DIRECTION('',(0.,0.,-1.));
#11477=DIRECTION('center_axis',(0.,0.,1.));
#11478=DIRECTION('ref_axis',(1.,0.,0.));
#11479=DIRECTION('center_axis',(0.,0.,1.));
#11480=DIRECTION('ref_axis',(-1.,0.,0.));
#11481=DIRECTION('',(-0.707106781186549,-8.65956056235496E-17,-0.707106781186546));
#11482=DIRECTION('center_axis',(0.,0.,-1.));
#11483=DIRECTION('ref_axis',(-1.,0.,0.));
#11484=DIRECTION('center_axis',(0.,0.,-1.));
#11485=DIRECTION('ref_axis',(-1.,0.,0.));
#11486=DIRECTION('center_axis',(0.,0.,-1.));
#11487=DIRECTION('ref_axis',(1.,0.,0.));
#11488=DIRECTION('',(0.,0.,-1.));
#11489=DIRECTION('center_axis',(0.,0.,1.));
#11490=DIRECTION('ref_axis',(1.,0.,0.));
#11491=DIRECTION('center_axis',(0.,0.,1.));
#11492=DIRECTION('ref_axis',(-1.,0.,0.));
#11493=DIRECTION('',(-0.707106781186549,-8.65956056235496E-17,-0.707106781186546));
#11494=DIRECTION('center_axis',(0.,0.,-1.));
#11495=DIRECTION('ref_axis',(-1.,0.,0.));
#11496=DIRECTION('center_axis',(0.,0.,-1.));
#11497=DIRECTION('ref_axis',(-1.,0.,0.));
#11498=DIRECTION('center_axis',(0.,0.,-1.));
#11499=DIRECTION('ref_axis',(1.,0.,0.));
#11500=DIRECTION('',(0.,0.,-1.));
#11501=DIRECTION('center_axis',(0.,0.,1.));
#11502=DIRECTION('ref_axis',(1.,0.,0.));
#11503=DIRECTION('center_axis',(0.,0.,1.));
#11504=DIRECTION('ref_axis',(-1.,0.,0.));
#11505=DIRECTION('',(-0.707106781186549,-8.65956056235496E-17,-0.707106781186546));
#11506=DIRECTION('center_axis',(0.,0.,-1.));
#11507=DIRECTION('ref_axis',(-1.,0.,0.));
#11508=DIRECTION('center_axis',(0.,0.,-1.));
#11509=DIRECTION('ref_axis',(-1.,0.,0.));
#11510=DIRECTION('center_axis',(0.,0.,-1.));
#11511=DIRECTION('ref_axis',(1.,0.,0.));
#11512=DIRECTION('',(0.,0.,-1.));
#11513=DIRECTION('center_axis',(0.,0.,1.));
#11514=DIRECTION('ref_axis',(1.,0.,0.));
#11515=DIRECTION('center_axis',(0.,0.,1.));
#11516=DIRECTION('ref_axis',(-1.,0.,0.));
#11517=DIRECTION('',(-0.707106781186549,-8.65956056235496E-17,-0.707106781186546));
#11518=DIRECTION('center_axis',(0.,0.,-1.));
#11519=DIRECTION('ref_axis',(-1.,0.,0.));
#11520=DIRECTION('center_axis',(0.,0.,-1.));
#11521=DIRECTION('ref_axis',(-1.,0.,0.));
#11522=DIRECTION('center_axis',(0.,0.,-1.));
#11523=DIRECTION('ref_axis',(1.,0.,0.));
#11524=DIRECTION('',(0.,0.,-1.));
#11525=DIRECTION('center_axis',(0.,0.,1.));
#11526=DIRECTION('ref_axis',(1.,0.,0.));
#11527=DIRECTION('center_axis',(0.,0.,1.));
#11528=DIRECTION('ref_axis',(-1.,0.,0.));
#11529=DIRECTION('',(-0.707106781186549,-8.65956056235496E-17,-0.707106781186546));
#11530=DIRECTION('center_axis',(0.,0.,-1.));
#11531=DIRECTION('ref_axis',(-1.,0.,0.));
#11532=DIRECTION('center_axis',(0.,0.,-1.));
#11533=DIRECTION('ref_axis',(-1.,0.,0.));
#11534=DIRECTION('center_axis',(0.,0.,-1.));
#11535=DIRECTION('ref_axis',(1.,0.,0.));
#11536=DIRECTION('',(0.,0.,-1.));
#11537=DIRECTION('center_axis',(0.,0.,1.));
#11538=DIRECTION('ref_axis',(1.,0.,0.));
#11539=DIRECTION('center_axis',(0.,0.,1.));
#11540=DIRECTION('ref_axis',(-1.,0.,0.));
#11541=DIRECTION('',(-0.707106781186549,-8.65956056235496E-17,-0.707106781186546));
#11542=DIRECTION('center_axis',(0.,0.,-1.));
#11543=DIRECTION('ref_axis',(-1.,0.,0.));
#11544=DIRECTION('center_axis',(0.,0.,-1.));
#11545=DIRECTION('ref_axis',(-1.,0.,0.));
#11546=DIRECTION('center_axis',(0.,0.,-1.));
#11547=DIRECTION('ref_axis',(1.,0.,0.));
#11548=DIRECTION('',(0.,0.,-1.));
#11549=DIRECTION('center_axis',(0.,0.,1.));
#11550=DIRECTION('ref_axis',(1.,0.,0.));
#11551=DIRECTION('center_axis',(0.,0.,1.));
#11552=DIRECTION('ref_axis',(-1.,0.,0.));
#11553=DIRECTION('',(-0.707106781186549,-8.65956056235496E-17,-0.707106781186546));
#11554=DIRECTION('center_axis',(0.,0.,-1.));
#11555=DIRECTION('ref_axis',(-1.,0.,0.));
#11556=DIRECTION('center_axis',(0.,0.,-1.));
#11557=DIRECTION('ref_axis',(-1.,0.,0.));
#11558=DIRECTION('center_axis',(0.,0.,-1.));
#11559=DIRECTION('ref_axis',(1.,0.,0.));
#11560=DIRECTION('',(0.,0.,-1.));
#11561=DIRECTION('center_axis',(0.,0.,1.));
#11562=DIRECTION('ref_axis',(1.,0.,0.));
#11563=DIRECTION('center_axis',(0.,0.,1.));
#11564=DIRECTION('ref_axis',(-1.,0.,0.));
#11565=DIRECTION('',(-0.707106781186549,-8.65956056235496E-17,-0.707106781186546));
#11566=DIRECTION('center_axis',(0.,0.,-1.));
#11567=DIRECTION('ref_axis',(-1.,0.,0.));
#11568=DIRECTION('center_axis',(0.,0.,-1.));
#11569=DIRECTION('ref_axis',(-1.,0.,0.));
#11570=DIRECTION('center_axis',(0.,0.,-1.));
#11571=DIRECTION('ref_axis',(1.,0.,0.));
#11572=DIRECTION('',(0.,0.,-1.));
#11573=DIRECTION('center_axis',(0.,0.,1.));
#11574=DIRECTION('ref_axis',(1.,0.,0.));
#11575=DIRECTION('center_axis',(0.,0.,1.));
#11576=DIRECTION('ref_axis',(-1.,0.,0.));
#11577=DIRECTION('',(-0.707106781186549,-8.65956056235496E-17,-0.707106781186546));
#11578=DIRECTION('center_axis',(0.,0.,-1.));
#11579=DIRECTION('ref_axis',(-1.,0.,0.));
#11580=DIRECTION('center_axis',(0.,0.,-1.));
#11581=DIRECTION('ref_axis',(-1.,0.,0.));
#11582=DIRECTION('center_axis',(0.,0.,-1.));
#11583=DIRECTION('ref_axis',(1.,0.,0.));
#11584=DIRECTION('',(0.,0.,-1.));
#11585=DIRECTION('center_axis',(0.,0.,1.));
#11586=DIRECTION('ref_axis',(1.,0.,0.));
#11587=DIRECTION('center_axis',(0.,0.,1.));
#11588=DIRECTION('ref_axis',(-1.,0.,0.));
#11589=DIRECTION('',(-0.707106781186549,-8.65956056235496E-17,-0.707106781186546));
#11590=DIRECTION('center_axis',(0.,0.,-1.));
#11591=DIRECTION('ref_axis',(-1.,0.,0.));
#11592=DIRECTION('center_axis',(0.,0.,-1.));
#11593=DIRECTION('ref_axis',(-1.,0.,0.));
#11594=DIRECTION('center_axis',(0.,0.,-1.));
#11595=DIRECTION('ref_axis',(1.,0.,0.));
#11596=DIRECTION('',(0.,0.,-1.));
#11597=DIRECTION('center_axis',(0.,0.,1.));
#11598=DIRECTION('ref_axis',(1.,0.,0.));
#11599=DIRECTION('center_axis',(0.,0.,1.));
#11600=DIRECTION('ref_axis',(-1.,0.,0.));
#11601=DIRECTION('',(-0.707106781186549,-8.65956056235496E-17,-0.707106781186546));
#11602=DIRECTION('center_axis',(0.,0.,-1.));
#11603=DIRECTION('ref_axis',(-1.,0.,0.));
#11604=DIRECTION('center_axis',(0.,0.,-1.));
#11605=DIRECTION('ref_axis',(-1.,0.,0.));
#11606=DIRECTION('center_axis',(0.,0.,-1.));
#11607=DIRECTION('ref_axis',(1.,0.,0.));
#11608=DIRECTION('',(0.,0.,-1.));
#11609=DIRECTION('center_axis',(0.,0.,1.));
#11610=DIRECTION('ref_axis',(1.,0.,0.));
#11611=DIRECTION('center_axis',(0.,0.,1.));
#11612=DIRECTION('ref_axis',(-1.,0.,0.));
#11613=DIRECTION('',(-0.707106781186549,-8.65956056235496E-17,-0.707106781186546));
#11614=DIRECTION('center_axis',(0.,0.,-1.));
#11615=DIRECTION('ref_axis',(-1.,0.,0.));
#11616=DIRECTION('center_axis',(0.,0.,-1.));
#11617=DIRECTION('ref_axis',(-1.,0.,0.));
#11618=DIRECTION('center_axis',(0.,0.,-1.));
#11619=DIRECTION('ref_axis',(1.,0.,0.));
#11620=DIRECTION('',(0.,0.,-1.));
#11621=DIRECTION('center_axis',(0.,0.,1.));
#11622=DIRECTION('ref_axis',(1.,0.,0.));
#11623=DIRECTION('center_axis',(0.,0.,1.));
#11624=DIRECTION('ref_axis',(-1.,0.,0.));
#11625=DIRECTION('',(-0.707106781186549,-8.65956056235496E-17,-0.707106781186546));
#11626=DIRECTION('center_axis',(0.,0.,-1.));
#11627=DIRECTION('ref_axis',(-1.,0.,0.));
#11628=DIRECTION('center_axis',(0.,0.,-1.));
#11629=DIRECTION('ref_axis',(-1.,0.,0.));
#11630=DIRECTION('center_axis',(0.,0.,-1.));
#11631=DIRECTION('ref_axis',(1.,0.,0.));
#11632=DIRECTION('',(0.,0.,-1.));
#11633=DIRECTION('center_axis',(0.,0.,1.));
#11634=DIRECTION('ref_axis',(1.,0.,0.));
#11635=DIRECTION('center_axis',(0.,0.,1.));
#11636=DIRECTION('ref_axis',(-1.,0.,0.));
#11637=DIRECTION('',(-0.707106781186549,-8.65956056235496E-17,-0.707106781186546));
#11638=DIRECTION('center_axis',(0.,0.,-1.));
#11639=DIRECTION('ref_axis',(-1.,0.,0.));
#11640=DIRECTION('center_axis',(0.,0.,-1.));
#11641=DIRECTION('ref_axis',(-1.,0.,0.));
#11642=DIRECTION('center_axis',(0.,0.,-1.));
#11643=DIRECTION('ref_axis',(1.,0.,0.));
#11644=DIRECTION('',(0.,0.,-1.));
#11645=DIRECTION('center_axis',(0.,0.,1.));
#11646=DIRECTION('ref_axis',(1.,0.,0.));
#11647=DIRECTION('center_axis',(0.,0.,1.));
#11648=DIRECTION('ref_axis',(-1.,0.,0.));
#11649=DIRECTION('',(-0.707106781186549,-8.65956056235496E-17,-0.707106781186546));
#11650=DIRECTION('center_axis',(0.,0.,-1.));
#11651=DIRECTION('ref_axis',(-1.,0.,0.));
#11652=DIRECTION('center_axis',(0.,0.,-1.));
#11653=DIRECTION('ref_axis',(-1.,0.,0.));
#11654=DIRECTION('center_axis',(0.,0.,-1.));
#11655=DIRECTION('ref_axis',(1.,0.,0.));
#11656=DIRECTION('',(0.,0.,-1.));
#11657=DIRECTION('center_axis',(0.,0.,1.));
#11658=DIRECTION('ref_axis',(1.,0.,0.));
#11659=DIRECTION('center_axis',(0.,0.,1.));
#11660=DIRECTION('ref_axis',(-1.,0.,0.));
#11661=DIRECTION('',(-0.707106781186549,-8.65956056235496E-17,-0.707106781186546));
#11662=DIRECTION('center_axis',(0.,0.,-1.));
#11663=DIRECTION('ref_axis',(-1.,0.,0.));
#11664=DIRECTION('center_axis',(0.,0.,-1.));
#11665=DIRECTION('ref_axis',(-1.,0.,0.));
#11666=DIRECTION('center_axis',(0.,0.,-1.));
#11667=DIRECTION('ref_axis',(1.,0.,0.));
#11668=DIRECTION('',(0.,0.,-1.));
#11669=DIRECTION('center_axis',(0.,0.,1.));
#11670=DIRECTION('ref_axis',(1.,0.,0.));
#11671=DIRECTION('center_axis',(0.,0.,1.));
#11672=DIRECTION('ref_axis',(-1.,0.,0.));
#11673=DIRECTION('',(-0.707106781186549,-8.65956056235496E-17,-0.707106781186546));
#11674=DIRECTION('center_axis',(0.,0.,-1.));
#11675=DIRECTION('ref_axis',(-1.,0.,0.));
#11676=DIRECTION('center_axis',(0.,0.,-1.));
#11677=DIRECTION('ref_axis',(-1.,0.,0.));
#11678=DIRECTION('center_axis',(0.,0.,-1.));
#11679=DIRECTION('ref_axis',(1.,0.,0.));
#11680=DIRECTION('',(0.,0.,-1.));
#11681=DIRECTION('center_axis',(0.,0.,1.));
#11682=DIRECTION('ref_axis',(1.,0.,0.));
#11683=DIRECTION('center_axis',(0.,0.,1.));
#11684=DIRECTION('ref_axis',(-1.,0.,0.));
#11685=DIRECTION('',(-0.707106781186549,-8.65956056235496E-17,-0.707106781186546));
#11686=DIRECTION('center_axis',(0.,0.,-1.));
#11687=DIRECTION('ref_axis',(-1.,0.,0.));
#11688=DIRECTION('center_axis',(0.,0.,-1.));
#11689=DIRECTION('ref_axis',(-1.,0.,0.));
#11690=DIRECTION('center_axis',(0.,0.,-1.));
#11691=DIRECTION('ref_axis',(1.,0.,0.));
#11692=DIRECTION('',(0.,0.,-1.));
#11693=DIRECTION('center_axis',(0.,0.,1.));
#11694=DIRECTION('ref_axis',(1.,0.,0.));
#11695=DIRECTION('center_axis',(0.,0.,1.));
#11696=DIRECTION('ref_axis',(-1.,0.,0.));
#11697=DIRECTION('',(-0.707106781186549,-8.65956056235496E-17,-0.707106781186546));
#11698=DIRECTION('center_axis',(0.,0.,-1.));
#11699=DIRECTION('ref_axis',(-1.,0.,0.));
#11700=DIRECTION('center_axis',(0.,0.,-1.));
#11701=DIRECTION('ref_axis',(-1.,0.,0.));
#11702=DIRECTION('center_axis',(0.,0.,-1.));
#11703=DIRECTION('ref_axis',(1.,0.,0.));
#11704=DIRECTION('',(0.,0.,-1.));
#11705=DIRECTION('center_axis',(0.,0.,1.));
#11706=DIRECTION('ref_axis',(1.,0.,0.));
#11707=DIRECTION('center_axis',(0.,0.,1.));
#11708=DIRECTION('ref_axis',(-1.,0.,0.));
#11709=DIRECTION('',(-0.707106781186549,-8.65956056235496E-17,-0.707106781186546));
#11710=DIRECTION('center_axis',(0.,0.,-1.));
#11711=DIRECTION('ref_axis',(-1.,0.,0.));
#11712=DIRECTION('center_axis',(0.,0.,-1.));
#11713=DIRECTION('ref_axis',(-1.,0.,0.));
#11714=DIRECTION('center_axis',(0.,0.,-1.));
#11715=DIRECTION('ref_axis',(1.,0.,0.));
#11716=DIRECTION('',(0.,0.,-1.));
#11717=DIRECTION('center_axis',(0.,0.,1.));
#11718=DIRECTION('ref_axis',(1.,0.,0.));
#11719=DIRECTION('center_axis',(0.,0.,1.));
#11720=DIRECTION('ref_axis',(-1.,0.,0.));
#11721=DIRECTION('',(-0.707106781186549,-8.65956056235496E-17,-0.707106781186546));
#11722=DIRECTION('center_axis',(0.,0.,-1.));
#11723=DIRECTION('ref_axis',(-1.,0.,0.));
#11724=DIRECTION('center_axis',(0.,0.,-1.));
#11725=DIRECTION('ref_axis',(-1.,0.,0.));
#11726=DIRECTION('center_axis',(0.,0.,-1.));
#11727=DIRECTION('ref_axis',(1.,0.,0.));
#11728=DIRECTION('',(0.,0.,-1.));
#11729=DIRECTION('center_axis',(0.,0.,1.));
#11730=DIRECTION('ref_axis',(1.,0.,0.));
#11731=DIRECTION('center_axis',(0.,0.,1.));
#11732=DIRECTION('ref_axis',(-1.,0.,0.));
#11733=DIRECTION('',(-0.707106781186549,-8.65956056235496E-17,-0.707106781186546));
#11734=DIRECTION('center_axis',(0.,0.,-1.));
#11735=DIRECTION('ref_axis',(-1.,0.,0.));
#11736=DIRECTION('center_axis',(0.,0.,-1.));
#11737=DIRECTION('ref_axis',(-1.,0.,0.));
#11738=DIRECTION('center_axis',(0.,0.,-1.));
#11739=DIRECTION('ref_axis',(1.,0.,0.));
#11740=DIRECTION('',(0.,0.,-1.));
#11741=DIRECTION('center_axis',(0.,0.,1.));
#11742=DIRECTION('ref_axis',(1.,0.,0.));
#11743=DIRECTION('center_axis',(0.,0.,1.));
#11744=DIRECTION('ref_axis',(-1.,0.,0.));
#11745=DIRECTION('',(-0.707106781186549,-8.65956056235496E-17,-0.707106781186546));
#11746=DIRECTION('center_axis',(0.,0.,-1.));
#11747=DIRECTION('ref_axis',(-1.,0.,0.));
#11748=DIRECTION('center_axis',(0.,0.,-1.));
#11749=DIRECTION('ref_axis',(-1.,0.,0.));
#11750=DIRECTION('center_axis',(0.,0.,-1.));
#11751=DIRECTION('ref_axis',(1.,0.,0.));
#11752=DIRECTION('',(0.,0.,-1.));
#11753=DIRECTION('center_axis',(0.,0.,1.));
#11754=DIRECTION('ref_axis',(1.,0.,0.));
#11755=DIRECTION('center_axis',(0.,0.,1.));
#11756=DIRECTION('ref_axis',(-1.,0.,0.));
#11757=DIRECTION('',(-0.707106781186549,-8.65956056235496E-17,-0.707106781186546));
#11758=DIRECTION('center_axis',(0.,0.,-1.));
#11759=DIRECTION('ref_axis',(-1.,0.,0.));
#11760=DIRECTION('center_axis',(0.,0.,-1.));
#11761=DIRECTION('ref_axis',(-1.,0.,0.));
#11762=DIRECTION('center_axis',(0.,0.,-1.));
#11763=DIRECTION('ref_axis',(1.,0.,0.));
#11764=DIRECTION('',(0.,0.,-1.));
#11765=DIRECTION('center_axis',(0.,0.,1.));
#11766=DIRECTION('ref_axis',(1.,0.,0.));
#11767=DIRECTION('center_axis',(0.,0.,1.));
#11768=DIRECTION('ref_axis',(-1.,0.,0.));
#11769=DIRECTION('',(-0.707106781186549,-8.65956056235496E-17,-0.707106781186546));
#11770=DIRECTION('center_axis',(0.,0.,-1.));
#11771=DIRECTION('ref_axis',(-1.,0.,0.));
#11772=DIRECTION('center_axis',(0.,0.,-1.));
#11773=DIRECTION('ref_axis',(-1.,0.,0.));
#11774=DIRECTION('center_axis',(0.,0.,-1.));
#11775=DIRECTION('ref_axis',(1.,0.,0.));
#11776=DIRECTION('',(0.,0.,-1.));
#11777=DIRECTION('center_axis',(0.,0.,1.));
#11778=DIRECTION('ref_axis',(1.,0.,0.));
#11779=DIRECTION('center_axis',(0.,0.,1.));
#11780=DIRECTION('ref_axis',(-1.,0.,0.));
#11781=DIRECTION('',(-0.707106781186549,-8.65956056235496E-17,-0.707106781186546));
#11782=DIRECTION('center_axis',(0.,0.,-1.));
#11783=DIRECTION('ref_axis',(-1.,0.,0.));
#11784=DIRECTION('center_axis',(0.,0.,-1.));
#11785=DIRECTION('ref_axis',(-1.,0.,0.));
#11786=DIRECTION('center_axis',(0.,0.,-1.));
#11787=DIRECTION('ref_axis',(1.,0.,0.));
#11788=DIRECTION('',(0.,0.,-1.));
#11789=DIRECTION('center_axis',(0.,0.,1.));
#11790=DIRECTION('ref_axis',(1.,0.,0.));
#11791=DIRECTION('center_axis',(0.,0.,1.));
#11792=DIRECTION('ref_axis',(-1.,0.,0.));
#11793=DIRECTION('',(-0.707106781186547,-8.65956056235493E-17,-0.707106781186548));
#11794=DIRECTION('center_axis',(0.,0.,-1.));
#11795=DIRECTION('ref_axis',(-1.,0.,0.));
#11796=DIRECTION('center_axis',(0.,0.,-1.));
#11797=DIRECTION('ref_axis',(-1.,0.,0.));
#11798=DIRECTION('center_axis',(0.,0.,-1.));
#11799=DIRECTION('ref_axis',(1.,0.,0.));
#11800=DIRECTION('',(0.,0.,-1.));
#11801=DIRECTION('center_axis',(0.,0.,1.));
#11802=DIRECTION('ref_axis',(1.,0.,0.));
#11803=DIRECTION('center_axis',(0.,0.,1.));
#11804=DIRECTION('ref_axis',(-1.,0.,0.));
#11805=DIRECTION('',(-0.707106781186547,-8.65956056235493E-17,-0.707106781186548));
#11806=DIRECTION('center_axis',(0.,0.,-1.));
#11807=DIRECTION('ref_axis',(-1.,0.,0.));
#11808=DIRECTION('center_axis',(0.,0.,-1.));
#11809=DIRECTION('ref_axis',(-1.,0.,0.));
#11810=DIRECTION('center_axis',(0.,0.,-1.));
#11811=DIRECTION('ref_axis',(1.,0.,0.));
#11812=DIRECTION('',(0.,0.,-1.));
#11813=DIRECTION('center_axis',(0.,0.,1.));
#11814=DIRECTION('ref_axis',(1.,0.,0.));
#11815=DIRECTION('center_axis',(0.,0.,1.));
#11816=DIRECTION('ref_axis',(-1.,0.,0.));
#11817=DIRECTION('',(-0.707106781186547,-8.65956056235493E-17,-0.707106781186548));
#11818=DIRECTION('center_axis',(0.,0.,-1.));
#11819=DIRECTION('ref_axis',(-1.,0.,0.));
#11820=DIRECTION('center_axis',(0.,0.,-1.));
#11821=DIRECTION('ref_axis',(-1.,0.,0.));
#11822=DIRECTION('center_axis',(0.,0.,-1.));
#11823=DIRECTION('ref_axis',(1.,0.,0.));
#11824=DIRECTION('',(0.,0.,-1.));
#11825=DIRECTION('center_axis',(0.,0.,1.));
#11826=DIRECTION('ref_axis',(1.,0.,0.));
#11827=DIRECTION('center_axis',(0.,0.,1.));
#11828=DIRECTION('ref_axis',(-1.,0.,0.));
#11829=DIRECTION('',(-0.707106781186547,-8.65956056235493E-17,-0.707106781186548));
#11830=DIRECTION('center_axis',(0.,0.,-1.));
#11831=DIRECTION('ref_axis',(-1.,0.,0.));
#11832=DIRECTION('center_axis',(0.,0.,-1.));
#11833=DIRECTION('ref_axis',(-1.,0.,0.));
#11834=DIRECTION('center_axis',(0.,0.,-1.));
#11835=DIRECTION('ref_axis',(1.,0.,0.));
#11836=DIRECTION('',(0.,0.,-1.));
#11837=DIRECTION('center_axis',(0.,0.,1.));
#11838=DIRECTION('ref_axis',(1.,0.,0.));
#11839=DIRECTION('center_axis',(0.,0.,1.));
#11840=DIRECTION('ref_axis',(-1.,0.,0.));
#11841=DIRECTION('',(-0.707106781186547,-8.65956056235493E-17,-0.707106781186548));
#11842=DIRECTION('center_axis',(0.,0.,-1.));
#11843=DIRECTION('ref_axis',(-1.,0.,0.));
#11844=DIRECTION('center_axis',(0.,0.,-1.));
#11845=DIRECTION('ref_axis',(-1.,0.,0.));
#11846=DIRECTION('center_axis',(0.,0.,-1.));
#11847=DIRECTION('ref_axis',(1.,0.,0.));
#11848=DIRECTION('',(0.,0.,-1.));
#11849=DIRECTION('center_axis',(0.,0.,1.));
#11850=DIRECTION('ref_axis',(1.,0.,0.));
#11851=DIRECTION('center_axis',(0.,0.,1.));
#11852=DIRECTION('ref_axis',(-1.,0.,0.));
#11853=DIRECTION('',(-0.707106781186547,-8.65956056235493E-17,-0.707106781186548));
#11854=DIRECTION('center_axis',(0.,0.,-1.));
#11855=DIRECTION('ref_axis',(-1.,0.,0.));
#11856=DIRECTION('center_axis',(0.,0.,-1.));
#11857=DIRECTION('ref_axis',(-1.,0.,0.));
#11858=DIRECTION('center_axis',(0.,0.,-1.));
#11859=DIRECTION('ref_axis',(1.,0.,0.));
#11860=DIRECTION('',(0.,0.,-1.));
#11861=DIRECTION('center_axis',(0.,0.,1.));
#11862=DIRECTION('ref_axis',(1.,0.,0.));
#11863=DIRECTION('center_axis',(0.,0.,1.));
#11864=DIRECTION('ref_axis',(-1.,0.,0.));
#11865=DIRECTION('',(-0.707106781186547,-8.65956056235493E-17,-0.707106781186548));
#11866=DIRECTION('center_axis',(0.,0.,-1.));
#11867=DIRECTION('ref_axis',(-1.,0.,0.));
#11868=DIRECTION('center_axis',(0.,0.,-1.));
#11869=DIRECTION('ref_axis',(-1.,0.,0.));
#11870=DIRECTION('center_axis',(0.,0.,-1.));
#11871=DIRECTION('ref_axis',(1.,0.,0.));
#11872=DIRECTION('',(0.,0.,-1.));
#11873=DIRECTION('center_axis',(0.,0.,1.));
#11874=DIRECTION('ref_axis',(1.,0.,0.));
#11875=DIRECTION('center_axis',(0.,0.,1.));
#11876=DIRECTION('ref_axis',(-1.,0.,0.));
#11877=DIRECTION('',(-0.707106781186547,-8.65956056235493E-17,-0.707106781186548));
#11878=DIRECTION('center_axis',(0.,0.,-1.));
#11879=DIRECTION('ref_axis',(-1.,0.,0.));
#11880=DIRECTION('center_axis',(0.,0.,-1.));
#11881=DIRECTION('ref_axis',(-1.,0.,0.));
#11882=DIRECTION('center_axis',(0.,0.,-1.));
#11883=DIRECTION('ref_axis',(1.,0.,0.));
#11884=DIRECTION('',(0.,0.,-1.));
#11885=DIRECTION('center_axis',(0.,0.,1.));
#11886=DIRECTION('ref_axis',(1.,0.,0.));
#11887=DIRECTION('center_axis',(0.,0.,1.));
#11888=DIRECTION('ref_axis',(-1.,0.,0.));
#11889=DIRECTION('',(-0.707106781186547,-8.65956056235493E-17,-0.707106781186548));
#11890=DIRECTION('center_axis',(0.,0.,-1.));
#11891=DIRECTION('ref_axis',(-1.,0.,0.));
#11892=DIRECTION('center_axis',(0.,0.,-1.));
#11893=DIRECTION('ref_axis',(-1.,0.,0.));
#11894=DIRECTION('center_axis',(0.,0.,-1.));
#11895=DIRECTION('ref_axis',(1.,0.,0.));
#11896=DIRECTION('',(0.,0.,-1.));
#11897=DIRECTION('center_axis',(0.,0.,1.));
#11898=DIRECTION('ref_axis',(1.,0.,0.));
#11899=DIRECTION('center_axis',(0.,0.,-1.));
#11900=DIRECTION('ref_axis',(1.,0.,0.));
#11901=DIRECTION('',(0.707106781186541,-8.65956056235485E-17,0.707106781186554));
#11902=DIRECTION('center_axis',(0.,0.,-1.));
#11903=DIRECTION('ref_axis',(1.,0.,0.));
#11904=DIRECTION('',(0.707106781186541,-8.65956056235485E-17,0.707106781186554));
#11905=DIRECTION('center_axis',(0.,0.,-1.));
#11906=DIRECTION('ref_axis',(1.,0.,0.));
#11907=DIRECTION('',(0.707106781186541,-8.65956056235485E-17,0.707106781186554));
#11908=DIRECTION('center_axis',(0.,0.,-1.));
#11909=DIRECTION('ref_axis',(1.,0.,0.));
#11910=DIRECTION('',(0.707106781186541,-8.65956056235485E-17,0.707106781186554));
#11911=DIRECTION('center_axis',(0.,0.,-1.));
#11912=DIRECTION('ref_axis',(1.,0.,0.));
#11913=DIRECTION('',(0.707106781186541,-8.65956056235485E-17,0.707106781186554));
#11914=DIRECTION('center_axis',(0.,0.,-1.));
#11915=DIRECTION('ref_axis',(1.,0.,0.));
#11916=DIRECTION('',(0.707106781186541,-8.65956056235485E-17,0.707106781186554));
#11917=DIRECTION('center_axis',(0.,0.,-1.));
#11918=DIRECTION('ref_axis',(1.,0.,0.));
#11919=DIRECTION('',(0.707106781186541,-8.65956056235485E-17,0.707106781186554));
#11920=DIRECTION('center_axis',(0.,0.,-1.));
#11921=DIRECTION('ref_axis',(1.,0.,0.));
#11922=DIRECTION('',(0.707106781186541,-8.65956056235485E-17,0.707106781186554));
#11923=DIRECTION('center_axis',(0.,0.,-1.));
#11924=DIRECTION('ref_axis',(1.,0.,0.));
#11925=DIRECTION('',(0.707106781186541,-8.65956056235485E-17,0.707106781186554));
#11926=DIRECTION('center_axis',(0.,0.,-1.));
#11927=DIRECTION('ref_axis',(1.,0.,0.));
#11928=DIRECTION('',(0.707106781186541,-8.65956056235485E-17,0.707106781186554));
#11929=DIRECTION('center_axis',(0.,0.,-1.));
#11930=DIRECTION('ref_axis',(1.,0.,0.));
#11931=DIRECTION('',(0.707106781186541,-8.65956056235485E-17,0.707106781186554));
#11932=DIRECTION('center_axis',(0.,0.,-1.));
#11933=DIRECTION('ref_axis',(1.,0.,0.));
#11934=DIRECTION('',(0.707106781186541,-8.65956056235485E-17,0.707106781186554));
#11935=DIRECTION('center_axis',(0.,0.,-1.));
#11936=DIRECTION('ref_axis',(1.,0.,0.));
#11937=DIRECTION('',(0.707106781186541,-8.65956056235485E-17,0.707106781186554));
#11938=DIRECTION('center_axis',(0.,0.,-1.));
#11939=DIRECTION('ref_axis',(1.,0.,0.));
#11940=DIRECTION('',(0.707106781186541,-8.65956056235485E-17,0.707106781186554));
#11941=DIRECTION('center_axis',(0.,0.,-1.));
#11942=DIRECTION('ref_axis',(1.,0.,0.));
#11943=DIRECTION('',(0.707106781186541,-8.65956056235485E-17,0.707106781186554));
#11944=DIRECTION('center_axis',(0.,0.,-1.));
#11945=DIRECTION('ref_axis',(1.,0.,0.));
#11946=DIRECTION('',(0.707106781186541,-8.65956056235485E-17,0.707106781186554));
#11947=DIRECTION('center_axis',(0.,0.,-1.));
#11948=DIRECTION('ref_axis',(1.,0.,0.));
#11949=DIRECTION('',(0.707106781186541,-8.65956056235485E-17,0.707106781186554));
#11950=DIRECTION('center_axis',(0.,0.,-1.));
#11951=DIRECTION('ref_axis',(1.,0.,0.));
#11952=DIRECTION('',(0.707106781186541,-8.65956056235485E-17,0.707106781186554));
#11953=DIRECTION('center_axis',(0.,0.,-1.));
#11954=DIRECTION('ref_axis',(1.,0.,0.));
#11955=DIRECTION('',(0.707106781186541,-8.65956056235485E-17,0.707106781186554));
#11956=DIRECTION('center_axis',(0.,0.,-1.));
#11957=DIRECTION('ref_axis',(1.,0.,0.));
#11958=DIRECTION('',(0.707106781186541,-8.65956056235485E-17,0.707106781186554));
#11959=DIRECTION('center_axis',(0.,0.,-1.));
#11960=DIRECTION('ref_axis',(1.,0.,0.));
#11961=DIRECTION('',(0.707106781186541,-8.65956056235485E-17,0.707106781186554));
#11962=DIRECTION('center_axis',(0.,0.,-1.));
#11963=DIRECTION('ref_axis',(1.,0.,0.));
#11964=DIRECTION('',(0.707106781186541,-8.65956056235485E-17,0.707106781186554));
#11965=DIRECTION('center_axis',(0.,0.,-1.));
#11966=DIRECTION('ref_axis',(1.,0.,0.));
#11967=DIRECTION('',(0.707106781186541,-8.65956056235485E-17,0.707106781186554));
#11968=DIRECTION('center_axis',(0.,0.,-1.));
#11969=DIRECTION('ref_axis',(1.,0.,0.));
#11970=DIRECTION('',(0.707106781186541,-8.65956056235485E-17,0.707106781186554));
#11971=DIRECTION('center_axis',(0.,0.,-1.));
#11972=DIRECTION('ref_axis',(1.,0.,0.));
#11973=DIRECTION('',(0.707106781186541,-8.65956056235485E-17,0.707106781186554));
#11974=DIRECTION('center_axis',(0.,0.,-1.));
#11975=DIRECTION('ref_axis',(1.,0.,0.));
#11976=DIRECTION('',(0.707106781186541,-8.65956056235485E-17,0.707106781186554));
#11977=DIRECTION('center_axis',(0.,0.,-1.));
#11978=DIRECTION('ref_axis',(1.,0.,0.));
#11979=DIRECTION('',(0.707106781186541,-8.65956056235485E-17,0.707106781186554));
#11980=DIRECTION('center_axis',(0.,0.,-1.));
#11981=DIRECTION('ref_axis',(1.,0.,0.));
#11982=DIRECTION('',(0.707106781186541,-8.65956056235485E-17,0.707106781186554));
#11983=DIRECTION('center_axis',(0.,0.,-1.));
#11984=DIRECTION('ref_axis',(1.,0.,0.));
#11985=DIRECTION('',(0.707106781186541,-8.65956056235485E-17,0.707106781186554));
#11986=DIRECTION('center_axis',(0.,0.,-1.));
#11987=DIRECTION('ref_axis',(1.,0.,0.));
#11988=DIRECTION('',(0.707106781186541,-8.65956056235485E-17,0.707106781186554));
#11989=DIRECTION('center_axis',(0.,0.,-1.));
#11990=DIRECTION('ref_axis',(1.,0.,0.));
#11991=DIRECTION('',(0.707106781186541,-8.65956056235485E-17,0.707106781186554));
#11992=DIRECTION('center_axis',(0.,0.,-1.));
#11993=DIRECTION('ref_axis',(1.,0.,0.));
#11994=DIRECTION('',(0.707106781186541,-8.65956056235485E-17,0.707106781186554));
#11995=DIRECTION('center_axis',(0.,0.,-1.));
#11996=DIRECTION('ref_axis',(1.,0.,0.));
#11997=DIRECTION('',(0.707106781186541,-8.65956056235485E-17,0.707106781186554));
#11998=DIRECTION('center_axis',(0.,0.,-1.));
#11999=DIRECTION('ref_axis',(1.,0.,0.));
#12000=DIRECTION('',(0.707106781186541,-8.65956056235485E-17,0.707106781186554));
#12001=DIRECTION('center_axis',(0.,0.,-1.));
#12002=DIRECTION('ref_axis',(1.,0.,0.));
#12003=DIRECTION('',(0.707106781186541,-8.65956056235485E-17,0.707106781186554));
#12004=DIRECTION('center_axis',(0.,0.,-1.));
#12005=DIRECTION('ref_axis',(1.,0.,0.));
#12006=DIRECTION('',(0.707106781186549,-8.65956056235496E-17,0.707106781186546));
#12007=DIRECTION('center_axis',(0.,0.,-1.));
#12008=DIRECTION('ref_axis',(1.,0.,0.));
#12009=DIRECTION('',(0.707106781186549,-8.65956056235496E-17,0.707106781186546));
#12010=DIRECTION('center_axis',(0.,0.,-1.));
#12011=DIRECTION('ref_axis',(1.,0.,0.));
#12012=DIRECTION('',(0.707106781186549,-8.65956056235496E-17,0.707106781186546));
#12013=DIRECTION('center_axis',(0.,0.,-1.));
#12014=DIRECTION('ref_axis',(1.,0.,0.));
#12015=DIRECTION('',(0.707106781186549,-8.65956056235496E-17,0.707106781186546));
#12016=DIRECTION('center_axis',(0.,0.,-1.));
#12017=DIRECTION('ref_axis',(1.,0.,0.));
#12018=DIRECTION('',(0.707106781186549,-8.65956056235496E-17,0.707106781186546));
#12019=DIRECTION('center_axis',(0.,0.,-1.));
#12020=DIRECTION('ref_axis',(1.,0.,0.));
#12021=DIRECTION('',(0.707106781186549,-8.65956056235496E-17,0.707106781186546));
#12022=DIRECTION('center_axis',(0.,0.,-1.));
#12023=DIRECTION('ref_axis',(1.,0.,0.));
#12024=DIRECTION('',(0.707106781186549,-8.65956056235496E-17,0.707106781186546));
#12025=DIRECTION('center_axis',(0.,0.,-1.));
#12026=DIRECTION('ref_axis',(1.,0.,0.));
#12027=DIRECTION('',(0.707106781186549,-8.65956056235496E-17,0.707106781186546));
#12028=DIRECTION('center_axis',(0.,0.,-1.));
#12029=DIRECTION('ref_axis',(1.,0.,0.));
#12030=DIRECTION('',(0.707106781186549,-8.65956056235496E-17,0.707106781186546));
#12031=DIRECTION('center_axis',(0.,0.,-1.));
#12032=DIRECTION('ref_axis',(1.,0.,0.));
#12033=DIRECTION('',(0.707106781186549,-8.65956056235496E-17,0.707106781186546));
#12034=DIRECTION('center_axis',(0.,0.,-1.));
#12035=DIRECTION('ref_axis',(1.,0.,0.));
#12036=DIRECTION('',(0.707106781186549,-8.65956056235496E-17,0.707106781186546));
#12037=DIRECTION('center_axis',(0.,0.,-1.));
#12038=DIRECTION('ref_axis',(1.,0.,0.));
#12039=DIRECTION('',(0.707106781186549,-8.65956056235496E-17,0.707106781186546));
#12040=DIRECTION('center_axis',(0.,0.,-1.));
#12041=DIRECTION('ref_axis',(1.,0.,0.));
#12042=DIRECTION('',(0.707106781186549,-8.65956056235496E-17,0.707106781186546));
#12043=DIRECTION('center_axis',(0.,0.,-1.));
#12044=DIRECTION('ref_axis',(1.,0.,0.));
#12045=DIRECTION('',(0.707106781186549,-8.65956056235496E-17,0.707106781186546));
#12046=DIRECTION('center_axis',(0.,0.,-1.));
#12047=DIRECTION('ref_axis',(1.,0.,0.));
#12048=DIRECTION('',(0.707106781186549,-8.65956056235496E-17,0.707106781186546));
#12049=DIRECTION('center_axis',(0.,0.,-1.));
#12050=DIRECTION('ref_axis',(1.,0.,0.));
#12051=DIRECTION('',(0.707106781186549,-8.65956056235496E-17,0.707106781186546));
#12052=DIRECTION('center_axis',(0.,0.,-1.));
#12053=DIRECTION('ref_axis',(1.,0.,0.));
#12054=DIRECTION('',(0.707106781186549,-8.65956056235496E-17,0.707106781186546));
#12055=DIRECTION('center_axis',(0.,0.,-1.));
#12056=DIRECTION('ref_axis',(1.,0.,0.));
#12057=DIRECTION('',(0.707106781186549,-8.65956056235496E-17,0.707106781186546));
#12058=DIRECTION('center_axis',(0.,0.,-1.));
#12059=DIRECTION('ref_axis',(1.,0.,0.));
#12060=DIRECTION('',(0.707106781186549,-8.65956056235496E-17,0.707106781186546));
#12061=DIRECTION('center_axis',(0.,0.,-1.));
#12062=DIRECTION('ref_axis',(1.,0.,0.));
#12063=DIRECTION('',(0.707106781186549,-8.65956056235496E-17,0.707106781186546));
#12064=DIRECTION('center_axis',(0.,0.,-1.));
#12065=DIRECTION('ref_axis',(1.,0.,0.));
#12066=DIRECTION('',(0.707106781186549,-8.65956056235496E-17,0.707106781186546));
#12067=DIRECTION('center_axis',(0.,0.,-1.));
#12068=DIRECTION('ref_axis',(1.,0.,0.));
#12069=DIRECTION('',(0.707106781186549,-8.65956056235496E-17,0.707106781186546));
#12070=DIRECTION('center_axis',(0.,0.,-1.));
#12071=DIRECTION('ref_axis',(1.,0.,0.));
#12072=DIRECTION('',(0.707106781186549,-8.65956056235496E-17,0.707106781186546));
#12073=DIRECTION('center_axis',(0.,0.,-1.));
#12074=DIRECTION('ref_axis',(1.,0.,0.));
#12075=DIRECTION('',(0.707106781186549,-8.65956056235496E-17,0.707106781186546));
#12076=DIRECTION('center_axis',(0.,0.,-1.));
#12077=DIRECTION('ref_axis',(1.,0.,0.));
#12078=DIRECTION('',(0.707106781186549,-8.65956056235496E-17,0.707106781186546));
#12079=DIRECTION('center_axis',(0.,0.,-1.));
#12080=DIRECTION('ref_axis',(1.,0.,0.));
#12081=DIRECTION('',(0.707106781186547,-8.65956056235493E-17,0.707106781186548));
#12082=DIRECTION('center_axis',(0.,0.,-1.));
#12083=DIRECTION('ref_axis',(1.,0.,0.));
#12084=DIRECTION('',(0.707106781186549,-8.65956056235496E-17,0.707106781186546));
#12085=DIRECTION('center_axis',(0.,0.,-1.));
#12086=DIRECTION('ref_axis',(1.,0.,0.));
#12087=DIRECTION('',(0.707106781186549,-8.65956056235496E-17,0.707106781186546));
#12088=DIRECTION('center_axis',(0.,0.,-1.));
#12089=DIRECTION('ref_axis',(1.,0.,0.));
#12090=DIRECTION('',(0.707106781186549,-8.65956056235496E-17,0.707106781186546));
#12091=DIRECTION('center_axis',(0.,0.,-1.));
#12092=DIRECTION('ref_axis',(1.,0.,0.));
#12093=DIRECTION('',(0.707106781186554,-8.65956056235501E-17,0.707106781186541));
#12094=DIRECTION('center_axis',(0.,0.,-1.));
#12095=DIRECTION('ref_axis',(1.,0.,0.));
#12096=DIRECTION('',(0.707106781186547,-8.65956056235493E-17,0.707106781186548));
#12097=DIRECTION('center_axis',(0.,0.,-1.));
#12098=DIRECTION('ref_axis',(1.,0.,0.));
#12099=DIRECTION('',(0.707106781186549,-8.65956056235496E-17,0.707106781186546));
#12100=DIRECTION('center_axis',(0.,0.,-1.));
#12101=DIRECTION('ref_axis',(1.,0.,0.));
#12102=DIRECTION('',(0.707106781186549,-8.65956056235496E-17,0.707106781186546));
#12103=DIRECTION('center_axis',(0.,0.,-1.));
#12104=DIRECTION('ref_axis',(1.,0.,0.));
#12105=DIRECTION('',(0.707106781186547,-8.65956056235493E-17,0.707106781186548));
#12106=DIRECTION('center_axis',(0.,0.,-1.));
#12107=DIRECTION('ref_axis',(1.,0.,0.));
#12108=DIRECTION('',(0.707106781186549,-8.65956056235496E-17,0.707106781186546));
#12109=DIRECTION('center_axis',(0.,0.,-1.));
#12110=DIRECTION('ref_axis',(1.,0.,0.));
#12111=DIRECTION('',(0.707106781186549,-8.65956056235496E-17,0.707106781186546));
#12112=DIRECTION('center_axis',(0.,0.,-1.));
#12113=DIRECTION('ref_axis',(1.,0.,0.));
#12114=DIRECTION('',(0.707106781186549,-8.65956056235496E-17,0.707106781186546));
#12115=DIRECTION('center_axis',(0.,0.,-1.));
#12116=DIRECTION('ref_axis',(1.,0.,0.));
#12117=DIRECTION('',(0.707106781186549,-8.65956056235496E-17,0.707106781186546));
#12118=DIRECTION('center_axis',(0.,0.,-1.));
#12119=DIRECTION('ref_axis',(1.,0.,0.));
#12120=DIRECTION('',(0.707106781186547,-8.65956056235493E-17,0.707106781186548));
#12121=DIRECTION('center_axis',(0.,0.,-1.));
#12122=DIRECTION('ref_axis',(1.,0.,0.));
#12123=DIRECTION('',(0.707106781186547,-8.65956056235493E-17,0.707106781186548));
#12124=DIRECTION('center_axis',(0.,0.,1.));
#12125=DIRECTION('ref_axis',(1.,0.,0.));
#12126=DIRECTION('center_axis',(0.,0.,-1.));
#12127=DIRECTION('ref_axis',(1.,0.,0.));
#12128=DIRECTION('center_axis',(0.,0.,-1.));
#12129=DIRECTION('ref_axis',(-1.,0.,0.));
#12130=DIRECTION('center_axis',(0.,0.,-1.));
#12131=DIRECTION('ref_axis',(-1.,0.,0.));
#12132=DIRECTION('',(0.,0.,-1.));
#12133=DIRECTION('center_axis',(0.,0.,1.));
#12134=DIRECTION('ref_axis',(-1.,0.,0.));
#12135=DIRECTION('',(-0.707106781186547,-8.65956056235493E-17,-0.707106781186548));
#12136=DIRECTION('center_axis',(-1.28205385361686E-16,1.,0.));
#12137=DIRECTION('ref_axis',(1.,1.28205385361686E-16,0.));
#12138=DIRECTION('center_axis',(0.,0.,-1.));
#12139=DIRECTION('ref_axis',(1.,0.,0.));
#12140=DIRECTION('',(0.,0.,-1.));
#12141=DIRECTION('center_axis',(0.,0.,-1.));
#12142=DIRECTION('ref_axis',(1.,0.,0.));
#12143=DIRECTION('center_axis',(0.,0.,1.));
#12144=DIRECTION('ref_axis',(1.,0.,0.));
#12145=DIRECTION('center_axis',(0.,0.,-1.));
#12146=DIRECTION('ref_axis',(1.,0.,0.));
#12147=DIRECTION('',(0.,0.,-1.));
#12148=DIRECTION('center_axis',(0.,0.,-1.));
#12149=DIRECTION('ref_axis',(1.,0.,0.));
#12150=DIRECTION('center_axis',(0.,0.,1.));
#12151=DIRECTION('ref_axis',(1.,0.,0.));
#12152=DIRECTION('center_axis',(0.,0.,-1.));
#12153=DIRECTION('ref_axis',(1.,0.,0.));
#12154=DIRECTION('',(0.,0.,-1.));
#12155=DIRECTION('center_axis',(0.,0.,-1.));
#12156=DIRECTION('ref_axis',(1.,0.,0.));
#12157=DIRECTION('center_axis',(0.,0.,1.));
#12158=DIRECTION('ref_axis',(1.,0.,0.));
#12159=DIRECTION('center_axis',(0.,0.,-1.));
#12160=DIRECTION('ref_axis',(1.,0.,0.));
#12161=DIRECTION('',(0.,0.,-1.));
#12162=DIRECTION('center_axis',(0.,0.,-1.));
#12163=DIRECTION('ref_axis',(1.,0.,0.));
#12164=DIRECTION('center_axis',(0.,0.,1.));
#12165=DIRECTION('ref_axis',(1.,0.,0.));
#12166=DIRECTION('center_axis',(0.,0.,-1.));
#12167=DIRECTION('ref_axis',(1.,0.,0.));
#12168=DIRECTION('',(0.,0.,-1.));
#12169=DIRECTION('center_axis',(0.,0.,-1.));
#12170=DIRECTION('ref_axis',(1.,0.,0.));
#12171=DIRECTION('center_axis',(0.,0.,1.));
#12172=DIRECTION('ref_axis',(1.,0.,0.));
#12173=DIRECTION('center_axis',(0.,0.,-1.));
#12174=DIRECTION('ref_axis',(1.,0.,0.));
#12175=DIRECTION('',(0.,0.,-1.));
#12176=DIRECTION('center_axis',(0.,0.,-1.));
#12177=DIRECTION('ref_axis',(1.,0.,0.));
#12178=DIRECTION('center_axis',(0.,0.,1.));
#12179=DIRECTION('ref_axis',(1.,0.,0.));
#12180=DIRECTION('center_axis',(0.,0.,-1.));
#12181=DIRECTION('ref_axis',(1.,0.,0.));
#12182=DIRECTION('',(0.,0.,-1.));
#12183=DIRECTION('center_axis',(0.,0.,-1.));
#12184=DIRECTION('ref_axis',(1.,0.,0.));
#12185=DIRECTION('center_axis',(0.,0.,1.));
#12186=DIRECTION('ref_axis',(1.,0.,0.));
#12187=DIRECTION('center_axis',(0.,0.,-1.));
#12188=DIRECTION('ref_axis',(1.,0.,0.));
#12189=DIRECTION('',(0.,0.,-1.));
#12190=DIRECTION('center_axis',(0.,0.,-1.));
#12191=DIRECTION('ref_axis',(1.,0.,0.));
#12192=DIRECTION('center_axis',(0.,0.,1.));
#12193=DIRECTION('ref_axis',(1.,0.,0.));
#12194=DIRECTION('center_axis',(0.,0.,-1.));
#12195=DIRECTION('ref_axis',(1.,0.,0.));
#12196=DIRECTION('',(0.,0.,-1.));
#12197=DIRECTION('center_axis',(0.,0.,-1.));
#12198=DIRECTION('ref_axis',(1.,0.,0.));
#12199=DIRECTION('center_axis',(0.,0.,1.));
#12200=DIRECTION('ref_axis',(1.,0.,0.));
#12201=DIRECTION('center_axis',(0.,0.,-1.));
#12202=DIRECTION('ref_axis',(1.,0.,0.));
#12203=DIRECTION('',(0.,0.,-1.));
#12204=DIRECTION('',(0.,0.,-1.));
#12205=DIRECTION('center_axis',(0.,0.,-1.));
#12206=DIRECTION('ref_axis',(1.,0.,0.));
#12207=DIRECTION('center_axis',(0.,0.,1.));
#12208=DIRECTION('ref_axis',(1.,0.,0.));
#12209=DIRECTION('center_axis',(0.,0.,-1.));
#12210=DIRECTION('ref_axis',(1.,0.,0.));
#12211=DIRECTION('',(0.,0.,-1.));
#12212=DIRECTION('',(0.,0.,-1.));
#12213=DIRECTION('center_axis',(0.,0.,-1.));
#12214=DIRECTION('ref_axis',(1.,0.,0.));
#12215=DIRECTION('center_axis',(0.,0.,1.));
#12216=DIRECTION('ref_axis',(1.,0.,0.));
#12217=DIRECTION('center_axis',(0.,0.,-1.));
#12218=DIRECTION('ref_axis',(1.,0.,0.));
#12219=DIRECTION('',(0.,0.,-1.));
#12220=DIRECTION('',(0.,0.,-1.));
#12221=DIRECTION('center_axis',(0.,0.,-1.));
#12222=DIRECTION('ref_axis',(1.,0.,0.));
#12223=DIRECTION('center_axis',(0.,0.,1.));
#12224=DIRECTION('ref_axis',(1.,0.,0.));
#12225=DIRECTION('center_axis',(0.,0.,-1.));
#12226=DIRECTION('ref_axis',(1.,0.,0.));
#12227=DIRECTION('',(0.,0.,-1.));
#12228=DIRECTION('',(0.,0.,-1.));
#12229=DIRECTION('center_axis',(0.,0.,-1.));
#12230=DIRECTION('ref_axis',(1.,0.,0.));
#12231=DIRECTION('center_axis',(0.,0.,1.));
#12232=DIRECTION('ref_axis',(1.,0.,0.));
#12233=DIRECTION('center_axis',(0.,0.,-1.));
#12234=DIRECTION('ref_axis',(1.,0.,0.));
#12235=DIRECTION('',(0.,0.,-1.));
#12236=DIRECTION('center_axis',(0.,0.,-1.));
#12237=DIRECTION('ref_axis',(1.,0.,0.));
#12238=DIRECTION('center_axis',(0.,0.,1.));
#12239=DIRECTION('ref_axis',(1.,0.,0.));
#12240=DIRECTION('center_axis',(0.,0.,-1.));
#12241=DIRECTION('ref_axis',(1.,0.,0.));
#12242=DIRECTION('',(0.,0.,-1.));
#12243=DIRECTION('center_axis',(0.,0.,-1.));
#12244=DIRECTION('ref_axis',(1.,0.,0.));
#12245=DIRECTION('center_axis',(0.,0.,1.));
#12246=DIRECTION('ref_axis',(1.,0.,0.));
#12247=DIRECTION('center_axis',(0.,0.,-1.));
#12248=DIRECTION('ref_axis',(1.,0.,0.));
#12249=DIRECTION('',(0.,0.,-1.));
#12250=DIRECTION('center_axis',(0.,0.,-1.));
#12251=DIRECTION('ref_axis',(1.,0.,0.));
#12252=DIRECTION('center_axis',(0.,0.,1.));
#12253=DIRECTION('ref_axis',(1.,0.,0.));
#12254=DIRECTION('center_axis',(0.,0.,-1.));
#12255=DIRECTION('ref_axis',(1.,0.,0.));
#12256=DIRECTION('',(0.,0.,-1.));
#12257=DIRECTION('center_axis',(0.,0.,-1.));
#12258=DIRECTION('ref_axis',(1.,0.,0.));
#12259=DIRECTION('center_axis',(0.,0.,1.));
#12260=DIRECTION('ref_axis',(1.,0.,0.));
#12261=DIRECTION('center_axis',(0.,0.,-1.));
#12262=DIRECTION('ref_axis',(1.,0.,0.));
#12263=DIRECTION('',(0.,0.,-1.));
#12264=DIRECTION('center_axis',(0.,0.,-1.));
#12265=DIRECTION('ref_axis',(1.,0.,0.));
#12266=DIRECTION('center_axis',(0.,0.,1.));
#12267=DIRECTION('ref_axis',(1.,0.,0.));
#12268=DIRECTION('center_axis',(0.,0.,-1.));
#12269=DIRECTION('ref_axis',(1.,0.,0.));
#12270=DIRECTION('',(0.,0.,-1.));
#12271=DIRECTION('center_axis',(0.,0.,-1.));
#12272=DIRECTION('ref_axis',(1.,0.,0.));
#12273=DIRECTION('center_axis',(0.,0.,1.));
#12274=DIRECTION('ref_axis',(1.,0.,0.));
#12275=DIRECTION('center_axis',(0.,0.,-1.));
#12276=DIRECTION('ref_axis',(1.,0.,0.));
#12277=DIRECTION('',(0.,0.,-1.));
#12278=DIRECTION('center_axis',(0.,0.,-1.));
#12279=DIRECTION('ref_axis',(1.,0.,0.));
#12280=DIRECTION('center_axis',(0.,0.,1.));
#12281=DIRECTION('ref_axis',(1.,0.,0.));
#12282=DIRECTION('center_axis',(0.,0.,-1.));
#12283=DIRECTION('ref_axis',(1.,0.,0.));
#12284=DIRECTION('',(0.,0.,-1.));
#12285=DIRECTION('center_axis',(0.,0.,-1.));
#12286=DIRECTION('ref_axis',(1.,0.,0.));
#12287=DIRECTION('center_axis',(0.,0.,1.));
#12288=DIRECTION('ref_axis',(1.,0.,0.));
#12289=DIRECTION('center_axis',(0.,0.,-1.));
#12290=DIRECTION('ref_axis',(1.,0.,0.));
#12291=DIRECTION('',(0.,0.,-1.));
#12292=DIRECTION('center_axis',(0.,0.,-1.));
#12293=DIRECTION('ref_axis',(1.,0.,0.));
#12294=DIRECTION('center_axis',(0.,0.,1.));
#12295=DIRECTION('ref_axis',(1.,0.,0.));
#12296=DIRECTION('center_axis',(0.,0.,-1.));
#12297=DIRECTION('ref_axis',(1.,0.,0.));
#12298=DIRECTION('',(0.,0.,-1.));
#12299=DIRECTION('center_axis',(0.,0.,-1.));
#12300=DIRECTION('ref_axis',(1.,0.,0.));
#12301=DIRECTION('center_axis',(0.,0.,1.));
#12302=DIRECTION('ref_axis',(1.,0.,0.));
#12303=DIRECTION('center_axis',(0.,0.,-1.));
#12304=DIRECTION('ref_axis',(1.,0.,0.));
#12305=DIRECTION('',(0.,0.,-1.));
#12306=DIRECTION('center_axis',(0.,0.,-1.));
#12307=DIRECTION('ref_axis',(1.,0.,0.));
#12308=DIRECTION('center_axis',(0.,0.,1.));
#12309=DIRECTION('ref_axis',(1.,0.,0.));
#12310=DIRECTION('center_axis',(0.,0.,-1.));
#12311=DIRECTION('ref_axis',(1.,0.,0.));
#12312=DIRECTION('',(0.,0.,-1.));
#12313=DIRECTION('center_axis',(0.,0.,-1.));
#12314=DIRECTION('ref_axis',(1.,0.,0.));
#12315=DIRECTION('center_axis',(0.,0.,1.));
#12316=DIRECTION('ref_axis',(1.,0.,0.));
#12317=DIRECTION('center_axis',(0.,0.,-1.));
#12318=DIRECTION('ref_axis',(1.,0.,0.));
#12319=DIRECTION('',(0.,0.,-1.));
#12320=DIRECTION('center_axis',(0.,0.,-1.));
#12321=DIRECTION('ref_axis',(1.,0.,0.));
#12322=DIRECTION('center_axis',(0.,0.,1.));
#12323=DIRECTION('ref_axis',(1.,0.,0.));
#12324=DIRECTION('center_axis',(0.,0.,-1.));
#12325=DIRECTION('ref_axis',(1.,0.,0.));
#12326=DIRECTION('',(0.,0.,-1.));
#12327=DIRECTION('center_axis',(0.,0.,-1.));
#12328=DIRECTION('ref_axis',(1.,0.,0.));
#12329=DIRECTION('center_axis',(0.,0.,1.));
#12330=DIRECTION('ref_axis',(1.,0.,0.));
#12331=DIRECTION('center_axis',(0.,0.,-1.));
#12332=DIRECTION('ref_axis',(1.,0.,0.));
#12333=DIRECTION('',(0.,0.,-1.));
#12334=DIRECTION('center_axis',(0.,0.,-1.));
#12335=DIRECTION('ref_axis',(1.,0.,0.));
#12336=DIRECTION('center_axis',(0.,0.,1.));
#12337=DIRECTION('ref_axis',(1.,0.,0.));
#12338=DIRECTION('center_axis',(0.,0.,-1.));
#12339=DIRECTION('ref_axis',(1.,0.,0.));
#12340=DIRECTION('',(0.,0.,-1.));
#12341=DIRECTION('center_axis',(0.,0.,-1.));
#12342=DIRECTION('ref_axis',(1.,0.,0.));
#12343=DIRECTION('center_axis',(0.,0.,1.));
#12344=DIRECTION('ref_axis',(1.,0.,0.));
#12345=DIRECTION('center_axis',(0.,0.,-1.));
#12346=DIRECTION('ref_axis',(1.,0.,0.));
#12347=DIRECTION('',(0.,0.,-1.));
#12348=DIRECTION('center_axis',(0.,0.,-1.));
#12349=DIRECTION('ref_axis',(1.,0.,0.));
#12350=DIRECTION('center_axis',(0.,0.,1.));
#12351=DIRECTION('ref_axis',(1.,0.,0.));
#12352=DIRECTION('center_axis',(0.,0.,-1.));
#12353=DIRECTION('ref_axis',(1.,0.,0.));
#12354=DIRECTION('',(0.,0.,-1.));
#12355=DIRECTION('center_axis',(0.,0.,-1.));
#12356=DIRECTION('ref_axis',(1.,0.,0.));
#12357=DIRECTION('center_axis',(0.,0.,1.));
#12358=DIRECTION('ref_axis',(1.,0.,0.));
#12359=DIRECTION('center_axis',(0.,0.,-1.));
#12360=DIRECTION('ref_axis',(1.,0.,0.));
#12361=DIRECTION('',(0.,0.,-1.));
#12362=DIRECTION('',(0.,0.,-1.));
#12363=DIRECTION('center_axis',(0.,0.,-1.));
#12364=DIRECTION('ref_axis',(1.,0.,0.));
#12365=DIRECTION('center_axis',(0.,0.,1.));
#12366=DIRECTION('ref_axis',(1.,0.,0.));
#12367=DIRECTION('center_axis',(0.,0.,-1.));
#12368=DIRECTION('ref_axis',(1.,0.,0.));
#12369=DIRECTION('',(0.,0.,-1.));
#12370=DIRECTION('',(0.,0.,-1.));
#12371=DIRECTION('center_axis',(0.,0.,-1.));
#12372=DIRECTION('ref_axis',(1.,0.,0.));
#12373=DIRECTION('center_axis',(0.,0.,1.));
#12374=DIRECTION('ref_axis',(1.,0.,0.));
#12375=DIRECTION('center_axis',(0.,0.,-1.));
#12376=DIRECTION('ref_axis',(1.,0.,0.));
#12377=DIRECTION('',(0.,0.,-1.));
#12378=DIRECTION('',(0.,0.,-1.));
#12379=DIRECTION('center_axis',(0.,0.,-1.));
#12380=DIRECTION('ref_axis',(1.,0.,0.));
#12381=DIRECTION('center_axis',(0.,0.,1.));
#12382=DIRECTION('ref_axis',(1.,0.,0.));
#12383=DIRECTION('center_axis',(0.,0.,-1.));
#12384=DIRECTION('ref_axis',(1.,0.,0.));
#12385=DIRECTION('',(0.,0.,-1.));
#12386=DIRECTION('center_axis',(0.,0.,-1.));
#12387=DIRECTION('ref_axis',(1.,0.,0.));
#12388=DIRECTION('center_axis',(0.,0.,1.));
#12389=DIRECTION('ref_axis',(1.,0.,0.));
#12390=DIRECTION('center_axis',(0.,0.,-1.));
#12391=DIRECTION('ref_axis',(1.,0.,0.));
#12392=DIRECTION('',(0.,0.,-1.));
#12393=DIRECTION('center_axis',(0.,0.,-1.));
#12394=DIRECTION('ref_axis',(1.,0.,0.));
#12395=DIRECTION('center_axis',(0.,0.,1.));
#12396=DIRECTION('ref_axis',(1.,0.,0.));
#12397=DIRECTION('center_axis',(0.,0.,-1.));
#12398=DIRECTION('ref_axis',(1.,0.,0.));
#12399=DIRECTION('',(0.,0.,-1.));
#12400=DIRECTION('center_axis',(0.,0.,-1.));
#12401=DIRECTION('ref_axis',(1.,0.,0.));
#12402=DIRECTION('center_axis',(0.,0.,1.));
#12403=DIRECTION('ref_axis',(1.,0.,0.));
#12404=DIRECTION('center_axis',(0.,0.,-1.));
#12405=DIRECTION('ref_axis',(1.,0.,0.));
#12406=DIRECTION('',(0.,0.,-1.));
#12407=DIRECTION('center_axis',(0.,0.,-1.));
#12408=DIRECTION('ref_axis',(1.,0.,0.));
#12409=DIRECTION('center_axis',(0.,0.,1.));
#12410=DIRECTION('ref_axis',(1.,0.,0.));
#12411=DIRECTION('center_axis',(0.,0.,-1.));
#12412=DIRECTION('ref_axis',(1.,0.,0.));
#12413=DIRECTION('',(0.,0.,-1.));
#12414=DIRECTION('center_axis',(0.,0.,-1.));
#12415=DIRECTION('ref_axis',(1.,0.,0.));
#12416=DIRECTION('center_axis',(0.,0.,1.));
#12417=DIRECTION('ref_axis',(1.,0.,0.));
#12418=DIRECTION('center_axis',(0.,0.,-1.));
#12419=DIRECTION('ref_axis',(1.,0.,0.));
#12420=DIRECTION('',(0.,0.,-1.));
#12421=DIRECTION('center_axis',(0.,0.,-1.));
#12422=DIRECTION('ref_axis',(1.,0.,0.));
#12423=DIRECTION('center_axis',(0.,0.,1.));
#12424=DIRECTION('ref_axis',(1.,0.,0.));
#12425=DIRECTION('center_axis',(0.,0.,-1.));
#12426=DIRECTION('ref_axis',(1.,0.,0.));
#12427=DIRECTION('',(0.,0.,-1.));
#12428=DIRECTION('center_axis',(0.,0.,-1.));
#12429=DIRECTION('ref_axis',(1.,0.,0.));
#12430=DIRECTION('center_axis',(0.,0.,1.));
#12431=DIRECTION('ref_axis',(1.,0.,0.));
#12432=DIRECTION('center_axis',(0.,0.,-1.));
#12433=DIRECTION('ref_axis',(1.,0.,0.));
#12434=DIRECTION('',(0.,0.,-1.));
#12435=DIRECTION('center_axis',(0.,0.,-1.));
#12436=DIRECTION('ref_axis',(1.,0.,0.));
#12437=DIRECTION('center_axis',(0.,0.,1.));
#12438=DIRECTION('ref_axis',(1.,0.,0.));
#12439=DIRECTION('center_axis',(0.,0.,-1.));
#12440=DIRECTION('ref_axis',(1.,0.,0.));
#12441=DIRECTION('',(0.,0.,-1.));
#12442=DIRECTION('center_axis',(0.,0.,-1.));
#12443=DIRECTION('ref_axis',(1.,0.,0.));
#12444=DIRECTION('center_axis',(0.,0.,1.));
#12445=DIRECTION('ref_axis',(1.,0.,0.));
#12446=DIRECTION('center_axis',(0.,0.,-1.));
#12447=DIRECTION('ref_axis',(1.,0.,0.));
#12448=DIRECTION('',(0.,0.,-1.));
#12449=DIRECTION('center_axis',(0.,0.,-1.));
#12450=DIRECTION('ref_axis',(1.,0.,0.));
#12451=DIRECTION('center_axis',(0.,0.,1.));
#12452=DIRECTION('ref_axis',(1.,0.,0.));
#12453=CARTESIAN_POINT('',(0.,0.,0.));
#12454=CARTESIAN_POINT('Origin',(8.99999999999988,785.,9.));
#12455=CARTESIAN_POINT('',(8.99999999999977,785.,5.5));
#12456=CARTESIAN_POINT('Origin',(8.99999999999977,785.,9.));
#12457=CARTESIAN_POINT('',(20.7499999999999,785.,5.50000000000001));
#12458=CARTESIAN_POINT('',(8.99999999999988,785.,5.5));
#12459=CARTESIAN_POINT('',(20.7499999999999,785.,12.5));
#12460=CARTESIAN_POINT('Ctrl Pts',(20.7499999999999,785.,12.5));
#12461=CARTESIAN_POINT('Ctrl Pts',(20.7499999999999,785.455218172442,12.5));
#12462=CARTESIAN_POINT('Ctrl Pts',(20.814125407084,785.931074328889,12.4059279299554));
#12463=CARTESIAN_POINT('Ctrl Pts',(21.0445723283358,786.789952752642,12.0435690753599));
#12464=CARTESIAN_POINT('Ctrl Pts',(21.2089912773103,787.173775215013,11.7759722532925));
#12465=CARTESIAN_POINT('Ctrl Pts',(21.5326694357677,787.779321601278,11.1704258670275));
#12466=CARTESIAN_POINT('Ctrl Pts',(21.7169668068697,788.044704912117,10.7873336407439));
#12467=CARTESIAN_POINT('Ctrl Pts',(21.9973900438854,788.404955358281,9.93330643036209));
#12468=CARTESIAN_POINT('Ctrl Pts',(22.0868810393749,788.5,9.46028191062733));
#12469=CARTESIAN_POINT('Ctrl Pts',(22.0868810393749,788.5,8.53971808937267));
#12470=CARTESIAN_POINT('Ctrl Pts',(21.9973900438853,788.404955358281,8.06669356963791));
#12471=CARTESIAN_POINT('Ctrl Pts',(21.7169668068697,788.044704912117,7.21266635925601));
#12472=CARTESIAN_POINT('Ctrl Pts',(21.5326694357677,787.779321601278,6.82957413297248));
#12473=CARTESIAN_POINT('Ctrl Pts',(21.2089912773103,787.173775215013,6.22402774670754));
#12474=CARTESIAN_POINT('Ctrl Pts',(21.0445723283358,786.789952752642,5.95643092464007));
#12475=CARTESIAN_POINT('Ctrl Pts',(20.814125407084,785.931074328889,5.59407207004463));
#12476=CARTESIAN_POINT('Ctrl Pts',(20.7499999999999,785.455218172442,5.5));
#12477=CARTESIAN_POINT('Ctrl Pts',(20.7499999999999,785.,5.5));
#12478=CARTESIAN_POINT('',(22.0868810393755,781.5,9.));
#12479=CARTESIAN_POINT('Ctrl Pts',(22.0868810393755,781.5,9.));
#12480=CARTESIAN_POINT('Ctrl Pts',(22.0868810393755,781.5,9.46028191062734));
#12481=CARTESIAN_POINT('Ctrl Pts',(21.9973900438858,781.595044641718,9.93330643036211));
#12482=CARTESIAN_POINT('Ctrl Pts',(21.7169668068701,781.955295087882,10.787333640744));
#12483=CARTESIAN_POINT('Ctrl Pts',(21.5326694357681,782.220678398721,11.1704258670275));
#12484=CARTESIAN_POINT('Ctrl Pts',(21.2089912773106,782.826224784986,11.7759722532924));
#12485=CARTESIAN_POINT('Ctrl Pts',(21.044572328336,783.210047247358,12.0435690753599));
#12486=CARTESIAN_POINT('Ctrl Pts',(20.8141254070841,784.06892567111,12.4059279299554));
#12487=CARTESIAN_POINT('Ctrl Pts',(20.7499999999999,784.544781827558,12.5));
#12488=CARTESIAN_POINT('Ctrl Pts',(20.7499999999999,785.,12.5));
#12489=CARTESIAN_POINT('Ctrl Pts',(20.7499999999999,785.,5.5));
#12490=CARTESIAN_POINT('Ctrl Pts',(20.7499999999999,784.544781827558,5.5));
#12491=CARTESIAN_POINT('Ctrl Pts',(20.8141254070841,784.06892567111,5.59407207004462));
#12492=CARTESIAN_POINT('Ctrl Pts',(21.044572328336,783.210047247358,5.95643092464005));
#12493=CARTESIAN_POINT('Ctrl Pts',(21.2089912773106,782.826224784986,6.22402774670756));
#12494=CARTESIAN_POINT('Ctrl Pts',(21.5326694357681,782.220678398721,6.82957413297248));
#12495=CARTESIAN_POINT('Ctrl Pts',(21.7169668068701,781.955295087882,7.21266635925601));
#12496=CARTESIAN_POINT('Ctrl Pts',(21.9973900438858,781.595044641718,8.0666935696379));
#12497=CARTESIAN_POINT('Ctrl Pts',(22.0868810393755,781.5,8.53971808937267));
#12498=CARTESIAN_POINT('Ctrl Pts',(22.0868810393755,781.5,9.00000000000001));
#12499=CARTESIAN_POINT('Origin',(8.99999999999981,1099.,9.));
#12500=CARTESIAN_POINT('',(8.99999999999977,1099.,5.5));
#12501=CARTESIAN_POINT('Origin',(8.99999999999977,1099.,9.));
#12502=CARTESIAN_POINT('',(20.7499999999998,1099.,5.50000000000001));
#12503=CARTESIAN_POINT('',(8.99999999999981,1099.,5.5));
#12504=CARTESIAN_POINT('',(20.7499999999998,1099.,12.5));
#12505=CARTESIAN_POINT('Ctrl Pts',(20.7499999999998,1099.,12.5));
#12506=CARTESIAN_POINT('Ctrl Pts',(20.7499999999998,1099.45521817244,12.5));
#12507=CARTESIAN_POINT('Ctrl Pts',(20.8141254070839,1099.93107432889,12.4059279299554));
#12508=CARTESIAN_POINT('Ctrl Pts',(21.0445723283358,1100.78995275264,12.0435690753599));
#12509=CARTESIAN_POINT('Ctrl Pts',(21.2089912773102,1101.17377521501,11.7759722532925));
#12510=CARTESIAN_POINT('Ctrl Pts',(21.5326694357677,1101.77932160128,11.1704258670275));
#12511=CARTESIAN_POINT('Ctrl Pts',(21.7169668068696,1102.04470491212,10.7873336407439));
#12512=CARTESIAN_POINT('Ctrl Pts',(21.9973900438853,1102.40495535828,9.93330643036209));
#12513=CARTESIAN_POINT('Ctrl Pts',(22.0868810393749,1102.5,9.46028191062733));
#12514=CARTESIAN_POINT('Ctrl Pts',(22.0868810393749,1102.5,8.53971808937267));
#12515=CARTESIAN_POINT('Ctrl Pts',(21.9973900438853,1102.40495535828,8.06669356963791));
#12516=CARTESIAN_POINT('Ctrl Pts',(21.7169668068696,1102.04470491212,7.21266635925606));
#12517=CARTESIAN_POINT('Ctrl Pts',(21.5326694357677,1101.77932160128,6.82957413297247));
#12518=CARTESIAN_POINT('Ctrl Pts',(21.2089912773102,1101.17377521501,6.22402774670754));
#12519=CARTESIAN_POINT('Ctrl Pts',(21.0445723283358,1100.78995275264,5.95643092464007));
#12520=CARTESIAN_POINT('Ctrl Pts',(20.8141254070839,1099.93107432889,5.59407207004463));
#12521=CARTESIAN_POINT('Ctrl Pts',(20.7499999999998,1099.45521817244,5.5));
#12522=CARTESIAN_POINT('Ctrl Pts',(20.7499999999998,1099.,5.5));
#12523=CARTESIAN_POINT('',(22.0868810393754,1095.5,9.));
#12524=CARTESIAN_POINT('Ctrl Pts',(22.0868810393754,1095.5,9.));
#12525=CARTESIAN_POINT('Ctrl Pts',(22.0868810393754,1095.5,9.46028191062734));
#12526=CARTESIAN_POINT('Ctrl Pts',(21.9973900438858,1095.59504464172,9.93330643036211));
#12527=CARTESIAN_POINT('Ctrl Pts',(21.71696680687,1095.95529508788,10.787333640744));
#12528=CARTESIAN_POINT('Ctrl Pts',(21.532669435768,1096.22067839872,11.1704258670275));
#12529=CARTESIAN_POINT('Ctrl Pts',(21.2089912773105,1096.82622478499,11.7759722532924));
#12530=CARTESIAN_POINT('Ctrl Pts',(21.044572328336,1097.21004724736,12.0435690753599));
#12531=CARTESIAN_POINT('Ctrl Pts',(20.814125407084,1098.06892567111,12.4059279299554));
#12532=CARTESIAN_POINT('Ctrl Pts',(20.7499999999998,1098.54478182756,12.5));
#12533=CARTESIAN_POINT('Ctrl Pts',(20.7499999999998,1099.,12.5));
#12534=CARTESIAN_POINT('Ctrl Pts',(20.7499999999998,1099.,5.5));
#12535=CARTESIAN_POINT('Ctrl Pts',(20.7499999999998,1098.54478182756,5.5));
#12536=CARTESIAN_POINT('Ctrl Pts',(20.814125407084,1098.06892567111,5.59407207004462));
#12537=CARTESIAN_POINT('Ctrl Pts',(21.044572328336,1097.21004724736,5.95643092464005));
#12538=CARTESIAN_POINT('Ctrl Pts',(21.2089912773105,1096.82622478499,6.22402774670756));
#12539=CARTESIAN_POINT('Ctrl Pts',(21.532669435768,1096.22067839872,6.82957413297248));
#12540=CARTESIAN_POINT('Ctrl Pts',(21.71696680687,1095.95529508788,7.21266635925601));
#12541=CARTESIAN_POINT('Ctrl Pts',(21.9973900438858,1095.59504464172,8.0666935696379));
#12542=CARTESIAN_POINT('Ctrl Pts',(22.0868810393754,1095.5,8.53971808937267));
#12543=CARTESIAN_POINT('Ctrl Pts',(22.0868810393754,1095.5,9.00000000000001));
#12544=CARTESIAN_POINT('Origin',(8.99999999999995,471.,9.));
#12545=CARTESIAN_POINT('',(8.99999999999977,471.,5.5));
#12546=CARTESIAN_POINT('Origin',(8.99999999999977,471.,9.));
#12547=CARTESIAN_POINT('',(20.75,471.,5.50000000000001));
#12548=CARTESIAN_POINT('',(8.99999999999995,471.,5.5));
#12549=CARTESIAN_POINT('',(20.75,471.,12.5));
#12550=CARTESIAN_POINT('Ctrl Pts',(20.75,471.,12.5));
#12551=CARTESIAN_POINT('Ctrl Pts',(20.75,471.455218172441,12.5));
#12552=CARTESIAN_POINT('Ctrl Pts',(20.8141254070841,471.93107432889,12.4059279299554));
#12553=CARTESIAN_POINT('Ctrl Pts',(21.044572328336,472.789952752642,12.0435690753598));
#12554=CARTESIAN_POINT('Ctrl Pts',(21.2089912773103,473.173775215013,11.7759722532924));
#12555=CARTESIAN_POINT('Ctrl Pts',(21.5326694357678,473.779321601278,11.1704258670275));
#12556=CARTESIAN_POINT('Ctrl Pts',(21.7169668068697,474.044704912117,10.787333640744));
#12557=CARTESIAN_POINT('Ctrl Pts',(21.9973900438854,474.404955358281,9.93330643036209));
#12558=CARTESIAN_POINT('Ctrl Pts',(22.0868810393751,474.5,9.46028191062735));
#12559=CARTESIAN_POINT('Ctrl Pts',(22.0868810393751,474.5,8.53971808937265));
#12560=CARTESIAN_POINT('Ctrl Pts',(21.9973900438854,474.404955358281,8.06669356963791));
#12561=CARTESIAN_POINT('Ctrl Pts',(21.7169668068697,474.044704912117,7.21266635925601));
#12562=CARTESIAN_POINT('Ctrl Pts',(21.5326694357678,473.779321601278,6.82957413297249));
#12563=CARTESIAN_POINT('Ctrl Pts',(21.2089912773103,473.173775215013,6.22402774670756));
#12564=CARTESIAN_POINT('Ctrl Pts',(21.044572328336,472.789952752642,5.95643092464015));
#12565=CARTESIAN_POINT('Ctrl Pts',(20.8141254070841,471.93107432889,5.59407207004464));
#12566=CARTESIAN_POINT('Ctrl Pts',(20.75,471.455218172441,5.5));
#12567=CARTESIAN_POINT('Ctrl Pts',(20.75,471.,5.5));
#12568=CARTESIAN_POINT('',(22.0868810393756,467.5,9.));
#12569=CARTESIAN_POINT('Ctrl Pts',(22.0868810393756,467.5,9.));
#12570=CARTESIAN_POINT('Ctrl Pts',(22.0868810393756,467.5,9.46028191062736));
#12571=CARTESIAN_POINT('Ctrl Pts',(21.9973900438859,467.595044641718,9.9333064303621));
#12572=CARTESIAN_POINT('Ctrl Pts',(21.7169668068702,467.955295087882,10.787333640744));
#12573=CARTESIAN_POINT('Ctrl Pts',(21.5326694357681,468.220678398721,11.1704258670275));
#12574=CARTESIAN_POINT('Ctrl Pts',(21.2089912773106,468.826224784986,11.7759722532924));
#12575=CARTESIAN_POINT('Ctrl Pts',(21.0445723283362,469.210047247358,12.0435690753598));
#12576=CARTESIAN_POINT('Ctrl Pts',(20.8141254070842,470.06892567111,12.4059279299554));
#12577=CARTESIAN_POINT('Ctrl Pts',(20.75,470.544781827558,12.5));
#12578=CARTESIAN_POINT('Ctrl Pts',(20.75,471.,12.5));
#12579=CARTESIAN_POINT('Ctrl Pts',(20.75,471.,5.50000000000001));
#12580=CARTESIAN_POINT('Ctrl Pts',(20.75,470.544781827558,5.50000000000001));
#12581=CARTESIAN_POINT('Ctrl Pts',(20.8141254070842,470.06892567111,5.59407207004464));
#12582=CARTESIAN_POINT('Ctrl Pts',(21.0445723283362,469.210047247358,5.95643092464015));
#12583=CARTESIAN_POINT('Ctrl Pts',(21.2089912773106,468.826224784986,6.22402774670757));
#12584=CARTESIAN_POINT('Ctrl Pts',(21.5326694357681,468.220678398721,6.8295741329725));
#12585=CARTESIAN_POINT('Ctrl Pts',(21.7169668068702,467.955295087882,7.21266635925601));
#12586=CARTESIAN_POINT('Ctrl Pts',(21.9973900438859,467.595044641718,8.0666935696379));
#12587=CARTESIAN_POINT('Ctrl Pts',(22.0868810393756,467.5,8.53971808937264));
#12588=CARTESIAN_POINT('Ctrl Pts',(22.0868810393756,467.5,9.));
#12589=CARTESIAN_POINT('Origin',(8.99999999999991,628.,9.));
#12590=CARTESIAN_POINT('',(8.99999999999977,628.,5.5));
#12591=CARTESIAN_POINT('Origin',(8.99999999999977,628.,9.));
#12592=CARTESIAN_POINT('',(20.7499999999999,628.,5.49999999999999));
#12593=CARTESIAN_POINT('',(8.99999999999991,628.,5.5));
#12594=CARTESIAN_POINT('',(20.7499999999999,628.,12.5));
#12595=CARTESIAN_POINT('Ctrl Pts',(20.7499999999999,628.,12.5));
#12596=CARTESIAN_POINT('Ctrl Pts',(20.7499999999999,628.455218172442,12.5));
#12597=CARTESIAN_POINT('Ctrl Pts',(20.8141254070841,628.93107432889,12.4059279299554));
#12598=CARTESIAN_POINT('Ctrl Pts',(21.0445723283359,629.789952752642,12.0435690753598));
#12599=CARTESIAN_POINT('Ctrl Pts',(21.2089912773103,630.173775215013,11.7759722532924));
#12600=CARTESIAN_POINT('Ctrl Pts',(21.5326694357677,630.779321601278,11.1704258670275));
#12601=CARTESIAN_POINT('Ctrl Pts',(21.7169668068697,631.044704912117,10.787333640744));
#12602=CARTESIAN_POINT('Ctrl Pts',(21.9973900438854,631.404955358281,9.93330643036209));
#12603=CARTESIAN_POINT('Ctrl Pts',(22.086881039375,631.5,9.46028191062735));
#12604=CARTESIAN_POINT('Ctrl Pts',(22.086881039375,631.5,8.53971808937265));
#12605=CARTESIAN_POINT('Ctrl Pts',(21.9973900438854,631.404955358281,8.06669356963791));
#12606=CARTESIAN_POINT('Ctrl Pts',(21.7169668068697,631.044704912117,7.21266635925601));
#12607=CARTESIAN_POINT('Ctrl Pts',(21.5326694357677,630.779321601278,6.82957413297249));
#12608=CARTESIAN_POINT('Ctrl Pts',(21.2089912773103,630.173775215013,6.22402774670756));
#12609=CARTESIAN_POINT('Ctrl Pts',(21.0445723283359,629.789952752642,5.95643092464015));
#12610=CARTESIAN_POINT('Ctrl Pts',(20.8141254070841,628.93107432889,5.59407207004464));
#12611=CARTESIAN_POINT('Ctrl Pts',(20.7499999999999,628.455218172442,5.5));
#12612=CARTESIAN_POINT('Ctrl Pts',(20.7499999999999,628.,5.5));
#12613=CARTESIAN_POINT('',(22.0868810393755,624.5,9.));
#12614=CARTESIAN_POINT('Ctrl Pts',(22.0868810393755,624.5,9.));
#12615=CARTESIAN_POINT('Ctrl Pts',(22.0868810393755,624.5,9.46028191062736));
#12616=CARTESIAN_POINT('Ctrl Pts',(21.9973900438859,624.595044641718,9.9333064303621));
#12617=CARTESIAN_POINT('Ctrl Pts',(21.7169668068701,624.955295087882,10.787333640744));
#12618=CARTESIAN_POINT('Ctrl Pts',(21.5326694357681,625.220678398721,11.1704258670275));
#12619=CARTESIAN_POINT('Ctrl Pts',(21.2089912773106,625.826224784986,11.7759722532924));
#12620=CARTESIAN_POINT('Ctrl Pts',(21.0445723283361,626.210047247358,12.0435690753598));
#12621=CARTESIAN_POINT('Ctrl Pts',(20.8141254070842,627.06892567111,12.4059279299554));
#12622=CARTESIAN_POINT('Ctrl Pts',(20.7499999999999,627.544781827558,12.5));
#12623=CARTESIAN_POINT('Ctrl Pts',(20.7499999999999,628.,12.5));
#12624=CARTESIAN_POINT('Ctrl Pts',(20.7499999999999,628.,5.5));
#12625=CARTESIAN_POINT('Ctrl Pts',(20.7499999999999,627.544781827558,5.5));
#12626=CARTESIAN_POINT('Ctrl Pts',(20.8141254070842,627.06892567111,5.59407207004464));
#12627=CARTESIAN_POINT('Ctrl Pts',(21.0445723283361,626.210047247358,5.95643092464015));
#12628=CARTESIAN_POINT('Ctrl Pts',(21.2089912773106,625.826224784986,6.22402774670757));
#12629=CARTESIAN_POINT('Ctrl Pts',(21.5326694357681,625.220678398721,6.8295741329725));
#12630=CARTESIAN_POINT('Ctrl Pts',(21.7169668068701,624.955295087882,7.21266635925601));
#12631=CARTESIAN_POINT('Ctrl Pts',(21.9973900438859,624.595044641718,8.0666935696379));
#12632=CARTESIAN_POINT('Ctrl Pts',(22.0868810393755,624.5,8.53971808937264));
#12633=CARTESIAN_POINT('Ctrl Pts',(22.0868810393755,624.5,9.));
#12634=CARTESIAN_POINT('Origin',(8.99999999999999,314.,9.));
#12635=CARTESIAN_POINT('',(8.99999999999977,314.,5.5));
#12636=CARTESIAN_POINT('Origin',(8.99999999999977,314.,9.));
#12637=CARTESIAN_POINT('',(20.75,314.,5.50000000000001));
#12638=CARTESIAN_POINT('',(8.99999999999999,314.,5.5));
#12639=CARTESIAN_POINT('',(20.75,314.,12.5));
#12640=CARTESIAN_POINT('Ctrl Pts',(20.75,314.,12.5));
#12641=CARTESIAN_POINT('Ctrl Pts',(20.75,314.455218172442,12.5));
#12642=CARTESIAN_POINT('Ctrl Pts',(20.8141254070841,314.93107432889,12.4059279299554));
#12643=CARTESIAN_POINT('Ctrl Pts',(21.044572328336,315.789952752642,12.0435690753599));
#12644=CARTESIAN_POINT('Ctrl Pts',(21.2089912773104,316.173775215013,11.7759722532924));
#12645=CARTESIAN_POINT('Ctrl Pts',(21.5326694357678,316.779321601278,11.1704258670275));
#12646=CARTESIAN_POINT('Ctrl Pts',(21.7169668068698,317.044704912117,10.787333640744));
#12647=CARTESIAN_POINT('Ctrl Pts',(21.9973900438855,317.404955358281,9.93330643036207));
#12648=CARTESIAN_POINT('Ctrl Pts',(22.0868810393751,317.5,9.46028191062735));
#12649=CARTESIAN_POINT('Ctrl Pts',(22.0868810393751,317.5,8.53971808937265));
#12650=CARTESIAN_POINT('Ctrl Pts',(21.9973900438855,317.404955358281,8.06669356963793));
#12651=CARTESIAN_POINT('Ctrl Pts',(21.7169668068698,317.044704912117,7.21266635925604));
#12652=CARTESIAN_POINT('Ctrl Pts',(21.5326694357678,316.779321601278,6.82957413297249));
#12653=CARTESIAN_POINT('Ctrl Pts',(21.2089912773104,316.173775215013,6.22402774670756));
#12654=CARTESIAN_POINT('Ctrl Pts',(21.044572328336,315.789952752642,5.95643092464015));
#12655=CARTESIAN_POINT('Ctrl Pts',(20.8141254070842,314.93107432889,5.59407207004465));
#12656=CARTESIAN_POINT('Ctrl Pts',(20.75,314.455218172442,5.5));
#12657=CARTESIAN_POINT('Ctrl Pts',(20.75,314.,5.5));
#12658=CARTESIAN_POINT('',(22.0868810393756,310.5,9.));
#12659=CARTESIAN_POINT('Ctrl Pts',(22.0868810393756,310.5,9.));
#12660=CARTESIAN_POINT('Ctrl Pts',(22.0868810393756,310.5,9.46028191062735));
#12661=CARTESIAN_POINT('Ctrl Pts',(21.9973900438859,310.595044641718,9.93330643036207));
#12662=CARTESIAN_POINT('Ctrl Pts',(21.7169668068702,310.955295087882,10.787333640744));
#12663=CARTESIAN_POINT('Ctrl Pts',(21.5326694357682,311.220678398721,11.1704258670275));
#12664=CARTESIAN_POINT('Ctrl Pts',(21.2089912773106,311.826224784986,11.7759722532924));
#12665=CARTESIAN_POINT('Ctrl Pts',(21.0445723283362,312.210047247358,12.0435690753599));
#12666=CARTESIAN_POINT('Ctrl Pts',(20.8141254070842,313.06892567111,12.4059279299554));
#12667=CARTESIAN_POINT('Ctrl Pts',(20.75,313.544781827558,12.5));
#12668=CARTESIAN_POINT('Ctrl Pts',(20.75,314.,12.5));
#12669=CARTESIAN_POINT('Ctrl Pts',(20.75,314.,5.50000000000001));
#12670=CARTESIAN_POINT('Ctrl Pts',(20.75,313.544781827558,5.50000000000001));
#12671=CARTESIAN_POINT('Ctrl Pts',(20.8141254070842,313.06892567111,5.59407207004463));
#12672=CARTESIAN_POINT('Ctrl Pts',(21.0445723283362,312.210047247358,5.95643092464012));
#12673=CARTESIAN_POINT('Ctrl Pts',(21.2089912773106,311.826224784986,6.22402774670757));
#12674=CARTESIAN_POINT('Ctrl Pts',(21.5326694357682,311.220678398721,6.8295741329725));
#12675=CARTESIAN_POINT('Ctrl Pts',(21.7169668068702,310.955295087882,7.21266635925605));
#12676=CARTESIAN_POINT('Ctrl Pts',(21.9973900438859,310.595044641718,8.06669356963792));
#12677=CARTESIAN_POINT('Ctrl Pts',(22.0868810393756,310.5,8.53971808937265));
#12678=CARTESIAN_POINT('Ctrl Pts',(22.0868810393756,310.5,9.));
#12679=CARTESIAN_POINT('Origin',(8.99999999999984,942.,9.));
#12680=CARTESIAN_POINT('',(8.99999999999977,942.,5.5));
#12681=CARTESIAN_POINT('Origin',(8.99999999999977,942.,9.));
#12682=CARTESIAN_POINT('',(20.7499999999999,942.,5.50000000000001));
#12683=CARTESIAN_POINT('',(8.99999999999984,942.,5.5));
#12684=CARTESIAN_POINT('',(20.7499999999999,942.,12.5));
#12685=CARTESIAN_POINT('Ctrl Pts',(20.7499999999999,942.,12.5));
#12686=CARTESIAN_POINT('Ctrl Pts',(20.7499999999999,942.455218172441,12.5));
#12687=CARTESIAN_POINT('Ctrl Pts',(20.814125407084,942.93107432889,12.4059279299553));
#12688=CARTESIAN_POINT('Ctrl Pts',(21.0445723283358,943.789952752642,12.0435690753599));
#12689=CARTESIAN_POINT('Ctrl Pts',(21.2089912773102,944.173775215013,11.7759722532925));
#12690=CARTESIAN_POINT('Ctrl Pts',(21.5326694357676,944.779321601278,11.1704258670275));
#12691=CARTESIAN_POINT('Ctrl Pts',(21.7169668068697,945.044704912117,10.787333640744));
#12692=CARTESIAN_POINT('Ctrl Pts',(21.9973900438853,945.404955358281,9.93330643036217));
#12693=CARTESIAN_POINT('Ctrl Pts',(22.0868810393749,945.5,9.46028191062735));
#12694=CARTESIAN_POINT('Ctrl Pts',(22.0868810393749,945.5,8.53971808937265));
#12695=CARTESIAN_POINT('Ctrl Pts',(21.9973900438853,945.404955358281,8.06669356963782));
#12696=CARTESIAN_POINT('Ctrl Pts',(21.7169668068697,945.044704912117,7.21266635925597));
#12697=CARTESIAN_POINT('Ctrl Pts',(21.5326694357676,944.779321601278,6.82957413297246));
#12698=CARTESIAN_POINT('Ctrl Pts',(21.2089912773102,944.173775215013,6.22402774670755));
#12699=CARTESIAN_POINT('Ctrl Pts',(21.0445723283359,943.789952752642,5.95643092464028));
#12700=CARTESIAN_POINT('Ctrl Pts',(20.814125407084,942.93107432889,5.59407207004469));
#12701=CARTESIAN_POINT('Ctrl Pts',(20.7499999999999,942.455218172442,5.50000000000004));
#12702=CARTESIAN_POINT('Ctrl Pts',(20.7499999999999,942.,5.50000000000002));
#12703=CARTESIAN_POINT('',(22.0868810393754,938.5,9.));
#12704=CARTESIAN_POINT('Ctrl Pts',(22.0868810393754,938.5,9.));
#12705=CARTESIAN_POINT('Ctrl Pts',(22.0868810393754,938.5,9.46028191062734));
#12706=CARTESIAN_POINT('Ctrl Pts',(21.9973900438858,938.595044641718,9.93330643036217));
#12707=CARTESIAN_POINT('Ctrl Pts',(21.7169668068701,938.955295087882,10.787333640744));
#12708=CARTESIAN_POINT('Ctrl Pts',(21.5326694357681,939.220678398721,11.1704258670275));
#12709=CARTESIAN_POINT('Ctrl Pts',(21.2089912773105,939.826224784986,11.7759722532924));
#12710=CARTESIAN_POINT('Ctrl Pts',(21.0445723283361,940.210047247357,12.0435690753598));
#12711=CARTESIAN_POINT('Ctrl Pts',(20.8141254070841,941.06892567111,12.4059279299553));
#12712=CARTESIAN_POINT('Ctrl Pts',(20.7499999999999,941.544781827558,12.5));
#12713=CARTESIAN_POINT('Ctrl Pts',(20.7499999999999,942.,12.5));
#12714=CARTESIAN_POINT('Ctrl Pts',(20.7499999999998,942.,5.50000000000001));
#12715=CARTESIAN_POINT('Ctrl Pts',(20.7499999999998,941.544781827558,5.49999999999998));
#12716=CARTESIAN_POINT('Ctrl Pts',(20.8141254070841,941.06892567111,5.59407207004466));
#12717=CARTESIAN_POINT('Ctrl Pts',(21.0445723283361,940.210047247357,5.95643092464018));
#12718=CARTESIAN_POINT('Ctrl Pts',(21.2089912773105,939.826224784986,6.22402774670757));
#12719=CARTESIAN_POINT('Ctrl Pts',(21.5326694357681,939.220678398721,6.8295741329725));
#12720=CARTESIAN_POINT('Ctrl Pts',(21.71696680687,938.955295087882,7.21266635925596));
#12721=CARTESIAN_POINT('Ctrl Pts',(21.9973900438858,938.595044641718,8.06669356963779));
#12722=CARTESIAN_POINT('Ctrl Pts',(22.0868810393755,938.5,8.53971808937266));
#12723=CARTESIAN_POINT('Ctrl Pts',(22.0868810393755,938.5,9.));
#12724=CARTESIAN_POINT('Origin',(9.00000000000002,157.,9.));
#12725=CARTESIAN_POINT('',(8.99999999999977,157.,5.5));
#12726=CARTESIAN_POINT('Origin',(8.99999999999977,157.,9.));
#12727=CARTESIAN_POINT('',(20.75,157.,5.5));
#12728=CARTESIAN_POINT('',(9.00000000000002,157.,5.5));
#12729=CARTESIAN_POINT('',(20.75,157.,12.5));
#12730=CARTESIAN_POINT('Ctrl Pts',(20.75,157.,12.5));
#12731=CARTESIAN_POINT('Ctrl Pts',(20.75,157.455218172441,12.5));
#12732=CARTESIAN_POINT('Ctrl Pts',(20.8141254070842,157.93107432889,12.4059279299554));
#12733=CARTESIAN_POINT('Ctrl Pts',(21.044572328336,158.789952752642,12.0435690753599));
#12734=CARTESIAN_POINT('Ctrl Pts',(21.2089912773104,159.173775215013,11.7759722532924));
#12735=CARTESIAN_POINT('Ctrl Pts',(21.5326694357679,159.779321601278,11.1704258670275));
#12736=CARTESIAN_POINT('Ctrl Pts',(21.7169668068698,160.044704912117,10.787333640744));
#12737=CARTESIAN_POINT('Ctrl Pts',(21.9973900438855,160.404955358281,9.93330643036207));
#12738=CARTESIAN_POINT('Ctrl Pts',(22.0868810393752,160.5,9.46028191062734));
#12739=CARTESIAN_POINT('Ctrl Pts',(22.0868810393752,160.5,8.53971808937266));
#12740=CARTESIAN_POINT('Ctrl Pts',(21.9973900438855,160.404955358281,8.06669356963793));
#12741=CARTESIAN_POINT('Ctrl Pts',(21.7169668068698,160.044704912117,7.21266635925604));
#12742=CARTESIAN_POINT('Ctrl Pts',(21.5326694357679,159.779321601278,6.82957413297249));
#12743=CARTESIAN_POINT('Ctrl Pts',(21.2089912773104,159.173775215013,6.22402774670756));
#12744=CARTESIAN_POINT('Ctrl Pts',(21.044572328336,158.789952752642,5.95643092464014));
#12745=CARTESIAN_POINT('Ctrl Pts',(20.8141254070842,157.93107432889,5.59407207004464));
#12746=CARTESIAN_POINT('Ctrl Pts',(20.75,157.455218172441,5.5));
#12747=CARTESIAN_POINT('Ctrl Pts',(20.75,157.,5.5));
#12748=CARTESIAN_POINT('',(22.0868810393756,153.5,9.));
#12749=CARTESIAN_POINT('Ctrl Pts',(22.0868810393756,153.5,9.));
#12750=CARTESIAN_POINT('Ctrl Pts',(22.0868810393756,153.5,9.46028191062735));
#12751=CARTESIAN_POINT('Ctrl Pts',(21.997390043886,153.595044641718,9.93330643036209));
#12752=CARTESIAN_POINT('Ctrl Pts',(21.7169668068702,153.955295087882,10.787333640744));
#12753=CARTESIAN_POINT('Ctrl Pts',(21.5326694357682,154.220678398721,11.1704258670275));
#12754=CARTESIAN_POINT('Ctrl Pts',(21.2089912773107,154.826224784986,11.7759722532924));
#12755=CARTESIAN_POINT('Ctrl Pts',(21.0445723283362,155.210047247358,12.0435690753599));
#12756=CARTESIAN_POINT('Ctrl Pts',(20.8141254070843,156.06892567111,12.4059279299554));
#12757=CARTESIAN_POINT('Ctrl Pts',(20.75,156.544781827558,12.5));
#12758=CARTESIAN_POINT('Ctrl Pts',(20.75,157.,12.5));
#12759=CARTESIAN_POINT('Ctrl Pts',(20.75,157.,5.5));
#12760=CARTESIAN_POINT('Ctrl Pts',(20.75,156.544781827558,5.5));
#12761=CARTESIAN_POINT('Ctrl Pts',(20.8141254070843,156.06892567111,5.59407207004464));
#12762=CARTESIAN_POINT('Ctrl Pts',(21.0445723283362,155.210047247358,5.95643092464014));
#12763=CARTESIAN_POINT('Ctrl Pts',(21.2089912773107,154.826224784986,6.22402774670757));
#12764=CARTESIAN_POINT('Ctrl Pts',(21.5326694357682,154.220678398721,6.8295741329725));
#12765=CARTESIAN_POINT('Ctrl Pts',(21.7169668068702,153.955295087882,7.21266635925603));
#12766=CARTESIAN_POINT('Ctrl Pts',(21.997390043886,153.595044641718,8.06669356963791));
#12767=CARTESIAN_POINT('Ctrl Pts',(22.0868810393756,153.5,8.53971808937265));
#12768=CARTESIAN_POINT('Ctrl Pts',(22.0868810393756,153.5,9.));
#12769=CARTESIAN_POINT('Origin',(1413.,1247.,9.));
#12770=CARTESIAN_POINT('',(1409.5,1247.,9.));
#12771=CARTESIAN_POINT('Origin',(1413.,1247.,9.));
#12772=CARTESIAN_POINT('',(1409.5,1233.91311896062,9.));
#12773=CARTESIAN_POINT('',(1409.5,1247.,9.));
#12774=CARTESIAN_POINT('Ctrl Pts',(1409.5,1233.91311896062,9.));
#12775=CARTESIAN_POINT('Ctrl Pts',(1409.5,1233.91311896062,9.46028191062735));
#12776=CARTESIAN_POINT('Ctrl Pts',(1409.59504464172,1234.00260995611,9.93330643036221));
#12777=CARTESIAN_POINT('Ctrl Pts',(1409.95529508788,1234.28303319313,10.7873336407442));
#12778=CARTESIAN_POINT('Ctrl Pts',(1410.22067839872,1234.46733056423,11.1704258670275));
#12779=CARTESIAN_POINT('Ctrl Pts',(1410.82622478499,1234.79100872269,11.7759722532924));
#12780=CARTESIAN_POINT('Ctrl Pts',(1411.21004724736,1234.95542767166,12.04356907536));
#12781=CARTESIAN_POINT('Ctrl Pts',(1412.06892567111,1235.18587459292,12.4059279299554));
#12782=CARTESIAN_POINT('Ctrl Pts',(1412.54478182756,1235.25,12.5));
#12783=CARTESIAN_POINT('Ctrl Pts',(1413.45521817244,1235.25,12.5));
#12784=CARTESIAN_POINT('Ctrl Pts',(1413.93107432889,1235.18587459292,12.4059279299554));
#12785=CARTESIAN_POINT('Ctrl Pts',(1414.78995275264,1234.95542767166,12.04356907536));
#12786=CARTESIAN_POINT('Ctrl Pts',(1415.17377521501,1234.79100872269,11.7759722532924));
#12787=CARTESIAN_POINT('Ctrl Pts',(1415.77932160128,1234.46733056423,11.1704258670275));
#12788=CARTESIAN_POINT('Ctrl Pts',(1416.04470491212,1234.28303319313,10.7873336407439));
#12789=CARTESIAN_POINT('Ctrl Pts',(1416.40495535828,1234.00260995611,9.93330643036198));
#12790=CARTESIAN_POINT('Ctrl Pts',(1416.5,1233.91311896062,9.46028191062734));
#12791=CARTESIAN_POINT('Ctrl Pts',(1416.5,1233.91311896062,8.53971808937266));
#12792=CARTESIAN_POINT('Ctrl Pts',(1416.40495535828,1234.00260995611,8.06669356963802));
#12793=CARTESIAN_POINT('Ctrl Pts',(1416.04470491212,1234.28303319313,7.21266635925607));
#12794=CARTESIAN_POINT('Ctrl Pts',(1415.77932160128,1234.46733056423,6.82957413297248));
#12795=CARTESIAN_POINT('Ctrl Pts',(1415.17377521501,1234.79100872269,6.22402774670756));
#12796=CARTESIAN_POINT('Ctrl Pts',(1414.78995275264,1234.95542767166,5.95643092464005));
#12797=CARTESIAN_POINT('Ctrl Pts',(1413.93107432889,1235.18587459292,5.59407207004462));
#12798=CARTESIAN_POINT('Ctrl Pts',(1413.45521817244,1235.25,5.5));
#12799=CARTESIAN_POINT('Ctrl Pts',(1412.54478182756,1235.25,5.5));
#12800=CARTESIAN_POINT('Ctrl Pts',(1412.06892567111,1235.18587459292,5.59407207004462));
#12801=CARTESIAN_POINT('Ctrl Pts',(1411.21004724736,1234.95542767166,5.95643092464004));
#12802=CARTESIAN_POINT('Ctrl Pts',(1410.82622478499,1234.79100872269,6.22402774670757));
#12803=CARTESIAN_POINT('Ctrl Pts',(1410.22067839872,1234.46733056423,6.82957413297247));
#12804=CARTESIAN_POINT('Ctrl Pts',(1409.95529508788,1234.28303319313,7.21266635925584));
#12805=CARTESIAN_POINT('Ctrl Pts',(1409.59504464172,1234.00260995611,8.06669356963779));
#12806=CARTESIAN_POINT('Ctrl Pts',(1409.5,1233.91311896062,8.53971808937264));
#12807=CARTESIAN_POINT('Ctrl Pts',(1409.5,1233.91311896062,8.99999999999999));
#12808=CARTESIAN_POINT('Origin',(1727.,1247.,9.));
#12809=CARTESIAN_POINT('',(1723.5,1247.,9.));
#12810=CARTESIAN_POINT('Origin',(1727.,1247.,9.));
#12811=CARTESIAN_POINT('',(1723.5,1233.91311896062,8.99999999999999));
#12812=CARTESIAN_POINT('',(1723.5,1247.,9.));
#12813=CARTESIAN_POINT('Ctrl Pts',(1723.5,1233.91311896062,8.99999999999999));
#12814=CARTESIAN_POINT('Ctrl Pts',(1723.5,1233.91311896062,9.46028191062734));
#12815=CARTESIAN_POINT('Ctrl Pts',(1723.59504464172,1234.00260995611,9.93330643036221));
#12816=CARTESIAN_POINT('Ctrl Pts',(1723.95529508788,1234.28303319313,10.7873336407442));
#12817=CARTESIAN_POINT('Ctrl Pts',(1724.22067839872,1234.46733056423,11.1704258670275));
#12818=CARTESIAN_POINT('Ctrl Pts',(1724.82622478499,1234.79100872269,11.7759722532924));
#12819=CARTESIAN_POINT('Ctrl Pts',(1725.21004724736,1234.95542767166,12.04356907536));
#12820=CARTESIAN_POINT('Ctrl Pts',(1726.06892567111,1235.18587459292,12.4059279299554));
#12821=CARTESIAN_POINT('Ctrl Pts',(1726.54478182756,1235.25,12.5));
#12822=CARTESIAN_POINT('Ctrl Pts',(1727.45521817244,1235.25,12.5));
#12823=CARTESIAN_POINT('Ctrl Pts',(1727.93107432889,1235.18587459292,12.4059279299554));
#12824=CARTESIAN_POINT('Ctrl Pts',(1728.78995275264,1234.95542767166,12.04356907536));
#12825=CARTESIAN_POINT('Ctrl Pts',(1729.17377521501,1234.79100872269,11.7759722532924));
#12826=CARTESIAN_POINT('Ctrl Pts',(1729.77932160128,1234.46733056423,11.1704258670275));
#12827=CARTESIAN_POINT('Ctrl Pts',(1730.04470491212,1234.28303319313,10.7873336407439));
#12828=CARTESIAN_POINT('Ctrl Pts',(1730.40495535828,1234.00260995611,9.93330643036198));
#12829=CARTESIAN_POINT('Ctrl Pts',(1730.5,1233.91311896062,9.46028191062734));
#12830=CARTESIAN_POINT('Ctrl Pts',(1730.5,1233.91311896062,8.53971808937266));
#12831=CARTESIAN_POINT('Ctrl Pts',(1730.40495535828,1234.00260995611,8.06669356963802));
#12832=CARTESIAN_POINT('Ctrl Pts',(1730.04470491212,1234.28303319313,7.21266635925607));
#12833=CARTESIAN_POINT('Ctrl Pts',(1729.77932160128,1234.46733056423,6.82957413297248));
#12834=CARTESIAN_POINT('Ctrl Pts',(1729.17377521501,1234.79100872269,6.22402774670756));
#12835=CARTESIAN_POINT('Ctrl Pts',(1728.78995275264,1234.95542767166,5.95643092464005));
#12836=CARTESIAN_POINT('Ctrl Pts',(1727.93107432889,1235.18587459292,5.59407207004462));
#12837=CARTESIAN_POINT('Ctrl Pts',(1727.45521817244,1235.25,5.5));
#12838=CARTESIAN_POINT('Ctrl Pts',(1726.54478182756,1235.25,5.5));
#12839=CARTESIAN_POINT('Ctrl Pts',(1726.06892567111,1235.18587459292,5.59407207004462));
#12840=CARTESIAN_POINT('Ctrl Pts',(1725.21004724736,1234.95542767166,5.95643092464004));
#12841=CARTESIAN_POINT('Ctrl Pts',(1724.82622478499,1234.79100872269,6.22402774670757));
#12842=CARTESIAN_POINT('Ctrl Pts',(1724.22067839872,1234.46733056423,6.82957413297247));
#12843=CARTESIAN_POINT('Ctrl Pts',(1723.95529508788,1234.28303319313,7.21266635925584));
#12844=CARTESIAN_POINT('Ctrl Pts',(1723.59504464172,1234.00260995611,8.06669356963779));
#12845=CARTESIAN_POINT('Ctrl Pts',(1723.5,1233.91311896062,8.53971808937265));
#12846=CARTESIAN_POINT('Ctrl Pts',(1723.5,1233.91311896062,9.));
#12847=CARTESIAN_POINT('Origin',(2041.,1247.,9.));
#12848=CARTESIAN_POINT('',(2037.5,1247.,9.));
#12849=CARTESIAN_POINT('Origin',(2041.,1247.,9.));
#12850=CARTESIAN_POINT('',(2037.5,1233.91311896062,8.99999999999998));
#12851=CARTESIAN_POINT('',(2037.5,1247.,9.));
#12852=CARTESIAN_POINT('Ctrl Pts',(2037.5,1233.91311896062,8.99999999999998));
#12853=CARTESIAN_POINT('Ctrl Pts',(2037.5,1233.91311896062,9.46028191062733));
#12854=CARTESIAN_POINT('Ctrl Pts',(2037.59504464172,1234.00260995611,9.93330643036215));
#12855=CARTESIAN_POINT('Ctrl Pts',(2037.95529508788,1234.28303319313,10.787333640744));
#12856=CARTESIAN_POINT('Ctrl Pts',(2038.22067839872,1234.46733056423,11.1704258670275));
#12857=CARTESIAN_POINT('Ctrl Pts',(2038.82622478499,1234.79100872269,11.7759722532924));
#12858=CARTESIAN_POINT('Ctrl Pts',(2039.21004724736,1234.95542767166,12.0435690753599));
#12859=CARTESIAN_POINT('Ctrl Pts',(2040.06892567111,1235.18587459292,12.4059279299554));
#12860=CARTESIAN_POINT('Ctrl Pts',(2040.54478182756,1235.25,12.5));
#12861=CARTESIAN_POINT('Ctrl Pts',(2041.45521817244,1235.25,12.5));
#12862=CARTESIAN_POINT('Ctrl Pts',(2041.93107432889,1235.18587459292,12.4059279299554));
#12863=CARTESIAN_POINT('Ctrl Pts',(2042.78995275264,1234.95542767166,12.0435690753599));
#12864=CARTESIAN_POINT('Ctrl Pts',(2043.17377521501,1234.79100872269,11.7759722532924));
#12865=CARTESIAN_POINT('Ctrl Pts',(2043.77932160128,1234.46733056423,11.1704258670275));
#12866=CARTESIAN_POINT('Ctrl Pts',(2044.04470491212,1234.28303319313,10.7873336407439));
#12867=CARTESIAN_POINT('Ctrl Pts',(2044.40495535828,1234.00260995611,9.93330643036207));
#12868=CARTESIAN_POINT('Ctrl Pts',(2044.5,1233.91311896062,9.46028191062734));
#12869=CARTESIAN_POINT('Ctrl Pts',(2044.5,1233.91311896062,8.53971808937266));
#12870=CARTESIAN_POINT('Ctrl Pts',(2044.40495535828,1234.00260995611,8.06669356963793));
#12871=CARTESIAN_POINT('Ctrl Pts',(2044.04470491212,1234.28303319313,7.21266635925607));
#12872=CARTESIAN_POINT('Ctrl Pts',(2043.77932160128,1234.46733056423,6.82957413297248));
#12873=CARTESIAN_POINT('Ctrl Pts',(2043.17377521501,1234.79100872269,6.22402774670756));
#12874=CARTESIAN_POINT('Ctrl Pts',(2042.78995275264,1234.95542767166,5.95643092464014));
#12875=CARTESIAN_POINT('Ctrl Pts',(2041.93107432889,1235.18587459292,5.59407207004462));
#12876=CARTESIAN_POINT('Ctrl Pts',(2041.45521817244,1235.25,5.5));
#12877=CARTESIAN_POINT('Ctrl Pts',(2040.54478182756,1235.25,5.5));
#12878=CARTESIAN_POINT('Ctrl Pts',(2040.06892567111,1235.18587459292,5.59407207004462));
#12879=CARTESIAN_POINT('Ctrl Pts',(2039.21004724736,1234.95542767166,5.95643092464014));
#12880=CARTESIAN_POINT('Ctrl Pts',(2038.82622478499,1234.79100872269,6.22402774670757));
#12881=CARTESIAN_POINT('Ctrl Pts',(2038.22067839872,1234.46733056423,6.82957413297247));
#12882=CARTESIAN_POINT('Ctrl Pts',(2037.95529508788,1234.28303319313,7.21266635925598));
#12883=CARTESIAN_POINT('Ctrl Pts',(2037.59504464172,1234.00260995611,8.06669356963784));
#12884=CARTESIAN_POINT('Ctrl Pts',(2037.5,1233.91311896062,8.53971808937267));
#12885=CARTESIAN_POINT('Ctrl Pts',(2037.5,1233.91311896062,9.00000000000002));
#12886=CARTESIAN_POINT('Origin',(2355.,1247.,9.));
#12887=CARTESIAN_POINT('',(2351.5,1247.,9.));
#12888=CARTESIAN_POINT('Origin',(2355.,1247.,9.));
#12889=CARTESIAN_POINT('',(2351.5,1233.91311896062,9.));
#12890=CARTESIAN_POINT('',(2351.5,1247.,9.));
#12891=CARTESIAN_POINT('Ctrl Pts',(2351.5,1233.91311896062,9.));
#12892=CARTESIAN_POINT('Ctrl Pts',(2351.5,1233.91311896062,9.46028191062735));
#12893=CARTESIAN_POINT('Ctrl Pts',(2351.59504464172,1234.00260995611,9.93330643036221));
#12894=CARTESIAN_POINT('Ctrl Pts',(2351.95529508788,1234.28303319313,10.7873336407442));
#12895=CARTESIAN_POINT('Ctrl Pts',(2352.22067839872,1234.46733056423,11.1704258670275));
#12896=CARTESIAN_POINT('Ctrl Pts',(2352.82622478499,1234.79100872269,11.7759722532924));
#12897=CARTESIAN_POINT('Ctrl Pts',(2353.21004724736,1234.95542767166,12.04356907536));
#12898=CARTESIAN_POINT('Ctrl Pts',(2354.06892567111,1235.18587459292,12.4059279299554));
#12899=CARTESIAN_POINT('Ctrl Pts',(2354.54478182756,1235.25,12.5));
#12900=CARTESIAN_POINT('Ctrl Pts',(2355.45521817244,1235.25,12.5));
#12901=CARTESIAN_POINT('Ctrl Pts',(2355.93107432889,1235.18587459292,12.4059279299554));
#12902=CARTESIAN_POINT('Ctrl Pts',(2356.78995275264,1234.95542767166,12.04356907536));
#12903=CARTESIAN_POINT('Ctrl Pts',(2357.17377521501,1234.79100872269,11.7759722532924));
#12904=CARTESIAN_POINT('Ctrl Pts',(2357.77932160128,1234.46733056423,11.1704258670275));
#12905=CARTESIAN_POINT('Ctrl Pts',(2358.04470491212,1234.28303319313,10.7873336407439));
#12906=CARTESIAN_POINT('Ctrl Pts',(2358.40495535828,1234.00260995611,9.93330643036198));
#12907=CARTESIAN_POINT('Ctrl Pts',(2358.5,1233.91311896062,9.46028191062734));
#12908=CARTESIAN_POINT('Ctrl Pts',(2358.5,1233.91311896062,8.53971808937266));
#12909=CARTESIAN_POINT('Ctrl Pts',(2358.40495535828,1234.00260995611,8.06669356963802));
#12910=CARTESIAN_POINT('Ctrl Pts',(2358.04470491212,1234.28303319313,7.21266635925607));
#12911=CARTESIAN_POINT('Ctrl Pts',(2357.77932160128,1234.46733056423,6.82957413297248));
#12912=CARTESIAN_POINT('Ctrl Pts',(2357.17377521501,1234.79100872269,6.22402774670756));
#12913=CARTESIAN_POINT('Ctrl Pts',(2356.78995275264,1234.95542767166,5.95643092464037));
#12914=CARTESIAN_POINT('Ctrl Pts',(2355.93107432889,1235.18587459292,5.59407207004479));
#12915=CARTESIAN_POINT('Ctrl Pts',(2355.45521817244,1235.25,5.5));
#12916=CARTESIAN_POINT('Ctrl Pts',(2354.54478182756,1235.25,5.5));
#12917=CARTESIAN_POINT('Ctrl Pts',(2354.06892567111,1235.18587459292,5.59407207004462));
#12918=CARTESIAN_POINT('Ctrl Pts',(2353.21004724736,1234.95542767166,5.95643092464004));
#12919=CARTESIAN_POINT('Ctrl Pts',(2352.82622478499,1234.79100872269,6.22402774670757));
#12920=CARTESIAN_POINT('Ctrl Pts',(2352.22067839872,1234.46733056423,6.82957413297247));
#12921=CARTESIAN_POINT('Ctrl Pts',(2351.95529508788,1234.28303319313,7.21266635925584));
#12922=CARTESIAN_POINT('Ctrl Pts',(2351.59504464172,1234.00260995611,8.06669356963779));
#12923=CARTESIAN_POINT('Ctrl Pts',(2351.5,1233.91311896062,8.53971808937265));
#12924=CARTESIAN_POINT('Ctrl Pts',(2351.5,1233.91311896062,9.));
#12925=CARTESIAN_POINT('Origin',(471.,1247.,9.));
#12926=CARTESIAN_POINT('',(467.5,1247.,9.));
#12927=CARTESIAN_POINT('Origin',(471.,1247.,9.));
#12928=CARTESIAN_POINT('',(467.5,1233.91311896062,9.));
#12929=CARTESIAN_POINT('',(467.5,1247.,9.));
#12930=CARTESIAN_POINT('Ctrl Pts',(467.5,1233.91311896062,9.));
#12931=CARTESIAN_POINT('Ctrl Pts',(467.5,1233.91311896062,9.46028191062735));
#12932=CARTESIAN_POINT('Ctrl Pts',(467.595044641719,1234.00260995611,9.93330643036208));
#12933=CARTESIAN_POINT('Ctrl Pts',(467.955295087882,1234.28303319313,10.7873336407439));
#12934=CARTESIAN_POINT('Ctrl Pts',(468.220678398722,1234.46733056423,11.1704258670275));
#12935=CARTESIAN_POINT('Ctrl Pts',(468.826224784987,1234.79100872269,11.7759722532924));
#12936=CARTESIAN_POINT('Ctrl Pts',(469.210047247358,1234.95542767166,12.0435690753599));
#12937=CARTESIAN_POINT('Ctrl Pts',(470.06892567111,1235.18587459292,12.4059279299553));
#12938=CARTESIAN_POINT('Ctrl Pts',(470.544781827558,1235.25,12.5));
#12939=CARTESIAN_POINT('Ctrl Pts',(471.455218172442,1235.25,12.5));
#12940=CARTESIAN_POINT('Ctrl Pts',(471.93107432889,1235.18587459292,12.4059279299553));
#12941=CARTESIAN_POINT('Ctrl Pts',(472.789952752642,1234.95542767166,12.0435690753599));
#12942=CARTESIAN_POINT('Ctrl Pts',(473.173775215013,1234.79100872269,11.7759722532924));
#12943=CARTESIAN_POINT('Ctrl Pts',(473.779321601278,1234.46733056423,11.1704258670275));
#12944=CARTESIAN_POINT('Ctrl Pts',(474.044704912117,1234.28303319313,10.7873336407439));
#12945=CARTESIAN_POINT('Ctrl Pts',(474.404955358281,1234.00260995611,9.93330643036208));
#12946=CARTESIAN_POINT('Ctrl Pts',(474.5,1233.91311896062,9.46028191062735));
#12947=CARTESIAN_POINT('Ctrl Pts',(474.5,1233.91311896062,8.53971808937265));
#12948=CARTESIAN_POINT('Ctrl Pts',(474.404955358281,1234.00260995611,8.06669356963791));
#12949=CARTESIAN_POINT('Ctrl Pts',(474.044704912117,1234.28303319313,7.21266635925606));
#12950=CARTESIAN_POINT('Ctrl Pts',(473.779321601278,1234.46733056423,6.82957413297249));
#12951=CARTESIAN_POINT('Ctrl Pts',(473.173775215013,1234.79100872269,6.22402774670756));
#12952=CARTESIAN_POINT('Ctrl Pts',(472.789952752642,1234.95542767166,5.95643092464011));
#12953=CARTESIAN_POINT('Ctrl Pts',(471.93107432889,1235.18587459292,5.59407207004464));
#12954=CARTESIAN_POINT('Ctrl Pts',(471.455218172442,1235.25,5.5));
#12955=CARTESIAN_POINT('Ctrl Pts',(470.544781827558,1235.25,5.5));
#12956=CARTESIAN_POINT('Ctrl Pts',(470.06892567111,1235.18587459292,5.59407207004458));
#12957=CARTESIAN_POINT('Ctrl Pts',(469.210047247358,1234.95542767166,5.95643092464002));
#12958=CARTESIAN_POINT('Ctrl Pts',(468.826224784987,1234.79100872269,6.22402774670756));
#12959=CARTESIAN_POINT('Ctrl Pts',(468.220678398722,1234.46733056423,6.82957413297249));
#12960=CARTESIAN_POINT('Ctrl Pts',(467.955295087883,1234.28303319313,7.21266635925596));
#12961=CARTESIAN_POINT('Ctrl Pts',(467.595044641719,1234.00260995611,8.06669356963788));
#12962=CARTESIAN_POINT('Ctrl Pts',(467.5,1233.91311896062,8.53971808937265));
#12963=CARTESIAN_POINT('Ctrl Pts',(467.5,1233.91311896062,9.));
#12964=CARTESIAN_POINT('Origin',(785.,1247.,9.));
#12965=CARTESIAN_POINT('',(781.5,1247.,9.));
#12966=CARTESIAN_POINT('Origin',(785.,1247.,9.));
#12967=CARTESIAN_POINT('',(781.5,1233.91311896062,9.));
#12968=CARTESIAN_POINT('',(781.5,1247.,9.));
#12969=CARTESIAN_POINT('Ctrl Pts',(781.5,1233.91311896062,9.));
#12970=CARTESIAN_POINT('Ctrl Pts',(781.5,1233.91311896062,9.46028191062734));
#12971=CARTESIAN_POINT('Ctrl Pts',(781.595044641718,1234.00260995611,9.9333064303621));
#12972=CARTESIAN_POINT('Ctrl Pts',(781.955295087882,1234.28303319313,10.787333640744));
#12973=CARTESIAN_POINT('Ctrl Pts',(782.220678398721,1234.46733056423,11.1704258670275));
#12974=CARTESIAN_POINT('Ctrl Pts',(782.826224784986,1234.79100872269,11.7759722532925));
#12975=CARTESIAN_POINT('Ctrl Pts',(783.210047247358,1234.95542767166,12.0435690753599));
#12976=CARTESIAN_POINT('Ctrl Pts',(784.06892567111,1235.18587459292,12.4059279299554));
#12977=CARTESIAN_POINT('Ctrl Pts',(784.544781827558,1235.25,12.5));
#12978=CARTESIAN_POINT('Ctrl Pts',(785.455218172442,1235.25,12.5));
#12979=CARTESIAN_POINT('Ctrl Pts',(785.931074328889,1235.18587459292,12.4059279299554));
#12980=CARTESIAN_POINT('Ctrl Pts',(786.789952752642,1234.95542767166,12.0435690753599));
#12981=CARTESIAN_POINT('Ctrl Pts',(787.173775215013,1234.79100872269,11.7759722532925));
#12982=CARTESIAN_POINT('Ctrl Pts',(787.779321601278,1234.46733056423,11.1704258670275));
#12983=CARTESIAN_POINT('Ctrl Pts',(788.044704912117,1234.28303319313,10.787333640744));
#12984=CARTESIAN_POINT('Ctrl Pts',(788.404955358281,1234.00260995611,9.9333064303621));
#12985=CARTESIAN_POINT('Ctrl Pts',(788.5,1233.91311896062,9.46028191062733));
#12986=CARTESIAN_POINT('Ctrl Pts',(788.5,1233.91311896062,8.53971808937267));
#12987=CARTESIAN_POINT('Ctrl Pts',(788.404955358281,1234.00260995611,8.0666935696379));
#12988=CARTESIAN_POINT('Ctrl Pts',(788.044704912117,1234.28303319313,7.21266635925603));
#12989=CARTESIAN_POINT('Ctrl Pts',(787.779321601278,1234.46733056423,6.82957413297248));
#12990=CARTESIAN_POINT('Ctrl Pts',(787.173775215013,1234.79100872269,6.22402774670754));
#12991=CARTESIAN_POINT('Ctrl Pts',(786.789952752642,1234.95542767166,5.95643092464006));
#12992=CARTESIAN_POINT('Ctrl Pts',(785.931074328889,1235.18587459292,5.59407207004463));
#12993=CARTESIAN_POINT('Ctrl Pts',(785.455218172442,1235.25,5.5));
#12994=CARTESIAN_POINT('Ctrl Pts',(784.544781827558,1235.25,5.5));
#12995=CARTESIAN_POINT('Ctrl Pts',(784.06892567111,1235.18587459292,5.59407207004464));
#12996=CARTESIAN_POINT('Ctrl Pts',(783.210047247358,1234.95542767166,5.95643092464006));
#12997=CARTESIAN_POINT('Ctrl Pts',(782.826224784986,1234.79100872269,6.22402774670755));
#12998=CARTESIAN_POINT('Ctrl Pts',(782.220678398721,1234.46733056423,6.82957413297247));
#12999=CARTESIAN_POINT('Ctrl Pts',(781.955295087882,1234.28303319313,7.21266635925598));
#13000=CARTESIAN_POINT('Ctrl Pts',(781.595044641718,1234.00260995611,8.0666935696379));
#13001=CARTESIAN_POINT('Ctrl Pts',(781.5,1233.91311896062,8.53971808937268));
#13002=CARTESIAN_POINT('Ctrl Pts',(781.5,1233.91311896062,9.00000000000002));
#13003=CARTESIAN_POINT('Origin',(1099.,1247.,9.));
#13004=CARTESIAN_POINT('',(1095.5,1247.,9.));
#13005=CARTESIAN_POINT('Origin',(1099.,1247.,9.));
#13006=CARTESIAN_POINT('',(1095.5,1233.91311896062,8.99999999999999));
#13007=CARTESIAN_POINT('',(1095.5,1247.,9.));
#13008=CARTESIAN_POINT('Ctrl Pts',(1095.5,1233.91311896062,8.99999999999999));
#13009=CARTESIAN_POINT('Ctrl Pts',(1095.5,1233.91311896062,9.46028191062734));
#13010=CARTESIAN_POINT('Ctrl Pts',(1095.59504464172,1234.00260995611,9.93330643036211));
#13011=CARTESIAN_POINT('Ctrl Pts',(1095.95529508788,1234.28303319313,10.7873336407439));
#13012=CARTESIAN_POINT('Ctrl Pts',(1096.22067839872,1234.46733056423,11.1704258670275));
#13013=CARTESIAN_POINT('Ctrl Pts',(1096.82622478499,1234.79100872269,11.7759722532925));
#13014=CARTESIAN_POINT('Ctrl Pts',(1097.21004724736,1234.95542767166,12.0435690753599));
#13015=CARTESIAN_POINT('Ctrl Pts',(1098.06892567111,1235.18587459292,12.4059279299554));
#13016=CARTESIAN_POINT('Ctrl Pts',(1098.54478182756,1235.25,12.5));
#13017=CARTESIAN_POINT('Ctrl Pts',(1099.45521817244,1235.25,12.5));
#13018=CARTESIAN_POINT('Ctrl Pts',(1099.93107432889,1235.18587459292,12.4059279299554));
#13019=CARTESIAN_POINT('Ctrl Pts',(1100.78995275264,1234.95542767166,12.0435690753599));
#13020=CARTESIAN_POINT('Ctrl Pts',(1101.17377521501,1234.79100872269,11.7759722532925));
#13021=CARTESIAN_POINT('Ctrl Pts',(1101.77932160128,1234.46733056423,11.1704258670275));
#13022=CARTESIAN_POINT('Ctrl Pts',(1102.04470491212,1234.28303319313,10.7873336407439));
#13023=CARTESIAN_POINT('Ctrl Pts',(1102.40495535828,1234.00260995611,9.93330643036211));
#13024=CARTESIAN_POINT('Ctrl Pts',(1102.5,1233.91311896062,9.46028191062734));
#13025=CARTESIAN_POINT('Ctrl Pts',(1102.5,1233.91311896062,8.53971808937266));
#13026=CARTESIAN_POINT('Ctrl Pts',(1102.40495535828,1234.00260995611,8.06669356963789));
#13027=CARTESIAN_POINT('Ctrl Pts',(1102.04470491212,1234.28303319313,7.21266635925607));
#13028=CARTESIAN_POINT('Ctrl Pts',(1101.77932160128,1234.46733056423,6.82957413297248));
#13029=CARTESIAN_POINT('Ctrl Pts',(1101.17377521501,1234.79100872269,6.22402774670754));
#13030=CARTESIAN_POINT('Ctrl Pts',(1100.78995275264,1234.95542767166,5.95643092464013));
#13031=CARTESIAN_POINT('Ctrl Pts',(1099.93107432889,1235.18587459292,5.59407207004467));
#13032=CARTESIAN_POINT('Ctrl Pts',(1099.45521817244,1235.25,5.5));
#13033=CARTESIAN_POINT('Ctrl Pts',(1098.54478182756,1235.25,5.5));
#13034=CARTESIAN_POINT('Ctrl Pts',(1098.06892567111,1235.18587459292,5.59407207004458));
#13035=CARTESIAN_POINT('Ctrl Pts',(1097.21004724736,1234.95542767166,5.95643092463997));
#13036=CARTESIAN_POINT('Ctrl Pts',(1096.82622478499,1234.79100872269,6.22402774670754));
#13037=CARTESIAN_POINT('Ctrl Pts',(1096.22067839872,1234.46733056423,6.82957413297247));
#13038=CARTESIAN_POINT('Ctrl Pts',(1095.95529508788,1234.28303319313,7.21266635925603));
#13039=CARTESIAN_POINT('Ctrl Pts',(1095.59504464172,1234.00260995611,8.06669356963792));
#13040=CARTESIAN_POINT('Ctrl Pts',(1095.5,1233.91311896062,8.53971808937266));
#13041=CARTESIAN_POINT('Ctrl Pts',(1095.5,1233.91311896062,9.));
#13042=CARTESIAN_POINT('Origin',(1256.,1247.,9.));
#13043=CARTESIAN_POINT('',(1252.5,1247.,9.));
#13044=CARTESIAN_POINT('Origin',(1256.,1247.,9.));
#13045=CARTESIAN_POINT('',(1252.5,1233.91311896062,9.));
#13046=CARTESIAN_POINT('',(1252.5,1247.,9.));
#13047=CARTESIAN_POINT('Ctrl Pts',(1252.5,1233.91311896062,9.));
#13048=CARTESIAN_POINT('Ctrl Pts',(1252.5,1233.91311896062,9.46028191062733));
#13049=CARTESIAN_POINT('Ctrl Pts',(1252.59504464172,1234.00260995611,9.93330643036206));
#13050=CARTESIAN_POINT('Ctrl Pts',(1252.95529508788,1234.28303319313,10.7873336407439));
#13051=CARTESIAN_POINT('Ctrl Pts',(1253.22067839872,1234.46733056423,11.1704258670275));
#13052=CARTESIAN_POINT('Ctrl Pts',(1253.82622478499,1234.79100872269,11.7759722532925));
#13053=CARTESIAN_POINT('Ctrl Pts',(1254.21004724736,1234.95542767166,12.0435690753598));
#13054=CARTESIAN_POINT('Ctrl Pts',(1255.06892567111,1235.18587459292,12.4059279299553));
#13055=CARTESIAN_POINT('Ctrl Pts',(1255.54478182756,1235.25,12.5));
#13056=CARTESIAN_POINT('Ctrl Pts',(1256.45521817244,1235.25,12.5));
#13057=CARTESIAN_POINT('Ctrl Pts',(1256.93107432889,1235.18587459292,12.4059279299553));
#13058=CARTESIAN_POINT('Ctrl Pts',(1257.78995275264,1234.95542767166,12.0435690753598));
#13059=CARTESIAN_POINT('Ctrl Pts',(1258.17377521501,1234.79100872269,11.7759722532925));
#13060=CARTESIAN_POINT('Ctrl Pts',(1258.77932160128,1234.46733056423,11.1704258670275));
#13061=CARTESIAN_POINT('Ctrl Pts',(1259.04470491212,1234.28303319313,10.787333640744));
#13062=CARTESIAN_POINT('Ctrl Pts',(1259.40495535828,1234.00260995611,9.93330643036215));
#13063=CARTESIAN_POINT('Ctrl Pts',(1259.5,1233.91311896062,9.46028191062734));
#13064=CARTESIAN_POINT('Ctrl Pts',(1259.5,1233.91311896062,8.53971808937267));
#13065=CARTESIAN_POINT('Ctrl Pts',(1259.40495535828,1234.00260995611,8.06669356963794));
#13066=CARTESIAN_POINT('Ctrl Pts',(1259.04470491212,1234.28303319313,7.21266635925607));
#13067=CARTESIAN_POINT('Ctrl Pts',(1258.77932160128,1234.46733056423,6.82957413297247));
#13068=CARTESIAN_POINT('Ctrl Pts',(1258.17377521501,1234.79100872269,6.22402774670754));
#13069=CARTESIAN_POINT('Ctrl Pts',(1257.78995275264,1234.95542767166,5.95643092464024));
#13070=CARTESIAN_POINT('Ctrl Pts',(1256.93107432889,1235.18587459292,5.5940720700447));
#13071=CARTESIAN_POINT('Ctrl Pts',(1256.45521817244,1235.25,5.5));
#13072=CARTESIAN_POINT('Ctrl Pts',(1255.54478182756,1235.25,5.5));
#13073=CARTESIAN_POINT('Ctrl Pts',(1255.06892567111,1235.18587459292,5.59407207004458));
#13074=CARTESIAN_POINT('Ctrl Pts',(1254.21004724736,1234.95542767166,5.95643092464002));
#13075=CARTESIAN_POINT('Ctrl Pts',(1253.82622478499,1234.79100872269,6.22402774670755));
#13076=CARTESIAN_POINT('Ctrl Pts',(1253.22067839872,1234.46733056423,6.82957413297247));
#13077=CARTESIAN_POINT('Ctrl Pts',(1252.95529508788,1234.28303319313,7.21266635925609));
#13078=CARTESIAN_POINT('Ctrl Pts',(1252.59504464172,1234.00260995611,8.06669356963794));
#13079=CARTESIAN_POINT('Ctrl Pts',(1252.5,1233.91311896062,8.53971808937267));
#13080=CARTESIAN_POINT('Ctrl Pts',(1252.5,1233.91311896062,9.00000000000001));
#13081=CARTESIAN_POINT('Origin',(942.,1247.,9.));
#13082=CARTESIAN_POINT('',(938.5,1247.,9.));
#13083=CARTESIAN_POINT('Origin',(942.,1247.,9.));
#13084=CARTESIAN_POINT('',(938.5,1233.91311896062,9.));
#13085=CARTESIAN_POINT('',(938.5,1247.,9.));
#13086=CARTESIAN_POINT('Ctrl Pts',(938.5,1233.91311896062,9.));
#13087=CARTESIAN_POINT('Ctrl Pts',(938.5,1233.91311896062,9.46028191062734));
#13088=CARTESIAN_POINT('Ctrl Pts',(938.595044641718,1234.00260995611,9.93330643036211));
#13089=CARTESIAN_POINT('Ctrl Pts',(938.955295087882,1234.28303319313,10.7873336407439));
#13090=CARTESIAN_POINT('Ctrl Pts',(939.220678398721,1234.46733056423,11.1704258670275));
#13091=CARTESIAN_POINT('Ctrl Pts',(939.826224784987,1234.79100872269,11.7759722532925));
#13092=CARTESIAN_POINT('Ctrl Pts',(940.210047247358,1234.95542767166,12.0435690753599));
#13093=CARTESIAN_POINT('Ctrl Pts',(941.06892567111,1235.18587459292,12.4059279299554));
#13094=CARTESIAN_POINT('Ctrl Pts',(941.544781827558,1235.25,12.5));
#13095=CARTESIAN_POINT('Ctrl Pts',(942.455218172442,1235.25,12.5));
#13096=CARTESIAN_POINT('Ctrl Pts',(942.93107432889,1235.18587459292,12.4059279299554));
#13097=CARTESIAN_POINT('Ctrl Pts',(943.789952752642,1234.95542767166,12.0435690753599));
#13098=CARTESIAN_POINT('Ctrl Pts',(944.173775215013,1234.79100872269,11.7759722532925));
#13099=CARTESIAN_POINT('Ctrl Pts',(944.779321601278,1234.46733056423,11.1704258670275));
#13100=CARTESIAN_POINT('Ctrl Pts',(945.044704912117,1234.28303319313,10.7873336407439));
#13101=CARTESIAN_POINT('Ctrl Pts',(945.404955358281,1234.00260995611,9.93330643036211));
#13102=CARTESIAN_POINT('Ctrl Pts',(945.5,1233.91311896062,9.46028191062734));
#13103=CARTESIAN_POINT('Ctrl Pts',(945.5,1233.91311896062,8.53971808937266));
#13104=CARTESIAN_POINT('Ctrl Pts',(945.404955358281,1234.00260995611,8.06669356963789));
#13105=CARTESIAN_POINT('Ctrl Pts',(945.044704912117,1234.28303319313,7.21266635925607));
#13106=CARTESIAN_POINT('Ctrl Pts',(944.779321601278,1234.46733056423,6.82957413297248));
#13107=CARTESIAN_POINT('Ctrl Pts',(944.173775215013,1234.79100872269,6.22402774670754));
#13108=CARTESIAN_POINT('Ctrl Pts',(943.789952752642,1234.95542767166,5.95643092464013));
#13109=CARTESIAN_POINT('Ctrl Pts',(942.93107432889,1235.18587459292,5.59407207004467));
#13110=CARTESIAN_POINT('Ctrl Pts',(942.455218172442,1235.25,5.5));
#13111=CARTESIAN_POINT('Ctrl Pts',(941.544781827558,1235.25,5.5));
#13112=CARTESIAN_POINT('Ctrl Pts',(941.06892567111,1235.18587459292,5.59407207004458));
#13113=CARTESIAN_POINT('Ctrl Pts',(940.210047247358,1234.95542767166,5.95643092463997));
#13114=CARTESIAN_POINT('Ctrl Pts',(939.826224784987,1234.79100872269,6.22402774670754));
#13115=CARTESIAN_POINT('Ctrl Pts',(939.220678398721,1234.46733056423,6.82957413297247));
#13116=CARTESIAN_POINT('Ctrl Pts',(938.955295087882,1234.28303319313,7.21266635925603));
#13117=CARTESIAN_POINT('Ctrl Pts',(938.595044641718,1234.00260995611,8.06669356963792));
#13118=CARTESIAN_POINT('Ctrl Pts',(938.5,1233.91311896062,8.53971808937266));
#13119=CARTESIAN_POINT('Ctrl Pts',(938.5,1233.91311896062,9.));
#13120=CARTESIAN_POINT('Origin',(628.,1247.,9.));
#13121=CARTESIAN_POINT('',(624.5,1247.,9.));
#13122=CARTESIAN_POINT('Origin',(628.,1247.,9.));
#13123=CARTESIAN_POINT('',(624.5,1233.91311896062,8.99999999999999));
#13124=CARTESIAN_POINT('',(624.5,1247.,9.));
#13125=CARTESIAN_POINT('Ctrl Pts',(624.5,1233.91311896062,8.99999999999999));
#13126=CARTESIAN_POINT('Ctrl Pts',(624.5,1233.91311896062,9.46028191062734));
#13127=CARTESIAN_POINT('Ctrl Pts',(624.595044641718,1234.00260995611,9.93330643036208));
#13128=CARTESIAN_POINT('Ctrl Pts',(624.955295087882,1234.28303319313,10.7873336407439));
#13129=CARTESIAN_POINT('Ctrl Pts',(625.220678398721,1234.46733056423,11.1704258670275));
#13130=CARTESIAN_POINT('Ctrl Pts',(625.826224784986,1234.79100872269,11.7759722532924));
#13131=CARTESIAN_POINT('Ctrl Pts',(626.210047247358,1234.95542767166,12.0435690753599));
#13132=CARTESIAN_POINT('Ctrl Pts',(627.06892567111,1235.18587459292,12.4059279299553));
#13133=CARTESIAN_POINT('Ctrl Pts',(627.544781827558,1235.25,12.5));
#13134=CARTESIAN_POINT('Ctrl Pts',(628.455218172442,1235.25,12.5));
#13135=CARTESIAN_POINT('Ctrl Pts',(628.93107432889,1235.18587459292,12.4059279299553));
#13136=CARTESIAN_POINT('Ctrl Pts',(629.789952752642,1234.95542767166,12.0435690753599));
#13137=CARTESIAN_POINT('Ctrl Pts',(630.173775215013,1234.79100872269,11.7759722532924));
#13138=CARTESIAN_POINT('Ctrl Pts',(630.779321601278,1234.46733056423,11.1704258670275));
#13139=CARTESIAN_POINT('Ctrl Pts',(631.044704912117,1234.28303319313,10.7873336407439));
#13140=CARTESIAN_POINT('Ctrl Pts',(631.404955358281,1234.00260995611,9.93330643036208));
#13141=CARTESIAN_POINT('Ctrl Pts',(631.5,1233.91311896062,9.46028191062735));
#13142=CARTESIAN_POINT('Ctrl Pts',(631.5,1233.91311896062,8.53971808937265));
#13143=CARTESIAN_POINT('Ctrl Pts',(631.404955358281,1234.00260995611,8.06669356963791));
#13144=CARTESIAN_POINT('Ctrl Pts',(631.044704912117,1234.28303319313,7.21266635925606));
#13145=CARTESIAN_POINT('Ctrl Pts',(630.779321601278,1234.46733056423,6.82957413297249));
#13146=CARTESIAN_POINT('Ctrl Pts',(630.173775215013,1234.79100872269,6.22402774670756));
#13147=CARTESIAN_POINT('Ctrl Pts',(629.789952752642,1234.95542767166,5.95643092464011));
#13148=CARTESIAN_POINT('Ctrl Pts',(628.93107432889,1235.18587459292,5.59407207004464));
#13149=CARTESIAN_POINT('Ctrl Pts',(628.455218172442,1235.25,5.5));
#13150=CARTESIAN_POINT('Ctrl Pts',(627.544781827558,1235.25,5.5));
#13151=CARTESIAN_POINT('Ctrl Pts',(627.06892567111,1235.18587459292,5.59407207004458));
#13152=CARTESIAN_POINT('Ctrl Pts',(626.210047247358,1234.95542767166,5.95643092464002));
#13153=CARTESIAN_POINT('Ctrl Pts',(625.826224784986,1234.79100872269,6.22402774670756));
#13154=CARTESIAN_POINT('Ctrl Pts',(625.220678398722,1234.46733056423,6.82957413297249));
#13155=CARTESIAN_POINT('Ctrl Pts',(624.955295087882,1234.28303319313,7.21266635925596));
#13156=CARTESIAN_POINT('Ctrl Pts',(624.595044641719,1234.00260995611,8.06669356963788));
#13157=CARTESIAN_POINT('Ctrl Pts',(624.5,1233.91311896062,8.53971808937265));
#13158=CARTESIAN_POINT('Ctrl Pts',(624.5,1233.91311896062,9.));
#13159=CARTESIAN_POINT('Origin',(314.,1247.,9.));
#13160=CARTESIAN_POINT('',(310.5,1247.,9.));
#13161=CARTESIAN_POINT('Origin',(314.,1247.,9.));
#13162=CARTESIAN_POINT('',(310.5,1233.91311896062,9.));
#13163=CARTESIAN_POINT('',(310.5,1247.,9.));
#13164=CARTESIAN_POINT('Ctrl Pts',(310.5,1233.91311896062,9.));
#13165=CARTESIAN_POINT('Ctrl Pts',(310.5,1233.91311896062,9.46028191062734));
#13166=CARTESIAN_POINT('Ctrl Pts',(310.595044641718,1234.00260995611,9.93330643036211));
#13167=CARTESIAN_POINT('Ctrl Pts',(310.955295087882,1234.28303319313,10.787333640744));
#13168=CARTESIAN_POINT('Ctrl Pts',(311.220678398721,1234.46733056423,11.1704258670275));
#13169=CARTESIAN_POINT('Ctrl Pts',(311.826224784986,1234.79100872269,11.7759722532924));
#13170=CARTESIAN_POINT('Ctrl Pts',(312.210047247358,1234.95542767166,12.0435690753598));
#13171=CARTESIAN_POINT('Ctrl Pts',(313.06892567111,1235.18587459292,12.4059279299554));
#13172=CARTESIAN_POINT('Ctrl Pts',(313.544781827558,1235.25,12.5));
#13173=CARTESIAN_POINT('Ctrl Pts',(314.455218172442,1235.25,12.5));
#13174=CARTESIAN_POINT('Ctrl Pts',(314.93107432889,1235.18587459292,12.4059279299554));
#13175=CARTESIAN_POINT('Ctrl Pts',(315.789952752642,1234.95542767166,12.0435690753598));
#13176=CARTESIAN_POINT('Ctrl Pts',(316.173775215013,1234.79100872269,11.7759722532924));
#13177=CARTESIAN_POINT('Ctrl Pts',(316.779321601278,1234.46733056423,11.1704258670275));
#13178=CARTESIAN_POINT('Ctrl Pts',(317.044704912117,1234.28303319313,10.787333640744));
#13179=CARTESIAN_POINT('Ctrl Pts',(317.404955358281,1234.00260995611,9.93330643036211));
#13180=CARTESIAN_POINT('Ctrl Pts',(317.5,1233.91311896062,9.46028191062735));
#13181=CARTESIAN_POINT('Ctrl Pts',(317.5,1233.91311896062,8.53971808937265));
#13182=CARTESIAN_POINT('Ctrl Pts',(317.404955358281,1234.00260995611,8.06669356963789));
#13183=CARTESIAN_POINT('Ctrl Pts',(317.044704912117,1234.28303319313,7.21266635925604));
#13184=CARTESIAN_POINT('Ctrl Pts',(316.779321601278,1234.46733056423,6.82957413297249));
#13185=CARTESIAN_POINT('Ctrl Pts',(316.173775215013,1234.79100872269,6.22402774670756));
#13186=CARTESIAN_POINT('Ctrl Pts',(315.789952752642,1234.95542767166,5.95643092464015));
#13187=CARTESIAN_POINT('Ctrl Pts',(314.93107432889,1235.18587459292,5.59407207004465));
#13188=CARTESIAN_POINT('Ctrl Pts',(314.455218172442,1235.25,5.5));
#13189=CARTESIAN_POINT('Ctrl Pts',(313.544781827558,1235.25,5.5));
#13190=CARTESIAN_POINT('Ctrl Pts',(313.06892567111,1235.18587459292,5.59407207004465));
#13191=CARTESIAN_POINT('Ctrl Pts',(312.210047247358,1234.95542767166,5.95643092464015));
#13192=CARTESIAN_POINT('Ctrl Pts',(311.826224784986,1234.79100872269,6.22402774670756));
#13193=CARTESIAN_POINT('Ctrl Pts',(311.220678398721,1234.46733056423,6.82957413297249));
#13194=CARTESIAN_POINT('Ctrl Pts',(310.955295087882,1234.28303319313,7.21266635925604));
#13195=CARTESIAN_POINT('Ctrl Pts',(310.595044641718,1234.00260995611,8.06669356963789));
#13196=CARTESIAN_POINT('Ctrl Pts',(310.5,1233.91311896062,8.53971808937265));
#13197=CARTESIAN_POINT('Ctrl Pts',(310.5,1233.91311896062,9.));
#13198=CARTESIAN_POINT('Origin',(2198.,1247.,9.));
#13199=CARTESIAN_POINT('',(2194.5,1247.,9.));
#13200=CARTESIAN_POINT('Origin',(2198.,1247.,9.));
#13201=CARTESIAN_POINT('',(2194.5,1233.91311896062,8.99999999999998));
#13202=CARTESIAN_POINT('',(2194.5,1247.,9.));
#13203=CARTESIAN_POINT('Ctrl Pts',(2194.5,1233.91311896062,8.99999999999998));
#13204=CARTESIAN_POINT('Ctrl Pts',(2194.5,1233.91311896062,9.46028191062733));
#13205=CARTESIAN_POINT('Ctrl Pts',(2194.59504464172,1234.00260995611,9.93330643036221));
#13206=CARTESIAN_POINT('Ctrl Pts',(2194.95529508788,1234.28303319313,10.7873336407442));
#13207=CARTESIAN_POINT('Ctrl Pts',(2195.22067839872,1234.46733056423,11.1704258670275));
#13208=CARTESIAN_POINT('Ctrl Pts',(2195.82622478499,1234.79100872269,11.7759722532924));
#13209=CARTESIAN_POINT('Ctrl Pts',(2196.21004724736,1234.95542767166,12.04356907536));
#13210=CARTESIAN_POINT('Ctrl Pts',(2197.06892567111,1235.18587459292,12.4059279299554));
#13211=CARTESIAN_POINT('Ctrl Pts',(2197.54478182756,1235.25,12.5));
#13212=CARTESIAN_POINT('Ctrl Pts',(2198.45521817244,1235.25,12.5));
#13213=CARTESIAN_POINT('Ctrl Pts',(2198.93107432889,1235.18587459292,12.4059279299554));
#13214=CARTESIAN_POINT('Ctrl Pts',(2199.78995275264,1234.95542767166,12.04356907536));
#13215=CARTESIAN_POINT('Ctrl Pts',(2200.17377521501,1234.79100872269,11.7759722532924));
#13216=CARTESIAN_POINT('Ctrl Pts',(2200.77932160128,1234.46733056423,11.1704258670275));
#13217=CARTESIAN_POINT('Ctrl Pts',(2201.04470491212,1234.28303319313,10.7873336407439));
#13218=CARTESIAN_POINT('Ctrl Pts',(2201.40495535828,1234.00260995611,9.93330643036198));
#13219=CARTESIAN_POINT('Ctrl Pts',(2201.5,1233.91311896062,9.46028191062734));
#13220=CARTESIAN_POINT('Ctrl Pts',(2201.5,1233.91311896062,8.53971808937266));
#13221=CARTESIAN_POINT('Ctrl Pts',(2201.40495535828,1234.00260995611,8.06669356963802));
#13222=CARTESIAN_POINT('Ctrl Pts',(2201.04470491212,1234.28303319313,7.21266635925607));
#13223=CARTESIAN_POINT('Ctrl Pts',(2200.77932160128,1234.46733056423,6.82957413297248));
#13224=CARTESIAN_POINT('Ctrl Pts',(2200.17377521501,1234.79100872269,6.22402774670756));
#13225=CARTESIAN_POINT('Ctrl Pts',(2199.78995275264,1234.95542767166,5.95643092464037));
#13226=CARTESIAN_POINT('Ctrl Pts',(2198.93107432889,1235.18587459292,5.59407207004479));
#13227=CARTESIAN_POINT('Ctrl Pts',(2198.45521817244,1235.25,5.5));
#13228=CARTESIAN_POINT('Ctrl Pts',(2197.54478182756,1235.25,5.5));
#13229=CARTESIAN_POINT('Ctrl Pts',(2197.06892567111,1235.18587459292,5.59407207004462));
#13230=CARTESIAN_POINT('Ctrl Pts',(2196.21004724736,1234.95542767166,5.95643092464004));
#13231=CARTESIAN_POINT('Ctrl Pts',(2195.82622478499,1234.79100872269,6.22402774670757));
#13232=CARTESIAN_POINT('Ctrl Pts',(2195.22067839872,1234.46733056423,6.82957413297247));
#13233=CARTESIAN_POINT('Ctrl Pts',(2194.95529508788,1234.28303319313,7.21266635925584));
#13234=CARTESIAN_POINT('Ctrl Pts',(2194.59504464172,1234.00260995611,8.06669356963779));
#13235=CARTESIAN_POINT('Ctrl Pts',(2194.5,1233.91311896062,8.53971808937265));
#13236=CARTESIAN_POINT('Ctrl Pts',(2194.5,1233.91311896062,9.00000000000001));
#13237=CARTESIAN_POINT('Origin',(1884.,1247.,9.));
#13238=CARTESIAN_POINT('',(1880.5,1247.,9.));
#13239=CARTESIAN_POINT('Origin',(1884.,1247.,9.));
#13240=CARTESIAN_POINT('',(1880.5,1233.91311896062,8.99999999999998));
#13241=CARTESIAN_POINT('',(1880.5,1247.,9.));
#13242=CARTESIAN_POINT('Ctrl Pts',(1880.5,1233.91311896062,8.99999999999998));
#13243=CARTESIAN_POINT('Ctrl Pts',(1880.5,1233.91311896062,9.46028191062733));
#13244=CARTESIAN_POINT('Ctrl Pts',(1880.59504464172,1234.00260995611,9.93330643036215));
#13245=CARTESIAN_POINT('Ctrl Pts',(1880.95529508788,1234.28303319313,10.787333640744));
#13246=CARTESIAN_POINT('Ctrl Pts',(1881.22067839872,1234.46733056423,11.1704258670275));
#13247=CARTESIAN_POINT('Ctrl Pts',(1881.82622478499,1234.79100872269,11.7759722532924));
#13248=CARTESIAN_POINT('Ctrl Pts',(1882.21004724736,1234.95542767166,12.0435690753599));
#13249=CARTESIAN_POINT('Ctrl Pts',(1883.06892567111,1235.18587459292,12.4059279299554));
#13250=CARTESIAN_POINT('Ctrl Pts',(1883.54478182756,1235.25,12.5));
#13251=CARTESIAN_POINT('Ctrl Pts',(1884.45521817244,1235.25,12.5));
#13252=CARTESIAN_POINT('Ctrl Pts',(1884.93107432889,1235.18587459292,12.4059279299554));
#13253=CARTESIAN_POINT('Ctrl Pts',(1885.78995275264,1234.95542767166,12.0435690753599));
#13254=CARTESIAN_POINT('Ctrl Pts',(1886.17377521501,1234.79100872269,11.7759722532924));
#13255=CARTESIAN_POINT('Ctrl Pts',(1886.77932160128,1234.46733056423,11.1704258670275));
#13256=CARTESIAN_POINT('Ctrl Pts',(1887.04470491212,1234.28303319313,10.7873336407439));
#13257=CARTESIAN_POINT('Ctrl Pts',(1887.40495535828,1234.00260995611,9.93330643036207));
#13258=CARTESIAN_POINT('Ctrl Pts',(1887.5,1233.91311896062,9.46028191062734));
#13259=CARTESIAN_POINT('Ctrl Pts',(1887.5,1233.91311896062,8.53971808937266));
#13260=CARTESIAN_POINT('Ctrl Pts',(1887.40495535828,1234.00260995611,8.06669356963793));
#13261=CARTESIAN_POINT('Ctrl Pts',(1887.04470491212,1234.28303319313,7.21266635925607));
#13262=CARTESIAN_POINT('Ctrl Pts',(1886.77932160128,1234.46733056423,6.82957413297248));
#13263=CARTESIAN_POINT('Ctrl Pts',(1886.17377521501,1234.79100872269,6.22402774670756));
#13264=CARTESIAN_POINT('Ctrl Pts',(1885.78995275264,1234.95542767166,5.95643092464045));
#13265=CARTESIAN_POINT('Ctrl Pts',(1884.93107432889,1235.18587459292,5.59407207004478));
#13266=CARTESIAN_POINT('Ctrl Pts',(1884.45521817244,1235.25,5.5));
#13267=CARTESIAN_POINT('Ctrl Pts',(1883.54478182756,1235.25,5.5));
#13268=CARTESIAN_POINT('Ctrl Pts',(1883.06892567111,1235.18587459292,5.59407207004462));
#13269=CARTESIAN_POINT('Ctrl Pts',(1882.21004724736,1234.95542767166,5.95643092464014));
#13270=CARTESIAN_POINT('Ctrl Pts',(1881.82622478499,1234.79100872269,6.22402774670757));
#13271=CARTESIAN_POINT('Ctrl Pts',(1881.22067839872,1234.46733056423,6.82957413297247));
#13272=CARTESIAN_POINT('Ctrl Pts',(1880.95529508788,1234.28303319313,7.21266635925598));
#13273=CARTESIAN_POINT('Ctrl Pts',(1880.59504464172,1234.00260995611,8.06669356963784));
#13274=CARTESIAN_POINT('Ctrl Pts',(1880.5,1233.91311896062,8.53971808937266));
#13275=CARTESIAN_POINT('Ctrl Pts',(1880.5,1233.91311896062,9.00000000000001));
#13276=CARTESIAN_POINT('Origin',(1570.,1247.,9.));
#13277=CARTESIAN_POINT('',(1566.5,1247.,9.));
#13278=CARTESIAN_POINT('Origin',(1570.,1247.,9.));
#13279=CARTESIAN_POINT('',(1566.5,1233.91311896062,9.));
#13280=CARTESIAN_POINT('',(1566.5,1247.,9.));
#13281=CARTESIAN_POINT('Ctrl Pts',(1566.5,1233.91311896062,9.));
#13282=CARTESIAN_POINT('Ctrl Pts',(1566.5,1233.91311896062,9.46028191062735));
#13283=CARTESIAN_POINT('Ctrl Pts',(1566.59504464172,1234.00260995611,9.93330643036221));
#13284=CARTESIAN_POINT('Ctrl Pts',(1566.95529508788,1234.28303319313,10.7873336407442));
#13285=CARTESIAN_POINT('Ctrl Pts',(1567.22067839872,1234.46733056423,11.1704258670275));
#13286=CARTESIAN_POINT('Ctrl Pts',(1567.82622478499,1234.79100872269,11.7759722532924));
#13287=CARTESIAN_POINT('Ctrl Pts',(1568.21004724736,1234.95542767166,12.04356907536));
#13288=CARTESIAN_POINT('Ctrl Pts',(1569.06892567111,1235.18587459292,12.4059279299554));
#13289=CARTESIAN_POINT('Ctrl Pts',(1569.54478182756,1235.25,12.5));
#13290=CARTESIAN_POINT('Ctrl Pts',(1570.45521817244,1235.25,12.5));
#13291=CARTESIAN_POINT('Ctrl Pts',(1570.93107432889,1235.18587459292,12.4059279299554));
#13292=CARTESIAN_POINT('Ctrl Pts',(1571.78995275264,1234.95542767166,12.04356907536));
#13293=CARTESIAN_POINT('Ctrl Pts',(1572.17377521501,1234.79100872269,11.7759722532924));
#13294=CARTESIAN_POINT('Ctrl Pts',(1572.77932160128,1234.46733056423,11.1704258670275));
#13295=CARTESIAN_POINT('Ctrl Pts',(1573.04470491212,1234.28303319313,10.7873336407439));
#13296=CARTESIAN_POINT('Ctrl Pts',(1573.40495535828,1234.00260995611,9.93330643036198));
#13297=CARTESIAN_POINT('Ctrl Pts',(1573.5,1233.91311896062,9.46028191062734));
#13298=CARTESIAN_POINT('Ctrl Pts',(1573.5,1233.91311896062,8.53971808937266));
#13299=CARTESIAN_POINT('Ctrl Pts',(1573.40495535828,1234.00260995611,8.06669356963802));
#13300=CARTESIAN_POINT('Ctrl Pts',(1573.04470491212,1234.28303319313,7.21266635925607));
#13301=CARTESIAN_POINT('Ctrl Pts',(1572.77932160128,1234.46733056423,6.82957413297248));
#13302=CARTESIAN_POINT('Ctrl Pts',(1572.17377521501,1234.79100872269,6.22402774670756));
#13303=CARTESIAN_POINT('Ctrl Pts',(1571.78995275264,1234.95542767166,5.95643092464037));
#13304=CARTESIAN_POINT('Ctrl Pts',(1570.93107432889,1235.18587459292,5.59407207004479));
#13305=CARTESIAN_POINT('Ctrl Pts',(1570.45521817244,1235.25,5.5));
#13306=CARTESIAN_POINT('Ctrl Pts',(1569.54478182756,1235.25,5.5));
#13307=CARTESIAN_POINT('Ctrl Pts',(1569.06892567111,1235.18587459292,5.59407207004462));
#13308=CARTESIAN_POINT('Ctrl Pts',(1568.21004724736,1234.95542767166,5.95643092464004));
#13309=CARTESIAN_POINT('Ctrl Pts',(1567.82622478499,1234.79100872269,6.22402774670757));
#13310=CARTESIAN_POINT('Ctrl Pts',(1567.22067839872,1234.46733056423,6.82957413297247));
#13311=CARTESIAN_POINT('Ctrl Pts',(1566.95529508788,1234.28303319313,7.21266635925584));
#13312=CARTESIAN_POINT('Ctrl Pts',(1566.59504464172,1234.00260995611,8.06669356963779));
#13313=CARTESIAN_POINT('Ctrl Pts',(1566.5,1233.91311896062,8.53971808937264));
#13314=CARTESIAN_POINT('Ctrl Pts',(1566.5,1233.91311896062,9.));
#13315=CARTESIAN_POINT('Origin',(157.,1247.,9.));
#13316=CARTESIAN_POINT('',(153.5,1247.,9.));
#13317=CARTESIAN_POINT('Origin',(157.,1247.,9.));
#13318=CARTESIAN_POINT('',(153.5,1233.91311896062,9.));
#13319=CARTESIAN_POINT('',(153.5,1247.,9.));
#13320=CARTESIAN_POINT('Ctrl Pts',(153.5,1233.91311896062,9.));
#13321=CARTESIAN_POINT('Ctrl Pts',(153.5,1233.91311896062,9.46028191062734));
#13322=CARTESIAN_POINT('Ctrl Pts',(153.595044641719,1234.00260995611,9.93330643036212));
#13323=CARTESIAN_POINT('Ctrl Pts',(153.955295087882,1234.28303319313,10.787333640744));
#13324=CARTESIAN_POINT('Ctrl Pts',(154.220678398722,1234.46733056423,11.1704258670275));
#13325=CARTESIAN_POINT('Ctrl Pts',(154.826224784986,1234.79100872269,11.7759722532924));
#13326=CARTESIAN_POINT('Ctrl Pts',(155.210047247358,1234.95542767166,12.0435690753599));
#13327=CARTESIAN_POINT('Ctrl Pts',(156.06892567111,1235.18587459292,12.4059279299554));
#13328=CARTESIAN_POINT('Ctrl Pts',(156.544781827558,1235.25,12.5));
#13329=CARTESIAN_POINT('Ctrl Pts',(157.455218172442,1235.25,12.5));
#13330=CARTESIAN_POINT('Ctrl Pts',(157.93107432889,1235.18587459292,12.4059279299554));
#13331=CARTESIAN_POINT('Ctrl Pts',(158.789952752642,1234.95542767166,12.0435690753599));
#13332=CARTESIAN_POINT('Ctrl Pts',(159.173775215013,1234.79100872269,11.7759722532924));
#13333=CARTESIAN_POINT('Ctrl Pts',(159.779321601278,1234.46733056423,11.1704258670275));
#13334=CARTESIAN_POINT('Ctrl Pts',(160.044704912117,1234.28303319313,10.787333640744));
#13335=CARTESIAN_POINT('Ctrl Pts',(160.404955358281,1234.00260995611,9.93330643036211));
#13336=CARTESIAN_POINT('Ctrl Pts',(160.5,1233.91311896062,9.46028191062735));
#13337=CARTESIAN_POINT('Ctrl Pts',(160.5,1233.91311896062,8.53971808937265));
#13338=CARTESIAN_POINT('Ctrl Pts',(160.404955358281,1234.00260995611,8.06669356963789));
#13339=CARTESIAN_POINT('Ctrl Pts',(160.044704912117,1234.28303319313,7.21266635925604));
#13340=CARTESIAN_POINT('Ctrl Pts',(159.779321601278,1234.46733056423,6.82957413297249));
#13341=CARTESIAN_POINT('Ctrl Pts',(159.173775215013,1234.79100872269,6.22402774670756));
#13342=CARTESIAN_POINT('Ctrl Pts',(158.789952752642,1234.95542767166,5.95643092464014));
#13343=CARTESIAN_POINT('Ctrl Pts',(157.93107432889,1235.18587459292,5.59407207004464));
#13344=CARTESIAN_POINT('Ctrl Pts',(157.455218172442,1235.25,5.5));
#13345=CARTESIAN_POINT('Ctrl Pts',(156.544781827558,1235.25,5.5));
#13346=CARTESIAN_POINT('Ctrl Pts',(156.06892567111,1235.18587459292,5.59407207004464));
#13347=CARTESIAN_POINT('Ctrl Pts',(155.210047247358,1234.95542767166,5.95643092464014));
#13348=CARTESIAN_POINT('Ctrl Pts',(154.826224784986,1234.79100872269,6.22402774670756));
#13349=CARTESIAN_POINT('Ctrl Pts',(154.220678398722,1234.46733056423,6.82957413297248));
#13350=CARTESIAN_POINT('Ctrl Pts',(153.955295087882,1234.28303319313,7.212666359256));
#13351=CARTESIAN_POINT('Ctrl Pts',(153.595044641719,1234.00260995611,8.06669356963791));
#13352=CARTESIAN_POINT('Ctrl Pts',(153.5,1233.91311896062,8.53971808937265));
#13353=CARTESIAN_POINT('Ctrl Pts',(153.5,1233.91311896062,9.));
#13354=CARTESIAN_POINT('Origin',(2503.,471.,9.));
#13355=CARTESIAN_POINT('',(2503.,471.,12.5));
#13356=CARTESIAN_POINT('Origin',(2503.,471.,9.));
#13357=CARTESIAN_POINT('',(2491.25,471.,12.5));
#13358=CARTESIAN_POINT('',(2503.,471.,12.5));
#13359=CARTESIAN_POINT('',(2489.91311896062,474.5,9.));
#13360=CARTESIAN_POINT('Ctrl Pts',(2489.91311896062,474.5,9.));
#13361=CARTESIAN_POINT('Ctrl Pts',(2489.91311896062,474.5,9.46028191062734));
#13362=CARTESIAN_POINT('Ctrl Pts',(2490.00260995611,474.404955358282,9.93330643036206));
#13363=CARTESIAN_POINT('Ctrl Pts',(2490.28303319313,474.044704912118,10.7873336407439));
#13364=CARTESIAN_POINT('Ctrl Pts',(2490.46733056423,473.779321601279,11.1704258670275));
#13365=CARTESIAN_POINT('Ctrl Pts',(2490.79100872269,473.173775215014,11.7759722532924));
#13366=CARTESIAN_POINT('Ctrl Pts',(2490.95542767166,472.789952752642,12.0435690753598));
#13367=CARTESIAN_POINT('Ctrl Pts',(2491.18587459292,471.93107432889,12.4059279299554));
#13368=CARTESIAN_POINT('Ctrl Pts',(2491.25,471.455218172442,12.5));
#13369=CARTESIAN_POINT('Ctrl Pts',(2491.25,471.,12.5));
#13370=CARTESIAN_POINT('Ctrl Pts',(2491.25,471.,12.5));
#13371=CARTESIAN_POINT('Ctrl Pts',(2491.25,470.544781827558,12.5));
#13372=CARTESIAN_POINT('Ctrl Pts',(2491.18587459292,470.06892567111,12.4059279299553));
#13373=CARTESIAN_POINT('Ctrl Pts',(2490.95542767166,469.210047247358,12.0435690753599));
#13374=CARTESIAN_POINT('Ctrl Pts',(2490.79100872269,468.826224784987,11.7759722532924));
#13375=CARTESIAN_POINT('Ctrl Pts',(2490.46733056423,468.220678398722,11.1704258670275));
#13376=CARTESIAN_POINT('Ctrl Pts',(2490.28303319313,467.955295087883,10.7873336407439));
#13377=CARTESIAN_POINT('Ctrl Pts',(2490.00260995611,467.595044641719,9.93330643036202));
#13378=CARTESIAN_POINT('Ctrl Pts',(2489.91311896063,467.5,9.46028191062735));
#13379=CARTESIAN_POINT('Ctrl Pts',(2489.91311896063,467.5,8.53971808937265));
#13380=CARTESIAN_POINT('Ctrl Pts',(2490.00260995611,467.595044641719,8.06669356963797));
#13381=CARTESIAN_POINT('Ctrl Pts',(2490.28303319313,467.955295087883,7.21266635925611));
#13382=CARTESIAN_POINT('Ctrl Pts',(2490.46733056423,468.220678398722,6.82957413297249));
#13383=CARTESIAN_POINT('Ctrl Pts',(2490.79100872269,468.826224784987,6.22402774670756));
#13384=CARTESIAN_POINT('Ctrl Pts',(2490.95542767166,469.210047247358,5.95643092464015));
#13385=CARTESIAN_POINT('Ctrl Pts',(2491.18587459292,470.06892567111,5.59407207004465));
#13386=CARTESIAN_POINT('Ctrl Pts',(2491.25,470.544781827558,5.5));
#13387=CARTESIAN_POINT('Ctrl Pts',(2491.25,471.455218172442,5.5));
#13388=CARTESIAN_POINT('Ctrl Pts',(2491.18587459292,471.93107432889,5.59407207004467));
#13389=CARTESIAN_POINT('Ctrl Pts',(2490.95542767166,472.789952752643,5.95643092464016));
#13390=CARTESIAN_POINT('Ctrl Pts',(2490.79100872269,473.173775215014,6.22402774670758));
#13391=CARTESIAN_POINT('Ctrl Pts',(2490.46733056423,473.779321601279,6.82957413297251));
#13392=CARTESIAN_POINT('Ctrl Pts',(2490.28303319313,474.044704912118,7.21266635925596));
#13393=CARTESIAN_POINT('Ctrl Pts',(2490.00260995611,474.404955358281,8.06669356963784));
#13394=CARTESIAN_POINT('Ctrl Pts',(2489.91311896062,474.5,8.53971808937267));
#13395=CARTESIAN_POINT('Ctrl Pts',(2489.91311896062,474.5,9.00000000000001));
#13396=CARTESIAN_POINT('Origin',(2503.,157.,9.));
#13397=CARTESIAN_POINT('',(2503.,157.,12.5));
#13398=CARTESIAN_POINT('Origin',(2503.,157.,9.));
#13399=CARTESIAN_POINT('',(2491.25,157.,12.5));
#13400=CARTESIAN_POINT('',(2503.,157.,12.5));
#13401=CARTESIAN_POINT('',(2489.91311896062,160.5,8.99999999999999));
#13402=CARTESIAN_POINT('Ctrl Pts',(2489.91311896062,160.5,8.99999999999999));
#13403=CARTESIAN_POINT('Ctrl Pts',(2489.91311896062,160.5,9.46028191062733));
#13404=CARTESIAN_POINT('Ctrl Pts',(2490.00260995611,160.404955358282,9.933306430362));
#13405=CARTESIAN_POINT('Ctrl Pts',(2490.28303319313,160.044704912118,10.7873336407438));
#13406=CARTESIAN_POINT('Ctrl Pts',(2490.46733056423,159.779321601279,11.1704258670275));
#13407=CARTESIAN_POINT('Ctrl Pts',(2490.79100872269,159.173775215014,11.7759722532924));
#13408=CARTESIAN_POINT('Ctrl Pts',(2490.95542767166,158.789952752642,12.0435690753598));
#13409=CARTESIAN_POINT('Ctrl Pts',(2491.18587459292,157.93107432889,12.4059279299554));
#13410=CARTESIAN_POINT('Ctrl Pts',(2491.25,157.455218172442,12.5));
#13411=CARTESIAN_POINT('Ctrl Pts',(2491.25,157.,12.5));
#13412=CARTESIAN_POINT('Ctrl Pts',(2491.25,157.,12.5));
#13413=CARTESIAN_POINT('Ctrl Pts',(2491.25,156.544781827558,12.5));
#13414=CARTESIAN_POINT('Ctrl Pts',(2491.18587459292,156.06892567111,12.4059279299554));
#13415=CARTESIAN_POINT('Ctrl Pts',(2490.95542767166,155.210047247358,12.0435690753598));
#13416=CARTESIAN_POINT('Ctrl Pts',(2490.79100872269,154.826224784987,11.7759722532924));
#13417=CARTESIAN_POINT('Ctrl Pts',(2490.46733056423,154.220678398722,11.1704258670275));
#13418=CARTESIAN_POINT('Ctrl Pts',(2490.28303319313,153.955295087883,10.7873336407439));
#13419=CARTESIAN_POINT('Ctrl Pts',(2490.00260995611,153.595044641719,9.93330643036202));
#13420=CARTESIAN_POINT('Ctrl Pts',(2489.91311896063,153.5,9.46028191062735));
#13421=CARTESIAN_POINT('Ctrl Pts',(2489.91311896063,153.5,8.53971808937265));
#13422=CARTESIAN_POINT('Ctrl Pts',(2490.00260995611,153.595044641719,8.06669356963774));
#13423=CARTESIAN_POINT('Ctrl Pts',(2490.28303319313,153.955295087883,7.21266635925591));
#13424=CARTESIAN_POINT('Ctrl Pts',(2490.46733056423,154.220678398722,6.82957413297249));
#13425=CARTESIAN_POINT('Ctrl Pts',(2490.79100872269,154.826224784987,6.22402774670756));
#13426=CARTESIAN_POINT('Ctrl Pts',(2490.95542767166,155.210047247358,5.95643092464016));
#13427=CARTESIAN_POINT('Ctrl Pts',(2491.18587459292,156.06892567111,5.59407207004464));
#13428=CARTESIAN_POINT('Ctrl Pts',(2491.25,156.544781827558,5.5));
#13429=CARTESIAN_POINT('Ctrl Pts',(2491.25,157.455218172442,5.5));
#13430=CARTESIAN_POINT('Ctrl Pts',(2491.18587459292,157.93107432889,5.59407207004464));
#13431=CARTESIAN_POINT('Ctrl Pts',(2490.95542767166,158.789952752642,5.95643092464016));
#13432=CARTESIAN_POINT('Ctrl Pts',(2490.79100872269,159.173775215014,6.22402774670757));
#13433=CARTESIAN_POINT('Ctrl Pts',(2490.46733056423,159.779321601279,6.8295741329725));
#13434=CARTESIAN_POINT('Ctrl Pts',(2490.28303319313,160.044704912118,7.21266635925615));
#13435=CARTESIAN_POINT('Ctrl Pts',(2490.00260995611,160.404955358282,8.06669356963799));
#13436=CARTESIAN_POINT('Ctrl Pts',(2489.91311896062,160.5,8.53971808937264));
#13437=CARTESIAN_POINT('Ctrl Pts',(2489.91311896062,160.5,8.99999999999999));
#13438=CARTESIAN_POINT('Origin',(2503.,785.,9.));
#13439=CARTESIAN_POINT('',(2503.,785.,12.5));
#13440=CARTESIAN_POINT('Origin',(2503.,785.,9.));
#13441=CARTESIAN_POINT('',(2491.25,785.,12.5));
#13442=CARTESIAN_POINT('',(2503.,785.,12.5));
#13443=CARTESIAN_POINT('',(2489.91311896062,788.5,9.));
#13444=CARTESIAN_POINT('Ctrl Pts',(2489.91311896062,788.5,9.));
#13445=CARTESIAN_POINT('Ctrl Pts',(2489.91311896062,788.5,9.46028191062734));
#13446=CARTESIAN_POINT('Ctrl Pts',(2490.00260995611,788.404955358282,9.93330643036208));
#13447=CARTESIAN_POINT('Ctrl Pts',(2490.28303319313,788.044704912118,10.7873336407439));
#13448=CARTESIAN_POINT('Ctrl Pts',(2490.46733056423,787.779321601279,11.1704258670275));
#13449=CARTESIAN_POINT('Ctrl Pts',(2490.79100872269,787.173775215014,11.7759722532924));
#13450=CARTESIAN_POINT('Ctrl Pts',(2490.95542767166,786.789952752642,12.0435690753599));
#13451=CARTESIAN_POINT('Ctrl Pts',(2491.18587459292,785.93107432889,12.4059279299553));
#13452=CARTESIAN_POINT('Ctrl Pts',(2491.25,785.455218172442,12.5));
#13453=CARTESIAN_POINT('Ctrl Pts',(2491.25,785.,12.5));
#13454=CARTESIAN_POINT('Ctrl Pts',(2491.25,785.,12.5));
#13455=CARTESIAN_POINT('Ctrl Pts',(2491.25,784.544781827558,12.5));
#13456=CARTESIAN_POINT('Ctrl Pts',(2491.18587459292,784.068925671111,12.4059279299554));
#13457=CARTESIAN_POINT('Ctrl Pts',(2490.95542767166,783.210047247358,12.0435690753599));
#13458=CARTESIAN_POINT('Ctrl Pts',(2490.79100872269,782.826224784987,11.7759722532925));
#13459=CARTESIAN_POINT('Ctrl Pts',(2490.46733056423,782.220678398722,11.1704258670275));
#13460=CARTESIAN_POINT('Ctrl Pts',(2490.28303319313,781.955295087883,10.7873336407439));
#13461=CARTESIAN_POINT('Ctrl Pts',(2490.00260995611,781.595044641719,9.93330643036199));
#13462=CARTESIAN_POINT('Ctrl Pts',(2489.91311896063,781.5,9.46028191062732));
#13463=CARTESIAN_POINT('Ctrl Pts',(2489.91311896063,781.5,8.53971808937268));
#13464=CARTESIAN_POINT('Ctrl Pts',(2490.00260995611,781.595044641719,8.06669356963802));
#13465=CARTESIAN_POINT('Ctrl Pts',(2490.28303319313,781.955295087883,7.21266635925607));
#13466=CARTESIAN_POINT('Ctrl Pts',(2490.46733056423,782.220678398722,6.82957413297248));
#13467=CARTESIAN_POINT('Ctrl Pts',(2490.79100872269,782.826224784987,6.22402774670754));
#13468=CARTESIAN_POINT('Ctrl Pts',(2490.95542767166,783.210047247358,5.95643092464006));
#13469=CARTESIAN_POINT('Ctrl Pts',(2491.18587459292,784.068925671111,5.59407207004463));
#13470=CARTESIAN_POINT('Ctrl Pts',(2491.25,784.544781827558,5.5));
#13471=CARTESIAN_POINT('Ctrl Pts',(2491.25,785.455218172442,5.5));
#13472=CARTESIAN_POINT('Ctrl Pts',(2491.18587459292,785.93107432889,5.59407207004468));
#13473=CARTESIAN_POINT('Ctrl Pts',(2490.95542767166,786.789952752643,5.95643092464017));
#13474=CARTESIAN_POINT('Ctrl Pts',(2490.79100872269,787.173775215014,6.22402774670756));
#13475=CARTESIAN_POINT('Ctrl Pts',(2490.46733056423,787.779321601279,6.82957413297249));
#13476=CARTESIAN_POINT('Ctrl Pts',(2490.28303319313,788.044704912118,7.21266635925597));
#13477=CARTESIAN_POINT('Ctrl Pts',(2490.00260995611,788.404955358282,8.06669356963784));
#13478=CARTESIAN_POINT('Ctrl Pts',(2489.91311896062,788.5,8.53971808937268));
#13479=CARTESIAN_POINT('Ctrl Pts',(2489.91311896062,788.5,9.00000000000002));
#13480=CARTESIAN_POINT('Origin',(2503.,628.,9.));
#13481=CARTESIAN_POINT('',(2503.,628.,12.5));
#13482=CARTESIAN_POINT('Origin',(2503.,628.,9.));
#13483=CARTESIAN_POINT('',(2491.25,628.,12.5));
#13484=CARTESIAN_POINT('',(2503.,628.,12.5));
#13485=CARTESIAN_POINT('',(2489.91311896062,631.5,9.));
#13486=CARTESIAN_POINT('Ctrl Pts',(2489.91311896062,631.5,9.));
#13487=CARTESIAN_POINT('Ctrl Pts',(2489.91311896062,631.5,9.46028191062734));
#13488=CARTESIAN_POINT('Ctrl Pts',(2490.00260995611,631.404955358281,9.93330643036209));
#13489=CARTESIAN_POINT('Ctrl Pts',(2490.28303319313,631.044704912118,10.7873336407439));
#13490=CARTESIAN_POINT('Ctrl Pts',(2490.46733056423,630.779321601279,11.1704258670275));
#13491=CARTESIAN_POINT('Ctrl Pts',(2490.79100872269,630.173775215014,11.7759722532924));
#13492=CARTESIAN_POINT('Ctrl Pts',(2490.95542767166,629.789952752642,12.0435690753598));
#13493=CARTESIAN_POINT('Ctrl Pts',(2491.18587459292,628.93107432889,12.4059279299554));
#13494=CARTESIAN_POINT('Ctrl Pts',(2491.25,628.455218172442,12.5));
#13495=CARTESIAN_POINT('Ctrl Pts',(2491.25,628.,12.5));
#13496=CARTESIAN_POINT('Ctrl Pts',(2491.25,628.,12.5));
#13497=CARTESIAN_POINT('Ctrl Pts',(2491.25,627.544781827558,12.5));
#13498=CARTESIAN_POINT('Ctrl Pts',(2491.18587459292,627.06892567111,12.4059279299554));
#13499=CARTESIAN_POINT('Ctrl Pts',(2490.95542767166,626.210047247358,12.0435690753599));
#13500=CARTESIAN_POINT('Ctrl Pts',(2490.79100872269,625.826224784987,11.7759722532924));
#13501=CARTESIAN_POINT('Ctrl Pts',(2490.46733056423,625.220678398722,11.1704258670275));
#13502=CARTESIAN_POINT('Ctrl Pts',(2490.28303319313,624.955295087883,10.7873336407439));
#13503=CARTESIAN_POINT('Ctrl Pts',(2490.00260995611,624.595044641719,9.93330643036199));
#13504=CARTESIAN_POINT('Ctrl Pts',(2489.91311896063,624.5,9.46028191062735));
#13505=CARTESIAN_POINT('Ctrl Pts',(2489.91311896063,624.5,8.53971808937265));
#13506=CARTESIAN_POINT('Ctrl Pts',(2490.00260995611,624.595044641719,8.06669356963781));
#13507=CARTESIAN_POINT('Ctrl Pts',(2490.28303319313,624.955295087883,7.2126663592559));
#13508=CARTESIAN_POINT('Ctrl Pts',(2490.46733056423,625.220678398722,6.8295741329725));
#13509=CARTESIAN_POINT('Ctrl Pts',(2490.79100872269,625.826224784987,6.22402774670757));
#13510=CARTESIAN_POINT('Ctrl Pts',(2490.95542767166,626.210047247358,5.95643092464015));
#13511=CARTESIAN_POINT('Ctrl Pts',(2491.18587459292,627.06892567111,5.59407207004463));
#13512=CARTESIAN_POINT('Ctrl Pts',(2491.25,627.544781827558,5.5));
#13513=CARTESIAN_POINT('Ctrl Pts',(2491.25,628.455218172442,5.5));
#13514=CARTESIAN_POINT('Ctrl Pts',(2491.18587459292,628.93107432889,5.59407207004466));
#13515=CARTESIAN_POINT('Ctrl Pts',(2490.95542767166,629.789952752642,5.95643092464019));
#13516=CARTESIAN_POINT('Ctrl Pts',(2490.79100872269,630.173775215014,6.22402774670757));
#13517=CARTESIAN_POINT('Ctrl Pts',(2490.46733056423,630.779321601279,6.8295741329725));
#13518=CARTESIAN_POINT('Ctrl Pts',(2490.28303319313,631.044704912118,7.21266635925596));
#13519=CARTESIAN_POINT('Ctrl Pts',(2490.00260995611,631.404955358282,8.06669356963776));
#13520=CARTESIAN_POINT('Ctrl Pts',(2489.91311896062,631.5,8.53971808937267));
#13521=CARTESIAN_POINT('Ctrl Pts',(2489.91311896062,631.5,9.00000000000001));
#13522=CARTESIAN_POINT('Origin',(2503.,942.,9.));
#13523=CARTESIAN_POINT('',(2503.,942.,12.5));
#13524=CARTESIAN_POINT('Origin',(2503.,942.,9.));
#13525=CARTESIAN_POINT('',(2491.25,942.,12.5));
#13526=CARTESIAN_POINT('',(2503.,942.,12.5));
#13527=CARTESIAN_POINT('',(2489.91311896062,945.5,9.00000000000001));
#13528=CARTESIAN_POINT('Ctrl Pts',(2489.91311896062,945.5,9.00000000000001));
#13529=CARTESIAN_POINT('Ctrl Pts',(2489.91311896062,945.5,9.46028191062734));
#13530=CARTESIAN_POINT('Ctrl Pts',(2490.00260995611,945.404955358282,9.933306430362));
#13531=CARTESIAN_POINT('Ctrl Pts',(2490.28303319313,945.044704912118,10.7873336407438));
#13532=CARTESIAN_POINT('Ctrl Pts',(2490.46733056423,944.779321601279,11.1704258670275));
#13533=CARTESIAN_POINT('Ctrl Pts',(2490.79100872269,944.173775215014,11.7759722532924));
#13534=CARTESIAN_POINT('Ctrl Pts',(2490.95542767166,943.789952752643,12.0435690753598));
#13535=CARTESIAN_POINT('Ctrl Pts',(2491.18587459292,942.93107432889,12.4059279299553));
#13536=CARTESIAN_POINT('Ctrl Pts',(2491.25,942.455218172442,12.5));
#13537=CARTESIAN_POINT('Ctrl Pts',(2491.25,942.,12.5));
#13538=CARTESIAN_POINT('Ctrl Pts',(2491.25,942.,12.5));
#13539=CARTESIAN_POINT('Ctrl Pts',(2491.25,941.544781827559,12.5));
#13540=CARTESIAN_POINT('Ctrl Pts',(2491.18587459292,941.06892567111,12.4059279299553));
#13541=CARTESIAN_POINT('Ctrl Pts',(2490.95542767166,940.210047247358,12.0435690753599));
#13542=CARTESIAN_POINT('Ctrl Pts',(2490.79100872269,939.826224784987,11.7759722532925));
#13543=CARTESIAN_POINT('Ctrl Pts',(2490.46733056423,939.220678398722,11.1704258670275));
#13544=CARTESIAN_POINT('Ctrl Pts',(2490.28303319313,938.955295087883,10.787333640744));
#13545=CARTESIAN_POINT('Ctrl Pts',(2490.00260995611,938.595044641719,9.93330643036227));
#13546=CARTESIAN_POINT('Ctrl Pts',(2489.91311896063,938.5,9.46028191062734));
#13547=CARTESIAN_POINT('Ctrl Pts',(2489.91311896063,938.5,8.53971808937266));
#13548=CARTESIAN_POINT('Ctrl Pts',(2490.00260995611,938.595044641719,8.06669356963767));
#13549=CARTESIAN_POINT('Ctrl Pts',(2490.28303319313,938.955295087883,7.21266635925592));
#13550=CARTESIAN_POINT('Ctrl Pts',(2490.46733056423,939.220678398722,6.82957413297245));
#13551=CARTESIAN_POINT('Ctrl Pts',(2490.79100872269,939.826224784987,6.22402774670754));
#13552=CARTESIAN_POINT('Ctrl Pts',(2490.95542767166,940.210047247358,5.95643092464015));
#13553=CARTESIAN_POINT('Ctrl Pts',(2491.18587459292,941.06892567111,5.59407207004465));
#13554=CARTESIAN_POINT('Ctrl Pts',(2491.25,941.544781827559,5.5));
#13555=CARTESIAN_POINT('Ctrl Pts',(2491.25,942.455218172442,5.5));
#13556=CARTESIAN_POINT('Ctrl Pts',(2491.18587459292,942.93107432889,5.59407207004468));
#13557=CARTESIAN_POINT('Ctrl Pts',(2490.95542767166,943.789952752643,5.95643092464024));
#13558=CARTESIAN_POINT('Ctrl Pts',(2490.79100872269,944.173775215014,6.22402774670758));
#13559=CARTESIAN_POINT('Ctrl Pts',(2490.46733056423,944.779321601279,6.82957413297251));
#13560=CARTESIAN_POINT('Ctrl Pts',(2490.28303319313,945.044704912118,7.2126663592562));
#13561=CARTESIAN_POINT('Ctrl Pts',(2490.00260995611,945.404955358282,8.06669356963799));
#13562=CARTESIAN_POINT('Ctrl Pts',(2489.91311896062,945.5,8.53971808937268));
#13563=CARTESIAN_POINT('Ctrl Pts',(2489.91311896062,945.5,9.00000000000001));
#13564=CARTESIAN_POINT('Origin',(2503.,314.,9.));
#13565=CARTESIAN_POINT('',(2503.,314.,12.5));
#13566=CARTESIAN_POINT('Origin',(2503.,314.,9.));
#13567=CARTESIAN_POINT('',(2491.25,314.,12.5));
#13568=CARTESIAN_POINT('',(2503.,314.,12.5));
#13569=CARTESIAN_POINT('',(2489.91311896062,317.5,8.99999999999999));
#13570=CARTESIAN_POINT('Ctrl Pts',(2489.91311896062,317.5,8.99999999999999));
#13571=CARTESIAN_POINT('Ctrl Pts',(2489.91311896062,317.5,9.46028191062733));
#13572=CARTESIAN_POINT('Ctrl Pts',(2490.00260995611,317.404955358282,9.93330643036207));
#13573=CARTESIAN_POINT('Ctrl Pts',(2490.28303319313,317.044704912118,10.7873336407439));
#13574=CARTESIAN_POINT('Ctrl Pts',(2490.46733056423,316.779321601279,11.1704258670275));
#13575=CARTESIAN_POINT('Ctrl Pts',(2490.79100872269,316.173775215014,11.7759722532924));
#13576=CARTESIAN_POINT('Ctrl Pts',(2490.95542767166,315.789952752642,12.0435690753598));
#13577=CARTESIAN_POINT('Ctrl Pts',(2491.18587459292,314.93107432889,12.4059279299554));
#13578=CARTESIAN_POINT('Ctrl Pts',(2491.25,314.455218172442,12.5));
#13579=CARTESIAN_POINT('Ctrl Pts',(2491.25,314.,12.5));
#13580=CARTESIAN_POINT('Ctrl Pts',(2491.25,314.,12.5));
#13581=CARTESIAN_POINT('Ctrl Pts',(2491.25,313.544781827558,12.5));
#13582=CARTESIAN_POINT('Ctrl Pts',(2491.18587459292,313.06892567111,12.4059279299554));
#13583=CARTESIAN_POINT('Ctrl Pts',(2490.95542767166,312.210047247358,12.0435690753599));
#13584=CARTESIAN_POINT('Ctrl Pts',(2490.79100872269,311.826224784987,11.7759722532924));
#13585=CARTESIAN_POINT('Ctrl Pts',(2490.46733056423,311.220678398722,11.1704258670275));
#13586=CARTESIAN_POINT('Ctrl Pts',(2490.28303319313,310.955295087883,10.7873336407439));
#13587=CARTESIAN_POINT('Ctrl Pts',(2490.00260995611,310.595044641719,9.93330643036201));
#13588=CARTESIAN_POINT('Ctrl Pts',(2489.91311896063,310.5,9.46028191062735));
#13589=CARTESIAN_POINT('Ctrl Pts',(2489.91311896063,310.5,8.53971808937265));
#13590=CARTESIAN_POINT('Ctrl Pts',(2490.00260995611,310.595044641719,8.06669356963799));
#13591=CARTESIAN_POINT('Ctrl Pts',(2490.28303319313,310.955295087883,7.21266635925613));
#13592=CARTESIAN_POINT('Ctrl Pts',(2490.46733056423,311.220678398722,6.8295741329725));
#13593=CARTESIAN_POINT('Ctrl Pts',(2490.79100872269,311.826224784987,6.22402774670756));
#13594=CARTESIAN_POINT('Ctrl Pts',(2490.95542767166,312.210047247358,5.95643092464014));
#13595=CARTESIAN_POINT('Ctrl Pts',(2491.18587459292,313.06892567111,5.59407207004462));
#13596=CARTESIAN_POINT('Ctrl Pts',(2491.25,313.544781827558,5.5));
#13597=CARTESIAN_POINT('Ctrl Pts',(2491.25,314.455218172442,5.5));
#13598=CARTESIAN_POINT('Ctrl Pts',(2491.18587459292,314.93107432889,5.59407207004463));
#13599=CARTESIAN_POINT('Ctrl Pts',(2490.95542767166,315.789952752642,5.95643092464015));
#13600=CARTESIAN_POINT('Ctrl Pts',(2490.79100872269,316.173775215014,6.22402774670757));
#13601=CARTESIAN_POINT('Ctrl Pts',(2490.46733056423,316.779321601279,6.8295741329725));
#13602=CARTESIAN_POINT('Ctrl Pts',(2490.28303319313,317.044704912118,7.21266635925609));
#13603=CARTESIAN_POINT('Ctrl Pts',(2490.00260995611,317.404955358282,8.06669356963793));
#13604=CARTESIAN_POINT('Ctrl Pts',(2489.91311896062,317.5,8.53971808937264));
#13605=CARTESIAN_POINT('Ctrl Pts',(2489.91311896062,317.5,8.99999999999999));
#13606=CARTESIAN_POINT('Origin',(2503.,1099.,9.));
#13607=CARTESIAN_POINT('',(2503.,1099.,12.5));
#13608=CARTESIAN_POINT('Origin',(2503.,1099.,9.));
#13609=CARTESIAN_POINT('',(2491.25,1099.,12.5));
#13610=CARTESIAN_POINT('',(2503.,1099.,12.5));
#13611=CARTESIAN_POINT('',(2489.91311896062,1102.5,8.99999999999999));
#13612=CARTESIAN_POINT('Ctrl Pts',(2489.91311896062,1102.5,8.99999999999999));
#13613=CARTESIAN_POINT('Ctrl Pts',(2489.91311896062,1102.5,9.46028191062733));
#13614=CARTESIAN_POINT('Ctrl Pts',(2490.00260995611,1102.40495535828,9.93330643036208));
#13615=CARTESIAN_POINT('Ctrl Pts',(2490.28303319313,1102.04470491212,10.7873336407439));
#13616=CARTESIAN_POINT('Ctrl Pts',(2490.46733056423,1101.77932160128,11.1704258670275));
#13617=CARTESIAN_POINT('Ctrl Pts',(2490.79100872269,1101.17377521501,11.7759722532924));
#13618=CARTESIAN_POINT('Ctrl Pts',(2490.95542767166,1100.78995275264,12.0435690753599));
#13619=CARTESIAN_POINT('Ctrl Pts',(2491.18587459292,1099.93107432889,12.4059279299554));
#13620=CARTESIAN_POINT('Ctrl Pts',(2491.25,1099.45521817244,12.5));
#13621=CARTESIAN_POINT('Ctrl Pts',(2491.25,1099.,12.5));
#13622=CARTESIAN_POINT('Ctrl Pts',(2491.25,1099.,12.5));
#13623=CARTESIAN_POINT('Ctrl Pts',(2491.25,1098.54478182756,12.5));
#13624=CARTESIAN_POINT('Ctrl Pts',(2491.18587459292,1098.06892567111,12.4059279299554));
#13625=CARTESIAN_POINT('Ctrl Pts',(2490.95542767166,1097.21004724736,12.0435690753599));
#13626=CARTESIAN_POINT('Ctrl Pts',(2490.79100872269,1096.82622478499,11.7759722532925));
#13627=CARTESIAN_POINT('Ctrl Pts',(2490.46733056423,1096.22067839872,11.1704258670275));
#13628=CARTESIAN_POINT('Ctrl Pts',(2490.28303319313,1095.95529508788,10.787333640744));
#13629=CARTESIAN_POINT('Ctrl Pts',(2490.00260995611,1095.59504464172,9.93330643036219));
#13630=CARTESIAN_POINT('Ctrl Pts',(2489.91311896063,1095.5,9.46028191062733));
#13631=CARTESIAN_POINT('Ctrl Pts',(2489.91311896063,1095.5,8.53971808937267));
#13632=CARTESIAN_POINT('Ctrl Pts',(2490.00260995611,1095.59504464172,8.06669356963783));
#13633=CARTESIAN_POINT('Ctrl Pts',(2490.28303319313,1095.95529508788,7.21266635925604));
#13634=CARTESIAN_POINT('Ctrl Pts',(2490.46733056423,1096.22067839872,6.82957413297247));
#13635=CARTESIAN_POINT('Ctrl Pts',(2490.79100872269,1096.82622478499,6.22402774670754));
#13636=CARTESIAN_POINT('Ctrl Pts',(2490.95542767166,1097.21004724736,5.95643092463999));
#13637=CARTESIAN_POINT('Ctrl Pts',(2491.18587459292,1098.06892567111,5.59407207004461));
#13638=CARTESIAN_POINT('Ctrl Pts',(2491.25,1098.54478182756,5.5));
#13639=CARTESIAN_POINT('Ctrl Pts',(2491.25,1099.45521817244,5.5));
#13640=CARTESIAN_POINT('Ctrl Pts',(2491.18587459292,1099.93107432889,5.59407207004463));
#13641=CARTESIAN_POINT('Ctrl Pts',(2490.95542767166,1100.78995275264,5.95643092464008));
#13642=CARTESIAN_POINT('Ctrl Pts',(2490.79100872269,1101.17377521501,6.22402774670756));
#13643=CARTESIAN_POINT('Ctrl Pts',(2490.46733056423,1101.77932160128,6.82957413297248));
#13644=CARTESIAN_POINT('Ctrl Pts',(2490.28303319313,1102.04470491212,7.21266635925608));
#13645=CARTESIAN_POINT('Ctrl Pts',(2490.00260995611,1102.40495535828,8.06669356963792));
#13646=CARTESIAN_POINT('Ctrl Pts',(2489.91311896062,1102.5,8.53971808937266));
#13647=CARTESIAN_POINT('Ctrl Pts',(2489.91311896062,1102.5,9.));
#13648=CARTESIAN_POINT('Origin',(1727.,9.00000000000014,9.));
#13649=CARTESIAN_POINT('',(1723.5,8.99999999999991,9.));
#13650=CARTESIAN_POINT('Origin',(1727.,8.99999999999991,9.));
#13651=CARTESIAN_POINT('',(1723.5,22.0868810393755,9.));
#13652=CARTESIAN_POINT('',(1723.5,9.00000000000014,9.));
#13653=CARTESIAN_POINT('',(1730.5,22.0868810393755,9.00000000000001));
#13654=CARTESIAN_POINT('Ctrl Pts',(1730.5,22.0868810393755,9.00000000000001));
#13655=CARTESIAN_POINT('Ctrl Pts',(1730.5,22.0868810393755,9.46028191062736));
#13656=CARTESIAN_POINT('Ctrl Pts',(1730.40495535828,21.9973900438858,9.93330643036216));
#13657=CARTESIAN_POINT('Ctrl Pts',(1730.04470491212,21.71696680687,10.787333640744));
#13658=CARTESIAN_POINT('Ctrl Pts',(1729.77932160128,21.5326694357681,11.1704258670275));
#13659=CARTESIAN_POINT('Ctrl Pts',(1729.17377521501,21.2089912773106,11.7759722532924));
#13660=CARTESIAN_POINT('Ctrl Pts',(1728.78995275264,21.0445723283362,12.0435690753599));
#13661=CARTESIAN_POINT('Ctrl Pts',(1727.93107432889,20.8141254070843,12.4059279299554));
#13662=CARTESIAN_POINT('Ctrl Pts',(1727.45521817244,20.7500000000001,12.5));
#13663=CARTESIAN_POINT('Ctrl Pts',(1726.54478182756,20.7500000000001,12.5));
#13664=CARTESIAN_POINT('Ctrl Pts',(1726.06892567111,20.8141254070843,12.4059279299554));
#13665=CARTESIAN_POINT('Ctrl Pts',(1725.21004724736,21.0445723283362,12.0435690753599));
#13666=CARTESIAN_POINT('Ctrl Pts',(1724.82622478499,21.2089912773106,11.7759722532924));
#13667=CARTESIAN_POINT('Ctrl Pts',(1724.22067839872,21.5326694357681,11.1704258670275));
#13668=CARTESIAN_POINT('Ctrl Pts',(1723.95529508788,21.71696680687,10.787333640744));
#13669=CARTESIAN_POINT('Ctrl Pts',(1723.59504464172,21.9973900438858,9.93330643036216));
#13670=CARTESIAN_POINT('Ctrl Pts',(1723.5,22.0868810393755,9.46028191062735));
#13671=CARTESIAN_POINT('Ctrl Pts',(1723.5,22.0868810393755,9.));
#13672=CARTESIAN_POINT('Ctrl Pts',(1723.5,22.0868810393755,9.));
#13673=CARTESIAN_POINT('Ctrl Pts',(1723.5,22.0868810393755,8.53971808937264));
#13674=CARTESIAN_POINT('Ctrl Pts',(1723.59504464172,21.9973900438858,8.06669356963784));
#13675=CARTESIAN_POINT('Ctrl Pts',(1723.95529508788,21.71696680687,7.21266635925601));
#13676=CARTESIAN_POINT('Ctrl Pts',(1724.22067839872,21.5326694357681,6.82957413297248));
#13677=CARTESIAN_POINT('Ctrl Pts',(1724.82622478499,21.2089912773106,6.22402774670757));
#13678=CARTESIAN_POINT('Ctrl Pts',(1725.21004724736,21.0445723283362,5.95643092464014));
#13679=CARTESIAN_POINT('Ctrl Pts',(1726.06892567111,20.8141254070843,5.59407207004462));
#13680=CARTESIAN_POINT('Ctrl Pts',(1726.54478182756,20.7500000000001,5.5));
#13681=CARTESIAN_POINT('Ctrl Pts',(1727.45521817244,20.7500000000001,5.5));
#13682=CARTESIAN_POINT('Ctrl Pts',(1727.93107432889,20.8141254070843,5.59407207004462));
#13683=CARTESIAN_POINT('Ctrl Pts',(1728.78995275264,21.0445723283362,5.95643092464014));
#13684=CARTESIAN_POINT('Ctrl Pts',(1729.17377521501,21.2089912773106,6.22402774670757));
#13685=CARTESIAN_POINT('Ctrl Pts',(1729.77932160128,21.5326694357681,6.82957413297248));
#13686=CARTESIAN_POINT('Ctrl Pts',(1730.04470491212,21.71696680687,7.21266635925601));
#13687=CARTESIAN_POINT('Ctrl Pts',(1730.40495535828,21.9973900438858,8.06669356963784));
#13688=CARTESIAN_POINT('Ctrl Pts',(1730.5,22.0868810393755,8.53971808937264));
#13689=CARTESIAN_POINT('Ctrl Pts',(1730.5,22.0868810393755,8.99999999999999));
#13690=CARTESIAN_POINT('Origin',(1413.,9.00000000000009,9.));
#13691=CARTESIAN_POINT('',(1409.5,8.99999999999991,9.));
#13692=CARTESIAN_POINT('Origin',(1413.,8.99999999999991,9.));
#13693=CARTESIAN_POINT('',(1409.5,22.0868810393757,9.));
#13694=CARTESIAN_POINT('',(1409.5,9.00000000000009,9.));
#13695=CARTESIAN_POINT('',(1416.5,22.0868810393752,9.));
#13696=CARTESIAN_POINT('Ctrl Pts',(1416.5,22.0868810393752,9.));
#13697=CARTESIAN_POINT('Ctrl Pts',(1416.5,22.0868810393752,9.46028191062735));
#13698=CARTESIAN_POINT('Ctrl Pts',(1416.40495535828,21.9973900438856,9.93330643036221));
#13699=CARTESIAN_POINT('Ctrl Pts',(1416.04470491212,21.7169668068699,10.7873336407441));
#13700=CARTESIAN_POINT('Ctrl Pts',(1415.77932160128,21.5326694357679,11.1704258670275));
#13701=CARTESIAN_POINT('Ctrl Pts',(1415.17377521501,21.2089912773104,11.7759722532924));
#13702=CARTESIAN_POINT('Ctrl Pts',(1414.78995275264,21.044572328336,12.04356907536));
#13703=CARTESIAN_POINT('Ctrl Pts',(1413.93107432889,20.8141254070842,12.4059279299554));
#13704=CARTESIAN_POINT('Ctrl Pts',(1413.45521817244,20.7500000000001,12.5));
#13705=CARTESIAN_POINT('Ctrl Pts',(1412.54478182756,20.7500000000001,12.5));
#13706=CARTESIAN_POINT('Ctrl Pts',(1412.06892567111,20.8141254070843,12.4059279299554));
#13707=CARTESIAN_POINT('Ctrl Pts',(1411.21004724736,21.0445723283362,12.04356907536));
#13708=CARTESIAN_POINT('Ctrl Pts',(1410.82622478499,21.2089912773107,11.7759722532924));
#13709=CARTESIAN_POINT('Ctrl Pts',(1410.22067839872,21.5326694357682,11.1704258670275));
#13710=CARTESIAN_POINT('Ctrl Pts',(1409.95529508788,21.7169668068703,10.7873336407441));
#13711=CARTESIAN_POINT('Ctrl Pts',(1409.59504464172,21.997390043886,9.93330643036222));
#13712=CARTESIAN_POINT('Ctrl Pts',(1409.5,22.0868810393757,9.46028191062736));
#13713=CARTESIAN_POINT('Ctrl Pts',(1409.5,22.0868810393757,9.00000000000001));
#13714=CARTESIAN_POINT('Ctrl Pts',(1409.5,22.0868810393757,8.99999999999999));
#13715=CARTESIAN_POINT('Ctrl Pts',(1409.5,22.0868810393757,8.53971808937264));
#13716=CARTESIAN_POINT('Ctrl Pts',(1409.59504464172,21.997390043886,8.06669356963778));
#13717=CARTESIAN_POINT('Ctrl Pts',(1409.95529508788,21.7169668068703,7.21266635925587));
#13718=CARTESIAN_POINT('Ctrl Pts',(1410.22067839872,21.5326694357682,6.82957413297248));
#13719=CARTESIAN_POINT('Ctrl Pts',(1410.82622478499,21.2089912773107,6.22402774670758));
#13720=CARTESIAN_POINT('Ctrl Pts',(1411.21004724736,21.0445723283362,5.95643092464004));
#13721=CARTESIAN_POINT('Ctrl Pts',(1412.06892567111,20.8141254070843,5.59407207004462));
#13722=CARTESIAN_POINT('Ctrl Pts',(1412.54478182756,20.7500000000001,5.5));
#13723=CARTESIAN_POINT('Ctrl Pts',(1413.45521817244,20.7500000000001,5.5));
#13724=CARTESIAN_POINT('Ctrl Pts',(1413.93107432889,20.8141254070842,5.59407207004462));
#13725=CARTESIAN_POINT('Ctrl Pts',(1414.78995275264,21.044572328336,5.95643092464004));
#13726=CARTESIAN_POINT('Ctrl Pts',(1415.17377521501,21.2089912773104,6.22402774670757));
#13727=CARTESIAN_POINT('Ctrl Pts',(1415.77932160128,21.5326694357679,6.82957413297248));
#13728=CARTESIAN_POINT('Ctrl Pts',(1416.04470491212,21.7169668068699,7.21266635925587));
#13729=CARTESIAN_POINT('Ctrl Pts',(1416.40495535828,21.9973900438856,8.06669356963779));
#13730=CARTESIAN_POINT('Ctrl Pts',(1416.5,22.0868810393752,8.53971808937265));
#13731=CARTESIAN_POINT('Ctrl Pts',(1416.5,22.0868810393752,9.));
#13732=CARTESIAN_POINT('Origin',(1884.,9.00000000000015,9.));
#13733=CARTESIAN_POINT('',(1880.5,8.99999999999991,9.));
#13734=CARTESIAN_POINT('Origin',(1884.,8.99999999999991,9.));
#13735=CARTESIAN_POINT('',(1880.5,22.0868810393755,9.));
#13736=CARTESIAN_POINT('',(1880.5,9.00000000000015,9.));
#13737=CARTESIAN_POINT('',(1887.5,22.0868810393755,9.00000000000001));
#13738=CARTESIAN_POINT('Ctrl Pts',(1887.5,22.0868810393755,9.00000000000001));
#13739=CARTESIAN_POINT('Ctrl Pts',(1887.5,22.0868810393755,9.46028191062736));
#13740=CARTESIAN_POINT('Ctrl Pts',(1887.40495535828,21.9973900438859,9.93330643036222));
#13741=CARTESIAN_POINT('Ctrl Pts',(1887.04470491212,21.7169668068701,10.7873336407441));
#13742=CARTESIAN_POINT('Ctrl Pts',(1886.77932160128,21.5326694357681,11.1704258670275));
#13743=CARTESIAN_POINT('Ctrl Pts',(1886.17377521501,21.2089912773106,11.7759722532924));
#13744=CARTESIAN_POINT('Ctrl Pts',(1885.78995275264,21.0445723283362,12.04356907536));
#13745=CARTESIAN_POINT('Ctrl Pts',(1884.93107432889,20.8141254070843,12.4059279299554));
#13746=CARTESIAN_POINT('Ctrl Pts',(1884.45521817244,20.7500000000002,12.5));
#13747=CARTESIAN_POINT('Ctrl Pts',(1883.54478182756,20.7500000000002,12.5));
#13748=CARTESIAN_POINT('Ctrl Pts',(1883.06892567111,20.8141254070843,12.4059279299554));
#13749=CARTESIAN_POINT('Ctrl Pts',(1882.21004724736,21.0445723283362,12.04356907536));
#13750=CARTESIAN_POINT('Ctrl Pts',(1881.82622478499,21.2089912773106,11.7759722532924));
#13751=CARTESIAN_POINT('Ctrl Pts',(1881.22067839872,21.5326694357681,11.1704258670275));
#13752=CARTESIAN_POINT('Ctrl Pts',(1880.95529508788,21.7169668068701,10.7873336407441));
#13753=CARTESIAN_POINT('Ctrl Pts',(1880.59504464172,21.9973900438859,9.93330643036222));
#13754=CARTESIAN_POINT('Ctrl Pts',(1880.5,22.0868810393755,9.46028191062735));
#13755=CARTESIAN_POINT('Ctrl Pts',(1880.5,22.0868810393755,9.));
#13756=CARTESIAN_POINT('Ctrl Pts',(1880.5,22.0868810393755,9.00000000000001));
#13757=CARTESIAN_POINT('Ctrl Pts',(1880.5,22.0868810393755,8.53971808937266));
#13758=CARTESIAN_POINT('Ctrl Pts',(1880.59504464172,21.9973900438859,8.06669356963778));
#13759=CARTESIAN_POINT('Ctrl Pts',(1880.95529508788,21.7169668068701,7.21266635925587));
#13760=CARTESIAN_POINT('Ctrl Pts',(1881.22067839872,21.5326694357681,6.82957413297248));
#13761=CARTESIAN_POINT('Ctrl Pts',(1881.82622478499,21.2089912773106,6.22402774670757));
#13762=CARTESIAN_POINT('Ctrl Pts',(1882.21004724736,21.0445723283362,5.95643092464004));
#13763=CARTESIAN_POINT('Ctrl Pts',(1883.06892567111,20.8141254070843,5.59407207004462));
#13764=CARTESIAN_POINT('Ctrl Pts',(1883.54478182756,20.7500000000002,5.5));
#13765=CARTESIAN_POINT('Ctrl Pts',(1884.45521817244,20.7500000000002,5.5));
#13766=CARTESIAN_POINT('Ctrl Pts',(1884.93107432889,20.8141254070843,5.59407207004462));
#13767=CARTESIAN_POINT('Ctrl Pts',(1885.78995275264,21.0445723283362,5.95643092464004));
#13768=CARTESIAN_POINT('Ctrl Pts',(1886.17377521501,21.2089912773106,6.22402774670757));
#13769=CARTESIAN_POINT('Ctrl Pts',(1886.77932160128,21.5326694357681,6.82957413297248));
#13770=CARTESIAN_POINT('Ctrl Pts',(1887.04470491212,21.7169668068701,7.21266635925587));
#13771=CARTESIAN_POINT('Ctrl Pts',(1887.40495535828,21.9973900438859,8.06669356963778));
#13772=CARTESIAN_POINT('Ctrl Pts',(1887.5,22.0868810393755,8.53971808937264));
#13773=CARTESIAN_POINT('Ctrl Pts',(1887.5,22.0868810393755,8.99999999999999));
#13774=CARTESIAN_POINT('Origin',(157.,8.99999999999993,9.));
#13775=CARTESIAN_POINT('',(153.5,8.99999999999991,9.));
#13776=CARTESIAN_POINT('Origin',(157.,8.99999999999991,9.));
#13777=CARTESIAN_POINT('',(153.5,22.0868810393753,9.));
#13778=CARTESIAN_POINT('',(153.5,8.99999999999993,9.));
#13779=CARTESIAN_POINT('',(160.5,22.0868810393753,9.));
#13780=CARTESIAN_POINT('Ctrl Pts',(160.5,22.0868810393753,9.));
#13781=CARTESIAN_POINT('Ctrl Pts',(160.5,22.0868810393753,9.46028191062735));
#13782=CARTESIAN_POINT('Ctrl Pts',(160.404955358281,21.9973900438856,9.93330643036208));
#13783=CARTESIAN_POINT('Ctrl Pts',(160.044704912117,21.7169668068699,10.787333640744));
#13784=CARTESIAN_POINT('Ctrl Pts',(159.779321601278,21.532669435768,11.1704258670275));
#13785=CARTESIAN_POINT('Ctrl Pts',(159.173775215013,21.2089912773105,11.7759722532924));
#13786=CARTESIAN_POINT('Ctrl Pts',(158.789952752642,21.044572328336,12.0435690753599));
#13787=CARTESIAN_POINT('Ctrl Pts',(157.93107432889,20.8141254070841,12.4059279299554));
#13788=CARTESIAN_POINT('Ctrl Pts',(157.455218172442,20.7499999999999,12.5));
#13789=CARTESIAN_POINT('Ctrl Pts',(156.544781827558,20.7499999999999,12.5));
#13790=CARTESIAN_POINT('Ctrl Pts',(156.06892567111,20.8141254070841,12.4059279299554));
#13791=CARTESIAN_POINT('Ctrl Pts',(155.210047247358,21.044572328336,12.0435690753599));
#13792=CARTESIAN_POINT('Ctrl Pts',(154.826224784986,21.2089912773105,11.7759722532924));
#13793=CARTESIAN_POINT('Ctrl Pts',(154.220678398722,21.532669435768,11.1704258670275));
#13794=CARTESIAN_POINT('Ctrl Pts',(153.955295087882,21.7169668068699,10.787333640744));
#13795=CARTESIAN_POINT('Ctrl Pts',(153.595044641719,21.9973900438856,9.93330643036209));
#13796=CARTESIAN_POINT('Ctrl Pts',(153.5,22.0868810393753,9.46028191062735));
#13797=CARTESIAN_POINT('Ctrl Pts',(153.5,22.0868810393753,9.));
#13798=CARTESIAN_POINT('Ctrl Pts',(153.5,22.0868810393753,9.));
#13799=CARTESIAN_POINT('Ctrl Pts',(153.5,22.0868810393753,8.53971808937265));
#13800=CARTESIAN_POINT('Ctrl Pts',(153.595044641719,21.9973900438856,8.06669356963789));
#13801=CARTESIAN_POINT('Ctrl Pts',(153.955295087882,21.7169668068699,7.21266635925602));
#13802=CARTESIAN_POINT('Ctrl Pts',(154.220678398722,21.532669435768,6.82957413297249));
#13803=CARTESIAN_POINT('Ctrl Pts',(154.826224784986,21.2089912773105,6.22402774670756));
#13804=CARTESIAN_POINT('Ctrl Pts',(155.210047247358,21.044572328336,5.95643092464012));
#13805=CARTESIAN_POINT('Ctrl Pts',(156.06892567111,20.8141254070841,5.59407207004463));
#13806=CARTESIAN_POINT('Ctrl Pts',(156.544781827558,20.7499999999999,5.5));
#13807=CARTESIAN_POINT('Ctrl Pts',(157.455218172442,20.7499999999999,5.5));
#13808=CARTESIAN_POINT('Ctrl Pts',(157.93107432889,20.8141254070841,5.59407207004464));
#13809=CARTESIAN_POINT('Ctrl Pts',(158.789952752642,21.044572328336,5.95643092464014));
#13810=CARTESIAN_POINT('Ctrl Pts',(159.173775215013,21.2089912773105,6.22402774670756));
#13811=CARTESIAN_POINT('Ctrl Pts',(159.779321601278,21.532669435768,6.82957413297249));
#13812=CARTESIAN_POINT('Ctrl Pts',(160.044704912117,21.7169668068699,7.21266635925604));
#13813=CARTESIAN_POINT('Ctrl Pts',(160.404955358281,21.9973900438856,8.06669356963792));
#13814=CARTESIAN_POINT('Ctrl Pts',(160.5,22.0868810393753,8.53971808937265));
#13815=CARTESIAN_POINT('Ctrl Pts',(160.5,22.0868810393753,9.));
#13816=CARTESIAN_POINT('Origin',(471.,8.99999999999997,9.));
#13817=CARTESIAN_POINT('',(467.5,8.99999999999991,9.));
#13818=CARTESIAN_POINT('Origin',(471.,8.99999999999991,9.));
#13819=CARTESIAN_POINT('',(467.5,22.0868810393753,9.));
#13820=CARTESIAN_POINT('',(467.5,8.99999999999997,9.));
#13821=CARTESIAN_POINT('',(474.5,22.0868810393753,9.));
#13822=CARTESIAN_POINT('Ctrl Pts',(474.5,22.0868810393753,9.));
#13823=CARTESIAN_POINT('Ctrl Pts',(474.5,22.0868810393753,9.46028191062735));
#13824=CARTESIAN_POINT('Ctrl Pts',(474.404955358281,21.9973900438857,9.93330643036207));
#13825=CARTESIAN_POINT('Ctrl Pts',(474.044704912117,21.71696680687,10.787333640744));
#13826=CARTESIAN_POINT('Ctrl Pts',(473.779321601278,21.532669435768,11.1704258670275));
#13827=CARTESIAN_POINT('Ctrl Pts',(473.173775215013,21.2089912773105,11.7759722532924));
#13828=CARTESIAN_POINT('Ctrl Pts',(472.789952752642,21.0445723283361,12.0435690753599));
#13829=CARTESIAN_POINT('Ctrl Pts',(471.93107432889,20.8141254070842,12.4059279299554));
#13830=CARTESIAN_POINT('Ctrl Pts',(471.455218172442,20.75,12.5));
#13831=CARTESIAN_POINT('Ctrl Pts',(470.544781827558,20.75,12.5));
#13832=CARTESIAN_POINT('Ctrl Pts',(470.06892567111,20.8141254070842,12.4059279299554));
#13833=CARTESIAN_POINT('Ctrl Pts',(469.210047247358,21.0445723283361,12.0435690753599));
#13834=CARTESIAN_POINT('Ctrl Pts',(468.826224784987,21.2089912773105,11.7759722532924));
#13835=CARTESIAN_POINT('Ctrl Pts',(468.220678398722,21.532669435768,11.1704258670275));
#13836=CARTESIAN_POINT('Ctrl Pts',(467.955295087882,21.71696680687,10.787333640744));
#13837=CARTESIAN_POINT('Ctrl Pts',(467.595044641719,21.9973900438857,9.93330643036207));
#13838=CARTESIAN_POINT('Ctrl Pts',(467.5,22.0868810393753,9.46028191062735));
#13839=CARTESIAN_POINT('Ctrl Pts',(467.5,22.0868810393753,9.));
#13840=CARTESIAN_POINT('Ctrl Pts',(467.5,22.0868810393753,9.));
#13841=CARTESIAN_POINT('Ctrl Pts',(467.5,22.0868810393753,8.53971808937265));
#13842=CARTESIAN_POINT('Ctrl Pts',(467.595044641719,21.9973900438857,8.06669356963793));
#13843=CARTESIAN_POINT('Ctrl Pts',(467.955295087882,21.71696680687,7.21266635925604));
#13844=CARTESIAN_POINT('Ctrl Pts',(468.220678398722,21.532669435768,6.82957413297249));
#13845=CARTESIAN_POINT('Ctrl Pts',(468.826224784987,21.2089912773105,6.22402774670757));
#13846=CARTESIAN_POINT('Ctrl Pts',(469.210047247358,21.044572328336,5.95643092464007));
#13847=CARTESIAN_POINT('Ctrl Pts',(470.06892567111,20.8141254070842,5.59407207004462));
#13848=CARTESIAN_POINT('Ctrl Pts',(470.544781827558,20.75,5.5));
#13849=CARTESIAN_POINT('Ctrl Pts',(471.455218172442,20.75,5.5));
#13850=CARTESIAN_POINT('Ctrl Pts',(471.93107432889,20.8141254070842,5.59407207004468));
#13851=CARTESIAN_POINT('Ctrl Pts',(472.789952752642,21.0445723283361,5.95643092464018));
#13852=CARTESIAN_POINT('Ctrl Pts',(473.173775215013,21.2089912773105,6.22402774670757));
#13853=CARTESIAN_POINT('Ctrl Pts',(473.779321601278,21.532669435768,6.82957413297249));
#13854=CARTESIAN_POINT('Ctrl Pts',(474.044704912117,21.71696680687,7.21266635925604));
#13855=CARTESIAN_POINT('Ctrl Pts',(474.404955358281,21.9973900438857,8.06669356963793));
#13856=CARTESIAN_POINT('Ctrl Pts',(474.5,22.0868810393753,8.53971808937265));
#13857=CARTESIAN_POINT('Ctrl Pts',(474.5,22.0868810393753,9.));
#13858=CARTESIAN_POINT('Origin',(942.,9.00000000000004,9.));
#13859=CARTESIAN_POINT('',(938.5,8.99999999999991,9.));
#13860=CARTESIAN_POINT('Origin',(942.,8.99999999999991,9.));
#13861=CARTESIAN_POINT('',(938.5,22.0868810393754,9.));
#13862=CARTESIAN_POINT('',(938.5,9.00000000000004,9.));
#13863=CARTESIAN_POINT('',(945.5,22.0868810393754,9.));
#13864=CARTESIAN_POINT('Ctrl Pts',(945.5,22.0868810393754,9.));
#13865=CARTESIAN_POINT('Ctrl Pts',(945.5,22.0868810393754,9.46028191062734));
#13866=CARTESIAN_POINT('Ctrl Pts',(945.404955358281,21.9973900438857,9.93330643036211));
#13867=CARTESIAN_POINT('Ctrl Pts',(945.044704912117,21.71696680687,10.787333640744));
#13868=CARTESIAN_POINT('Ctrl Pts',(944.779321601278,21.5326694357681,11.1704258670275));
#13869=CARTESIAN_POINT('Ctrl Pts',(944.173775215013,21.2089912773106,11.7759722532925));
#13870=CARTESIAN_POINT('Ctrl Pts',(943.789952752642,21.0445723283361,12.0435690753599));
#13871=CARTESIAN_POINT('Ctrl Pts',(942.93107432889,20.8141254070842,12.4059279299554));
#13872=CARTESIAN_POINT('Ctrl Pts',(942.455218172442,20.75,12.5));
#13873=CARTESIAN_POINT('Ctrl Pts',(941.544781827558,20.75,12.5));
#13874=CARTESIAN_POINT('Ctrl Pts',(941.06892567111,20.8141254070842,12.4059279299554));
#13875=CARTESIAN_POINT('Ctrl Pts',(940.210047247358,21.0445723283361,12.0435690753599));
#13876=CARTESIAN_POINT('Ctrl Pts',(939.826224784987,21.2089912773106,11.7759722532925));
#13877=CARTESIAN_POINT('Ctrl Pts',(939.220678398722,21.5326694357681,11.1704258670275));
#13878=CARTESIAN_POINT('Ctrl Pts',(938.955295087882,21.71696680687,10.787333640744));
#13879=CARTESIAN_POINT('Ctrl Pts',(938.595044641718,21.9973900438857,9.93330643036211));
#13880=CARTESIAN_POINT('Ctrl Pts',(938.5,22.0868810393754,9.46028191062734));
#13881=CARTESIAN_POINT('Ctrl Pts',(938.5,22.0868810393754,9.));
#13882=CARTESIAN_POINT('Ctrl Pts',(938.5,22.0868810393754,9.));
#13883=CARTESIAN_POINT('Ctrl Pts',(938.5,22.0868810393754,8.53971808937266));
#13884=CARTESIAN_POINT('Ctrl Pts',(938.595044641718,21.9973900438857,8.06669356963789));
#13885=CARTESIAN_POINT('Ctrl Pts',(938.955295087882,21.71696680687,7.212666359256));
#13886=CARTESIAN_POINT('Ctrl Pts',(939.220678398722,21.5326694357681,6.82957413297248));
#13887=CARTESIAN_POINT('Ctrl Pts',(939.826224784987,21.2089912773106,6.22402774670755));
#13888=CARTESIAN_POINT('Ctrl Pts',(940.210047247358,21.0445723283361,5.95643092464006));
#13889=CARTESIAN_POINT('Ctrl Pts',(941.06892567111,20.8141254070842,5.59407207004463));
#13890=CARTESIAN_POINT('Ctrl Pts',(941.544781827558,20.75,5.5));
#13891=CARTESIAN_POINT('Ctrl Pts',(942.455218172442,20.75,5.5));
#13892=CARTESIAN_POINT('Ctrl Pts',(942.93107432889,20.8141254070843,5.5940720700447));
#13893=CARTESIAN_POINT('Ctrl Pts',(943.789952752642,21.0445723283362,5.9564309246402));
#13894=CARTESIAN_POINT('Ctrl Pts',(944.173775215013,21.2089912773106,6.22402774670754));
#13895=CARTESIAN_POINT('Ctrl Pts',(944.779321601278,21.5326694357681,6.82957413297247));
#13896=CARTESIAN_POINT('Ctrl Pts',(945.044704912117,21.7169668068701,7.21266635925605));
#13897=CARTESIAN_POINT('Ctrl Pts',(945.404955358281,21.9973900438858,8.0666935696379));
#13898=CARTESIAN_POINT('Ctrl Pts',(945.5,22.0868810393754,8.53971808937266));
#13899=CARTESIAN_POINT('Ctrl Pts',(945.5,22.0868810393754,9.));
#13900=CARTESIAN_POINT('Origin',(1256.,9.00000000000007,9.));
#13901=CARTESIAN_POINT('',(1252.5,8.99999999999991,9.));
#13902=CARTESIAN_POINT('Origin',(1256.,8.99999999999991,9.));
#13903=CARTESIAN_POINT('',(1252.5,22.0868810393755,9.));
#13904=CARTESIAN_POINT('',(1252.5,9.00000000000007,9.));
#13905=CARTESIAN_POINT('',(1259.5,22.0868810393754,9.));
#13906=CARTESIAN_POINT('Ctrl Pts',(1259.5,22.0868810393754,9.));
#13907=CARTESIAN_POINT('Ctrl Pts',(1259.5,22.0868810393754,9.46028191062734));
#13908=CARTESIAN_POINT('Ctrl Pts',(1259.40495535828,21.9973900438858,9.93330643036211));
#13909=CARTESIAN_POINT('Ctrl Pts',(1259.04470491212,21.7169668068701,10.787333640744));
#13910=CARTESIAN_POINT('Ctrl Pts',(1258.77932160128,21.5326694357681,11.1704258670275));
#13911=CARTESIAN_POINT('Ctrl Pts',(1258.17377521501,21.2089912773106,11.7759722532925));
#13912=CARTESIAN_POINT('Ctrl Pts',(1257.78995275264,21.0445723283361,12.0435690753599));
#13913=CARTESIAN_POINT('Ctrl Pts',(1256.93107432889,20.8141254070842,12.4059279299554));
#13914=CARTESIAN_POINT('Ctrl Pts',(1256.45521817244,20.7500000000001,12.5));
#13915=CARTESIAN_POINT('Ctrl Pts',(1255.54478182756,20.7500000000001,12.5));
#13916=CARTESIAN_POINT('Ctrl Pts',(1255.06892567111,20.8141254070842,12.4059279299554));
#13917=CARTESIAN_POINT('Ctrl Pts',(1254.21004724736,21.0445723283361,12.0435690753599));
#13918=CARTESIAN_POINT('Ctrl Pts',(1253.82622478499,21.2089912773106,11.7759722532925));
#13919=CARTESIAN_POINT('Ctrl Pts',(1253.22067839872,21.5326694357681,11.1704258670275));
#13920=CARTESIAN_POINT('Ctrl Pts',(1252.95529508788,21.7169668068701,10.787333640744));
#13921=CARTESIAN_POINT('Ctrl Pts',(1252.59504464172,21.9973900438858,9.93330643036211));
#13922=CARTESIAN_POINT('Ctrl Pts',(1252.5,22.0868810393754,9.46028191062733));
#13923=CARTESIAN_POINT('Ctrl Pts',(1252.5,22.0868810393754,9.));
#13924=CARTESIAN_POINT('Ctrl Pts',(1252.5,22.0868810393754,9.));
#13925=CARTESIAN_POINT('Ctrl Pts',(1252.5,22.0868810393754,8.53971808937267));
#13926=CARTESIAN_POINT('Ctrl Pts',(1252.59504464172,21.9973900438858,8.0666935696379));
#13927=CARTESIAN_POINT('Ctrl Pts',(1252.95529508788,21.7169668068701,7.21266635925601));
#13928=CARTESIAN_POINT('Ctrl Pts',(1253.22067839872,21.5326694357681,6.82957413297248));
#13929=CARTESIAN_POINT('Ctrl Pts',(1253.82622478499,21.2089912773106,6.22402774670755));
#13930=CARTESIAN_POINT('Ctrl Pts',(1254.21004724736,21.0445723283361,5.95643092464006));
#13931=CARTESIAN_POINT('Ctrl Pts',(1255.06892567111,20.8141254070842,5.59407207004463));
#13932=CARTESIAN_POINT('Ctrl Pts',(1255.54478182756,20.7500000000001,5.5));
#13933=CARTESIAN_POINT('Ctrl Pts',(1256.45521817244,20.7500000000001,5.5));
#13934=CARTESIAN_POINT('Ctrl Pts',(1256.93107432889,20.8141254070842,5.59407207004463));
#13935=CARTESIAN_POINT('Ctrl Pts',(1257.78995275264,21.0445723283361,5.95643092464006));
#13936=CARTESIAN_POINT('Ctrl Pts',(1258.17377521501,21.2089912773106,6.22402774670754));
#13937=CARTESIAN_POINT('Ctrl Pts',(1258.77932160128,21.5326694357681,6.82957413297247));
#13938=CARTESIAN_POINT('Ctrl Pts',(1259.04470491212,21.7169668068701,7.212666359256));
#13939=CARTESIAN_POINT('Ctrl Pts',(1259.40495535828,21.9973900438858,8.06669356963789));
#13940=CARTESIAN_POINT('Ctrl Pts',(1259.5,22.0868810393755,8.53971808937266));
#13941=CARTESIAN_POINT('Ctrl Pts',(1259.5,22.0868810393755,9.));
#13942=CARTESIAN_POINT('Origin',(2041.,9.00000000000018,9.));
#13943=CARTESIAN_POINT('',(2037.5,8.99999999999991,9.));
#13944=CARTESIAN_POINT('Origin',(2041.,8.99999999999991,9.));
#13945=CARTESIAN_POINT('',(2037.5,22.0868810393755,9.));
#13946=CARTESIAN_POINT('',(2037.5,9.00000000000018,9.));
#13947=CARTESIAN_POINT('',(2044.5,22.0868810393755,9.00000000000001));
#13948=CARTESIAN_POINT('Ctrl Pts',(2044.5,22.0868810393755,9.00000000000001));
#13949=CARTESIAN_POINT('Ctrl Pts',(2044.5,22.0868810393755,9.46028191062736));
#13950=CARTESIAN_POINT('Ctrl Pts',(2044.40495535828,21.9973900438859,9.93330643036222));
#13951=CARTESIAN_POINT('Ctrl Pts',(2044.04470491212,21.7169668068702,10.7873336407441));
#13952=CARTESIAN_POINT('Ctrl Pts',(2043.77932160128,21.5326694357681,11.1704258670275));
#13953=CARTESIAN_POINT('Ctrl Pts',(2043.17377521501,21.2089912773107,11.7759722532924));
#13954=CARTESIAN_POINT('Ctrl Pts',(2042.78995275264,21.0445723283362,12.04356907536));
#13955=CARTESIAN_POINT('Ctrl Pts',(2041.93107432889,20.8141254070843,12.4059279299554));
#13956=CARTESIAN_POINT('Ctrl Pts',(2041.45521817244,20.7500000000002,12.5));
#13957=CARTESIAN_POINT('Ctrl Pts',(2040.54478182756,20.7500000000002,12.5));
#13958=CARTESIAN_POINT('Ctrl Pts',(2040.06892567111,20.8141254070843,12.4059279299554));
#13959=CARTESIAN_POINT('Ctrl Pts',(2039.21004724736,21.0445723283362,12.04356907536));
#13960=CARTESIAN_POINT('Ctrl Pts',(2038.82622478499,21.2089912773107,11.7759722532924));
#13961=CARTESIAN_POINT('Ctrl Pts',(2038.22067839872,21.5326694357681,11.1704258670275));
#13962=CARTESIAN_POINT('Ctrl Pts',(2037.95529508788,21.7169668068702,10.7873336407441));
#13963=CARTESIAN_POINT('Ctrl Pts',(2037.59504464172,21.9973900438859,9.93330643036222));
#13964=CARTESIAN_POINT('Ctrl Pts',(2037.5,22.0868810393755,9.46028191062734));
#13965=CARTESIAN_POINT('Ctrl Pts',(2037.5,22.0868810393755,8.99999999999999));
#13966=CARTESIAN_POINT('Ctrl Pts',(2037.5,22.0868810393755,8.99999999999999));
#13967=CARTESIAN_POINT('Ctrl Pts',(2037.5,22.0868810393755,8.53971808937264));
#13968=CARTESIAN_POINT('Ctrl Pts',(2037.59504464172,21.9973900438859,8.06669356963778));
#13969=CARTESIAN_POINT('Ctrl Pts',(2037.95529508788,21.7169668068702,7.21266635925587));
#13970=CARTESIAN_POINT('Ctrl Pts',(2038.22067839872,21.5326694357681,6.82957413297248));
#13971=CARTESIAN_POINT('Ctrl Pts',(2038.82622478499,21.2089912773107,6.22402774670757));
#13972=CARTESIAN_POINT('Ctrl Pts',(2039.21004724736,21.0445723283362,5.95643092464004));
#13973=CARTESIAN_POINT('Ctrl Pts',(2040.06892567111,20.8141254070843,5.59407207004462));
#13974=CARTESIAN_POINT('Ctrl Pts',(2040.54478182756,20.7500000000002,5.5));
#13975=CARTESIAN_POINT('Ctrl Pts',(2041.45521817244,20.7500000000002,5.5));
#13976=CARTESIAN_POINT('Ctrl Pts',(2041.93107432889,20.8141254070843,5.59407207004462));
#13977=CARTESIAN_POINT('Ctrl Pts',(2042.78995275264,21.0445723283362,5.95643092464004));
#13978=CARTESIAN_POINT('Ctrl Pts',(2043.17377521501,21.2089912773107,6.22402774670757));
#13979=CARTESIAN_POINT('Ctrl Pts',(2043.77932160128,21.5326694357681,6.82957413297248));
#13980=CARTESIAN_POINT('Ctrl Pts',(2044.04470491212,21.7169668068702,7.21266635925587));
#13981=CARTESIAN_POINT('Ctrl Pts',(2044.40495535828,21.9973900438859,8.06669356963778));
#13982=CARTESIAN_POINT('Ctrl Pts',(2044.5,22.0868810393755,8.53971808937266));
#13983=CARTESIAN_POINT('Ctrl Pts',(2044.5,22.0868810393755,9.00000000000001));
#13984=CARTESIAN_POINT('Origin',(628.,8.99999999999999,9.));
#13985=CARTESIAN_POINT('',(624.5,8.99999999999991,9.));
#13986=CARTESIAN_POINT('Origin',(628.,8.99999999999991,9.));
#13987=CARTESIAN_POINT('',(624.5,22.0868810393754,9.));
#13988=CARTESIAN_POINT('',(624.5,8.99999999999999,9.));
#13989=CARTESIAN_POINT('',(631.5,22.0868810393754,9.));
#13990=CARTESIAN_POINT('Ctrl Pts',(631.5,22.0868810393754,9.));
#13991=CARTESIAN_POINT('Ctrl Pts',(631.5,22.0868810393754,9.46028191062735));
#13992=CARTESIAN_POINT('Ctrl Pts',(631.404955358281,21.9973900438858,9.93330643036207));
#13993=CARTESIAN_POINT('Ctrl Pts',(631.044704912117,21.71696680687,10.787333640744));
#13994=CARTESIAN_POINT('Ctrl Pts',(630.779321601278,21.532669435768,11.1704258670275));
#13995=CARTESIAN_POINT('Ctrl Pts',(630.173775215013,21.2089912773105,11.7759722532924));
#13996=CARTESIAN_POINT('Ctrl Pts',(629.789952752642,21.0445723283361,12.0435690753599));
#13997=CARTESIAN_POINT('Ctrl Pts',(628.93107432889,20.8141254070842,12.4059279299554));
#13998=CARTESIAN_POINT('Ctrl Pts',(628.455218172442,20.75,12.5));
#13999=CARTESIAN_POINT('Ctrl Pts',(627.544781827558,20.75,12.5));
#14000=CARTESIAN_POINT('Ctrl Pts',(627.06892567111,20.8141254070842,12.4059279299554));
#14001=CARTESIAN_POINT('Ctrl Pts',(626.210047247358,21.0445723283361,12.0435690753599));
#14002=CARTESIAN_POINT('Ctrl Pts',(625.826224784987,21.2089912773105,11.7759722532924));
#14003=CARTESIAN_POINT('Ctrl Pts',(625.220678398722,21.532669435768,11.1704258670275));
#14004=CARTESIAN_POINT('Ctrl Pts',(624.955295087882,21.71696680687,10.787333640744));
#14005=CARTESIAN_POINT('Ctrl Pts',(624.595044641719,21.9973900438856,9.93330643036207));
#14006=CARTESIAN_POINT('Ctrl Pts',(624.5,22.0868810393753,9.46028191062736));
#14007=CARTESIAN_POINT('Ctrl Pts',(624.5,22.0868810393753,9.00000000000001));
#14008=CARTESIAN_POINT('Ctrl Pts',(624.5,22.0868810393753,9.));
#14009=CARTESIAN_POINT('Ctrl Pts',(624.5,22.0868810393753,8.53971808937264));
#14010=CARTESIAN_POINT('Ctrl Pts',(624.595044641719,21.9973900438856,8.06669356963793));
#14011=CARTESIAN_POINT('Ctrl Pts',(624.955295087882,21.71696680687,7.21266635925604));
#14012=CARTESIAN_POINT('Ctrl Pts',(625.220678398722,21.532669435768,6.82957413297249));
#14013=CARTESIAN_POINT('Ctrl Pts',(625.826224784987,21.2089912773105,6.22402774670756));
#14014=CARTESIAN_POINT('Ctrl Pts',(626.210047247358,21.044572328336,5.95643092464007));
#14015=CARTESIAN_POINT('Ctrl Pts',(627.06892567111,20.8141254070842,5.59407207004462));
#14016=CARTESIAN_POINT('Ctrl Pts',(627.544781827558,20.75,5.5));
#14017=CARTESIAN_POINT('Ctrl Pts',(628.455218172442,20.75,5.5));
#14018=CARTESIAN_POINT('Ctrl Pts',(628.93107432889,20.8141254070842,5.59407207004468));
#14019=CARTESIAN_POINT('Ctrl Pts',(629.789952752642,21.0445723283362,5.95643092464019));
#14020=CARTESIAN_POINT('Ctrl Pts',(630.173775215013,21.2089912773105,6.22402774670757));
#14021=CARTESIAN_POINT('Ctrl Pts',(630.779321601278,21.532669435768,6.82957413297249));
#14022=CARTESIAN_POINT('Ctrl Pts',(631.044704912117,21.71696680687,7.21266635925604));
#14023=CARTESIAN_POINT('Ctrl Pts',(631.404955358281,21.9973900438858,8.06669356963793));
#14024=CARTESIAN_POINT('Ctrl Pts',(631.5,22.0868810393754,8.53971808937265));
#14025=CARTESIAN_POINT('Ctrl Pts',(631.5,22.0868810393754,9.));
#14026=CARTESIAN_POINT('Origin',(785.,9.00000000000001,9.));
#14027=CARTESIAN_POINT('',(781.5,8.99999999999991,9.));
#14028=CARTESIAN_POINT('Origin',(785.,8.99999999999991,9.));
#14029=CARTESIAN_POINT('',(781.5,22.0868810393755,9.));
#14030=CARTESIAN_POINT('',(781.5,9.00000000000001,9.));
#14031=CARTESIAN_POINT('',(788.5,22.0868810393753,9.));
#14032=CARTESIAN_POINT('Ctrl Pts',(788.5,22.0868810393753,9.));
#14033=CARTESIAN_POINT('Ctrl Pts',(788.5,22.0868810393753,9.46028191062733));
#14034=CARTESIAN_POINT('Ctrl Pts',(788.404955358281,21.9973900438856,9.93330643036217));
#14035=CARTESIAN_POINT('Ctrl Pts',(788.044704912117,21.71696680687,10.787333640744));
#14036=CARTESIAN_POINT('Ctrl Pts',(787.779321601278,21.532669435768,11.1704258670275));
#14037=CARTESIAN_POINT('Ctrl Pts',(787.173775215013,21.2089912773105,11.7759722532925));
#14038=CARTESIAN_POINT('Ctrl Pts',(786.789952752642,21.0445723283361,12.0435690753598));
#14039=CARTESIAN_POINT('Ctrl Pts',(785.93107432889,20.8141254070842,12.4059279299553));
#14040=CARTESIAN_POINT('Ctrl Pts',(785.455218172442,20.75,12.5));
#14041=CARTESIAN_POINT('Ctrl Pts',(784.544781827558,20.75,12.5));
#14042=CARTESIAN_POINT('Ctrl Pts',(784.06892567111,20.8141254070842,12.4059279299553));
#14043=CARTESIAN_POINT('Ctrl Pts',(783.210047247358,21.0445723283362,12.0435690753598));
#14044=CARTESIAN_POINT('Ctrl Pts',(782.826224784986,21.2089912773106,11.7759722532925));
#14045=CARTESIAN_POINT('Ctrl Pts',(782.220678398721,21.5326694357681,11.1704258670275));
#14046=CARTESIAN_POINT('Ctrl Pts',(781.955295087883,21.7169668068702,10.787333640744));
#14047=CARTESIAN_POINT('Ctrl Pts',(781.595044641719,21.9973900438859,9.93330643036217));
#14048=CARTESIAN_POINT('Ctrl Pts',(781.5,22.0868810393755,9.46028191062734));
#14049=CARTESIAN_POINT('Ctrl Pts',(781.5,22.0868810393755,9.));
#14050=CARTESIAN_POINT('Ctrl Pts',(781.5,22.0868810393755,9.));
#14051=CARTESIAN_POINT('Ctrl Pts',(781.5,22.0868810393755,8.53971808937266));
#14052=CARTESIAN_POINT('Ctrl Pts',(781.595044641719,21.9973900438859,8.06669356963783));
#14053=CARTESIAN_POINT('Ctrl Pts',(781.955295087883,21.7169668068702,7.21266635925599));
#14054=CARTESIAN_POINT('Ctrl Pts',(782.220678398721,21.5326694357681,6.82957413297248));
#14055=CARTESIAN_POINT('Ctrl Pts',(782.826224784986,21.2089912773106,6.22402774670755));
#14056=CARTESIAN_POINT('Ctrl Pts',(783.210047247358,21.0445723283362,5.95643092464017));
#14057=CARTESIAN_POINT('Ctrl Pts',(784.06892567111,20.8141254070842,5.59407207004466));
#14058=CARTESIAN_POINT('Ctrl Pts',(784.544781827558,20.75,5.5));
#14059=CARTESIAN_POINT('Ctrl Pts',(785.455218172442,20.75,5.5));
#14060=CARTESIAN_POINT('Ctrl Pts',(785.93107432889,20.8141254070842,5.59407207004469));
#14061=CARTESIAN_POINT('Ctrl Pts',(786.789952752642,21.0445723283361,5.95643092464027));
#14062=CARTESIAN_POINT('Ctrl Pts',(787.173775215013,21.2089912773105,6.22402774670754));
#14063=CARTESIAN_POINT('Ctrl Pts',(787.779321601278,21.532669435768,6.82957413297247));
#14064=CARTESIAN_POINT('Ctrl Pts',(788.044704912117,21.7169668068699,7.21266635925611));
#14065=CARTESIAN_POINT('Ctrl Pts',(788.404955358281,21.9973900438856,8.06669356963797));
#14066=CARTESIAN_POINT('Ctrl Pts',(788.5,22.0868810393753,8.53971808937267));
#14067=CARTESIAN_POINT('Ctrl Pts',(788.5,22.0868810393753,9.00000000000001));
#14068=CARTESIAN_POINT('Origin',(2198.,9.0000000000002,9.));
#14069=CARTESIAN_POINT('',(2194.5,8.99999999999991,9.));
#14070=CARTESIAN_POINT('Origin',(2198.,8.99999999999991,9.));
#14071=CARTESIAN_POINT('',(2194.5,22.0868810393756,9.));
#14072=CARTESIAN_POINT('',(2194.5,9.0000000000002,9.));
#14073=CARTESIAN_POINT('',(2201.5,22.0868810393756,9.00000000000001));
#14074=CARTESIAN_POINT('Ctrl Pts',(2201.5,22.0868810393756,9.00000000000001));
#14075=CARTESIAN_POINT('Ctrl Pts',(2201.5,22.0868810393756,9.46028191062736));
#14076=CARTESIAN_POINT('Ctrl Pts',(2201.40495535828,21.9973900438858,9.93330643036216));
#14077=CARTESIAN_POINT('Ctrl Pts',(2201.04470491212,21.7169668068701,10.787333640744));
#14078=CARTESIAN_POINT('Ctrl Pts',(2200.77932160128,21.5326694357682,11.1704258670275));
#14079=CARTESIAN_POINT('Ctrl Pts',(2200.17377521501,21.2089912773107,11.7759722532924));
#14080=CARTESIAN_POINT('Ctrl Pts',(2199.78995275264,21.0445723283363,12.0435690753599));
#14081=CARTESIAN_POINT('Ctrl Pts',(2198.93107432889,20.8141254070844,12.4059279299554));
#14082=CARTESIAN_POINT('Ctrl Pts',(2198.45521817244,20.7500000000002,12.5));
#14083=CARTESIAN_POINT('Ctrl Pts',(2197.54478182756,20.7500000000002,12.5));
#14084=CARTESIAN_POINT('Ctrl Pts',(2197.06892567111,20.8141254070844,12.4059279299554));
#14085=CARTESIAN_POINT('Ctrl Pts',(2196.21004724736,21.0445723283363,12.0435690753599));
#14086=CARTESIAN_POINT('Ctrl Pts',(2195.82622478499,21.2089912773107,11.7759722532924));
#14087=CARTESIAN_POINT('Ctrl Pts',(2195.22067839872,21.5326694357682,11.1704258670275));
#14088=CARTESIAN_POINT('Ctrl Pts',(2194.95529508788,21.7169668068701,10.787333640744));
#14089=CARTESIAN_POINT('Ctrl Pts',(2194.59504464172,21.9973900438858,9.93330643036216));
#14090=CARTESIAN_POINT('Ctrl Pts',(2194.5,22.0868810393755,9.46028191062735));
#14091=CARTESIAN_POINT('Ctrl Pts',(2194.5,22.0868810393755,9.));
#14092=CARTESIAN_POINT('Ctrl Pts',(2194.5,22.0868810393755,8.99999999999999));
#14093=CARTESIAN_POINT('Ctrl Pts',(2194.5,22.0868810393755,8.53971808937264));
#14094=CARTESIAN_POINT('Ctrl Pts',(2194.59504464172,21.9973900438858,8.06669356963784));
#14095=CARTESIAN_POINT('Ctrl Pts',(2194.95529508788,21.7169668068701,7.21266635925601));
#14096=CARTESIAN_POINT('Ctrl Pts',(2195.22067839872,21.5326694357682,6.82957413297248));
#14097=CARTESIAN_POINT('Ctrl Pts',(2195.82622478499,21.2089912773107,6.22402774670757));
#14098=CARTESIAN_POINT('Ctrl Pts',(2196.21004724736,21.0445723283361,5.95643092463984));
#14099=CARTESIAN_POINT('Ctrl Pts',(2197.06892567111,20.8141254070842,5.59407207004446));
#14100=CARTESIAN_POINT('Ctrl Pts',(2197.54478182756,20.7500000000002,5.5));
#14101=CARTESIAN_POINT('Ctrl Pts',(2198.45521817244,20.7500000000002,5.5));
#14102=CARTESIAN_POINT('Ctrl Pts',(2198.93107432889,20.8141254070844,5.59407207004462));
#14103=CARTESIAN_POINT('Ctrl Pts',(2199.78995275264,21.0445723283363,5.95643092464014));
#14104=CARTESIAN_POINT('Ctrl Pts',(2200.17377521501,21.2089912773107,6.22402774670757));
#14105=CARTESIAN_POINT('Ctrl Pts',(2200.77932160128,21.5326694357682,6.82957413297248));
#14106=CARTESIAN_POINT('Ctrl Pts',(2201.04470491212,21.7169668068703,7.21266635925602));
#14107=CARTESIAN_POINT('Ctrl Pts',(2201.40495535828,21.997390043886,8.06669356963788));
#14108=CARTESIAN_POINT('Ctrl Pts',(2201.5,22.0868810393756,8.53971808937264));
#14109=CARTESIAN_POINT('Ctrl Pts',(2201.5,22.0868810393756,8.99999999999999));
#14110=CARTESIAN_POINT('Origin',(314.,8.99999999999995,9.));
#14111=CARTESIAN_POINT('',(310.5,8.99999999999991,9.));
#14112=CARTESIAN_POINT('Origin',(314.,8.99999999999991,9.));
#14113=CARTESIAN_POINT('',(310.5,22.0868810393753,9.));
#14114=CARTESIAN_POINT('',(310.5,8.99999999999995,9.));
#14115=CARTESIAN_POINT('',(317.5,22.0868810393753,9.));
#14116=CARTESIAN_POINT('Ctrl Pts',(317.5,22.0868810393753,9.));
#14117=CARTESIAN_POINT('Ctrl Pts',(317.5,22.0868810393753,9.46028191062735));
#14118=CARTESIAN_POINT('Ctrl Pts',(317.404955358281,21.9973900438857,9.93330643036208));
#14119=CARTESIAN_POINT('Ctrl Pts',(317.044704912117,21.71696680687,10.787333640744));
#14120=CARTESIAN_POINT('Ctrl Pts',(316.779321601278,21.532669435768,11.1704258670275));
#14121=CARTESIAN_POINT('Ctrl Pts',(316.173775215013,21.2089912773105,11.7759722532924));
#14122=CARTESIAN_POINT('Ctrl Pts',(315.789952752642,21.044572328336,12.0435690753599));
#14123=CARTESIAN_POINT('Ctrl Pts',(314.93107432889,20.8141254070841,12.4059279299554));
#14124=CARTESIAN_POINT('Ctrl Pts',(314.455218172442,20.75,12.5));
#14125=CARTESIAN_POINT('Ctrl Pts',(313.544781827558,20.75,12.5));
#14126=CARTESIAN_POINT('Ctrl Pts',(313.06892567111,20.8141254070841,12.4059279299554));
#14127=CARTESIAN_POINT('Ctrl Pts',(312.210047247358,21.044572328336,12.0435690753599));
#14128=CARTESIAN_POINT('Ctrl Pts',(311.826224784986,21.2089912773105,11.7759722532924));
#14129=CARTESIAN_POINT('Ctrl Pts',(311.220678398722,21.532669435768,11.1704258670275));
#14130=CARTESIAN_POINT('Ctrl Pts',(310.955295087882,21.71696680687,10.787333640744));
#14131=CARTESIAN_POINT('Ctrl Pts',(310.595044641719,21.9973900438857,9.93330643036208));
#14132=CARTESIAN_POINT('Ctrl Pts',(310.5,22.0868810393753,9.46028191062734));
#14133=CARTESIAN_POINT('Ctrl Pts',(310.5,22.0868810393753,9.));
#14134=CARTESIAN_POINT('Ctrl Pts',(310.5,22.0868810393753,9.));
#14135=CARTESIAN_POINT('Ctrl Pts',(310.5,22.0868810393753,8.53971808937265));
#14136=CARTESIAN_POINT('Ctrl Pts',(310.595044641719,21.9973900438857,8.06669356963792));
#14137=CARTESIAN_POINT('Ctrl Pts',(310.955295087882,21.71696680687,7.21266635925604));
#14138=CARTESIAN_POINT('Ctrl Pts',(311.220678398722,21.532669435768,6.82957413297249));
#14139=CARTESIAN_POINT('Ctrl Pts',(311.826224784986,21.2089912773105,6.22402774670756));
#14140=CARTESIAN_POINT('Ctrl Pts',(312.210047247358,21.044572328336,5.95643092464011));
#14141=CARTESIAN_POINT('Ctrl Pts',(313.06892567111,20.8141254070841,5.59407207004462));
#14142=CARTESIAN_POINT('Ctrl Pts',(313.544781827558,20.75,5.5));
#14143=CARTESIAN_POINT('Ctrl Pts',(314.455218172442,20.75,5.5));
#14144=CARTESIAN_POINT('Ctrl Pts',(314.93107432889,20.8141254070841,5.59407207004462));
#14145=CARTESIAN_POINT('Ctrl Pts',(315.789952752642,21.044572328336,5.95643092464011));
#14146=CARTESIAN_POINT('Ctrl Pts',(316.173775215013,21.2089912773105,6.22402774670756));
#14147=CARTESIAN_POINT('Ctrl Pts',(316.779321601278,21.532669435768,6.82957413297249));
#14148=CARTESIAN_POINT('Ctrl Pts',(317.044704912117,21.71696680687,7.21266635925604));
#14149=CARTESIAN_POINT('Ctrl Pts',(317.404955358281,21.9973900438857,8.06669356963792));
#14150=CARTESIAN_POINT('Ctrl Pts',(317.5,22.0868810393753,8.53971808937265));
#14151=CARTESIAN_POINT('Ctrl Pts',(317.5,22.0868810393753,9.));
#14152=CARTESIAN_POINT('Origin',(1570.,9.00000000000011,9.));
#14153=CARTESIAN_POINT('',(1566.5,8.99999999999991,9.));
#14154=CARTESIAN_POINT('Origin',(1570.,8.99999999999991,9.));
#14155=CARTESIAN_POINT('',(1566.5,22.0868810393755,9.));
#14156=CARTESIAN_POINT('',(1566.5,9.00000000000011,9.));
#14157=CARTESIAN_POINT('',(1573.5,22.0868810393754,9.));
#14158=CARTESIAN_POINT('Ctrl Pts',(1573.5,22.0868810393754,9.));
#14159=CARTESIAN_POINT('Ctrl Pts',(1573.5,22.0868810393754,9.46028191062735));
#14160=CARTESIAN_POINT('Ctrl Pts',(1573.40495535828,21.9973900438857,9.93330643036216));
#14161=CARTESIAN_POINT('Ctrl Pts',(1573.04470491212,21.71696680687,10.787333640744));
#14162=CARTESIAN_POINT('Ctrl Pts',(1572.77932160128,21.5326694357681,11.1704258670275));
#14163=CARTESIAN_POINT('Ctrl Pts',(1572.17377521501,21.2089912773106,11.7759722532924));
#14164=CARTESIAN_POINT('Ctrl Pts',(1571.78995275264,21.0445723283362,12.0435690753599));
#14165=CARTESIAN_POINT('Ctrl Pts',(1570.93107432889,20.8141254070843,12.4059279299554));
#14166=CARTESIAN_POINT('Ctrl Pts',(1570.45521817244,20.7500000000001,12.5));
#14167=CARTESIAN_POINT('Ctrl Pts',(1569.54478182756,20.7500000000001,12.5));
#14168=CARTESIAN_POINT('Ctrl Pts',(1569.06892567111,20.8141254070843,12.4059279299554));
#14169=CARTESIAN_POINT('Ctrl Pts',(1568.21004724736,21.0445723283362,12.0435690753599));
#14170=CARTESIAN_POINT('Ctrl Pts',(1567.82622478499,21.2089912773106,11.7759722532924));
#14171=CARTESIAN_POINT('Ctrl Pts',(1567.22067839872,21.5326694357681,11.1704258670275));
#14172=CARTESIAN_POINT('Ctrl Pts',(1566.95529508788,21.71696680687,10.787333640744));
#14173=CARTESIAN_POINT('Ctrl Pts',(1566.59504464172,21.9973900438857,9.93330643036216));
#14174=CARTESIAN_POINT('Ctrl Pts',(1566.5,22.0868810393755,9.46028191062734));
#14175=CARTESIAN_POINT('Ctrl Pts',(1566.5,22.0868810393755,8.99999999999999));
#14176=CARTESIAN_POINT('Ctrl Pts',(1566.5,22.0868810393755,9.));
#14177=CARTESIAN_POINT('Ctrl Pts',(1566.5,22.0868810393755,8.53971808937264));
#14178=CARTESIAN_POINT('Ctrl Pts',(1566.59504464172,21.9973900438857,8.06669356963784));
#14179=CARTESIAN_POINT('Ctrl Pts',(1566.95529508788,21.71696680687,7.21266635925601));
#14180=CARTESIAN_POINT('Ctrl Pts',(1567.22067839872,21.5326694357681,6.82957413297248));
#14181=CARTESIAN_POINT('Ctrl Pts',(1567.82622478499,21.2089912773106,6.22402774670757));
#14182=CARTESIAN_POINT('Ctrl Pts',(1568.21004724736,21.044572328336,5.95643092463984));
#14183=CARTESIAN_POINT('Ctrl Pts',(1569.06892567111,20.8141254070842,5.59407207004446));
#14184=CARTESIAN_POINT('Ctrl Pts',(1569.54478182756,20.7500000000001,5.5));
#14185=CARTESIAN_POINT('Ctrl Pts',(1570.45521817244,20.7500000000001,5.5));
#14186=CARTESIAN_POINT('Ctrl Pts',(1570.93107432889,20.8141254070843,5.59407207004462));
#14187=CARTESIAN_POINT('Ctrl Pts',(1571.78995275264,21.0445723283362,5.95643092464014));
#14188=CARTESIAN_POINT('Ctrl Pts',(1572.17377521501,21.2089912773106,6.22402774670757));
#14189=CARTESIAN_POINT('Ctrl Pts',(1572.77932160128,21.5326694357681,6.82957413297248));
#14190=CARTESIAN_POINT('Ctrl Pts',(1573.04470491212,21.7169668068702,7.21266635925602));
#14191=CARTESIAN_POINT('Ctrl Pts',(1573.40495535828,21.9973900438859,8.06669356963788));
#14192=CARTESIAN_POINT('Ctrl Pts',(1573.5,22.0868810393755,8.53971808937265));
#14193=CARTESIAN_POINT('Ctrl Pts',(1573.5,22.0868810393755,9.));
#14194=CARTESIAN_POINT('Origin',(1099.,9.00000000000006,9.));
#14195=CARTESIAN_POINT('',(1095.5,8.99999999999991,9.));
#14196=CARTESIAN_POINT('Origin',(1099.,8.99999999999991,9.));
#14197=CARTESIAN_POINT('',(1095.5,22.0868810393754,9.));
#14198=CARTESIAN_POINT('',(1095.5,9.00000000000006,9.));
#14199=CARTESIAN_POINT('',(1102.5,22.0868810393754,9.));
#14200=CARTESIAN_POINT('Ctrl Pts',(1102.5,22.0868810393754,9.));
#14201=CARTESIAN_POINT('Ctrl Pts',(1102.5,22.0868810393754,9.46028191062734));
#14202=CARTESIAN_POINT('Ctrl Pts',(1102.40495535828,21.9973900438858,9.93330643036217));
#14203=CARTESIAN_POINT('Ctrl Pts',(1102.04470491212,21.7169668068701,10.787333640744));
#14204=CARTESIAN_POINT('Ctrl Pts',(1101.77932160128,21.5326694357681,11.1704258670275));
#14205=CARTESIAN_POINT('Ctrl Pts',(1101.17377521501,21.2089912773106,11.7759722532925));
#14206=CARTESIAN_POINT('Ctrl Pts',(1100.78995275264,21.0445723283362,12.0435690753598));
#14207=CARTESIAN_POINT('Ctrl Pts',(1099.93107432889,20.8141254070842,12.4059279299553));
#14208=CARTESIAN_POINT('Ctrl Pts',(1099.45521817244,20.7500000000001,12.5));
#14209=CARTESIAN_POINT('Ctrl Pts',(1098.54478182756,20.7500000000001,12.5));
#14210=CARTESIAN_POINT('Ctrl Pts',(1098.06892567111,20.8141254070842,12.4059279299553));
#14211=CARTESIAN_POINT('Ctrl Pts',(1097.21004724736,21.0445723283362,12.0435690753598));
#14212=CARTESIAN_POINT('Ctrl Pts',(1096.82622478499,21.2089912773106,11.7759722532925));
#14213=CARTESIAN_POINT('Ctrl Pts',(1096.22067839872,21.5326694357681,11.1704258670275));
#14214=CARTESIAN_POINT('Ctrl Pts',(1095.95529508788,21.7169668068701,10.787333640744));
#14215=CARTESIAN_POINT('Ctrl Pts',(1095.59504464172,21.9973900438858,9.93330643036217));
#14216=CARTESIAN_POINT('Ctrl Pts',(1095.5,22.0868810393754,9.46028191062734));
#14217=CARTESIAN_POINT('Ctrl Pts',(1095.5,22.0868810393754,9.00000000000001));
#14218=CARTESIAN_POINT('Ctrl Pts',(1095.5,22.0868810393754,9.));
#14219=CARTESIAN_POINT('Ctrl Pts',(1095.5,22.0868810393754,8.53971808937266));
#14220=CARTESIAN_POINT('Ctrl Pts',(1095.59504464172,21.9973900438858,8.06669356963783));
#14221=CARTESIAN_POINT('Ctrl Pts',(1095.95529508788,21.7169668068701,7.21266635925599));
#14222=CARTESIAN_POINT('Ctrl Pts',(1096.22067839872,21.5326694357681,6.82957413297248));
#14223=CARTESIAN_POINT('Ctrl Pts',(1096.82622478499,21.2089912773106,6.22402774670755));
#14224=CARTESIAN_POINT('Ctrl Pts',(1097.21004724736,21.0445723283362,5.95643092464017));
#14225=CARTESIAN_POINT('Ctrl Pts',(1098.06892567111,20.8141254070842,5.59407207004466));
#14226=CARTESIAN_POINT('Ctrl Pts',(1098.54478182756,20.7500000000001,5.5));
#14227=CARTESIAN_POINT('Ctrl Pts',(1099.45521817244,20.7500000000001,5.5));
#14228=CARTESIAN_POINT('Ctrl Pts',(1099.93107432889,20.8141254070843,5.59407207004474));
#14229=CARTESIAN_POINT('Ctrl Pts',(1100.78995275264,21.0445723283363,5.95643092464032));
#14230=CARTESIAN_POINT('Ctrl Pts',(1101.17377521501,21.2089912773106,6.22402774670754));
#14231=CARTESIAN_POINT('Ctrl Pts',(1101.77932160128,21.5326694357681,6.82957413297247));
#14232=CARTESIAN_POINT('Ctrl Pts',(1102.04470491212,21.7169668068701,7.21266635925602));
#14233=CARTESIAN_POINT('Ctrl Pts',(1102.40495535828,21.9973900438858,8.06669356963797));
#14234=CARTESIAN_POINT('Ctrl Pts',(1102.5,22.0868810393754,8.53971808937267));
#14235=CARTESIAN_POINT('Ctrl Pts',(1102.5,22.0868810393754,9.));
#14236=CARTESIAN_POINT('Origin',(2355.,9.00000000000021,9.));
#14237=CARTESIAN_POINT('',(2351.5,8.99999999999991,9.));
#14238=CARTESIAN_POINT('Origin',(2355.,8.99999999999991,9.));
#14239=CARTESIAN_POINT('',(2351.5,22.0868810393756,9.));
#14240=CARTESIAN_POINT('',(2351.5,9.00000000000021,9.));
#14241=CARTESIAN_POINT('',(2358.5,22.0868810393756,8.99999999999999));
#14242=CARTESIAN_POINT('Ctrl Pts',(2358.5,22.0868810393756,8.99999999999999));
#14243=CARTESIAN_POINT('Ctrl Pts',(2358.5,22.0868810393756,9.46028191062735));
#14244=CARTESIAN_POINT('Ctrl Pts',(2358.40495535828,21.9973900438858,9.93330643036216));
#14245=CARTESIAN_POINT('Ctrl Pts',(2358.04470491212,21.7169668068701,10.787333640744));
#14246=CARTESIAN_POINT('Ctrl Pts',(2357.77932160128,21.5326694357682,11.1704258670275));
#14247=CARTESIAN_POINT('Ctrl Pts',(2357.17377521501,21.2089912773107,11.7759722532924));
#14248=CARTESIAN_POINT('Ctrl Pts',(2356.78995275264,21.0445723283363,12.0435690753599));
#14249=CARTESIAN_POINT('Ctrl Pts',(2355.93107432889,20.8141254070844,12.4059279299554));
#14250=CARTESIAN_POINT('Ctrl Pts',(2355.45521817244,20.7500000000002,12.5));
#14251=CARTESIAN_POINT('Ctrl Pts',(2354.54478182756,20.7500000000002,12.5));
#14252=CARTESIAN_POINT('Ctrl Pts',(2354.06892567111,20.8141254070844,12.4059279299554));
#14253=CARTESIAN_POINT('Ctrl Pts',(2353.21004724736,21.0445723283363,12.0435690753599));
#14254=CARTESIAN_POINT('Ctrl Pts',(2352.82622478499,21.2089912773107,11.7759722532924));
#14255=CARTESIAN_POINT('Ctrl Pts',(2352.22067839872,21.5326694357682,11.1704258670275));
#14256=CARTESIAN_POINT('Ctrl Pts',(2351.95529508788,21.7169668068701,10.787333640744));
#14257=CARTESIAN_POINT('Ctrl Pts',(2351.59504464172,21.9973900438858,9.93330643036216));
#14258=CARTESIAN_POINT('Ctrl Pts',(2351.5,22.0868810393756,9.46028191062734));
#14259=CARTESIAN_POINT('Ctrl Pts',(2351.5,22.0868810393756,8.99999999999999));
#14260=CARTESIAN_POINT('Ctrl Pts',(2351.5,22.0868810393756,9.));
#14261=CARTESIAN_POINT('Ctrl Pts',(2351.5,22.0868810393756,8.53971808937265));
#14262=CARTESIAN_POINT('Ctrl Pts',(2351.59504464172,21.9973900438858,8.06669356963784));
#14263=CARTESIAN_POINT('Ctrl Pts',(2351.95529508788,21.7169668068701,7.21266635925601));
#14264=CARTESIAN_POINT('Ctrl Pts',(2352.22067839872,21.5326694357682,6.82957413297248));
#14265=CARTESIAN_POINT('Ctrl Pts',(2352.82622478499,21.2089912773107,6.22402774670757));
#14266=CARTESIAN_POINT('Ctrl Pts',(2353.21004724736,21.0445723283361,5.95643092463984));
#14267=CARTESIAN_POINT('Ctrl Pts',(2354.06892567111,20.8141254070843,5.59407207004446));
#14268=CARTESIAN_POINT('Ctrl Pts',(2354.54478182756,20.7500000000002,5.5));
#14269=CARTESIAN_POINT('Ctrl Pts',(2355.45521817244,20.7500000000002,5.5));
#14270=CARTESIAN_POINT('Ctrl Pts',(2355.93107432889,20.8141254070844,5.59407207004462));
#14271=CARTESIAN_POINT('Ctrl Pts',(2356.78995275264,21.0445723283363,5.95643092464014));
#14272=CARTESIAN_POINT('Ctrl Pts',(2357.17377521501,21.2089912773107,6.22402774670757));
#14273=CARTESIAN_POINT('Ctrl Pts',(2357.77932160128,21.5326694357682,6.82957413297248));
#14274=CARTESIAN_POINT('Ctrl Pts',(2358.04470491212,21.7169668068703,7.21266635925602));
#14275=CARTESIAN_POINT('Ctrl Pts',(2358.40495535828,21.997390043886,8.06669356963788));
#14276=CARTESIAN_POINT('Ctrl Pts',(2358.5,22.0868810393756,8.53971808937265));
#14277=CARTESIAN_POINT('Ctrl Pts',(2358.5,22.0868810393756,9.));
#14278=CARTESIAN_POINT('Ctrl Pts',(11.,87.4999999999999,0.));
#14279=CARTESIAN_POINT('Ctrl Pts',(11.,84.5468059179739,0.));
#14280=CARTESIAN_POINT('Ctrl Pts',(11.0026231635414,78.6575016718857,0.));
#14281=CARTESIAN_POINT('Ctrl Pts',(11.5612418257149,69.7957483911954,0.));
#14282=CARTESIAN_POINT('Ctrl Pts',(13.1101796432788,61.0446915080728,0.));
#14283=CARTESIAN_POINT('Ctrl Pts',(16.7455759758968,49.7691585623318,0.));
#14284=CARTESIAN_POINT('Ctrl Pts',(24.297955693918,36.9189704479044,0.));
#14285=CARTESIAN_POINT('Ctrl Pts',(36.923732291423,24.2943595184529,0.));
#14286=CARTESIAN_POINT('Ctrl Pts',(49.7657747826671,16.7454660439966,0.));
#14287=CARTESIAN_POINT('Ctrl Pts',(61.0509800902539,13.1085667306729,0.));
#14288=CARTESIAN_POINT('Ctrl Pts',(69.7876974346298,11.5629272722327,0.));
#14289=CARTESIAN_POINT('Ctrl Pts',(78.6453282933219,11.0025053529557,0.));
#14290=CARTESIAN_POINT('Ctrl Pts',(84.546805917974,11.0000000000001,0.));
#14291=CARTESIAN_POINT('Ctrl Pts',(87.5,11.0000000000002,0.));
#14292=CARTESIAN_POINT('Ctrl Pts',(10.4016013993163,87.4999999999999,-2.65742361753039E-15));
#14293=CARTESIAN_POINT('Ctrl Pts',(10.4016013993163,84.5468059179739,-2.65742361753039E-15));
#14294=CARTESIAN_POINT('Ctrl Pts',(10.4040308849242,78.6442255712327,-3.04783232345577E-15));
#14295=CARTESIAN_POINT('Ctrl Pts',(10.9653376036121,69.7284029027775,1.07417383827782E-15));
#14296=CARTESIAN_POINT('Ctrl Pts',(12.5271874830283,60.9014818365626,1.77470162196329E-15));
#14297=CARTESIAN_POINT('Ctrl Pts',(16.1979697806333,49.5152586846666,-4.46456592904625E-15));
#14298=CARTESIAN_POINT('Ctrl Pts',(23.822557402737,36.5454027354904,4.35020824325099E-15));
#14299=CARTESIAN_POINT('Ctrl Pts',(36.5502653569703,23.8188919541149,-4.54133131956873E-16));
#14300=CARTESIAN_POINT('Ctrl Pts',(49.5118018520647,16.1978166608014,-2.70010077016929E-16));
#14301=CARTESIAN_POINT('Ctrl Pts',(60.907804866578,12.5255801616773,2.97371689849844E-15));
#14302=CARTESIAN_POINT('Ctrl Pts',(69.7202810995865,10.967027408173,-1.19996526206331E-15));
#14303=CARTESIAN_POINT('Ctrl Pts',(78.6320076242198,10.4039150486254,-5.34402541171582E-18));
#14304=CARTESIAN_POINT('Ctrl Pts',(84.546805917974,10.4016013993164,6.64355904382596E-16));
#14305=CARTESIAN_POINT('Ctrl Pts',(87.5,10.4016013993164,6.64355904382596E-16));
#14306=CARTESIAN_POINT('Ctrl Pts',(9.36552376512476,87.4999999999999,0.502026350906072));
#14307=CARTESIAN_POINT('Ctrl Pts',(9.36552376512476,84.5468059179739,0.502026350906072));
#14308=CARTESIAN_POINT('Ctrl Pts',(9.36762843352006,78.6211432424297,0.502026350906071));
#14309=CARTESIAN_POINT('Ctrl Pts',(9.93363649919587,69.6115672810317,0.502026350906078));
#14310=CARTESIAN_POINT('Ctrl Pts',(11.5178340708607,60.6535840266308,0.502026350906079));
#14311=CARTESIAN_POINT('Ctrl Pts',(15.2497685791157,49.0758058279957,0.502026350906069));
#14312=CARTESIAN_POINT('Ctrl Pts',(22.9995767503168,35.8986255816682,0.502026350906083));
#14313=CARTESIAN_POINT('Ctrl Pts',(35.9036258565043,22.9956339053557,0.502026350906075));
#14314=CARTESIAN_POINT('Ctrl Pts',(49.0721386319403,15.2496987384552,0.502026350906075));
#14315=CARTESIAN_POINT('Ctrl Pts',(60.6600444282558,11.5161656629981,0.502026350906081));
#14316=CARTESIAN_POINT('Ctrl Pts',(69.6032897909137,9.93536883116484,0.502026350906074));
#14317=CARTESIAN_POINT('Ctrl Pts',(78.6088676157148,9.367496905201,0.502026350906076));
#14318=CARTESIAN_POINT('Ctrl Pts',(84.5468059179741,9.36552376512487,0.502026350906077));
#14319=CARTESIAN_POINT('Ctrl Pts',(87.5,9.36552376512489,0.502026350906077));
#14320=CARTESIAN_POINT('Ctrl Pts',(9.00000000000004,87.4999999999999,1.55120104948717));
#14321=CARTESIAN_POINT('Ctrl Pts',(9.00000000000004,84.5468059179739,1.55120104948717));
#14322=CARTESIAN_POINT('Ctrl Pts',(9.0019851755842,78.6130445324893,1.55120104948717));
#14323=CARTESIAN_POINT('Ctrl Pts',(9.56962987785197,69.5704564289608,1.55120104948717));
#14324=CARTESIAN_POINT('Ctrl Pts',(11.1617155657546,60.5660997861906,1.55120104948717));
#14325=CARTESIAN_POINT('Ctrl Pts',(14.9152781690023,48.9206971380593,1.55120104948717));
#14326=CARTESIAN_POINT('Ctrl Pts',(22.7091711643161,35.6704339963566,1.55120104948717));
#14327=CARTESIAN_POINT('Ctrl Pts',(35.6754999870983,22.7052037743692,1.55120104948717));
#14328=CARTESIAN_POINT('Ctrl Pts',(48.9169947846556,14.9151641102776,1.55120104948717));
#14329=CARTESIAN_POINT('Ctrl Pts',(60.5725724578446,11.1600585596533,1.55120104948717));
#14330=CARTESIAN_POINT('Ctrl Pts',(69.562139389801,9.57136092401317,1.55120104948717));
#14331=CARTESIAN_POINT('Ctrl Pts',(78.6007394825502,9.0018570099215,1.55120104948717));
#14332=CARTESIAN_POINT('Ctrl Pts',(84.5468059179741,9.00000000000015,1.55120104948717));
#14333=CARTESIAN_POINT('Ctrl Pts',(87.5,9.00000000000017,1.55120104948717));
#14334=CARTESIAN_POINT('Ctrl Pts',(9.00000000000004,87.4999999999999,2.));
#14335=CARTESIAN_POINT('Ctrl Pts',(9.00000000000004,84.5468059179739,2.));
#14336=CARTESIAN_POINT('Ctrl Pts',(9.00198711527809,78.6130268578903,2.));
#14337=CARTESIAN_POINT('Ctrl Pts',(9.56964052021894,69.570413563538,2.));
#14338=CARTESIAN_POINT('Ctrl Pts',(11.1617246457182,60.5661104580268,2.));
#14339=CARTESIAN_POINT('Ctrl Pts',(14.9152659239489,48.9207254884071,2.));
#14340=CARTESIAN_POINT('Ctrl Pts',(22.7091955263154,35.670438497371,2.));
#14341=CARTESIAN_POINT('Ctrl Pts',(35.6754976964163,22.70519910472,2.));
#14342=CARTESIAN_POINT('Ctrl Pts',(48.9170076695232,14.9151810074817,2.));
#14343=CARTESIAN_POINT('Ctrl Pts',(60.5725974611685,11.1600545915479,2.));
#14344=CARTESIAN_POINT('Ctrl Pts',(69.5620904358108,9.57137801632413,2.));
#14345=CARTESIAN_POINT('Ctrl Pts',(78.6007254009398,9.00185542605382,2.));
#14346=CARTESIAN_POINT('Ctrl Pts',(84.5468059179741,9.00000000000015,2.));
#14347=CARTESIAN_POINT('Ctrl Pts',(87.5,9.00000000000017,2.));
#14348=CARTESIAN_POINT('',(87.5,11.0000000000002,0.));
#14349=CARTESIAN_POINT('',(87.5,9.00000000000017,2.));
#14350=CARTESIAN_POINT('Origin',(87.5,11.0000000000002,2.));
#14351=CARTESIAN_POINT('',(9.00000000000004,87.4999999999999,2.));
#14352=CARTESIAN_POINT('Ctrl Pts',(87.5,9.00000000000017,2.));
#14353=CARTESIAN_POINT('Ctrl Pts',(84.5468059179741,9.00000000000015,2.));
#14354=CARTESIAN_POINT('Ctrl Pts',(78.6007254009398,9.00185542605382,2.));
#14355=CARTESIAN_POINT('Ctrl Pts',(69.5620904358108,9.57137801632413,2.));
#14356=CARTESIAN_POINT('Ctrl Pts',(60.5725974611685,11.1600545915479,2.));
#14357=CARTESIAN_POINT('Ctrl Pts',(48.9170076695232,14.9151810074817,2.));
#14358=CARTESIAN_POINT('Ctrl Pts',(35.6754976964163,22.70519910472,2.));
#14359=CARTESIAN_POINT('Ctrl Pts',(22.7091955263154,35.670438497371,2.));
#14360=CARTESIAN_POINT('Ctrl Pts',(14.9152659239489,48.9207254884071,2.));
#14361=CARTESIAN_POINT('Ctrl Pts',(11.1617246457182,60.5661104580268,2.));
#14362=CARTESIAN_POINT('Ctrl Pts',(9.56964052021894,69.570413563538,2.));
#14363=CARTESIAN_POINT('Ctrl Pts',(9.00198711527809,78.6130268578903,2.));
#14364=CARTESIAN_POINT('Ctrl Pts',(9.00000000000004,84.5468059179739,2.));
#14365=CARTESIAN_POINT('Ctrl Pts',(9.00000000000004,87.4999999999999,2.));
#14366=CARTESIAN_POINT('',(11.,87.4999999999999,0.));
#14367=CARTESIAN_POINT('Origin',(11.,87.4999999999999,2.));
#14368=CARTESIAN_POINT('Ctrl Pts',(11.,87.4999999999999,0.));
#14369=CARTESIAN_POINT('Ctrl Pts',(11.,84.5468059179739,0.));
#14370=CARTESIAN_POINT('Ctrl Pts',(11.0026231635414,78.6575016718857,0.));
#14371=CARTESIAN_POINT('Ctrl Pts',(11.5612418257149,69.7957483911954,0.));
#14372=CARTESIAN_POINT('Ctrl Pts',(13.1101796432788,61.0446915080728,0.));
#14373=CARTESIAN_POINT('Ctrl Pts',(16.7455759758968,49.7691585623318,0.));
#14374=CARTESIAN_POINT('Ctrl Pts',(24.297955693918,36.9189704479044,0.));
#14375=CARTESIAN_POINT('Ctrl Pts',(36.923732291423,24.2943595184529,0.));
#14376=CARTESIAN_POINT('Ctrl Pts',(49.7657747826671,16.7454660439966,0.));
#14377=CARTESIAN_POINT('Ctrl Pts',(61.0509800902539,13.1085667306729,0.));
#14378=CARTESIAN_POINT('Ctrl Pts',(69.7876974346298,11.5629272722327,0.));
#14379=CARTESIAN_POINT('Ctrl Pts',(78.6453282933219,11.0025053529557,0.));
#14380=CARTESIAN_POINT('Ctrl Pts',(84.546805917974,11.0000000000001,0.));
#14381=CARTESIAN_POINT('Ctrl Pts',(87.5,11.0000000000002,0.));
#14382=CARTESIAN_POINT('Origin',(632.5,11.,2.));
#14383=CARTESIAN_POINT('',(2424.5,11.0000000000002,0.));
#14384=CARTESIAN_POINT('',(2424.5,9.00000000000023,2.));
#14385=CARTESIAN_POINT('Origin',(2424.5,11.0000000000002,2.));
#14386=CARTESIAN_POINT('',(632.5,8.99999999999999,2.));
#14387=CARTESIAN_POINT('',(632.5,11.,0.));
#14388=CARTESIAN_POINT('Ctrl Pts',(2424.5,11.0000000000002,0.));
#14389=CARTESIAN_POINT('Ctrl Pts',(2427.45319408203,11.0000000000002,0.));
#14390=CARTESIAN_POINT('Ctrl Pts',(2433.34340632751,11.0020906083403,0.));
#14391=CARTESIAN_POINT('Ctrl Pts',(2442.20471499954,11.5607948375713,0.));
#14392=CARTESIAN_POINT('Ctrl Pts',(2450.95729107057,13.1088060356868,0.));
#14393=CARTESIAN_POINT('Ctrl Pts',(2462.23157068005,16.7450728353435,0.));
#14394=CARTESIAN_POINT('Ctrl Pts',(2475.08214477204,24.2975178923118,0.));
#14395=CARTESIAN_POINT('Ctrl Pts',(2487.70395265967,36.9233440368521,0.));
#14396=CARTESIAN_POINT('Ctrl Pts',(2495.2514684585,49.7706705689305,0.));
#14397=CARTESIAN_POINT('Ctrl Pts',(2498.89121740321,61.050934877232,0.));
#14398=CARTESIAN_POINT('Ctrl Pts',(2500.43596307177,69.7882023492295,0.));
#14399=CARTESIAN_POINT('Ctrl Pts',(2500.99752199974,78.6450880035243,0.));
#14400=CARTESIAN_POINT('Ctrl Pts',(2501.,84.5468059179742,0.));
#14401=CARTESIAN_POINT('Ctrl Pts',(2501.,87.5000000000002,0.));
#14402=CARTESIAN_POINT('Ctrl Pts',(2424.5,10.4016013993164,-6.64355904382597E-16));
#14403=CARTESIAN_POINT('Ctrl Pts',(2427.45319408203,10.4016013993164,-6.64355904382597E-16));
#14404=CARTESIAN_POINT('Ctrl Pts',(2433.35661862265,10.4034188027509,-3.84915047586742E-16));
#14405=CARTESIAN_POINT('Ctrl Pts',(2442.27200003946,10.9647392400475,-1.03051950313061E-16));
#14406=CARTESIAN_POINT('Ctrl Pts',(2451.10066331188,12.5256706853484,2.4680473249637E-16));
#14407=CARTESIAN_POINT('Ctrl Pts',(2462.48566236475,16.1972624023372,1.7255113737287E-16));
#14408=CARTESIAN_POINT('Ctrl Pts',(2475.45574784407,23.8218195565578,1.30200013309002E-15));
#14409=CARTESIAN_POINT('Ctrl Pts',(2488.1795217198,36.5495683341412,1.88307281006377E-16));
#14410=CARTESIAN_POINT('Ctrl Pts',(2495.79913527475,49.5167154099309,7.41424879446938E-16));
#14411=CARTESIAN_POINT('Ctrl Pts',(2499.47438913845,60.9078498660003,4.36619207061794E-16));
#14412=CARTESIAN_POINT('Ctrl Pts',(2501.03192947728,69.7208495811538,4.69574904917135E-17));
#14413=CARTESIAN_POINT('Ctrl Pts',(2501.59620023967,78.6318969892737,2.75997092857241E-16));
#14414=CARTESIAN_POINT('Ctrl Pts',(2501.59839860068,84.5468059179742,1.34725498773461E-28));
#14415=CARTESIAN_POINT('Ctrl Pts',(2501.59839860068,87.5000000000002,-4.17472103420635E-29));
#14416=CARTESIAN_POINT('Ctrl Pts',(2424.5,9.36574984787693,0.502297758993975));
#14417=CARTESIAN_POINT('Ctrl Pts',(2427.45319408203,9.36574984787693,0.502297758993975));
#14418=CARTESIAN_POINT('Ctrl Pts',(2433.3798873417,9.36728055906311,0.502297758993975));
#14419=CARTESIAN_POINT('Ctrl Pts',(2442.38894954747,9.93340780558589,0.502297758993976));
#14420=CARTESIAN_POINT('Ctrl Pts',(2451.34863710169,11.5166218599996,0.502297758993976));
#14421=CARTESIAN_POINT('Ctrl Pts',(2462.92498286355,15.2495625100948,0.502297758993976));
#14422=CARTESIAN_POINT('Ctrl Pts',(2476.10186738408,22.9988081356875,0.502297758993978));
#14423=CARTESIAN_POINT('Ctrl Pts',(2489.0019295912,35.9030240613891,0.502297758993976));
#14424=CARTESIAN_POINT('Ctrl Pts',(2496.74697061678,49.0780970294504,0.502297758993977));
#14425=CARTESIAN_POINT('Ctrl Pts',(2500.48330103722,60.6599880439212,0.502297758993976));
#14426=CARTESIAN_POINT('Ctrl Pts',(2502.06320567452,69.6039552276595,0.502297758993976));
#14427=CARTESIAN_POINT('Ctrl Pts',(2502.63229985397,78.6085699894588,0.502297758993976));
#14428=CARTESIAN_POINT('Ctrl Pts',(2502.63425015212,84.5468059179742,0.502297758993976));
#14429=CARTESIAN_POINT('Ctrl Pts',(2502.63425015212,87.5000000000002,0.502297758993976));
#14430=CARTESIAN_POINT('Ctrl Pts',(2424.5,9.00000000000021,1.55120104948717));
#14431=CARTESIAN_POINT('Ctrl Pts',(2427.45319408203,9.00000000000021,1.55120104948717));
#14432=CARTESIAN_POINT('Ctrl Pts',(2433.38792788947,9.00134733635721,1.55120104948717));
#14433=CARTESIAN_POINT('Ctrl Pts',(2442.43003320746,9.56904917964338,1.55120104948717));
#14434=CARTESIAN_POINT('Ctrl Pts',(2451.43628669111,11.1601675655987,1.55120104948717));
#14435=CARTESIAN_POINT('Ctrl Pts',(2463.08033331586,14.9146817053545,1.55120104948717));
#14436=CARTESIAN_POINT('Ctrl Pts',(2476.3302719475,22.7080156394591,1.55120104948717));
#14437=CARTESIAN_POINT('Ctrl Pts',(2489.29267649041,35.6745250625056,1.55120104948717));
#14438=CARTESIAN_POINT('Ctrl Pts',(2497.08172984547,48.9227890361996,1.55120104948717));
#14439=CARTESIAN_POINT('Ctrl Pts',(2500.83979516192,60.5725479131739,1.55120104948717));
#14440=CARTESIAN_POINT('Ctrl Pts',(2502.42750105952,69.5628150011973,1.55120104948717));
#14441=CARTESIAN_POINT('Ctrl Pts',(2502.99824138877,78.6005508189592,1.55120104948717));
#14442=CARTESIAN_POINT('Ctrl Pts',(2503.,84.5468059179742,1.55120104948717));
#14443=CARTESIAN_POINT('Ctrl Pts',(2503.,87.5000000000002,1.55120104948717));
#14444=CARTESIAN_POINT('Ctrl Pts',(2424.5,9.00000000000021,2.));
#14445=CARTESIAN_POINT('Ctrl Pts',(2427.45319408203,9.00000000000021,2.));
#14446=CARTESIAN_POINT('Ctrl Pts',(2433.38800327503,9.00138263675615,2.));
#14447=CARTESIAN_POINT('Ctrl Pts',(2442.43012351744,9.56913718341371,2.));
#14448=CARTESIAN_POINT('Ctrl Pts',(2451.43624703649,11.1602398658774,2.));
#14449=CARTESIAN_POINT('Ctrl Pts',(2463.08023433147,14.9147919356826,2.));
#14450=CARTESIAN_POINT('Ctrl Pts',(2476.33015782246,22.7080992556183,2.));
#14451=CARTESIAN_POINT('Ctrl Pts',(2489.29252089055,35.6746153232364,2.));
#14452=CARTESIAN_POINT('Ctrl Pts',(2497.08169241157,48.9229763088209,2.));
#14453=CARTESIAN_POINT('Ctrl Pts',(2500.83968496937,60.5725145471606,2.));
#14454=CARTESIAN_POINT('Ctrl Pts',(2502.42743185073,69.5627573679858,2.));
#14455=CARTESIAN_POINT('Ctrl Pts',(2502.99819665513,78.6004574039645,2.));
#14456=CARTESIAN_POINT('Ctrl Pts',(2503.,84.5468059179742,2.));
#14457=CARTESIAN_POINT('Ctrl Pts',(2503.,87.5000000000002,2.));
#14458=CARTESIAN_POINT('',(2501.,87.5000000000002,0.));
#14459=CARTESIAN_POINT('',(2503.,87.5000000000002,2.));
#14460=CARTESIAN_POINT('Origin',(2501.,87.5000000000002,2.));
#14461=CARTESIAN_POINT('Ctrl Pts',(2503.,87.5000000000002,2.));
#14462=CARTESIAN_POINT('Ctrl Pts',(2503.,84.5468059179742,2.));
#14463=CARTESIAN_POINT('Ctrl Pts',(2502.99819665513,78.6004574039645,2.));
#14464=CARTESIAN_POINT('Ctrl Pts',(2502.42743185073,69.5627573679858,2.));
#14465=CARTESIAN_POINT('Ctrl Pts',(2500.83968496937,60.5725145471606,2.));
#14466=CARTESIAN_POINT('Ctrl Pts',(2497.08169241157,48.9229763088209,2.));
#14467=CARTESIAN_POINT('Ctrl Pts',(2489.29252089055,35.6746153232364,2.));
#14468=CARTESIAN_POINT('Ctrl Pts',(2476.33015782246,22.7080992556183,2.));
#14469=CARTESIAN_POINT('Ctrl Pts',(2463.08023433147,14.9147919356826,2.));
#14470=CARTESIAN_POINT('Ctrl Pts',(2451.43624703649,11.1602398658774,2.));
#14471=CARTESIAN_POINT('Ctrl Pts',(2442.43012351744,9.56913718341371,2.));
#14472=CARTESIAN_POINT('Ctrl Pts',(2433.38800327503,9.00138263675615,2.));
#14473=CARTESIAN_POINT('Ctrl Pts',(2427.45319408203,9.00000000000021,2.));
#14474=CARTESIAN_POINT('Ctrl Pts',(2424.5,9.00000000000021,2.));
#14475=CARTESIAN_POINT('Ctrl Pts',(2424.5,11.0000000000002,0.));
#14476=CARTESIAN_POINT('Ctrl Pts',(2427.45319408203,11.0000000000002,0.));
#14477=CARTESIAN_POINT('Ctrl Pts',(2433.34340632751,11.0020906083403,0.));
#14478=CARTESIAN_POINT('Ctrl Pts',(2442.20471499954,11.5607948375713,0.));
#14479=CARTESIAN_POINT('Ctrl Pts',(2450.95729107057,13.1088060356868,0.));
#14480=CARTESIAN_POINT('Ctrl Pts',(2462.23157068005,16.7450728353435,0.));
#14481=CARTESIAN_POINT('Ctrl Pts',(2475.08214477204,24.2975178923118,0.));
#14482=CARTESIAN_POINT('Ctrl Pts',(2487.70395265967,36.9233440368521,0.));
#14483=CARTESIAN_POINT('Ctrl Pts',(2495.2514684585,49.7706705689305,0.));
#14484=CARTESIAN_POINT('Ctrl Pts',(2498.89121740321,61.050934877232,0.));
#14485=CARTESIAN_POINT('Ctrl Pts',(2500.43596307177,69.7882023492295,0.));
#14486=CARTESIAN_POINT('Ctrl Pts',(2500.99752199974,78.6450880035243,0.));
#14487=CARTESIAN_POINT('Ctrl Pts',(2501.,84.5468059179742,0.));
#14488=CARTESIAN_POINT('Ctrl Pts',(2501.,87.5000000000002,0.));
#14489=CARTESIAN_POINT('Origin',(2501.,318.5,2.));
#14490=CARTESIAN_POINT('',(2501.,1168.5,0.));
#14491=CARTESIAN_POINT('',(2503.,1168.5,2.));
#14492=CARTESIAN_POINT('Origin',(2501.,1168.5,2.));
#14493=CARTESIAN_POINT('',(2503.,318.5,2.));
#14494=CARTESIAN_POINT('',(2501.,318.5,0.));
#14495=CARTESIAN_POINT('Ctrl Pts',(2501.,1168.5,0.));
#14496=CARTESIAN_POINT('Ctrl Pts',(2501.,1171.45319408203,0.));
#14497=CARTESIAN_POINT('Ctrl Pts',(2500.9976208337,1177.34295893548,0.));
#14498=CARTESIAN_POINT('Ctrl Pts',(2500.43760348775,1186.20360566576,0.));
#14499=CARTESIAN_POINT('Ctrl Pts',(2498.89040696399,1194.95586328119,0.));
#14500=CARTESIAN_POINT('Ctrl Pts',(2495.2511439363,1206.22681981771,0.));
#14501=CARTESIAN_POINT('Ctrl Pts',(2487.70663630943,1219.08485576224,0.));
#14502=CARTESIAN_POINT('Ctrl Pts',(2477.17659292468,1229.59892918385,0.));
#14503=CARTESIAN_POINT('Ctrl Pts',(2468.60331967858,1235.41063733246,0.));
#14504=CARTESIAN_POINT('Ctrl Pts',(2463.39212260368,1238.19851800407,0.));
#14505=CARTESIAN_POINT('Ctrl Pts',(2457.99770800609,1240.61531858541,0.));
#14506=CARTESIAN_POINT('Ctrl Pts',(2450.95221138824,1242.8932840191,0.));
#14507=CARTESIAN_POINT('Ctrl Pts',(2442.21093512245,1244.43635343597,0.));
#14508=CARTESIAN_POINT('Ctrl Pts',(2433.35577948046,1244.99812085898,0.));
#14509=CARTESIAN_POINT('Ctrl Pts',(2427.45319408203,1245.,0.));
#14510=CARTESIAN_POINT('Ctrl Pts',(2424.5,1245.,0.));
#14511=CARTESIAN_POINT('Ctrl Pts',(2501.59839860068,1168.5,0.));
#14512=CARTESIAN_POINT('Ctrl Pts',(2501.59839860068,1171.45319408203,0.));
#14513=CARTESIAN_POINT('Ctrl Pts',(2501.59632109966,1177.35610333951,0.));
#14514=CARTESIAN_POINT('Ctrl Pts',(2501.03361056015,1186.27086559472,0.));
#14515=CARTESIAN_POINT('Ctrl Pts',(2499.47364414926,1195.09900362848,0.));
#14516=CARTESIAN_POINT('Ctrl Pts',(2495.79884190767,1206.48072792314,0.));
#14517=CARTESIAN_POINT('Ctrl Pts',(2488.1825116836,1219.45872181137,0.));
#14518=CARTESIAN_POINT('Ctrl Pts',(2477.56713477125,1230.05746618139,0.));
#14519=CARTESIAN_POINT('Ctrl Pts',(2468.91682537215,1235.92204862799,0.));
#14520=CARTESIAN_POINT('Ctrl Pts',(2463.65629461831,1238.73623480571,0.));
#14521=CARTESIAN_POINT('Ctrl Pts',(2458.20970914552,1241.176471639,0.));
#14522=CARTESIAN_POINT('Ctrl Pts',(2451.09554607654,1243.4764518952,0.));
#14523=CARTESIAN_POINT('Ctrl Pts',(2442.27809274586,1245.03243550271,0.));
#14524=CARTESIAN_POINT('Ctrl Pts',(2433.3690288169,1245.5968055139,0.));
#14525=CARTESIAN_POINT('Ctrl Pts',(2427.45319408203,1245.59839860068,0.));
#14526=CARTESIAN_POINT('Ctrl Pts',(2424.5,1245.59839860068,0.));
#14527=CARTESIAN_POINT('Ctrl Pts',(2502.63424715672,1168.5,0.502301354922958));
#14528=CARTESIAN_POINT('Ctrl Pts',(2502.63424715672,1171.45319408203,0.502301354922958));
#14529=CARTESIAN_POINT('Ctrl Pts',(2502.63242311622,1177.37935957567,0.502301354922958));
#14530=CARTESIAN_POINT('Ctrl Pts',(2502.06487872242,1186.38762083271,0.502301354922958));
#14531=CARTESIAN_POINT('Ctrl Pts',(2500.4825806159,1195.34696240819,0.502301354922958));
#14532=CARTESIAN_POINT('Ctrl Pts',(2496.74656551208,1206.91930250956,0.502301354922958));
#14533=CARTESIAN_POINT('Ctrl Pts',(2489.00541501934,1220.10536630222,0.502301354922958));
#14534=CARTESIAN_POINT('Ctrl Pts',(2478.24183292387,1230.85124841773,0.502301354922958));
#14535=CARTESIAN_POINT('Ctrl Pts',(2469.45871195043,1236.80699788816,0.502301354922958));
#14536=CARTESIAN_POINT('Ctrl Pts',(2464.11317423068,1239.66654684292,0.502301354922958));
#14537=CARTESIAN_POINT('Ctrl Pts',(2458.57672094122,1242.14717721528,0.502301354922958));
#14538=CARTESIAN_POINT('Ctrl Pts',(2451.34370186363,1244.4854231596,0.502301354922958));
#14539=CARTESIAN_POINT('Ctrl Pts',(2442.3950313664,1246.06371640907,0.502301354922958));
#14540=CARTESIAN_POINT('Ctrl Pts',(2433.39244819976,1246.63291606866,0.502301354922958));
#14541=CARTESIAN_POINT('Ctrl Pts',(2427.45319408203,1246.63424715672,0.502301354922958));
#14542=CARTESIAN_POINT('Ctrl Pts',(2424.5,1246.63424715672,0.502301354922958));
#14543=CARTESIAN_POINT('Ctrl Pts',(2503.,1168.5,1.55120104948717));
#14544=CARTESIAN_POINT('Ctrl Pts',(2503.,1171.45319408203,1.55120104948717));
#14545=CARTESIAN_POINT('Ctrl Pts',(2502.99838389955,1177.38734961468,1.55120104948717));
#14546=CARTESIAN_POINT('Ctrl Pts',(2502.42920843692,1186.42870283197,1.55120104948717));
#14547=CARTESIAN_POINT('Ctrl Pts',(2500.839124989,1195.43443697202,1.55120104948717));
#14548=CARTESIAN_POINT('Ctrl Pts',(2497.08136073967,1207.07457926697,1.55120104948717));
#14549=CARTESIAN_POINT('Ctrl Pts',(2489.29635408584,1220.33392699241,1.55120104948717));
#14550=CARTESIAN_POINT('Ctrl Pts',(2478.48065742587,1231.13151172154,1.55120104948717));
#14551=CARTESIAN_POINT('Ctrl Pts',(2469.65040306754,1237.11961056407,1.55120104948717));
#14552=CARTESIAN_POINT('Ctrl Pts',(2464.2746773425,1239.99525311601,1.55120104948717));
#14553=CARTESIAN_POINT('Ctrl Pts',(2458.70629747744,1242.49022355738,1.55120104948717));
#14554=CARTESIAN_POINT('Ctrl Pts',(2451.43130743221,1244.84191160249,1.55120104948717));
#14555=CARTESIAN_POINT('Ctrl Pts',(2442.43601923606,1246.42810222393,1.55120104948717));
#14556=CARTESIAN_POINT('Ctrl Pts',(2433.40050399671,1246.99886419301,1.55120104948717));
#14557=CARTESIAN_POINT('Ctrl Pts',(2427.45319408203,1247.,1.55120104948717));
#14558=CARTESIAN_POINT('Ctrl Pts',(2424.5,1247.,1.55120104948717));
#14559=CARTESIAN_POINT('Ctrl Pts',(2503.,1168.5,2.));
#14560=CARTESIAN_POINT('Ctrl Pts',(2503.,1171.45319408203,2.));
#14561=CARTESIAN_POINT('Ctrl Pts',(2502.99833294337,1177.38744495794,2.));
#14562=CARTESIAN_POINT('Ctrl Pts',(2502.42912489631,1186.42876464475,2.));
#14563=CARTESIAN_POINT('Ctrl Pts',(2500.83899848467,1195.4344707079,2.));
#14564=CARTESIAN_POINT('Ctrl Pts',(2497.08129239823,1207.07439930629,2.));
#14565=CARTESIAN_POINT('Ctrl Pts',(2489.29619228551,1220.33382640128,2.));
#14566=CARTESIAN_POINT('Ctrl Pts',(2478.48040272995,1231.13151910238,2.));
#14567=CARTESIAN_POINT('Ctrl Pts',(2469.650250889,1237.11954964414,2.));
#14568=CARTESIAN_POINT('Ctrl Pts',(2464.27459936648,1239.99515940021,2.));
#14569=CARTESIAN_POINT('Ctrl Pts',(2458.70630326698,1242.49009657919,2.));
#14570=CARTESIAN_POINT('Ctrl Pts',(2451.43131473483,1244.84181444596,2.));
#14571=CARTESIAN_POINT('Ctrl Pts',(2442.43614940133,1246.42799648418,2.));
#14572=CARTESIAN_POINT('Ctrl Pts',(2433.40059583302,1246.99881997987,2.));
#14573=CARTESIAN_POINT('Ctrl Pts',(2427.45319408203,1247.,2.));
#14574=CARTESIAN_POINT('Ctrl Pts',(2424.5,1247.,2.));
#14575=CARTESIAN_POINT('',(2424.5,1245.,0.));
#14576=CARTESIAN_POINT('',(2424.5,1247.,2.));
#14577=CARTESIAN_POINT('Origin',(2424.5,1245.,2.));
#14578=CARTESIAN_POINT('Ctrl Pts',(2424.5,1247.,2.));
#14579=CARTESIAN_POINT('Ctrl Pts',(2427.45319408203,1247.,2.));
#14580=CARTESIAN_POINT('Ctrl Pts',(2433.40059583302,1246.99881997987,2.));
#14581=CARTESIAN_POINT('Ctrl Pts',(2442.43614940133,1246.42799648418,2.));
#14582=CARTESIAN_POINT('Ctrl Pts',(2451.43131473483,1244.84181444596,2.));
#14583=CARTESIAN_POINT('Ctrl Pts',(2458.70630326698,1242.49009657919,2.));
#14584=CARTESIAN_POINT('Ctrl Pts',(2464.27459936648,1239.99515940021,2.));
#14585=CARTESIAN_POINT('Ctrl Pts',(2469.650250889,1237.11954964414,2.));
#14586=CARTESIAN_POINT('Ctrl Pts',(2478.48040272995,1231.13151910238,2.));
#14587=CARTESIAN_POINT('Ctrl Pts',(2489.29619228551,1220.33382640128,2.));
#14588=CARTESIAN_POINT('Ctrl Pts',(2497.08129239823,1207.07439930629,2.));
#14589=CARTESIAN_POINT('Ctrl Pts',(2500.83899848467,1195.4344707079,2.));
#14590=CARTESIAN_POINT('Ctrl Pts',(2502.42912489631,1186.42876464475,2.));
#14591=CARTESIAN_POINT('Ctrl Pts',(2502.99833294337,1177.38744495794,2.));
#14592=CARTESIAN_POINT('Ctrl Pts',(2503.,1171.45319408203,2.));
#14593=CARTESIAN_POINT('Ctrl Pts',(2503.,1168.5,2.));
#14594=CARTESIAN_POINT('Ctrl Pts',(2501.,1168.5,0.));
#14595=CARTESIAN_POINT('Ctrl Pts',(2501.,1171.45319408203,0.));
#14596=CARTESIAN_POINT('Ctrl Pts',(2500.9976208337,1177.34295893548,0.));
#14597=CARTESIAN_POINT('Ctrl Pts',(2500.43760348775,1186.20360566576,0.));
#14598=CARTESIAN_POINT('Ctrl Pts',(2498.89040696399,1194.95586328119,0.));
#14599=CARTESIAN_POINT('Ctrl Pts',(2495.2511439363,1206.22681981771,0.));
#14600=CARTESIAN_POINT('Ctrl Pts',(2487.70663630943,1219.08485576224,0.));
#14601=CARTESIAN_POINT('Ctrl Pts',(2477.17659292468,1229.59892918385,0.));
#14602=CARTESIAN_POINT('Ctrl Pts',(2468.60331967858,1235.41063733246,0.));
#14603=CARTESIAN_POINT('Ctrl Pts',(2463.39212260368,1238.19851800407,0.));
#14604=CARTESIAN_POINT('Ctrl Pts',(2457.99770800609,1240.61531858541,0.));
#14605=CARTESIAN_POINT('Ctrl Pts',(2450.95221138824,1242.8932840191,0.));
#14606=CARTESIAN_POINT('Ctrl Pts',(2442.21093512245,1244.43635343597,0.));
#14607=CARTESIAN_POINT('Ctrl Pts',(2433.35577948046,1244.99812085898,0.));
#14608=CARTESIAN_POINT('Ctrl Pts',(2427.45319408203,1245.,0.));
#14609=CARTESIAN_POINT('Ctrl Pts',(2424.5,1245.,0.));
#14610=CARTESIAN_POINT('Origin',(1879.5,1245.,2.));
#14611=CARTESIAN_POINT('',(87.4999999999997,1245.,0.));
#14612=CARTESIAN_POINT('',(87.4999999999997,1247.,2.));
#14613=CARTESIAN_POINT('Origin',(87.4999999999997,1245.,2.));
#14614=CARTESIAN_POINT('',(1879.5,1247.,2.));
#14615=CARTESIAN_POINT('',(1879.5,1245.,0.));
#14616=CARTESIAN_POINT('Ctrl Pts',(87.4999999999997,1245.,0.));
#14617=CARTESIAN_POINT('Ctrl Pts',(84.5468059179737,1245.,0.));
#14618=CARTESIAN_POINT('Ctrl Pts',(78.6571605565997,1244.99746345567,0.));
#14619=CARTESIAN_POINT('Ctrl Pts',(69.7964386236278,1244.43820946424,0.));
#14620=CARTESIAN_POINT('Ctrl Pts',(61.0445636288478,1242.88969199257,0.));
#14621=CARTESIAN_POINT('Ctrl Pts',(49.7711556992807,1239.2524153807,0.));
#14622=CARTESIAN_POINT('Ctrl Pts',(36.9185966908337,1231.70229950043,0.));
#14623=CARTESIAN_POINT('Ctrl Pts',(24.2938499142333,1219.07598052785,0.));
#14624=CARTESIAN_POINT('Ctrl Pts',(16.7460006467429,1206.23411915324,0.));
#14625=CARTESIAN_POINT('Ctrl Pts',(13.1074742342685,1194.95062129515,0.));
#14626=CARTESIAN_POINT('Ctrl Pts',(11.5627010268343,1186.2124378336,0.));
#14627=CARTESIAN_POINT('Ctrl Pts',(11.0020965961178,1177.35533268984,0.));
#14628=CARTESIAN_POINT('Ctrl Pts',(10.9999999999995,1171.45319408203,0.));
#14629=CARTESIAN_POINT('Ctrl Pts',(10.9999999999995,1168.5,0.));
#14630=CARTESIAN_POINT('Ctrl Pts',(87.4999999999997,1245.59839860068,8.48220704829912E-31));
#14631=CARTESIAN_POINT('Ctrl Pts',(84.5468059179737,1245.59839860068,5.4919624996377E-29));
#14632=CARTESIAN_POINT('Ctrl Pts',(78.6439839626007,1245.59611078106,-3.67040302576293E-16));
#14633=CARTESIAN_POINT('Ctrl Pts',(69.7292216138771,1245.03419034725,1.29340576944199E-16));
#14634=CARTESIAN_POINT('Ctrl Pts',(60.9013591479292,1243.47277386693,6.2388275971457E-16));
#14635=CARTESIAN_POINT('Ctrl Pts',(49.5172136260783,1239.80003379631,-1.12012313425388E-15));
#14636=CARTESIAN_POINT('Ctrl Pts',(36.5448359844239,1232.17779314011,-2.22451838471054E-15));
#14637=CARTESIAN_POINT('Ctrl Pts',(23.8182214409677,1219.44947892377,-1.37254638021241E-15));
#14638=CARTESIAN_POINT('Ctrl Pts',(16.1982646181492,1206.48818934403,1.86229045770738E-16));
#14639=CARTESIAN_POINT('Ctrl Pts',(12.5243852409825,1195.09390417088,3.64490309418563E-16));
#14640=CARTESIAN_POINT('Ctrl Pts',(10.9667087010815,1186.27978638188,6.16961536922264E-16));
#14641=CARTESIAN_POINT('Ctrl Pts',(10.4034477300506,1177.36858757003,1.51376727325156E-15));
#14642=CARTESIAN_POINT('Ctrl Pts',(10.4016013993158,1171.45319408203,1.99306771314779E-15));
#14643=CARTESIAN_POINT('Ctrl Pts',(10.4016013993157,1168.5,1.99306771314779E-15));
#14644=CARTESIAN_POINT('Ctrl Pts',(87.4999999999997,1246.63425943907,0.502286610188748));
#14645=CARTESIAN_POINT('Ctrl Pts',(84.5468059179737,1246.63425943907,0.502286610188748));
#14646=CARTESIAN_POINT('Ctrl Pts',(78.6207632815741,1246.63225509155,0.502286610188748));
#14647=CARTESIAN_POINT('Ctrl Pts',(69.612408620198,1246.06557201645,0.502286610188749));
#14648=CARTESIAN_POINT('Ctrl Pts',(60.6534905720552,1244.48179254116,0.502286610188749));
#14649=CARTESIAN_POINT('Ctrl Pts',(49.0783089323551,1240.74790564291,0.502286610188747));
#14650=CARTESIAN_POINT('Ctrl Pts',(35.898206262611,1233.00033981243,0.502286610188745));
#14651=CARTESIAN_POINT('Ctrl Pts',(22.9950741333172,1220.0956614196,0.502286610188746));
#14652=CARTESIAN_POINT('Ctrl Pts',(15.2505166489278,1206.92762033078,0.502286610188749));
#14653=CARTESIAN_POINT('Ctrl Pts',(11.5152526677735,1195.34176968162,0.502286610188749));
#14654=CARTESIAN_POINT('Ctrl Pts',(9.93535439795413,1186.39686085924,0.502286610188749));
#14655=CARTESIAN_POINT('Ctrl Pts',(9.36727404487189,1177.39190650047,0.502286610188751));
#14656=CARTESIAN_POINT('Ctrl Pts',(9.36574056092912,1171.45319408203,0.502286610188752));
#14657=CARTESIAN_POINT('Ctrl Pts',(9.3657405609291,1168.5,0.502286610188752));
#14658=CARTESIAN_POINT('Ctrl Pts',(87.4999999999997,1247.,1.55120104948717));
#14659=CARTESIAN_POINT('Ctrl Pts',(84.5468059179737,1247.,1.55120104948717));
#14660=CARTESIAN_POINT('Ctrl Pts',(78.6127463836014,1246.99816076979,1.55120104948717));
#14661=CARTESIAN_POINT('Ctrl Pts',(69.5713663213902,1246.42986104721,1.55120104948717));
#14662=CARTESIAN_POINT('Ctrl Pts',(60.5659618152391,1244.8382007488,1.55120104948717));
#14663=CARTESIAN_POINT('Ctrl Pts',(48.923039003227,1241.08261704243,1.55120104948717));
#14664=CARTESIAN_POINT('Ctrl Pts',(35.6697311348057,1233.29101076718,1.55120104948717));
#14665=CARTESIAN_POINT('Ctrl Pts',(22.704353468372,1220.32397561376,1.55120104948717));
#14666=CARTESIAN_POINT('Ctrl Pts',(14.915704204874,1207.08294144986,1.55120104948717));
#14667=CARTESIAN_POINT('Ctrl Pts',(11.1588491538285,1195.42935871005,1.55120104948717));
#14668=CARTESIAN_POINT('Ctrl Pts',(9.57105417280826,1186.43798054604,1.55120104948717));
#14669=CARTESIAN_POINT('Ctrl Pts',(9.00136980315484,1177.39997456542,1.55120104948717));
#14670=CARTESIAN_POINT('Ctrl Pts',(8.99999999999955,1171.45319408203,1.55120104948717));
#14671=CARTESIAN_POINT('Ctrl Pts',(8.99999999999953,1168.5,1.55120104948717));
#14672=CARTESIAN_POINT('Ctrl Pts',(87.4999999999997,1247.,2.));
#14673=CARTESIAN_POINT('Ctrl Pts',(84.5468059179737,1247.,2.));
#14674=CARTESIAN_POINT('Ctrl Pts',(78.6126685178745,1246.99813292259,2.));
#14675=CARTESIAN_POINT('Ctrl Pts',(69.5712798629158,1246.42980539086,2.));
#14676=CARTESIAN_POINT('Ctrl Pts',(60.5659667840814,1244.83813863585,2.));
#14677=CARTESIAN_POINT('Ctrl Pts',(48.9231683107824,1241.08260081644,2.));
#14678=CARTESIAN_POINT('Ctrl Pts',(35.6698012972377,1233.29090494594,2.));
#14679=CARTESIAN_POINT('Ctrl Pts',(22.7043897623246,1220.32390674782,2.));
#14680=CARTESIAN_POINT('Ctrl Pts',(14.9157824306184,1207.08286979556,2.));
#14681=CARTESIAN_POINT('Ctrl Pts',(11.1588920355991,1195.42932746794,2.));
#14682=CARTESIAN_POINT('Ctrl Pts',(9.57111876054861,1186.43807340065,2.));
#14683=CARTESIAN_POINT('Ctrl Pts',(9.00139259381978,1177.4000453752,2.));
#14684=CARTESIAN_POINT('Ctrl Pts',(8.99999999999955,1171.45319408203,2.));
#14685=CARTESIAN_POINT('Ctrl Pts',(8.99999999999953,1168.5,2.));
#14686=CARTESIAN_POINT('',(10.9999999999995,1168.5,0.));
#14687=CARTESIAN_POINT('',(8.99999999999953,1168.5,2.));
#14688=CARTESIAN_POINT('Origin',(10.9999999999995,1168.5,2.));
#14689=CARTESIAN_POINT('Ctrl Pts',(8.99999999999953,1168.5,2.));
#14690=CARTESIAN_POINT('Ctrl Pts',(8.99999999999955,1171.45319408203,2.));
#14691=CARTESIAN_POINT('Ctrl Pts',(9.00139259381978,1177.4000453752,2.));
#14692=CARTESIAN_POINT('Ctrl Pts',(9.57111876054861,1186.43807340065,2.));
#14693=CARTESIAN_POINT('Ctrl Pts',(11.1588920355991,1195.42932746794,2.));
#14694=CARTESIAN_POINT('Ctrl Pts',(14.9157824306184,1207.08286979556,2.));
#14695=CARTESIAN_POINT('Ctrl Pts',(22.7043897623246,1220.32390674782,2.));
#14696=CARTESIAN_POINT('Ctrl Pts',(35.6698012972377,1233.29090494594,2.));
#14697=CARTESIAN_POINT('Ctrl Pts',(48.9231683107824,1241.08260081644,2.));
#14698=CARTESIAN_POINT('Ctrl Pts',(60.5659667840814,1244.83813863585,2.));
#14699=CARTESIAN_POINT('Ctrl Pts',(69.5712798629158,1246.42980539086,2.));
#14700=CARTESIAN_POINT('Ctrl Pts',(78.6126685178745,1246.99813292259,2.));
#14701=CARTESIAN_POINT('Ctrl Pts',(84.5468059179737,1247.,2.));
#14702=CARTESIAN_POINT('Ctrl Pts',(87.4999999999997,1247.,2.));
#14703=CARTESIAN_POINT('Ctrl Pts',(87.4999999999997,1245.,0.));
#14704=CARTESIAN_POINT('Ctrl Pts',(84.5468059179737,1245.,0.));
#14705=CARTESIAN_POINT('Ctrl Pts',(78.6571605565997,1244.99746345567,0.));
#14706=CARTESIAN_POINT('Ctrl Pts',(69.7964386236278,1244.43820946424,0.));
#14707=CARTESIAN_POINT('Ctrl Pts',(61.0445636288478,1242.88969199257,0.));
#14708=CARTESIAN_POINT('Ctrl Pts',(49.7711556992807,1239.2524153807,0.));
#14709=CARTESIAN_POINT('Ctrl Pts',(36.9185966908337,1231.70229950043,0.));
#14710=CARTESIAN_POINT('Ctrl Pts',(24.2938499142333,1219.07598052785,0.));
#14711=CARTESIAN_POINT('Ctrl Pts',(16.7460006467429,1206.23411915324,0.));
#14712=CARTESIAN_POINT('Ctrl Pts',(13.1074742342685,1194.95062129515,0.));
#14713=CARTESIAN_POINT('Ctrl Pts',(11.5627010268343,1186.2124378336,0.));
#14714=CARTESIAN_POINT('Ctrl Pts',(11.0020965961178,1177.35533268984,0.));
#14715=CARTESIAN_POINT('Ctrl Pts',(10.9999999999995,1171.45319408203,0.));
#14716=CARTESIAN_POINT('Ctrl Pts',(10.9999999999995,1168.5,0.));
#14717=CARTESIAN_POINT('Origin',(10.9999999999999,937.5,2.));
#14718=CARTESIAN_POINT('',(10.9999999999999,937.5,0.));
#14719=CARTESIAN_POINT('',(8.99999999999984,937.5,2.));
#14720=CARTESIAN_POINT('Origin',(2503.,1247.,18.));
#14721=CARTESIAN_POINT('',(87.4999999999997,1247.,16.));
#14722=CARTESIAN_POINT('',(87.4999999999997,1247.,18.));
#14723=CARTESIAN_POINT('',(2424.5,1247.,16.));
#14724=CARTESIAN_POINT('',(1879.5,1247.,16.));
#14725=CARTESIAN_POINT('',(2424.5,1247.,18.));
#14726=CARTESIAN_POINT('Ctrl Pts',(87.4999999999997,1247.,16.));
#14727=CARTESIAN_POINT('Ctrl Pts',(87.4999999999997,1247.,11.3333333333333));
#14728=CARTESIAN_POINT('Ctrl Pts',(87.4999999999997,1247.,6.66666666666667));
#14729=CARTESIAN_POINT('Ctrl Pts',(87.4999999999997,1247.,2.));
#14730=CARTESIAN_POINT('Ctrl Pts',(81.6282137307902,1247.,16.));
#14731=CARTESIAN_POINT('Ctrl Pts',(81.6282137307902,1247.,11.3333333333333));
#14732=CARTESIAN_POINT('Ctrl Pts',(81.6282137307902,1247.,6.66666666666667));
#14733=CARTESIAN_POINT('Ctrl Pts',(81.6282137307902,1247.,2.));
#14734=CARTESIAN_POINT('Ctrl Pts',(70.0095922998179,1246.94276718493,16.));
#14735=CARTESIAN_POINT('Ctrl Pts',(70.0095922998179,1246.94276718493,11.3333333333333));
#14736=CARTESIAN_POINT('Ctrl Pts',(70.0095922998179,1246.94276718493,6.66666666666666));
#14737=CARTESIAN_POINT('Ctrl Pts',(70.0095922998179,1246.94276718493,2.));
#14738=CARTESIAN_POINT('Ctrl Pts',(52.7092734440764,1243.07421224623,16.));
#14739=CARTESIAN_POINT('Ctrl Pts',(52.7092734440764,1243.07421224623,11.3333333333333));
#14740=CARTESIAN_POINT('Ctrl Pts',(52.7092734440764,1243.07421224623,6.66666666666667));
#14741=CARTESIAN_POINT('Ctrl Pts',(52.7092734440764,1243.07421224623,2.));
#14742=CARTESIAN_POINT('Ctrl Pts',(36.207411210876,1233.84609952494,16.));
#14743=CARTESIAN_POINT('Ctrl Pts',(36.207411210876,1233.84609952494,11.3333333333333));
#14744=CARTESIAN_POINT('Ctrl Pts',(36.207411210876,1233.84609952494,6.66666666666667));
#14745=CARTESIAN_POINT('Ctrl Pts',(36.207411210876,1233.84609952494,2.));
#14746=CARTESIAN_POINT('Ctrl Pts',(22.1496290599913,1219.79048029081,16.));
#14747=CARTESIAN_POINT('Ctrl Pts',(22.1496290599913,1219.79048029081,11.3333333333333));
#14748=CARTESIAN_POINT('Ctrl Pts',(22.1496290599913,1219.79048029081,6.66666666666666));
#14749=CARTESIAN_POINT('Ctrl Pts',(22.1496290599913,1219.79048029081,2.));
#14750=CARTESIAN_POINT('Ctrl Pts',(12.9314106117322,1203.29274821601,16.));
#14751=CARTESIAN_POINT('Ctrl Pts',(12.9314106117322,1203.29274821601,11.3333333333333));
#14752=CARTESIAN_POINT('Ctrl Pts',(12.9314106117322,1203.29274821601,6.66666666666668));
#14753=CARTESIAN_POINT('Ctrl Pts',(12.9314106117322,1203.29274821601,2.));
#14754=CARTESIAN_POINT('Ctrl Pts',(9.05429733444726,1185.98901490566,16.));
#14755=CARTESIAN_POINT('Ctrl Pts',(9.05429733444726,1185.98901490566,11.3333333333333));
#14756=CARTESIAN_POINT('Ctrl Pts',(9.05429733444726,1185.98901490566,6.66666666666665));
#14757=CARTESIAN_POINT('Ctrl Pts',(9.05429733444726,1185.98901490566,2.));
#14758=CARTESIAN_POINT('Ctrl Pts',(8.99999999999956,1174.37178626921,16.));
#14759=CARTESIAN_POINT('Ctrl Pts',(8.99999999999956,1174.37178626921,11.3333333333333));
#14760=CARTESIAN_POINT('Ctrl Pts',(8.99999999999956,1174.37178626921,6.66666666666668));
#14761=CARTESIAN_POINT('Ctrl Pts',(8.99999999999956,1174.37178626921,2.));
#14762=CARTESIAN_POINT('Ctrl Pts',(8.99999999999952,1168.5,16.));
#14763=CARTESIAN_POINT('Ctrl Pts',(8.99999999999952,1168.5,11.3333333333333));
#14764=CARTESIAN_POINT('Ctrl Pts',(8.99999999999952,1168.5,6.66666666666667));
#14765=CARTESIAN_POINT('Ctrl Pts',(8.99999999999952,1168.5,2.));
#14766=CARTESIAN_POINT('',(8.99999999999979,1168.5,16.));
#14767=CARTESIAN_POINT('',(8.99999999999979,1168.5,18.));
#14768=CARTESIAN_POINT('Ctrl Pts',(87.4999999999997,1247.,16.));
#14769=CARTESIAN_POINT('Ctrl Pts',(84.5468059179737,1247.,16.));
#14770=CARTESIAN_POINT('Ctrl Pts',(78.5999518729483,1246.99860493618,16.));
#14771=CARTESIAN_POINT('Ctrl Pts',(69.561916832878,1246.4288899808,16.));
#14772=CARTESIAN_POINT('Ctrl Pts',(60.5706671699185,1244.84109500709,16.));
#14773=CARTESIAN_POINT('Ctrl Pts',(48.9171005273278,1241.08426624707,16.));
#14774=CARTESIAN_POINT('Ctrl Pts',(35.6761491534497,1233.29539174462,16.));
#14775=CARTESIAN_POINT('Ctrl Pts',(22.7089573042021,1220.33044388293,16.));
#14776=CARTESIAN_POINT('Ctrl Pts',(14.917648255659,1207.0755062227,16.));
#14777=CARTESIAN_POINT('Ctrl Pts',(11.1614965488634,1195.4343121396,16.));
#14778=CARTESIAN_POINT('Ctrl Pts',(9.57060196383087,1186.42907521004,16.));
#14779=CARTESIAN_POINT('Ctrl Pts',(9.00178023106104,1177.38738773709,16.));
#14780=CARTESIAN_POINT('Ctrl Pts',(8.9999999999995,1171.45319408203,16.));
#14781=CARTESIAN_POINT('Ctrl Pts',(8.99999999999948,1168.5,16.));
#14782=CARTESIAN_POINT('Origin',(8.99999999999977,1247.,18.));
#14783=CARTESIAN_POINT('',(9.00000000000004,87.4999999999999,16.));
#14784=CARTESIAN_POINT('',(9.00000000000004,87.4999999999998,18.));
#14785=CARTESIAN_POINT('',(8.99999999999984,937.5,16.));
#14786=CARTESIAN_POINT('Ctrl Pts',(9.00000000000004,87.4999999999999,16.));
#14787=CARTESIAN_POINT('Ctrl Pts',(9.00000000000004,87.4999999999999,11.3333333333333));
#14788=CARTESIAN_POINT('Ctrl Pts',(9.00000000000004,87.4999999999999,6.66666666666667));
#14789=CARTESIAN_POINT('Ctrl Pts',(9.00000000000004,87.4999999999999,2.));
#14790=CARTESIAN_POINT('Ctrl Pts',(9.00000000000004,81.6282137307904,16.));
#14791=CARTESIAN_POINT('Ctrl Pts',(9.00000000000004,81.6282137307904,11.3333333333333));
#14792=CARTESIAN_POINT('Ctrl Pts',(9.00000000000004,81.6282137307904,6.66666666666667));
#14793=CARTESIAN_POINT('Ctrl Pts',(9.00000000000004,81.6282137307904,2.));
#14794=CARTESIAN_POINT('Ctrl Pts',(9.05590248616852,70.0101482034542,16.));
#14795=CARTESIAN_POINT('Ctrl Pts',(9.05590248616852,70.0101482034542,11.3333333333333));
#14796=CARTESIAN_POINT('Ctrl Pts',(9.05590248616852,70.0101482034542,6.66666666666666));
#14797=CARTESIAN_POINT('Ctrl Pts',(9.05590248616852,70.0101482034542,2.));
#14798=CARTESIAN_POINT('Ctrl Pts',(12.9249050400351,52.7094192051905,16.));
#14799=CARTESIAN_POINT('Ctrl Pts',(12.9249050400351,52.7094192051905,11.3333333333333));
#14800=CARTESIAN_POINT('Ctrl Pts',(12.9249050400351,52.7094192051905,6.66666666666667));
#14801=CARTESIAN_POINT('Ctrl Pts',(12.9249050400351,52.7094192051905,2.));
#14802=CARTESIAN_POINT('Ctrl Pts',(22.1523239526584,36.2078976024672,16.));
#14803=CARTESIAN_POINT('Ctrl Pts',(22.1523239526584,36.2078976024672,11.3333333333333));
#14804=CARTESIAN_POINT('Ctrl Pts',(22.1523239526584,36.2078976024672,6.66666666666667));
#14805=CARTESIAN_POINT('Ctrl Pts',(22.1523239526584,36.2078976024672,2.));
#14806=CARTESIAN_POINT('Ctrl Pts',(36.2092710674401,22.148504043378,16.));
#14807=CARTESIAN_POINT('Ctrl Pts',(36.2092710674401,22.148504043378,11.3333333333333));
#14808=CARTESIAN_POINT('Ctrl Pts',(36.2092710674401,22.148504043378,6.66666666666666));
#14809=CARTESIAN_POINT('Ctrl Pts',(36.2092710674401,22.148504043378,2.));
#14810=CARTESIAN_POINT('Ctrl Pts',(52.707919046425,12.9288741417583,16.));
#14811=CARTESIAN_POINT('Ctrl Pts',(52.707919046425,12.9288741417583,11.3333333333333));
#14812=CARTESIAN_POINT('Ctrl Pts',(52.707919046425,12.9288741417583,6.66666666666668));
#14813=CARTESIAN_POINT('Ctrl Pts',(52.707919046425,12.9288741417583,2.));
#14814=CARTESIAN_POINT('Ctrl Pts',(70.0105973852065,9.05448694170913,16.));
#14815=CARTESIAN_POINT('Ctrl Pts',(70.0105973852065,9.05448694170913,11.3333333333333));
#14816=CARTESIAN_POINT('Ctrl Pts',(70.0105973852065,9.05448694170913,6.66666666666665));
#14817=CARTESIAN_POINT('Ctrl Pts',(70.0105973852065,9.05448694170913,2.));
#14818=CARTESIAN_POINT('Ctrl Pts',(81.6282137307905,9.00000000000007,16.));
#14819=CARTESIAN_POINT('Ctrl Pts',(81.6282137307905,9.00000000000007,11.3333333333333));
#14820=CARTESIAN_POINT('Ctrl Pts',(81.6282137307905,9.00000000000007,6.66666666666668));
#14821=CARTESIAN_POINT('Ctrl Pts',(81.6282137307905,9.00000000000007,2.));
#14822=CARTESIAN_POINT('Ctrl Pts',(87.5,9.00000000000012,16.));
#14823=CARTESIAN_POINT('Ctrl Pts',(87.5,9.00000000000012,11.3333333333333));
#14824=CARTESIAN_POINT('Ctrl Pts',(87.5,9.00000000000012,6.66666666666667));
#14825=CARTESIAN_POINT('Ctrl Pts',(87.5,9.00000000000012,2.));
#14826=CARTESIAN_POINT('',(87.5000000000001,8.99999999999992,16.));
#14827=CARTESIAN_POINT('',(87.5000000000001,8.99999999999992,18.));
#14828=CARTESIAN_POINT('Ctrl Pts',(9.00000000000004,87.4999999999999,16.));
#14829=CARTESIAN_POINT('Ctrl Pts',(9.00000000000004,84.5468059179739,16.));
#14830=CARTESIAN_POINT('Ctrl Pts',(9.00184141171069,78.6004412382131,16.));
#14831=CARTESIAN_POINT('Ctrl Pts',(9.5713976844977,69.5626226371774,16.));
#14832=CARTESIAN_POINT('Ctrl Pts',(11.1601373875271,60.5718189720781,16.));
#14833=CARTESIAN_POINT('Ctrl Pts',(14.9158354492334,48.9205192740253,16.));
#14834=CARTESIAN_POINT('Ctrl Pts',(22.7071881674727,35.6699452937747,16.));
#14835=CARTESIAN_POINT('Ctrl Pts',(35.6692560702861,22.7170731735511,16.));
#14836=CARTESIAN_POINT('Ctrl Pts',(51.5697999616322,13.3347200048095,16.));
#14837=CARTESIAN_POINT('Ctrl Pts',(66.5598608112246,9.74042085135595,16.));
#14838=CARTESIAN_POINT('Ctrl Pts',(78.6115378825542,9.00968983341471,16.));
#14839=CARTESIAN_POINT('Ctrl Pts',(84.546805917974,9.00000000000012,16.));
#14840=CARTESIAN_POINT('Ctrl Pts',(87.5,9.00000000000014,16.));
#14841=CARTESIAN_POINT('Origin',(1256.,628.,0.));
#14842=CARTESIAN_POINT('',(2334.25,1099.,0.));
#14843=CARTESIAN_POINT('Origin',(2355.,1099.,0.));
#14844=CARTESIAN_POINT('',(2020.25,1099.,0.));
#14845=CARTESIAN_POINT('Origin',(2041.,1099.,0.));
#14846=CARTESIAN_POINT('',(1706.25,1099.,0.));
#14847=CARTESIAN_POINT('Origin',(1727.,1099.,0.));
#14848=CARTESIAN_POINT('',(1392.25,1099.,0.));
#14849=CARTESIAN_POINT('Origin',(1413.,1099.,0.));
#14850=CARTESIAN_POINT('',(1078.25,1099.,0.));
#14851=CARTESIAN_POINT('Origin',(1099.,1099.,0.));
#14852=CARTESIAN_POINT('',(764.25,1099.,0.));
#14853=CARTESIAN_POINT('Origin',(785.,1099.,0.));
#14854=CARTESIAN_POINT('',(450.25,1099.,0.));
#14855=CARTESIAN_POINT('Origin',(471.,1099.,0.));
#14856=CARTESIAN_POINT('',(136.25,1099.,0.));
#14857=CARTESIAN_POINT('Origin',(157.,1099.,0.));
#14858=CARTESIAN_POINT('',(293.25,942.,0.));
#14859=CARTESIAN_POINT('Origin',(314.,942.,0.));
#14860=CARTESIAN_POINT('',(607.25,942.,0.));
#14861=CARTESIAN_POINT('Origin',(628.,942.,0.));
#14862=CARTESIAN_POINT('',(921.25,942.,0.));
#14863=CARTESIAN_POINT('Origin',(942.,942.,0.));
#14864=CARTESIAN_POINT('',(1235.25,942.,0.));
#14865=CARTESIAN_POINT('Origin',(1256.,942.,0.));
#14866=CARTESIAN_POINT('',(1549.25,942.,0.));
#14867=CARTESIAN_POINT('Origin',(1570.,942.,0.));
#14868=CARTESIAN_POINT('',(1863.25,942.,0.));
#14869=CARTESIAN_POINT('Origin',(1884.,942.,0.));
#14870=CARTESIAN_POINT('',(2177.25,942.,0.));
#14871=CARTESIAN_POINT('Origin',(2198.,942.,0.));
#14872=CARTESIAN_POINT('',(2334.25,785.,0.));
#14873=CARTESIAN_POINT('Origin',(2355.,785.,0.));
#14874=CARTESIAN_POINT('',(2334.25,628.,0.));
#14875=CARTESIAN_POINT('Origin',(2355.,628.,0.));
#14876=CARTESIAN_POINT('',(2334.25,471.,0.));
#14877=CARTESIAN_POINT('Origin',(2355.,471.,0.));
#14878=CARTESIAN_POINT('',(2334.25,314.,0.));
#14879=CARTESIAN_POINT('Origin',(2355.,314.,0.));
#14880=CARTESIAN_POINT('',(2177.25,314.,0.));
#14881=CARTESIAN_POINT('Origin',(2198.,314.,0.));
#14882=CARTESIAN_POINT('',(2020.25,785.,0.));
#14883=CARTESIAN_POINT('Origin',(2041.,785.,0.));
#14884=CARTESIAN_POINT('',(2020.25,471.,0.));
#14885=CARTESIAN_POINT('Origin',(2041.,471.,0.));
#14886=CARTESIAN_POINT('',(2020.25,157.,0.));
#14887=CARTESIAN_POINT('Origin',(2041.,157.,0.));
#14888=CARTESIAN_POINT('',(1706.25,785.,0.));
#14889=CARTESIAN_POINT('Origin',(1727.,785.,0.));
#14890=CARTESIAN_POINT('',(1706.25,628.,0.));
#14891=CARTESIAN_POINT('Origin',(1727.,628.,0.));
#14892=CARTESIAN_POINT('',(1863.25,471.,0.));
#14893=CARTESIAN_POINT('Origin',(1884.,471.,0.));
#14894=CARTESIAN_POINT('',(1863.25,157.,0.));
#14895=CARTESIAN_POINT('Origin',(1884.,157.,0.));
#14896=CARTESIAN_POINT('',(1706.25,157.,0.));
#14897=CARTESIAN_POINT('Origin',(1727.,157.,0.));
#14898=CARTESIAN_POINT('',(1549.25,628.,0.));
#14899=CARTESIAN_POINT('Origin',(1570.,628.,0.));
#14900=CARTESIAN_POINT('',(1549.25,314.,0.));
#14901=CARTESIAN_POINT('Origin',(1570.,314.,0.));
#14902=CARTESIAN_POINT('',(1392.25,785.,0.));
#14903=CARTESIAN_POINT('Origin',(1413.,785.,0.));
#14904=CARTESIAN_POINT('',(1392.25,471.,0.));
#14905=CARTESIAN_POINT('Origin',(1413.,471.,0.));
#14906=CARTESIAN_POINT('',(1392.25,157.,0.));
#14907=CARTESIAN_POINT('Origin',(1413.,157.,0.));
#14908=CARTESIAN_POINT('',(1235.25,628.,0.));
#14909=CARTESIAN_POINT('Origin',(1256.,628.,0.));
#14910=CARTESIAN_POINT('',(1235.25,314.,0.));
#14911=CARTESIAN_POINT('Origin',(1256.,314.,0.));
#14912=CARTESIAN_POINT('',(1078.25,785.,0.));
#14913=CARTESIAN_POINT('Origin',(1099.,785.,0.));
#14914=CARTESIAN_POINT('',(1078.25,471.,0.));
#14915=CARTESIAN_POINT('Origin',(1099.,471.,0.));
#14916=CARTESIAN_POINT('',(1078.25,157.,0.));
#14917=CARTESIAN_POINT('Origin',(1099.,157.,0.));
#14918=CARTESIAN_POINT('',(921.25,628.,0.));
#14919=CARTESIAN_POINT('Origin',(942.,628.,0.));
#14920=CARTESIAN_POINT('',(921.25,314.,0.));
#14921=CARTESIAN_POINT('Origin',(942.,314.,0.));
#14922=CARTESIAN_POINT('',(764.25,785.,0.));
#14923=CARTESIAN_POINT('Origin',(785.,785.,0.));
#14924=CARTESIAN_POINT('',(764.25,471.,0.));
#14925=CARTESIAN_POINT('Origin',(785.,471.,0.));
#14926=CARTESIAN_POINT('',(764.25,157.,0.));
#14927=CARTESIAN_POINT('Origin',(785.,157.,0.));
#14928=CARTESIAN_POINT('',(607.25,628.,0.));
#14929=CARTESIAN_POINT('Origin',(628.,628.,0.));
#14930=CARTESIAN_POINT('',(607.25,314.,0.));
#14931=CARTESIAN_POINT('Origin',(628.,314.,0.));
#14932=CARTESIAN_POINT('',(136.25,785.,0.));
#14933=CARTESIAN_POINT('Origin',(157.,785.,0.));
#14934=CARTESIAN_POINT('',(450.25,785.,0.));
#14935=CARTESIAN_POINT('Origin',(471.,785.,0.));
#14936=CARTESIAN_POINT('',(293.25,628.,0.));
#14937=CARTESIAN_POINT('Origin',(314.,628.,0.));
#14938=CARTESIAN_POINT('',(450.25,471.,0.));
#14939=CARTESIAN_POINT('Origin',(471.,471.,0.));
#14940=CARTESIAN_POINT('',(136.25,471.,0.));
#14941=CARTESIAN_POINT('Origin',(157.,471.,0.));
#14942=CARTESIAN_POINT('',(450.25,314.,0.));
#14943=CARTESIAN_POINT('Origin',(471.,314.,0.));
#14944=CARTESIAN_POINT('',(293.25,157.,0.));
#14945=CARTESIAN_POINT('Origin',(314.,157.,0.));
#14946=CARTESIAN_POINT('',(136.25,157.,0.));
#14947=CARTESIAN_POINT('Origin',(157.,157.,0.));
#14948=CARTESIAN_POINT('',(136.25,314.,0.));
#14949=CARTESIAN_POINT('Origin',(157.,314.,0.));
#14950=CARTESIAN_POINT('',(450.25,157.,0.));
#14951=CARTESIAN_POINT('Origin',(471.,157.,0.));
#14952=CARTESIAN_POINT('',(293.25,314.,0.));
#14953=CARTESIAN_POINT('Origin',(314.,314.,0.));
#14954=CARTESIAN_POINT('',(293.25,471.,0.));
#14955=CARTESIAN_POINT('Origin',(314.,471.,0.));
#14956=CARTESIAN_POINT('',(136.25,628.,0.));
#14957=CARTESIAN_POINT('Origin',(157.,628.,0.));
#14958=CARTESIAN_POINT('',(450.25,628.,0.));
#14959=CARTESIAN_POINT('Origin',(471.,628.,0.));
#14960=CARTESIAN_POINT('',(293.25,785.,0.));
#14961=CARTESIAN_POINT('Origin',(314.,785.,0.));
#14962=CARTESIAN_POINT('',(607.25,157.,0.));
#14963=CARTESIAN_POINT('Origin',(628.,157.,0.));
#14964=CARTESIAN_POINT('',(607.25,471.,0.));
#14965=CARTESIAN_POINT('Origin',(628.,471.,0.));
#14966=CARTESIAN_POINT('',(607.25,785.,0.));
#14967=CARTESIAN_POINT('Origin',(628.,785.,0.));
#14968=CARTESIAN_POINT('',(764.25,314.,0.));
#14969=CARTESIAN_POINT('Origin',(785.,314.,0.));
#14970=CARTESIAN_POINT('',(764.25,628.,0.));
#14971=CARTESIAN_POINT('Origin',(785.,628.,0.));
#14972=CARTESIAN_POINT('',(921.25,157.,0.));
#14973=CARTESIAN_POINT('Origin',(942.,157.,0.));
#14974=CARTESIAN_POINT('',(921.25,471.,0.));
#14975=CARTESIAN_POINT('Origin',(942.,471.,0.));
#14976=CARTESIAN_POINT('',(921.25,785.,0.));
#14977=CARTESIAN_POINT('Origin',(942.,785.,0.));
#14978=CARTESIAN_POINT('',(1078.25,314.,0.));
#14979=CARTESIAN_POINT('Origin',(1099.,314.,0.));
#14980=CARTESIAN_POINT('',(1078.25,628.,0.));
#14981=CARTESIAN_POINT('Origin',(1099.,628.,0.));
#14982=CARTESIAN_POINT('',(1235.25,157.,0.));
#14983=CARTESIAN_POINT('Origin',(1256.,157.,0.));
#14984=CARTESIAN_POINT('',(1235.25,471.,0.));
#14985=CARTESIAN_POINT('Origin',(1256.,471.,0.));
#14986=CARTESIAN_POINT('',(1235.25,785.,0.));
#14987=CARTESIAN_POINT('Origin',(1256.,785.,0.));
#14988=CARTESIAN_POINT('',(1392.25,314.,0.));
#14989=CARTESIAN_POINT('Origin',(1413.,314.,0.));
#14990=CARTESIAN_POINT('',(1392.25,628.,0.));
#14991=CARTESIAN_POINT('Origin',(1413.,628.,0.));
#14992=CARTESIAN_POINT('',(1549.25,157.,0.));
#14993=CARTESIAN_POINT('Origin',(1570.,157.,0.));
#14994=CARTESIAN_POINT('',(1549.25,471.,0.));
#14995=CARTESIAN_POINT('Origin',(1570.,471.,0.));
#14996=CARTESIAN_POINT('',(1549.25,785.,0.));
#14997=CARTESIAN_POINT('Origin',(1570.,785.,0.));
#14998=CARTESIAN_POINT('',(1706.25,314.,0.));
#14999=CARTESIAN_POINT('Origin',(1727.,314.,0.));
#15000=CARTESIAN_POINT('',(1863.25,314.,0.));
#15001=CARTESIAN_POINT('Origin',(1884.,314.,0.));
#15002=CARTESIAN_POINT('',(1706.25,471.,0.));
#15003=CARTESIAN_POINT('Origin',(1727.,471.,0.));
#15004=CARTESIAN_POINT('',(1863.25,628.,0.));
#15005=CARTESIAN_POINT('Origin',(1884.,628.,0.));
#15006=CARTESIAN_POINT('',(1863.25,785.,0.));
#15007=CARTESIAN_POINT('Origin',(1884.,785.,0.));
#15008=CARTESIAN_POINT('',(2020.25,314.,0.));
#15009=CARTESIAN_POINT('Origin',(2041.,314.,0.));
#15010=CARTESIAN_POINT('',(2020.25,628.,0.));
#15011=CARTESIAN_POINT('Origin',(2041.,628.,0.));
#15012=CARTESIAN_POINT('',(2177.25,157.,0.));
#15013=CARTESIAN_POINT('Origin',(2198.,157.,0.));
#15014=CARTESIAN_POINT('',(2334.25,157.,0.));
#15015=CARTESIAN_POINT('Origin',(2355.,157.,0.));
#15016=CARTESIAN_POINT('',(2177.25,471.,0.));
#15017=CARTESIAN_POINT('Origin',(2198.,471.,0.));
#15018=CARTESIAN_POINT('',(2177.25,628.,0.));
#15019=CARTESIAN_POINT('Origin',(2198.,628.,0.));
#15020=CARTESIAN_POINT('',(2177.25,785.,0.));
#15021=CARTESIAN_POINT('Origin',(2198.,785.,0.));
#15022=CARTESIAN_POINT('',(2334.25,942.,0.));
#15023=CARTESIAN_POINT('Origin',(2355.,942.,0.));
#15024=CARTESIAN_POINT('',(2020.25,942.,0.));
#15025=CARTESIAN_POINT('Origin',(2041.,942.,0.));
#15026=CARTESIAN_POINT('',(1706.25,942.,0.));
#15027=CARTESIAN_POINT('Origin',(1727.,942.,0.));
#15028=CARTESIAN_POINT('',(1392.25,942.,0.));
#15029=CARTESIAN_POINT('Origin',(1413.,942.,0.));
#15030=CARTESIAN_POINT('',(1078.25,942.,0.));
#15031=CARTESIAN_POINT('Origin',(1099.,942.,0.));
#15032=CARTESIAN_POINT('',(764.25,942.,0.));
#15033=CARTESIAN_POINT('Origin',(785.,942.,0.));
#15034=CARTESIAN_POINT('',(450.25,942.,0.));
#15035=CARTESIAN_POINT('Origin',(471.,942.,0.));
#15036=CARTESIAN_POINT('',(136.25,942.,0.));
#15037=CARTESIAN_POINT('Origin',(157.,942.,0.));
#15038=CARTESIAN_POINT('',(293.25,1099.,0.));
#15039=CARTESIAN_POINT('Origin',(314.,1099.,0.));
#15040=CARTESIAN_POINT('',(607.25,1099.,0.));
#15041=CARTESIAN_POINT('Origin',(628.,1099.,0.));
#15042=CARTESIAN_POINT('',(921.25,1099.,0.));
#15043=CARTESIAN_POINT('Origin',(942.,1099.,0.));
#15044=CARTESIAN_POINT('',(1235.25,1099.,0.));
#15045=CARTESIAN_POINT('Origin',(1256.,1099.,0.));
#15046=CARTESIAN_POINT('',(1549.25,1099.,0.));
#15047=CARTESIAN_POINT('Origin',(1570.,1099.,0.));
#15048=CARTESIAN_POINT('',(1863.25,1099.,0.));
#15049=CARTESIAN_POINT('Origin',(1884.,1099.,0.));
#15050=CARTESIAN_POINT('',(2177.25,1099.,0.));
#15051=CARTESIAN_POINT('Origin',(2198.,1099.,0.));
#15052=CARTESIAN_POINT('Ctrl Pts',(2501.,87.5000000000002,18.));
#15053=CARTESIAN_POINT('Ctrl Pts',(2501.,84.5468059179742,18.));
#15054=CARTESIAN_POINT('Ctrl Pts',(2500.99764653763,78.6570225666735,18.));
#15055=CARTESIAN_POINT('Ctrl Pts',(2500.43765889071,69.7963310849629,18.));
#15056=CARTESIAN_POINT('Ctrl Pts',(2498.89046827739,61.0440542992523,18.));
#15057=CARTESIAN_POINT('Ctrl Pts',(2495.25124623142,49.7730249868059,18.));
#15058=CARTESIAN_POINT('Ctrl Pts',(2487.70662184606,36.9151239612209,18.));
#15059=CARTESIAN_POINT('Ctrl Pts',(2477.17642690814,26.401224988105,18.));
#15060=CARTESIAN_POINT('Ctrl Pts',(2468.60320863861,20.5894407833145,18.));
#15061=CARTESIAN_POINT('Ctrl Pts',(2463.39200375859,17.8015699942568,18.));
#15062=CARTESIAN_POINT('Ctrl Pts',(2457.99760178763,15.3847541825356,18.));
#15063=CARTESIAN_POINT('Ctrl Pts',(2450.95212716645,13.1067676007399,18.));
#15064=CARTESIAN_POINT('Ctrl Pts',(2442.21086918245,11.5636934181315,18.));
#15065=CARTESIAN_POINT('Ctrl Pts',(2433.35574372446,11.0019012540822,18.));
#15066=CARTESIAN_POINT('Ctrl Pts',(2427.45319408203,11.0000000000002,18.));
#15067=CARTESIAN_POINT('Ctrl Pts',(2424.5,11.0000000000002,18.));
#15068=CARTESIAN_POINT('Ctrl Pts',(2501.59839860068,87.5000000000002,18.));
#15069=CARTESIAN_POINT('Ctrl Pts',(2501.59839860068,84.5468059179742,18.));
#15070=CARTESIAN_POINT('Ctrl Pts',(2501.59633126479,78.6438737871136,18.));
#15071=CARTESIAN_POINT('Ctrl Pts',(2501.03363969369,69.7290671724708,18.));
#15072=CARTESIAN_POINT('Ctrl Pts',(2499.47366610929,60.900917013301,18.));
#15073=CARTESIAN_POINT('Ctrl Pts',(2495.7989018967,49.5191243225149,18.));
#15074=CARTESIAN_POINT('Ctrl Pts',(2488.18244336486,36.5412888646864,18.));
#15075=CARTESIAN_POINT('Ctrl Pts',(2477.56691347307,25.9427270959207,18.));
#15076=CARTESIAN_POINT('Ctrl Pts',(2468.91667249096,20.0780678815389,18.));
#15077=CARTESIAN_POINT('Ctrl Pts',(2463.65613980569,17.2638928614529,18.));
#15078=CARTESIAN_POINT('Ctrl Pts',(2458.20957344475,14.8236400594074,18.));
#15079=CARTESIAN_POINT('Ctrl Pts',(2451.09545257478,12.5236348233108,18.));
#15080=CARTESIAN_POINT('Ctrl Pts',(2442.27802109371,10.9676401328384,18.));
#15081=CARTESIAN_POINT('Ctrl Pts',(2433.36899603837,10.4032317422821,18.));
#15082=CARTESIAN_POINT('Ctrl Pts',(2427.45319408203,10.4016013993165,18.));
#15083=CARTESIAN_POINT('Ctrl Pts',(2424.5,10.4016013993165,18.));
#15084=CARTESIAN_POINT('Ctrl Pts',(2502.63425009569,87.5000000000002,17.4977021732562));
#15085=CARTESIAN_POINT('Ctrl Pts',(2502.63425009569,84.5468059179743,17.4977021732562));
#15086=CARTESIAN_POINT('Ctrl Pts',(2502.63245365965,78.6206143342391,17.4977021732562));
#15087=CARTESIAN_POINT('Ctrl Pts',(2502.0649402718,69.6122968470845,17.4977021732562));
#15088=CARTESIAN_POINT('Ctrl Pts',(2500.48265068909,60.6529295872914,17.4977021732562));
#15089=CARTESIAN_POINT('Ctrl Pts',(2496.74667360598,49.0804977553773,17.4977021732562));
#15090=CARTESIAN_POINT('Ctrl Pts',(2489.00542016297,35.8946045092672,17.4977021732562));
#15091=CARTESIAN_POINT('Ctrl Pts',(2478.2416790293,25.148926479122,17.4977021732562));
#15092=CARTESIAN_POINT('Ctrl Pts',(2469.45861140589,19.1930874829759,17.4977021732562));
#15093=CARTESIAN_POINT('Ctrl Pts',(2464.11306372128,16.3335498478345,17.4977021732562));
#15094=CARTESIAN_POINT('Ctrl Pts',(2458.57662172172,13.8529016351846,17.4977021732562));
#15095=CARTESIAN_POINT('Ctrl Pts',(2451.34361903919,11.5146311210905,17.4977021732562));
#15096=CARTESIAN_POINT('Ctrl Pts',(2442.39496598562,9.93633239688578,17.4977021732562));
#15097=CARTESIAN_POINT('Ctrl Pts',(2433.39241092238,9.36710577319979,17.4977021732562));
#15098=CARTESIAN_POINT('Ctrl Pts',(2427.45319408203,9.36574990431253,17.4977021732562));
#15099=CARTESIAN_POINT('Ctrl Pts',(2424.5,9.36574990431253,17.4977021732562));
#15100=CARTESIAN_POINT('Ctrl Pts',(2503.,87.5000000000002,16.4487989505128));
#15101=CARTESIAN_POINT('Ctrl Pts',(2503.,84.5468059179743,16.4487989505128));
#15102=CARTESIAN_POINT('Ctrl Pts',(2502.99839819318,78.6126214634004,16.4487989505128));
#15103=CARTESIAN_POINT('Ctrl Pts',(2502.42924455336,69.571213543431,16.4487989505128));
#15104=CARTESIAN_POINT('Ctrl Pts',(2500.83915839058,60.5654605817467,16.4487989505128));
#15105=CARTESIAN_POINT('Ctrl Pts',(2497.08142996546,48.9252320751695,16.4487989505128));
#15106=CARTESIAN_POINT('Ctrl Pts',(2489.29630979747,35.666072458248,16.4487989505128));
#15107=CARTESIAN_POINT('Ctrl Pts',(2478.48045408846,24.8686967174706,16.4487989505128));
#15108=CARTESIAN_POINT('Ctrl Pts',(2469.65026483341,18.8805090455957,16.4487989505128));
#15109=CARTESIAN_POINT('Ctrl Pts',(2464.27453442603,16.004878832929,16.4487989505128));
#15110=CARTESIAN_POINT('Ctrl Pts',(2458.70617157764,13.5098901988669,16.4487989505128));
#15111=CARTESIAN_POINT('Ctrl Pts',(2451.43121592792,11.1581747730844,16.4487989505128));
#15112=CARTESIAN_POINT('Ctrl Pts',(2442.43594841313,9.57197340286554,16.4487989505128));
#15113=CARTESIAN_POINT('Ctrl Pts',(2433.40046916827,9.00117317152251,16.4487989505128));
#15114=CARTESIAN_POINT('Ctrl Pts',(2427.45319408203,9.00000000000023,16.4487989505128));
#15115=CARTESIAN_POINT('Ctrl Pts',(2424.5,9.00000000000023,16.4487989505128));
#15116=CARTESIAN_POINT('Ctrl Pts',(2503.,87.5000000000002,16.));
#15117=CARTESIAN_POINT('Ctrl Pts',(2503.,84.5468059179743,16.));
#15118=CARTESIAN_POINT('Ctrl Pts',(2502.99835565937,78.6125269930685,16.));
#15119=CARTESIAN_POINT('Ctrl Pts',(2502.42917525205,69.5711502630478,16.));
#15120=CARTESIAN_POINT('Ctrl Pts',(2500.83905342152,60.5654205571002,16.));
#15121=CARTESIAN_POINT('Ctrl Pts',(2497.08138413845,48.925399912293,16.));
#15122=CARTESIAN_POINT('Ctrl Pts',(2489.29617920842,35.6661556485566,16.));
#15123=CARTESIAN_POINT('Ctrl Pts',(2478.48023003665,24.868673451183,16.));
#15124=CARTESIAN_POINT('Ctrl Pts',(2469.65013606745,18.8805519196756,16.));
#15125=CARTESIAN_POINT('Ctrl Pts',(2464.27447643153,16.0049541277449,16.));
#15126=CARTESIAN_POINT('Ctrl Pts',(2458.70619375623,13.5099986532964,16.));
#15127=CARTESIAN_POINT('Ctrl Pts',(2451.4312281632,11.158254772221,16.));
#15128=CARTESIAN_POINT('Ctrl Pts',(2442.43608153143,9.57206512991758,16.));
#15129=CARTESIAN_POINT('Ctrl Pts',(2433.40055912909,9.00121003546397,16.));
#15130=CARTESIAN_POINT('Ctrl Pts',(2427.45319408203,9.00000000000023,16.));
#15131=CARTESIAN_POINT('Ctrl Pts',(2424.5,9.00000000000023,16.));
#15132=CARTESIAN_POINT('',(2424.5,11.0000000000002,18.));
#15133=CARTESIAN_POINT('',(2424.5,9.00000000000023,16.));
#15134=CARTESIAN_POINT('Origin',(2424.5,11.0000000000002,16.));
#15135=CARTESIAN_POINT('',(2503.,87.5000000000003,16.));
#15136=CARTESIAN_POINT('Ctrl Pts',(2424.5,9.00000000000023,16.));
#15137=CARTESIAN_POINT('Ctrl Pts',(2427.45319408203,9.00000000000023,16.));
#15138=CARTESIAN_POINT('Ctrl Pts',(2433.40055912909,9.00121003546397,16.));
#15139=CARTESIAN_POINT('Ctrl Pts',(2442.43608153143,9.57206512991758,16.));
#15140=CARTESIAN_POINT('Ctrl Pts',(2451.4312281632,11.158254772221,16.));
#15141=CARTESIAN_POINT('Ctrl Pts',(2458.70619375623,13.5099986532964,16.));
#15142=CARTESIAN_POINT('Ctrl Pts',(2464.27447643153,16.0049541277449,16.));
#15143=CARTESIAN_POINT('Ctrl Pts',(2469.65013606745,18.8805519196756,16.));
#15144=CARTESIAN_POINT('Ctrl Pts',(2478.48023003665,24.868673451183,16.));
#15145=CARTESIAN_POINT('Ctrl Pts',(2489.29617920842,35.6661556485566,16.));
#15146=CARTESIAN_POINT('Ctrl Pts',(2497.08138413845,48.925399912293,16.));
#15147=CARTESIAN_POINT('Ctrl Pts',(2500.83905342152,60.5654205571002,16.));
#15148=CARTESIAN_POINT('Ctrl Pts',(2502.42917525205,69.5711502630478,16.));
#15149=CARTESIAN_POINT('Ctrl Pts',(2502.99835565937,78.6125269930685,16.));
#15150=CARTESIAN_POINT('Ctrl Pts',(2503.,84.5468059179743,16.));
#15151=CARTESIAN_POINT('Ctrl Pts',(2503.,87.5000000000002,16.));
#15152=CARTESIAN_POINT('',(2501.,87.5000000000002,18.));
#15153=CARTESIAN_POINT('Origin',(2501.,87.5000000000002,16.));
#15154=CARTESIAN_POINT('Ctrl Pts',(2501.,87.5000000000002,18.));
#15155=CARTESIAN_POINT('Ctrl Pts',(2501.,84.5468059179742,18.));
#15156=CARTESIAN_POINT('Ctrl Pts',(2500.99764653763,78.6570225666735,18.));
#15157=CARTESIAN_POINT('Ctrl Pts',(2500.43765889071,69.7963310849629,18.));
#15158=CARTESIAN_POINT('Ctrl Pts',(2498.89046827739,61.0440542992523,18.));
#15159=CARTESIAN_POINT('Ctrl Pts',(2495.25124623142,49.7730249868059,18.));
#15160=CARTESIAN_POINT('Ctrl Pts',(2487.70662184606,36.9151239612209,18.));
#15161=CARTESIAN_POINT('Ctrl Pts',(2477.17642690814,26.401224988105,18.));
#15162=CARTESIAN_POINT('Ctrl Pts',(2468.60320863861,20.5894407833145,18.));
#15163=CARTESIAN_POINT('Ctrl Pts',(2463.39200375859,17.8015699942568,18.));
#15164=CARTESIAN_POINT('Ctrl Pts',(2457.99760178763,15.3847541825356,18.));
#15165=CARTESIAN_POINT('Ctrl Pts',(2450.95212716645,13.1067676007399,18.));
#15166=CARTESIAN_POINT('Ctrl Pts',(2442.21086918245,11.5636934181315,18.));
#15167=CARTESIAN_POINT('Ctrl Pts',(2433.35574372446,11.0019012540822,18.));
#15168=CARTESIAN_POINT('Ctrl Pts',(2427.45319408203,11.0000000000002,18.));
#15169=CARTESIAN_POINT('Ctrl Pts',(2424.5,11.0000000000002,18.));
#15170=CARTESIAN_POINT('Origin',(632.5,11.,16.));
#15171=CARTESIAN_POINT('',(87.5000000000001,10.9999999999999,18.));
#15172=CARTESIAN_POINT('Origin',(87.5000000000001,10.9999999999999,16.));
#15173=CARTESIAN_POINT('',(632.5,8.99999999999999,16.));
#15174=CARTESIAN_POINT('',(632.5,11.,18.));
#15175=CARTESIAN_POINT('Ctrl Pts',(87.5,11.0000000000001,18.));
#15176=CARTESIAN_POINT('Ctrl Pts',(84.546805917974,11.0000000000001,18.));
#15177=CARTESIAN_POINT('Ctrl Pts',(78.6561703634619,11.0094623534941,18.));
#15178=CARTESIAN_POINT('Ctrl Pts',(66.8450780679663,11.7310940086859,18.));
#15179=CARTESIAN_POINT('Ctrl Pts',(52.3388404780808,15.2153863181762,18.));
#15180=CARTESIAN_POINT('Ctrl Pts',(36.9175738006069,24.305246912578,18.));
#15181=CARTESIAN_POINT('Ctrl Pts',(24.2960460637737,36.9189331497185,18.));
#15182=CARTESIAN_POINT('Ctrl Pts',(16.746113248151,49.7687734786633,18.));
#15183=CARTESIAN_POINT('Ctrl Pts',(13.1086445019939,61.0502914298143,18.));
#15184=CARTESIAN_POINT('Ctrl Pts',(11.562949937558,69.7881587629587,18.));
#15185=CARTESIAN_POINT('Ctrl Pts',(11.0024939323329,78.645079089407,18.));
#15186=CARTESIAN_POINT('Ctrl Pts',(11.,84.5468059179739,18.));
#15187=CARTESIAN_POINT('Ctrl Pts',(11.,87.4999999999999,18.));
#15188=CARTESIAN_POINT('Ctrl Pts',(87.5,10.4016013993164,18.));
#15189=CARTESIAN_POINT('Ctrl Pts',(84.546805917974,10.4016013993163,18.));
#15190=CARTESIAN_POINT('Ctrl Pts',(78.6428974257992,10.4111139016798,18.));
#15191=CARTESIAN_POINT('Ctrl Pts',(66.7597004678474,11.1354951709142,18.));
#15192=CARTESIAN_POINT('Ctrl Pts',(52.1087633323734,14.6526308782032,18.));
#15193=CARTESIAN_POINT('Ctrl Pts',(36.544069190121,23.8300780831759,18.));
#15194=CARTESIAN_POINT('Ctrl Pts',(23.8206180855702,36.5452246472488,18.));
#15195=CARTESIAN_POINT('Ctrl Pts',(16.1985166854465,49.5149160654949,18.));
#15196=CARTESIAN_POINT('Ctrl Pts',(12.5256339551516,60.9071146565582,18.));
#15197=CARTESIAN_POINT('Ctrl Pts',(10.9670566574165,69.7207619204957,18.));
#15198=CARTESIAN_POINT('Ctrl Pts',(10.403895210166,78.6317630808939,18.));
#15199=CARTESIAN_POINT('Ctrl Pts',(10.4016013993163,84.5468059179739,18.));
#15200=CARTESIAN_POINT('Ctrl Pts',(10.4016013993163,87.4999999999999,18.));
#15201=CARTESIAN_POINT('Ctrl Pts',(87.5,9.36555697321749,17.4979337834039));
#15202=CARTESIAN_POINT('Ctrl Pts',(84.546805917974,9.36555697321747,17.4979337834039));
#15203=CARTESIAN_POINT('Ctrl Pts',(78.6196653140644,9.37521195103309,17.4979337834039));
#15204=CARTESIAN_POINT('Ctrl Pts',(66.6120077009075,10.1042696337883,17.4979337834039));
#15205=CARTESIAN_POINT('Ctrl Pts',(51.7103568029582,13.6784883892125,17.4979337834039));
#15206=CARTESIAN_POINT('Ctrl Pts',(35.8974250056501,23.0073527966825,17.4979337834039));
#15207=CARTESIAN_POINT('Ctrl Pts',(22.9976132750122,35.8982379862972,17.4979337834038));
#15208=CARTESIAN_POINT('Ctrl Pts',(15.2503628710792,49.0755845429905,17.4979337834039));
#15209=CARTESIAN_POINT('Ctrl Pts',(11.5162895427912,60.6592802550851,17.4979337834038));
#15210=CARTESIAN_POINT('Ctrl Pts',(9.93541893789869,69.6038144852138,17.4979337834039));
#15211=CARTESIAN_POINT('Ctrl Pts',(9.36751948606741,78.6085852129943,17.4979337834038));
#15212=CARTESIAN_POINT('Ctrl Pts',(9.36555697321738,84.5468059179739,17.4979337834038));
#15213=CARTESIAN_POINT('Ctrl Pts',(9.36555697321738,87.4999999999999,17.4979337834038));
#15214=CARTESIAN_POINT('Ctrl Pts',(87.5,9.00000000000014,16.4487989505128));
#15215=CARTESIAN_POINT('Ctrl Pts',(84.546805917974,9.00000000000012,16.4487989505128));
#15216=CARTESIAN_POINT('Ctrl Pts',(78.6115845063396,9.0096795314981,16.4487989505128));
#15217=CARTESIAN_POINT('Ctrl Pts',(66.5598373487925,9.74042612977522,16.4487989505128));
#15218=CARTESIAN_POINT('Ctrl Pts',(51.5698110260205,13.3346846960518,16.4487989505128));
#15219=CARTESIAN_POINT('Ctrl Pts',(35.6692509984123,22.7170798690548,16.4487989505128));
#15220=CARTESIAN_POINT('Ctrl Pts',(22.7071635485925,35.6699382717814,16.4487989505128));
#15221=CARTESIAN_POINT('Ctrl Pts',(14.9158476842078,48.9204845669521,16.4487989505128));
#15222=CARTESIAN_POINT('Ctrl Pts',(11.1601267011389,60.5718085346054,16.4487989505128));
#15223=CARTESIAN_POINT('Ctrl Pts',(9.57138489438806,69.5626706062447,16.4487989505128));
#15224=CARTESIAN_POINT('Ctrl Pts',(9.00183860070774,78.6004640156187,16.4487989505128));
#15225=CARTESIAN_POINT('Ctrl Pts',(9.00000000000004,84.5468059179739,16.4487989505128));
#15226=CARTESIAN_POINT('Ctrl Pts',(9.00000000000004,87.4999999999999,16.4487989505128));
#15227=CARTESIAN_POINT('Ctrl Pts',(87.5,9.00000000000014,16.));
#15228=CARTESIAN_POINT('Ctrl Pts',(84.546805917974,9.00000000000012,16.));
#15229=CARTESIAN_POINT('Ctrl Pts',(78.6115378825542,9.00968983341471,16.));
#15230=CARTESIAN_POINT('Ctrl Pts',(66.5598608112246,9.74042085135595,16.));
#15231=CARTESIAN_POINT('Ctrl Pts',(51.5697999616322,13.3347200048095,16.));
#15232=CARTESIAN_POINT('Ctrl Pts',(35.6692560702861,22.7170731735511,16.));
#15233=CARTESIAN_POINT('Ctrl Pts',(22.7071881674727,35.6699452937747,16.));
#15234=CARTESIAN_POINT('Ctrl Pts',(14.9158354492334,48.9205192740253,16.));
#15235=CARTESIAN_POINT('Ctrl Pts',(11.1601373875271,60.5718189720781,16.));
#15236=CARTESIAN_POINT('Ctrl Pts',(9.5713976844977,69.5626226371774,16.));
#15237=CARTESIAN_POINT('Ctrl Pts',(9.00184141171069,78.6004412382131,16.));
#15238=CARTESIAN_POINT('Ctrl Pts',(9.00000000000004,84.5468059179739,16.));
#15239=CARTESIAN_POINT('Ctrl Pts',(9.00000000000004,87.4999999999999,16.));
#15240=CARTESIAN_POINT('',(11.,87.4999999999999,18.));
#15241=CARTESIAN_POINT('Origin',(11.,87.4999999999999,16.));
#15242=CARTESIAN_POINT('Ctrl Pts',(87.5,11.0000000000001,18.));
#15243=CARTESIAN_POINT('Ctrl Pts',(84.546805917974,11.0000000000001,18.));
#15244=CARTESIAN_POINT('Ctrl Pts',(78.6561703634619,11.0094623534941,18.));
#15245=CARTESIAN_POINT('Ctrl Pts',(66.8450780679663,11.7310940086859,18.));
#15246=CARTESIAN_POINT('Ctrl Pts',(52.3388404780808,15.2153863181762,18.));
#15247=CARTESIAN_POINT('Ctrl Pts',(36.9175738006069,24.305246912578,18.));
#15248=CARTESIAN_POINT('Ctrl Pts',(24.2960460637737,36.9189331497185,18.));
#15249=CARTESIAN_POINT('Ctrl Pts',(16.746113248151,49.7687734786633,18.));
#15250=CARTESIAN_POINT('Ctrl Pts',(13.1086445019939,61.0502914298143,18.));
#15251=CARTESIAN_POINT('Ctrl Pts',(11.562949937558,69.7881587629587,18.));
#15252=CARTESIAN_POINT('Ctrl Pts',(11.0024939323329,78.645079089407,18.));
#15253=CARTESIAN_POINT('Ctrl Pts',(11.,84.5468059179739,18.));
#15254=CARTESIAN_POINT('Ctrl Pts',(11.,87.4999999999999,18.));
#15255=CARTESIAN_POINT('Origin',(10.9999999999999,937.5,16.));
#15256=CARTESIAN_POINT('',(10.9999999999998,1168.5,18.));
#15257=CARTESIAN_POINT('Origin',(10.9999999999998,1168.5,16.));
#15258=CARTESIAN_POINT('',(10.9999999999999,937.5,18.));
#15259=CARTESIAN_POINT('Ctrl Pts',(10.9999999999995,1168.5,18.));
#15260=CARTESIAN_POINT('Ctrl Pts',(10.9999999999995,1171.45319408203,18.));
#15261=CARTESIAN_POINT('Ctrl Pts',(11.0024528470126,1177.34288307473,18.));
#15262=CARTESIAN_POINT('Ctrl Pts',(11.562135994911,1186.20385581654,18.));
#15263=CARTESIAN_POINT('Ctrl Pts',(13.1099526603252,1194.95565369405,18.));
#15264=CARTESIAN_POINT('Ctrl Pts',(16.7479147092228,1206.22777688553,18.));
#15265=CARTESIAN_POINT('Ctrl Pts',(24.2975545627327,1219.08159767973,18.));
#15266=CARTESIAN_POINT('Ctrl Pts',(36.9240862749832,1231.70597338687,18.));
#15267=CARTESIAN_POINT('Ctrl Pts',(49.7658498832084,1239.25403795199,18.));
#15268=CARTESIAN_POINT('Ctrl Pts',(61.0493756813405,1242.89251579421,18.));
#15269=CARTESIAN_POINT('Ctrl Pts',(69.7875530477215,1244.43730615938,18.));
#15270=CARTESIAN_POINT('Ctrl Pts',(78.6446653563477,1244.99790159319,18.));
#15271=CARTESIAN_POINT('Ctrl Pts',(84.5468059179737,1245.,18.));
#15272=CARTESIAN_POINT('Ctrl Pts',(87.4999999999997,1245.,18.));
#15273=CARTESIAN_POINT('Ctrl Pts',(10.4016013993157,1168.5,18.));
#15274=CARTESIAN_POINT('Ctrl Pts',(10.4016013993158,1171.45319408203,18.));
#15275=CARTESIAN_POINT('Ctrl Pts',(10.4037979020683,1177.35604240052,18.));
#15276=CARTESIAN_POINT('Ctrl Pts',(10.9661880460824,1186.27113856692,18.));
#15277=CARTESIAN_POINT('Ctrl Pts',(12.5268400489826,1195.09878952729,18.));
#15278=CARTESIAN_POINT('Ctrl Pts',(16.2002919856825,1206.48169674452,18.));
#15279=CARTESIAN_POINT('Ctrl Pts',(23.8220512772866,1219.45534084564,18.));
#15280=CARTESIAN_POINT('Ctrl Pts',(36.5505878389117,1232.18160255292,18.));
#15281=CARTESIAN_POINT('Ctrl Pts',(49.5117773131449,1239.80177140442,18.));
#15282=CARTESIAN_POINT('Ctrl Pts',(60.9060922031714,1243.47560519984,18.));
#15283=CARTESIAN_POINT('Ctrl Pts',(69.7202039584997,1245.03329831402,18.));
#15284=CARTESIAN_POINT('Ctrl Pts',(78.6314105193455,1245.59655073364,18.));
#15285=CARTESIAN_POINT('Ctrl Pts',(84.5468059179737,1245.59839860068,18.));
#15286=CARTESIAN_POINT('Ctrl Pts',(87.4999999999997,1245.59839860068,18.));
#15287=CARTESIAN_POINT('Ctrl Pts',(9.36574077043011,1168.5,17.4977131383092));
#15288=CARTESIAN_POINT('Ctrl Pts',(9.36574077043013,1171.45319408203,17.4977131383092));
#15289=CARTESIAN_POINT('Ctrl Pts',(9.36766089032227,1177.37929709988,17.4977131383092));
#15290=CARTESIAN_POINT('Ctrl Pts',(9.93481980225819,1186.38792074046,17.4977131383092));
#15291=CARTESIAN_POINT('Ctrl Pts',(11.5178531231125,1195.3468037264,17.4977131383092));
#15292=CARTESIAN_POINT('Ctrl Pts',(15.2523523252166,1206.9203958643,17.4977131383092));
#15293=CARTESIAN_POINT('Ctrl Pts',(22.9995247996914,1220.10203954023,17.4977131383092));
#15294=CARTESIAN_POINT('Ctrl Pts',(35.9043956091741,1233.00471081001,17.4977131383092));
#15295=CARTESIAN_POINT('Ctrl Pts',(49.0723506832,1240.74953171843,17.4977131383092));
#15296=CARTESIAN_POINT('Ctrl Pts',(60.6582253999731,1244.48473432247,17.4977131383092));
#15297=CARTESIAN_POINT('Ctrl Pts',(69.6031296354327,1246.06465405425,17.4977131383092));
#15298=CARTESIAN_POINT('Ctrl Pts',(78.6080908215334,1246.63272325467,17.4977131383092));
#15299=CARTESIAN_POINT('Ctrl Pts',(84.5468059179737,1246.63425922957,17.4977131383092));
#15300=CARTESIAN_POINT('Ctrl Pts',(87.4999999999997,1246.63425922957,17.4977131383092));
#15301=CARTESIAN_POINT('Ctrl Pts',(8.99999999999948,1168.5,16.4487989505128));
#15302=CARTESIAN_POINT('Ctrl Pts',(8.9999999999995,1171.45319408203,16.4487989505128));
#15303=CARTESIAN_POINT('Ctrl Pts',(9.00174854365245,1177.38729776807,16.4487989505128));
#15304=CARTESIAN_POINT('Ctrl Pts',(9.57055459773724,1186.4290161264,16.4487989505128));
#15305=CARTESIAN_POINT('Ctrl Pts',(11.1614183879971,1195.43426702871,16.4487989505128));
#15306=CARTESIAN_POINT('Ctrl Pts',(14.9176434930647,1207.07566715815,16.4487989505128));
#15307=CARTESIAN_POINT('Ctrl Pts',(22.708844526846,1220.33049521473,16.4487989505128));
#15308=CARTESIAN_POINT('Ctrl Pts',(35.6760821402818,1233.29543562862,16.4487989505128));
#15309=CARTESIAN_POINT('Ctrl Pts',(48.9170272833192,1241.08434125693,16.4487989505128));
#15310=CARTESIAN_POINT('Ctrl Pts',(60.5706359837493,1244.84113863977,16.4487989505128));
#15311=CARTESIAN_POINT('Ctrl Pts',(69.5620094878537,1246.42895420254,16.4487989505128));
#15312=CARTESIAN_POINT('Ctrl Pts',(78.6000228448878,1246.99862799809,16.4487989505128));
#15313=CARTESIAN_POINT('Ctrl Pts',(84.5468059179737,1247.,16.4487989505128));
#15314=CARTESIAN_POINT('Ctrl Pts',(87.4999999999997,1247.,16.4487989505128));
#15315=CARTESIAN_POINT('Ctrl Pts',(8.99999999999948,1168.5,16.));
#15316=CARTESIAN_POINT('Ctrl Pts',(8.9999999999995,1171.45319408203,16.));
#15317=CARTESIAN_POINT('Ctrl Pts',(9.00178023106104,1177.38738773709,16.));
#15318=CARTESIAN_POINT('Ctrl Pts',(9.57060196383087,1186.42907521004,16.));
#15319=CARTESIAN_POINT('Ctrl Pts',(11.1614965488634,1195.4343121396,16.));
#15320=CARTESIAN_POINT('Ctrl Pts',(14.917648255659,1207.0755062227,16.));
#15321=CARTESIAN_POINT('Ctrl Pts',(22.7089573042021,1220.33044388293,16.));
#15322=CARTESIAN_POINT('Ctrl Pts',(35.6761491534497,1233.29539174462,16.));
#15323=CARTESIAN_POINT('Ctrl Pts',(48.9171005273278,1241.08426624707,16.));
#15324=CARTESIAN_POINT('Ctrl Pts',(60.5706671699185,1244.84109500709,16.));
#15325=CARTESIAN_POINT('Ctrl Pts',(69.561916832878,1246.4288899808,16.));
#15326=CARTESIAN_POINT('Ctrl Pts',(78.5999518729483,1246.99860493618,16.));
#15327=CARTESIAN_POINT('Ctrl Pts',(84.5468059179737,1247.,16.));
#15328=CARTESIAN_POINT('Ctrl Pts',(87.4999999999997,1247.,16.));
#15329=CARTESIAN_POINT('',(87.4999999999997,1245.,18.));
#15330=CARTESIAN_POINT('Origin',(87.4999999999997,1245.,16.));
#15331=CARTESIAN_POINT('Ctrl Pts',(10.9999999999995,1168.5,18.));
#15332=CARTESIAN_POINT('Ctrl Pts',(10.9999999999995,1171.45319408203,18.));
#15333=CARTESIAN_POINT('Ctrl Pts',(11.0024528470126,1177.34288307473,18.));
#15334=CARTESIAN_POINT('Ctrl Pts',(11.562135994911,1186.20385581654,18.));
#15335=CARTESIAN_POINT('Ctrl Pts',(13.1099526603252,1194.95565369405,18.));
#15336=CARTESIAN_POINT('Ctrl Pts',(16.7479147092228,1206.22777688553,18.));
#15337=CARTESIAN_POINT('Ctrl Pts',(24.2975545627327,1219.08159767973,18.));
#15338=CARTESIAN_POINT('Ctrl Pts',(36.9240862749832,1231.70597338687,18.));
#15339=CARTESIAN_POINT('Ctrl Pts',(49.7658498832084,1239.25403795199,18.));
#15340=CARTESIAN_POINT('Ctrl Pts',(61.0493756813405,1242.89251579421,18.));
#15341=CARTESIAN_POINT('Ctrl Pts',(69.7875530477215,1244.43730615938,18.));
#15342=CARTESIAN_POINT('Ctrl Pts',(78.6446653563477,1244.99790159319,18.));
#15343=CARTESIAN_POINT('Ctrl Pts',(84.5468059179737,1245.,18.));
#15344=CARTESIAN_POINT('Ctrl Pts',(87.4999999999997,1245.,18.));
#15345=CARTESIAN_POINT('Origin',(1879.5,1245.,16.));
#15346=CARTESIAN_POINT('',(2424.5,1245.,18.));
#15347=CARTESIAN_POINT('Origin',(2424.5,1245.,16.));
#15348=CARTESIAN_POINT('',(1879.5,1245.,18.));
#15349=CARTESIAN_POINT('Ctrl Pts',(2424.5,1245.,18.));
#15350=CARTESIAN_POINT('Ctrl Pts',(2427.45319408203,1245.,18.));
#15351=CARTESIAN_POINT('Ctrl Pts',(2433.34362780425,1244.99815149963,18.));
#15352=CARTESIAN_POINT('Ctrl Pts',(2442.20280265227,1244.43739932928,18.));
#15353=CARTESIAN_POINT('Ctrl Pts',(2450.95838493272,1242.89226466004,18.));
#15354=CARTESIAN_POINT('Ctrl Pts',(2457.9980431938,1240.61364069746,18.));
#15355=CARTESIAN_POINT('Ctrl Pts',(2466.08947517715,1236.99152799488,18.));
#15356=CARTESIAN_POINT('Ctrl Pts',(2473.62724541751,1232.23943234974,18.));
#15357=CARTESIAN_POINT('Ctrl Pts',(2481.38696907336,1225.38343033152,18.));
#15358=CARTESIAN_POINT('Ctrl Pts',(2487.26383066273,1218.72945014008,18.));
#15359=CARTESIAN_POINT('Ctrl Pts',(2491.82679156332,1211.98980537424,18.));
#15360=CARTESIAN_POINT('Ctrl Pts',(2494.52620045423,1206.72805995054,18.));
#15361=CARTESIAN_POINT('Ctrl Pts',(2498.01208529202,1198.57646448132,18.));
#15362=CARTESIAN_POINT('Ctrl Pts',(2500.95399534032,1186.25526758376,18.));
#15363=CARTESIAN_POINT('Ctrl Pts',(2501.,1174.40638816405,18.));
#15364=CARTESIAN_POINT('Ctrl Pts',(2501.,1168.5,18.));
#15365=CARTESIAN_POINT('Ctrl Pts',(2424.5,1245.59839860068,18.));
#15366=CARTESIAN_POINT('Ctrl Pts',(2427.45319408203,1245.59839860068,18.));
#15367=CARTESIAN_POINT('Ctrl Pts',(2433.35685506724,1245.59680786386,18.));
#15368=CARTESIAN_POINT('Ctrl Pts',(2442.26987090505,1245.03344163692,18.));
#15369=CARTESIAN_POINT('Ctrl Pts',(2451.10180008737,1243.47536013403,18.));
#15370=CARTESIAN_POINT('Ctrl Pts',(2458.20995485004,1241.1747357029,18.));
#15371=CARTESIAN_POINT('Ctrl Pts',(2466.37985563062,1237.51742463901,18.));
#15372=CARTESIAN_POINT('Ctrl Pts',(2473.98638465509,1232.72161576526,18.));
#15373=CARTESIAN_POINT('Ctrl Pts',(2481.81127043846,1225.80783523288,18.));
#15374=CARTESIAN_POINT('Ctrl Pts',(2487.7378474807,1219.09772710323,18.));
#15375=CARTESIAN_POINT('Ctrl Pts',(2492.34201602326,1212.29768870553,18.));
#15376=CARTESIAN_POINT('Ctrl Pts',(2495.06717181344,1206.98565931369,18.));
#15377=CARTESIAN_POINT('Ctrl Pts',(2498.58709177745,1198.75548200586,18.));
#15378=CARTESIAN_POINT('Ctrl Pts',(2501.55530073512,1186.31106426106,18.));
#15379=CARTESIAN_POINT('Ctrl Pts',(2501.59839860068,1174.40638816405,18.));
#15380=CARTESIAN_POINT('Ctrl Pts',(2501.59839860068,1168.5,18.));
#15381=CARTESIAN_POINT('Ctrl Pts',(2424.5,1246.63424712943,17.4976986123155));
#15382=CARTESIAN_POINT('Ctrl Pts',(2427.45319408203,1246.63424712943,17.4976986123155));
#15383=CARTESIAN_POINT('Ctrl Pts',(2433.38019198401,1246.63294245227,17.4976986123155));
#15384=CARTESIAN_POINT('Ctrl Pts',(2442.38664454931,1246.06477295711,17.4976986123155));
#15385=CARTESIAN_POINT('Ctrl Pts',(2451.3500695052,1244.48438283241,17.4976986123155));
#15386=CARTESIAN_POINT('Ctrl Pts',(2458.57694039562,1242.14545679186,17.4976986123155));
#15387=CARTESIAN_POINT('Ctrl Pts',(2466.88176375679,1238.42767661587,17.4976986123155));
#15388=CARTESIAN_POINT('Ctrl Pts',(2474.6078643527,1233.55571540387,17.4976986123155));
#15389=CARTESIAN_POINT('Ctrl Pts',(2482.54556945105,1226.54197925242,17.4976986123155));
#15390=CARTESIAN_POINT('Ctrl Pts',(2488.55795795894,1219.73496278911,17.4976986123155));
#15391=CARTESIAN_POINT('Ctrl Pts',(2493.23341612623,1212.83053723585,17.4976986123155));
#15392=CARTESIAN_POINT('Ctrl Pts',(2496.00296338017,1207.43184552091,17.4976986123155));
#15393=CARTESIAN_POINT('Ctrl Pts',(2499.58170847427,1199.06593411706,17.4976986123155));
#15394=CARTESIAN_POINT('Ctrl Pts',(2502.59559676741,1186.40883703038,17.4976986123155));
#15395=CARTESIAN_POINT('Ctrl Pts',(2502.63424712943,1174.40638816405,17.4976986123155));
#15396=CARTESIAN_POINT('Ctrl Pts',(2502.63424712943,1168.5,17.4976986123155));
#15397=CARTESIAN_POINT('Ctrl Pts',(2424.5,1247.,16.4487989505128));
#15398=CARTESIAN_POINT('Ctrl Pts',(2427.45319408203,1247.,16.4487989505128));
#15399=CARTESIAN_POINT('Ctrl Pts',(2433.38823817054,1246.9988669097,16.4487989505128));
#15400=CARTESIAN_POINT('Ctrl Pts',(2442.42757869926,1246.42912404178,16.4487989505128));
#15401=CARTESIAN_POINT('Ctrl Pts',(2451.43772651161,1244.84081155024,16.4487989505128));
#15402=CARTESIAN_POINT('Ctrl Pts',(2458.70645097031,1242.48845750753,16.4487989505128));
#15403=CARTESIAN_POINT('Ctrl Pts',(2467.059315718,1238.74912304678,16.4487989505128));
#15404=CARTESIAN_POINT('Ctrl Pts',(2474.82739500788,1233.85048581663,16.4487989505128));
#15405=CARTESIAN_POINT('Ctrl Pts',(2482.80492658792,1226.80142896829,16.4487989505128));
#15406=CARTESIAN_POINT('Ctrl Pts',(2488.8477238593,1219.96008401076,16.4487989505128));
#15407=CARTESIAN_POINT('Ctrl Pts',(2493.54837263997,1213.01873099439,16.4487989505128));
#15408=CARTESIAN_POINT('Ctrl Pts',(2496.3336724412,1207.58927134738,16.4487989505128));
#15409=CARTESIAN_POINT('Ctrl Pts',(2499.93322842955,1199.17530344466,16.4487989505128));
#15410=CARTESIAN_POINT('Ctrl Pts',(2502.96317753973,1186.44283701695,16.4487989505128));
#15411=CARTESIAN_POINT('Ctrl Pts',(2503.,1174.40638816405,16.4487989505128));
#15412=CARTESIAN_POINT('Ctrl Pts',(2503.,1168.5,16.4487989505128));
#15413=CARTESIAN_POINT('Ctrl Pts',(2424.5,1247.,16.));
#15414=CARTESIAN_POINT('Ctrl Pts',(2427.45319408203,1247.,16.));
#15415=CARTESIAN_POINT('Ctrl Pts',(2433.38832161552,1246.99883654477,16.));
#15416=CARTESIAN_POINT('Ctrl Pts',(2442.42770691768,1246.42904091646,16.));
#15417=CARTESIAN_POINT('Ctrl Pts',(2451.43772895005,1244.84074791606,16.));
#15418=CARTESIAN_POINT('Ctrl Pts',(2458.70648115567,1242.48835252863,16.));
#15419=CARTESIAN_POINT('Ctrl Pts',(2467.05917342693,1238.74910537916,16.));
#15420=CARTESIAN_POINT('Ctrl Pts',(2474.82735658065,1233.85037651861,16.));
#15421=CARTESIAN_POINT('Ctrl Pts',(2482.80489222502,1226.80133123186,16.));
#15422=CARTESIAN_POINT('Ctrl Pts',(2488.84764252993,1219.96003387873,16.));
#15423=CARTESIAN_POINT('Ctrl Pts',(2493.5482833052,1213.01871049867,16.));
#15424=CARTESIAN_POINT('Ctrl Pts',(2496.33354948667,1207.58932308693,16.));
#15425=CARTESIAN_POINT('Ctrl Pts',(2499.93308824974,1199.17541088723,16.));
#15426=CARTESIAN_POINT('Ctrl Pts',(2502.96306675445,1186.44306205579,16.));
#15427=CARTESIAN_POINT('Ctrl Pts',(2503.,1174.40638816405,16.));
#15428=CARTESIAN_POINT('Ctrl Pts',(2503.,1168.5,16.));
#15429=CARTESIAN_POINT('',(2501.,1168.5,18.));
#15430=CARTESIAN_POINT('',(2503.,1168.5,16.));
#15431=CARTESIAN_POINT('Origin',(2501.,1168.5,16.));
#15432=CARTESIAN_POINT('Ctrl Pts',(2503.,1168.5,16.));
#15433=CARTESIAN_POINT('Ctrl Pts',(2503.,1174.40638816405,16.));
#15434=CARTESIAN_POINT('Ctrl Pts',(2502.96306675445,1186.44306205579,16.));
#15435=CARTESIAN_POINT('Ctrl Pts',(2499.93308824974,1199.17541088723,16.));
#15436=CARTESIAN_POINT('Ctrl Pts',(2496.33354948667,1207.58932308693,16.));
#15437=CARTESIAN_POINT('Ctrl Pts',(2493.5482833052,1213.01871049867,16.));
#15438=CARTESIAN_POINT('Ctrl Pts',(2488.84764252993,1219.96003387873,16.));
#15439=CARTESIAN_POINT('Ctrl Pts',(2482.80489222502,1226.80133123186,16.));
#15440=CARTESIAN_POINT('Ctrl Pts',(2474.82735658065,1233.85037651861,16.));
#15441=CARTESIAN_POINT('Ctrl Pts',(2467.05917342693,1238.74910537916,16.));
#15442=CARTESIAN_POINT('Ctrl Pts',(2458.70648115567,1242.48835252863,16.));
#15443=CARTESIAN_POINT('Ctrl Pts',(2451.43772895005,1244.84074791606,16.));
#15444=CARTESIAN_POINT('Ctrl Pts',(2442.42770691768,1246.42904091646,16.));
#15445=CARTESIAN_POINT('Ctrl Pts',(2433.38832161552,1246.99883654477,16.));
#15446=CARTESIAN_POINT('Ctrl Pts',(2427.45319408203,1247.,16.));
#15447=CARTESIAN_POINT('Ctrl Pts',(2424.5,1247.,16.));
#15448=CARTESIAN_POINT('Ctrl Pts',(2424.5,1245.,18.));
#15449=CARTESIAN_POINT('Ctrl Pts',(2427.45319408203,1245.,18.));
#15450=CARTESIAN_POINT('Ctrl Pts',(2433.34362780425,1244.99815149963,18.));
#15451=CARTESIAN_POINT('Ctrl Pts',(2442.20280265227,1244.43739932928,18.));
#15452=CARTESIAN_POINT('Ctrl Pts',(2450.95838493272,1242.89226466004,18.));
#15453=CARTESIAN_POINT('Ctrl Pts',(2457.9980431938,1240.61364069746,18.));
#15454=CARTESIAN_POINT('Ctrl Pts',(2466.08947517715,1236.99152799488,18.));
#15455=CARTESIAN_POINT('Ctrl Pts',(2473.62724541751,1232.23943234974,18.));
#15456=CARTESIAN_POINT('Ctrl Pts',(2481.38696907336,1225.38343033152,18.));
#15457=CARTESIAN_POINT('Ctrl Pts',(2487.26383066273,1218.72945014008,18.));
#15458=CARTESIAN_POINT('Ctrl Pts',(2491.82679156332,1211.98980537424,18.));
#15459=CARTESIAN_POINT('Ctrl Pts',(2494.52620045423,1206.72805995054,18.));
#15460=CARTESIAN_POINT('Ctrl Pts',(2498.01208529202,1198.57646448132,18.));
#15461=CARTESIAN_POINT('Ctrl Pts',(2500.95399534032,1186.25526758376,18.));
#15462=CARTESIAN_POINT('Ctrl Pts',(2501.,1174.40638816405,18.));
#15463=CARTESIAN_POINT('Ctrl Pts',(2501.,1168.5,18.));
#15464=CARTESIAN_POINT('Origin',(2501.,318.5,16.));
#15465=CARTESIAN_POINT('',(2501.,318.5,18.));
#15466=CARTESIAN_POINT('',(2503.,318.5,16.));
#15467=CARTESIAN_POINT('Ctrl Pts',(2503.,1168.5,16.));
#15468=CARTESIAN_POINT('Ctrl Pts',(2503.,1168.5,11.3333333333333));
#15469=CARTESIAN_POINT('Ctrl Pts',(2503.,1168.5,6.66666666666667));
#15470=CARTESIAN_POINT('Ctrl Pts',(2503.,1168.5,2.));
#15471=CARTESIAN_POINT('Ctrl Pts',(2503.,1174.37178626921,16.));
#15472=CARTESIAN_POINT('Ctrl Pts',(2503.,1174.37178626921,11.3333333333333));
#15473=CARTESIAN_POINT('Ctrl Pts',(2503.,1174.37178626921,6.66666666666667));
#15474=CARTESIAN_POINT('Ctrl Pts',(2503.,1174.37178626921,2.));
#15475=CARTESIAN_POINT('Ctrl Pts',(2502.94254002046,1185.99042580213,16.));
#15476=CARTESIAN_POINT('Ctrl Pts',(2502.94254002046,1185.99042580213,11.3333333333333));
#15477=CARTESIAN_POINT('Ctrl Pts',(2502.94254002046,1185.99042580213,6.66666666666666));
#15478=CARTESIAN_POINT('Ctrl Pts',(2502.94254002046,1185.99042580213,2.));
#15479=CARTESIAN_POINT('Ctrl Pts',(2499.07394005033,1203.29067272285,16.));
#15480=CARTESIAN_POINT('Ctrl Pts',(2499.07394005033,1203.29067272285,11.3333333333333));
#15481=CARTESIAN_POINT('Ctrl Pts',(2499.07394005033,1203.29067272285,6.66666666666667));
#15482=CARTESIAN_POINT('Ctrl Pts',(2499.07394005033,1203.29067272285,2.));
#15483=CARTESIAN_POINT('Ctrl Pts',(2489.84575345877,1219.7925084383,16.));
#15484=CARTESIAN_POINT('Ctrl Pts',(2489.84575345877,1219.7925084383,11.3333333333333));
#15485=CARTESIAN_POINT('Ctrl Pts',(2489.84575345877,1219.7925084383,6.66666666666667));
#15486=CARTESIAN_POINT('Ctrl Pts',(2489.84575345877,1219.7925084383,2.));
#15487=CARTESIAN_POINT('Ctrl Pts',(2475.79029915268,1233.85010445,16.));
#15488=CARTESIAN_POINT('Ctrl Pts',(2475.79029915268,1233.85010445,11.3333333333333));
#15489=CARTESIAN_POINT('Ctrl Pts',(2475.79029915268,1233.85010445,6.66666666666667));
#15490=CARTESIAN_POINT('Ctrl Pts',(2475.79029915268,1233.85010445,2.));
#15491=CARTESIAN_POINT('Ctrl Pts',(2459.29268042614,1243.06820950255,16.));
#15492=CARTESIAN_POINT('Ctrl Pts',(2459.29268042614,1243.06820950255,11.3333333333333));
#15493=CARTESIAN_POINT('Ctrl Pts',(2459.29268042614,1243.06820950255,6.66666666666668));
#15494=CARTESIAN_POINT('Ctrl Pts',(2459.29268042614,1243.06820950255,2.));
#15495=CARTESIAN_POINT('Ctrl Pts',(2441.98897127763,1246.94541891138,16.));
#15496=CARTESIAN_POINT('Ctrl Pts',(2441.98897127763,1246.94541891138,11.3333333333334));
#15497=CARTESIAN_POINT('Ctrl Pts',(2441.98897127763,1246.94541891138,6.66666666666665));
#15498=CARTESIAN_POINT('Ctrl Pts',(2441.98897127763,1246.94541891138,2.));
#15499=CARTESIAN_POINT('Ctrl Pts',(2430.37178626921,1247.,16.));
#15500=CARTESIAN_POINT('Ctrl Pts',(2430.37178626921,1247.,11.3333333333333));
#15501=CARTESIAN_POINT('Ctrl Pts',(2430.37178626921,1247.,6.66666666666668));
#15502=CARTESIAN_POINT('Ctrl Pts',(2430.37178626921,1247.,2.));
#15503=CARTESIAN_POINT('Ctrl Pts',(2424.5,1247.,16.));
#15504=CARTESIAN_POINT('Ctrl Pts',(2424.5,1247.,11.3333333333333));
#15505=CARTESIAN_POINT('Ctrl Pts',(2424.5,1247.,6.66666666666667));
#15506=CARTESIAN_POINT('Ctrl Pts',(2424.5,1247.,2.));
#15507=CARTESIAN_POINT('',(2503.,1168.5,18.));
#15508=CARTESIAN_POINT('Origin',(2503.,9.0000000000002,18.));
#15509=CARTESIAN_POINT('',(2503.,87.5000000000003,18.));
#15510=CARTESIAN_POINT('Ctrl Pts',(2424.5,9.00000000000023,16.));
#15511=CARTESIAN_POINT('Ctrl Pts',(2424.5,9.00000000000023,11.3333333333333));
#15512=CARTESIAN_POINT('Ctrl Pts',(2424.5,9.00000000000023,6.66666666666667));
#15513=CARTESIAN_POINT('Ctrl Pts',(2424.5,9.00000000000023,2.));
#15514=CARTESIAN_POINT('Ctrl Pts',(2430.37178626921,9.00000000000023,16.));
#15515=CARTESIAN_POINT('Ctrl Pts',(2430.37178626921,9.00000000000023,11.3333333333333));
#15516=CARTESIAN_POINT('Ctrl Pts',(2430.37178626921,9.00000000000023,6.66666666666667));
#15517=CARTESIAN_POINT('Ctrl Pts',(2430.37178626921,9.00000000000023,2.));
#15518=CARTESIAN_POINT('Ctrl Pts',(2441.99042459475,9.05739816882311,16.));
#15519=CARTESIAN_POINT('Ctrl Pts',(2441.99042459475,9.05739816882311,11.3333333333333));
#15520=CARTESIAN_POINT('Ctrl Pts',(2441.99042459475,9.05739816882311,6.66666666666666));
#15521=CARTESIAN_POINT('Ctrl Pts',(2441.99042459475,9.05739816882311,2.));
#15522=CARTESIAN_POINT('Ctrl Pts',(2459.29069268941,12.9259831999894,16.));
#15523=CARTESIAN_POINT('Ctrl Pts',(2459.29069268941,12.9259831999894,11.3333333333333));
#15524=CARTESIAN_POINT('Ctrl Pts',(2459.29069268941,12.9259831999894,6.66666666666667));
#15525=CARTESIAN_POINT('Ctrl Pts',(2459.29069268941,12.9259831999894,2.));
#15526=CARTESIAN_POINT('Ctrl Pts',(2475.79253743061,22.1541497872341,16.));
#15527=CARTESIAN_POINT('Ctrl Pts',(2475.79253743061,22.1541497872341,11.3333333333333));
#15528=CARTESIAN_POINT('Ctrl Pts',(2475.79253743061,22.1541497872341,6.66666666666667));
#15529=CARTESIAN_POINT('Ctrl Pts',(2475.79253743061,22.1541497872341,2.));
#15530=CARTESIAN_POINT('Ctrl Pts',(2489.85018179142,36.2096469581589,16.));
#15531=CARTESIAN_POINT('Ctrl Pts',(2489.85018179142,36.2096469581589,11.3333333333333));
#15532=CARTESIAN_POINT('Ctrl Pts',(2489.85018179142,36.2096469581589,6.66666666666666));
#15533=CARTESIAN_POINT('Ctrl Pts',(2489.85018179142,36.2096469581589,2.));
#15534=CARTESIAN_POINT('Ctrl Pts',(2499.06831476797,52.7072955812079,16.));
#15535=CARTESIAN_POINT('Ctrl Pts',(2499.06831476797,52.7072955812079,11.3333333333333));
#15536=CARTESIAN_POINT('Ctrl Pts',(2499.06831476797,52.7072955812079,6.66666666666668));
#15537=CARTESIAN_POINT('Ctrl Pts',(2499.06831476797,52.7072955812079,2.));
#15538=CARTESIAN_POINT('Ctrl Pts',(2502.94549752673,70.0110127398998,16.));
#15539=CARTESIAN_POINT('Ctrl Pts',(2502.94549752673,70.0110127398998,11.3333333333334));
#15540=CARTESIAN_POINT('Ctrl Pts',(2502.94549752673,70.0110127398998,6.66666666666665));
#15541=CARTESIAN_POINT('Ctrl Pts',(2502.94549752673,70.0110127398998,2.));
#15542=CARTESIAN_POINT('Ctrl Pts',(2503.,81.6282137307907,16.));
#15543=CARTESIAN_POINT('Ctrl Pts',(2503.,81.6282137307907,11.3333333333333));
#15544=CARTESIAN_POINT('Ctrl Pts',(2503.,81.6282137307907,6.66666666666668));
#15545=CARTESIAN_POINT('Ctrl Pts',(2503.,81.6282137307907,2.));
#15546=CARTESIAN_POINT('Ctrl Pts',(2503.,87.5000000000002,16.));
#15547=CARTESIAN_POINT('Ctrl Pts',(2503.,87.5000000000002,11.3333333333333));
#15548=CARTESIAN_POINT('Ctrl Pts',(2503.,87.5000000000002,6.66666666666667));
#15549=CARTESIAN_POINT('Ctrl Pts',(2503.,87.5000000000002,2.));
#15550=CARTESIAN_POINT('',(2424.5,9.00000000000023,18.));
#15551=CARTESIAN_POINT('Origin',(1256.,628.,18.));
#15552=CARTESIAN_POINT('',(177.75,1099.,18.));
#15553=CARTESIAN_POINT('Origin',(157.,1099.,18.));
#15554=CARTESIAN_POINT('',(491.75,1099.,18.));
#15555=CARTESIAN_POINT('Origin',(471.,1099.,18.));
#15556=CARTESIAN_POINT('',(805.75,1099.,18.));
#15557=CARTESIAN_POINT('Origin',(785.,1099.,18.));
#15558=CARTESIAN_POINT('',(1119.75,1099.,18.));
#15559=CARTESIAN_POINT('Origin',(1099.,1099.,18.));
#15560=CARTESIAN_POINT('',(1433.75,1099.,18.));
#15561=CARTESIAN_POINT('Origin',(1413.,1099.,18.));
#15562=CARTESIAN_POINT('',(1747.75,1099.,18.));
#15563=CARTESIAN_POINT('Origin',(1727.,1099.,18.));
#15564=CARTESIAN_POINT('',(2061.75,1099.,18.));
#15565=CARTESIAN_POINT('Origin',(2041.,1099.,18.));
#15566=CARTESIAN_POINT('',(2375.75,1099.,18.));
#15567=CARTESIAN_POINT('Origin',(2355.,1099.,18.));
#15568=CARTESIAN_POINT('',(2218.75,942.,18.));
#15569=CARTESIAN_POINT('Origin',(2198.,942.,18.));
#15570=CARTESIAN_POINT('',(1904.75,942.,18.));
#15571=CARTESIAN_POINT('Origin',(1884.,942.,18.));
#15572=CARTESIAN_POINT('',(1590.75,942.,18.));
#15573=CARTESIAN_POINT('Origin',(1570.,942.,18.));
#15574=CARTESIAN_POINT('',(1276.75,942.,18.));
#15575=CARTESIAN_POINT('Origin',(1256.,942.,18.));
#15576=CARTESIAN_POINT('',(962.75,942.,18.));
#15577=CARTESIAN_POINT('Origin',(942.,942.,18.));
#15578=CARTESIAN_POINT('',(648.75,942.,18.));
#15579=CARTESIAN_POINT('Origin',(628.,942.,18.));
#15580=CARTESIAN_POINT('',(334.75,942.,18.));
#15581=CARTESIAN_POINT('Origin',(314.,942.,18.));
#15582=CARTESIAN_POINT('',(2375.75,785.,18.));
#15583=CARTESIAN_POINT('Origin',(2355.,785.,18.));
#15584=CARTESIAN_POINT('',(2375.75,471.,18.));
#15585=CARTESIAN_POINT('Origin',(2355.,471.,18.));
#15586=CARTESIAN_POINT('',(2375.75,157.,18.));
#15587=CARTESIAN_POINT('Origin',(2355.,157.,18.));
#15588=CARTESIAN_POINT('',(2218.75,628.,18.));
#15589=CARTESIAN_POINT('Origin',(2198.,628.,18.));
#15590=CARTESIAN_POINT('',(2218.75,314.,18.));
#15591=CARTESIAN_POINT('Origin',(2198.,314.,18.));
#15592=CARTESIAN_POINT('',(2061.75,785.,18.));
#15593=CARTESIAN_POINT('Origin',(2041.,785.,18.));
#15594=CARTESIAN_POINT('',(2061.75,471.,18.));
#15595=CARTESIAN_POINT('Origin',(2041.,471.,18.));
#15596=CARTESIAN_POINT('',(2061.75,157.,18.));
#15597=CARTESIAN_POINT('Origin',(2041.,157.,18.));
#15598=CARTESIAN_POINT('',(1904.75,628.,18.));
#15599=CARTESIAN_POINT('Origin',(1884.,628.,18.));
#15600=CARTESIAN_POINT('',(1904.75,314.,18.));
#15601=CARTESIAN_POINT('Origin',(1884.,314.,18.));
#15602=CARTESIAN_POINT('',(1747.75,785.,18.));
#15603=CARTESIAN_POINT('Origin',(1727.,785.,18.));
#15604=CARTESIAN_POINT('',(1747.75,471.,18.));
#15605=CARTESIAN_POINT('Origin',(1727.,471.,18.));
#15606=CARTESIAN_POINT('',(1747.75,157.,18.));
#15607=CARTESIAN_POINT('Origin',(1727.,157.,18.));
#15608=CARTESIAN_POINT('',(1590.75,628.,18.));
#15609=CARTESIAN_POINT('Origin',(1570.,628.,18.));
#15610=CARTESIAN_POINT('',(1590.75,314.,18.));
#15611=CARTESIAN_POINT('Origin',(1570.,314.,18.));
#15612=CARTESIAN_POINT('',(1433.75,785.,18.));
#15613=CARTESIAN_POINT('Origin',(1413.,785.,18.));
#15614=CARTESIAN_POINT('',(1433.75,471.,18.));
#15615=CARTESIAN_POINT('Origin',(1413.,471.,18.));
#15616=CARTESIAN_POINT('',(1433.75,157.,18.));
#15617=CARTESIAN_POINT('Origin',(1413.,157.,18.));
#15618=CARTESIAN_POINT('',(1276.75,628.,18.));
#15619=CARTESIAN_POINT('Origin',(1256.,628.,18.));
#15620=CARTESIAN_POINT('',(1276.75,314.,18.));
#15621=CARTESIAN_POINT('Origin',(1256.,314.,18.));
#15622=CARTESIAN_POINT('',(1119.75,157.,18.));
#15623=CARTESIAN_POINT('Origin',(1099.,157.,18.));
#15624=CARTESIAN_POINT('',(1119.75,471.,18.));
#15625=CARTESIAN_POINT('Origin',(1099.,471.,18.));
#15626=CARTESIAN_POINT('',(1119.75,785.,18.));
#15627=CARTESIAN_POINT('Origin',(1099.,785.,18.));
#15628=CARTESIAN_POINT('',(962.75,628.,18.));
#15629=CARTESIAN_POINT('Origin',(942.,628.,18.));
#15630=CARTESIAN_POINT('',(962.75,314.,18.));
#15631=CARTESIAN_POINT('Origin',(942.,314.,18.));
#15632=CARTESIAN_POINT('',(805.75,785.,18.));
#15633=CARTESIAN_POINT('Origin',(785.,785.,18.));
#15634=CARTESIAN_POINT('',(805.75,471.,18.));
#15635=CARTESIAN_POINT('Origin',(785.,471.,18.));
#15636=CARTESIAN_POINT('',(805.75,157.,18.));
#15637=CARTESIAN_POINT('Origin',(785.,157.,18.));
#15638=CARTESIAN_POINT('',(648.75,314.,18.));
#15639=CARTESIAN_POINT('Origin',(628.,314.,18.));
#15640=CARTESIAN_POINT('',(648.75,628.,18.));
#15641=CARTESIAN_POINT('Origin',(628.,628.,18.));
#15642=CARTESIAN_POINT('',(491.75,785.,18.));
#15643=CARTESIAN_POINT('Origin',(471.,785.,18.));
#15644=CARTESIAN_POINT('',(491.75,471.,18.));
#15645=CARTESIAN_POINT('Origin',(471.,471.,18.));
#15646=CARTESIAN_POINT('',(491.75,157.,18.));
#15647=CARTESIAN_POINT('Origin',(471.,157.,18.));
#15648=CARTESIAN_POINT('',(334.75,314.,18.));
#15649=CARTESIAN_POINT('Origin',(314.,314.,18.));
#15650=CARTESIAN_POINT('',(334.75,628.,18.));
#15651=CARTESIAN_POINT('Origin',(314.,628.,18.));
#15652=CARTESIAN_POINT('',(177.75,785.,18.));
#15653=CARTESIAN_POINT('Origin',(157.,785.,18.));
#15654=CARTESIAN_POINT('',(177.75,471.,18.));
#15655=CARTESIAN_POINT('Origin',(157.,471.,18.));
#15656=CARTESIAN_POINT('',(177.75,157.,18.));
#15657=CARTESIAN_POINT('Origin',(157.,157.,18.));
#15658=CARTESIAN_POINT('',(465.75,26.,18.));
#15659=CARTESIAN_POINT('Origin',(471.,26.,18.));
#15660=CARTESIAN_POINT('',(1093.75,26.0000000000001,18.));
#15661=CARTESIAN_POINT('Origin',(1099.,26.0000000000001,18.));
#15662=CARTESIAN_POINT('',(1721.75,26.0000000000001,18.));
#15663=CARTESIAN_POINT('Origin',(1727.,26.0000000000001,18.));
#15664=CARTESIAN_POINT('',(2349.75,26.0000000000002,18.));
#15665=CARTESIAN_POINT('Origin',(2355.,26.0000000000002,18.));
#15666=CARTESIAN_POINT('',(2480.75,628.,18.));
#15667=CARTESIAN_POINT('Origin',(2486.,628.,18.));
#15668=CARTESIAN_POINT('',(2349.75,1230.,18.));
#15669=CARTESIAN_POINT('Origin',(2355.,1230.,18.));
#15670=CARTESIAN_POINT('',(1721.75,1230.,18.));
#15671=CARTESIAN_POINT('Origin',(1727.,1230.,18.));
#15672=CARTESIAN_POINT('',(1093.75,1230.,18.));
#15673=CARTESIAN_POINT('Origin',(1099.,1230.,18.));
#15674=CARTESIAN_POINT('',(465.75,1230.,18.));
#15675=CARTESIAN_POINT('Origin',(471.,1230.,18.));
#15676=CARTESIAN_POINT('',(20.7499999999998,942.,18.));
#15677=CARTESIAN_POINT('Origin',(25.9999999999998,942.,18.));
#15678=CARTESIAN_POINT('',(20.75,314.,18.));
#15679=CARTESIAN_POINT('Origin',(26.,314.,18.));
#15680=CARTESIAN_POINT('',(20.75,471.,18.));
#15681=CARTESIAN_POINT('Origin',(26.,471.,18.));
#15682=CARTESIAN_POINT('',(20.7499999999998,1099.,18.));
#15683=CARTESIAN_POINT('Origin',(25.9999999999998,1099.,18.));
#15684=CARTESIAN_POINT('',(622.75,1230.,18.));
#15685=CARTESIAN_POINT('Origin',(628.,1230.,18.));
#15686=CARTESIAN_POINT('',(1250.75,1230.,18.));
#15687=CARTESIAN_POINT('Origin',(1256.,1230.,18.));
#15688=CARTESIAN_POINT('',(1878.75,1230.,18.));
#15689=CARTESIAN_POINT('Origin',(1884.,1230.,18.));
#15690=CARTESIAN_POINT('',(2480.75,1099.,18.));
#15691=CARTESIAN_POINT('Origin',(2486.,1099.,18.));
#15692=CARTESIAN_POINT('',(2480.75,471.,18.));
#15693=CARTESIAN_POINT('Origin',(2486.,471.,18.));
#15694=CARTESIAN_POINT('',(2192.75,26.0000000000002,18.));
#15695=CARTESIAN_POINT('Origin',(2198.,26.0000000000002,18.));
#15696=CARTESIAN_POINT('',(1564.75,26.0000000000001,18.));
#15697=CARTESIAN_POINT('Origin',(1570.,26.0000000000001,18.));
#15698=CARTESIAN_POINT('',(936.75,26.,18.));
#15699=CARTESIAN_POINT('Origin',(942.,26.,18.));
#15700=CARTESIAN_POINT('',(308.75,26.,18.));
#15701=CARTESIAN_POINT('Origin',(314.,26.,18.));
#15702=CARTESIAN_POINT('',(622.75,26.,18.));
#15703=CARTESIAN_POINT('Origin',(628.,26.,18.));
#15704=CARTESIAN_POINT('',(1250.75,26.0000000000001,18.));
#15705=CARTESIAN_POINT('Origin',(1256.,26.0000000000001,18.));
#15706=CARTESIAN_POINT('',(1878.75,26.0000000000002,18.));
#15707=CARTESIAN_POINT('Origin',(1884.,26.0000000000002,18.));
#15708=CARTESIAN_POINT('',(2480.75,157.,18.));
#15709=CARTESIAN_POINT('Origin',(2486.,157.,18.));
#15710=CARTESIAN_POINT('',(2480.75,785.,18.));
#15711=CARTESIAN_POINT('Origin',(2486.,785.,18.));
#15712=CARTESIAN_POINT('',(2192.75,1230.,18.));
#15713=CARTESIAN_POINT('Origin',(2198.,1230.,18.));
#15714=CARTESIAN_POINT('',(1564.75,1230.,18.));
#15715=CARTESIAN_POINT('Origin',(1570.,1230.,18.));
#15716=CARTESIAN_POINT('',(936.75,1230.,18.));
#15717=CARTESIAN_POINT('Origin',(942.,1230.,18.));
#15718=CARTESIAN_POINT('',(308.75,1230.,18.));
#15719=CARTESIAN_POINT('Origin',(314.,1230.,18.));
#15720=CARTESIAN_POINT('',(20.7499999999999,785.,18.));
#15721=CARTESIAN_POINT('Origin',(25.9999999999999,785.,18.));
#15722=CARTESIAN_POINT('',(20.75,157.,18.));
#15723=CARTESIAN_POINT('Origin',(26.,157.,18.));
#15724=CARTESIAN_POINT('',(20.7499999999999,628.,18.));
#15725=CARTESIAN_POINT('Origin',(25.9999999999999,628.,18.));
#15726=CARTESIAN_POINT('',(151.75,1230.,18.));
#15727=CARTESIAN_POINT('Origin',(157.,1230.,18.));
#15728=CARTESIAN_POINT('',(779.75,1230.,18.));
#15729=CARTESIAN_POINT('Origin',(785.,1230.,18.));
#15730=CARTESIAN_POINT('',(1407.75,1230.,18.));
#15731=CARTESIAN_POINT('Origin',(1413.,1230.,18.));
#15732=CARTESIAN_POINT('',(2035.75,1230.,18.));
#15733=CARTESIAN_POINT('Origin',(2041.,1230.,18.));
#15734=CARTESIAN_POINT('',(2480.75,942.,18.));
#15735=CARTESIAN_POINT('Origin',(2486.,942.,18.));
#15736=CARTESIAN_POINT('',(2480.75,314.,18.));
#15737=CARTESIAN_POINT('Origin',(2486.,314.,18.));
#15738=CARTESIAN_POINT('',(2035.75,26.0000000000002,18.));
#15739=CARTESIAN_POINT('Origin',(2041.,26.0000000000002,18.));
#15740=CARTESIAN_POINT('',(1407.75,26.0000000000001,18.));
#15741=CARTESIAN_POINT('Origin',(1413.,26.0000000000001,18.));
#15742=CARTESIAN_POINT('',(779.75,26.,18.));
#15743=CARTESIAN_POINT('Origin',(785.,26.,18.));
#15744=CARTESIAN_POINT('',(151.75,25.9999999999999,18.));
#15745=CARTESIAN_POINT('Origin',(157.,25.9999999999999,18.));
#15746=CARTESIAN_POINT('',(177.75,314.,18.));
#15747=CARTESIAN_POINT('Origin',(157.,314.,18.));
#15748=CARTESIAN_POINT('',(177.75,628.,18.));
#15749=CARTESIAN_POINT('Origin',(157.,628.,18.));
#15750=CARTESIAN_POINT('',(334.75,785.,18.));
#15751=CARTESIAN_POINT('Origin',(314.,785.,18.));
#15752=CARTESIAN_POINT('',(334.75,471.,18.));
#15753=CARTESIAN_POINT('Origin',(314.,471.,18.));
#15754=CARTESIAN_POINT('',(334.75,157.,18.));
#15755=CARTESIAN_POINT('Origin',(314.,157.,18.));
#15756=CARTESIAN_POINT('',(491.75,314.,18.));
#15757=CARTESIAN_POINT('Origin',(471.,314.,18.));
#15758=CARTESIAN_POINT('',(491.75,628.,18.));
#15759=CARTESIAN_POINT('Origin',(471.,628.,18.));
#15760=CARTESIAN_POINT('',(648.75,785.,18.));
#15761=CARTESIAN_POINT('Origin',(628.,785.,18.));
#15762=CARTESIAN_POINT('',(648.75,471.,18.));
#15763=CARTESIAN_POINT('Origin',(628.,471.,18.));
#15764=CARTESIAN_POINT('',(648.75,157.,18.));
#15765=CARTESIAN_POINT('Origin',(628.,157.,18.));
#15766=CARTESIAN_POINT('',(805.75,314.,18.));
#15767=CARTESIAN_POINT('Origin',(785.,314.,18.));
#15768=CARTESIAN_POINT('',(805.75,628.,18.));
#15769=CARTESIAN_POINT('Origin',(785.,628.,18.));
#15770=CARTESIAN_POINT('',(962.75,157.,18.));
#15771=CARTESIAN_POINT('Origin',(942.,157.,18.));
#15772=CARTESIAN_POINT('',(962.75,471.,18.));
#15773=CARTESIAN_POINT('Origin',(942.,471.,18.));
#15774=CARTESIAN_POINT('',(962.75,785.,18.));
#15775=CARTESIAN_POINT('Origin',(942.,785.,18.));
#15776=CARTESIAN_POINT('',(1119.75,628.,18.));
#15777=CARTESIAN_POINT('Origin',(1099.,628.,18.));
#15778=CARTESIAN_POINT('',(1119.75,314.,18.));
#15779=CARTESIAN_POINT('Origin',(1099.,314.,18.));
#15780=CARTESIAN_POINT('',(1276.75,157.,18.));
#15781=CARTESIAN_POINT('Origin',(1256.,157.,18.));
#15782=CARTESIAN_POINT('',(1276.75,471.,18.));
#15783=CARTESIAN_POINT('Origin',(1256.,471.,18.));
#15784=CARTESIAN_POINT('',(1276.75,785.,18.));
#15785=CARTESIAN_POINT('Origin',(1256.,785.,18.));
#15786=CARTESIAN_POINT('',(1433.75,314.,18.));
#15787=CARTESIAN_POINT('Origin',(1413.,314.,18.));
#15788=CARTESIAN_POINT('',(1433.75,628.,18.));
#15789=CARTESIAN_POINT('Origin',(1413.,628.,18.));
#15790=CARTESIAN_POINT('',(1590.75,157.,18.));
#15791=CARTESIAN_POINT('Origin',(1570.,157.,18.));
#15792=CARTESIAN_POINT('',(1590.75,471.,18.));
#15793=CARTESIAN_POINT('Origin',(1570.,471.,18.));
#15794=CARTESIAN_POINT('',(1590.75,785.,18.));
#15795=CARTESIAN_POINT('Origin',(1570.,785.,18.));
#15796=CARTESIAN_POINT('',(1747.75,314.,18.));
#15797=CARTESIAN_POINT('Origin',(1727.,314.,18.));
#15798=CARTESIAN_POINT('',(1747.75,628.,18.));
#15799=CARTESIAN_POINT('Origin',(1727.,628.,18.));
#15800=CARTESIAN_POINT('',(1904.75,157.,18.));
#15801=CARTESIAN_POINT('Origin',(1884.,157.,18.));
#15802=CARTESIAN_POINT('',(1904.75,471.,18.));
#15803=CARTESIAN_POINT('Origin',(1884.,471.,18.));
#15804=CARTESIAN_POINT('',(1904.75,785.,18.));
#15805=CARTESIAN_POINT('Origin',(1884.,785.,18.));
#15806=CARTESIAN_POINT('',(2061.75,314.,18.));
#15807=CARTESIAN_POINT('Origin',(2041.,314.,18.));
#15808=CARTESIAN_POINT('',(2061.75,628.,18.));
#15809=CARTESIAN_POINT('Origin',(2041.,628.,18.));
#15810=CARTESIAN_POINT('',(2218.75,157.,18.));
#15811=CARTESIAN_POINT('Origin',(2198.,157.,18.));
#15812=CARTESIAN_POINT('',(2218.75,471.,18.));
#15813=CARTESIAN_POINT('Origin',(2198.,471.,18.));
#15814=CARTESIAN_POINT('',(2218.75,785.,18.));
#15815=CARTESIAN_POINT('Origin',(2198.,785.,18.));
#15816=CARTESIAN_POINT('',(2375.75,314.,18.));
#15817=CARTESIAN_POINT('Origin',(2355.,314.,18.));
#15818=CARTESIAN_POINT('',(2375.75,628.,18.));
#15819=CARTESIAN_POINT('Origin',(2355.,628.,18.));
#15820=CARTESIAN_POINT('',(177.75,942.,18.));
#15821=CARTESIAN_POINT('Origin',(157.,942.,18.));
#15822=CARTESIAN_POINT('',(491.75,942.,18.));
#15823=CARTESIAN_POINT('Origin',(471.,942.,18.));
#15824=CARTESIAN_POINT('',(805.75,942.,18.));
#15825=CARTESIAN_POINT('Origin',(785.,942.,18.));
#15826=CARTESIAN_POINT('',(1119.75,942.,18.));
#15827=CARTESIAN_POINT('Origin',(1099.,942.,18.));
#15828=CARTESIAN_POINT('',(1433.75,942.,18.));
#15829=CARTESIAN_POINT('Origin',(1413.,942.,18.));
#15830=CARTESIAN_POINT('',(1747.75,942.,18.));
#15831=CARTESIAN_POINT('Origin',(1727.,942.,18.));
#15832=CARTESIAN_POINT('',(2061.75,942.,18.));
#15833=CARTESIAN_POINT('Origin',(2041.,942.,18.));
#15834=CARTESIAN_POINT('',(2375.75,942.,18.));
#15835=CARTESIAN_POINT('Origin',(2355.,942.,18.));
#15836=CARTESIAN_POINT('',(2218.75,1099.,18.));
#15837=CARTESIAN_POINT('Origin',(2198.,1099.,18.));
#15838=CARTESIAN_POINT('',(1904.75,1099.,18.));
#15839=CARTESIAN_POINT('Origin',(1884.,1099.,18.));
#15840=CARTESIAN_POINT('',(1590.75,1099.,18.));
#15841=CARTESIAN_POINT('Origin',(1570.,1099.,18.));
#15842=CARTESIAN_POINT('',(1276.75,1099.,18.));
#15843=CARTESIAN_POINT('Origin',(1256.,1099.,18.));
#15844=CARTESIAN_POINT('',(962.75,1099.,18.));
#15845=CARTESIAN_POINT('Origin',(942.,1099.,18.));
#15846=CARTESIAN_POINT('',(648.75,1099.,18.));
#15847=CARTESIAN_POINT('Origin',(628.,1099.,18.));
#15848=CARTESIAN_POINT('',(334.75,1099.,18.));
#15849=CARTESIAN_POINT('Origin',(314.,1099.,18.));
#15850=CARTESIAN_POINT('Origin',(2355.,1099.,2.875));
#15851=CARTESIAN_POINT('',(2340.,1099.,5.75));
#15852=CARTESIAN_POINT('',(2337.125,1099.,2.875));
#15853=CARTESIAN_POINT('Origin',(2355.,1099.,5.75));
#15854=CARTESIAN_POINT('Origin',(2355.,1099.,18.));
#15855=CARTESIAN_POINT('',(2370.,1099.,12.25));
#15856=CARTESIAN_POINT('',(2340.,1099.,12.25));
#15857=CARTESIAN_POINT('Origin',(2355.,1099.,12.25));
#15858=CARTESIAN_POINT('Origin',(2355.,1099.,12.25));
#15859=CARTESIAN_POINT('',(2340.,1099.,18.));
#15860=CARTESIAN_POINT('Origin',(2198.,1099.,2.875));
#15861=CARTESIAN_POINT('',(2183.,1099.,5.75));
#15862=CARTESIAN_POINT('',(2180.125,1099.,2.875));
#15863=CARTESIAN_POINT('Origin',(2198.,1099.,5.75));
#15864=CARTESIAN_POINT('Origin',(2198.,1099.,18.));
#15865=CARTESIAN_POINT('',(2213.,1099.,12.25));
#15866=CARTESIAN_POINT('',(2183.,1099.,12.25));
#15867=CARTESIAN_POINT('Origin',(2198.,1099.,12.25));
#15868=CARTESIAN_POINT('Origin',(2198.,1099.,12.25));
#15869=CARTESIAN_POINT('',(2183.,1099.,18.));
#15870=CARTESIAN_POINT('Origin',(2041.,1099.,2.875));
#15871=CARTESIAN_POINT('',(2026.,1099.,5.75));
#15872=CARTESIAN_POINT('',(2023.125,1099.,2.875));
#15873=CARTESIAN_POINT('Origin',(2041.,1099.,5.75));
#15874=CARTESIAN_POINT('Origin',(2041.,1099.,18.));
#15875=CARTESIAN_POINT('',(2056.,1099.,12.25));
#15876=CARTESIAN_POINT('',(2026.,1099.,12.25));
#15877=CARTESIAN_POINT('Origin',(2041.,1099.,12.25));
#15878=CARTESIAN_POINT('Origin',(2041.,1099.,12.25));
#15879=CARTESIAN_POINT('',(2026.,1099.,18.));
#15880=CARTESIAN_POINT('Origin',(1884.,1099.,2.875));
#15881=CARTESIAN_POINT('',(1869.,1099.,5.75));
#15882=CARTESIAN_POINT('',(1866.125,1099.,2.875));
#15883=CARTESIAN_POINT('Origin',(1884.,1099.,5.75));
#15884=CARTESIAN_POINT('Origin',(1884.,1099.,18.));
#15885=CARTESIAN_POINT('',(1899.,1099.,12.25));
#15886=CARTESIAN_POINT('',(1869.,1099.,12.25));
#15887=CARTESIAN_POINT('Origin',(1884.,1099.,12.25));
#15888=CARTESIAN_POINT('Origin',(1884.,1099.,12.25));
#15889=CARTESIAN_POINT('',(1869.,1099.,18.));
#15890=CARTESIAN_POINT('Origin',(1727.,1099.,2.875));
#15891=CARTESIAN_POINT('',(1712.,1099.,5.75));
#15892=CARTESIAN_POINT('',(1709.125,1099.,2.875));
#15893=CARTESIAN_POINT('Origin',(1727.,1099.,5.75));
#15894=CARTESIAN_POINT('Origin',(1727.,1099.,18.));
#15895=CARTESIAN_POINT('',(1742.,1099.,12.25));
#15896=CARTESIAN_POINT('',(1712.,1099.,12.25));
#15897=CARTESIAN_POINT('Origin',(1727.,1099.,12.25));
#15898=CARTESIAN_POINT('Origin',(1727.,1099.,12.25));
#15899=CARTESIAN_POINT('',(1712.,1099.,18.));
#15900=CARTESIAN_POINT('Origin',(1570.,1099.,2.875));
#15901=CARTESIAN_POINT('',(1555.,1099.,5.75));
#15902=CARTESIAN_POINT('',(1552.125,1099.,2.875));
#15903=CARTESIAN_POINT('Origin',(1570.,1099.,5.75));
#15904=CARTESIAN_POINT('Origin',(1570.,1099.,18.));
#15905=CARTESIAN_POINT('',(1585.,1099.,12.25));
#15906=CARTESIAN_POINT('',(1555.,1099.,12.25));
#15907=CARTESIAN_POINT('Origin',(1570.,1099.,12.25));
#15908=CARTESIAN_POINT('Origin',(1570.,1099.,12.25));
#15909=CARTESIAN_POINT('',(1555.,1099.,18.));
#15910=CARTESIAN_POINT('Origin',(1413.,1099.,2.875));
#15911=CARTESIAN_POINT('',(1398.,1099.,5.75));
#15912=CARTESIAN_POINT('',(1395.125,1099.,2.875));
#15913=CARTESIAN_POINT('Origin',(1413.,1099.,5.75));
#15914=CARTESIAN_POINT('Origin',(1413.,1099.,18.));
#15915=CARTESIAN_POINT('',(1428.,1099.,12.25));
#15916=CARTESIAN_POINT('',(1398.,1099.,12.25));
#15917=CARTESIAN_POINT('Origin',(1413.,1099.,12.25));
#15918=CARTESIAN_POINT('Origin',(1413.,1099.,12.25));
#15919=CARTESIAN_POINT('',(1398.,1099.,18.));
#15920=CARTESIAN_POINT('Origin',(1256.,1099.,2.875));
#15921=CARTESIAN_POINT('',(1241.,1099.,5.75));
#15922=CARTESIAN_POINT('',(1238.125,1099.,2.875));
#15923=CARTESIAN_POINT('Origin',(1256.,1099.,5.75));
#15924=CARTESIAN_POINT('Origin',(1256.,1099.,18.));
#15925=CARTESIAN_POINT('',(1271.,1099.,12.25));
#15926=CARTESIAN_POINT('',(1241.,1099.,12.25));
#15927=CARTESIAN_POINT('Origin',(1256.,1099.,12.25));
#15928=CARTESIAN_POINT('Origin',(1256.,1099.,12.25));
#15929=CARTESIAN_POINT('',(1241.,1099.,18.));
#15930=CARTESIAN_POINT('Origin',(1099.,1099.,2.875));
#15931=CARTESIAN_POINT('',(1084.,1099.,5.75));
#15932=CARTESIAN_POINT('',(1081.125,1099.,2.875));
#15933=CARTESIAN_POINT('Origin',(1099.,1099.,5.75));
#15934=CARTESIAN_POINT('Origin',(1099.,1099.,18.));
#15935=CARTESIAN_POINT('',(1114.,1099.,12.25));
#15936=CARTESIAN_POINT('',(1084.,1099.,12.25));
#15937=CARTESIAN_POINT('Origin',(1099.,1099.,12.25));
#15938=CARTESIAN_POINT('Origin',(1099.,1099.,12.25));
#15939=CARTESIAN_POINT('',(1084.,1099.,18.));
#15940=CARTESIAN_POINT('Origin',(942.,1099.,2.875));
#15941=CARTESIAN_POINT('',(927.,1099.,5.75));
#15942=CARTESIAN_POINT('',(924.125,1099.,2.875));
#15943=CARTESIAN_POINT('Origin',(942.,1099.,5.75));
#15944=CARTESIAN_POINT('Origin',(942.,1099.,18.));
#15945=CARTESIAN_POINT('',(957.,1099.,12.25));
#15946=CARTESIAN_POINT('',(927.,1099.,12.25));
#15947=CARTESIAN_POINT('Origin',(942.,1099.,12.25));
#15948=CARTESIAN_POINT('Origin',(942.,1099.,12.25));
#15949=CARTESIAN_POINT('',(927.,1099.,18.));
#15950=CARTESIAN_POINT('Origin',(785.,1099.,2.875));
#15951=CARTESIAN_POINT('',(770.,1099.,5.75));
#15952=CARTESIAN_POINT('',(767.125,1099.,2.875));
#15953=CARTESIAN_POINT('Origin',(785.,1099.,5.75));
#15954=CARTESIAN_POINT('Origin',(785.,1099.,18.));
#15955=CARTESIAN_POINT('',(800.,1099.,12.25));
#15956=CARTESIAN_POINT('',(770.,1099.,12.25));
#15957=CARTESIAN_POINT('Origin',(785.,1099.,12.25));
#15958=CARTESIAN_POINT('Origin',(785.,1099.,12.25));
#15959=CARTESIAN_POINT('',(770.,1099.,18.));
#15960=CARTESIAN_POINT('Origin',(628.,1099.,2.875));
#15961=CARTESIAN_POINT('',(613.,1099.,5.75));
#15962=CARTESIAN_POINT('',(610.125,1099.,2.875));
#15963=CARTESIAN_POINT('Origin',(628.,1099.,5.75));
#15964=CARTESIAN_POINT('Origin',(628.,1099.,18.));
#15965=CARTESIAN_POINT('',(643.,1099.,12.25));
#15966=CARTESIAN_POINT('',(613.,1099.,12.25));
#15967=CARTESIAN_POINT('Origin',(628.,1099.,12.25));
#15968=CARTESIAN_POINT('Origin',(628.,1099.,12.25));
#15969=CARTESIAN_POINT('',(613.,1099.,18.));
#15970=CARTESIAN_POINT('Origin',(471.,1099.,2.875));
#15971=CARTESIAN_POINT('',(456.,1099.,5.75));
#15972=CARTESIAN_POINT('',(453.125,1099.,2.875));
#15973=CARTESIAN_POINT('Origin',(471.,1099.,5.75));
#15974=CARTESIAN_POINT('Origin',(471.,1099.,18.));
#15975=CARTESIAN_POINT('',(486.,1099.,12.25));
#15976=CARTESIAN_POINT('',(456.,1099.,12.25));
#15977=CARTESIAN_POINT('Origin',(471.,1099.,12.25));
#15978=CARTESIAN_POINT('Origin',(471.,1099.,12.25));
#15979=CARTESIAN_POINT('',(456.,1099.,18.));
#15980=CARTESIAN_POINT('Origin',(314.,1099.,2.875));
#15981=CARTESIAN_POINT('',(299.,1099.,5.75));
#15982=CARTESIAN_POINT('',(296.125,1099.,2.875));
#15983=CARTESIAN_POINT('Origin',(314.,1099.,5.75));
#15984=CARTESIAN_POINT('Origin',(314.,1099.,18.));
#15985=CARTESIAN_POINT('',(329.,1099.,12.25));
#15986=CARTESIAN_POINT('',(299.,1099.,12.25));
#15987=CARTESIAN_POINT('Origin',(314.,1099.,12.25));
#15988=CARTESIAN_POINT('Origin',(314.,1099.,12.25));
#15989=CARTESIAN_POINT('',(299.,1099.,18.));
#15990=CARTESIAN_POINT('Origin',(157.,1099.,2.875));
#15991=CARTESIAN_POINT('',(142.,1099.,5.75));
#15992=CARTESIAN_POINT('',(139.125,1099.,2.875));
#15993=CARTESIAN_POINT('Origin',(157.,1099.,5.75));
#15994=CARTESIAN_POINT('Origin',(157.,1099.,18.));
#15995=CARTESIAN_POINT('',(172.,1099.,12.25));
#15996=CARTESIAN_POINT('',(142.,1099.,12.25));
#15997=CARTESIAN_POINT('Origin',(157.,1099.,12.25));
#15998=CARTESIAN_POINT('Origin',(157.,1099.,12.25));
#15999=CARTESIAN_POINT('',(142.,1099.,18.));
#16000=CARTESIAN_POINT('Origin',(157.,942.,2.875));
#16001=CARTESIAN_POINT('',(142.,942.,5.75));
#16002=CARTESIAN_POINT('',(139.125,942.,2.875));
#16003=CARTESIAN_POINT('Origin',(157.,942.,5.75));
#16004=CARTESIAN_POINT('Origin',(157.,942.,18.));
#16005=CARTESIAN_POINT('',(172.,942.,12.25));
#16006=CARTESIAN_POINT('',(142.,942.,12.25));
#16007=CARTESIAN_POINT('Origin',(157.,942.,12.25));
#16008=CARTESIAN_POINT('Origin',(157.,942.,12.25));
#16009=CARTESIAN_POINT('',(142.,942.,18.));
#16010=CARTESIAN_POINT('Origin',(314.,942.,2.875));
#16011=CARTESIAN_POINT('',(299.,942.,5.75));
#16012=CARTESIAN_POINT('',(296.125,942.,2.875));
#16013=CARTESIAN_POINT('Origin',(314.,942.,5.75));
#16014=CARTESIAN_POINT('Origin',(314.,942.,18.));
#16015=CARTESIAN_POINT('',(329.,942.,12.25));
#16016=CARTESIAN_POINT('',(299.,942.,12.25));
#16017=CARTESIAN_POINT('Origin',(314.,942.,12.25));
#16018=CARTESIAN_POINT('Origin',(314.,942.,12.25));
#16019=CARTESIAN_POINT('',(299.,942.,18.));
#16020=CARTESIAN_POINT('Origin',(471.,942.,2.875));
#16021=CARTESIAN_POINT('',(456.,942.,5.75));
#16022=CARTESIAN_POINT('',(453.125,942.,2.875));
#16023=CARTESIAN_POINT('Origin',(471.,942.,5.75));
#16024=CARTESIAN_POINT('Origin',(471.,942.,18.));
#16025=CARTESIAN_POINT('',(486.,942.,12.25));
#16026=CARTESIAN_POINT('',(456.,942.,12.25));
#16027=CARTESIAN_POINT('Origin',(471.,942.,12.25));
#16028=CARTESIAN_POINT('Origin',(471.,942.,12.25));
#16029=CARTESIAN_POINT('',(456.,942.,18.));
#16030=CARTESIAN_POINT('Origin',(628.,942.,2.875));
#16031=CARTESIAN_POINT('',(613.,942.,5.75));
#16032=CARTESIAN_POINT('',(610.125,942.,2.875));
#16033=CARTESIAN_POINT('Origin',(628.,942.,5.75));
#16034=CARTESIAN_POINT('Origin',(628.,942.,18.));
#16035=CARTESIAN_POINT('',(643.,942.,12.25));
#16036=CARTESIAN_POINT('',(613.,942.,12.25));
#16037=CARTESIAN_POINT('Origin',(628.,942.,12.25));
#16038=CARTESIAN_POINT('Origin',(628.,942.,12.25));
#16039=CARTESIAN_POINT('',(613.,942.,18.));
#16040=CARTESIAN_POINT('Origin',(785.,942.,2.875));
#16041=CARTESIAN_POINT('',(770.,942.,5.75));
#16042=CARTESIAN_POINT('',(767.125,942.,2.875));
#16043=CARTESIAN_POINT('Origin',(785.,942.,5.75));
#16044=CARTESIAN_POINT('Origin',(785.,942.,18.));
#16045=CARTESIAN_POINT('',(800.,942.,12.25));
#16046=CARTESIAN_POINT('',(770.,942.,12.25));
#16047=CARTESIAN_POINT('Origin',(785.,942.,12.25));
#16048=CARTESIAN_POINT('Origin',(785.,942.,12.25));
#16049=CARTESIAN_POINT('',(770.,942.,18.));
#16050=CARTESIAN_POINT('Origin',(942.,942.,2.875));
#16051=CARTESIAN_POINT('',(927.,942.,5.75));
#16052=CARTESIAN_POINT('',(924.125,942.,2.875));
#16053=CARTESIAN_POINT('Origin',(942.,942.,5.75));
#16054=CARTESIAN_POINT('Origin',(942.,942.,18.));
#16055=CARTESIAN_POINT('',(957.,942.,12.25));
#16056=CARTESIAN_POINT('',(927.,942.,12.25));
#16057=CARTESIAN_POINT('Origin',(942.,942.,12.25));
#16058=CARTESIAN_POINT('Origin',(942.,942.,12.25));
#16059=CARTESIAN_POINT('',(927.,942.,18.));
#16060=CARTESIAN_POINT('Origin',(1099.,942.,2.875));
#16061=CARTESIAN_POINT('',(1084.,942.,5.75));
#16062=CARTESIAN_POINT('',(1081.125,942.,2.875));
#16063=CARTESIAN_POINT('Origin',(1099.,942.,5.75));
#16064=CARTESIAN_POINT('Origin',(1099.,942.,18.));
#16065=CARTESIAN_POINT('',(1114.,942.,12.25));
#16066=CARTESIAN_POINT('',(1084.,942.,12.25));
#16067=CARTESIAN_POINT('Origin',(1099.,942.,12.25));
#16068=CARTESIAN_POINT('Origin',(1099.,942.,12.25));
#16069=CARTESIAN_POINT('',(1084.,942.,18.));
#16070=CARTESIAN_POINT('Origin',(1256.,942.,2.875));
#16071=CARTESIAN_POINT('',(1241.,942.,5.75));
#16072=CARTESIAN_POINT('',(1238.125,942.,2.875));
#16073=CARTESIAN_POINT('Origin',(1256.,942.,5.75));
#16074=CARTESIAN_POINT('Origin',(1256.,942.,18.));
#16075=CARTESIAN_POINT('',(1271.,942.,12.25));
#16076=CARTESIAN_POINT('',(1241.,942.,12.25));
#16077=CARTESIAN_POINT('Origin',(1256.,942.,12.25));
#16078=CARTESIAN_POINT('Origin',(1256.,942.,12.25));
#16079=CARTESIAN_POINT('',(1241.,942.,18.));
#16080=CARTESIAN_POINT('Origin',(1413.,942.,2.875));
#16081=CARTESIAN_POINT('',(1398.,942.,5.75));
#16082=CARTESIAN_POINT('',(1395.125,942.,2.875));
#16083=CARTESIAN_POINT('Origin',(1413.,942.,5.75));
#16084=CARTESIAN_POINT('Origin',(1413.,942.,18.));
#16085=CARTESIAN_POINT('',(1428.,942.,12.25));
#16086=CARTESIAN_POINT('',(1398.,942.,12.25));
#16087=CARTESIAN_POINT('Origin',(1413.,942.,12.25));
#16088=CARTESIAN_POINT('Origin',(1413.,942.,12.25));
#16089=CARTESIAN_POINT('',(1398.,942.,18.));
#16090=CARTESIAN_POINT('Origin',(1570.,942.,2.875));
#16091=CARTESIAN_POINT('',(1555.,942.,5.75));
#16092=CARTESIAN_POINT('',(1552.125,942.,2.875));
#16093=CARTESIAN_POINT('Origin',(1570.,942.,5.75));
#16094=CARTESIAN_POINT('Origin',(1570.,942.,18.));
#16095=CARTESIAN_POINT('',(1585.,942.,12.25));
#16096=CARTESIAN_POINT('',(1555.,942.,12.25));
#16097=CARTESIAN_POINT('Origin',(1570.,942.,12.25));
#16098=CARTESIAN_POINT('Origin',(1570.,942.,12.25));
#16099=CARTESIAN_POINT('',(1555.,942.,18.));
#16100=CARTESIAN_POINT('Origin',(1727.,942.,2.875));
#16101=CARTESIAN_POINT('',(1712.,942.,5.75));
#16102=CARTESIAN_POINT('',(1709.125,942.,2.875));
#16103=CARTESIAN_POINT('Origin',(1727.,942.,5.75));
#16104=CARTESIAN_POINT('Origin',(1727.,942.,18.));
#16105=CARTESIAN_POINT('',(1742.,942.,12.25));
#16106=CARTESIAN_POINT('',(1712.,942.,12.25));
#16107=CARTESIAN_POINT('Origin',(1727.,942.,12.25));
#16108=CARTESIAN_POINT('Origin',(1727.,942.,12.25));
#16109=CARTESIAN_POINT('',(1712.,942.,18.));
#16110=CARTESIAN_POINT('Origin',(1884.,942.,2.875));
#16111=CARTESIAN_POINT('',(1869.,942.,5.75));
#16112=CARTESIAN_POINT('',(1866.125,942.,2.875));
#16113=CARTESIAN_POINT('Origin',(1884.,942.,5.75));
#16114=CARTESIAN_POINT('Origin',(1884.,942.,18.));
#16115=CARTESIAN_POINT('',(1899.,942.,12.25));
#16116=CARTESIAN_POINT('',(1869.,942.,12.25));
#16117=CARTESIAN_POINT('Origin',(1884.,942.,12.25));
#16118=CARTESIAN_POINT('Origin',(1884.,942.,12.25));
#16119=CARTESIAN_POINT('',(1869.,942.,18.));
#16120=CARTESIAN_POINT('Origin',(2041.,942.,2.875));
#16121=CARTESIAN_POINT('',(2026.,942.,5.75));
#16122=CARTESIAN_POINT('',(2023.125,942.,2.875));
#16123=CARTESIAN_POINT('Origin',(2041.,942.,5.75));
#16124=CARTESIAN_POINT('Origin',(2041.,942.,18.));
#16125=CARTESIAN_POINT('',(2056.,942.,12.25));
#16126=CARTESIAN_POINT('',(2026.,942.,12.25));
#16127=CARTESIAN_POINT('Origin',(2041.,942.,12.25));
#16128=CARTESIAN_POINT('Origin',(2041.,942.,12.25));
#16129=CARTESIAN_POINT('',(2026.,942.,18.));
#16130=CARTESIAN_POINT('Origin',(2198.,942.,2.875));
#16131=CARTESIAN_POINT('',(2183.,942.,5.75));
#16132=CARTESIAN_POINT('',(2180.125,942.,2.875));
#16133=CARTESIAN_POINT('Origin',(2198.,942.,5.75));
#16134=CARTESIAN_POINT('Origin',(2198.,942.,18.));
#16135=CARTESIAN_POINT('',(2213.,942.,12.25));
#16136=CARTESIAN_POINT('',(2183.,942.,12.25));
#16137=CARTESIAN_POINT('Origin',(2198.,942.,12.25));
#16138=CARTESIAN_POINT('Origin',(2198.,942.,12.25));
#16139=CARTESIAN_POINT('',(2183.,942.,18.));
#16140=CARTESIAN_POINT('Origin',(2355.,942.,2.875));
#16141=CARTESIAN_POINT('',(2340.,942.,5.75));
#16142=CARTESIAN_POINT('',(2337.125,942.,2.875));
#16143=CARTESIAN_POINT('Origin',(2355.,942.,5.75));
#16144=CARTESIAN_POINT('Origin',(2355.,942.,18.));
#16145=CARTESIAN_POINT('',(2370.,942.,12.25));
#16146=CARTESIAN_POINT('',(2340.,942.,12.25));
#16147=CARTESIAN_POINT('Origin',(2355.,942.,12.25));
#16148=CARTESIAN_POINT('Origin',(2355.,942.,12.25));
#16149=CARTESIAN_POINT('',(2340.,942.,18.));
#16150=CARTESIAN_POINT('Origin',(157.,1099.,15.125));
#16151=CARTESIAN_POINT('',(174.875,1099.,15.125));
#16152=CARTESIAN_POINT('Origin',(314.,1099.,15.125));
#16153=CARTESIAN_POINT('',(331.875,1099.,15.125));
#16154=CARTESIAN_POINT('Origin',(471.,1099.,15.125));
#16155=CARTESIAN_POINT('',(488.875,1099.,15.125));
#16156=CARTESIAN_POINT('Origin',(628.,1099.,15.125));
#16157=CARTESIAN_POINT('',(645.875,1099.,15.125));
#16158=CARTESIAN_POINT('Origin',(785.,1099.,15.125));
#16159=CARTESIAN_POINT('',(802.875,1099.,15.125));
#16160=CARTESIAN_POINT('Origin',(942.,1099.,15.125));
#16161=CARTESIAN_POINT('',(959.875,1099.,15.125));
#16162=CARTESIAN_POINT('Origin',(1099.,1099.,15.125));
#16163=CARTESIAN_POINT('',(1116.875,1099.,15.125));
#16164=CARTESIAN_POINT('Origin',(1256.,1099.,15.125));
#16165=CARTESIAN_POINT('',(1273.875,1099.,15.125));
#16166=CARTESIAN_POINT('Origin',(1413.,1099.,15.125));
#16167=CARTESIAN_POINT('',(1430.875,1099.,15.125));
#16168=CARTESIAN_POINT('Origin',(1570.,1099.,15.125));
#16169=CARTESIAN_POINT('',(1587.875,1099.,15.125));
#16170=CARTESIAN_POINT('Origin',(1727.,1099.,15.125));
#16171=CARTESIAN_POINT('',(1744.875,1099.,15.125));
#16172=CARTESIAN_POINT('Origin',(1884.,1099.,15.125));
#16173=CARTESIAN_POINT('',(1901.875,1099.,15.125));
#16174=CARTESIAN_POINT('Origin',(2041.,1099.,15.125));
#16175=CARTESIAN_POINT('',(2058.875,1099.,15.125));
#16176=CARTESIAN_POINT('Origin',(2198.,1099.,15.125));
#16177=CARTESIAN_POINT('',(2215.875,1099.,15.125));
#16178=CARTESIAN_POINT('Origin',(2355.,1099.,15.125));
#16179=CARTESIAN_POINT('',(2372.875,1099.,15.125));
#16180=CARTESIAN_POINT('Origin',(2355.,942.,15.125));
#16181=CARTESIAN_POINT('',(2372.875,942.,15.125));
#16182=CARTESIAN_POINT('Origin',(2198.,942.,15.125));
#16183=CARTESIAN_POINT('',(2215.875,942.,15.125));
#16184=CARTESIAN_POINT('Origin',(2041.,942.,15.125));
#16185=CARTESIAN_POINT('',(2058.875,942.,15.125));
#16186=CARTESIAN_POINT('Origin',(1884.,942.,15.125));
#16187=CARTESIAN_POINT('',(1901.875,942.,15.125));
#16188=CARTESIAN_POINT('Origin',(1727.,942.,15.125));
#16189=CARTESIAN_POINT('',(1744.875,942.,15.125));
#16190=CARTESIAN_POINT('Origin',(1570.,942.,15.125));
#16191=CARTESIAN_POINT('',(1587.875,942.,15.125));
#16192=CARTESIAN_POINT('Origin',(1413.,942.,15.125));
#16193=CARTESIAN_POINT('',(1430.875,942.,15.125));
#16194=CARTESIAN_POINT('Origin',(1256.,942.,15.125));
#16195=CARTESIAN_POINT('',(1273.875,942.,15.125));
#16196=CARTESIAN_POINT('Origin',(1099.,942.,15.125));
#16197=CARTESIAN_POINT('',(1116.875,942.,15.125));
#16198=CARTESIAN_POINT('Origin',(942.,942.,15.125));
#16199=CARTESIAN_POINT('',(959.875,942.,15.125));
#16200=CARTESIAN_POINT('Origin',(785.,942.,15.125));
#16201=CARTESIAN_POINT('',(802.875,942.,15.125));
#16202=CARTESIAN_POINT('Origin',(628.,942.,15.125));
#16203=CARTESIAN_POINT('',(645.875,942.,15.125));
#16204=CARTESIAN_POINT('Origin',(471.,942.,15.125));
#16205=CARTESIAN_POINT('',(488.875,942.,15.125));
#16206=CARTESIAN_POINT('Origin',(314.,942.,15.125));
#16207=CARTESIAN_POINT('',(331.875,942.,15.125));
#16208=CARTESIAN_POINT('Origin',(157.,942.,15.125));
#16209=CARTESIAN_POINT('',(174.875,942.,15.125));
#16210=CARTESIAN_POINT('Origin',(2355.,785.,15.125));
#16211=CARTESIAN_POINT('',(2370.,785.,12.25));
#16212=CARTESIAN_POINT('',(2372.875,785.,15.125));
#16213=CARTESIAN_POINT('',(2340.,785.,12.25));
#16214=CARTESIAN_POINT('Origin',(2355.,785.,12.25));
#16215=CARTESIAN_POINT('Origin',(2355.,785.,12.25));
#16216=CARTESIAN_POINT('Origin',(2355.,785.,18.));
#16217=CARTESIAN_POINT('',(2340.,785.,5.75));
#16218=CARTESIAN_POINT('',(2340.,785.,18.));
#16219=CARTESIAN_POINT('Origin',(2355.,785.,5.75));
#16220=CARTESIAN_POINT('Origin',(2355.,628.,15.125));
#16221=CARTESIAN_POINT('',(2370.,628.,12.25));
#16222=CARTESIAN_POINT('',(2372.875,628.,15.125));
#16223=CARTESIAN_POINT('',(2340.,628.,12.25));
#16224=CARTESIAN_POINT('Origin',(2355.,628.,12.25));
#16225=CARTESIAN_POINT('Origin',(2355.,628.,12.25));
#16226=CARTESIAN_POINT('Origin',(2355.,628.,18.));
#16227=CARTESIAN_POINT('',(2340.,628.,5.75));
#16228=CARTESIAN_POINT('',(2340.,628.,18.));
#16229=CARTESIAN_POINT('Origin',(2355.,628.,5.75));
#16230=CARTESIAN_POINT('Origin',(2355.,471.,15.125));
#16231=CARTESIAN_POINT('',(2370.,471.,12.25));
#16232=CARTESIAN_POINT('',(2372.875,471.,15.125));
#16233=CARTESIAN_POINT('',(2340.,471.,12.25));
#16234=CARTESIAN_POINT('Origin',(2355.,471.,12.25));
#16235=CARTESIAN_POINT('Origin',(2355.,471.,12.25));
#16236=CARTESIAN_POINT('Origin',(2355.,471.,18.));
#16237=CARTESIAN_POINT('',(2340.,471.,5.75));
#16238=CARTESIAN_POINT('',(2340.,471.,18.));
#16239=CARTESIAN_POINT('Origin',(2355.,471.,5.75));
#16240=CARTESIAN_POINT('Origin',(2355.,314.,15.125));
#16241=CARTESIAN_POINT('',(2370.,314.,12.25));
#16242=CARTESIAN_POINT('',(2372.875,314.,15.125));
#16243=CARTESIAN_POINT('',(2340.,314.,12.25));
#16244=CARTESIAN_POINT('Origin',(2355.,314.,12.25));
#16245=CARTESIAN_POINT('Origin',(2355.,314.,12.25));
#16246=CARTESIAN_POINT('Origin',(2355.,314.,18.));
#16247=CARTESIAN_POINT('',(2340.,314.,5.75));
#16248=CARTESIAN_POINT('',(2340.,314.,18.));
#16249=CARTESIAN_POINT('Origin',(2355.,314.,5.75));
#16250=CARTESIAN_POINT('Origin',(2355.,157.,15.125));
#16251=CARTESIAN_POINT('',(2370.,157.,12.25));
#16252=CARTESIAN_POINT('',(2372.875,157.,15.125));
#16253=CARTESIAN_POINT('',(2340.,157.,12.25));
#16254=CARTESIAN_POINT('Origin',(2355.,157.,12.25));
#16255=CARTESIAN_POINT('Origin',(2355.,157.,12.25));
#16256=CARTESIAN_POINT('Origin',(2355.,157.,18.));
#16257=CARTESIAN_POINT('',(2340.,157.,5.75));
#16258=CARTESIAN_POINT('',(2340.,157.,18.));
#16259=CARTESIAN_POINT('Origin',(2355.,157.,5.75));
#16260=CARTESIAN_POINT('Origin',(2198.,785.,15.125));
#16261=CARTESIAN_POINT('',(2213.,785.,12.25));
#16262=CARTESIAN_POINT('',(2215.875,785.,15.125));
#16263=CARTESIAN_POINT('',(2183.,785.,12.25));
#16264=CARTESIAN_POINT('Origin',(2198.,785.,12.25));
#16265=CARTESIAN_POINT('Origin',(2198.,785.,12.25));
#16266=CARTESIAN_POINT('Origin',(2198.,785.,18.));
#16267=CARTESIAN_POINT('',(2183.,785.,5.75));
#16268=CARTESIAN_POINT('',(2183.,785.,18.));
#16269=CARTESIAN_POINT('Origin',(2198.,785.,5.75));
#16270=CARTESIAN_POINT('Origin',(2198.,628.,15.125));
#16271=CARTESIAN_POINT('',(2213.,628.,12.25));
#16272=CARTESIAN_POINT('',(2215.875,628.,15.125));
#16273=CARTESIAN_POINT('',(2183.,628.,12.25));
#16274=CARTESIAN_POINT('Origin',(2198.,628.,12.25));
#16275=CARTESIAN_POINT('Origin',(2198.,628.,12.25));
#16276=CARTESIAN_POINT('Origin',(2198.,628.,18.));
#16277=CARTESIAN_POINT('',(2183.,628.,5.75));
#16278=CARTESIAN_POINT('',(2183.,628.,18.));
#16279=CARTESIAN_POINT('Origin',(2198.,628.,5.75));
#16280=CARTESIAN_POINT('Origin',(2198.,471.,15.125));
#16281=CARTESIAN_POINT('',(2213.,471.,12.25));
#16282=CARTESIAN_POINT('',(2215.875,471.,15.125));
#16283=CARTESIAN_POINT('',(2183.,471.,12.25));
#16284=CARTESIAN_POINT('Origin',(2198.,471.,12.25));
#16285=CARTESIAN_POINT('Origin',(2198.,471.,12.25));
#16286=CARTESIAN_POINT('Origin',(2198.,471.,18.));
#16287=CARTESIAN_POINT('',(2183.,471.,5.75));
#16288=CARTESIAN_POINT('',(2183.,471.,18.));
#16289=CARTESIAN_POINT('Origin',(2198.,471.,5.75));
#16290=CARTESIAN_POINT('Origin',(2198.,314.,15.125));
#16291=CARTESIAN_POINT('',(2213.,314.,12.25));
#16292=CARTESIAN_POINT('',(2215.875,314.,15.125));
#16293=CARTESIAN_POINT('',(2183.,314.,12.25));
#16294=CARTESIAN_POINT('Origin',(2198.,314.,12.25));
#16295=CARTESIAN_POINT('Origin',(2198.,314.,12.25));
#16296=CARTESIAN_POINT('Origin',(2198.,314.,18.));
#16297=CARTESIAN_POINT('',(2183.,314.,5.75));
#16298=CARTESIAN_POINT('',(2183.,314.,18.));
#16299=CARTESIAN_POINT('Origin',(2198.,314.,5.75));
#16300=CARTESIAN_POINT('Origin',(2198.,157.,15.125));
#16301=CARTESIAN_POINT('',(2213.,157.,12.25));
#16302=CARTESIAN_POINT('',(2215.875,157.,15.125));
#16303=CARTESIAN_POINT('',(2183.,157.,12.25));
#16304=CARTESIAN_POINT('Origin',(2198.,157.,12.25));
#16305=CARTESIAN_POINT('Origin',(2198.,157.,12.25));
#16306=CARTESIAN_POINT('Origin',(2198.,157.,18.));
#16307=CARTESIAN_POINT('',(2183.,157.,5.75));
#16308=CARTESIAN_POINT('',(2183.,157.,18.));
#16309=CARTESIAN_POINT('Origin',(2198.,157.,5.75));
#16310=CARTESIAN_POINT('Origin',(2041.,785.,15.125));
#16311=CARTESIAN_POINT('',(2056.,785.,12.25));
#16312=CARTESIAN_POINT('',(2058.875,785.,15.125));
#16313=CARTESIAN_POINT('',(2026.,785.,12.25));
#16314=CARTESIAN_POINT('Origin',(2041.,785.,12.25));
#16315=CARTESIAN_POINT('Origin',(2041.,785.,12.25));
#16316=CARTESIAN_POINT('Origin',(2041.,785.,18.));
#16317=CARTESIAN_POINT('',(2026.,785.,5.75));
#16318=CARTESIAN_POINT('',(2026.,785.,18.));
#16319=CARTESIAN_POINT('Origin',(2041.,785.,5.75));
#16320=CARTESIAN_POINT('Origin',(2041.,628.,15.125));
#16321=CARTESIAN_POINT('',(2056.,628.,12.25));
#16322=CARTESIAN_POINT('',(2058.875,628.,15.125));
#16323=CARTESIAN_POINT('',(2026.,628.,12.25));
#16324=CARTESIAN_POINT('Origin',(2041.,628.,12.25));
#16325=CARTESIAN_POINT('Origin',(2041.,628.,12.25));
#16326=CARTESIAN_POINT('Origin',(2041.,628.,18.));
#16327=CARTESIAN_POINT('',(2026.,628.,5.75));
#16328=CARTESIAN_POINT('',(2026.,628.,18.));
#16329=CARTESIAN_POINT('Origin',(2041.,628.,5.75));
#16330=CARTESIAN_POINT('Origin',(2041.,471.,15.125));
#16331=CARTESIAN_POINT('',(2056.,471.,12.25));
#16332=CARTESIAN_POINT('',(2058.875,471.,15.125));
#16333=CARTESIAN_POINT('',(2026.,471.,12.25));
#16334=CARTESIAN_POINT('Origin',(2041.,471.,12.25));
#16335=CARTESIAN_POINT('Origin',(2041.,471.,12.25));
#16336=CARTESIAN_POINT('Origin',(2041.,471.,18.));
#16337=CARTESIAN_POINT('',(2026.,471.,5.75));
#16338=CARTESIAN_POINT('',(2026.,471.,18.));
#16339=CARTESIAN_POINT('Origin',(2041.,471.,5.75));
#16340=CARTESIAN_POINT('Origin',(2041.,314.,15.125));
#16341=CARTESIAN_POINT('',(2056.,314.,12.25));
#16342=CARTESIAN_POINT('',(2058.875,314.,15.125));
#16343=CARTESIAN_POINT('',(2026.,314.,12.25));
#16344=CARTESIAN_POINT('Origin',(2041.,314.,12.25));
#16345=CARTESIAN_POINT('Origin',(2041.,314.,12.25));
#16346=CARTESIAN_POINT('Origin',(2041.,314.,18.));
#16347=CARTESIAN_POINT('',(2026.,314.,5.75));
#16348=CARTESIAN_POINT('',(2026.,314.,18.));
#16349=CARTESIAN_POINT('Origin',(2041.,314.,5.75));
#16350=CARTESIAN_POINT('Origin',(2041.,157.,15.125));
#16351=CARTESIAN_POINT('',(2056.,157.,12.25));
#16352=CARTESIAN_POINT('',(2058.875,157.,15.125));
#16353=CARTESIAN_POINT('',(2026.,157.,12.25));
#16354=CARTESIAN_POINT('Origin',(2041.,157.,12.25));
#16355=CARTESIAN_POINT('Origin',(2041.,157.,12.25));
#16356=CARTESIAN_POINT('Origin',(2041.,157.,18.));
#16357=CARTESIAN_POINT('',(2026.,157.,5.75));
#16358=CARTESIAN_POINT('',(2026.,157.,18.));
#16359=CARTESIAN_POINT('Origin',(2041.,157.,5.75));
#16360=CARTESIAN_POINT('Origin',(1884.,785.,15.125));
#16361=CARTESIAN_POINT('',(1899.,785.,12.25));
#16362=CARTESIAN_POINT('',(1901.875,785.,15.125));
#16363=CARTESIAN_POINT('',(1869.,785.,12.25));
#16364=CARTESIAN_POINT('Origin',(1884.,785.,12.25));
#16365=CARTESIAN_POINT('Origin',(1884.,785.,12.25));
#16366=CARTESIAN_POINT('Origin',(1884.,785.,18.));
#16367=CARTESIAN_POINT('',(1869.,785.,5.75));
#16368=CARTESIAN_POINT('',(1869.,785.,18.));
#16369=CARTESIAN_POINT('Origin',(1884.,785.,5.75));
#16370=CARTESIAN_POINT('Origin',(1884.,628.,15.125));
#16371=CARTESIAN_POINT('',(1899.,628.,12.25));
#16372=CARTESIAN_POINT('',(1901.875,628.,15.125));
#16373=CARTESIAN_POINT('',(1869.,628.,12.25));
#16374=CARTESIAN_POINT('Origin',(1884.,628.,12.25));
#16375=CARTESIAN_POINT('Origin',(1884.,628.,12.25));
#16376=CARTESIAN_POINT('Origin',(1884.,628.,18.));
#16377=CARTESIAN_POINT('',(1869.,628.,5.75));
#16378=CARTESIAN_POINT('',(1869.,628.,18.));
#16379=CARTESIAN_POINT('Origin',(1884.,628.,5.75));
#16380=CARTESIAN_POINT('Origin',(1884.,471.,15.125));
#16381=CARTESIAN_POINT('',(1899.,471.,12.25));
#16382=CARTESIAN_POINT('',(1901.875,471.,15.125));
#16383=CARTESIAN_POINT('',(1869.,471.,12.25));
#16384=CARTESIAN_POINT('Origin',(1884.,471.,12.25));
#16385=CARTESIAN_POINT('Origin',(1884.,471.,12.25));
#16386=CARTESIAN_POINT('Origin',(1884.,471.,18.));
#16387=CARTESIAN_POINT('',(1869.,471.,5.75));
#16388=CARTESIAN_POINT('',(1869.,471.,18.));
#16389=CARTESIAN_POINT('Origin',(1884.,471.,5.75));
#16390=CARTESIAN_POINT('Origin',(1884.,314.,15.125));
#16391=CARTESIAN_POINT('',(1899.,314.,12.25));
#16392=CARTESIAN_POINT('',(1901.875,314.,15.125));
#16393=CARTESIAN_POINT('',(1869.,314.,12.25));
#16394=CARTESIAN_POINT('Origin',(1884.,314.,12.25));
#16395=CARTESIAN_POINT('Origin',(1884.,314.,12.25));
#16396=CARTESIAN_POINT('Origin',(1884.,314.,18.));
#16397=CARTESIAN_POINT('',(1869.,314.,5.75));
#16398=CARTESIAN_POINT('',(1869.,314.,18.));
#16399=CARTESIAN_POINT('Origin',(1884.,314.,5.75));
#16400=CARTESIAN_POINT('Origin',(1884.,157.,15.125));
#16401=CARTESIAN_POINT('',(1899.,157.,12.25));
#16402=CARTESIAN_POINT('',(1901.875,157.,15.125));
#16403=CARTESIAN_POINT('',(1869.,157.,12.25));
#16404=CARTESIAN_POINT('Origin',(1884.,157.,12.25));
#16405=CARTESIAN_POINT('Origin',(1884.,157.,12.25));
#16406=CARTESIAN_POINT('Origin',(1884.,157.,18.));
#16407=CARTESIAN_POINT('',(1869.,157.,5.75));
#16408=CARTESIAN_POINT('',(1869.,157.,18.));
#16409=CARTESIAN_POINT('Origin',(1884.,157.,5.75));
#16410=CARTESIAN_POINT('Origin',(1727.,785.,15.125));
#16411=CARTESIAN_POINT('',(1742.,785.,12.25));
#16412=CARTESIAN_POINT('',(1744.875,785.,15.125));
#16413=CARTESIAN_POINT('',(1712.,785.,12.25));
#16414=CARTESIAN_POINT('Origin',(1727.,785.,12.25));
#16415=CARTESIAN_POINT('Origin',(1727.,785.,12.25));
#16416=CARTESIAN_POINT('Origin',(1727.,785.,18.));
#16417=CARTESIAN_POINT('',(1712.,785.,5.75));
#16418=CARTESIAN_POINT('',(1712.,785.,18.));
#16419=CARTESIAN_POINT('Origin',(1727.,785.,5.75));
#16420=CARTESIAN_POINT('Origin',(1727.,628.,15.125));
#16421=CARTESIAN_POINT('',(1742.,628.,12.25));
#16422=CARTESIAN_POINT('',(1744.875,628.,15.125));
#16423=CARTESIAN_POINT('',(1712.,628.,12.25));
#16424=CARTESIAN_POINT('Origin',(1727.,628.,12.25));
#16425=CARTESIAN_POINT('Origin',(1727.,628.,12.25));
#16426=CARTESIAN_POINT('Origin',(1727.,628.,18.));
#16427=CARTESIAN_POINT('',(1712.,628.,5.75));
#16428=CARTESIAN_POINT('',(1712.,628.,18.));
#16429=CARTESIAN_POINT('Origin',(1727.,628.,5.75));
#16430=CARTESIAN_POINT('Origin',(1727.,471.,15.125));
#16431=CARTESIAN_POINT('',(1742.,471.,12.25));
#16432=CARTESIAN_POINT('',(1744.875,471.,15.125));
#16433=CARTESIAN_POINT('',(1712.,471.,12.25));
#16434=CARTESIAN_POINT('Origin',(1727.,471.,12.25));
#16435=CARTESIAN_POINT('Origin',(1727.,471.,12.25));
#16436=CARTESIAN_POINT('Origin',(1727.,471.,18.));
#16437=CARTESIAN_POINT('',(1712.,471.,5.75));
#16438=CARTESIAN_POINT('',(1712.,471.,18.));
#16439=CARTESIAN_POINT('Origin',(1727.,471.,5.75));
#16440=CARTESIAN_POINT('Origin',(1727.,314.,15.125));
#16441=CARTESIAN_POINT('',(1742.,314.,12.25));
#16442=CARTESIAN_POINT('',(1744.875,314.,15.125));
#16443=CARTESIAN_POINT('',(1712.,314.,12.25));
#16444=CARTESIAN_POINT('Origin',(1727.,314.,12.25));
#16445=CARTESIAN_POINT('Origin',(1727.,314.,12.25));
#16446=CARTESIAN_POINT('Origin',(1727.,314.,18.));
#16447=CARTESIAN_POINT('',(1712.,314.,5.75));
#16448=CARTESIAN_POINT('',(1712.,314.,18.));
#16449=CARTESIAN_POINT('Origin',(1727.,314.,5.75));
#16450=CARTESIAN_POINT('Origin',(1727.,157.,15.125));
#16451=CARTESIAN_POINT('',(1742.,157.,12.25));
#16452=CARTESIAN_POINT('',(1744.875,157.,15.125));
#16453=CARTESIAN_POINT('',(1712.,157.,12.25));
#16454=CARTESIAN_POINT('Origin',(1727.,157.,12.25));
#16455=CARTESIAN_POINT('Origin',(1727.,157.,12.25));
#16456=CARTESIAN_POINT('Origin',(1727.,157.,18.));
#16457=CARTESIAN_POINT('',(1712.,157.,5.75));
#16458=CARTESIAN_POINT('',(1712.,157.,18.));
#16459=CARTESIAN_POINT('Origin',(1727.,157.,5.75));
#16460=CARTESIAN_POINT('Origin',(1570.,785.,15.125));
#16461=CARTESIAN_POINT('',(1585.,785.,12.25));
#16462=CARTESIAN_POINT('',(1587.875,785.,15.125));
#16463=CARTESIAN_POINT('',(1555.,785.,12.25));
#16464=CARTESIAN_POINT('Origin',(1570.,785.,12.25));
#16465=CARTESIAN_POINT('Origin',(1570.,785.,12.25));
#16466=CARTESIAN_POINT('Origin',(1570.,785.,18.));
#16467=CARTESIAN_POINT('',(1555.,785.,5.75));
#16468=CARTESIAN_POINT('',(1555.,785.,18.));
#16469=CARTESIAN_POINT('Origin',(1570.,785.,5.75));
#16470=CARTESIAN_POINT('Origin',(1570.,628.,15.125));
#16471=CARTESIAN_POINT('',(1585.,628.,12.25));
#16472=CARTESIAN_POINT('',(1587.875,628.,15.125));
#16473=CARTESIAN_POINT('',(1555.,628.,12.25));
#16474=CARTESIAN_POINT('Origin',(1570.,628.,12.25));
#16475=CARTESIAN_POINT('Origin',(1570.,628.,12.25));
#16476=CARTESIAN_POINT('Origin',(1570.,628.,18.));
#16477=CARTESIAN_POINT('',(1555.,628.,5.75));
#16478=CARTESIAN_POINT('',(1555.,628.,18.));
#16479=CARTESIAN_POINT('Origin',(1570.,628.,5.75));
#16480=CARTESIAN_POINT('Origin',(1570.,471.,15.125));
#16481=CARTESIAN_POINT('',(1585.,471.,12.25));
#16482=CARTESIAN_POINT('',(1587.875,471.,15.125));
#16483=CARTESIAN_POINT('',(1555.,471.,12.25));
#16484=CARTESIAN_POINT('Origin',(1570.,471.,12.25));
#16485=CARTESIAN_POINT('Origin',(1570.,471.,12.25));
#16486=CARTESIAN_POINT('Origin',(1570.,471.,18.));
#16487=CARTESIAN_POINT('',(1555.,471.,5.75));
#16488=CARTESIAN_POINT('',(1555.,471.,18.));
#16489=CARTESIAN_POINT('Origin',(1570.,471.,5.75));
#16490=CARTESIAN_POINT('Origin',(1570.,314.,15.125));
#16491=CARTESIAN_POINT('',(1585.,314.,12.25));
#16492=CARTESIAN_POINT('',(1587.875,314.,15.125));
#16493=CARTESIAN_POINT('',(1555.,314.,12.25));
#16494=CARTESIAN_POINT('Origin',(1570.,314.,12.25));
#16495=CARTESIAN_POINT('Origin',(1570.,314.,12.25));
#16496=CARTESIAN_POINT('Origin',(1570.,314.,18.));
#16497=CARTESIAN_POINT('',(1555.,314.,5.75));
#16498=CARTESIAN_POINT('',(1555.,314.,18.));
#16499=CARTESIAN_POINT('Origin',(1570.,314.,5.75));
#16500=CARTESIAN_POINT('Origin',(1570.,157.,15.125));
#16501=CARTESIAN_POINT('',(1585.,157.,12.25));
#16502=CARTESIAN_POINT('',(1587.875,157.,15.125));
#16503=CARTESIAN_POINT('',(1555.,157.,12.25));
#16504=CARTESIAN_POINT('Origin',(1570.,157.,12.25));
#16505=CARTESIAN_POINT('Origin',(1570.,157.,12.25));
#16506=CARTESIAN_POINT('Origin',(1570.,157.,18.));
#16507=CARTESIAN_POINT('',(1555.,157.,5.75));
#16508=CARTESIAN_POINT('',(1555.,157.,18.));
#16509=CARTESIAN_POINT('Origin',(1570.,157.,5.75));
#16510=CARTESIAN_POINT('Origin',(1413.,785.,15.125));
#16511=CARTESIAN_POINT('',(1428.,785.,12.25));
#16512=CARTESIAN_POINT('',(1430.875,785.,15.125));
#16513=CARTESIAN_POINT('',(1398.,785.,12.25));
#16514=CARTESIAN_POINT('Origin',(1413.,785.,12.25));
#16515=CARTESIAN_POINT('Origin',(1413.,785.,12.25));
#16516=CARTESIAN_POINT('Origin',(1413.,785.,18.));
#16517=CARTESIAN_POINT('',(1398.,785.,5.75));
#16518=CARTESIAN_POINT('',(1398.,785.,18.));
#16519=CARTESIAN_POINT('Origin',(1413.,785.,5.75));
#16520=CARTESIAN_POINT('Origin',(1413.,628.,15.125));
#16521=CARTESIAN_POINT('',(1428.,628.,12.25));
#16522=CARTESIAN_POINT('',(1430.875,628.,15.125));
#16523=CARTESIAN_POINT('',(1398.,628.,12.25));
#16524=CARTESIAN_POINT('Origin',(1413.,628.,12.25));
#16525=CARTESIAN_POINT('Origin',(1413.,628.,12.25));
#16526=CARTESIAN_POINT('Origin',(1413.,628.,18.));
#16527=CARTESIAN_POINT('',(1398.,628.,5.75));
#16528=CARTESIAN_POINT('',(1398.,628.,18.));
#16529=CARTESIAN_POINT('Origin',(1413.,628.,5.75));
#16530=CARTESIAN_POINT('Origin',(1413.,471.,15.125));
#16531=CARTESIAN_POINT('',(1428.,471.,12.25));
#16532=CARTESIAN_POINT('',(1430.875,471.,15.125));
#16533=CARTESIAN_POINT('',(1398.,471.,12.25));
#16534=CARTESIAN_POINT('Origin',(1413.,471.,12.25));
#16535=CARTESIAN_POINT('Origin',(1413.,471.,12.25));
#16536=CARTESIAN_POINT('Origin',(1413.,471.,18.));
#16537=CARTESIAN_POINT('',(1398.,471.,5.75));
#16538=CARTESIAN_POINT('',(1398.,471.,18.));
#16539=CARTESIAN_POINT('Origin',(1413.,471.,5.75));
#16540=CARTESIAN_POINT('Origin',(1413.,314.,15.125));
#16541=CARTESIAN_POINT('',(1428.,314.,12.25));
#16542=CARTESIAN_POINT('',(1430.875,314.,15.125));
#16543=CARTESIAN_POINT('',(1398.,314.,12.25));
#16544=CARTESIAN_POINT('Origin',(1413.,314.,12.25));
#16545=CARTESIAN_POINT('Origin',(1413.,314.,12.25));
#16546=CARTESIAN_POINT('Origin',(1413.,314.,18.));
#16547=CARTESIAN_POINT('',(1398.,314.,5.75));
#16548=CARTESIAN_POINT('',(1398.,314.,18.));
#16549=CARTESIAN_POINT('Origin',(1413.,314.,5.75));
#16550=CARTESIAN_POINT('Origin',(1413.,157.,15.125));
#16551=CARTESIAN_POINT('',(1428.,157.,12.25));
#16552=CARTESIAN_POINT('',(1430.875,157.,15.125));
#16553=CARTESIAN_POINT('',(1398.,157.,12.25));
#16554=CARTESIAN_POINT('Origin',(1413.,157.,12.25));
#16555=CARTESIAN_POINT('Origin',(1413.,157.,12.25));
#16556=CARTESIAN_POINT('Origin',(1413.,157.,18.));
#16557=CARTESIAN_POINT('',(1398.,157.,5.75));
#16558=CARTESIAN_POINT('',(1398.,157.,18.));
#16559=CARTESIAN_POINT('Origin',(1413.,157.,5.75));
#16560=CARTESIAN_POINT('Origin',(1256.,785.,15.125));
#16561=CARTESIAN_POINT('',(1271.,785.,12.25));
#16562=CARTESIAN_POINT('',(1273.875,785.,15.125));
#16563=CARTESIAN_POINT('',(1241.,785.,12.25));
#16564=CARTESIAN_POINT('Origin',(1256.,785.,12.25));
#16565=CARTESIAN_POINT('Origin',(1256.,785.,12.25));
#16566=CARTESIAN_POINT('Origin',(1256.,785.,18.));
#16567=CARTESIAN_POINT('',(1241.,785.,5.75));
#16568=CARTESIAN_POINT('',(1241.,785.,18.));
#16569=CARTESIAN_POINT('Origin',(1256.,785.,5.75));
#16570=CARTESIAN_POINT('Origin',(1256.,628.,15.125));
#16571=CARTESIAN_POINT('',(1271.,628.,12.25));
#16572=CARTESIAN_POINT('',(1273.875,628.,15.125));
#16573=CARTESIAN_POINT('',(1241.,628.,12.25));
#16574=CARTESIAN_POINT('Origin',(1256.,628.,12.25));
#16575=CARTESIAN_POINT('Origin',(1256.,628.,12.25));
#16576=CARTESIAN_POINT('Origin',(1256.,628.,18.));
#16577=CARTESIAN_POINT('',(1241.,628.,5.75));
#16578=CARTESIAN_POINT('',(1241.,628.,18.));
#16579=CARTESIAN_POINT('Origin',(1256.,628.,5.75));
#16580=CARTESIAN_POINT('Origin',(1256.,471.,15.125));
#16581=CARTESIAN_POINT('',(1271.,471.,12.25));
#16582=CARTESIAN_POINT('',(1273.875,471.,15.125));
#16583=CARTESIAN_POINT('',(1241.,471.,12.25));
#16584=CARTESIAN_POINT('Origin',(1256.,471.,12.25));
#16585=CARTESIAN_POINT('Origin',(1256.,471.,12.25));
#16586=CARTESIAN_POINT('Origin',(1256.,471.,18.));
#16587=CARTESIAN_POINT('',(1241.,471.,5.75));
#16588=CARTESIAN_POINT('',(1241.,471.,18.));
#16589=CARTESIAN_POINT('Origin',(1256.,471.,5.75));
#16590=CARTESIAN_POINT('Origin',(1256.,314.,15.125));
#16591=CARTESIAN_POINT('',(1271.,314.,12.25));
#16592=CARTESIAN_POINT('',(1273.875,314.,15.125));
#16593=CARTESIAN_POINT('',(1241.,314.,12.25));
#16594=CARTESIAN_POINT('Origin',(1256.,314.,12.25));
#16595=CARTESIAN_POINT('Origin',(1256.,314.,12.25));
#16596=CARTESIAN_POINT('Origin',(1256.,314.,18.));
#16597=CARTESIAN_POINT('',(1241.,314.,5.75));
#16598=CARTESIAN_POINT('',(1241.,314.,18.));
#16599=CARTESIAN_POINT('Origin',(1256.,314.,5.75));
#16600=CARTESIAN_POINT('Origin',(1256.,157.,15.125));
#16601=CARTESIAN_POINT('',(1271.,157.,12.25));
#16602=CARTESIAN_POINT('',(1273.875,157.,15.125));
#16603=CARTESIAN_POINT('',(1241.,157.,12.25));
#16604=CARTESIAN_POINT('Origin',(1256.,157.,12.25));
#16605=CARTESIAN_POINT('Origin',(1256.,157.,12.25));
#16606=CARTESIAN_POINT('Origin',(1256.,157.,18.));
#16607=CARTESIAN_POINT('',(1241.,157.,5.75));
#16608=CARTESIAN_POINT('',(1241.,157.,18.));
#16609=CARTESIAN_POINT('Origin',(1256.,157.,5.75));
#16610=CARTESIAN_POINT('Origin',(1099.,157.,15.125));
#16611=CARTESIAN_POINT('',(1114.,157.,12.25));
#16612=CARTESIAN_POINT('',(1116.875,157.,15.125));
#16613=CARTESIAN_POINT('',(1084.,157.,12.25));
#16614=CARTESIAN_POINT('Origin',(1099.,157.,12.25));
#16615=CARTESIAN_POINT('Origin',(1099.,157.,12.25));
#16616=CARTESIAN_POINT('Origin',(1099.,157.,18.));
#16617=CARTESIAN_POINT('',(1084.,157.,5.75));
#16618=CARTESIAN_POINT('',(1084.,157.,18.));
#16619=CARTESIAN_POINT('Origin',(1099.,157.,5.75));
#16620=CARTESIAN_POINT('Origin',(1099.,314.,15.125));
#16621=CARTESIAN_POINT('',(1114.,314.,12.25));
#16622=CARTESIAN_POINT('',(1116.875,314.,15.125));
#16623=CARTESIAN_POINT('',(1084.,314.,12.25));
#16624=CARTESIAN_POINT('Origin',(1099.,314.,12.25));
#16625=CARTESIAN_POINT('Origin',(1099.,314.,12.25));
#16626=CARTESIAN_POINT('Origin',(1099.,314.,18.));
#16627=CARTESIAN_POINT('',(1084.,314.,5.75));
#16628=CARTESIAN_POINT('',(1084.,314.,18.));
#16629=CARTESIAN_POINT('Origin',(1099.,314.,5.75));
#16630=CARTESIAN_POINT('Origin',(1099.,471.,15.125));
#16631=CARTESIAN_POINT('',(1114.,471.,12.25));
#16632=CARTESIAN_POINT('',(1116.875,471.,15.125));
#16633=CARTESIAN_POINT('',(1084.,471.,12.25));
#16634=CARTESIAN_POINT('Origin',(1099.,471.,12.25));
#16635=CARTESIAN_POINT('Origin',(1099.,471.,12.25));
#16636=CARTESIAN_POINT('Origin',(1099.,471.,18.));
#16637=CARTESIAN_POINT('',(1084.,471.,5.75));
#16638=CARTESIAN_POINT('',(1084.,471.,18.));
#16639=CARTESIAN_POINT('Origin',(1099.,471.,5.75));
#16640=CARTESIAN_POINT('Origin',(1099.,628.,15.125));
#16641=CARTESIAN_POINT('',(1114.,628.,12.25));
#16642=CARTESIAN_POINT('',(1116.875,628.,15.125));
#16643=CARTESIAN_POINT('',(1084.,628.,12.25));
#16644=CARTESIAN_POINT('Origin',(1099.,628.,12.25));
#16645=CARTESIAN_POINT('Origin',(1099.,628.,12.25));
#16646=CARTESIAN_POINT('Origin',(1099.,628.,18.));
#16647=CARTESIAN_POINT('',(1084.,628.,5.75));
#16648=CARTESIAN_POINT('',(1084.,628.,18.));
#16649=CARTESIAN_POINT('Origin',(1099.,628.,5.75));
#16650=CARTESIAN_POINT('Origin',(1099.,785.,15.125));
#16651=CARTESIAN_POINT('',(1114.,785.,12.25));
#16652=CARTESIAN_POINT('',(1116.875,785.,15.125));
#16653=CARTESIAN_POINT('',(1084.,785.,12.25));
#16654=CARTESIAN_POINT('Origin',(1099.,785.,12.25));
#16655=CARTESIAN_POINT('Origin',(1099.,785.,12.25));
#16656=CARTESIAN_POINT('Origin',(1099.,785.,18.));
#16657=CARTESIAN_POINT('',(1084.,785.,5.75));
#16658=CARTESIAN_POINT('',(1084.,785.,18.));
#16659=CARTESIAN_POINT('Origin',(1099.,785.,5.75));
#16660=CARTESIAN_POINT('Origin',(942.,785.,15.125));
#16661=CARTESIAN_POINT('',(957.,785.,12.25));
#16662=CARTESIAN_POINT('',(959.875,785.,15.125));
#16663=CARTESIAN_POINT('',(927.,785.,12.25));
#16664=CARTESIAN_POINT('Origin',(942.,785.,12.25));
#16665=CARTESIAN_POINT('Origin',(942.,785.,12.25));
#16666=CARTESIAN_POINT('Origin',(942.,785.,18.));
#16667=CARTESIAN_POINT('',(927.,785.,5.75));
#16668=CARTESIAN_POINT('',(927.,785.,18.));
#16669=CARTESIAN_POINT('Origin',(942.,785.,5.75));
#16670=CARTESIAN_POINT('Origin',(942.,628.,15.125));
#16671=CARTESIAN_POINT('',(957.,628.,12.25));
#16672=CARTESIAN_POINT('',(959.875,628.,15.125));
#16673=CARTESIAN_POINT('',(927.,628.,12.25));
#16674=CARTESIAN_POINT('Origin',(942.,628.,12.25));
#16675=CARTESIAN_POINT('Origin',(942.,628.,12.25));
#16676=CARTESIAN_POINT('Origin',(942.,628.,18.));
#16677=CARTESIAN_POINT('',(927.,628.,5.75));
#16678=CARTESIAN_POINT('',(927.,628.,18.));
#16679=CARTESIAN_POINT('Origin',(942.,628.,5.75));
#16680=CARTESIAN_POINT('Origin',(942.,471.,15.125));
#16681=CARTESIAN_POINT('',(957.,471.,12.25));
#16682=CARTESIAN_POINT('',(959.875,471.,15.125));
#16683=CARTESIAN_POINT('',(927.,471.,12.25));
#16684=CARTESIAN_POINT('Origin',(942.,471.,12.25));
#16685=CARTESIAN_POINT('Origin',(942.,471.,12.25));
#16686=CARTESIAN_POINT('Origin',(942.,471.,18.));
#16687=CARTESIAN_POINT('',(927.,471.,5.75));
#16688=CARTESIAN_POINT('',(927.,471.,18.));
#16689=CARTESIAN_POINT('Origin',(942.,471.,5.75));
#16690=CARTESIAN_POINT('Origin',(942.,314.,15.125));
#16691=CARTESIAN_POINT('',(957.,314.,12.25));
#16692=CARTESIAN_POINT('',(959.875,314.,15.125));
#16693=CARTESIAN_POINT('',(927.,314.,12.25));
#16694=CARTESIAN_POINT('Origin',(942.,314.,12.25));
#16695=CARTESIAN_POINT('Origin',(942.,314.,12.25));
#16696=CARTESIAN_POINT('Origin',(942.,314.,18.));
#16697=CARTESIAN_POINT('',(927.,314.,5.75));
#16698=CARTESIAN_POINT('',(927.,314.,18.));
#16699=CARTESIAN_POINT('Origin',(942.,314.,5.75));
#16700=CARTESIAN_POINT('Origin',(942.,157.,15.125));
#16701=CARTESIAN_POINT('',(957.,157.,12.25));
#16702=CARTESIAN_POINT('',(959.875,157.,15.125));
#16703=CARTESIAN_POINT('',(927.,157.,12.25));
#16704=CARTESIAN_POINT('Origin',(942.,157.,12.25));
#16705=CARTESIAN_POINT('Origin',(942.,157.,12.25));
#16706=CARTESIAN_POINT('Origin',(942.,157.,18.));
#16707=CARTESIAN_POINT('',(927.,157.,5.75));
#16708=CARTESIAN_POINT('',(927.,157.,18.));
#16709=CARTESIAN_POINT('Origin',(942.,157.,5.75));
#16710=CARTESIAN_POINT('Origin',(785.,785.,15.125));
#16711=CARTESIAN_POINT('',(800.,785.,12.25));
#16712=CARTESIAN_POINT('',(802.875,785.,15.125));
#16713=CARTESIAN_POINT('',(770.,785.,12.25));
#16714=CARTESIAN_POINT('Origin',(785.,785.,12.25));
#16715=CARTESIAN_POINT('Origin',(785.,785.,12.25));
#16716=CARTESIAN_POINT('Origin',(785.,785.,18.));
#16717=CARTESIAN_POINT('',(770.,785.,5.75));
#16718=CARTESIAN_POINT('',(770.,785.,18.));
#16719=CARTESIAN_POINT('Origin',(785.,785.,5.75));
#16720=CARTESIAN_POINT('Origin',(785.,628.,15.125));
#16721=CARTESIAN_POINT('',(800.,628.,12.25));
#16722=CARTESIAN_POINT('',(802.875,628.,15.125));
#16723=CARTESIAN_POINT('',(770.,628.,12.25));
#16724=CARTESIAN_POINT('Origin',(785.,628.,12.25));
#16725=CARTESIAN_POINT('Origin',(785.,628.,12.25));
#16726=CARTESIAN_POINT('Origin',(785.,628.,18.));
#16727=CARTESIAN_POINT('',(770.,628.,5.75));
#16728=CARTESIAN_POINT('',(770.,628.,18.));
#16729=CARTESIAN_POINT('Origin',(785.,628.,5.75));
#16730=CARTESIAN_POINT('Origin',(785.,471.,15.125));
#16731=CARTESIAN_POINT('',(800.,471.,12.25));
#16732=CARTESIAN_POINT('',(802.875,471.,15.125));
#16733=CARTESIAN_POINT('',(770.,471.,12.25));
#16734=CARTESIAN_POINT('Origin',(785.,471.,12.25));
#16735=CARTESIAN_POINT('Origin',(785.,471.,12.25));
#16736=CARTESIAN_POINT('Origin',(785.,471.,18.));
#16737=CARTESIAN_POINT('',(770.,471.,5.75));
#16738=CARTESIAN_POINT('',(770.,471.,18.));
#16739=CARTESIAN_POINT('Origin',(785.,471.,5.75));
#16740=CARTESIAN_POINT('Origin',(785.,314.,15.125));
#16741=CARTESIAN_POINT('',(800.,314.,12.25));
#16742=CARTESIAN_POINT('',(802.875,314.,15.125));
#16743=CARTESIAN_POINT('',(770.,314.,12.25));
#16744=CARTESIAN_POINT('Origin',(785.,314.,12.25));
#16745=CARTESIAN_POINT('Origin',(785.,314.,12.25));
#16746=CARTESIAN_POINT('Origin',(785.,314.,18.));
#16747=CARTESIAN_POINT('',(770.,314.,5.75));
#16748=CARTESIAN_POINT('',(770.,314.,18.));
#16749=CARTESIAN_POINT('Origin',(785.,314.,5.75));
#16750=CARTESIAN_POINT('Origin',(785.,157.,15.125));
#16751=CARTESIAN_POINT('',(800.,157.,12.25));
#16752=CARTESIAN_POINT('',(802.875,157.,15.125));
#16753=CARTESIAN_POINT('',(770.,157.,12.25));
#16754=CARTESIAN_POINT('Origin',(785.,157.,12.25));
#16755=CARTESIAN_POINT('Origin',(785.,157.,12.25));
#16756=CARTESIAN_POINT('Origin',(785.,157.,18.));
#16757=CARTESIAN_POINT('',(770.,157.,5.75));
#16758=CARTESIAN_POINT('',(770.,157.,18.));
#16759=CARTESIAN_POINT('Origin',(785.,157.,5.75));
#16760=CARTESIAN_POINT('Origin',(628.,157.,15.125));
#16761=CARTESIAN_POINT('',(643.,157.,12.25));
#16762=CARTESIAN_POINT('',(645.875,157.,15.125));
#16763=CARTESIAN_POINT('',(613.,157.,12.25));
#16764=CARTESIAN_POINT('Origin',(628.,157.,12.25));
#16765=CARTESIAN_POINT('Origin',(628.,157.,12.25));
#16766=CARTESIAN_POINT('Origin',(628.,157.,18.));
#16767=CARTESIAN_POINT('',(613.,157.,5.75));
#16768=CARTESIAN_POINT('',(613.,157.,18.));
#16769=CARTESIAN_POINT('Origin',(628.,157.,5.75));
#16770=CARTESIAN_POINT('Origin',(628.,314.,15.125));
#16771=CARTESIAN_POINT('',(643.,314.,12.25));
#16772=CARTESIAN_POINT('',(645.875,314.,15.125));
#16773=CARTESIAN_POINT('',(613.,314.,12.25));
#16774=CARTESIAN_POINT('Origin',(628.,314.,12.25));
#16775=CARTESIAN_POINT('Origin',(628.,314.,12.25));
#16776=CARTESIAN_POINT('Origin',(628.,314.,18.));
#16777=CARTESIAN_POINT('',(613.,314.,5.75));
#16778=CARTESIAN_POINT('',(613.,314.,18.));
#16779=CARTESIAN_POINT('Origin',(628.,314.,5.75));
#16780=CARTESIAN_POINT('Origin',(628.,471.,15.125));
#16781=CARTESIAN_POINT('',(643.,471.,12.25));
#16782=CARTESIAN_POINT('',(645.875,471.,15.125));
#16783=CARTESIAN_POINT('',(613.,471.,12.25));
#16784=CARTESIAN_POINT('Origin',(628.,471.,12.25));
#16785=CARTESIAN_POINT('Origin',(628.,471.,12.25));
#16786=CARTESIAN_POINT('Origin',(628.,471.,18.));
#16787=CARTESIAN_POINT('',(613.,471.,5.75));
#16788=CARTESIAN_POINT('',(613.,471.,18.));
#16789=CARTESIAN_POINT('Origin',(628.,471.,5.75));
#16790=CARTESIAN_POINT('Origin',(628.,628.,15.125));
#16791=CARTESIAN_POINT('',(643.,628.,12.25));
#16792=CARTESIAN_POINT('',(645.875,628.,15.125));
#16793=CARTESIAN_POINT('',(613.,628.,12.25));
#16794=CARTESIAN_POINT('Origin',(628.,628.,12.25));
#16795=CARTESIAN_POINT('Origin',(628.,628.,12.25));
#16796=CARTESIAN_POINT('Origin',(628.,628.,18.));
#16797=CARTESIAN_POINT('',(613.,628.,5.75));
#16798=CARTESIAN_POINT('',(613.,628.,18.));
#16799=CARTESIAN_POINT('Origin',(628.,628.,5.75));
#16800=CARTESIAN_POINT('Origin',(628.,785.,15.125));
#16801=CARTESIAN_POINT('',(643.,785.,12.25));
#16802=CARTESIAN_POINT('',(645.875,785.,15.125));
#16803=CARTESIAN_POINT('',(613.,785.,12.25));
#16804=CARTESIAN_POINT('Origin',(628.,785.,12.25));
#16805=CARTESIAN_POINT('Origin',(628.,785.,12.25));
#16806=CARTESIAN_POINT('Origin',(628.,785.,18.));
#16807=CARTESIAN_POINT('',(613.,785.,5.75));
#16808=CARTESIAN_POINT('',(613.,785.,18.));
#16809=CARTESIAN_POINT('Origin',(628.,785.,5.75));
#16810=CARTESIAN_POINT('Origin',(471.,785.,15.125));
#16811=CARTESIAN_POINT('',(486.,785.,12.25));
#16812=CARTESIAN_POINT('',(488.875,785.,15.125));
#16813=CARTESIAN_POINT('',(456.,785.,12.25));
#16814=CARTESIAN_POINT('Origin',(471.,785.,12.25));
#16815=CARTESIAN_POINT('Origin',(471.,785.,12.25));
#16816=CARTESIAN_POINT('Origin',(471.,785.,18.));
#16817=CARTESIAN_POINT('',(456.,785.,5.75));
#16818=CARTESIAN_POINT('',(456.,785.,18.));
#16819=CARTESIAN_POINT('Origin',(471.,785.,5.75));
#16820=CARTESIAN_POINT('Origin',(471.,628.,15.125));
#16821=CARTESIAN_POINT('',(486.,628.,12.25));
#16822=CARTESIAN_POINT('',(488.875,628.,15.125));
#16823=CARTESIAN_POINT('',(456.,628.,12.25));
#16824=CARTESIAN_POINT('Origin',(471.,628.,12.25));
#16825=CARTESIAN_POINT('Origin',(471.,628.,12.25));
#16826=CARTESIAN_POINT('Origin',(471.,628.,18.));
#16827=CARTESIAN_POINT('',(456.,628.,5.75));
#16828=CARTESIAN_POINT('',(456.,628.,18.));
#16829=CARTESIAN_POINT('Origin',(471.,628.,5.75));
#16830=CARTESIAN_POINT('Origin',(471.,471.,15.125));
#16831=CARTESIAN_POINT('',(486.,471.,12.25));
#16832=CARTESIAN_POINT('',(488.875,471.,15.125));
#16833=CARTESIAN_POINT('',(456.,471.,12.25));
#16834=CARTESIAN_POINT('Origin',(471.,471.,12.25));
#16835=CARTESIAN_POINT('Origin',(471.,471.,12.25));
#16836=CARTESIAN_POINT('Origin',(471.,471.,18.));
#16837=CARTESIAN_POINT('',(456.,471.,5.75));
#16838=CARTESIAN_POINT('',(456.,471.,18.));
#16839=CARTESIAN_POINT('Origin',(471.,471.,5.75));
#16840=CARTESIAN_POINT('Origin',(471.,314.,15.125));
#16841=CARTESIAN_POINT('',(486.,314.,12.25));
#16842=CARTESIAN_POINT('',(488.875,314.,15.125));
#16843=CARTESIAN_POINT('',(456.,314.,12.25));
#16844=CARTESIAN_POINT('Origin',(471.,314.,12.25));
#16845=CARTESIAN_POINT('Origin',(471.,314.,12.25));
#16846=CARTESIAN_POINT('Origin',(471.,314.,18.));
#16847=CARTESIAN_POINT('',(456.,314.,5.75));
#16848=CARTESIAN_POINT('',(456.,314.,18.));
#16849=CARTESIAN_POINT('Origin',(471.,314.,5.75));
#16850=CARTESIAN_POINT('Origin',(471.,157.,15.125));
#16851=CARTESIAN_POINT('',(486.,157.,12.25));
#16852=CARTESIAN_POINT('',(488.875,157.,15.125));
#16853=CARTESIAN_POINT('',(456.,157.,12.25));
#16854=CARTESIAN_POINT('Origin',(471.,157.,12.25));
#16855=CARTESIAN_POINT('Origin',(471.,157.,12.25));
#16856=CARTESIAN_POINT('Origin',(471.,157.,18.));
#16857=CARTESIAN_POINT('',(456.,157.,5.75));
#16858=CARTESIAN_POINT('',(456.,157.,18.));
#16859=CARTESIAN_POINT('Origin',(471.,157.,5.75));
#16860=CARTESIAN_POINT('Origin',(314.,157.,15.125));
#16861=CARTESIAN_POINT('',(329.,157.,12.25));
#16862=CARTESIAN_POINT('',(331.875,157.,15.125));
#16863=CARTESIAN_POINT('',(299.,157.,12.25));
#16864=CARTESIAN_POINT('Origin',(314.,157.,12.25));
#16865=CARTESIAN_POINT('Origin',(314.,157.,12.25));
#16866=CARTESIAN_POINT('Origin',(314.,157.,18.));
#16867=CARTESIAN_POINT('',(299.,157.,5.75));
#16868=CARTESIAN_POINT('',(299.,157.,18.));
#16869=CARTESIAN_POINT('Origin',(314.,157.,5.75));
#16870=CARTESIAN_POINT('Origin',(314.,314.,15.125));
#16871=CARTESIAN_POINT('',(329.,314.,12.25));
#16872=CARTESIAN_POINT('',(331.875,314.,15.125));
#16873=CARTESIAN_POINT('',(299.,314.,12.25));
#16874=CARTESIAN_POINT('Origin',(314.,314.,12.25));
#16875=CARTESIAN_POINT('Origin',(314.,314.,12.25));
#16876=CARTESIAN_POINT('Origin',(314.,314.,18.));
#16877=CARTESIAN_POINT('',(299.,314.,5.75));
#16878=CARTESIAN_POINT('',(299.,314.,18.));
#16879=CARTESIAN_POINT('Origin',(314.,314.,5.75));
#16880=CARTESIAN_POINT('Origin',(314.,471.,15.125));
#16881=CARTESIAN_POINT('',(329.,471.,12.25));
#16882=CARTESIAN_POINT('',(331.875,471.,15.125));
#16883=CARTESIAN_POINT('',(299.,471.,12.25));
#16884=CARTESIAN_POINT('Origin',(314.,471.,12.25));
#16885=CARTESIAN_POINT('Origin',(314.,471.,12.25));
#16886=CARTESIAN_POINT('Origin',(314.,471.,18.));
#16887=CARTESIAN_POINT('',(299.,471.,5.75));
#16888=CARTESIAN_POINT('',(299.,471.,18.));
#16889=CARTESIAN_POINT('Origin',(314.,471.,5.75));
#16890=CARTESIAN_POINT('Origin',(314.,628.,15.125));
#16891=CARTESIAN_POINT('',(329.,628.,12.25));
#16892=CARTESIAN_POINT('',(331.875,628.,15.125));
#16893=CARTESIAN_POINT('',(299.,628.,12.25));
#16894=CARTESIAN_POINT('Origin',(314.,628.,12.25));
#16895=CARTESIAN_POINT('Origin',(314.,628.,12.25));
#16896=CARTESIAN_POINT('Origin',(314.,628.,18.));
#16897=CARTESIAN_POINT('',(299.,628.,5.75));
#16898=CARTESIAN_POINT('',(299.,628.,18.));
#16899=CARTESIAN_POINT('Origin',(314.,628.,5.75));
#16900=CARTESIAN_POINT('Origin',(314.,785.,15.125));
#16901=CARTESIAN_POINT('',(329.,785.,12.25));
#16902=CARTESIAN_POINT('',(331.875,785.,15.125));
#16903=CARTESIAN_POINT('',(299.,785.,12.25));
#16904=CARTESIAN_POINT('Origin',(314.,785.,12.25));
#16905=CARTESIAN_POINT('Origin',(314.,785.,12.25));
#16906=CARTESIAN_POINT('Origin',(314.,785.,18.));
#16907=CARTESIAN_POINT('',(299.,785.,5.75));
#16908=CARTESIAN_POINT('',(299.,785.,18.));
#16909=CARTESIAN_POINT('Origin',(314.,785.,5.75));
#16910=CARTESIAN_POINT('Origin',(157.,785.,15.125));
#16911=CARTESIAN_POINT('',(172.,785.,12.25));
#16912=CARTESIAN_POINT('',(174.875,785.,15.125));
#16913=CARTESIAN_POINT('',(142.,785.,12.25));
#16914=CARTESIAN_POINT('Origin',(157.,785.,12.25));
#16915=CARTESIAN_POINT('Origin',(157.,785.,12.25));
#16916=CARTESIAN_POINT('Origin',(157.,785.,18.));
#16917=CARTESIAN_POINT('',(142.,785.,5.75));
#16918=CARTESIAN_POINT('',(142.,785.,18.));
#16919=CARTESIAN_POINT('Origin',(157.,785.,5.75));
#16920=CARTESIAN_POINT('Origin',(157.,628.,15.125));
#16921=CARTESIAN_POINT('',(172.,628.,12.25));
#16922=CARTESIAN_POINT('',(174.875,628.,15.125));
#16923=CARTESIAN_POINT('',(142.,628.,12.25));
#16924=CARTESIAN_POINT('Origin',(157.,628.,12.25));
#16925=CARTESIAN_POINT('Origin',(157.,628.,12.25));
#16926=CARTESIAN_POINT('Origin',(157.,628.,18.));
#16927=CARTESIAN_POINT('',(142.,628.,5.75));
#16928=CARTESIAN_POINT('',(142.,628.,18.));
#16929=CARTESIAN_POINT('Origin',(157.,628.,5.75));
#16930=CARTESIAN_POINT('Origin',(157.,471.,15.125));
#16931=CARTESIAN_POINT('',(172.,471.,12.25));
#16932=CARTESIAN_POINT('',(174.875,471.,15.125));
#16933=CARTESIAN_POINT('',(142.,471.,12.25));
#16934=CARTESIAN_POINT('Origin',(157.,471.,12.25));
#16935=CARTESIAN_POINT('Origin',(157.,471.,12.25));
#16936=CARTESIAN_POINT('Origin',(157.,471.,18.));
#16937=CARTESIAN_POINT('',(142.,471.,5.75));
#16938=CARTESIAN_POINT('',(142.,471.,18.));
#16939=CARTESIAN_POINT('Origin',(157.,471.,5.75));
#16940=CARTESIAN_POINT('Origin',(157.,314.,15.125));
#16941=CARTESIAN_POINT('',(172.,314.,12.25));
#16942=CARTESIAN_POINT('',(174.875,314.,15.125));
#16943=CARTESIAN_POINT('',(142.,314.,12.25));
#16944=CARTESIAN_POINT('Origin',(157.,314.,12.25));
#16945=CARTESIAN_POINT('Origin',(157.,314.,12.25));
#16946=CARTESIAN_POINT('Origin',(157.,314.,18.));
#16947=CARTESIAN_POINT('',(142.,314.,5.75));
#16948=CARTESIAN_POINT('',(142.,314.,18.));
#16949=CARTESIAN_POINT('Origin',(157.,314.,5.75));
#16950=CARTESIAN_POINT('Origin',(2355.,785.,2.875));
#16951=CARTESIAN_POINT('',(2337.125,785.,2.875));
#16952=CARTESIAN_POINT('Origin',(2198.,785.,2.875));
#16953=CARTESIAN_POINT('',(2180.125,785.,2.875));
#16954=CARTESIAN_POINT('Origin',(2355.,628.,2.875));
#16955=CARTESIAN_POINT('',(2337.125,628.,2.875));
#16956=CARTESIAN_POINT('Origin',(2198.,628.,2.875));
#16957=CARTESIAN_POINT('',(2180.125,628.,2.875));
#16958=CARTESIAN_POINT('Origin',(2355.,471.,2.875));
#16959=CARTESIAN_POINT('',(2337.125,471.,2.875));
#16960=CARTESIAN_POINT('Origin',(2198.,471.,2.875));
#16961=CARTESIAN_POINT('',(2180.125,471.,2.875));
#16962=CARTESIAN_POINT('Origin',(2355.,314.,2.875));
#16963=CARTESIAN_POINT('',(2337.125,314.,2.875));
#16964=CARTESIAN_POINT('Origin',(2355.,157.,2.875));
#16965=CARTESIAN_POINT('',(2337.125,157.,2.875));
#16966=CARTESIAN_POINT('Origin',(2198.,314.,2.875));
#16967=CARTESIAN_POINT('',(2180.125,314.,2.875));
#16968=CARTESIAN_POINT('Origin',(2198.,157.,2.875));
#16969=CARTESIAN_POINT('',(2180.125,157.,2.875));
#16970=CARTESIAN_POINT('Origin',(2041.,785.,2.875));
#16971=CARTESIAN_POINT('',(2023.125,785.,2.875));
#16972=CARTESIAN_POINT('Origin',(2041.,628.,2.875));
#16973=CARTESIAN_POINT('',(2023.125,628.,2.875));
#16974=CARTESIAN_POINT('Origin',(2041.,471.,2.875));
#16975=CARTESIAN_POINT('',(2023.125,471.,2.875));
#16976=CARTESIAN_POINT('Origin',(2041.,314.,2.875));
#16977=CARTESIAN_POINT('',(2023.125,314.,2.875));
#16978=CARTESIAN_POINT('Origin',(2041.,157.,2.875));
#16979=CARTESIAN_POINT('',(2023.125,157.,2.875));
#16980=CARTESIAN_POINT('Origin',(1884.,785.,2.875));
#16981=CARTESIAN_POINT('',(1866.125,785.,2.875));
#16982=CARTESIAN_POINT('Origin',(1727.,785.,2.875));
#16983=CARTESIAN_POINT('',(1709.125,785.,2.875));
#16984=CARTESIAN_POINT('Origin',(1884.,628.,2.875));
#16985=CARTESIAN_POINT('',(1866.125,628.,2.875));
#16986=CARTESIAN_POINT('Origin',(1727.,628.,2.875));
#16987=CARTESIAN_POINT('',(1709.125,628.,2.875));
#16988=CARTESIAN_POINT('Origin',(1727.,471.,2.875));
#16989=CARTESIAN_POINT('',(1709.125,471.,2.875));
#16990=CARTESIAN_POINT('Origin',(1884.,471.,2.875));
#16991=CARTESIAN_POINT('',(1866.125,471.,2.875));
#16992=CARTESIAN_POINT('Origin',(1884.,314.,2.875));
#16993=CARTESIAN_POINT('',(1866.125,314.,2.875));
#16994=CARTESIAN_POINT('Origin',(1884.,157.,2.875));
#16995=CARTESIAN_POINT('',(1866.125,157.,2.875));
#16996=CARTESIAN_POINT('Origin',(1727.,314.,2.875));
#16997=CARTESIAN_POINT('',(1709.125,314.,2.875));
#16998=CARTESIAN_POINT('Origin',(1727.,157.,2.875));
#16999=CARTESIAN_POINT('',(1709.125,157.,2.875));
#17000=CARTESIAN_POINT('Origin',(1570.,785.,2.875));
#17001=CARTESIAN_POINT('',(1552.125,785.,2.875));
#17002=CARTESIAN_POINT('Origin',(1570.,628.,2.875));
#17003=CARTESIAN_POINT('',(1552.125,628.,2.875));
#17004=CARTESIAN_POINT('Origin',(1570.,471.,2.875));
#17005=CARTESIAN_POINT('',(1552.125,471.,2.875));
#17006=CARTESIAN_POINT('Origin',(1570.,314.,2.875));
#17007=CARTESIAN_POINT('',(1552.125,314.,2.875));
#17008=CARTESIAN_POINT('Origin',(1570.,157.,2.875));
#17009=CARTESIAN_POINT('',(1552.125,157.,2.875));
#17010=CARTESIAN_POINT('Origin',(1413.,785.,2.875));
#17011=CARTESIAN_POINT('',(1395.125,785.,2.875));
#17012=CARTESIAN_POINT('Origin',(1413.,628.,2.875));
#17013=CARTESIAN_POINT('',(1395.125,628.,2.875));
#17014=CARTESIAN_POINT('Origin',(1413.,471.,2.875));
#17015=CARTESIAN_POINT('',(1395.125,471.,2.875));
#17016=CARTESIAN_POINT('Origin',(1413.,314.,2.875));
#17017=CARTESIAN_POINT('',(1395.125,314.,2.875));
#17018=CARTESIAN_POINT('Origin',(1413.,157.,2.875));
#17019=CARTESIAN_POINT('',(1395.125,157.,2.875));
#17020=CARTESIAN_POINT('Origin',(1256.,785.,2.875));
#17021=CARTESIAN_POINT('',(1238.125,785.,2.875));
#17022=CARTESIAN_POINT('Origin',(1256.,628.,2.875));
#17023=CARTESIAN_POINT('',(1238.125,628.,2.875));
#17024=CARTESIAN_POINT('Origin',(1256.,471.,2.875));
#17025=CARTESIAN_POINT('',(1238.125,471.,2.875));
#17026=CARTESIAN_POINT('Origin',(1256.,314.,2.875));
#17027=CARTESIAN_POINT('',(1238.125,314.,2.875));
#17028=CARTESIAN_POINT('Origin',(1256.,157.,2.875));
#17029=CARTESIAN_POINT('',(1238.125,157.,2.875));
#17030=CARTESIAN_POINT('Origin',(1099.,785.,2.875));
#17031=CARTESIAN_POINT('',(1081.125,785.,2.875));
#17032=CARTESIAN_POINT('Origin',(1099.,628.,2.875));
#17033=CARTESIAN_POINT('',(1081.125,628.,2.875));
#17034=CARTESIAN_POINT('Origin',(1099.,471.,2.875));
#17035=CARTESIAN_POINT('',(1081.125,471.,2.875));
#17036=CARTESIAN_POINT('Origin',(1099.,314.,2.875));
#17037=CARTESIAN_POINT('',(1081.125,314.,2.875));
#17038=CARTESIAN_POINT('Origin',(1099.,157.,2.875));
#17039=CARTESIAN_POINT('',(1081.125,157.,2.875));
#17040=CARTESIAN_POINT('Origin',(942.,785.,2.875));
#17041=CARTESIAN_POINT('',(924.125,785.,2.875));
#17042=CARTESIAN_POINT('Origin',(942.,628.,2.875));
#17043=CARTESIAN_POINT('',(924.125,628.,2.875));
#17044=CARTESIAN_POINT('Origin',(942.,471.,2.875));
#17045=CARTESIAN_POINT('',(924.125,471.,2.875));
#17046=CARTESIAN_POINT('Origin',(942.,314.,2.875));
#17047=CARTESIAN_POINT('',(924.125,314.,2.875));
#17048=CARTESIAN_POINT('Origin',(942.,157.,2.875));
#17049=CARTESIAN_POINT('',(924.125,157.,2.875));
#17050=CARTESIAN_POINT('Origin',(785.,785.,2.875));
#17051=CARTESIAN_POINT('',(767.125,785.,2.875));
#17052=CARTESIAN_POINT('Origin',(785.,628.,2.875));
#17053=CARTESIAN_POINT('',(767.125,628.,2.875));
#17054=CARTESIAN_POINT('Origin',(785.,471.,2.875));
#17055=CARTESIAN_POINT('',(767.125,471.,2.875));
#17056=CARTESIAN_POINT('Origin',(785.,314.,2.875));
#17057=CARTESIAN_POINT('',(767.125,314.,2.875));
#17058=CARTESIAN_POINT('Origin',(785.,157.,2.875));
#17059=CARTESIAN_POINT('',(767.125,157.,2.875));
#17060=CARTESIAN_POINT('Origin',(628.,785.,2.875));
#17061=CARTESIAN_POINT('',(610.125,785.,2.875));
#17062=CARTESIAN_POINT('Origin',(628.,628.,2.875));
#17063=CARTESIAN_POINT('',(610.125,628.,2.875));
#17064=CARTESIAN_POINT('Origin',(628.,471.,2.875));
#17065=CARTESIAN_POINT('',(610.125,471.,2.875));
#17066=CARTESIAN_POINT('Origin',(628.,314.,2.875));
#17067=CARTESIAN_POINT('',(610.125,314.,2.875));
#17068=CARTESIAN_POINT('Origin',(628.,157.,2.875));
#17069=CARTESIAN_POINT('',(610.125,157.,2.875));
#17070=CARTESIAN_POINT('Origin',(157.,785.,2.875));
#17071=CARTESIAN_POINT('',(139.125,785.,2.875));
#17072=CARTESIAN_POINT('Origin',(314.,785.,2.875));
#17073=CARTESIAN_POINT('',(296.125,785.,2.875));
#17074=CARTESIAN_POINT('Origin',(471.,785.,2.875));
#17075=CARTESIAN_POINT('',(453.125,785.,2.875));
#17076=CARTESIAN_POINT('Origin',(471.,628.,2.875));
#17077=CARTESIAN_POINT('',(453.125,628.,2.875));
#17078=CARTESIAN_POINT('Origin',(314.,628.,2.875));
#17079=CARTESIAN_POINT('',(296.125,628.,2.875));
#17080=CARTESIAN_POINT('Origin',(157.,628.,2.875));
#17081=CARTESIAN_POINT('',(139.125,628.,2.875));
#17082=CARTESIAN_POINT('Origin',(471.,471.,2.875));
#17083=CARTESIAN_POINT('',(453.125,471.,2.875));
#17084=CARTESIAN_POINT('Origin',(314.,471.,2.875));
#17085=CARTESIAN_POINT('',(296.125,471.,2.875));
#17086=CARTESIAN_POINT('Origin',(157.,471.,2.875));
#17087=CARTESIAN_POINT('',(139.125,471.,2.875));
#17088=CARTESIAN_POINT('Origin',(314.,314.,2.875));
#17089=CARTESIAN_POINT('',(296.125,314.,2.875));
#17090=CARTESIAN_POINT('Origin',(471.,314.,2.875));
#17091=CARTESIAN_POINT('',(453.125,314.,2.875));
#17092=CARTESIAN_POINT('Origin',(471.,157.,2.875));
#17093=CARTESIAN_POINT('',(453.125,157.,2.875));
#17094=CARTESIAN_POINT('Origin',(314.,157.,2.875));
#17095=CARTESIAN_POINT('',(296.125,157.,2.875));
#17096=CARTESIAN_POINT('Origin',(157.,314.,2.875));
#17097=CARTESIAN_POINT('',(139.125,314.,2.875));
#17098=CARTESIAN_POINT('Origin',(157.,157.,2.875));
#17099=CARTESIAN_POINT('',(142.,157.,5.75));
#17100=CARTESIAN_POINT('',(139.125,157.,2.875));
#17101=CARTESIAN_POINT('Origin',(157.,157.,5.75));
#17102=CARTESIAN_POINT('Origin',(157.,157.,18.));
#17103=CARTESIAN_POINT('',(172.,157.,12.25));
#17104=CARTESIAN_POINT('',(142.,157.,12.25));
#17105=CARTESIAN_POINT('Origin',(157.,157.,12.25));
#17106=CARTESIAN_POINT('Origin',(157.,157.,12.25));
#17107=CARTESIAN_POINT('',(142.,157.,18.));
#17108=CARTESIAN_POINT('Origin',(157.,157.,15.125));
#17109=CARTESIAN_POINT('',(174.875,157.,15.125));
#17110=CARTESIAN_POINT('Origin',(9.00000000000006,8.99999999999991,18.));
#17111=CARTESIAN_POINT('Origin',(471.,26.,18.));
#17112=CARTESIAN_POINT('',(465.75,26.,3.));
#17113=CARTESIAN_POINT('',(465.75,26.,18.));
#17114=CARTESIAN_POINT('Origin',(471.,26.,3.));
#17115=CARTESIAN_POINT('Origin',(471.,26.,3.));
#17116=CARTESIAN_POINT('Origin',(1099.,26.0000000000001,18.));
#17117=CARTESIAN_POINT('',(1093.75,26.0000000000001,3.));
#17118=CARTESIAN_POINT('',(1093.75,26.0000000000001,18.));
#17119=CARTESIAN_POINT('Origin',(1099.,26.0000000000001,3.));
#17120=CARTESIAN_POINT('Origin',(1099.,26.0000000000001,3.));
#17121=CARTESIAN_POINT('Origin',(1727.,26.0000000000001,18.));
#17122=CARTESIAN_POINT('',(1721.75,26.0000000000001,3.));
#17123=CARTESIAN_POINT('',(1721.75,26.0000000000001,18.));
#17124=CARTESIAN_POINT('Origin',(1727.,26.0000000000001,3.));
#17125=CARTESIAN_POINT('Origin',(1727.,26.0000000000001,3.));
#17126=CARTESIAN_POINT('Origin',(2355.,26.0000000000002,18.));
#17127=CARTESIAN_POINT('',(2349.75,26.0000000000002,3.));
#17128=CARTESIAN_POINT('',(2349.75,26.0000000000002,18.));
#17129=CARTESIAN_POINT('Origin',(2355.,26.0000000000002,3.));
#17130=CARTESIAN_POINT('Origin',(2355.,26.0000000000002,3.));
#17131=CARTESIAN_POINT('Origin',(2486.,628.,18.));
#17132=CARTESIAN_POINT('',(2480.75,628.,3.));
#17133=CARTESIAN_POINT('',(2480.75,628.,18.));
#17134=CARTESIAN_POINT('Origin',(2486.,628.,3.));
#17135=CARTESIAN_POINT('Origin',(2486.,628.,3.));
#17136=CARTESIAN_POINT('Origin',(2355.,1230.,18.));
#17137=CARTESIAN_POINT('',(2349.75,1230.,3.));
#17138=CARTESIAN_POINT('',(2349.75,1230.,18.));
#17139=CARTESIAN_POINT('Origin',(2355.,1230.,3.));
#17140=CARTESIAN_POINT('Origin',(2355.,1230.,3.));
#17141=CARTESIAN_POINT('Origin',(1727.,1230.,18.));
#17142=CARTESIAN_POINT('',(1721.75,1230.,3.));
#17143=CARTESIAN_POINT('',(1721.75,1230.,18.));
#17144=CARTESIAN_POINT('Origin',(1727.,1230.,3.));
#17145=CARTESIAN_POINT('Origin',(1727.,1230.,3.));
#17146=CARTESIAN_POINT('Origin',(1099.,1230.,18.));
#17147=CARTESIAN_POINT('',(1093.75,1230.,3.));
#17148=CARTESIAN_POINT('',(1093.75,1230.,18.));
#17149=CARTESIAN_POINT('Origin',(1099.,1230.,3.));
#17150=CARTESIAN_POINT('Origin',(1099.,1230.,3.));
#17151=CARTESIAN_POINT('Origin',(471.,1230.,18.));
#17152=CARTESIAN_POINT('',(465.75,1230.,3.));
#17153=CARTESIAN_POINT('',(465.75,1230.,18.));
#17154=CARTESIAN_POINT('Origin',(471.,1230.,3.));
#17155=CARTESIAN_POINT('Origin',(471.,1230.,3.));
#17156=CARTESIAN_POINT('Origin',(25.9999999999998,942.,18.));
#17157=CARTESIAN_POINT('',(20.7499999999998,942.,18.));
#17158=CARTESIAN_POINT('',(20.7499999999998,942.,3.));
#17159=CARTESIAN_POINT('',(20.7499999999998,942.,18.));
#17160=CARTESIAN_POINT('Origin',(25.9999999999998,942.,3.));
#17161=CARTESIAN_POINT('Origin',(25.9999999999998,942.,3.));
#17162=CARTESIAN_POINT('Origin',(26.,314.,18.));
#17163=CARTESIAN_POINT('',(20.75,314.,18.));
#17164=CARTESIAN_POINT('',(20.75,314.,3.));
#17165=CARTESIAN_POINT('',(20.75,314.,18.));
#17166=CARTESIAN_POINT('Origin',(26.,314.,3.));
#17167=CARTESIAN_POINT('Origin',(26.,314.,3.));
#17168=CARTESIAN_POINT('Origin',(26.,471.,18.));
#17169=CARTESIAN_POINT('',(20.75,471.,18.));
#17170=CARTESIAN_POINT('',(20.75,471.,3.));
#17171=CARTESIAN_POINT('',(20.75,471.,18.));
#17172=CARTESIAN_POINT('Origin',(26.,471.,3.));
#17173=CARTESIAN_POINT('Origin',(26.,471.,3.));
#17174=CARTESIAN_POINT('Origin',(25.9999999999998,1099.,18.));
#17175=CARTESIAN_POINT('',(20.7499999999998,1099.,18.));
#17176=CARTESIAN_POINT('',(20.7499999999998,1099.,3.));
#17177=CARTESIAN_POINT('',(20.7499999999998,1099.,18.));
#17178=CARTESIAN_POINT('Origin',(25.9999999999998,1099.,3.));
#17179=CARTESIAN_POINT('Origin',(25.9999999999998,1099.,3.));
#17180=CARTESIAN_POINT('Origin',(628.,1230.,18.));
#17181=CARTESIAN_POINT('',(622.75,1230.,3.));
#17182=CARTESIAN_POINT('',(622.75,1230.,18.));
#17183=CARTESIAN_POINT('Origin',(628.,1230.,3.));
#17184=CARTESIAN_POINT('Origin',(628.,1230.,3.));
#17185=CARTESIAN_POINT('Origin',(1256.,1230.,18.));
#17186=CARTESIAN_POINT('',(1250.75,1230.,3.));
#17187=CARTESIAN_POINT('',(1250.75,1230.,18.));
#17188=CARTESIAN_POINT('Origin',(1256.,1230.,3.));
#17189=CARTESIAN_POINT('Origin',(1256.,1230.,3.));
#17190=CARTESIAN_POINT('Origin',(1884.,1230.,18.));
#17191=CARTESIAN_POINT('',(1878.75,1230.,3.));
#17192=CARTESIAN_POINT('',(1878.75,1230.,18.));
#17193=CARTESIAN_POINT('Origin',(1884.,1230.,3.));
#17194=CARTESIAN_POINT('Origin',(1884.,1230.,3.));
#17195=CARTESIAN_POINT('Origin',(2486.,1099.,18.));
#17196=CARTESIAN_POINT('',(2480.75,1099.,3.));
#17197=CARTESIAN_POINT('',(2480.75,1099.,18.));
#17198=CARTESIAN_POINT('Origin',(2486.,1099.,3.));
#17199=CARTESIAN_POINT('Origin',(2486.,1099.,3.));
#17200=CARTESIAN_POINT('Origin',(2486.,471.,18.));
#17201=CARTESIAN_POINT('',(2480.75,471.,3.));
#17202=CARTESIAN_POINT('',(2480.75,471.,18.));
#17203=CARTESIAN_POINT('Origin',(2486.,471.,3.));
#17204=CARTESIAN_POINT('Origin',(2486.,471.,3.));
#17205=CARTESIAN_POINT('Origin',(2198.,26.0000000000002,18.));
#17206=CARTESIAN_POINT('',(2192.75,26.0000000000002,3.));
#17207=CARTESIAN_POINT('',(2192.75,26.0000000000002,18.));
#17208=CARTESIAN_POINT('Origin',(2198.,26.0000000000002,3.));
#17209=CARTESIAN_POINT('Origin',(2198.,26.0000000000002,3.));
#17210=CARTESIAN_POINT('Origin',(1570.,26.0000000000001,18.));
#17211=CARTESIAN_POINT('',(1564.75,26.0000000000001,3.));
#17212=CARTESIAN_POINT('',(1564.75,26.0000000000001,18.));
#17213=CARTESIAN_POINT('Origin',(1570.,26.0000000000001,3.));
#17214=CARTESIAN_POINT('Origin',(1570.,26.0000000000001,3.));
#17215=CARTESIAN_POINT('Origin',(942.,26.,18.));
#17216=CARTESIAN_POINT('',(936.75,26.,3.));
#17217=CARTESIAN_POINT('',(936.75,26.,18.));
#17218=CARTESIAN_POINT('Origin',(942.,26.,3.));
#17219=CARTESIAN_POINT('Origin',(942.,26.,3.));
#17220=CARTESIAN_POINT('Origin',(314.,26.,18.));
#17221=CARTESIAN_POINT('',(308.75,26.,3.));
#17222=CARTESIAN_POINT('',(308.75,26.,18.));
#17223=CARTESIAN_POINT('Origin',(314.,26.,3.));
#17224=CARTESIAN_POINT('Origin',(314.,26.,3.));
#17225=CARTESIAN_POINT('Origin',(628.,26.,18.));
#17226=CARTESIAN_POINT('',(622.75,26.,3.));
#17227=CARTESIAN_POINT('',(622.75,26.,18.));
#17228=CARTESIAN_POINT('Origin',(628.,26.,3.));
#17229=CARTESIAN_POINT('Origin',(628.,26.,3.));
#17230=CARTESIAN_POINT('Origin',(1256.,26.0000000000001,18.));
#17231=CARTESIAN_POINT('',(1250.75,26.0000000000001,3.));
#17232=CARTESIAN_POINT('',(1250.75,26.0000000000001,18.));
#17233=CARTESIAN_POINT('Origin',(1256.,26.0000000000001,3.));
#17234=CARTESIAN_POINT('Origin',(1256.,26.0000000000001,3.));
#17235=CARTESIAN_POINT('Origin',(1884.,26.0000000000002,18.));
#17236=CARTESIAN_POINT('',(1878.75,26.0000000000002,3.));
#17237=CARTESIAN_POINT('',(1878.75,26.0000000000002,18.));
#17238=CARTESIAN_POINT('Origin',(1884.,26.0000000000002,3.));
#17239=CARTESIAN_POINT('Origin',(1884.,26.0000000000002,3.));
#17240=CARTESIAN_POINT('Origin',(2486.,157.,18.));
#17241=CARTESIAN_POINT('',(2480.75,157.,3.));
#17242=CARTESIAN_POINT('',(2480.75,157.,18.));
#17243=CARTESIAN_POINT('Origin',(2486.,157.,3.));
#17244=CARTESIAN_POINT('Origin',(2486.,157.,3.));
#17245=CARTESIAN_POINT('Origin',(2486.,785.,18.));
#17246=CARTESIAN_POINT('',(2480.75,785.,3.));
#17247=CARTESIAN_POINT('',(2480.75,785.,18.));
#17248=CARTESIAN_POINT('Origin',(2486.,785.,3.));
#17249=CARTESIAN_POINT('Origin',(2486.,785.,3.));
#17250=CARTESIAN_POINT('Origin',(2198.,1230.,18.));
#17251=CARTESIAN_POINT('',(2192.75,1230.,3.));
#17252=CARTESIAN_POINT('',(2192.75,1230.,18.));
#17253=CARTESIAN_POINT('Origin',(2198.,1230.,3.));
#17254=CARTESIAN_POINT('Origin',(2198.,1230.,3.));
#17255=CARTESIAN_POINT('Origin',(1570.,1230.,18.));
#17256=CARTESIAN_POINT('',(1564.75,1230.,3.));
#17257=CARTESIAN_POINT('',(1564.75,1230.,18.));
#17258=CARTESIAN_POINT('Origin',(1570.,1230.,3.));
#17259=CARTESIAN_POINT('Origin',(1570.,1230.,3.));
#17260=CARTESIAN_POINT('Origin',(942.,1230.,18.));
#17261=CARTESIAN_POINT('',(936.75,1230.,3.));
#17262=CARTESIAN_POINT('',(936.75,1230.,18.));
#17263=CARTESIAN_POINT('Origin',(942.,1230.,3.));
#17264=CARTESIAN_POINT('Origin',(942.,1230.,3.));
#17265=CARTESIAN_POINT('Origin',(314.,1230.,18.));
#17266=CARTESIAN_POINT('',(308.75,1230.,3.));
#17267=CARTESIAN_POINT('',(308.75,1230.,18.));
#17268=CARTESIAN_POINT('Origin',(314.,1230.,3.));
#17269=CARTESIAN_POINT('Origin',(314.,1230.,3.));
#17270=CARTESIAN_POINT('Origin',(25.9999999999999,785.,18.));
#17271=CARTESIAN_POINT('',(20.7499999999999,785.,18.));
#17272=CARTESIAN_POINT('',(20.7499999999999,785.,3.));
#17273=CARTESIAN_POINT('',(20.7499999999999,785.,18.));
#17274=CARTESIAN_POINT('Origin',(25.9999999999999,785.,3.));
#17275=CARTESIAN_POINT('Origin',(25.9999999999999,785.,3.));
#17276=CARTESIAN_POINT('Origin',(26.,157.,18.));
#17277=CARTESIAN_POINT('',(20.75,157.,18.));
#17278=CARTESIAN_POINT('',(20.75,157.,3.));
#17279=CARTESIAN_POINT('',(20.75,157.,18.));
#17280=CARTESIAN_POINT('Origin',(26.,157.,3.));
#17281=CARTESIAN_POINT('Origin',(26.,157.,3.));
#17282=CARTESIAN_POINT('Origin',(25.9999999999999,628.,18.));
#17283=CARTESIAN_POINT('',(20.7499999999999,628.,18.));
#17284=CARTESIAN_POINT('',(20.7499999999999,628.,3.));
#17285=CARTESIAN_POINT('',(20.7499999999999,628.,18.));
#17286=CARTESIAN_POINT('Origin',(25.9999999999999,628.,3.));
#17287=CARTESIAN_POINT('Origin',(25.9999999999999,628.,3.));
#17288=CARTESIAN_POINT('Origin',(157.,1230.,18.));
#17289=CARTESIAN_POINT('',(151.75,1230.,3.));
#17290=CARTESIAN_POINT('',(151.75,1230.,18.));
#17291=CARTESIAN_POINT('Origin',(157.,1230.,3.));
#17292=CARTESIAN_POINT('Origin',(157.,1230.,3.));
#17293=CARTESIAN_POINT('Origin',(785.,1230.,18.));
#17294=CARTESIAN_POINT('',(779.75,1230.,3.));
#17295=CARTESIAN_POINT('',(779.75,1230.,18.));
#17296=CARTESIAN_POINT('Origin',(785.,1230.,3.));
#17297=CARTESIAN_POINT('Origin',(785.,1230.,3.));
#17298=CARTESIAN_POINT('Origin',(1413.,1230.,18.));
#17299=CARTESIAN_POINT('',(1407.75,1230.,3.));
#17300=CARTESIAN_POINT('',(1407.75,1230.,18.));
#17301=CARTESIAN_POINT('Origin',(1413.,1230.,3.));
#17302=CARTESIAN_POINT('Origin',(1413.,1230.,3.));
#17303=CARTESIAN_POINT('Origin',(2041.,1230.,18.));
#17304=CARTESIAN_POINT('',(2035.75,1230.,3.));
#17305=CARTESIAN_POINT('',(2035.75,1230.,18.));
#17306=CARTESIAN_POINT('Origin',(2041.,1230.,3.));
#17307=CARTESIAN_POINT('Origin',(2041.,1230.,3.));
#17308=CARTESIAN_POINT('Origin',(2486.,942.,18.));
#17309=CARTESIAN_POINT('',(2480.75,942.,3.));
#17310=CARTESIAN_POINT('',(2480.75,942.,18.));
#17311=CARTESIAN_POINT('Origin',(2486.,942.,3.));
#17312=CARTESIAN_POINT('Origin',(2486.,942.,3.));
#17313=CARTESIAN_POINT('Origin',(2486.,314.,18.));
#17314=CARTESIAN_POINT('',(2480.75,314.,3.));
#17315=CARTESIAN_POINT('',(2480.75,314.,18.));
#17316=CARTESIAN_POINT('Origin',(2486.,314.,3.));
#17317=CARTESIAN_POINT('Origin',(2486.,314.,3.));
#17318=CARTESIAN_POINT('Origin',(2041.,26.0000000000002,18.));
#17319=CARTESIAN_POINT('',(2035.75,26.0000000000002,3.));
#17320=CARTESIAN_POINT('',(2035.75,26.0000000000002,18.));
#17321=CARTESIAN_POINT('Origin',(2041.,26.0000000000002,3.));
#17322=CARTESIAN_POINT('Origin',(2041.,26.0000000000002,3.));
#17323=CARTESIAN_POINT('Origin',(1413.,26.0000000000001,18.));
#17324=CARTESIAN_POINT('',(1407.75,26.0000000000001,3.));
#17325=CARTESIAN_POINT('',(1407.75,26.0000000000001,18.));
#17326=CARTESIAN_POINT('Origin',(1413.,26.0000000000001,3.));
#17327=CARTESIAN_POINT('Origin',(1413.,26.0000000000001,3.));
#17328=CARTESIAN_POINT('Origin',(785.,26.,18.));
#17329=CARTESIAN_POINT('',(779.75,26.,3.));
#17330=CARTESIAN_POINT('',(779.75,26.,18.));
#17331=CARTESIAN_POINT('Origin',(785.,26.,3.));
#17332=CARTESIAN_POINT('Origin',(785.,26.,3.));
#17333=CARTESIAN_POINT('Origin',(157.,25.9999999999999,18.));
#17334=CARTESIAN_POINT('',(151.75,25.9999999999999,3.));
#17335=CARTESIAN_POINT('',(151.75,25.9999999999999,18.));
#17336=CARTESIAN_POINT('Origin',(157.,25.9999999999999,3.));
#17337=CARTESIAN_POINT('Origin',(157.,25.9999999999999,3.));
#17338=UNCERTAINTY_MEASURE_WITH_UNIT(LENGTH_MEASURE(0.01),#17342,
'DISTANCE_ACCURACY_VALUE',
'Maximum model space distance between geometric entities at asserted c
onnectivities');
#17339=UNCERTAINTY_MEASURE_WITH_UNIT(LENGTH_MEASURE(0.01),#17342,
'DISTANCE_ACCURACY_VALUE',
'Maximum model space distance between geometric entities at asserted c
onnectivities');
#17340=(
GEOMETRIC_REPRESENTATION_CONTEXT(3)
GLOBAL_UNCERTAINTY_ASSIGNED_CONTEXT((#17338))
GLOBAL_UNIT_ASSIGNED_CONTEXT((#17342,#17344,#17345))
REPRESENTATION_CONTEXT('','3D')
);
#17341=(
GEOMETRIC_REPRESENTATION_CONTEXT(3)
GLOBAL_UNCERTAINTY_ASSIGNED_CONTEXT((#17339))
GLOBAL_UNIT_ASSIGNED_CONTEXT((#17342,#17344,#17345))
REPRESENTATION_CONTEXT('','3D')
);
#17342=(
LENGTH_UNIT()
NAMED_UNIT(*)
SI_UNIT(.MILLI.,.METRE.)
);
#17343=(
LENGTH_UNIT()
NAMED_UNIT(*)
SI_UNIT(.CENTI.,.METRE.)
);
#17344=(
NAMED_UNIT(*)
PLANE_ANGLE_UNIT()
SI_UNIT($,.RADIAN.)
);
#17345=(
NAMED_UNIT(*)
SI_UNIT($,.STERADIAN.)
SOLID_ANGLE_UNIT()
);
#17346=SHAPE_DEFINITION_REPRESENTATION(#17347,#17348);
#17347=PRODUCT_DEFINITION_SHAPE('',$,#17350);
#17348=SHAPE_REPRESENTATION('',(#8614),#17340);
#17349=PRODUCT_DEFINITION_CONTEXT('part definition',#17354,'design');
#17350=PRODUCT_DEFINITION('120x240_005','120x240_005',#17351,#17349);
#17351=PRODUCT_DEFINITION_FORMATION('',$,#17356);
#17352=PRODUCT_RELATED_PRODUCT_CATEGORY('120x240_005','120x240_005',(#17356));
#17353=APPLICATION_PROTOCOL_DEFINITION('international standard',
'automotive_design',2009,#17354);
#17354=APPLICATION_CONTEXT(
'Core Data for Automotive Mechanical Design Process');
#17355=PRODUCT_CONTEXT('part definition',#17354,'mechanical');
#17356=PRODUCT('120x240_005','120x240_005',$,(#17355));
#17357=PRESENTATION_STYLE_ASSIGNMENT((#17358));
#17358=SURFACE_STYLE_USAGE(.BOTH.,#17361);
#17359=SURFACE_STYLE_RENDERING_WITH_PROPERTIES($,#17365,(#17360));
#17360=SURFACE_STYLE_TRANSPARENT(0.);
#17361=SURFACE_SIDE_STYLE('',(#17362,#17359));
#17362=SURFACE_STYLE_FILL_AREA(#17363);
#17363=FILL_AREA_STYLE('',(#17364));
#17364=FILL_AREA_STYLE_COLOUR('',#17365);
#17365=COLOUR_RGB('',0.749019607843137,0.749019607843137,0.749019607843137);
ENDSEC;
END-ISO-10303-21;
