ISO-10303-21;
HEADER;
/* Generated by software containing ST-Developer
 * from STEP Tools, Inc. (www.steptools.com) 
 */

FILE_DESCRIPTION(
/* description */ (''),
/* implementation_level */ '2;1');

FILE_NAME(
/* name */ '023.stp',
/* time_stamp */ '2026-09-09T13:03:31+02:00',
/* author */ ('clehmann'),
/* organization */ (''),
/* preprocessor_version */ 'ST-DEVELOPER v20',
/* originating_system */ 'Autodesk Inventor 2025',
/* authorisation */ '');

FILE_SCHEMA (('AUTOMOTIVE_DESIGN { 1 0 10303 214 3 1 1 }'));
ENDSEC;

DATA;
#10=MECHANICAL_DESIGN_GEOMETRIC_PRESENTATION_REPRESENTATION('',(#67,#68,
#69,#70,#71),#7514);
#11=ITEM_DEFINED_TRANSFORMATION($,$,#3081,#3404);
#12=ITEM_DEFINED_TRANSFORMATION($,$,#3275,#3405);
#13=ITEM_DEFINED_TRANSFORMATION($,$,#3264,#3406);
#14=ITEM_DEFINED_TRANSFORMATION($,$,#3275,#3407);
#15=ITEM_DEFINED_TRANSFORMATION($,$,#3338,#3408);
#16=ITEM_DEFINED_TRANSFORMATION($,$,#3338,#3409);
#17=ITEM_DEFINED_TRANSFORMATION($,$,#3338,#3410);
#18=ITEM_DEFINED_TRANSFORMATION($,$,#3379,#3411);
#19=ITEM_DEFINED_TRANSFORMATION($,$,#3379,#3412);
#20=ITEM_DEFINED_TRANSFORMATION($,$,#3379,#3413);
#21=(
REPRESENTATION_RELATIONSHIP($,$,#7542,#7541)
REPRESENTATION_RELATIONSHIP_WITH_TRANSFORMATION(#11)
SHAPE_REPRESENTATION_RELATIONSHIP()
);
#22=(
REPRESENTATION_RELATIONSHIP($,$,#7544,#7541)
REPRESENTATION_RELATIONSHIP_WITH_TRANSFORMATION(#12)
SHAPE_REPRESENTATION_RELATIONSHIP()
);
#23=(
REPRESENTATION_RELATIONSHIP($,$,#7543,#7541)
REPRESENTATION_RELATIONSHIP_WITH_TRANSFORMATION(#13)
SHAPE_REPRESENTATION_RELATIONSHIP()
);
#24=(
REPRESENTATION_RELATIONSHIP($,$,#7544,#7541)
REPRESENTATION_RELATIONSHIP_WITH_TRANSFORMATION(#14)
SHAPE_REPRESENTATION_RELATIONSHIP()
);
#25=(
REPRESENTATION_RELATIONSHIP($,$,#7545,#7541)
REPRESENTATION_RELATIONSHIP_WITH_TRANSFORMATION(#15)
SHAPE_REPRESENTATION_RELATIONSHIP()
);
#26=(
REPRESENTATION_RELATIONSHIP($,$,#7545,#7541)
REPRESENTATION_RELATIONSHIP_WITH_TRANSFORMATION(#16)
SHAPE_REPRESENTATION_RELATIONSHIP()
);
#27=(
REPRESENTATION_RELATIONSHIP($,$,#7545,#7541)
REPRESENTATION_RELATIONSHIP_WITH_TRANSFORMATION(#17)
SHAPE_REPRESENTATION_RELATIONSHIP()
);
#28=(
REPRESENTATION_RELATIONSHIP($,$,#7546,#7541)
REPRESENTATION_RELATIONSHIP_WITH_TRANSFORMATION(#18)
SHAPE_REPRESENTATION_RELATIONSHIP()
);
#29=(
REPRESENTATION_RELATIONSHIP($,$,#7546,#7541)
REPRESENTATION_RELATIONSHIP_WITH_TRANSFORMATION(#19)
SHAPE_REPRESENTATION_RELATIONSHIP()
);
#30=(
REPRESENTATION_RELATIONSHIP($,$,#7546,#7541)
REPRESENTATION_RELATIONSHIP_WITH_TRANSFORMATION(#20)
SHAPE_REPRESENTATION_RELATIONSHIP()
);
#31=CONTEXT_DEPENDENT_SHAPE_REPRESENTATION(#21,#7531);
#32=CONTEXT_DEPENDENT_SHAPE_REPRESENTATION(#22,#7532);
#33=CONTEXT_DEPENDENT_SHAPE_REPRESENTATION(#23,#7533);
#34=CONTEXT_DEPENDENT_SHAPE_REPRESENTATION(#24,#7534);
#35=CONTEXT_DEPENDENT_SHAPE_REPRESENTATION(#25,#7535);
#36=CONTEXT_DEPENDENT_SHAPE_REPRESENTATION(#26,#7536);
#37=CONTEXT_DEPENDENT_SHAPE_REPRESENTATION(#27,#7537);
#38=CONTEXT_DEPENDENT_SHAPE_REPRESENTATION(#28,#7538);
#39=CONTEXT_DEPENDENT_SHAPE_REPRESENTATION(#29,#7539);
#40=CONTEXT_DEPENDENT_SHAPE_REPRESENTATION(#30,#7540);
#41=NEXT_ASSEMBLY_USAGE_OCCURRENCE('1x7_296x1238_006:1',
'1x7_296x1238_006:1','1x7_296x1238_006:1',#7548,#7549,
'1x7_296x1238_006:1');
#42=NEXT_ASSEMBLY_USAGE_OCCURRENCE('1x1_296x296_006:1',
'1x1_296x296_006:1','1x1_296x296_006:1',#7548,#7551,'1x1_296x296_006:1');
#43=NEXT_ASSEMBLY_USAGE_OCCURRENCE('260211_Schmucketui:1',
'260211_Schmucketui:1','260211_Schmucketui:1',#7548,#7550,
'260211_Schmucketui:1');
#44=NEXT_ASSEMBLY_USAGE_OCCURRENCE('1x1_296x296_006:2',
'1x1_296x296_006:2','1x1_296x296_006:2',#7548,#7551,'1x1_296x296_006:2');
#45=NEXT_ASSEMBLY_USAGE_OCCURRENCE('Verbinder_006:1','Verbinder_006:1',
'Verbinder_006:1',#7548,#7552,'Verbinder_006:1');
#46=NEXT_ASSEMBLY_USAGE_OCCURRENCE('Verbinder_006:2','Verbinder_006:2',
'Verbinder_006:2',#7548,#7552,'Verbinder_006:2');
#47=NEXT_ASSEMBLY_USAGE_OCCURRENCE('Verbinder_006:3','Verbinder_006:3',
'Verbinder_006:3',#7548,#7552,'Verbinder_006:3');
#48=NEXT_ASSEMBLY_USAGE_OCCURRENCE('ISO 10642 M6x35:1',
'ISO 10642 M6x35:1','ISO 10642 M6x35:1',#7548,#7553,'ISO 10642 M6x35:1');
#49=NEXT_ASSEMBLY_USAGE_OCCURRENCE('ISO 10642 M6x35:2',
'ISO 10642 M6x35:2','ISO 10642 M6x35:2',#7548,#7553,'ISO 10642 M6x35:2');
#50=NEXT_ASSEMBLY_USAGE_OCCURRENCE('ISO 10642 M6x35:3',
'ISO 10642 M6x35:3','ISO 10642 M6x35:3',#7548,#7553,'ISO 10642 M6x35:3');
#51=TOROIDAL_SURFACE('',#3339,13.,0.25);
#52=TOROIDAL_SURFACE('',#3348,15.35,0.25);
#53=TOROIDAL_SURFACE('',#3358,18.0357864376269,1.);
#54=TOROIDAL_SURFACE('',#3364,4.,0.5);
#55=TOROIDAL_SURFACE('',#3373,14.45,0.5);
#56=TOROIDAL_SURFACE('',#3388,3.3,0.3);
#57=SHAPE_REPRESENTATION_RELATIONSHIP('SRR','None',#7542,#62);
#58=SHAPE_REPRESENTATION_RELATIONSHIP('SRR','None',#7543,#63);
#59=SHAPE_REPRESENTATION_RELATIONSHIP('SRR','None',#7544,#64);
#60=SHAPE_REPRESENTATION_RELATIONSHIP('SRR','None',#7545,#65);
#61=SHAPE_REPRESENTATION_RELATIONSHIP('SRR','None',#7546,#66);
#62=ADVANCED_BREP_SHAPE_REPRESENTATION('',(#72),#7509);
#63=ADVANCED_BREP_SHAPE_REPRESENTATION('',(#73),#7510);
#64=ADVANCED_BREP_SHAPE_REPRESENTATION('',(#74),#7511);
#65=ADVANCED_BREP_SHAPE_REPRESENTATION('',(#75),#7512);
#66=ADVANCED_BREP_SHAPE_REPRESENTATION('',(#76),#7513);
#67=STYLED_ITEM('',(#3010),#72);
#68=STYLED_ITEM('',(#3011),#73);
#69=STYLED_ITEM('',(#3010),#74);
#70=STYLED_ITEM('',(#3012),#75);
#71=STYLED_ITEM('',(#3013),#76);
#72=MANIFOLD_SOLID_BREP('Volumenk\X\F6rper1',#2946);
#73=MANIFOLD_SOLID_BREP('Volumenk\X\F6rper1',#2947);
#74=MANIFOLD_SOLID_BREP('Volumenk\X\F6rper1',#2948);
#75=MANIFOLD_SOLID_BREP('Volumenk\X\F6rper1',#2949);
#76=MANIFOLD_SOLID_BREP('Solid1',#2950);
#77=CONICAL_SURFACE('',#3173,17.875,0.785398163397451);
#78=CONICAL_SURFACE('',#3178,17.875,0.785398163397451);
#79=CONICAL_SURFACE('',#3183,17.875,0.785398163397451);
#80=CONICAL_SURFACE('',#3188,17.875,0.785398163397451);
#81=CONICAL_SURFACE('',#3193,17.875,0.785398163397451);
#82=CONICAL_SURFACE('',#3198,17.875,0.785398163397448);
#83=CONICAL_SURFACE('',#3203,17.875,0.785398163397451);
#84=CONICAL_SURFACE('',#3204,17.875,0.785398163397451);
#85=CONICAL_SURFACE('',#3205,17.875,0.785398163397451);
#86=CONICAL_SURFACE('',#3206,17.875,0.785398163397451);
#87=CONICAL_SURFACE('',#3207,17.875,0.785398163397451);
#88=CONICAL_SURFACE('',#3208,17.875,0.785398163397451);
#89=CONICAL_SURFACE('',#3209,17.875,0.785398163397448);
#90=CONICAL_SURFACE('',#3214,17.875,0.785398163397448);
#91=CONICAL_SURFACE('',#3319,17.875,0.785398163397448);
#92=CONICAL_SURFACE('',#3324,17.875,0.785398163397448);
#93=CONICAL_SURFACE('',#3362,17.7,0.785398163397448);
#94=CONICAL_SURFACE('',#3378,5.,0.785398163397448);
#95=CONICAL_SURFACE('',#3380,2.75,0.785398163397448);
#96=CONICAL_SURFACE('',#3392,4.5,0.785398163397449);
#97=FACE_BOUND('',#455,.T.);
#98=FACE_BOUND('',#456,.T.);
#99=FACE_BOUND('',#457,.T.);
#100=FACE_BOUND('',#458,.T.);
#101=FACE_BOUND('',#459,.T.);
#102=FACE_BOUND('',#460,.T.);
#103=FACE_BOUND('',#461,.T.);
#104=FACE_BOUND('',#464,.T.);
#105=FACE_BOUND('',#467,.T.);
#106=FACE_BOUND('',#468,.T.);
#107=FACE_BOUND('',#469,.T.);
#108=FACE_BOUND('',#470,.T.);
#109=FACE_BOUND('',#471,.T.);
#110=FACE_BOUND('',#472,.T.);
#111=FACE_BOUND('',#473,.T.);
#112=FACE_BOUND('',#484,.T.);
#113=FACE_BOUND('',#487,.T.);
#114=FACE_BOUND('',#488,.T.);
#115=FACE_BOUND('',#489,.T.);
#116=FACE_BOUND('',#490,.T.);
#117=FACE_BOUND('',#491,.T.);
#118=FACE_BOUND('',#492,.T.);
#119=FACE_BOUND('',#493,.T.);
#120=FACE_BOUND('',#494,.T.);
#121=FACE_BOUND('',#495,.T.);
#122=FACE_BOUND('',#496,.T.);
#123=FACE_BOUND('',#497,.T.);
#124=FACE_BOUND('',#498,.T.);
#125=FACE_BOUND('',#499,.T.);
#126=FACE_BOUND('',#500,.T.);
#127=FACE_BOUND('',#501,.T.);
#128=FACE_BOUND('',#502,.T.);
#129=FACE_BOUND('',#503,.T.);
#130=FACE_BOUND('',#504,.T.);
#131=FACE_BOUND('',#505,.T.);
#132=FACE_BOUND('',#506,.T.);
#133=FACE_BOUND('',#507,.T.);
#134=FACE_BOUND('',#508,.T.);
#135=FACE_BOUND('',#509,.T.);
#136=FACE_BOUND('',#532,.T.);
#137=FACE_BOUND('',#533,.T.);
#138=FACE_BOUND('',#534,.T.);
#139=FACE_BOUND('',#535,.T.);
#140=FACE_BOUND('',#536,.T.);
#141=FACE_BOUND('',#537,.T.);
#142=FACE_BOUND('',#538,.T.);
#143=FACE_BOUND('',#540,.T.);
#144=FACE_BOUND('',#543,.T.);
#145=FACE_BOUND('',#546,.T.);
#146=FACE_BOUND('',#549,.T.);
#147=FACE_BOUND('',#552,.T.);
#148=FACE_BOUND('',#555,.T.);
#149=FACE_BOUND('',#558,.T.);
#150=FACE_BOUND('',#561,.T.);
#151=FACE_BOUND('',#564,.T.);
#152=FACE_BOUND('',#569,.T.);
#153=FACE_BOUND('',#572,.T.);
#154=FACE_BOUND('',#575,.T.);
#155=FACE_BOUND('',#578,.T.);
#156=FACE_BOUND('',#581,.T.);
#157=FACE_BOUND('',#584,.T.);
#158=FACE_BOUND('',#609,.T.);
#159=FACE_BOUND('',#612,.T.);
#160=FACE_BOUND('',#615,.T.);
#161=FACE_BOUND('',#626,.T.);
#162=FACE_BOUND('',#629,.T.);
#163=FACE_BOUND('',#630,.T.);
#164=FACE_BOUND('',#631,.T.);
#165=FACE_BOUND('',#632,.T.);
#166=FACE_BOUND('',#633,.T.);
#167=FACE_BOUND('',#638,.T.);
#168=FACE_BOUND('',#640,.T.);
#169=FACE_BOUND('',#645,.T.);
#170=FACE_BOUND('',#648,.T.);
#171=FACE_BOUND('',#653,.T.);
#172=FACE_BOUND('',#657,.T.);
#173=FACE_BOUND('',#659,.T.);
#174=FACE_BOUND('',#664,.T.);
#175=FACE_BOUND('',#682,.T.);
#176=PLANE('',#3126);
#177=PLANE('',#3127);
#178=PLANE('',#3128);
#179=PLANE('',#3148);
#180=PLANE('',#3149);
#181=PLANE('',#3215);
#182=PLANE('',#3218);
#183=PLANE('',#3221);
#184=PLANE('',#3224);
#185=PLANE('',#3227);
#186=PLANE('',#3230);
#187=PLANE('',#3233);
#188=PLANE('',#3236);
#189=PLANE('',#3239);
#190=PLANE('',#3242);
#191=PLANE('',#3245);
#192=PLANE('',#3248);
#193=PLANE('',#3251);
#194=PLANE('',#3254);
#195=PLANE('',#3257);
#196=PLANE('',#3260);
#197=PLANE('',#3263);
#198=PLANE('',#3265);
#199=PLANE('',#3266);
#200=PLANE('',#3267);
#201=PLANE('',#3268);
#202=PLANE('',#3269);
#203=PLANE('',#3270);
#204=PLANE('',#3271);
#205=PLANE('',#3272);
#206=PLANE('',#3273);
#207=PLANE('',#3274);
#208=PLANE('',#3296);
#209=PLANE('',#3297);
#210=PLANE('',#3298);
#211=PLANE('',#3312);
#212=PLANE('',#3313);
#213=PLANE('',#3325);
#214=PLANE('',#3328);
#215=PLANE('',#3331);
#216=PLANE('',#3334);
#217=PLANE('',#3337);
#218=PLANE('',#3346);
#219=PLANE('',#3355);
#220=PLANE('',#3357);
#221=PLANE('',#3369);
#222=PLANE('',#3387);
#223=PLANE('',#3394);
#224=PLANE('',#3395);
#225=PLANE('',#3396);
#226=PLANE('',#3397);
#227=PLANE('',#3398);
#228=PLANE('',#3399);
#229=PLANE('',#3400);
#230=PLANE('',#3401);
#231=B_SPLINE_SURFACE_WITH_KNOTS('',3,3,((#4904,#4905,#4906,#4907,#4908,
#4909,#4910,#4911,#4912,#4913,#4914,#4915,#4916,#4917),(#4918,#4919,#4920,
#4921,#4922,#4923,#4924,#4925,#4926,#4927,#4928,#4929,#4930,#4931),(#4932,
#4933,#4934,#4935,#4936,#4937,#4938,#4939,#4940,#4941,#4942,#4943,#4944,
#4945),(#4946,#4947,#4948,#4949,#4950,#4951,#4952,#4953,#4954,#4955,#4956,
#4957,#4958,#4959),(#4960,#4961,#4962,#4963,#4964,#4965,#4966,#4967,#4968,
#4969,#4970,#4971,#4972,#4973)),.UNSPECIFIED.,.F.,.F.,.F.,(4,1,4),(4,1,
1,1,1,1,1,1,1,1,1,4),(0.,0.571428571428571,1.),(0.,0.885958224607796,1.77191644921559,
2.65787467382339,3.54383289843119,5.31574934764678,7.08766579686237,8.85958224607796,
9.74554047068576,10.6314986952936,11.5174569199014,12.4034151445092),
 .UNSPECIFIED.);
#232=B_SPLINE_SURFACE_WITH_KNOTS('',3,3,((#5014,#5015,#5016,#5017,#5018,
#5019,#5020,#5021,#5022,#5023,#5024,#5025,#5026,#5027),(#5028,#5029,#5030,
#5031,#5032,#5033,#5034,#5035,#5036,#5037,#5038,#5039,#5040,#5041),(#5042,
#5043,#5044,#5045,#5046,#5047,#5048,#5049,#5050,#5051,#5052,#5053,#5054,
#5055),(#5056,#5057,#5058,#5059,#5060,#5061,#5062,#5063,#5064,#5065,#5066,
#5067,#5068,#5069),(#5070,#5071,#5072,#5073,#5074,#5075,#5076,#5077,#5078,
#5079,#5080,#5081,#5082,#5083)),.UNSPECIFIED.,.F.,.F.,.F.,(4,1,4),(4,1,
1,1,1,1,1,1,1,1,1,4),(0.,0.571428571428571,1.),(1.4210854715202E-14,0.885958224607809,
1.7719164492156,2.6578746738234,3.54383289843119,5.31574934764678,7.08766579686237,
8.85958224607796,9.74554047068575,10.6314986952935,11.5174569199013,12.4034151445091),
 .UNSPECIFIED.);
#233=B_SPLINE_SURFACE_WITH_KNOTS('',3,3,((#5121,#5122,#5123,#5124,#5125,
#5126,#5127,#5128,#5129,#5130,#5131,#5132,#5133,#5134),(#5135,#5136,#5137,
#5138,#5139,#5140,#5141,#5142,#5143,#5144,#5145,#5146,#5147,#5148),(#5149,
#5150,#5151,#5152,#5153,#5154,#5155,#5156,#5157,#5158,#5159,#5160,#5161,
#5162),(#5163,#5164,#5165,#5166,#5167,#5168,#5169,#5170,#5171,#5172,#5173,
#5174,#5175,#5176),(#5177,#5178,#5179,#5180,#5181,#5182,#5183,#5184,#5185,
#5186,#5187,#5188,#5189,#5190)),.UNSPECIFIED.,.F.,.F.,.F.,(4,1,4),(4,1,
1,1,1,1,1,1,1,1,1,4),(0.,0.571428571428571,1.),(3.47638584585747E-15,0.885958224607801,
1.7719164492156,2.6578746738234,3.54383289843119,5.31574934764679,7.08766579686239,
8.85958224607798,9.74554047068578,10.6314986952936,11.5174569199014,12.4034151445092),
 .UNSPECIFIED.);
#234=B_SPLINE_SURFACE_WITH_KNOTS('',3,3,((#5228,#5229,#5230,#5231,#5232,
#5233,#5234,#5235,#5236,#5237,#5238,#5239),(#5240,#5241,#5242,#5243,#5244,
#5245,#5246,#5247,#5248,#5249,#5250,#5251),(#5252,#5253,#5254,#5255,#5256,
#5257,#5258,#5259,#5260,#5261,#5262,#5263),(#5264,#5265,#5266,#5267,#5268,
#5269,#5270,#5271,#5272,#5273,#5274,#5275),(#5276,#5277,#5278,#5279,#5280,
#5281,#5282,#5283,#5284,#5285,#5286,#5287)),.UNSPECIFIED.,.F.,.F.,.F.,(4,
1,4),(4,1,1,1,1,1,1,1,1,4),(0.,0.571428571428571,1.),(0.,0.885958224607794,
1.77191644921559,2.65787467382338,3.54383289843118,5.31574934764677,7.08766579686235,
8.85958224607794,10.6314986952935,12.4034151445091),.UNSPECIFIED.);
#235=B_SPLINE_SURFACE_WITH_KNOTS('',3,3,((#5324,#5325,#5326,#5327),(#5328,
#5329,#5330,#5331),(#5332,#5333,#5334,#5335),(#5336,#5337,#5338,#5339),
(#5340,#5341,#5342,#5343),(#5344,#5345,#5346,#5347),(#5348,#5349,#5350,
#5351),(#5352,#5353,#5354,#5355),(#5356,#5357,#5358,#5359),(#5360,#5361,
#5362,#5363)),.UNSPECIFIED.,.F.,.F.,.F.,(4,1,1,1,1,1,1,4),(4,4),(0.,0.142857142857143,
0.285714285714286,0.428571428571429,0.571428571428571,0.714285714285714,
0.857142857142857,1.),(0.2,1.6),.UNSPECIFIED.);
#236=B_SPLINE_SURFACE_WITH_KNOTS('',3,3,((#5382,#5383,#5384,#5385),(#5386,
#5387,#5388,#5389),(#5390,#5391,#5392,#5393),(#5394,#5395,#5396,#5397),
(#5398,#5399,#5400,#5401),(#5402,#5403,#5404,#5405),(#5406,#5407,#5408,
#5409),(#5410,#5411,#5412,#5413),(#5414,#5415,#5416,#5417),(#5418,#5419,
#5420,#5421)),.UNSPECIFIED.,.F.,.F.,.F.,(4,1,1,1,1,1,1,4),(4,4),(0.,0.142857142857143,
0.285714285714286,0.428571428571429,0.571428571428571,0.714285714285714,
0.857142857142857,1.),(0.2,1.6),.UNSPECIFIED.);
#237=B_SPLINE_SURFACE_WITH_KNOTS('',3,3,((#5452,#5453,#5454,#5455,#5456,
#5457,#5458,#5459,#5460,#5461,#5462,#5463,#5464,#5465),(#5466,#5467,#5468,
#5469,#5470,#5471,#5472,#5473,#5474,#5475,#5476,#5477,#5478,#5479),(#5480,
#5481,#5482,#5483,#5484,#5485,#5486,#5487,#5488,#5489,#5490,#5491,#5492,
#5493),(#5494,#5495,#5496,#5497,#5498,#5499,#5500,#5501,#5502,#5503,#5504,
#5505,#5506,#5507),(#5508,#5509,#5510,#5511,#5512,#5513,#5514,#5515,#5516,
#5517,#5518,#5519,#5520,#5521)),.UNSPECIFIED.,.F.,.F.,.F.,(4,1,4),(4,1,
1,1,1,1,1,1,1,1,1,4),(0.,0.571428571428571,1.),(0.,0.885958224607796,1.77191644921559,
2.65787467382339,3.54383289843118,5.31574934764678,7.08766579686237,8.85958224607796,
9.74554047068576,10.6314986952936,11.5174569199014,12.4034151445091),
 .UNSPECIFIED.);
#238=B_SPLINE_SURFACE_WITH_KNOTS('',3,3,((#5561,#5562,#5563,#5564,#5565,
#5566,#5567,#5568,#5569,#5570,#5571,#5572,#5573),(#5574,#5575,#5576,#5577,
#5578,#5579,#5580,#5581,#5582,#5583,#5584,#5585,#5586),(#5587,#5588,#5589,
#5590,#5591,#5592,#5593,#5594,#5595,#5596,#5597,#5598,#5599),(#5600,#5601,
#5602,#5603,#5604,#5605,#5606,#5607,#5608,#5609,#5610,#5611,#5612),(#5613,
#5614,#5615,#5616,#5617,#5618,#5619,#5620,#5621,#5622,#5623,#5624,#5625)),
 .UNSPECIFIED.,.F.,.F.,.F.,(4,1,4),(4,1,1,1,1,1,1,1,1,1,4),(0.,0.571428571428571,
1.),(1.15334295073714E-14,0.885958224607807,1.7719164492156,3.5438328984312,
5.31574934764679,7.08766579686238,8.85958224607797,9.74554047068577,10.6314986952936,
11.5174569199014,12.4034151445092),.UNSPECIFIED.);
#239=B_SPLINE_SURFACE_WITH_KNOTS('',3,3,((#5645,#5646,#5647,#5648,#5649,
#5650,#5651,#5652,#5653,#5654,#5655,#5656),(#5657,#5658,#5659,#5660,#5661,
#5662,#5663,#5664,#5665,#5666,#5667,#5668),(#5669,#5670,#5671,#5672,#5673,
#5674,#5675,#5676,#5677,#5678,#5679,#5680),(#5681,#5682,#5683,#5684,#5685,
#5686,#5687,#5688,#5689,#5690,#5691,#5692),(#5693,#5694,#5695,#5696,#5697,
#5698,#5699,#5700,#5701,#5702,#5703,#5704)),.UNSPECIFIED.,.F.,.F.,.F.,(4,
1,4),(4,1,1,1,1,1,1,1,1,4),(0.,0.571428571428571,1.),(0.,0.885958224607795,
1.77191644921559,2.65787467382339,3.54383289843118,5.31574934764677,7.08766579686236,
8.85958224607795,10.6314986952935,12.4034151445091),.UNSPECIFIED.);
#240=B_SPLINE_SURFACE_WITH_KNOTS('',3,3,((#5723,#5724,#5725,#5726,#5727,
#5728,#5729,#5730,#5731,#5732,#5733,#5734,#5735,#5736,#5737),(#5738,#5739,
#5740,#5741,#5742,#5743,#5744,#5745,#5746,#5747,#5748,#5749,#5750,#5751,
#5752),(#5753,#5754,#5755,#5756,#5757,#5758,#5759,#5760,#5761,#5762,#5763,
#5764,#5765,#5766,#5767),(#5768,#5769,#5770,#5771,#5772,#5773,#5774,#5775,
#5776,#5777,#5778,#5779,#5780,#5781,#5782),(#5783,#5784,#5785,#5786,#5787,
#5788,#5789,#5790,#5791,#5792,#5793,#5794,#5795,#5796,#5797)),
 .UNSPECIFIED.,.F.,.F.,.F.,(4,1,4),(4,1,1,1,1,1,1,1,1,1,1,1,4),(0.,0.571428571428571,
1.),(1.75706671434754E-14,0.885958224607814,1.77191644921561,2.65787467382341,
3.5438328984312,5.3157493476468,7.08766579686239,8.41660313377408,8.85958224607798,
9.74554047068578,10.6314986952936,11.5174569199014,12.4034151445092),
 .UNSPECIFIED.);
#241=B_SPLINE_SURFACE_WITH_KNOTS('',3,3,((#5834,#5835,#5836,#5837),(#5838,
#5839,#5840,#5841),(#5842,#5843,#5844,#5845),(#5846,#5847,#5848,#5849),
(#5850,#5851,#5852,#5853),(#5854,#5855,#5856,#5857),(#5858,#5859,#5860,
#5861),(#5862,#5863,#5864,#5865),(#5866,#5867,#5868,#5869),(#5870,#5871,
#5872,#5873)),.UNSPECIFIED.,.F.,.F.,.F.,(4,1,1,1,1,1,1,4),(4,4),(0.,0.142857142857143,
0.285714285714286,0.428571428571429,0.571428571428571,0.714285714285714,
0.857142857142857,1.),(0.2,1.6),.UNSPECIFIED.);
#242=B_SPLINE_SURFACE_WITH_KNOTS('',3,3,((#5877,#5878,#5879,#5880),(#5881,
#5882,#5883,#5884),(#5885,#5886,#5887,#5888),(#5889,#5890,#5891,#5892),
(#5893,#5894,#5895,#5896),(#5897,#5898,#5899,#5900),(#5901,#5902,#5903,
#5904),(#5905,#5906,#5907,#5908),(#5909,#5910,#5911,#5912),(#5913,#5914,
#5915,#5916)),.UNSPECIFIED.,.F.,.F.,.F.,(4,1,1,1,1,1,1,4),(4,4),(0.,0.142857142857143,
0.285714285714286,0.428571428571429,0.571428571428571,0.714285714285714,
0.857142857142857,1.),(0.2,1.6),.UNSPECIFIED.);
#243=B_SPLINE_SURFACE_WITH_KNOTS('',3,3,((#6351,#6352,#6353,#6354,#6355,
#6356,#6357,#6358,#6359,#6360,#6361,#6362,#6363,#6364),(#6365,#6366,#6367,
#6368,#6369,#6370,#6371,#6372,#6373,#6374,#6375,#6376,#6377,#6378),(#6379,
#6380,#6381,#6382,#6383,#6384,#6385,#6386,#6387,#6388,#6389,#6390,#6391,
#6392),(#6393,#6394,#6395,#6396,#6397,#6398,#6399,#6400,#6401,#6402,#6403,
#6404,#6405,#6406),(#6407,#6408,#6409,#6410,#6411,#6412,#6413,#6414,#6415,
#6416,#6417,#6418,#6419,#6420)),.UNSPECIFIED.,.F.,.F.,.F.,(4,1,4),(4,1,
1,1,1,1,1,1,1,1,1,4),(0.,0.571428571428571,1.),(0.,0.885958224607794,1.77191644921559,
2.65787467382338,3.54383289843118,5.31574934764677,7.08766579686236,8.85958224607794,
9.74554047068574,10.6314986952935,11.5174569199013,12.4034151445091),
 .UNSPECIFIED.);
#244=B_SPLINE_SURFACE_WITH_KNOTS('',3,3,((#6461,#6462,#6463,#6464,#6465,
#6466,#6467,#6468,#6469,#6470,#6471,#6472),(#6473,#6474,#6475,#6476,#6477,
#6478,#6479,#6480,#6481,#6482,#6483,#6484),(#6485,#6486,#6487,#6488,#6489,
#6490,#6491,#6492,#6493,#6494,#6495,#6496),(#6497,#6498,#6499,#6500,#6501,
#6502,#6503,#6504,#6505,#6506,#6507,#6508),(#6509,#6510,#6511,#6512,#6513,
#6514,#6515,#6516,#6517,#6518,#6519,#6520)),.UNSPECIFIED.,.F.,.F.,.F.,(4,
1,4),(4,1,1,1,1,1,1,1,1,4),(0.,0.571428571428571,1.),(0.,0.885958224607799,
1.7719164492156,2.6578746738234,3.54383289843119,5.31574934764679,7.08766579686239,
8.85958224607799,10.6314986952936,12.4034151445092),.UNSPECIFIED.);
#245=B_SPLINE_SURFACE_WITH_KNOTS('',3,3,((#6554,#6555,#6556,#6557,#6558,
#6559,#6560,#6561,#6562,#6563,#6564,#6565,#6566),(#6567,#6568,#6569,#6570,
#6571,#6572,#6573,#6574,#6575,#6576,#6577,#6578,#6579),(#6580,#6581,#6582,
#6583,#6584,#6585,#6586,#6587,#6588,#6589,#6590,#6591,#6592),(#6593,#6594,
#6595,#6596,#6597,#6598,#6599,#6600,#6601,#6602,#6603,#6604,#6605),(#6606,
#6607,#6608,#6609,#6610,#6611,#6612,#6613,#6614,#6615,#6616,#6617,#6618)),
 .UNSPECIFIED.,.F.,.F.,.F.,(4,1,4),(4,1,1,1,1,1,1,1,1,1,4),(0.,0.571428571428571,
1.),(1.942890293094E-17,0.885958224607795,1.77191644921559,2.65787467382339,
3.54383289843118,5.31574934764677,7.08766579686236,8.41660313377406,8.85958224607795,
10.6314986952935,12.4034151445091),.UNSPECIFIED.);
#246=B_SPLINE_SURFACE_WITH_KNOTS('',3,3,((#6654,#6655,#6656,#6657,#6658,
#6659,#6660,#6661,#6662,#6663,#6664,#6665),(#6666,#6667,#6668,#6669,#6670,
#6671,#6672,#6673,#6674,#6675,#6676,#6677),(#6678,#6679,#6680,#6681,#6682,
#6683,#6684,#6685,#6686,#6687,#6688,#6689),(#6690,#6691,#6692,#6693,#6694,
#6695,#6696,#6697,#6698,#6699,#6700,#6701),(#6702,#6703,#6704,#6705,#6706,
#6707,#6708,#6709,#6710,#6711,#6712,#6713)),.UNSPECIFIED.,.F.,.F.,.F.,(4,
1,4),(4,1,1,1,1,1,1,1,1,4),(0.,0.571428571428571,1.),(1.11022302462515E-17,
0.885958224607795,1.77191644921559,2.65787467382338,3.54383289843118,5.31574934764677,
7.08766579686236,8.85958224607795,10.6314986952935,12.4034151445091),
 .UNSPECIFIED.);
#247=B_SPLINE_SURFACE_WITH_KNOTS('',3,3,((#6750,#6751,#6752,#6753),(#6754,
#6755,#6756,#6757),(#6758,#6759,#6760,#6761),(#6762,#6763,#6764,#6765),
(#6766,#6767,#6768,#6769),(#6770,#6771,#6772,#6773),(#6774,#6775,#6776,
#6777),(#6778,#6779,#6780,#6781),(#6782,#6783,#6784,#6785),(#6786,#6787,
#6788,#6789)),.UNSPECIFIED.,.F.,.F.,.F.,(4,1,1,1,1,1,1,4),(4,4),(0.,0.142857142857143,
0.285714285714286,0.428571428571429,0.571428571428571,0.714285714285714,
0.857142857142857,1.),(0.2,1.6),.UNSPECIFIED.);
#248=B_SPLINE_SURFACE_WITH_KNOTS('',3,3,((#6808,#6809,#6810,#6811),(#6812,
#6813,#6814,#6815),(#6816,#6817,#6818,#6819),(#6820,#6821,#6822,#6823),
(#6824,#6825,#6826,#6827),(#6828,#6829,#6830,#6831),(#6832,#6833,#6834,
#6835),(#6836,#6837,#6838,#6839),(#6840,#6841,#6842,#6843),(#6844,#6845,
#6846,#6847)),.UNSPECIFIED.,.F.,.F.,.F.,(4,1,1,1,1,1,1,4),(4,4),(0.,0.142857142857143,
0.285714285714286,0.428571428571429,0.571428571428571,0.714285714285714,
0.857142857142857,1.),(0.2,1.6),.UNSPECIFIED.);
#249=B_SPLINE_SURFACE_WITH_KNOTS('',3,3,((#6866,#6867,#6868,#6869,#6870,
#6871,#6872,#6873,#6874,#6875,#6876,#6877),(#6878,#6879,#6880,#6881,#6882,
#6883,#6884,#6885,#6886,#6887,#6888,#6889),(#6890,#6891,#6892,#6893,#6894,
#6895,#6896,#6897,#6898,#6899,#6900,#6901),(#6902,#6903,#6904,#6905,#6906,
#6907,#6908,#6909,#6910,#6911,#6912,#6913),(#6914,#6915,#6916,#6917,#6918,
#6919,#6920,#6921,#6922,#6923,#6924,#6925)),.UNSPECIFIED.,.F.,.F.,.F.,(4,
1,4),(4,1,1,1,1,1,1,1,1,4),(0.,0.571428571428571,1.),(0.,0.885958224607799,
1.7719164492156,2.6578746738234,3.5438328984312,5.3157493476468,7.08766579686239,
8.85958224607799,10.6314986952936,12.4034151445092),.UNSPECIFIED.);
#250=B_SPLINE_SURFACE_WITH_KNOTS('',3,3,((#6961,#6962,#6963,#6964,#6965,
#6966,#6967,#6968,#6969,#6970,#6971,#6972,#6973),(#6974,#6975,#6976,#6977,
#6978,#6979,#6980,#6981,#6982,#6983,#6984,#6985,#6986),(#6987,#6988,#6989,
#6990,#6991,#6992,#6993,#6994,#6995,#6996,#6997,#6998,#6999),(#7000,#7001,
#7002,#7003,#7004,#7005,#7006,#7007,#7008,#7009,#7010,#7011,#7012),(#7013,
#7014,#7015,#7016,#7017,#7018,#7019,#7020,#7021,#7022,#7023,#7024,#7025)),
 .UNSPECIFIED.,.F.,.F.,.F.,(4,1,4),(4,1,1,1,1,1,1,1,1,1,4),(0.,0.571428571428571,
1.),(0.,0.885958224607794,1.77191644921559,3.54383289843118,5.31574934764677,
7.08766579686236,8.85958224607795,9.74554047068574,10.6314986952935,11.5174569199013,
12.4034151445091),.UNSPECIFIED.);
#251=B_SPLINE_SURFACE_WITH_KNOTS('',3,3,((#7045,#7046,#7047,#7048,#7049,
#7050,#7051,#7052,#7053,#7054,#7055,#7056),(#7057,#7058,#7059,#7060,#7061,
#7062,#7063,#7064,#7065,#7066,#7067,#7068),(#7069,#7070,#7071,#7072,#7073,
#7074,#7075,#7076,#7077,#7078,#7079,#7080),(#7081,#7082,#7083,#7084,#7085,
#7086,#7087,#7088,#7089,#7090,#7091,#7092),(#7093,#7094,#7095,#7096,#7097,
#7098,#7099,#7100,#7101,#7102,#7103,#7104)),.UNSPECIFIED.,.F.,.F.,.F.,(4,
1,4),(4,1,1,1,1,1,1,1,1,4),(0.,0.571428571428571,1.),(1.08099507843447E-28,
0.885958224607795,1.77191644921559,2.65787467382338,3.54383289843118,5.31574934764677,
7.08766579686236,8.85958224607795,10.6314986952935,12.4034151445091),
 .UNSPECIFIED.);
#252=B_SPLINE_SURFACE_WITH_KNOTS('',3,3,((#7123,#7124,#7125,#7126,#7127,
#7128,#7129,#7130,#7131,#7132,#7133,#7134,#7135,#7136),(#7137,#7138,#7139,
#7140,#7141,#7142,#7143,#7144,#7145,#7146,#7147,#7148,#7149,#7150),(#7151,
#7152,#7153,#7154,#7155,#7156,#7157,#7158,#7159,#7160,#7161,#7162,#7163,
#7164),(#7165,#7166,#7167,#7168,#7169,#7170,#7171,#7172,#7173,#7174,#7175,
#7176,#7177,#7178),(#7179,#7180,#7181,#7182,#7183,#7184,#7185,#7186,#7187,
#7188,#7189,#7190,#7191,#7192)),.UNSPECIFIED.,.F.,.F.,.F.,(4,1,4),(4,1,
1,1,1,1,1,1,1,1,1,4),(0.,0.571428571428571,1.),(3.35287353436834E-15,0.885958224607798,
1.77191644921559,2.65787467382339,3.54383289843118,5.31574934764677,7.08766579686236,
8.85958224607795,9.74554047068574,10.6314986952935,11.5174569199013,12.4034151445091),
 .UNSPECIFIED.);
#253=B_SPLINE_SURFACE_WITH_KNOTS('',3,3,((#7227,#7228,#7229,#7230),(#7231,
#7232,#7233,#7234),(#7235,#7236,#7237,#7238),(#7239,#7240,#7241,#7242),
(#7243,#7244,#7245,#7246),(#7247,#7248,#7249,#7250),(#7251,#7252,#7253,
#7254),(#7255,#7256,#7257,#7258),(#7259,#7260,#7261,#7262),(#7263,#7264,
#7265,#7266)),.UNSPECIFIED.,.F.,.F.,.F.,(4,1,1,1,1,1,1,4),(4,4),(0.,0.142857142857143,
0.285714285714286,0.428571428571429,0.571428571428571,0.714285714285714,
0.857142857142857,1.),(0.2,1.6),.UNSPECIFIED.);
#254=B_SPLINE_SURFACE_WITH_KNOTS('',3,3,((#7270,#7271,#7272,#7273),(#7274,
#7275,#7276,#7277),(#7278,#7279,#7280,#7281),(#7282,#7283,#7284,#7285),
(#7286,#7287,#7288,#7289),(#7290,#7291,#7292,#7293),(#7294,#7295,#7296,
#7297),(#7298,#7299,#7300,#7301),(#7302,#7303,#7304,#7305),(#7306,#7307,
#7308,#7309)),.UNSPECIFIED.,.F.,.F.,.F.,(4,1,1,1,1,1,1,4),(4,4),(0.,0.142857142857143,
0.285714285714286,0.428571428571429,0.571428571428571,0.714285714285714,
0.857142857142857,1.),(0.2,1.6),.UNSPECIFIED.);
#255=FACE_OUTER_BOUND('',#430,.T.);
#256=FACE_OUTER_BOUND('',#431,.T.);
#257=FACE_OUTER_BOUND('',#432,.T.);
#258=FACE_OUTER_BOUND('',#433,.T.);
#259=FACE_OUTER_BOUND('',#434,.T.);
#260=FACE_OUTER_BOUND('',#435,.T.);
#261=FACE_OUTER_BOUND('',#436,.T.);
#262=FACE_OUTER_BOUND('',#437,.T.);
#263=FACE_OUTER_BOUND('',#438,.T.);
#264=FACE_OUTER_BOUND('',#439,.T.);
#265=FACE_OUTER_BOUND('',#440,.T.);
#266=FACE_OUTER_BOUND('',#441,.T.);
#267=FACE_OUTER_BOUND('',#442,.T.);
#268=FACE_OUTER_BOUND('',#443,.T.);
#269=FACE_OUTER_BOUND('',#444,.T.);
#270=FACE_OUTER_BOUND('',#445,.T.);
#271=FACE_OUTER_BOUND('',#446,.T.);
#272=FACE_OUTER_BOUND('',#447,.T.);
#273=FACE_OUTER_BOUND('',#448,.T.);
#274=FACE_OUTER_BOUND('',#449,.T.);
#275=FACE_OUTER_BOUND('',#450,.T.);
#276=FACE_OUTER_BOUND('',#451,.T.);
#277=FACE_OUTER_BOUND('',#452,.T.);
#278=FACE_OUTER_BOUND('',#453,.T.);
#279=FACE_OUTER_BOUND('',#454,.T.);
#280=FACE_OUTER_BOUND('',#462,.T.);
#281=FACE_OUTER_BOUND('',#463,.T.);
#282=FACE_OUTER_BOUND('',#465,.T.);
#283=FACE_OUTER_BOUND('',#466,.T.);
#284=FACE_OUTER_BOUND('',#474,.T.);
#285=FACE_OUTER_BOUND('',#475,.T.);
#286=FACE_OUTER_BOUND('',#476,.T.);
#287=FACE_OUTER_BOUND('',#477,.T.);
#288=FACE_OUTER_BOUND('',#478,.T.);
#289=FACE_OUTER_BOUND('',#479,.T.);
#290=FACE_OUTER_BOUND('',#480,.T.);
#291=FACE_OUTER_BOUND('',#481,.T.);
#292=FACE_OUTER_BOUND('',#482,.T.);
#293=FACE_OUTER_BOUND('',#483,.T.);
#294=FACE_OUTER_BOUND('',#485,.T.);
#295=FACE_OUTER_BOUND('',#486,.T.);
#296=FACE_OUTER_BOUND('',#510,.T.);
#297=FACE_OUTER_BOUND('',#511,.T.);
#298=FACE_OUTER_BOUND('',#512,.T.);
#299=FACE_OUTER_BOUND('',#513,.T.);
#300=FACE_OUTER_BOUND('',#514,.T.);
#301=FACE_OUTER_BOUND('',#515,.T.);
#302=FACE_OUTER_BOUND('',#516,.T.);
#303=FACE_OUTER_BOUND('',#517,.T.);
#304=FACE_OUTER_BOUND('',#518,.T.);
#305=FACE_OUTER_BOUND('',#519,.T.);
#306=FACE_OUTER_BOUND('',#520,.T.);
#307=FACE_OUTER_BOUND('',#521,.T.);
#308=FACE_OUTER_BOUND('',#522,.T.);
#309=FACE_OUTER_BOUND('',#523,.T.);
#310=FACE_OUTER_BOUND('',#524,.T.);
#311=FACE_OUTER_BOUND('',#525,.T.);
#312=FACE_OUTER_BOUND('',#526,.T.);
#313=FACE_OUTER_BOUND('',#527,.T.);
#314=FACE_OUTER_BOUND('',#528,.T.);
#315=FACE_OUTER_BOUND('',#529,.T.);
#316=FACE_OUTER_BOUND('',#530,.T.);
#317=FACE_OUTER_BOUND('',#531,.T.);
#318=FACE_OUTER_BOUND('',#539,.T.);
#319=FACE_OUTER_BOUND('',#541,.T.);
#320=FACE_OUTER_BOUND('',#542,.T.);
#321=FACE_OUTER_BOUND('',#544,.T.);
#322=FACE_OUTER_BOUND('',#545,.T.);
#323=FACE_OUTER_BOUND('',#547,.T.);
#324=FACE_OUTER_BOUND('',#548,.T.);
#325=FACE_OUTER_BOUND('',#550,.T.);
#326=FACE_OUTER_BOUND('',#551,.T.);
#327=FACE_OUTER_BOUND('',#553,.T.);
#328=FACE_OUTER_BOUND('',#554,.T.);
#329=FACE_OUTER_BOUND('',#556,.T.);
#330=FACE_OUTER_BOUND('',#557,.T.);
#331=FACE_OUTER_BOUND('',#559,.T.);
#332=FACE_OUTER_BOUND('',#560,.T.);
#333=FACE_OUTER_BOUND('',#562,.T.);
#334=FACE_OUTER_BOUND('',#563,.T.);
#335=FACE_OUTER_BOUND('',#565,.T.);
#336=FACE_OUTER_BOUND('',#566,.T.);
#337=FACE_OUTER_BOUND('',#567,.T.);
#338=FACE_OUTER_BOUND('',#568,.T.);
#339=FACE_OUTER_BOUND('',#570,.T.);
#340=FACE_OUTER_BOUND('',#571,.T.);
#341=FACE_OUTER_BOUND('',#573,.T.);
#342=FACE_OUTER_BOUND('',#574,.T.);
#343=FACE_OUTER_BOUND('',#576,.T.);
#344=FACE_OUTER_BOUND('',#577,.T.);
#345=FACE_OUTER_BOUND('',#579,.T.);
#346=FACE_OUTER_BOUND('',#580,.T.);
#347=FACE_OUTER_BOUND('',#582,.T.);
#348=FACE_OUTER_BOUND('',#583,.T.);
#349=FACE_OUTER_BOUND('',#585,.T.);
#350=FACE_OUTER_BOUND('',#586,.T.);
#351=FACE_OUTER_BOUND('',#587,.T.);
#352=FACE_OUTER_BOUND('',#588,.T.);
#353=FACE_OUTER_BOUND('',#589,.T.);
#354=FACE_OUTER_BOUND('',#590,.T.);
#355=FACE_OUTER_BOUND('',#591,.T.);
#356=FACE_OUTER_BOUND('',#592,.T.);
#357=FACE_OUTER_BOUND('',#593,.T.);
#358=FACE_OUTER_BOUND('',#594,.T.);
#359=FACE_OUTER_BOUND('',#595,.T.);
#360=FACE_OUTER_BOUND('',#596,.T.);
#361=FACE_OUTER_BOUND('',#597,.T.);
#362=FACE_OUTER_BOUND('',#598,.T.);
#363=FACE_OUTER_BOUND('',#599,.T.);
#364=FACE_OUTER_BOUND('',#600,.T.);
#365=FACE_OUTER_BOUND('',#601,.T.);
#366=FACE_OUTER_BOUND('',#602,.T.);
#367=FACE_OUTER_BOUND('',#603,.T.);
#368=FACE_OUTER_BOUND('',#604,.T.);
#369=FACE_OUTER_BOUND('',#605,.T.);
#370=FACE_OUTER_BOUND('',#606,.T.);
#371=FACE_OUTER_BOUND('',#607,.T.);
#372=FACE_OUTER_BOUND('',#608,.T.);
#373=FACE_OUTER_BOUND('',#610,.T.);
#374=FACE_OUTER_BOUND('',#611,.T.);
#375=FACE_OUTER_BOUND('',#613,.T.);
#376=FACE_OUTER_BOUND('',#614,.T.);
#377=FACE_OUTER_BOUND('',#616,.T.);
#378=FACE_OUTER_BOUND('',#617,.T.);
#379=FACE_OUTER_BOUND('',#618,.T.);
#380=FACE_OUTER_BOUND('',#619,.T.);
#381=FACE_OUTER_BOUND('',#620,.T.);
#382=FACE_OUTER_BOUND('',#621,.T.);
#383=FACE_OUTER_BOUND('',#622,.T.);
#384=FACE_OUTER_BOUND('',#623,.T.);
#385=FACE_OUTER_BOUND('',#624,.T.);
#386=FACE_OUTER_BOUND('',#625,.T.);
#387=FACE_OUTER_BOUND('',#627,.T.);
#388=FACE_OUTER_BOUND('',#628,.T.);
#389=FACE_OUTER_BOUND('',#634,.T.);
#390=FACE_OUTER_BOUND('',#635,.T.);
#391=FACE_OUTER_BOUND('',#636,.T.);
#392=FACE_OUTER_BOUND('',#637,.T.);
#393=FACE_OUTER_BOUND('',#639,.T.);
#394=FACE_OUTER_BOUND('',#641,.T.);
#395=FACE_OUTER_BOUND('',#642,.T.);
#396=FACE_OUTER_BOUND('',#643,.T.);
#397=FACE_OUTER_BOUND('',#644,.T.);
#398=FACE_OUTER_BOUND('',#646,.T.);
#399=FACE_OUTER_BOUND('',#647,.T.);
#400=FACE_OUTER_BOUND('',#649,.T.);
#401=FACE_OUTER_BOUND('',#650,.T.);
#402=FACE_OUTER_BOUND('',#651,.T.);
#403=FACE_OUTER_BOUND('',#652,.T.);
#404=FACE_OUTER_BOUND('',#654,.T.);
#405=FACE_OUTER_BOUND('',#655,.T.);
#406=FACE_OUTER_BOUND('',#656,.T.);
#407=FACE_OUTER_BOUND('',#658,.T.);
#408=FACE_OUTER_BOUND('',#660,.T.);
#409=FACE_OUTER_BOUND('',#661,.T.);
#410=FACE_OUTER_BOUND('',#662,.T.);
#411=FACE_OUTER_BOUND('',#663,.T.);
#412=FACE_OUTER_BOUND('',#665,.T.);
#413=FACE_OUTER_BOUND('',#666,.T.);
#414=FACE_OUTER_BOUND('',#667,.T.);
#415=FACE_OUTER_BOUND('',#668,.T.);
#416=FACE_OUTER_BOUND('',#669,.T.);
#417=FACE_OUTER_BOUND('',#670,.T.);
#418=FACE_OUTER_BOUND('',#671,.T.);
#419=FACE_OUTER_BOUND('',#672,.T.);
#420=FACE_OUTER_BOUND('',#673,.T.);
#421=FACE_OUTER_BOUND('',#674,.T.);
#422=FACE_OUTER_BOUND('',#675,.T.);
#423=FACE_OUTER_BOUND('',#676,.T.);
#424=FACE_OUTER_BOUND('',#677,.T.);
#425=FACE_OUTER_BOUND('',#678,.T.);
#426=FACE_OUTER_BOUND('',#679,.T.);
#427=FACE_OUTER_BOUND('',#680,.T.);
#428=FACE_OUTER_BOUND('',#681,.T.);
#429=FACE_OUTER_BOUND('',#683,.T.);
#430=EDGE_LOOP('',(#1903,#1904,#1905,#1906,#1907,#1908));
#431=EDGE_LOOP('',(#1909,#1910,#1911,#1912));
#432=EDGE_LOOP('',(#1913,#1914,#1915,#1916));
#433=EDGE_LOOP('',(#1917,#1918,#1919,#1920));
#434=EDGE_LOOP('',(#1921,#1922,#1923,#1924));
#435=EDGE_LOOP('',(#1925,#1926,#1927,#1928));
#436=EDGE_LOOP('',(#1929,#1930,#1931,#1932));
#437=EDGE_LOOP('',(#1933,#1934,#1935,#1936));
#438=EDGE_LOOP('',(#1937,#1938,#1939,#1940,#1941));
#439=EDGE_LOOP('',(#1942,#1943,#1944,#1945,#1946));
#440=EDGE_LOOP('',(#1947,#1948,#1949,#1950,#1951));
#441=EDGE_LOOP('',(#1952,#1953,#1954,#1955,#1956));
#442=EDGE_LOOP('',(#1957,#1958,#1959,#1960,#1961));
#443=EDGE_LOOP('',(#1962,#1963,#1964,#1965,#1966));
#444=EDGE_LOOP('',(#1967,#1968,#1969,#1970,#1971));
#445=EDGE_LOOP('',(#1972,#1973,#1974,#1975,#1976));
#446=EDGE_LOOP('',(#1977,#1978,#1979,#1980));
#447=EDGE_LOOP('',(#1981,#1982,#1983,#1984));
#448=EDGE_LOOP('',(#1985,#1986,#1987,#1988));
#449=EDGE_LOOP('',(#1989,#1990,#1991,#1992));
#450=EDGE_LOOP('',(#1993,#1994,#1995,#1996));
#451=EDGE_LOOP('',(#1997,#1998,#1999,#2000));
#452=EDGE_LOOP('',(#2001,#2002,#2003,#2004));
#453=EDGE_LOOP('',(#2005,#2006,#2007,#2008));
#454=EDGE_LOOP('',(#2009,#2010,#2011,#2012));
#455=EDGE_LOOP('',(#2013));
#456=EDGE_LOOP('',(#2014));
#457=EDGE_LOOP('',(#2015));
#458=EDGE_LOOP('',(#2016));
#459=EDGE_LOOP('',(#2017));
#460=EDGE_LOOP('',(#2018));
#461=EDGE_LOOP('',(#2019));
#462=EDGE_LOOP('',(#2020,#2021,#2022,#2023));
#463=EDGE_LOOP('',(#2024,#2025,#2026,#2027));
#464=EDGE_LOOP('',(#2028));
#465=EDGE_LOOP('',(#2029,#2030,#2031,#2032));
#466=EDGE_LOOP('',(#2033,#2034,#2035,#2036,#2037,#2038,#2039,#2040));
#467=EDGE_LOOP('',(#2041));
#468=EDGE_LOOP('',(#2042));
#469=EDGE_LOOP('',(#2043));
#470=EDGE_LOOP('',(#2044));
#471=EDGE_LOOP('',(#2045));
#472=EDGE_LOOP('',(#2046));
#473=EDGE_LOOP('',(#2047));
#474=EDGE_LOOP('',(#2048,#2049,#2050,#2051));
#475=EDGE_LOOP('',(#2052,#2053,#2054,#2055));
#476=EDGE_LOOP('',(#2056,#2057,#2058,#2059));
#477=EDGE_LOOP('',(#2060,#2061,#2062,#2063));
#478=EDGE_LOOP('',(#2064,#2065,#2066,#2067));
#479=EDGE_LOOP('',(#2068,#2069,#2070,#2071));
#480=EDGE_LOOP('',(#2072,#2073,#2074,#2075));
#481=EDGE_LOOP('',(#2076,#2077,#2078,#2079));
#482=EDGE_LOOP('',(#2080,#2081,#2082,#2083));
#483=EDGE_LOOP('',(#2084,#2085,#2086,#2087));
#484=EDGE_LOOP('',(#2088));
#485=EDGE_LOOP('',(#2089,#2090,#2091,#2092));
#486=EDGE_LOOP('',(#2093,#2094,#2095,#2096,#2097,#2098,#2099,#2100));
#487=EDGE_LOOP('',(#2101));
#488=EDGE_LOOP('',(#2102));
#489=EDGE_LOOP('',(#2103));
#490=EDGE_LOOP('',(#2104));
#491=EDGE_LOOP('',(#2105));
#492=EDGE_LOOP('',(#2106));
#493=EDGE_LOOP('',(#2107));
#494=EDGE_LOOP('',(#2108));
#495=EDGE_LOOP('',(#2109));
#496=EDGE_LOOP('',(#2110));
#497=EDGE_LOOP('',(#2111));
#498=EDGE_LOOP('',(#2112));
#499=EDGE_LOOP('',(#2113));
#500=EDGE_LOOP('',(#2114));
#501=EDGE_LOOP('',(#2115));
#502=EDGE_LOOP('',(#2116));
#503=EDGE_LOOP('',(#2117));
#504=EDGE_LOOP('',(#2118));
#505=EDGE_LOOP('',(#2119));
#506=EDGE_LOOP('',(#2120));
#507=EDGE_LOOP('',(#2121));
#508=EDGE_LOOP('',(#2122));
#509=EDGE_LOOP('',(#2123));
#510=EDGE_LOOP('',(#2124,#2125,#2126,#2127,#2128));
#511=EDGE_LOOP('',(#2129,#2130,#2131,#2132,#2133));
#512=EDGE_LOOP('',(#2134,#2135,#2136,#2137,#2138));
#513=EDGE_LOOP('',(#2139,#2140,#2141,#2142,#2143));
#514=EDGE_LOOP('',(#2144,#2145,#2146,#2147,#2148));
#515=EDGE_LOOP('',(#2149,#2150,#2151,#2152,#2153));
#516=EDGE_LOOP('',(#2154,#2155,#2156,#2157,#2158));
#517=EDGE_LOOP('',(#2159,#2160,#2161,#2162,#2163));
#518=EDGE_LOOP('',(#2164,#2165,#2166,#2167,#2168));
#519=EDGE_LOOP('',(#2169,#2170,#2171,#2172,#2173));
#520=EDGE_LOOP('',(#2174,#2175,#2176,#2177,#2178));
#521=EDGE_LOOP('',(#2179,#2180,#2181,#2182,#2183));
#522=EDGE_LOOP('',(#2184,#2185,#2186,#2187));
#523=EDGE_LOOP('',(#2188,#2189,#2190,#2191));
#524=EDGE_LOOP('',(#2192,#2193,#2194,#2195));
#525=EDGE_LOOP('',(#2196,#2197,#2198,#2199));
#526=EDGE_LOOP('',(#2200,#2201,#2202,#2203));
#527=EDGE_LOOP('',(#2204,#2205,#2206,#2207));
#528=EDGE_LOOP('',(#2208,#2209,#2210,#2211));
#529=EDGE_LOOP('',(#2212,#2213,#2214,#2215,#2216));
#530=EDGE_LOOP('',(#2217,#2218,#2219,#2220,#2221));
#531=EDGE_LOOP('',(#2222,#2223,#2224,#2225));
#532=EDGE_LOOP('',(#2226));
#533=EDGE_LOOP('',(#2227));
#534=EDGE_LOOP('',(#2228));
#535=EDGE_LOOP('',(#2229));
#536=EDGE_LOOP('',(#2230));
#537=EDGE_LOOP('',(#2231));
#538=EDGE_LOOP('',(#2232));
#539=EDGE_LOOP('',(#2233,#2234,#2235,#2236));
#540=EDGE_LOOP('',(#2237));
#541=EDGE_LOOP('',(#2238));
#542=EDGE_LOOP('',(#2239,#2240,#2241,#2242));
#543=EDGE_LOOP('',(#2243));
#544=EDGE_LOOP('',(#2244));
#545=EDGE_LOOP('',(#2245,#2246,#2247,#2248));
#546=EDGE_LOOP('',(#2249,#2250));
#547=EDGE_LOOP('',(#2251));
#548=EDGE_LOOP('',(#2252,#2253,#2254,#2255));
#549=EDGE_LOOP('',(#2256,#2257));
#550=EDGE_LOOP('',(#2258));
#551=EDGE_LOOP('',(#2259,#2260,#2261,#2262));
#552=EDGE_LOOP('',(#2263,#2264));
#553=EDGE_LOOP('',(#2265));
#554=EDGE_LOOP('',(#2266,#2267,#2268,#2269));
#555=EDGE_LOOP('',(#2270,#2271));
#556=EDGE_LOOP('',(#2272));
#557=EDGE_LOOP('',(#2273,#2274,#2275,#2276));
#558=EDGE_LOOP('',(#2277));
#559=EDGE_LOOP('',(#2278));
#560=EDGE_LOOP('',(#2279,#2280,#2281,#2282));
#561=EDGE_LOOP('',(#2283));
#562=EDGE_LOOP('',(#2284));
#563=EDGE_LOOP('',(#2285,#2286,#2287,#2288));
#564=EDGE_LOOP('',(#2289));
#565=EDGE_LOOP('',(#2290));
#566=EDGE_LOOP('',(#2291,#2292,#2293,#2294,#2295,#2296,#2297,#2298,#2299));
#567=EDGE_LOOP('',(#2300));
#568=EDGE_LOOP('',(#2301,#2302,#2303,#2304));
#569=EDGE_LOOP('',(#2305,#2306));
#570=EDGE_LOOP('',(#2307));
#571=EDGE_LOOP('',(#2308,#2309,#2310,#2311));
#572=EDGE_LOOP('',(#2312,#2313));
#573=EDGE_LOOP('',(#2314));
#574=EDGE_LOOP('',(#2315,#2316,#2317,#2318));
#575=EDGE_LOOP('',(#2319,#2320));
#576=EDGE_LOOP('',(#2321));
#577=EDGE_LOOP('',(#2322,#2323,#2324,#2325));
#578=EDGE_LOOP('',(#2326,#2327));
#579=EDGE_LOOP('',(#2328));
#580=EDGE_LOOP('',(#2329,#2330,#2331,#2332));
#581=EDGE_LOOP('',(#2333));
#582=EDGE_LOOP('',(#2334));
#583=EDGE_LOOP('',(#2335,#2336,#2337,#2338));
#584=EDGE_LOOP('',(#2339));
#585=EDGE_LOOP('',(#2340));
#586=EDGE_LOOP('',(#2341,#2342,#2343,#2344));
#587=EDGE_LOOP('',(#2345,#2346,#2347,#2348));
#588=EDGE_LOOP('',(#2349,#2350,#2351,#2352));
#589=EDGE_LOOP('',(#2353,#2354,#2355,#2356));
#590=EDGE_LOOP('',(#2357,#2358,#2359,#2360));
#591=EDGE_LOOP('',(#2361,#2362,#2363,#2364,#2365,#2366,#2367,#2368));
#592=EDGE_LOOP('',(#2369,#2370,#2371,#2372,#2373,#2374,#2375,#2376));
#593=EDGE_LOOP('',(#2377,#2378,#2379,#2380));
#594=EDGE_LOOP('',(#2381,#2382,#2383,#2384));
#595=EDGE_LOOP('',(#2385,#2386,#2387,#2388));
#596=EDGE_LOOP('',(#2389,#2390,#2391,#2392,#2393,#2394));
#597=EDGE_LOOP('',(#2395,#2396,#2397,#2398));
#598=EDGE_LOOP('',(#2399,#2400,#2401,#2402,#2403));
#599=EDGE_LOOP('',(#2404,#2405,#2406,#2407,#2408));
#600=EDGE_LOOP('',(#2409,#2410,#2411,#2412));
#601=EDGE_LOOP('',(#2413,#2414,#2415,#2416));
#602=EDGE_LOOP('',(#2417,#2418,#2419,#2420));
#603=EDGE_LOOP('',(#2421,#2422,#2423,#2424));
#604=EDGE_LOOP('',(#2425,#2426,#2427,#2428));
#605=EDGE_LOOP('',(#2429,#2430,#2431,#2432));
#606=EDGE_LOOP('',(#2433,#2434,#2435,#2436));
#607=EDGE_LOOP('',(#2437,#2438,#2439,#2440));
#608=EDGE_LOOP('',(#2441,#2442,#2443,#2444));
#609=EDGE_LOOP('',(#2445));
#610=EDGE_LOOP('',(#2446,#2447,#2448,#2449));
#611=EDGE_LOOP('',(#2450,#2451,#2452,#2453));
#612=EDGE_LOOP('',(#2454));
#613=EDGE_LOOP('',(#2455,#2456,#2457,#2458));
#614=EDGE_LOOP('',(#2459,#2460,#2461,#2462,#2463,#2464,#2465,#2466));
#615=EDGE_LOOP('',(#2467));
#616=EDGE_LOOP('',(#2468,#2469,#2470,#2471));
#617=EDGE_LOOP('',(#2472,#2473,#2474,#2475));
#618=EDGE_LOOP('',(#2476,#2477,#2478,#2479));
#619=EDGE_LOOP('',(#2480,#2481,#2482,#2483));
#620=EDGE_LOOP('',(#2484,#2485,#2486,#2487));
#621=EDGE_LOOP('',(#2488,#2489,#2490,#2491));
#622=EDGE_LOOP('',(#2492,#2493,#2494,#2495));
#623=EDGE_LOOP('',(#2496,#2497,#2498,#2499));
#624=EDGE_LOOP('',(#2500,#2501,#2502,#2503));
#625=EDGE_LOOP('',(#2504,#2505,#2506,#2507));
#626=EDGE_LOOP('',(#2508));
#627=EDGE_LOOP('',(#2509,#2510,#2511,#2512));
#628=EDGE_LOOP('',(#2513,#2514,#2515,#2516,#2517,#2518,#2519,#2520));
#629=EDGE_LOOP('',(#2521));
#630=EDGE_LOOP('',(#2522));
#631=EDGE_LOOP('',(#2523));
#632=EDGE_LOOP('',(#2524));
#633=EDGE_LOOP('',(#2525));
#634=EDGE_LOOP('',(#2526,#2527,#2528,#2529));
#635=EDGE_LOOP('',(#2530,#2531,#2532,#2533,#2534));
#636=EDGE_LOOP('',(#2535,#2536,#2537,#2538,#2539));
#637=EDGE_LOOP('',(#2540,#2541,#2542,#2543));
#638=EDGE_LOOP('',(#2544));
#639=EDGE_LOOP('',(#2545,#2546,#2547,#2548));
#640=EDGE_LOOP('',(#2549,#2550));
#641=EDGE_LOOP('',(#2551));
#642=EDGE_LOOP('',(#2552,#2553,#2554,#2555,#2556,#2557,#2558,#2559,#2560));
#643=EDGE_LOOP('',(#2561));
#644=EDGE_LOOP('',(#2562,#2563,#2564,#2565));
#645=EDGE_LOOP('',(#2566,#2567));
#646=EDGE_LOOP('',(#2568));
#647=EDGE_LOOP('',(#2569,#2570,#2571,#2572));
#648=EDGE_LOOP('',(#2573));
#649=EDGE_LOOP('',(#2574));
#650=EDGE_LOOP('',(#2575,#2576,#2577,#2578,#2579));
#651=EDGE_LOOP('',(#2580,#2581,#2582,#2583,#2584));
#652=EDGE_LOOP('',(#2585));
#653=EDGE_LOOP('',(#2586));
#654=EDGE_LOOP('',(#2587,#2588,#2589,#2590,#2591));
#655=EDGE_LOOP('',(#2592,#2593,#2594,#2595,#2596));
#656=EDGE_LOOP('',(#2597));
#657=EDGE_LOOP('',(#2598));
#658=EDGE_LOOP('',(#2599));
#659=EDGE_LOOP('',(#2600));
#660=EDGE_LOOP('',(#2601,#2602,#2603,#2604,#2605));
#661=EDGE_LOOP('',(#2606,#2607,#2608,#2609,#2610));
#662=EDGE_LOOP('',(#2611,#2612,#2613,#2614,#2615));
#663=EDGE_LOOP('',(#2616));
#664=EDGE_LOOP('',(#2617));
#665=EDGE_LOOP('',(#2618,#2619,#2620,#2621,#2622));
#666=EDGE_LOOP('',(#2623,#2624,#2625,#2626,#2627));
#667=EDGE_LOOP('',(#2628,#2629,#2630,#2631,#2632));
#668=EDGE_LOOP('',(#2633,#2634,#2635,#2636));
#669=EDGE_LOOP('',(#2637,#2638,#2639,#2640,#2641));
#670=EDGE_LOOP('',(#2642,#2643,#2644,#2645,#2646,#2647));
#671=EDGE_LOOP('',(#2648));
#672=EDGE_LOOP('',(#2649,#2650,#2651,#2652,#2653,#2654));
#673=EDGE_LOOP('',(#2655,#2656,#2657,#2658,#2659));
#674=EDGE_LOOP('',(#2660,#2661,#2662,#2663));
#675=EDGE_LOOP('',(#2664,#2665,#2666,#2667));
#676=EDGE_LOOP('',(#2668,#2669,#2670,#2671));
#677=EDGE_LOOP('',(#2672,#2673,#2674,#2675));
#678=EDGE_LOOP('',(#2676,#2677,#2678,#2679));
#679=EDGE_LOOP('',(#2680,#2681,#2682,#2683));
#680=EDGE_LOOP('',(#2684,#2685,#2686,#2687,#2688,#2689));
#681=EDGE_LOOP('',(#2690));
#682=EDGE_LOOP('',(#2691,#2692,#2693,#2694,#2695,#2696));
#683=EDGE_LOOP('',(#2697,#2698,#2699,#2700));
#684=B_SPLINE_CURVE_WITH_KNOTS('',3,(#4256,#4257,#4258,#4259,#4260,#4261,
#4262,#4263,#4264,#4265,#4266,#4267,#4268,#4269,#4270,#4271,#4272,#4273),
 .UNSPECIFIED.,.F.,.F.,(4,2,2,2,2,2,2,2,4),(0.552464466111182,0.689587861107342,
0.826711256103501,0.965820094162926,1.10492893222235,1.24403777028177,1.3831466083412,
1.52027000333736,1.65739339833352),.UNSPECIFIED.);
#685=B_SPLINE_CURVE_WITH_KNOTS('',3,(#4275,#4276,#4277,#4278,#4279,#4280,
#4281,#4282,#4283,#4284),.UNSPECIFIED.,.F.,.F.,(4,2,2,2,4),(0.,0.139108838059427,
0.278217676118855,0.415341071115019,0.552464466111182),.UNSPECIFIED.);
#686=B_SPLINE_CURVE_WITH_KNOTS('',3,(#4285,#4286,#4287,#4288,#4289,#4290,
#4291,#4292,#4293,#4294),.UNSPECIFIED.,.F.,.F.,(4,2,2,2,4),(1.65739339833352,
1.79451679332968,1.93164018832585,2.07074902638527,2.2098578644447),
 .UNSPECIFIED.);
#687=B_SPLINE_CURVE_WITH_KNOTS('',3,(#4300,#4301,#4302,#4303,#4304,#4305,
#4306,#4307,#4308,#4309,#4310,#4311,#4312,#4313,#4314,#4315,#4316,#4317,
#4318,#4319,#4320,#4321,#4322,#4323,#4324,#4325,#4326,#4327,#4328,#4329,
#4330,#4331,#4332,#4333),.UNSPECIFIED.,.T.,.F.,(4,2,2,2,2,2,2,2,2,2,2,2,
2,2,2,2,4),(0.,0.139108838059426,0.278217676118851,0.415341071115009,0.552464466111167,
0.689587861107329,0.826711256103491,0.965820094162922,1.10492893222235,
1.24403777028178,1.38314660834121,1.52027000333737,1.65739339833354,1.79451679332969,
1.93164018832585,2.07074902638528,2.2098578644447),.UNSPECIFIED.);
#688=B_SPLINE_CURVE_WITH_KNOTS('',3,(#4339,#4340,#4341,#4342,#4343,#4344,
#4345,#4346,#4347,#4348,#4349,#4350,#4351,#4352,#4353,#4354,#4355,#4356,
#4357,#4358,#4359,#4360,#4361,#4362,#4363,#4364,#4365,#4366,#4367,#4368,
#4369,#4370,#4371,#4372),.UNSPECIFIED.,.T.,.F.,(4,2,2,2,2,2,2,2,2,2,2,2,
2,2,2,2,4),(0.,0.139108838059422,0.278217676118844,0.415341071115007,0.552464466111171,
0.689587861107335,0.8267112561035,0.965820094162925,1.10492893222235,1.24403777028177,
1.3831466083412,1.52027000333736,1.65739339833353,1.79451679332969,1.93164018832585,
2.07074902638528,2.2098578644447),.UNSPECIFIED.);
#689=B_SPLINE_CURVE_WITH_KNOTS('',3,(#4378,#4379,#4380,#4381,#4382,#4383,
#4384,#4385,#4386,#4387,#4388,#4389,#4390,#4391,#4392,#4393,#4394,#4395,
#4396,#4397,#4398,#4399,#4400,#4401,#4402,#4403,#4404,#4405,#4406,#4407,
#4408,#4409,#4410,#4411),.UNSPECIFIED.,.T.,.F.,(4,2,2,2,2,2,2,2,2,2,2,2,
2,2,2,2,4),(0.,0.139108838059422,0.278217676118844,0.415341071115007,0.552464466111171,
0.689587861107335,0.8267112561035,0.965820094162925,1.10492893222235,1.24403777028177,
1.3831466083412,1.52027000333736,1.65739339833353,1.79451679332969,1.93164018832585,
2.07074902638528,2.2098578644447),.UNSPECIFIED.);
#690=B_SPLINE_CURVE_WITH_KNOTS('',3,(#4417,#4418,#4419,#4420,#4421,#4422,
#4423,#4424,#4425,#4426,#4427,#4428,#4429,#4430,#4431,#4432,#4433,#4434,
#4435,#4436,#4437,#4438,#4439,#4440,#4441,#4442,#4443,#4444,#4445,#4446,
#4447,#4448,#4449,#4450),.UNSPECIFIED.,.T.,.F.,(4,2,2,2,2,2,2,2,2,2,2,2,
2,2,2,2,4),(0.,0.139108838059422,0.278217676118843,0.415341071115005,0.552464466111167,
0.689587861107333,0.826711256103498,0.965820094162924,1.10492893222235,
1.24403777028178,1.3831466083412,1.52027000333737,1.65739339833353,1.79451679332969,
1.93164018832586,2.07074902638528,2.2098578644447),.UNSPECIFIED.);
#691=B_SPLINE_CURVE_WITH_KNOTS('',3,(#4456,#4457,#4458,#4459,#4460,#4461,
#4462,#4463,#4464,#4465,#4466,#4467,#4468,#4469,#4470,#4471,#4472,#4473,
#4474,#4475,#4476,#4477,#4478,#4479,#4480,#4481,#4482,#4483,#4484,#4485,
#4486,#4487,#4488,#4489),.UNSPECIFIED.,.T.,.F.,(4,2,2,2,2,2,2,2,2,2,2,2,
2,2,2,2,4),(0.,0.139108838059427,0.278217676118854,0.415341071115012,0.552464466111171,
0.689587861107332,0.826711256103493,0.965820094162923,1.10492893222235,
1.24403777028178,1.38314660834121,1.52027000333737,1.65739339833354,1.79451679332969,
1.93164018832585,2.07074902638528,2.20985786444471),.UNSPECIFIED.);
#692=B_SPLINE_CURVE_WITH_KNOTS('',3,(#4495,#4496,#4497,#4498,#4499,#4500,
#4501,#4502,#4503,#4504,#4505,#4506,#4507,#4508,#4509,#4510,#4511,#4512,
#4513,#4514,#4515,#4516,#4517,#4518,#4519,#4520,#4521,#4522,#4523,#4524,
#4525,#4526,#4527,#4528),.UNSPECIFIED.,.T.,.F.,(4,2,2,2,2,2,2,2,2,2,2,2,
2,2,2,2,4),(0.,0.139108838059427,0.278217676118854,0.415341071115013,0.552464466111171,
0.689587861107335,0.826711256103498,0.965820094162926,1.10492893222235,
1.24403777028178,1.38314660834121,1.52027000333737,1.65739339833354,1.7945167933297,
1.93164018832586,2.07074902638528,2.20985786444471),.UNSPECIFIED.);
#693=B_SPLINE_CURVE_WITH_KNOTS('',3,(#4534,#4535,#4536,#4537,#4538,#4539,
#4540,#4541,#4542,#4543,#4544,#4545,#4546,#4547,#4548,#4549,#4550,#4551,
#4552,#4553,#4554,#4555,#4556,#4557,#4558,#4559,#4560,#4561,#4562,#4563,
#4564,#4565,#4566,#4567),.UNSPECIFIED.,.T.,.F.,(4,2,2,2,2,2,2,2,2,2,2,2,
2,2,2,2,4),(0.,0.139108838059425,0.27821767611885,0.415341071115008,0.552464466111165,
0.68958786110733,0.826711256103494,0.965820094162922,1.10492893222235,1.24403777028178,
1.38314660834121,1.52027000333737,1.65739339833354,1.79451679332969,1.93164018832585,
2.07074902638528,2.2098578644447),.UNSPECIFIED.);
#694=B_SPLINE_CURVE_WITH_KNOTS('',3,(#4574,#4575,#4576,#4577,#4578,#4579,
#4580,#4581,#4582,#4583),.UNSPECIFIED.,.F.,.F.,(4,2,2,2,4),(0.,0.139108838059426,
0.278217676118853,0.415341071115012,0.552464466111171),.UNSPECIFIED.);
#695=B_SPLINE_CURVE_WITH_KNOTS('',3,(#4584,#4585,#4586,#4587,#4588,#4589,
#4590,#4591,#4592,#4593,#4594,#4595,#4596,#4597,#4598,#4599,#4600,#4601,
#4602,#4603,#4604,#4605,#4606,#4607,#4608,#4609),.UNSPECIFIED.,.F.,.F.,
(4,2,2,2,2,2,2,2,2,2,2,2,4),(0.552464466111171,0.689587861107334,0.826711256103497,
0.965820094162924,1.10492893222235,1.24403777028178,1.38314660834121,1.52027000333737,
1.65739339833353,1.79451679332969,1.93164018832585,2.07074902638528,2.2098578644447),
 .UNSPECIFIED.);
#696=B_SPLINE_CURVE_WITH_KNOTS('',3,(#4616,#4617,#4618,#4619,#4620,#4621,
#4622,#4623,#4624,#4625,#4626,#4627,#4628,#4629,#4630,#4631,#4632,#4633),
 .UNSPECIFIED.,.F.,.F.,(4,2,2,2,2,2,2,2,4),(0.,0.139108838059427,0.278217676118854,
0.415341071115016,0.552464466111178,0.689587861107339,0.8267112561035,0.965820094162927,
1.10492893222235),.UNSPECIFIED.);
#697=B_SPLINE_CURVE_WITH_KNOTS('',3,(#4634,#4635,#4636,#4637,#4638,#4639,
#4640,#4641,#4642,#4643,#4644,#4645,#4646,#4647,#4648,#4649,#4650,#4651),
 .UNSPECIFIED.,.F.,.F.,(4,2,2,2,2,2,2,2,4),(1.10492893222235,1.24403777028178,
1.38314660834121,1.52027000333737,1.65739339833353,1.79451679332969,1.93164018832585,
2.07074902638528,2.20985786444471),.UNSPECIFIED.);
#698=B_SPLINE_CURVE_WITH_KNOTS('',3,(#4658,#4659,#4660,#4661,#4662,#4663,
#4664,#4665,#4666,#4667,#4668,#4669,#4670,#4671,#4672,#4673,#4674,#4675),
 .UNSPECIFIED.,.F.,.F.,(4,2,2,2,2,2,2,2,4),(0.,0.139108838059428,0.278217676118856,
0.415341071115016,0.552464466111176,0.689587861107336,0.826711256103496,
0.965820094162924,1.10492893222235),.UNSPECIFIED.);
#699=B_SPLINE_CURVE_WITH_KNOTS('',3,(#4676,#4677,#4678,#4679,#4680,#4681,
#4682,#4683,#4684,#4685,#4686,#4687,#4688,#4689,#4690,#4691,#4692,#4693),
 .UNSPECIFIED.,.F.,.F.,(4,2,2,2,2,2,2,2,4),(1.10492893222235,1.24403777028178,
1.38314660834121,1.52027000333737,1.65739339833353,1.79451679332969,1.93164018832585,
2.07074902638528,2.2098578644447),.UNSPECIFIED.);
#700=B_SPLINE_CURVE_WITH_KNOTS('',3,(#4700,#4701,#4702,#4703,#4704,#4705,
#4706,#4707,#4708,#4709,#4710,#4711,#4712,#4713,#4714,#4715,#4716,#4717),
 .UNSPECIFIED.,.F.,.F.,(4,2,2,2,2,2,2,2,4),(0.,0.139108838059423,0.278217676118846,
0.41534107111501,0.552464466111174,0.689587861107338,0.826711256103502,
0.965820094162925,1.10492893222235),.UNSPECIFIED.);
#701=B_SPLINE_CURVE_WITH_KNOTS('',3,(#4718,#4719,#4720,#4721,#4722,#4723,
#4724,#4725,#4726,#4727,#4728,#4729,#4730,#4731,#4732,#4733,#4734,#4735),
 .UNSPECIFIED.,.F.,.F.,(4,2,2,2,2,2,2,2,4),(1.10492893222235,1.24403777028177,
1.38314660834119,1.52027000333736,1.65739339833352,1.79451679332969,1.93164018832585,
2.07074902638527,2.2098578644447),.UNSPECIFIED.);
#702=B_SPLINE_CURVE_WITH_KNOTS('',3,(#4742,#4743,#4744,#4745,#4746,#4747,
#4748,#4749,#4750,#4751,#4752,#4753,#4754,#4755,#4756,#4757,#4758,#4759),
 .UNSPECIFIED.,.F.,.F.,(4,2,2,2,2,2,2,2,4),(0.,0.139108838059428,0.278217676118857,
0.415341071115017,0.552464466111178,0.689587861107338,0.826711256103497,
0.965820094162925,1.10492893222235),.UNSPECIFIED.);
#703=B_SPLINE_CURVE_WITH_KNOTS('',3,(#4760,#4761,#4762,#4763,#4764,#4765,
#4766,#4767,#4768,#4769,#4770,#4771,#4772,#4773,#4774,#4775,#4776,#4777),
 .UNSPECIFIED.,.F.,.F.,(4,2,2,2,2,2,2,2,4),(1.10492893222235,1.24403777028178,
1.38314660834121,1.52027000333737,1.65739339833353,1.79451679332969,1.93164018832585,
2.07074902638528,2.2098578644447),.UNSPECIFIED.);
#704=B_SPLINE_CURVE_WITH_KNOTS('',3,(#4784,#4785,#4786,#4787,#4788,#4789,
#4790,#4791,#4792,#4793,#4794,#4795,#4796,#4797,#4798,#4799,#4800,#4801),
 .UNSPECIFIED.,.F.,.F.,(4,2,2,2,2,2,2,2,4),(0.,0.139108838059423,0.278217676118846,
0.41534107111501,0.552464466111174,0.689587861107338,0.826711256103502,
0.965820094162925,1.10492893222235),.UNSPECIFIED.);
#705=B_SPLINE_CURVE_WITH_KNOTS('',3,(#4802,#4803,#4804,#4805,#4806,#4807,
#4808,#4809,#4810,#4811,#4812,#4813,#4814,#4815,#4816,#4817,#4818,#4819),
 .UNSPECIFIED.,.F.,.F.,(4,2,2,2,2,2,2,2,4),(1.10492893222235,1.24403777028177,
1.38314660834119,1.52027000333736,1.65739339833352,1.79451679332969,1.93164018832585,
2.07074902638527,2.2098578644447),.UNSPECIFIED.);
#706=B_SPLINE_CURVE_WITH_KNOTS('',3,(#4826,#4827,#4828,#4829,#4830,#4831,
#4832,#4833,#4834,#4835,#4836,#4837,#4838,#4839,#4840,#4841,#4842,#4843),
 .UNSPECIFIED.,.F.,.F.,(4,2,2,2,2,2,2,2,4),(0.,0.139108838059427,0.278217676118854,
0.415341071115016,0.552464466111178,0.68958786110734,0.826711256103502,
0.965820094162929,1.10492893222235),.UNSPECIFIED.);
#707=B_SPLINE_CURVE_WITH_KNOTS('',3,(#4844,#4845,#4846,#4847,#4848,#4849,
#4850,#4851,#4852,#4853,#4854,#4855,#4856,#4857,#4858,#4859,#4860,#4861),
 .UNSPECIFIED.,.F.,.F.,(4,2,2,2,2,2,2,2,4),(1.10492893222235,1.24403777028178,
1.38314660834121,1.52027000333737,1.65739339833353,1.79451679332969,1.93164018832586,
2.07074902638528,2.20985786444471),.UNSPECIFIED.);
#708=B_SPLINE_CURVE_WITH_KNOTS('',3,(#4868,#4869,#4870,#4871,#4872,#4873,
#4874,#4875,#4876,#4877,#4878,#4879,#4880,#4881,#4882,#4883,#4884,#4885),
 .UNSPECIFIED.,.F.,.F.,(4,2,2,2,2,2,2,2,4),(0.,0.139108838059424,0.278217676118848,
0.415341071115013,0.552464466111178,0.689587861107341,0.826711256103504,
0.965820094162926,1.10492893222235),.UNSPECIFIED.);
#709=B_SPLINE_CURVE_WITH_KNOTS('',3,(#4886,#4887,#4888,#4889,#4890,#4891,
#4892,#4893,#4894,#4895,#4896,#4897,#4898,#4899,#4900,#4901,#4902,#4903),
 .UNSPECIFIED.,.F.,.F.,(4,2,2,2,2,2,2,2,4),(1.10492893222235,1.24403777028177,
1.38314660834119,1.52027000333736,1.65739339833352,1.79451679332968,1.93164018832585,
2.07074902638527,2.2098578644447),.UNSPECIFIED.);
#710=B_SPLINE_CURVE_WITH_KNOTS('',3,(#4978,#4979,#4980,#4981,#4982,#4983,
#4984,#4985,#4986,#4987,#4988,#4989,#4990,#4991),.UNSPECIFIED.,.F.,.F.,
(4,1,1,1,1,1,1,1,1,1,1,4),(-12.4034151445092,-11.5174569199014,-10.6314986952936,
-9.74554047068576,-8.85958224607796,-7.08766579686237,-5.31574934764678,
-3.54383289843119,-2.65787467382339,-1.77191644921559,-0.885958224607796,
0.),.UNSPECIFIED.);
#711=B_SPLINE_CURVE_WITH_KNOTS('',3,(#4994,#4995,#4996,#4997,#4998,#4999,
#5000,#5001,#5002,#5003,#5004,#5005,#5006,#5007),.UNSPECIFIED.,.F.,.F.,
(4,1,1,1,1,1,1,1,1,1,1,4),(0.,0.885958224607796,1.77191644921559,2.65787467382339,
3.54383289843119,5.31574934764678,7.08766579686237,8.85958224607796,9.74554047068576,
10.6314986952936,11.5174569199014,12.4034151445092),.UNSPECIFIED.);
#712=B_SPLINE_CURVE_WITH_KNOTS('',3,(#5087,#5088,#5089,#5090,#5091,#5092,
#5093,#5094,#5095,#5096,#5097,#5098,#5099,#5100),.UNSPECIFIED.,.F.,.F.,
(4,1,1,1,1,1,1,1,1,1,1,4),(-12.4034151445091,-11.5174569199013,-10.6314986952935,
-9.74554047068575,-8.85958224607796,-7.08766579686237,-5.31574934764678,
-3.54383289843119,-2.6578746738234,-1.7719164492156,-0.885958224607809,
-1.4210854715202E-14),.UNSPECIFIED.);
#713=B_SPLINE_CURVE_WITH_KNOTS('',3,(#5101,#5102,#5103,#5104,#5105,#5106,
#5107,#5108,#5109,#5110,#5111,#5112,#5113,#5114),.UNSPECIFIED.,.F.,.F.,
(4,1,1,1,1,1,1,1,1,1,1,4),(1.4210854715202E-14,0.885958224607809,1.7719164492156,
2.6578746738234,3.54383289843119,5.31574934764678,7.08766579686237,8.85958224607796,
9.74554047068575,10.6314986952935,11.5174569199013,12.4034151445091),
 .UNSPECIFIED.);
#714=B_SPLINE_CURVE_WITH_KNOTS('',3,(#5194,#5195,#5196,#5197,#5198,#5199,
#5200,#5201,#5202,#5203,#5204,#5205,#5206,#5207),.UNSPECIFIED.,.F.,.F.,
(4,1,1,1,1,1,1,1,1,1,1,4),(-12.4034151445092,-11.5174569199014,-10.6314986952936,
-9.74554047068578,-8.85958224607798,-7.08766579686239,-5.31574934764679,
-3.54383289843119,-2.6578746738234,-1.7719164492156,-0.885958224607801,
-3.47638584585747E-15),.UNSPECIFIED.);
#715=B_SPLINE_CURVE_WITH_KNOTS('',3,(#5208,#5209,#5210,#5211,#5212,#5213,
#5214,#5215,#5216,#5217,#5218,#5219,#5220,#5221),.UNSPECIFIED.,.F.,.F.,
(4,1,1,1,1,1,1,1,1,1,1,4),(3.47638584585747E-15,0.885958224607801,1.7719164492156,
2.6578746738234,3.54383289843119,5.31574934764679,7.08766579686239,8.85958224607798,
9.74554047068578,10.6314986952936,11.5174569199014,12.4034151445092),
 .UNSPECIFIED.);
#716=B_SPLINE_CURVE_WITH_KNOTS('',3,(#5291,#5292,#5293,#5294,#5295,#5296,
#5297,#5298,#5299,#5300,#5301,#5302),.UNSPECIFIED.,.F.,.F.,(4,1,1,1,1,1,
1,1,1,4),(-12.4034151445091,-10.6314986952935,-8.85958224607794,-7.08766579686235,
-5.31574934764677,-3.54383289843118,-2.65787467382338,-1.77191644921559,
-0.885958224607794,0.),.UNSPECIFIED.);
#717=B_SPLINE_CURVE_WITH_KNOTS('',3,(#5303,#5304,#5305,#5306,#5307,#5308,
#5309,#5310,#5311,#5312,#5313,#5314),.UNSPECIFIED.,.F.,.F.,(4,1,1,1,1,1,
1,1,1,4),(0.,0.885958224607794,1.77191644921559,2.65787467382338,3.54383289843118,
5.31574934764677,7.08766579686235,8.85958224607794,10.6314986952935,12.4034151445091),
 .UNSPECIFIED.);
#718=B_SPLINE_CURVE_WITH_KNOTS('',3,(#5366,#5367,#5368,#5369,#5370,#5371,
#5372,#5373,#5374,#5375,#5376,#5377),.UNSPECIFIED.,.F.,.F.,(4,1,1,1,1,1,
1,1,1,4),(-12.4034151445091,-10.6314986952935,-8.85958224607795,-7.08766579686236,
-5.31574934764677,-3.54383289843118,-2.65787467382339,-1.77191644921559,
-0.885958224607795,0.),.UNSPECIFIED.);
#719=B_SPLINE_CURVE_WITH_KNOTS('',3,(#5424,#5425,#5426,#5427,#5428,#5429,
#5430,#5431,#5432,#5433,#5434,#5435,#5436),.UNSPECIFIED.,.F.,.F.,(4,1,1,
1,1,1,1,1,1,1,4),(-12.4034151445092,-11.5174569199014,-10.6314986952936,
-9.74554047068577,-8.85958224607797,-7.08766579686238,-5.31574934764679,
-3.5438328984312,-1.7719164492156,-0.885958224607807,-1.15334295073714E-14),
 .UNSPECIFIED.);
#720=B_SPLINE_CURVE_WITH_KNOTS('',3,(#5526,#5527,#5528,#5529,#5530,#5531,
#5532,#5533,#5534,#5535,#5536,#5537,#5538,#5539),.UNSPECIFIED.,.F.,.F.,
(4,1,1,1,1,1,1,1,1,1,1,4),(-12.4034151445091,-11.5174569199014,-10.6314986952936,
-9.74554047068576,-8.85958224607796,-7.08766579686237,-5.31574934764678,
-3.54383289843118,-2.65787467382339,-1.77191644921559,-0.885958224607796,
0.),.UNSPECIFIED.);
#721=B_SPLINE_CURVE_WITH_KNOTS('',3,(#5542,#5543,#5544,#5545,#5546,#5547,
#5548,#5549,#5550,#5551,#5552,#5553,#5554,#5555),.UNSPECIFIED.,.F.,.F.,
(4,1,1,1,1,1,1,1,1,1,1,4),(0.,0.885958224607796,1.77191644921559,2.65787467382339,
3.54383289843118,5.31574934764678,7.08766579686237,8.85958224607796,9.74554047068576,
10.6314986952936,11.5174569199014,12.4034151445091),.UNSPECIFIED.);
#722=B_SPLINE_CURVE_WITH_KNOTS('',3,(#5628,#5629,#5630,#5631,#5632,#5633,
#5634,#5635,#5636,#5637,#5638,#5639,#5640),.UNSPECIFIED.,.F.,.F.,(4,1,1,
1,1,1,1,1,1,1,4),(1.15334295073714E-14,0.885958224607807,1.7719164492156,
3.5438328984312,5.31574934764679,7.08766579686238,8.85958224607797,9.74554047068577,
10.6314986952936,11.5174569199014,12.4034151445092),.UNSPECIFIED.);
#723=B_SPLINE_CURVE_WITH_KNOTS('',3,(#5707,#5708,#5709,#5710,#5711,#5712,
#5713,#5714,#5715,#5716,#5717,#5718),.UNSPECIFIED.,.F.,.F.,(4,1,1,1,1,1,
1,1,1,4),(0.,0.885958224607795,1.77191644921559,2.65787467382339,3.54383289843118,
5.31574934764677,7.08766579686236,8.85958224607795,10.6314986952935,12.4034151445091),
 .UNSPECIFIED.);
#724=B_SPLINE_CURVE_WITH_KNOTS('',3,(#5801,#5802,#5803,#5804,#5805,#5806,
#5807,#5808,#5809,#5810,#5811,#5812,#5813,#5814,#5815),.UNSPECIFIED.,.F.,
 .F.,(4,1,1,1,1,1,1,1,1,1,1,1,4),(-12.4034151445092,-11.5174569199014,-10.6314986952936,
-9.74554047068578,-8.85958224607798,-8.41660313377408,-7.08766579686239,
-5.3157493476468,-3.5438328984312,-2.65787467382341,-1.77191644921561,-0.885958224607814,
-1.75706671434754E-14),.UNSPECIFIED.);
#725=B_SPLINE_CURVE_WITH_KNOTS('',3,(#5816,#5817,#5818,#5819,#5820,#5821,
#5822,#5823,#5824,#5825,#5826,#5827,#5828,#5829,#5830),.UNSPECIFIED.,.F.,
 .F.,(4,1,1,1,1,1,1,1,1,1,1,1,4),(1.75706671434754E-14,0.885958224607814,
1.77191644921561,2.65787467382341,3.5438328984312,5.3157493476468,7.08766579686239,
8.41660313377408,8.85958224607798,9.74554047068578,10.6314986952936,11.5174569199014,
12.4034151445092),.UNSPECIFIED.);
#726=B_SPLINE_CURVE_WITH_KNOTS('',3,(#6189,#6190,#6191,#6192,#6193,#6194,
#6195,#6196,#6197,#6198,#6199,#6200,#6201,#6202,#6203,#6204,#6205,#6206),
 .UNSPECIFIED.,.F.,.F.,(4,2,2,2,2,2,2,2,4),(0.552464466111179,0.689587861107339,
0.826711256103499,0.965820094162925,1.10492893222235,1.24403777028178,1.3831466083412,
1.52027000333736,1.65739339833352),.UNSPECIFIED.);
#727=B_SPLINE_CURVE_WITH_KNOTS('',3,(#6208,#6209,#6210,#6211,#6212,#6213,
#6214,#6215,#6216,#6217),.UNSPECIFIED.,.F.,.F.,(4,2,2,2,4),(0.,0.139108838059427,
0.278217676118855,0.415341071115017,0.552464466111179),.UNSPECIFIED.);
#728=B_SPLINE_CURVE_WITH_KNOTS('',3,(#6218,#6219,#6220,#6221,#6222,#6223,
#6224,#6225,#6226,#6227),.UNSPECIFIED.,.F.,.F.,(4,2,2,2,4),(1.65739339833352,
1.79451679332969,1.93164018832585,2.07074902638528,2.2098578644447),
 .UNSPECIFIED.);
#729=B_SPLINE_CURVE_WITH_KNOTS('',3,(#6233,#6234,#6235,#6236,#6237,#6238,
#6239,#6240,#6241,#6242,#6243,#6244,#6245,#6246,#6247,#6248,#6249,#6250,
#6251,#6252,#6253,#6254,#6255,#6256,#6257,#6258,#6259,#6260,#6261,#6262,
#6263,#6264,#6265,#6266),.UNSPECIFIED.,.T.,.F.,(4,2,2,2,2,2,2,2,2,2,2,2,
2,2,2,2,4),(0.,0.139108838059425,0.27821767611885,0.415341071115008,0.552464466111165,
0.68958786110733,0.826711256103495,0.965820094162923,1.10492893222235,1.24403777028178,
1.38314660834121,1.52027000333737,1.65739339833354,1.79451679332969,1.93164018832585,
2.07074902638528,2.2098578644447),.UNSPECIFIED.);
#730=B_SPLINE_CURVE_WITH_KNOTS('',3,(#6273,#6274,#6275,#6276,#6277,#6278,
#6279,#6280,#6281,#6282),.UNSPECIFIED.,.F.,.F.,(4,2,2,2,4),(0.,0.139108838059427,
0.278217676118855,0.415341071115018,0.55246446611118),.UNSPECIFIED.);
#731=B_SPLINE_CURVE_WITH_KNOTS('',3,(#6283,#6284,#6285,#6286,#6287,#6288,
#6289,#6290,#6291,#6292,#6293,#6294,#6295,#6296,#6297,#6298,#6299,#6300,
#6301,#6302,#6303,#6304,#6305,#6306,#6307,#6308),.UNSPECIFIED.,.F.,.F.,
(4,2,2,2,2,2,2,2,2,2,2,2,4),(0.55246446611118,0.68958786110734,0.826711256103501,
0.965820094162927,1.10492893222235,1.24403777028178,1.3831466083412,1.52027000333737,
1.65739339833353,1.79451679332969,1.93164018832585,2.07074902638528,2.20985786444471),
 .UNSPECIFIED.);
#732=B_SPLINE_CURVE_WITH_KNOTS('',3,(#6315,#6316,#6317,#6318,#6319,#6320,
#6321,#6322,#6323,#6324,#6325,#6326,#6327,#6328,#6329,#6330,#6331,#6332),
 .UNSPECIFIED.,.F.,.F.,(4,2,2,2,2,2,2,2,4),(0.,0.139108838059427,0.278217676118854,
0.415341071115016,0.552464466111178,0.689587861107339,0.8267112561035,0.965820094162927,
1.10492893222235),.UNSPECIFIED.);
#733=B_SPLINE_CURVE_WITH_KNOTS('',3,(#6333,#6334,#6335,#6336,#6337,#6338,
#6339,#6340,#6341,#6342,#6343,#6344,#6345,#6346,#6347,#6348,#6349,#6350),
 .UNSPECIFIED.,.F.,.F.,(4,2,2,2,2,2,2,2,4),(1.10492893222235,1.24403777028178,
1.38314660834121,1.52027000333737,1.65739339833353,1.79451679332969,1.93164018832585,
2.07074902638528,2.20985786444471),.UNSPECIFIED.);
#734=B_SPLINE_CURVE_WITH_KNOTS('',3,(#6425,#6426,#6427,#6428,#6429,#6430,
#6431,#6432,#6433,#6434,#6435,#6436,#6437,#6438),.UNSPECIFIED.,.F.,.F.,
(4,1,1,1,1,1,1,1,1,1,1,4),(-12.4034151445091,-11.5174569199013,-10.6314986952935,
-9.74554047068574,-8.85958224607794,-7.08766579686236,-5.31574934764677,
-3.54383289843118,-2.65787467382338,-1.77191644921559,-0.885958224607794,
0.),.UNSPECIFIED.);
#735=B_SPLINE_CURVE_WITH_KNOTS('',3,(#6441,#6442,#6443,#6444,#6445,#6446,
#6447,#6448,#6449,#6450,#6451,#6452,#6453,#6454),.UNSPECIFIED.,.F.,.F.,
(4,1,1,1,1,1,1,1,1,1,1,4),(0.,0.885958224607794,1.77191644921559,2.65787467382338,
3.54383289843118,5.31574934764677,7.08766579686236,8.85958224607794,9.74554047068574,
10.6314986952935,11.5174569199013,12.4034151445091),.UNSPECIFIED.);
#736=B_SPLINE_CURVE_WITH_KNOTS('',3,(#6524,#6525,#6526,#6527,#6528,#6529,
#6530,#6531,#6532,#6533,#6534,#6535),.UNSPECIFIED.,.F.,.F.,(4,1,1,1,1,1,
1,1,1,4),(-12.4034151445092,-10.6314986952936,-8.85958224607799,-7.08766579686239,
-5.31574934764679,-3.54383289843119,-2.6578746738234,-1.7719164492156,-0.885958224607799,
0.),.UNSPECIFIED.);
#737=B_SPLINE_CURVE_WITH_KNOTS('',3,(#6536,#6537,#6538,#6539,#6540,#6541,
#6542,#6543,#6544,#6545,#6546,#6547),.UNSPECIFIED.,.F.,.F.,(4,1,1,1,1,1,
1,1,1,4),(0.,0.885958224607799,1.7719164492156,2.6578746738234,3.54383289843119,
5.31574934764679,7.08766579686239,8.85958224607799,10.6314986952936,12.4034151445092),
 .UNSPECIFIED.);
#738=B_SPLINE_CURVE_WITH_KNOTS('',3,(#6622,#6623,#6624,#6625,#6626,#6627,
#6628,#6629,#6630,#6631,#6632,#6633,#6634),.UNSPECIFIED.,.F.,.F.,(4,1,1,
1,1,1,1,1,1,1,4),(-12.4034151445091,-10.6314986952935,-8.85958224607795,
-8.41660313377406,-7.08766579686236,-5.31574934764677,-3.54383289843118,
-2.65787467382339,-1.77191644921559,-0.885958224607795,-1.942890293094E-17),
 .UNSPECIFIED.);
#739=B_SPLINE_CURVE_WITH_KNOTS('',3,(#6635,#6636,#6637,#6638,#6639,#6640,
#6641,#6642,#6643,#6644,#6645,#6646,#6647),.UNSPECIFIED.,.F.,.F.,(4,1,1,
1,1,1,1,1,1,1,4),(1.942890293094E-17,0.885958224607795,1.77191644921559,
2.65787467382339,3.54383289843118,5.31574934764677,7.08766579686236,8.41660313377406,
8.85958224607795,10.6314986952935,12.4034151445091),.UNSPECIFIED.);
#740=B_SPLINE_CURVE_WITH_KNOTS('',3,(#6717,#6718,#6719,#6720,#6721,#6722,
#6723,#6724,#6725,#6726,#6727,#6728),.UNSPECIFIED.,.F.,.F.,(4,1,1,1,1,1,
1,1,1,4),(-12.4034151445091,-10.6314986952935,-8.85958224607795,-7.08766579686236,
-5.31574934764677,-3.54383289843118,-2.65787467382338,-1.77191644921559,
-0.885958224607795,-1.11022302462515E-17),.UNSPECIFIED.);
#741=B_SPLINE_CURVE_WITH_KNOTS('',3,(#6729,#6730,#6731,#6732,#6733,#6734,
#6735,#6736,#6737,#6738,#6739,#6740),.UNSPECIFIED.,.F.,.F.,(4,1,1,1,1,1,
1,1,1,4),(1.11022302462515E-17,0.885958224607795,1.77191644921559,2.65787467382338,
3.54383289843118,5.31574934764677,7.08766579686236,8.85958224607795,10.6314986952935,
12.4034151445091),.UNSPECIFIED.);
#742=B_SPLINE_CURVE_WITH_KNOTS('',3,(#6792,#6793,#6794,#6795,#6796,#6797,
#6798,#6799,#6800,#6801,#6802,#6803),.UNSPECIFIED.,.F.,.F.,(4,1,1,1,1,1,
1,1,1,4),(-12.4034151445091,-10.6314986952935,-8.85958224607795,-7.08766579686236,
-5.31574934764677,-3.54383289843118,-2.65787467382338,-1.77191644921559,
-0.885958224607795,-1.08099507843447E-28),.UNSPECIFIED.);
#743=B_SPLINE_CURVE_WITH_KNOTS('',3,(#6850,#6851,#6852,#6853,#6854,#6855,
#6856,#6857,#6858,#6859,#6860,#6861,#6862),.UNSPECIFIED.,.F.,.F.,(4,1,1,
1,1,1,1,1,1,1,4),(-12.4034151445091,-11.5174569199013,-10.6314986952935,
-9.74554047068574,-8.85958224607795,-7.08766579686236,-5.31574934764677,
-3.54383289843118,-1.77191644921559,-0.885958224607794,0.),
 .UNSPECIFIED.);
#744=B_SPLINE_CURVE_WITH_KNOTS('',3,(#6930,#6931,#6932,#6933,#6934,#6935,
#6936,#6937,#6938,#6939,#6940,#6941),.UNSPECIFIED.,.F.,.F.,(4,1,1,1,1,1,
1,1,1,4),(-12.4034151445092,-10.6314986952936,-8.85958224607799,-7.08766579686239,
-5.3157493476468,-3.5438328984312,-2.6578746738234,-1.7719164492156,-0.885958224607799,
0.),.UNSPECIFIED.);
#745=B_SPLINE_CURVE_WITH_KNOTS('',3,(#6944,#6945,#6946,#6947,#6948,#6949,
#6950,#6951,#6952,#6953,#6954,#6955),.UNSPECIFIED.,.F.,.F.,(4,1,1,1,1,1,
1,1,1,4),(0.,0.885958224607799,1.7719164492156,2.6578746738234,3.5438328984312,
5.3157493476468,7.08766579686239,8.85958224607799,10.6314986952936,12.4034151445092),
 .UNSPECIFIED.);
#746=B_SPLINE_CURVE_WITH_KNOTS('',3,(#7028,#7029,#7030,#7031,#7032,#7033,
#7034,#7035,#7036,#7037,#7038,#7039,#7040),.UNSPECIFIED.,.F.,.F.,(4,1,1,
1,1,1,1,1,1,1,4),(0.,0.885958224607794,1.77191644921559,3.54383289843118,
5.31574934764677,7.08766579686236,8.85958224607795,9.74554047068574,10.6314986952935,
11.5174569199013,12.4034151445091),.UNSPECIFIED.);
#747=B_SPLINE_CURVE_WITH_KNOTS('',3,(#7107,#7108,#7109,#7110,#7111,#7112,
#7113,#7114,#7115,#7116,#7117,#7118),.UNSPECIFIED.,.F.,.F.,(4,1,1,1,1,1,
1,1,1,4),(1.08099507843447E-28,0.885958224607795,1.77191644921559,2.65787467382338,
3.54383289843118,5.31574934764677,7.08766579686236,8.85958224607795,10.6314986952935,
12.4034151445091),.UNSPECIFIED.);
#748=B_SPLINE_CURVE_WITH_KNOTS('',3,(#7196,#7197,#7198,#7199,#7200,#7201,
#7202,#7203,#7204,#7205,#7206,#7207,#7208,#7209),.UNSPECIFIED.,.F.,.F.,
(4,1,1,1,1,1,1,1,1,1,1,4),(-12.4034151445091,-11.5174569199013,-10.6314986952935,
-9.74554047068574,-8.85958224607795,-7.08766579686236,-5.31574934764677,
-3.54383289843118,-2.65787467382339,-1.77191644921559,-0.885958224607798,
-3.35287353436834E-15),.UNSPECIFIED.);
#749=B_SPLINE_CURVE_WITH_KNOTS('',3,(#7210,#7211,#7212,#7213,#7214,#7215,
#7216,#7217,#7218,#7219,#7220,#7221,#7222,#7223),.UNSPECIFIED.,.F.,.F.,
(4,1,1,1,1,1,1,1,1,1,1,4),(3.35287353436834E-15,0.885958224607798,1.77191644921559,
2.65787467382339,3.54383289843118,5.31574934764677,7.08766579686236,8.85958224607795,
9.74554047068574,10.6314986952935,11.5174569199013,12.4034151445091),
 .UNSPECIFIED.);
#750=LINE('',#4254,#916);
#751=LINE('',#4299,#917);
#752=LINE('',#4338,#918);
#753=LINE('',#4377,#919);
#754=LINE('',#4416,#920);
#755=LINE('',#4455,#921);
#756=LINE('',#4494,#922);
#757=LINE('',#4533,#923);
#758=LINE('',#4572,#924);
#759=LINE('',#4614,#925);
#760=LINE('',#4656,#926);
#761=LINE('',#4698,#927);
#762=LINE('',#4740,#928);
#763=LINE('',#4782,#929);
#764=LINE('',#4824,#930);
#765=LINE('',#4866,#931);
#766=LINE('',#5012,#932);
#767=LINE('',#5013,#933);
#768=LINE('',#5119,#934);
#769=LINE('',#5120,#935);
#770=LINE('',#5226,#936);
#771=LINE('',#5227,#937);
#772=LINE('',#5316,#938);
#773=LINE('',#5317,#939);
#774=LINE('',#5320,#940);
#775=LINE('',#5322,#941);
#776=LINE('',#5323,#942);
#777=LINE('',#5365,#943);
#778=LINE('',#5380,#944);
#779=LINE('',#5381,#945);
#780=LINE('',#5423,#946);
#781=LINE('',#5559,#947);
#782=LINE('',#5560,#948);
#783=LINE('',#5644,#949);
#784=LINE('',#5722,#950);
#785=LINE('',#5832,#951);
#786=LINE('',#5833,#952);
#787=LINE('',#5874,#953);
#788=LINE('',#5876,#954);
#789=LINE('',#5917,#955);
#790=LINE('',#5967,#956);
#791=LINE('',#5973,#957);
#792=LINE('',#5977,#958);
#793=LINE('',#5983,#959);
#794=LINE('',#5987,#960);
#795=LINE('',#5993,#961);
#796=LINE('',#5997,#962);
#797=LINE('',#6003,#963);
#798=LINE('',#6007,#964);
#799=LINE('',#6013,#965);
#800=LINE('',#6017,#966);
#801=LINE('',#6023,#967);
#802=LINE('',#6026,#968);
#803=LINE('',#6028,#969);
#804=LINE('',#6030,#970);
#805=LINE('',#6032,#971);
#806=LINE('',#6034,#972);
#807=LINE('',#6036,#973);
#808=LINE('',#6039,#974);
#809=LINE('',#6046,#975);
#810=LINE('',#6048,#976);
#811=LINE('',#6052,#977);
#812=LINE('',#6057,#978);
#813=LINE('',#6062,#979);
#814=LINE('',#6067,#980);
#815=LINE('',#6072,#981);
#816=LINE('',#6077,#982);
#817=LINE('',#6082,#983);
#818=LINE('',#6087,#984);
#819=LINE('',#6092,#985);
#820=LINE('',#6096,#986);
#821=LINE('',#6098,#987);
#822=LINE('',#6103,#988);
#823=LINE('',#6108,#989);
#824=LINE('',#6113,#990);
#825=LINE('',#6118,#991);
#826=LINE('',#6123,#992);
#827=LINE('',#6128,#993);
#828=LINE('',#6135,#994);
#829=LINE('',#6137,#995);
#830=LINE('',#6139,#996);
#831=LINE('',#6140,#997);
#832=LINE('',#6144,#998);
#833=LINE('',#6146,#999);
#834=LINE('',#6148,#1000);
#835=LINE('',#6149,#1001);
#836=LINE('',#6151,#1002);
#837=LINE('',#6152,#1003);
#838=LINE('',#6155,#1004);
#839=LINE('',#6157,#1005);
#840=LINE('',#6158,#1006);
#841=LINE('',#6161,#1007);
#842=LINE('',#6163,#1008);
#843=LINE('',#6164,#1009);
#844=LINE('',#6167,#1010);
#845=LINE('',#6169,#1011);
#846=LINE('',#6170,#1012);
#847=LINE('',#6173,#1013);
#848=LINE('',#6175,#1014);
#849=LINE('',#6176,#1015);
#850=LINE('',#6178,#1016);
#851=LINE('',#6179,#1017);
#852=LINE('',#6187,#1018);
#853=LINE('',#6232,#1019);
#854=LINE('',#6271,#1020);
#855=LINE('',#6313,#1021);
#856=LINE('',#6459,#1022);
#857=LINE('',#6460,#1023);
#858=LINE('',#6552,#1024);
#859=LINE('',#6553,#1025);
#860=LINE('',#6652,#1026);
#861=LINE('',#6653,#1027);
#862=LINE('',#6742,#1028);
#863=LINE('',#6743,#1029);
#864=LINE('',#6746,#1030);
#865=LINE('',#6748,#1031);
#866=LINE('',#6749,#1032);
#867=LINE('',#6791,#1033);
#868=LINE('',#6806,#1034);
#869=LINE('',#6807,#1035);
#870=LINE('',#6849,#1036);
#871=LINE('',#6959,#1037);
#872=LINE('',#6960,#1038);
#873=LINE('',#7044,#1039);
#874=LINE('',#7122,#1040);
#875=LINE('',#7225,#1041);
#876=LINE('',#7226,#1042);
#877=LINE('',#7267,#1043);
#878=LINE('',#7269,#1044);
#879=LINE('',#7310,#1045);
#880=LINE('',#7324,#1046);
#881=LINE('',#7331,#1047);
#882=LINE('',#7333,#1048);
#883=LINE('',#7337,#1049);
#884=LINE('',#7341,#1050);
#885=LINE('',#7343,#1051);
#886=LINE('',#7348,#1052);
#887=LINE('',#7353,#1053);
#888=LINE('',#7367,#1054);
#889=LINE('',#7382,#1055);
#890=LINE('',#7396,#1056);
#891=LINE('',#7412,#1057);
#892=LINE('',#7420,#1058);
#893=LINE('',#7422,#1059);
#894=LINE('',#7428,#1060);
#895=LINE('',#7434,#1061);
#896=LINE('',#7447,#1062);
#897=LINE('',#7452,#1063);
#898=LINE('',#7454,#1064);
#899=LINE('',#7456,#1065);
#900=LINE('',#7457,#1066);
#901=LINE('',#7460,#1067);
#902=LINE('',#7462,#1068);
#903=LINE('',#7463,#1069);
#904=LINE('',#7466,#1070);
#905=LINE('',#7468,#1071);
#906=LINE('',#7469,#1072);
#907=LINE('',#7472,#1073);
#908=LINE('',#7474,#1074);
#909=LINE('',#7475,#1075);
#910=LINE('',#7478,#1076);
#911=LINE('',#7480,#1077);
#912=LINE('',#7481,#1078);
#913=LINE('',#7483,#1079);
#914=LINE('',#7484,#1080);
#915=LINE('',#7490,#1081);
#916=VECTOR('',#3422,3.5);
#917=VECTOR('',#3427,3.5);
#918=VECTOR('',#3432,3.5);
#919=VECTOR('',#3437,3.5);
#920=VECTOR('',#3442,3.5);
#921=VECTOR('',#3447,3.5);
#922=VECTOR('',#3452,3.5);
#923=VECTOR('',#3457,3.5);
#924=VECTOR('',#3462,3.5);
#925=VECTOR('',#3467,3.5);
#926=VECTOR('',#3472,3.5);
#927=VECTOR('',#3477,3.5);
#928=VECTOR('',#3482,3.5);
#929=VECTOR('',#3487,3.5);
#930=VECTOR('',#3492,3.5);
#931=VECTOR('',#3497,3.5);
#932=VECTOR('',#3506,10.);
#933=VECTOR('',#3507,10.);
#934=VECTOR('',#3514,10.);
#935=VECTOR('',#3515,10.);
#936=VECTOR('',#3522,10.);
#937=VECTOR('',#3523,10.);
#938=VECTOR('',#3528,10.);
#939=VECTOR('',#3529,10.);
#940=VECTOR('',#3532,10.);
#941=VECTOR('',#3533,10.);
#942=VECTOR('',#3534,10.);
#943=VECTOR('',#3535,10.);
#944=VECTOR('',#3538,10.);
#945=VECTOR('',#3539,10.);
#946=VECTOR('',#3540,10.);
#947=VECTOR('',#3565,10.);
#948=VECTOR('',#3566,10.);
#949=VECTOR('',#3573,10.);
#950=VECTOR('',#3580,10.);
#951=VECTOR('',#3585,10.);
#952=VECTOR('',#3586,10.);
#953=VECTOR('',#3587,10.);
#954=VECTOR('',#3590,10.);
#955=VECTOR('',#3591,10.);
#956=VECTOR('',#3642,17.875);
#957=VECTOR('',#3649,15.);
#958=VECTOR('',#3654,17.875);
#959=VECTOR('',#3661,15.);
#960=VECTOR('',#3666,17.875);
#961=VECTOR('',#3673,15.);
#962=VECTOR('',#3678,17.875);
#963=VECTOR('',#3685,15.);
#964=VECTOR('',#3690,17.875);
#965=VECTOR('',#3697,15.);
#966=VECTOR('',#3702,17.875);
#967=VECTOR('',#3709,15.);
#968=VECTOR('',#3714,17.875);
#969=VECTOR('',#3717,17.875);
#970=VECTOR('',#3720,17.875);
#971=VECTOR('',#3723,17.875);
#972=VECTOR('',#3726,17.875);
#973=VECTOR('',#3729,17.875);
#974=VECTOR('',#3732,17.875);
#975=VECTOR('',#3741,15.);
#976=VECTOR('',#3744,17.875);
#977=VECTOR('',#3749,5.);
#978=VECTOR('',#3756,5.);
#979=VECTOR('',#3763,5.);
#980=VECTOR('',#3770,5.);
#981=VECTOR('',#3777,5.);
#982=VECTOR('',#3784,5.);
#983=VECTOR('',#3791,5.);
#984=VECTOR('',#3798,5.);
#985=VECTOR('',#3805,5.);
#986=VECTOR('',#3812,5.);
#987=VECTOR('',#3813,5.);
#988=VECTOR('',#3820,5.);
#989=VECTOR('',#3827,5.);
#990=VECTOR('',#3834,5.);
#991=VECTOR('',#3841,5.);
#992=VECTOR('',#3848,5.);
#993=VECTOR('',#3855,5.);
#994=VECTOR('',#3864,10.);
#995=VECTOR('',#3865,10.);
#996=VECTOR('',#3866,10.);
#997=VECTOR('',#3867,10.);
#998=VECTOR('',#3870,10.);
#999=VECTOR('',#3871,10.);
#1000=VECTOR('',#3872,10.);
#1001=VECTOR('',#3873,10.);
#1002=VECTOR('',#3876,10.);
#1003=VECTOR('',#3877,10.);
#1004=VECTOR('',#3880,10.);
#1005=VECTOR('',#3881,10.);
#1006=VECTOR('',#3882,10.);
#1007=VECTOR('',#3885,10.);
#1008=VECTOR('',#3886,10.);
#1009=VECTOR('',#3887,10.);
#1010=VECTOR('',#3890,10.);
#1011=VECTOR('',#3891,10.);
#1012=VECTOR('',#3892,10.);
#1013=VECTOR('',#3895,10.);
#1014=VECTOR('',#3896,10.);
#1015=VECTOR('',#3897,10.);
#1016=VECTOR('',#3900,10.);
#1017=VECTOR('',#3901,10.);
#1018=VECTOR('',#3912,3.5);
#1019=VECTOR('',#3917,3.5);
#1020=VECTOR('',#3922,3.5);
#1021=VECTOR('',#3927,3.5);
#1022=VECTOR('',#3936,10.);
#1023=VECTOR('',#3937,10.);
#1024=VECTOR('',#3944,10.);
#1025=VECTOR('',#3945,10.);
#1026=VECTOR('',#3952,10.);
#1027=VECTOR('',#3953,10.);
#1028=VECTOR('',#3958,10.);
#1029=VECTOR('',#3959,10.);
#1030=VECTOR('',#3962,10.);
#1031=VECTOR('',#3963,10.);
#1032=VECTOR('',#3964,10.);
#1033=VECTOR('',#3965,10.);
#1034=VECTOR('',#3968,10.);
#1035=VECTOR('',#3969,10.);
#1036=VECTOR('',#3970,10.);
#1037=VECTOR('',#3983,10.);
#1038=VECTOR('',#3984,10.);
#1039=VECTOR('',#3991,10.);
#1040=VECTOR('',#3998,10.);
#1041=VECTOR('',#4003,10.);
#1042=VECTOR('',#4004,10.);
#1043=VECTOR('',#4005,10.);
#1044=VECTOR('',#4008,10.);
#1045=VECTOR('',#4009,10.);
#1046=VECTOR('',#4024,17.875);
#1047=VECTOR('',#4033,15.);
#1048=VECTOR('',#4036,17.875);
#1049=VECTOR('',#4041,5.);
#1050=VECTOR('',#4048,5.);
#1051=VECTOR('',#4049,5.);
#1052=VECTOR('',#4056,5.);
#1053=VECTOR('',#4063,5.);
#1054=VECTOR('',#4082,13.25);
#1055=VECTOR('',#4101,15.1);
#1056=VECTOR('',#4120,17.7);
#1057=VECTOR('',#4141,3.5);
#1058=VECTOR('',#4152,14.95);
#1059=VECTOR('',#4155,5.);
#1060=VECTOR('',#4162,2.75);
#1061=VECTOR('',#4169,3.);
#1062=VECTOR('',#4186,4.5);
#1063=VECTOR('',#4191,10.);
#1064=VECTOR('',#4192,10.);
#1065=VECTOR('',#4193,10.);
#1066=VECTOR('',#4194,10.);
#1067=VECTOR('',#4197,10.);
#1068=VECTOR('',#4198,10.);
#1069=VECTOR('',#4199,10.);
#1070=VECTOR('',#4202,10.);
#1071=VECTOR('',#4203,10.);
#1072=VECTOR('',#4204,10.);
#1073=VECTOR('',#4207,10.);
#1074=VECTOR('',#4208,10.);
#1075=VECTOR('',#4209,10.);
#1076=VECTOR('',#4212,10.);
#1077=VECTOR('',#4213,10.);
#1078=VECTOR('',#4214,10.);
#1079=VECTOR('',#4217,10.);
#1080=VECTOR('',#4218,10.);
#1081=VECTOR('',#4227,6.);
#1082=CIRCLE('',#3083,3.5);
#1083=CIRCLE('',#3085,3.5);
#1084=CIRCLE('',#3087,3.5);
#1085=CIRCLE('',#3089,3.5);
#1086=CIRCLE('',#3091,3.5);
#1087=CIRCLE('',#3093,3.5);
#1088=CIRCLE('',#3095,3.5);
#1089=CIRCLE('',#3097,3.5);
#1090=CIRCLE('',#3099,3.5);
#1091=CIRCLE('',#3101,3.5);
#1092=CIRCLE('',#3103,3.5);
#1093=CIRCLE('',#3105,3.5);
#1094=CIRCLE('',#3107,3.5);
#1095=CIRCLE('',#3109,3.5);
#1096=CIRCLE('',#3111,3.5);
#1097=CIRCLE('',#3113,3.5);
#1098=CIRCLE('',#3114,2.);
#1099=CIRCLE('',#3115,2.);
#1100=CIRCLE('',#3117,2.);
#1101=CIRCLE('',#3118,2.);
#1102=CIRCLE('',#3120,2.);
#1103=CIRCLE('',#3121,2.);
#1104=CIRCLE('',#3123,2.);
#1105=CIRCLE('',#3124,2.);
#1106=CIRCLE('',#3129,20.75);
#1107=CIRCLE('',#3130,20.75);
#1108=CIRCLE('',#3131,20.75);
#1109=CIRCLE('',#3132,20.75);
#1110=CIRCLE('',#3133,20.75);
#1111=CIRCLE('',#3134,20.75);
#1112=CIRCLE('',#3135,20.75);
#1113=CIRCLE('',#3136,2.);
#1114=CIRCLE('',#3137,2.00000000000017);
#1115=CIRCLE('',#3139,2.);
#1116=CIRCLE('',#3140,2.);
#1117=CIRCLE('',#3142,2.);
#1118=CIRCLE('',#3143,2.);
#1119=CIRCLE('',#3145,2.);
#1120=CIRCLE('',#3146,2.);
#1121=CIRCLE('',#3150,20.75);
#1122=CIRCLE('',#3151,20.75);
#1123=CIRCLE('',#3152,20.75);
#1124=CIRCLE('',#3153,20.75);
#1125=CIRCLE('',#3154,5.);
#1126=CIRCLE('',#3155,5.);
#1127=CIRCLE('',#3156,5.);
#1128=CIRCLE('',#3157,5.);
#1129=CIRCLE('',#3158,5.);
#1130=CIRCLE('',#3159,5.);
#1131=CIRCLE('',#3160,5.);
#1132=CIRCLE('',#3161,5.);
#1133=CIRCLE('',#3162,5.);
#1134=CIRCLE('',#3163,5.);
#1135=CIRCLE('',#3164,5.);
#1136=CIRCLE('',#3165,5.);
#1137=CIRCLE('',#3166,5.);
#1138=CIRCLE('',#3167,5.);
#1139=CIRCLE('',#3168,5.);
#1140=CIRCLE('',#3169,5.);
#1141=CIRCLE('',#3170,20.75);
#1142=CIRCLE('',#3171,20.75);
#1143=CIRCLE('',#3172,20.75);
#1144=CIRCLE('',#3174,15.);
#1145=CIRCLE('',#3175,15.);
#1146=CIRCLE('',#3177,15.);
#1147=CIRCLE('',#3179,15.);
#1148=CIRCLE('',#3180,15.);
#1149=CIRCLE('',#3182,15.);
#1150=CIRCLE('',#3184,15.);
#1151=CIRCLE('',#3185,15.);
#1152=CIRCLE('',#3187,15.);
#1153=CIRCLE('',#3189,15.);
#1154=CIRCLE('',#3190,15.);
#1155=CIRCLE('',#3192,15.);
#1156=CIRCLE('',#3194,15.);
#1157=CIRCLE('',#3195,15.);
#1158=CIRCLE('',#3197,15.);
#1159=CIRCLE('',#3199,15.);
#1160=CIRCLE('',#3200,15.);
#1161=CIRCLE('',#3202,15.);
#1162=CIRCLE('',#3210,15.);
#1163=CIRCLE('',#3212,15.);
#1164=CIRCLE('',#3213,15.);
#1165=CIRCLE('',#3217,5.);
#1166=CIRCLE('',#3220,5.);
#1167=CIRCLE('',#3223,5.);
#1168=CIRCLE('',#3226,5.);
#1169=CIRCLE('',#3229,5.);
#1170=CIRCLE('',#3232,5.);
#1171=CIRCLE('',#3235,5.);
#1172=CIRCLE('',#3238,5.);
#1173=CIRCLE('',#3241,5.);
#1174=CIRCLE('',#3244,5.);
#1175=CIRCLE('',#3247,5.);
#1176=CIRCLE('',#3250,5.);
#1177=CIRCLE('',#3253,5.);
#1178=CIRCLE('',#3256,5.);
#1179=CIRCLE('',#3259,5.);
#1180=CIRCLE('',#3262,5.);
#1181=CIRCLE('',#3277,3.5);
#1182=CIRCLE('',#3279,3.5);
#1183=CIRCLE('',#3281,3.5);
#1184=CIRCLE('',#3283,3.5);
#1185=CIRCLE('',#3284,2.);
#1186=CIRCLE('',#3285,2.);
#1187=CIRCLE('',#3287,2.);
#1188=CIRCLE('',#3288,2.);
#1189=CIRCLE('',#3290,2.);
#1190=CIRCLE('',#3291,2.);
#1191=CIRCLE('',#3293,2.);
#1192=CIRCLE('',#3294,2.);
#1193=CIRCLE('',#3299,20.75);
#1194=CIRCLE('',#3300,2.);
#1195=CIRCLE('',#3301,1.99999999999971);
#1196=CIRCLE('',#3303,2.);
#1197=CIRCLE('',#3304,2.);
#1198=CIRCLE('',#3306,2.);
#1199=CIRCLE('',#3307,2.);
#1200=CIRCLE('',#3309,2.);
#1201=CIRCLE('',#3310,2.);
#1202=CIRCLE('',#3314,20.75);
#1203=CIRCLE('',#3315,5.);
#1204=CIRCLE('',#3316,5.);
#1205=CIRCLE('',#3317,5.);
#1206=CIRCLE('',#3318,5.);
#1207=CIRCLE('',#3320,15.);
#1208=CIRCLE('',#3322,15.);
#1209=CIRCLE('',#3323,15.);
#1210=CIRCLE('',#3327,5.);
#1211=CIRCLE('',#3330,5.);
#1212=CIRCLE('',#3333,5.);
#1213=CIRCLE('',#3336,5.);
#1214=CIRCLE('',#3340,13.);
#1215=CIRCLE('',#3341,0.25);
#1216=CIRCLE('',#3342,13.25);
#1217=CIRCLE('',#3343,13.25);
#1218=CIRCLE('',#3345,13.25);
#1219=CIRCLE('',#3347,6.5);
#1220=CIRCLE('',#3349,15.35);
#1221=CIRCLE('',#3350,0.25);
#1222=CIRCLE('',#3351,15.1);
#1223=CIRCLE('',#3352,15.1);
#1224=CIRCLE('',#3354,15.1);
#1225=CIRCLE('',#3356,18.0357864376269);
#1226=CIRCLE('',#3359,1.);
#1227=CIRCLE('',#3360,18.7428932188135);
#1228=CIRCLE('',#3361,18.7428932188135);
#1229=CIRCLE('',#3363,14.95);
#1230=CIRCLE('',#3365,4.);
#1231=CIRCLE('',#3366,0.5);
#1232=CIRCLE('',#3367,3.5);
#1233=CIRCLE('',#3368,3.5);
#1234=CIRCLE('',#3370,14.45);
#1235=CIRCLE('',#3372,3.5);
#1236=CIRCLE('',#3374,14.95);
#1237=CIRCLE('',#3375,14.95);
#1238=CIRCLE('',#3376,0.5);
#1239=CIRCLE('',#3381,2.5);
#1240=CIRCLE('',#3382,3.);
#1241=CIRCLE('',#3383,3.);
#1242=CIRCLE('',#3385,3.);
#1243=CIRCLE('',#3386,3.);
#1244=CIRCLE('',#3389,3.08786796564404);
#1245=CIRCLE('',#3390,3.08786796564404);
#1246=CIRCLE('',#3391,0.3);
#1247=CIRCLE('',#3393,6.);
#1248=CIRCLE('',#3402,6.);
#1249=VERTEX_POINT('',#4251);
#1250=VERTEX_POINT('',#4253);
#1251=VERTEX_POINT('',#4255);
#1252=VERTEX_POINT('',#4274);
#1253=VERTEX_POINT('',#4296);
#1254=VERTEX_POINT('',#4298);
#1255=VERTEX_POINT('',#4335);
#1256=VERTEX_POINT('',#4337);
#1257=VERTEX_POINT('',#4374);
#1258=VERTEX_POINT('',#4376);
#1259=VERTEX_POINT('',#4413);
#1260=VERTEX_POINT('',#4415);
#1261=VERTEX_POINT('',#4452);
#1262=VERTEX_POINT('',#4454);
#1263=VERTEX_POINT('',#4491);
#1264=VERTEX_POINT('',#4493);
#1265=VERTEX_POINT('',#4530);
#1266=VERTEX_POINT('',#4532);
#1267=VERTEX_POINT('',#4569);
#1268=VERTEX_POINT('',#4571);
#1269=VERTEX_POINT('',#4573);
#1270=VERTEX_POINT('',#4611);
#1271=VERTEX_POINT('',#4613);
#1272=VERTEX_POINT('',#4615);
#1273=VERTEX_POINT('',#4653);
#1274=VERTEX_POINT('',#4655);
#1275=VERTEX_POINT('',#4657);
#1276=VERTEX_POINT('',#4695);
#1277=VERTEX_POINT('',#4697);
#1278=VERTEX_POINT('',#4699);
#1279=VERTEX_POINT('',#4737);
#1280=VERTEX_POINT('',#4739);
#1281=VERTEX_POINT('',#4741);
#1282=VERTEX_POINT('',#4779);
#1283=VERTEX_POINT('',#4781);
#1284=VERTEX_POINT('',#4783);
#1285=VERTEX_POINT('',#4821);
#1286=VERTEX_POINT('',#4823);
#1287=VERTEX_POINT('',#4825);
#1288=VERTEX_POINT('',#4863);
#1289=VERTEX_POINT('',#4865);
#1290=VERTEX_POINT('',#4867);
#1291=VERTEX_POINT('',#4974);
#1292=VERTEX_POINT('',#4975);
#1293=VERTEX_POINT('',#4977);
#1294=VERTEX_POINT('',#4992);
#1295=VERTEX_POINT('',#5009);
#1296=VERTEX_POINT('',#5010);
#1297=VERTEX_POINT('',#5084);
#1298=VERTEX_POINT('',#5085);
#1299=VERTEX_POINT('',#5116);
#1300=VERTEX_POINT('',#5117);
#1301=VERTEX_POINT('',#5191);
#1302=VERTEX_POINT('',#5192);
#1303=VERTEX_POINT('',#5223);
#1304=VERTEX_POINT('',#5224);
#1305=VERTEX_POINT('',#5288);
#1306=VERTEX_POINT('',#5289);
#1307=VERTEX_POINT('',#5319);
#1308=VERTEX_POINT('',#5321);
#1309=VERTEX_POINT('',#5364);
#1310=VERTEX_POINT('',#5379);
#1311=VERTEX_POINT('',#5422);
#1312=VERTEX_POINT('',#5438);
#1313=VERTEX_POINT('',#5440);
#1314=VERTEX_POINT('',#5442);
#1315=VERTEX_POINT('',#5444);
#1316=VERTEX_POINT('',#5446);
#1317=VERTEX_POINT('',#5448);
#1318=VERTEX_POINT('',#5450);
#1319=VERTEX_POINT('',#5522);
#1320=VERTEX_POINT('',#5523);
#1321=VERTEX_POINT('',#5525);
#1322=VERTEX_POINT('',#5540);
#1323=VERTEX_POINT('',#5557);
#1324=VERTEX_POINT('',#5626);
#1325=VERTEX_POINT('',#5642);
#1326=VERTEX_POINT('',#5705);
#1327=VERTEX_POINT('',#5720);
#1328=VERTEX_POINT('',#5798);
#1329=VERTEX_POINT('',#5799);
#1330=VERTEX_POINT('',#5919);
#1331=VERTEX_POINT('',#5921);
#1332=VERTEX_POINT('',#5923);
#1333=VERTEX_POINT('',#5925);
#1334=VERTEX_POINT('',#5927);
#1335=VERTEX_POINT('',#5929);
#1336=VERTEX_POINT('',#5931);
#1337=VERTEX_POINT('',#5933);
#1338=VERTEX_POINT('',#5935);
#1339=VERTEX_POINT('',#5937);
#1340=VERTEX_POINT('',#5939);
#1341=VERTEX_POINT('',#5941);
#1342=VERTEX_POINT('',#5943);
#1343=VERTEX_POINT('',#5945);
#1344=VERTEX_POINT('',#5947);
#1345=VERTEX_POINT('',#5949);
#1346=VERTEX_POINT('',#5951);
#1347=VERTEX_POINT('',#5953);
#1348=VERTEX_POINT('',#5955);
#1349=VERTEX_POINT('',#5957);
#1350=VERTEX_POINT('',#5959);
#1351=VERTEX_POINT('',#5961);
#1352=VERTEX_POINT('',#5963);
#1353=VERTEX_POINT('',#5966);
#1354=VERTEX_POINT('',#5968);
#1355=VERTEX_POINT('',#5972);
#1356=VERTEX_POINT('',#5976);
#1357=VERTEX_POINT('',#5978);
#1358=VERTEX_POINT('',#5982);
#1359=VERTEX_POINT('',#5986);
#1360=VERTEX_POINT('',#5988);
#1361=VERTEX_POINT('',#5992);
#1362=VERTEX_POINT('',#5996);
#1363=VERTEX_POINT('',#5998);
#1364=VERTEX_POINT('',#6002);
#1365=VERTEX_POINT('',#6006);
#1366=VERTEX_POINT('',#6008);
#1367=VERTEX_POINT('',#6012);
#1368=VERTEX_POINT('',#6016);
#1369=VERTEX_POINT('',#6018);
#1370=VERTEX_POINT('',#6022);
#1371=VERTEX_POINT('',#6038);
#1372=VERTEX_POINT('',#6042);
#1373=VERTEX_POINT('',#6043);
#1374=VERTEX_POINT('',#6051);
#1375=VERTEX_POINT('',#6056);
#1376=VERTEX_POINT('',#6061);
#1377=VERTEX_POINT('',#6066);
#1378=VERTEX_POINT('',#6071);
#1379=VERTEX_POINT('',#6076);
#1380=VERTEX_POINT('',#6081);
#1381=VERTEX_POINT('',#6086);
#1382=VERTEX_POINT('',#6091);
#1383=VERTEX_POINT('',#6097);
#1384=VERTEX_POINT('',#6102);
#1385=VERTEX_POINT('',#6107);
#1386=VERTEX_POINT('',#6112);
#1387=VERTEX_POINT('',#6117);
#1388=VERTEX_POINT('',#6122);
#1389=VERTEX_POINT('',#6127);
#1390=VERTEX_POINT('',#6133);
#1391=VERTEX_POINT('',#6134);
#1392=VERTEX_POINT('',#6136);
#1393=VERTEX_POINT('',#6138);
#1394=VERTEX_POINT('',#6142);
#1395=VERTEX_POINT('',#6143);
#1396=VERTEX_POINT('',#6145);
#1397=VERTEX_POINT('',#6147);
#1398=VERTEX_POINT('',#6154);
#1399=VERTEX_POINT('',#6156);
#1400=VERTEX_POINT('',#6160);
#1401=VERTEX_POINT('',#6162);
#1402=VERTEX_POINT('',#6166);
#1403=VERTEX_POINT('',#6168);
#1404=VERTEX_POINT('',#6172);
#1405=VERTEX_POINT('',#6174);
#1406=VERTEX_POINT('',#6184);
#1407=VERTEX_POINT('',#6186);
#1408=VERTEX_POINT('',#6188);
#1409=VERTEX_POINT('',#6207);
#1410=VERTEX_POINT('',#6229);
#1411=VERTEX_POINT('',#6231);
#1412=VERTEX_POINT('',#6268);
#1413=VERTEX_POINT('',#6270);
#1414=VERTEX_POINT('',#6272);
#1415=VERTEX_POINT('',#6310);
#1416=VERTEX_POINT('',#6312);
#1417=VERTEX_POINT('',#6314);
#1418=VERTEX_POINT('',#6421);
#1419=VERTEX_POINT('',#6422);
#1420=VERTEX_POINT('',#6424);
#1421=VERTEX_POINT('',#6439);
#1422=VERTEX_POINT('',#6456);
#1423=VERTEX_POINT('',#6457);
#1424=VERTEX_POINT('',#6521);
#1425=VERTEX_POINT('',#6522);
#1426=VERTEX_POINT('',#6549);
#1427=VERTEX_POINT('',#6550);
#1428=VERTEX_POINT('',#6619);
#1429=VERTEX_POINT('',#6620);
#1430=VERTEX_POINT('',#6649);
#1431=VERTEX_POINT('',#6650);
#1432=VERTEX_POINT('',#6714);
#1433=VERTEX_POINT('',#6715);
#1434=VERTEX_POINT('',#6745);
#1435=VERTEX_POINT('',#6747);
#1436=VERTEX_POINT('',#6790);
#1437=VERTEX_POINT('',#6805);
#1438=VERTEX_POINT('',#6848);
#1439=VERTEX_POINT('',#6864);
#1440=VERTEX_POINT('',#6926);
#1441=VERTEX_POINT('',#6927);
#1442=VERTEX_POINT('',#6929);
#1443=VERTEX_POINT('',#6942);
#1444=VERTEX_POINT('',#6957);
#1445=VERTEX_POINT('',#7026);
#1446=VERTEX_POINT('',#7042);
#1447=VERTEX_POINT('',#7105);
#1448=VERTEX_POINT('',#7120);
#1449=VERTEX_POINT('',#7193);
#1450=VERTEX_POINT('',#7194);
#1451=VERTEX_POINT('',#7312);
#1452=VERTEX_POINT('',#7314);
#1453=VERTEX_POINT('',#7316);
#1454=VERTEX_POINT('',#7318);
#1455=VERTEX_POINT('',#7320);
#1456=VERTEX_POINT('',#7323);
#1457=VERTEX_POINT('',#7327);
#1458=VERTEX_POINT('',#7328);
#1459=VERTEX_POINT('',#7336);
#1460=VERTEX_POINT('',#7342);
#1461=VERTEX_POINT('',#7347);
#1462=VERTEX_POINT('',#7352);
#1463=VERTEX_POINT('',#7358);
#1464=VERTEX_POINT('',#7360);
#1465=VERTEX_POINT('',#7362);
#1466=VERTEX_POINT('',#7366);
#1467=VERTEX_POINT('',#7370);
#1468=VERTEX_POINT('',#7373);
#1469=VERTEX_POINT('',#7375);
#1470=VERTEX_POINT('',#7377);
#1471=VERTEX_POINT('',#7381);
#1472=VERTEX_POINT('',#7385);
#1473=VERTEX_POINT('',#7389);
#1474=VERTEX_POINT('',#7391);
#1475=VERTEX_POINT('',#7395);
#1476=VERTEX_POINT('',#7399);
#1477=VERTEX_POINT('',#7401);
#1478=VERTEX_POINT('',#7403);
#1479=VERTEX_POINT('',#7407);
#1480=VERTEX_POINT('',#7410);
#1481=VERTEX_POINT('',#7414);
#1482=VERTEX_POINT('',#7415);
#1483=VERTEX_POINT('',#7425);
#1484=VERTEX_POINT('',#7427);
#1485=VERTEX_POINT('',#7429);
#1486=VERTEX_POINT('',#7433);
#1487=VERTEX_POINT('',#7435);
#1488=VERTEX_POINT('',#7440);
#1489=VERTEX_POINT('',#7441);
#1490=VERTEX_POINT('',#7446);
#1491=VERTEX_POINT('',#7450);
#1492=VERTEX_POINT('',#7451);
#1493=VERTEX_POINT('',#7453);
#1494=VERTEX_POINT('',#7455);
#1495=VERTEX_POINT('',#7459);
#1496=VERTEX_POINT('',#7461);
#1497=VERTEX_POINT('',#7465);
#1498=VERTEX_POINT('',#7467);
#1499=VERTEX_POINT('',#7471);
#1500=VERTEX_POINT('',#7473);
#1501=VERTEX_POINT('',#7477);
#1502=VERTEX_POINT('',#7479);
#1503=VERTEX_POINT('',#7487);
#1504=EDGE_CURVE('',#1249,#1249,#1082,.T.);
#1505=EDGE_CURVE('',#1249,#1250,#750,.T.);
#1506=EDGE_CURVE('',#1251,#1250,#684,.T.);
#1507=EDGE_CURVE('',#1252,#1251,#685,.T.);
#1508=EDGE_CURVE('',#1250,#1252,#686,.T.);
#1509=EDGE_CURVE('',#1253,#1253,#1083,.T.);
#1510=EDGE_CURVE('',#1253,#1254,#751,.T.);
#1511=EDGE_CURVE('',#1254,#1254,#687,.T.);
#1512=EDGE_CURVE('',#1255,#1255,#1084,.T.);
#1513=EDGE_CURVE('',#1255,#1256,#752,.T.);
#1514=EDGE_CURVE('',#1256,#1256,#688,.T.);
#1515=EDGE_CURVE('',#1257,#1257,#1085,.T.);
#1516=EDGE_CURVE('',#1257,#1258,#753,.T.);
#1517=EDGE_CURVE('',#1258,#1258,#689,.T.);
#1518=EDGE_CURVE('',#1259,#1259,#1086,.T.);
#1519=EDGE_CURVE('',#1259,#1260,#754,.T.);
#1520=EDGE_CURVE('',#1260,#1260,#690,.T.);
#1521=EDGE_CURVE('',#1261,#1261,#1087,.T.);
#1522=EDGE_CURVE('',#1261,#1262,#755,.T.);
#1523=EDGE_CURVE('',#1262,#1262,#691,.T.);
#1524=EDGE_CURVE('',#1263,#1263,#1088,.T.);
#1525=EDGE_CURVE('',#1263,#1264,#756,.T.);
#1526=EDGE_CURVE('',#1264,#1264,#692,.T.);
#1527=EDGE_CURVE('',#1265,#1265,#1089,.T.);
#1528=EDGE_CURVE('',#1265,#1266,#757,.T.);
#1529=EDGE_CURVE('',#1266,#1266,#693,.T.);
#1530=EDGE_CURVE('',#1267,#1267,#1090,.T.);
#1531=EDGE_CURVE('',#1267,#1268,#758,.T.);
#1532=EDGE_CURVE('',#1269,#1268,#694,.T.);
#1533=EDGE_CURVE('',#1268,#1269,#695,.T.);
#1534=EDGE_CURVE('',#1270,#1270,#1091,.T.);
#1535=EDGE_CURVE('',#1270,#1271,#759,.T.);
#1536=EDGE_CURVE('',#1272,#1271,#696,.T.);
#1537=EDGE_CURVE('',#1271,#1272,#697,.T.);
#1538=EDGE_CURVE('',#1273,#1273,#1092,.T.);
#1539=EDGE_CURVE('',#1273,#1274,#760,.T.);
#1540=EDGE_CURVE('',#1275,#1274,#698,.T.);
#1541=EDGE_CURVE('',#1274,#1275,#699,.T.);
#1542=EDGE_CURVE('',#1276,#1276,#1093,.T.);
#1543=EDGE_CURVE('',#1276,#1277,#761,.T.);
#1544=EDGE_CURVE('',#1278,#1277,#700,.T.);
#1545=EDGE_CURVE('',#1277,#1278,#701,.T.);
#1546=EDGE_CURVE('',#1279,#1279,#1094,.T.);
#1547=EDGE_CURVE('',#1279,#1280,#762,.T.);
#1548=EDGE_CURVE('',#1281,#1280,#702,.T.);
#1549=EDGE_CURVE('',#1280,#1281,#703,.T.);
#1550=EDGE_CURVE('',#1282,#1282,#1095,.T.);
#1551=EDGE_CURVE('',#1282,#1283,#763,.T.);
#1552=EDGE_CURVE('',#1284,#1283,#704,.T.);
#1553=EDGE_CURVE('',#1283,#1284,#705,.T.);
#1554=EDGE_CURVE('',#1285,#1285,#1096,.T.);
#1555=EDGE_CURVE('',#1285,#1286,#764,.T.);
#1556=EDGE_CURVE('',#1287,#1286,#706,.T.);
#1557=EDGE_CURVE('',#1286,#1287,#707,.T.);
#1558=EDGE_CURVE('',#1288,#1288,#1097,.T.);
#1559=EDGE_CURVE('',#1288,#1289,#765,.T.);
#1560=EDGE_CURVE('',#1290,#1289,#708,.T.);
#1561=EDGE_CURVE('',#1289,#1290,#709,.T.);
#1562=EDGE_CURVE('',#1291,#1292,#1098,.T.);
#1563=EDGE_CURVE('',#1292,#1293,#710,.T.);
#1564=EDGE_CURVE('',#1293,#1294,#1099,.T.);
#1565=EDGE_CURVE('',#1294,#1291,#711,.T.);
#1566=EDGE_CURVE('',#1295,#1296,#1100,.T.);
#1567=EDGE_CURVE('',#1296,#1292,#766,.T.);
#1568=EDGE_CURVE('',#1291,#1295,#767,.T.);
#1569=EDGE_CURVE('',#1297,#1298,#1101,.T.);
#1570=EDGE_CURVE('',#1298,#1296,#712,.T.);
#1571=EDGE_CURVE('',#1295,#1297,#713,.T.);
#1572=EDGE_CURVE('',#1299,#1300,#1102,.T.);
#1573=EDGE_CURVE('',#1300,#1298,#768,.T.);
#1574=EDGE_CURVE('',#1297,#1299,#769,.T.);
#1575=EDGE_CURVE('',#1301,#1302,#1103,.T.);
#1576=EDGE_CURVE('',#1302,#1300,#714,.T.);
#1577=EDGE_CURVE('',#1299,#1301,#715,.T.);
#1578=EDGE_CURVE('',#1303,#1304,#1104,.T.);
#1579=EDGE_CURVE('',#1304,#1302,#770,.T.);
#1580=EDGE_CURVE('',#1301,#1303,#771,.T.);
#1581=EDGE_CURVE('',#1305,#1306,#1105,.T.);
#1582=EDGE_CURVE('',#1306,#1304,#716,.T.);
#1583=EDGE_CURVE('',#1303,#1305,#717,.T.);
#1584=EDGE_CURVE('',#1305,#1294,#772,.T.);
#1585=EDGE_CURVE('',#1293,#1306,#773,.T.);
#1586=EDGE_CURVE('',#1307,#1304,#774,.T.);
#1587=EDGE_CURVE('',#1308,#1307,#775,.T.);
#1588=EDGE_CURVE('',#1302,#1308,#776,.T.);
#1589=EDGE_CURVE('',#1306,#1309,#777,.T.);
#1590=EDGE_CURVE('',#1307,#1309,#718,.T.);
#1591=EDGE_CURVE('',#1310,#1293,#778,.T.);
#1592=EDGE_CURVE('',#1309,#1310,#779,.T.);
#1593=EDGE_CURVE('',#1292,#1311,#780,.T.);
#1594=EDGE_CURVE('',#1310,#1311,#719,.T.);
#1595=EDGE_CURVE('',#1312,#1312,#1106,.T.);
#1596=EDGE_CURVE('',#1313,#1313,#1107,.T.);
#1597=EDGE_CURVE('',#1314,#1314,#1108,.T.);
#1598=EDGE_CURVE('',#1315,#1315,#1109,.T.);
#1599=EDGE_CURVE('',#1316,#1316,#1110,.T.);
#1600=EDGE_CURVE('',#1317,#1317,#1111,.T.);
#1601=EDGE_CURVE('',#1318,#1318,#1112,.T.);
#1602=EDGE_CURVE('',#1319,#1320,#1113,.T.);
#1603=EDGE_CURVE('',#1320,#1321,#720,.T.);
#1604=EDGE_CURVE('',#1321,#1322,#1114,.T.);
#1605=EDGE_CURVE('',#1322,#1319,#721,.T.);
#1606=EDGE_CURVE('',#1323,#1311,#1115,.T.);
#1607=EDGE_CURVE('',#1311,#1320,#781,.T.);
#1608=EDGE_CURVE('',#1319,#1323,#782,.T.);
#1609=EDGE_CURVE('',#1324,#1310,#1116,.T.);
#1610=EDGE_CURVE('',#1323,#1324,#722,.T.);
#1611=EDGE_CURVE('',#1325,#1309,#1117,.T.);
#1612=EDGE_CURVE('',#1324,#1325,#783,.T.);
#1613=EDGE_CURVE('',#1326,#1307,#1118,.T.);
#1614=EDGE_CURVE('',#1325,#1326,#723,.T.);
#1615=EDGE_CURVE('',#1327,#1308,#1119,.T.);
#1616=EDGE_CURVE('',#1326,#1327,#784,.T.);
#1617=EDGE_CURVE('',#1328,#1329,#1120,.T.);
#1618=EDGE_CURVE('',#1329,#1308,#724,.T.);
#1619=EDGE_CURVE('',#1327,#1328,#725,.T.);
#1620=EDGE_CURVE('',#1328,#1322,#785,.T.);
#1621=EDGE_CURVE('',#1321,#1329,#786,.T.);
#1622=EDGE_CURVE('',#1329,#1300,#787,.T.);
#1623=EDGE_CURVE('',#1298,#1321,#788,.T.);
#1624=EDGE_CURVE('',#1320,#1296,#789,.T.);
#1625=EDGE_CURVE('',#1330,#1330,#1121,.T.);
#1626=EDGE_CURVE('',#1331,#1331,#1122,.T.);
#1627=EDGE_CURVE('',#1332,#1332,#1123,.T.);
#1628=EDGE_CURVE('',#1333,#1333,#1124,.T.);
#1629=EDGE_CURVE('',#1334,#1334,#1125,.T.);
#1630=EDGE_CURVE('',#1335,#1335,#1126,.T.);
#1631=EDGE_CURVE('',#1336,#1336,#1127,.T.);
#1632=EDGE_CURVE('',#1337,#1337,#1128,.T.);
#1633=EDGE_CURVE('',#1338,#1338,#1129,.T.);
#1634=EDGE_CURVE('',#1339,#1339,#1130,.T.);
#1635=EDGE_CURVE('',#1340,#1340,#1131,.T.);
#1636=EDGE_CURVE('',#1341,#1341,#1132,.T.);
#1637=EDGE_CURVE('',#1342,#1342,#1133,.T.);
#1638=EDGE_CURVE('',#1343,#1343,#1134,.T.);
#1639=EDGE_CURVE('',#1344,#1344,#1135,.T.);
#1640=EDGE_CURVE('',#1345,#1345,#1136,.T.);
#1641=EDGE_CURVE('',#1346,#1346,#1137,.T.);
#1642=EDGE_CURVE('',#1347,#1347,#1138,.T.);
#1643=EDGE_CURVE('',#1348,#1348,#1139,.T.);
#1644=EDGE_CURVE('',#1349,#1349,#1140,.T.);
#1645=EDGE_CURVE('',#1350,#1350,#1141,.T.);
#1646=EDGE_CURVE('',#1351,#1351,#1142,.T.);
#1647=EDGE_CURVE('',#1352,#1352,#1143,.T.);
#1648=EDGE_CURVE('',#1330,#1353,#790,.T.);
#1649=EDGE_CURVE('',#1353,#1354,#1144,.T.);
#1650=EDGE_CURVE('',#1354,#1353,#1145,.T.);
#1651=EDGE_CURVE('',#1354,#1355,#791,.T.);
#1652=EDGE_CURVE('',#1355,#1355,#1146,.T.);
#1653=EDGE_CURVE('',#1352,#1356,#792,.T.);
#1654=EDGE_CURVE('',#1356,#1357,#1147,.T.);
#1655=EDGE_CURVE('',#1357,#1356,#1148,.T.);
#1656=EDGE_CURVE('',#1357,#1358,#793,.T.);
#1657=EDGE_CURVE('',#1358,#1358,#1149,.T.);
#1658=EDGE_CURVE('',#1331,#1359,#794,.T.);
#1659=EDGE_CURVE('',#1359,#1360,#1150,.T.);
#1660=EDGE_CURVE('',#1360,#1359,#1151,.T.);
#1661=EDGE_CURVE('',#1360,#1361,#795,.T.);
#1662=EDGE_CURVE('',#1361,#1361,#1152,.T.);
#1663=EDGE_CURVE('',#1351,#1362,#796,.T.);
#1664=EDGE_CURVE('',#1362,#1363,#1153,.T.);
#1665=EDGE_CURVE('',#1363,#1362,#1154,.T.);
#1666=EDGE_CURVE('',#1363,#1364,#797,.T.);
#1667=EDGE_CURVE('',#1364,#1364,#1155,.T.);
#1668=EDGE_CURVE('',#1332,#1365,#798,.T.);
#1669=EDGE_CURVE('',#1365,#1366,#1156,.T.);
#1670=EDGE_CURVE('',#1366,#1365,#1157,.T.);
#1671=EDGE_CURVE('',#1366,#1367,#799,.T.);
#1672=EDGE_CURVE('',#1367,#1367,#1158,.T.);
#1673=EDGE_CURVE('',#1350,#1368,#800,.T.);
#1674=EDGE_CURVE('',#1368,#1369,#1159,.T.);
#1675=EDGE_CURVE('',#1369,#1368,#1160,.T.);
#1676=EDGE_CURVE('',#1369,#1370,#801,.T.);
#1677=EDGE_CURVE('',#1370,#1370,#1161,.T.);
#1678=EDGE_CURVE('',#1312,#1355,#802,.T.);
#1679=EDGE_CURVE('',#1318,#1358,#803,.T.);
#1680=EDGE_CURVE('',#1313,#1361,#804,.T.);
#1681=EDGE_CURVE('',#1317,#1364,#805,.T.);
#1682=EDGE_CURVE('',#1314,#1367,#806,.T.);
#1683=EDGE_CURVE('',#1316,#1370,#807,.T.);
#1684=EDGE_CURVE('',#1315,#1371,#808,.T.);
#1685=EDGE_CURVE('',#1371,#1371,#1162,.T.);
#1686=EDGE_CURVE('',#1372,#1373,#1163,.T.);
#1687=EDGE_CURVE('',#1373,#1372,#1164,.T.);
#1688=EDGE_CURVE('',#1373,#1371,#809,.T.);
#1689=EDGE_CURVE('',#1333,#1372,#810,.T.);
#1690=EDGE_CURVE('',#1334,#1374,#811,.T.);
#1691=EDGE_CURVE('',#1374,#1374,#1165,.T.);
#1692=EDGE_CURVE('',#1335,#1375,#812,.T.);
#1693=EDGE_CURVE('',#1375,#1375,#1166,.T.);
#1694=EDGE_CURVE('',#1336,#1376,#813,.T.);
#1695=EDGE_CURVE('',#1376,#1376,#1167,.T.);
#1696=EDGE_CURVE('',#1337,#1377,#814,.T.);
#1697=EDGE_CURVE('',#1377,#1377,#1168,.T.);
#1698=EDGE_CURVE('',#1338,#1378,#815,.T.);
#1699=EDGE_CURVE('',#1378,#1378,#1169,.T.);
#1700=EDGE_CURVE('',#1339,#1379,#816,.T.);
#1701=EDGE_CURVE('',#1379,#1379,#1170,.T.);
#1702=EDGE_CURVE('',#1340,#1380,#817,.T.);
#1703=EDGE_CURVE('',#1380,#1380,#1171,.T.);
#1704=EDGE_CURVE('',#1341,#1381,#818,.T.);
#1705=EDGE_CURVE('',#1381,#1381,#1172,.T.);
#1706=EDGE_CURVE('',#1342,#1382,#819,.T.);
#1707=EDGE_CURVE('',#1382,#1382,#1173,.T.);
#1708=EDGE_CURVE('',#1343,#1251,#820,.T.);
#1709=EDGE_CURVE('',#1250,#1383,#821,.T.);
#1710=EDGE_CURVE('',#1383,#1383,#1174,.T.);
#1711=EDGE_CURVE('',#1344,#1384,#822,.T.);
#1712=EDGE_CURVE('',#1384,#1384,#1175,.T.);
#1713=EDGE_CURVE('',#1345,#1385,#823,.T.);
#1714=EDGE_CURVE('',#1385,#1385,#1176,.T.);
#1715=EDGE_CURVE('',#1346,#1386,#824,.T.);
#1716=EDGE_CURVE('',#1386,#1386,#1177,.T.);
#1717=EDGE_CURVE('',#1347,#1387,#825,.T.);
#1718=EDGE_CURVE('',#1387,#1387,#1178,.T.);
#1719=EDGE_CURVE('',#1348,#1388,#826,.T.);
#1720=EDGE_CURVE('',#1388,#1388,#1179,.T.);
#1721=EDGE_CURVE('',#1349,#1389,#827,.T.);
#1722=EDGE_CURVE('',#1389,#1389,#1180,.T.);
#1723=EDGE_CURVE('',#1390,#1391,#828,.T.);
#1724=EDGE_CURVE('',#1392,#1390,#829,.T.);
#1725=EDGE_CURVE('',#1392,#1393,#830,.T.);
#1726=EDGE_CURVE('',#1391,#1393,#831,.T.);
#1727=EDGE_CURVE('',#1394,#1395,#832,.T.);
#1728=EDGE_CURVE('',#1396,#1394,#833,.T.);
#1729=EDGE_CURVE('',#1396,#1397,#834,.T.);
#1730=EDGE_CURVE('',#1395,#1397,#835,.T.);
#1731=EDGE_CURVE('',#1393,#1396,#836,.T.);
#1732=EDGE_CURVE('',#1397,#1392,#837,.T.);
#1733=EDGE_CURVE('',#1398,#1395,#838,.T.);
#1734=EDGE_CURVE('',#1398,#1399,#839,.T.);
#1735=EDGE_CURVE('',#1399,#1394,#840,.T.);
#1736=EDGE_CURVE('',#1391,#1400,#841,.T.);
#1737=EDGE_CURVE('',#1401,#1400,#842,.T.);
#1738=EDGE_CURVE('',#1390,#1401,#843,.T.);
#1739=EDGE_CURVE('',#1399,#1402,#844,.T.);
#1740=EDGE_CURVE('',#1402,#1403,#845,.T.);
#1741=EDGE_CURVE('',#1400,#1403,#846,.T.);
#1742=EDGE_CURVE('',#1404,#1401,#847,.T.);
#1743=EDGE_CURVE('',#1405,#1404,#848,.T.);
#1744=EDGE_CURVE('',#1405,#1398,#849,.T.);
#1745=EDGE_CURVE('',#1402,#1405,#850,.T.);
#1746=EDGE_CURVE('',#1403,#1404,#851,.T.);
#1747=EDGE_CURVE('',#1406,#1406,#1181,.T.);
#1748=EDGE_CURVE('',#1406,#1407,#852,.T.);
#1749=EDGE_CURVE('',#1408,#1407,#726,.T.);
#1750=EDGE_CURVE('',#1409,#1408,#727,.T.);
#1751=EDGE_CURVE('',#1407,#1409,#728,.T.);
#1752=EDGE_CURVE('',#1410,#1410,#1182,.T.);
#1753=EDGE_CURVE('',#1410,#1411,#853,.T.);
#1754=EDGE_CURVE('',#1411,#1411,#729,.T.);
#1755=EDGE_CURVE('',#1412,#1412,#1183,.T.);
#1756=EDGE_CURVE('',#1412,#1413,#854,.T.);
#1757=EDGE_CURVE('',#1414,#1413,#730,.T.);
#1758=EDGE_CURVE('',#1413,#1414,#731,.T.);
#1759=EDGE_CURVE('',#1415,#1415,#1184,.T.);
#1760=EDGE_CURVE('',#1415,#1416,#855,.T.);
#1761=EDGE_CURVE('',#1417,#1416,#732,.T.);
#1762=EDGE_CURVE('',#1416,#1417,#733,.T.);
#1763=EDGE_CURVE('',#1418,#1419,#1185,.T.);
#1764=EDGE_CURVE('',#1419,#1420,#734,.T.);
#1765=EDGE_CURVE('',#1420,#1421,#1186,.T.);
#1766=EDGE_CURVE('',#1421,#1418,#735,.T.);
#1767=EDGE_CURVE('',#1422,#1423,#1187,.T.);
#1768=EDGE_CURVE('',#1423,#1419,#856,.T.);
#1769=EDGE_CURVE('',#1418,#1422,#857,.T.);
#1770=EDGE_CURVE('',#1424,#1425,#1188,.T.);
#1771=EDGE_CURVE('',#1425,#1423,#736,.T.);
#1772=EDGE_CURVE('',#1422,#1424,#737,.T.);
#1773=EDGE_CURVE('',#1426,#1427,#1189,.T.);
#1774=EDGE_CURVE('',#1427,#1425,#858,.T.);
#1775=EDGE_CURVE('',#1424,#1426,#859,.T.);
#1776=EDGE_CURVE('',#1428,#1429,#1190,.T.);
#1777=EDGE_CURVE('',#1429,#1427,#738,.T.);
#1778=EDGE_CURVE('',#1426,#1428,#739,.T.);
#1779=EDGE_CURVE('',#1430,#1431,#1191,.T.);
#1780=EDGE_CURVE('',#1431,#1429,#860,.T.);
#1781=EDGE_CURVE('',#1428,#1430,#861,.T.);
#1782=EDGE_CURVE('',#1432,#1433,#1192,.T.);
#1783=EDGE_CURVE('',#1433,#1431,#740,.T.);
#1784=EDGE_CURVE('',#1430,#1432,#741,.T.);
#1785=EDGE_CURVE('',#1432,#1421,#862,.T.);
#1786=EDGE_CURVE('',#1420,#1433,#863,.T.);
#1787=EDGE_CURVE('',#1434,#1431,#864,.T.);
#1788=EDGE_CURVE('',#1435,#1434,#865,.T.);
#1789=EDGE_CURVE('',#1429,#1435,#866,.T.);
#1790=EDGE_CURVE('',#1433,#1436,#867,.T.);
#1791=EDGE_CURVE('',#1434,#1436,#742,.T.);
#1792=EDGE_CURVE('',#1437,#1420,#868,.T.);
#1793=EDGE_CURVE('',#1436,#1437,#869,.T.);
#1794=EDGE_CURVE('',#1419,#1438,#870,.T.);
#1795=EDGE_CURVE('',#1437,#1438,#743,.T.);
#1796=EDGE_CURVE('',#1439,#1439,#1193,.T.);
#1797=EDGE_CURVE('',#1440,#1441,#1194,.T.);
#1798=EDGE_CURVE('',#1441,#1442,#744,.T.);
#1799=EDGE_CURVE('',#1442,#1443,#1195,.T.);
#1800=EDGE_CURVE('',#1443,#1440,#745,.T.);
#1801=EDGE_CURVE('',#1444,#1438,#1196,.T.);
#1802=EDGE_CURVE('',#1438,#1441,#871,.T.);
#1803=EDGE_CURVE('',#1440,#1444,#872,.T.);
#1804=EDGE_CURVE('',#1445,#1437,#1197,.T.);
#1805=EDGE_CURVE('',#1444,#1445,#746,.T.);
#1806=EDGE_CURVE('',#1446,#1436,#1198,.T.);
#1807=EDGE_CURVE('',#1445,#1446,#873,.T.);
#1808=EDGE_CURVE('',#1447,#1434,#1199,.T.);
#1809=EDGE_CURVE('',#1446,#1447,#747,.T.);
#1810=EDGE_CURVE('',#1448,#1435,#1200,.T.);
#1811=EDGE_CURVE('',#1447,#1448,#874,.T.);
#1812=EDGE_CURVE('',#1449,#1450,#1201,.T.);
#1813=EDGE_CURVE('',#1450,#1435,#748,.T.);
#1814=EDGE_CURVE('',#1448,#1449,#749,.T.);
#1815=EDGE_CURVE('',#1449,#1443,#875,.T.);
#1816=EDGE_CURVE('',#1442,#1450,#876,.T.);
#1817=EDGE_CURVE('',#1450,#1427,#877,.T.);
#1818=EDGE_CURVE('',#1425,#1442,#878,.T.);
#1819=EDGE_CURVE('',#1441,#1423,#879,.T.);
#1820=EDGE_CURVE('',#1451,#1451,#1202,.T.);
#1821=EDGE_CURVE('',#1452,#1452,#1203,.T.);
#1822=EDGE_CURVE('',#1453,#1453,#1204,.T.);
#1823=EDGE_CURVE('',#1454,#1454,#1205,.T.);
#1824=EDGE_CURVE('',#1455,#1455,#1206,.T.);
#1825=EDGE_CURVE('',#1439,#1456,#880,.T.);
#1826=EDGE_CURVE('',#1456,#1456,#1207,.T.);
#1827=EDGE_CURVE('',#1457,#1458,#1208,.T.);
#1828=EDGE_CURVE('',#1458,#1457,#1209,.T.);
#1829=EDGE_CURVE('',#1458,#1456,#881,.T.);
#1830=EDGE_CURVE('',#1451,#1457,#882,.T.);
#1831=EDGE_CURVE('',#1452,#1459,#883,.T.);
#1832=EDGE_CURVE('',#1459,#1459,#1210,.T.);
#1833=EDGE_CURVE('',#1453,#1408,#884,.T.);
#1834=EDGE_CURVE('',#1407,#1460,#885,.T.);
#1835=EDGE_CURVE('',#1460,#1460,#1211,.T.);
#1836=EDGE_CURVE('',#1454,#1461,#886,.T.);
#1837=EDGE_CURVE('',#1461,#1461,#1212,.T.);
#1838=EDGE_CURVE('',#1455,#1462,#887,.T.);
#1839=EDGE_CURVE('',#1462,#1462,#1213,.T.);
#1840=EDGE_CURVE('',#1463,#1463,#1214,.T.);
#1841=EDGE_CURVE('',#1463,#1464,#1215,.T.);
#1842=EDGE_CURVE('',#1464,#1465,#1216,.T.);
#1843=EDGE_CURVE('',#1465,#1464,#1217,.T.);
#1844=EDGE_CURVE('',#1465,#1466,#888,.T.);
#1845=EDGE_CURVE('',#1466,#1466,#1218,.T.);
#1846=EDGE_CURVE('',#1467,#1467,#1219,.T.);
#1847=EDGE_CURVE('',#1468,#1468,#1220,.T.);
#1848=EDGE_CURVE('',#1468,#1469,#1221,.T.);
#1849=EDGE_CURVE('',#1469,#1470,#1222,.T.);
#1850=EDGE_CURVE('',#1470,#1469,#1223,.T.);
#1851=EDGE_CURVE('',#1470,#1471,#889,.T.);
#1852=EDGE_CURVE('',#1471,#1471,#1224,.T.);
#1853=EDGE_CURVE('',#1472,#1472,#1225,.T.);
#1854=EDGE_CURVE('',#1472,#1473,#1226,.T.);
#1855=EDGE_CURVE('',#1473,#1474,#1227,.T.);
#1856=EDGE_CURVE('',#1474,#1473,#1228,.T.);
#1857=EDGE_CURVE('',#1474,#1475,#890,.T.);
#1858=EDGE_CURVE('',#1475,#1475,#1229,.T.);
#1859=EDGE_CURVE('',#1476,#1476,#1230,.T.);
#1860=EDGE_CURVE('',#1476,#1477,#1231,.T.);
#1861=EDGE_CURVE('',#1477,#1478,#1232,.T.);
#1862=EDGE_CURVE('',#1478,#1477,#1233,.T.);
#1863=EDGE_CURVE('',#1479,#1479,#1234,.T.);
#1864=EDGE_CURVE('',#1480,#1480,#1235,.T.);
#1865=EDGE_CURVE('',#1480,#1478,#891,.T.);
#1866=EDGE_CURVE('',#1481,#1482,#1236,.T.);
#1867=EDGE_CURVE('',#1482,#1481,#1237,.T.);
#1868=EDGE_CURVE('',#1481,#1479,#1238,.T.);
#1869=EDGE_CURVE('',#1475,#1482,#892,.T.);
#1870=EDGE_CURVE('',#1467,#1480,#893,.T.);
#1871=EDGE_CURVE('',#1483,#1483,#1239,.T.);
#1872=EDGE_CURVE('',#1483,#1484,#894,.T.);
#1873=EDGE_CURVE('',#1484,#1485,#1240,.T.);
#1874=EDGE_CURVE('',#1485,#1484,#1241,.T.);
#1875=EDGE_CURVE('',#1485,#1486,#895,.T.);
#1876=EDGE_CURVE('',#1487,#1486,#1242,.T.);
#1877=EDGE_CURVE('',#1486,#1487,#1243,.T.);
#1878=EDGE_CURVE('',#1488,#1489,#1244,.T.);
#1879=EDGE_CURVE('',#1489,#1488,#1245,.T.);
#1880=EDGE_CURVE('',#1488,#1487,#1246,.T.);
#1881=EDGE_CURVE('',#1489,#1490,#896,.T.);
#1882=EDGE_CURVE('',#1490,#1490,#1247,.T.);
#1883=EDGE_CURVE('',#1491,#1492,#897,.T.);
#1884=EDGE_CURVE('',#1493,#1491,#898,.T.);
#1885=EDGE_CURVE('',#1494,#1493,#899,.T.);
#1886=EDGE_CURVE('',#1494,#1492,#900,.T.);
#1887=EDGE_CURVE('',#1492,#1495,#901,.T.);
#1888=EDGE_CURVE('',#1496,#1494,#902,.T.);
#1889=EDGE_CURVE('',#1496,#1495,#903,.T.);
#1890=EDGE_CURVE('',#1495,#1497,#904,.T.);
#1891=EDGE_CURVE('',#1498,#1496,#905,.T.);
#1892=EDGE_CURVE('',#1498,#1497,#906,.T.);
#1893=EDGE_CURVE('',#1497,#1499,#907,.T.);
#1894=EDGE_CURVE('',#1500,#1498,#908,.T.);
#1895=EDGE_CURVE('',#1500,#1499,#909,.T.);
#1896=EDGE_CURVE('',#1499,#1501,#910,.T.);
#1897=EDGE_CURVE('',#1502,#1500,#911,.T.);
#1898=EDGE_CURVE('',#1502,#1501,#912,.T.);
#1899=EDGE_CURVE('',#1501,#1491,#913,.T.);
#1900=EDGE_CURVE('',#1493,#1502,#914,.T.);
#1901=EDGE_CURVE('',#1503,#1503,#1248,.T.);
#1902=EDGE_CURVE('',#1490,#1503,#915,.T.);
#1903=ORIENTED_EDGE('',*,*,#1504,.F.);
#1904=ORIENTED_EDGE('',*,*,#1505,.T.);
#1905=ORIENTED_EDGE('',*,*,#1506,.F.);
#1906=ORIENTED_EDGE('',*,*,#1507,.F.);
#1907=ORIENTED_EDGE('',*,*,#1508,.F.);
#1908=ORIENTED_EDGE('',*,*,#1505,.F.);
#1909=ORIENTED_EDGE('',*,*,#1509,.F.);
#1910=ORIENTED_EDGE('',*,*,#1510,.T.);
#1911=ORIENTED_EDGE('',*,*,#1511,.F.);
#1912=ORIENTED_EDGE('',*,*,#1510,.F.);
#1913=ORIENTED_EDGE('',*,*,#1512,.F.);
#1914=ORIENTED_EDGE('',*,*,#1513,.T.);
#1915=ORIENTED_EDGE('',*,*,#1514,.F.);
#1916=ORIENTED_EDGE('',*,*,#1513,.F.);
#1917=ORIENTED_EDGE('',*,*,#1515,.F.);
#1918=ORIENTED_EDGE('',*,*,#1516,.T.);
#1919=ORIENTED_EDGE('',*,*,#1517,.F.);
#1920=ORIENTED_EDGE('',*,*,#1516,.F.);
#1921=ORIENTED_EDGE('',*,*,#1518,.F.);
#1922=ORIENTED_EDGE('',*,*,#1519,.T.);
#1923=ORIENTED_EDGE('',*,*,#1520,.F.);
#1924=ORIENTED_EDGE('',*,*,#1519,.F.);
#1925=ORIENTED_EDGE('',*,*,#1521,.F.);
#1926=ORIENTED_EDGE('',*,*,#1522,.T.);
#1927=ORIENTED_EDGE('',*,*,#1523,.F.);
#1928=ORIENTED_EDGE('',*,*,#1522,.F.);
#1929=ORIENTED_EDGE('',*,*,#1524,.F.);
#1930=ORIENTED_EDGE('',*,*,#1525,.T.);
#1931=ORIENTED_EDGE('',*,*,#1526,.F.);
#1932=ORIENTED_EDGE('',*,*,#1525,.F.);
#1933=ORIENTED_EDGE('',*,*,#1527,.F.);
#1934=ORIENTED_EDGE('',*,*,#1528,.T.);
#1935=ORIENTED_EDGE('',*,*,#1529,.F.);
#1936=ORIENTED_EDGE('',*,*,#1528,.F.);
#1937=ORIENTED_EDGE('',*,*,#1530,.F.);
#1938=ORIENTED_EDGE('',*,*,#1531,.T.);
#1939=ORIENTED_EDGE('',*,*,#1532,.F.);
#1940=ORIENTED_EDGE('',*,*,#1533,.F.);
#1941=ORIENTED_EDGE('',*,*,#1531,.F.);
#1942=ORIENTED_EDGE('',*,*,#1534,.F.);
#1943=ORIENTED_EDGE('',*,*,#1535,.T.);
#1944=ORIENTED_EDGE('',*,*,#1536,.F.);
#1945=ORIENTED_EDGE('',*,*,#1537,.F.);
#1946=ORIENTED_EDGE('',*,*,#1535,.F.);
#1947=ORIENTED_EDGE('',*,*,#1538,.F.);
#1948=ORIENTED_EDGE('',*,*,#1539,.T.);
#1949=ORIENTED_EDGE('',*,*,#1540,.F.);
#1950=ORIENTED_EDGE('',*,*,#1541,.F.);
#1951=ORIENTED_EDGE('',*,*,#1539,.F.);
#1952=ORIENTED_EDGE('',*,*,#1542,.F.);
#1953=ORIENTED_EDGE('',*,*,#1543,.T.);
#1954=ORIENTED_EDGE('',*,*,#1544,.F.);
#1955=ORIENTED_EDGE('',*,*,#1545,.F.);
#1956=ORIENTED_EDGE('',*,*,#1543,.F.);
#1957=ORIENTED_EDGE('',*,*,#1546,.F.);
#1958=ORIENTED_EDGE('',*,*,#1547,.T.);
#1959=ORIENTED_EDGE('',*,*,#1548,.F.);
#1960=ORIENTED_EDGE('',*,*,#1549,.F.);
#1961=ORIENTED_EDGE('',*,*,#1547,.F.);
#1962=ORIENTED_EDGE('',*,*,#1550,.F.);
#1963=ORIENTED_EDGE('',*,*,#1551,.T.);
#1964=ORIENTED_EDGE('',*,*,#1552,.F.);
#1965=ORIENTED_EDGE('',*,*,#1553,.F.);
#1966=ORIENTED_EDGE('',*,*,#1551,.F.);
#1967=ORIENTED_EDGE('',*,*,#1554,.F.);
#1968=ORIENTED_EDGE('',*,*,#1555,.T.);
#1969=ORIENTED_EDGE('',*,*,#1556,.F.);
#1970=ORIENTED_EDGE('',*,*,#1557,.F.);
#1971=ORIENTED_EDGE('',*,*,#1555,.F.);
#1972=ORIENTED_EDGE('',*,*,#1558,.F.);
#1973=ORIENTED_EDGE('',*,*,#1559,.T.);
#1974=ORIENTED_EDGE('',*,*,#1560,.F.);
#1975=ORIENTED_EDGE('',*,*,#1561,.F.);
#1976=ORIENTED_EDGE('',*,*,#1559,.F.);
#1977=ORIENTED_EDGE('',*,*,#1562,.T.);
#1978=ORIENTED_EDGE('',*,*,#1563,.T.);
#1979=ORIENTED_EDGE('',*,*,#1564,.T.);
#1980=ORIENTED_EDGE('',*,*,#1565,.T.);
#1981=ORIENTED_EDGE('',*,*,#1566,.T.);
#1982=ORIENTED_EDGE('',*,*,#1567,.T.);
#1983=ORIENTED_EDGE('',*,*,#1562,.F.);
#1984=ORIENTED_EDGE('',*,*,#1568,.T.);
#1985=ORIENTED_EDGE('',*,*,#1569,.T.);
#1986=ORIENTED_EDGE('',*,*,#1570,.T.);
#1987=ORIENTED_EDGE('',*,*,#1566,.F.);
#1988=ORIENTED_EDGE('',*,*,#1571,.T.);
#1989=ORIENTED_EDGE('',*,*,#1572,.T.);
#1990=ORIENTED_EDGE('',*,*,#1573,.T.);
#1991=ORIENTED_EDGE('',*,*,#1569,.F.);
#1992=ORIENTED_EDGE('',*,*,#1574,.T.);
#1993=ORIENTED_EDGE('',*,*,#1575,.T.);
#1994=ORIENTED_EDGE('',*,*,#1576,.T.);
#1995=ORIENTED_EDGE('',*,*,#1572,.F.);
#1996=ORIENTED_EDGE('',*,*,#1577,.T.);
#1997=ORIENTED_EDGE('',*,*,#1578,.T.);
#1998=ORIENTED_EDGE('',*,*,#1579,.T.);
#1999=ORIENTED_EDGE('',*,*,#1575,.F.);
#2000=ORIENTED_EDGE('',*,*,#1580,.T.);
#2001=ORIENTED_EDGE('',*,*,#1581,.T.);
#2002=ORIENTED_EDGE('',*,*,#1582,.T.);
#2003=ORIENTED_EDGE('',*,*,#1578,.F.);
#2004=ORIENTED_EDGE('',*,*,#1583,.T.);
#2005=ORIENTED_EDGE('',*,*,#1581,.F.);
#2006=ORIENTED_EDGE('',*,*,#1584,.T.);
#2007=ORIENTED_EDGE('',*,*,#1564,.F.);
#2008=ORIENTED_EDGE('',*,*,#1585,.T.);
#2009=ORIENTED_EDGE('',*,*,#1579,.F.);
#2010=ORIENTED_EDGE('',*,*,#1586,.F.);
#2011=ORIENTED_EDGE('',*,*,#1587,.F.);
#2012=ORIENTED_EDGE('',*,*,#1588,.F.);
#2013=ORIENTED_EDGE('',*,*,#1509,.T.);
#2014=ORIENTED_EDGE('',*,*,#1512,.T.);
#2015=ORIENTED_EDGE('',*,*,#1515,.T.);
#2016=ORIENTED_EDGE('',*,*,#1518,.T.);
#2017=ORIENTED_EDGE('',*,*,#1521,.T.);
#2018=ORIENTED_EDGE('',*,*,#1524,.T.);
#2019=ORIENTED_EDGE('',*,*,#1527,.T.);
#2020=ORIENTED_EDGE('',*,*,#1582,.F.);
#2021=ORIENTED_EDGE('',*,*,#1589,.T.);
#2022=ORIENTED_EDGE('',*,*,#1590,.F.);
#2023=ORIENTED_EDGE('',*,*,#1586,.T.);
#2024=ORIENTED_EDGE('',*,*,#1585,.F.);
#2025=ORIENTED_EDGE('',*,*,#1591,.F.);
#2026=ORIENTED_EDGE('',*,*,#1592,.F.);
#2027=ORIENTED_EDGE('',*,*,#1589,.F.);
#2028=ORIENTED_EDGE('',*,*,#1504,.T.);
#2029=ORIENTED_EDGE('',*,*,#1563,.F.);
#2030=ORIENTED_EDGE('',*,*,#1593,.T.);
#2031=ORIENTED_EDGE('',*,*,#1594,.F.);
#2032=ORIENTED_EDGE('',*,*,#1591,.T.);
#2033=ORIENTED_EDGE('',*,*,#1565,.F.);
#2034=ORIENTED_EDGE('',*,*,#1584,.F.);
#2035=ORIENTED_EDGE('',*,*,#1583,.F.);
#2036=ORIENTED_EDGE('',*,*,#1580,.F.);
#2037=ORIENTED_EDGE('',*,*,#1577,.F.);
#2038=ORIENTED_EDGE('',*,*,#1574,.F.);
#2039=ORIENTED_EDGE('',*,*,#1571,.F.);
#2040=ORIENTED_EDGE('',*,*,#1568,.F.);
#2041=ORIENTED_EDGE('',*,*,#1595,.F.);
#2042=ORIENTED_EDGE('',*,*,#1596,.F.);
#2043=ORIENTED_EDGE('',*,*,#1597,.F.);
#2044=ORIENTED_EDGE('',*,*,#1598,.F.);
#2045=ORIENTED_EDGE('',*,*,#1599,.F.);
#2046=ORIENTED_EDGE('',*,*,#1600,.F.);
#2047=ORIENTED_EDGE('',*,*,#1601,.F.);
#2048=ORIENTED_EDGE('',*,*,#1602,.T.);
#2049=ORIENTED_EDGE('',*,*,#1603,.T.);
#2050=ORIENTED_EDGE('',*,*,#1604,.T.);
#2051=ORIENTED_EDGE('',*,*,#1605,.T.);
#2052=ORIENTED_EDGE('',*,*,#1606,.T.);
#2053=ORIENTED_EDGE('',*,*,#1607,.T.);
#2054=ORIENTED_EDGE('',*,*,#1602,.F.);
#2055=ORIENTED_EDGE('',*,*,#1608,.T.);
#2056=ORIENTED_EDGE('',*,*,#1609,.T.);
#2057=ORIENTED_EDGE('',*,*,#1594,.T.);
#2058=ORIENTED_EDGE('',*,*,#1606,.F.);
#2059=ORIENTED_EDGE('',*,*,#1610,.T.);
#2060=ORIENTED_EDGE('',*,*,#1611,.T.);
#2061=ORIENTED_EDGE('',*,*,#1592,.T.);
#2062=ORIENTED_EDGE('',*,*,#1609,.F.);
#2063=ORIENTED_EDGE('',*,*,#1612,.T.);
#2064=ORIENTED_EDGE('',*,*,#1613,.T.);
#2065=ORIENTED_EDGE('',*,*,#1590,.T.);
#2066=ORIENTED_EDGE('',*,*,#1611,.F.);
#2067=ORIENTED_EDGE('',*,*,#1614,.T.);
#2068=ORIENTED_EDGE('',*,*,#1615,.T.);
#2069=ORIENTED_EDGE('',*,*,#1587,.T.);
#2070=ORIENTED_EDGE('',*,*,#1613,.F.);
#2071=ORIENTED_EDGE('',*,*,#1616,.T.);
#2072=ORIENTED_EDGE('',*,*,#1617,.T.);
#2073=ORIENTED_EDGE('',*,*,#1618,.T.);
#2074=ORIENTED_EDGE('',*,*,#1615,.F.);
#2075=ORIENTED_EDGE('',*,*,#1619,.T.);
#2076=ORIENTED_EDGE('',*,*,#1617,.F.);
#2077=ORIENTED_EDGE('',*,*,#1620,.T.);
#2078=ORIENTED_EDGE('',*,*,#1604,.F.);
#2079=ORIENTED_EDGE('',*,*,#1621,.T.);
#2080=ORIENTED_EDGE('',*,*,#1576,.F.);
#2081=ORIENTED_EDGE('',*,*,#1588,.T.);
#2082=ORIENTED_EDGE('',*,*,#1618,.F.);
#2083=ORIENTED_EDGE('',*,*,#1622,.T.);
#2084=ORIENTED_EDGE('',*,*,#1573,.F.);
#2085=ORIENTED_EDGE('',*,*,#1622,.F.);
#2086=ORIENTED_EDGE('',*,*,#1621,.F.);
#2087=ORIENTED_EDGE('',*,*,#1623,.F.);
#2088=ORIENTED_EDGE('',*,*,#1530,.T.);
#2089=ORIENTED_EDGE('',*,*,#1570,.F.);
#2090=ORIENTED_EDGE('',*,*,#1623,.T.);
#2091=ORIENTED_EDGE('',*,*,#1603,.F.);
#2092=ORIENTED_EDGE('',*,*,#1624,.T.);
#2093=ORIENTED_EDGE('',*,*,#1605,.F.);
#2094=ORIENTED_EDGE('',*,*,#1620,.F.);
#2095=ORIENTED_EDGE('',*,*,#1619,.F.);
#2096=ORIENTED_EDGE('',*,*,#1616,.F.);
#2097=ORIENTED_EDGE('',*,*,#1614,.F.);
#2098=ORIENTED_EDGE('',*,*,#1612,.F.);
#2099=ORIENTED_EDGE('',*,*,#1610,.F.);
#2100=ORIENTED_EDGE('',*,*,#1608,.F.);
#2101=ORIENTED_EDGE('',*,*,#1625,.F.);
#2102=ORIENTED_EDGE('',*,*,#1626,.F.);
#2103=ORIENTED_EDGE('',*,*,#1627,.F.);
#2104=ORIENTED_EDGE('',*,*,#1628,.F.);
#2105=ORIENTED_EDGE('',*,*,#1629,.T.);
#2106=ORIENTED_EDGE('',*,*,#1630,.T.);
#2107=ORIENTED_EDGE('',*,*,#1631,.T.);
#2108=ORIENTED_EDGE('',*,*,#1632,.T.);
#2109=ORIENTED_EDGE('',*,*,#1633,.T.);
#2110=ORIENTED_EDGE('',*,*,#1634,.T.);
#2111=ORIENTED_EDGE('',*,*,#1635,.T.);
#2112=ORIENTED_EDGE('',*,*,#1636,.T.);
#2113=ORIENTED_EDGE('',*,*,#1637,.T.);
#2114=ORIENTED_EDGE('',*,*,#1638,.T.);
#2115=ORIENTED_EDGE('',*,*,#1639,.T.);
#2116=ORIENTED_EDGE('',*,*,#1640,.T.);
#2117=ORIENTED_EDGE('',*,*,#1641,.T.);
#2118=ORIENTED_EDGE('',*,*,#1642,.T.);
#2119=ORIENTED_EDGE('',*,*,#1643,.T.);
#2120=ORIENTED_EDGE('',*,*,#1644,.T.);
#2121=ORIENTED_EDGE('',*,*,#1645,.F.);
#2122=ORIENTED_EDGE('',*,*,#1646,.F.);
#2123=ORIENTED_EDGE('',*,*,#1647,.F.);
#2124=ORIENTED_EDGE('',*,*,#1625,.T.);
#2125=ORIENTED_EDGE('',*,*,#1648,.T.);
#2126=ORIENTED_EDGE('',*,*,#1649,.T.);
#2127=ORIENTED_EDGE('',*,*,#1650,.T.);
#2128=ORIENTED_EDGE('',*,*,#1648,.F.);
#2129=ORIENTED_EDGE('',*,*,#1649,.F.);
#2130=ORIENTED_EDGE('',*,*,#1650,.F.);
#2131=ORIENTED_EDGE('',*,*,#1651,.T.);
#2132=ORIENTED_EDGE('',*,*,#1652,.F.);
#2133=ORIENTED_EDGE('',*,*,#1651,.F.);
#2134=ORIENTED_EDGE('',*,*,#1647,.T.);
#2135=ORIENTED_EDGE('',*,*,#1653,.T.);
#2136=ORIENTED_EDGE('',*,*,#1654,.T.);
#2137=ORIENTED_EDGE('',*,*,#1655,.T.);
#2138=ORIENTED_EDGE('',*,*,#1653,.F.);
#2139=ORIENTED_EDGE('',*,*,#1654,.F.);
#2140=ORIENTED_EDGE('',*,*,#1655,.F.);
#2141=ORIENTED_EDGE('',*,*,#1656,.T.);
#2142=ORIENTED_EDGE('',*,*,#1657,.F.);
#2143=ORIENTED_EDGE('',*,*,#1656,.F.);
#2144=ORIENTED_EDGE('',*,*,#1626,.T.);
#2145=ORIENTED_EDGE('',*,*,#1658,.T.);
#2146=ORIENTED_EDGE('',*,*,#1659,.T.);
#2147=ORIENTED_EDGE('',*,*,#1660,.T.);
#2148=ORIENTED_EDGE('',*,*,#1658,.F.);
#2149=ORIENTED_EDGE('',*,*,#1659,.F.);
#2150=ORIENTED_EDGE('',*,*,#1660,.F.);
#2151=ORIENTED_EDGE('',*,*,#1661,.T.);
#2152=ORIENTED_EDGE('',*,*,#1662,.F.);
#2153=ORIENTED_EDGE('',*,*,#1661,.F.);
#2154=ORIENTED_EDGE('',*,*,#1646,.T.);
#2155=ORIENTED_EDGE('',*,*,#1663,.T.);
#2156=ORIENTED_EDGE('',*,*,#1664,.T.);
#2157=ORIENTED_EDGE('',*,*,#1665,.T.);
#2158=ORIENTED_EDGE('',*,*,#1663,.F.);
#2159=ORIENTED_EDGE('',*,*,#1664,.F.);
#2160=ORIENTED_EDGE('',*,*,#1665,.F.);
#2161=ORIENTED_EDGE('',*,*,#1666,.T.);
#2162=ORIENTED_EDGE('',*,*,#1667,.F.);
#2163=ORIENTED_EDGE('',*,*,#1666,.F.);
#2164=ORIENTED_EDGE('',*,*,#1627,.T.);
#2165=ORIENTED_EDGE('',*,*,#1668,.T.);
#2166=ORIENTED_EDGE('',*,*,#1669,.T.);
#2167=ORIENTED_EDGE('',*,*,#1670,.T.);
#2168=ORIENTED_EDGE('',*,*,#1668,.F.);
#2169=ORIENTED_EDGE('',*,*,#1669,.F.);
#2170=ORIENTED_EDGE('',*,*,#1670,.F.);
#2171=ORIENTED_EDGE('',*,*,#1671,.T.);
#2172=ORIENTED_EDGE('',*,*,#1672,.F.);
#2173=ORIENTED_EDGE('',*,*,#1671,.F.);
#2174=ORIENTED_EDGE('',*,*,#1645,.T.);
#2175=ORIENTED_EDGE('',*,*,#1673,.T.);
#2176=ORIENTED_EDGE('',*,*,#1674,.T.);
#2177=ORIENTED_EDGE('',*,*,#1675,.T.);
#2178=ORIENTED_EDGE('',*,*,#1673,.F.);
#2179=ORIENTED_EDGE('',*,*,#1674,.F.);
#2180=ORIENTED_EDGE('',*,*,#1675,.F.);
#2181=ORIENTED_EDGE('',*,*,#1676,.T.);
#2182=ORIENTED_EDGE('',*,*,#1677,.F.);
#2183=ORIENTED_EDGE('',*,*,#1676,.F.);
#2184=ORIENTED_EDGE('',*,*,#1595,.T.);
#2185=ORIENTED_EDGE('',*,*,#1678,.T.);
#2186=ORIENTED_EDGE('',*,*,#1652,.T.);
#2187=ORIENTED_EDGE('',*,*,#1678,.F.);
#2188=ORIENTED_EDGE('',*,*,#1601,.T.);
#2189=ORIENTED_EDGE('',*,*,#1679,.T.);
#2190=ORIENTED_EDGE('',*,*,#1657,.T.);
#2191=ORIENTED_EDGE('',*,*,#1679,.F.);
#2192=ORIENTED_EDGE('',*,*,#1596,.T.);
#2193=ORIENTED_EDGE('',*,*,#1680,.T.);
#2194=ORIENTED_EDGE('',*,*,#1662,.T.);
#2195=ORIENTED_EDGE('',*,*,#1680,.F.);
#2196=ORIENTED_EDGE('',*,*,#1600,.T.);
#2197=ORIENTED_EDGE('',*,*,#1681,.T.);
#2198=ORIENTED_EDGE('',*,*,#1667,.T.);
#2199=ORIENTED_EDGE('',*,*,#1681,.F.);
#2200=ORIENTED_EDGE('',*,*,#1597,.T.);
#2201=ORIENTED_EDGE('',*,*,#1682,.T.);
#2202=ORIENTED_EDGE('',*,*,#1672,.T.);
#2203=ORIENTED_EDGE('',*,*,#1682,.F.);
#2204=ORIENTED_EDGE('',*,*,#1599,.T.);
#2205=ORIENTED_EDGE('',*,*,#1683,.T.);
#2206=ORIENTED_EDGE('',*,*,#1677,.T.);
#2207=ORIENTED_EDGE('',*,*,#1683,.F.);
#2208=ORIENTED_EDGE('',*,*,#1598,.T.);
#2209=ORIENTED_EDGE('',*,*,#1684,.T.);
#2210=ORIENTED_EDGE('',*,*,#1685,.T.);
#2211=ORIENTED_EDGE('',*,*,#1684,.F.);
#2212=ORIENTED_EDGE('',*,*,#1686,.F.);
#2213=ORIENTED_EDGE('',*,*,#1687,.F.);
#2214=ORIENTED_EDGE('',*,*,#1688,.T.);
#2215=ORIENTED_EDGE('',*,*,#1685,.F.);
#2216=ORIENTED_EDGE('',*,*,#1688,.F.);
#2217=ORIENTED_EDGE('',*,*,#1628,.T.);
#2218=ORIENTED_EDGE('',*,*,#1689,.T.);
#2219=ORIENTED_EDGE('',*,*,#1686,.T.);
#2220=ORIENTED_EDGE('',*,*,#1687,.T.);
#2221=ORIENTED_EDGE('',*,*,#1689,.F.);
#2222=ORIENTED_EDGE('',*,*,#1567,.F.);
#2223=ORIENTED_EDGE('',*,*,#1624,.F.);
#2224=ORIENTED_EDGE('',*,*,#1607,.F.);
#2225=ORIENTED_EDGE('',*,*,#1593,.F.);
#2226=ORIENTED_EDGE('',*,*,#1534,.T.);
#2227=ORIENTED_EDGE('',*,*,#1538,.T.);
#2228=ORIENTED_EDGE('',*,*,#1542,.T.);
#2229=ORIENTED_EDGE('',*,*,#1546,.T.);
#2230=ORIENTED_EDGE('',*,*,#1550,.T.);
#2231=ORIENTED_EDGE('',*,*,#1554,.T.);
#2232=ORIENTED_EDGE('',*,*,#1558,.T.);
#2233=ORIENTED_EDGE('',*,*,#1629,.F.);
#2234=ORIENTED_EDGE('',*,*,#1690,.T.);
#2235=ORIENTED_EDGE('',*,*,#1691,.T.);
#2236=ORIENTED_EDGE('',*,*,#1690,.F.);
#2237=ORIENTED_EDGE('',*,*,#1511,.T.);
#2238=ORIENTED_EDGE('',*,*,#1691,.F.);
#2239=ORIENTED_EDGE('',*,*,#1630,.F.);
#2240=ORIENTED_EDGE('',*,*,#1692,.T.);
#2241=ORIENTED_EDGE('',*,*,#1693,.T.);
#2242=ORIENTED_EDGE('',*,*,#1692,.F.);
#2243=ORIENTED_EDGE('',*,*,#1523,.T.);
#2244=ORIENTED_EDGE('',*,*,#1693,.F.);
#2245=ORIENTED_EDGE('',*,*,#1631,.F.);
#2246=ORIENTED_EDGE('',*,*,#1694,.T.);
#2247=ORIENTED_EDGE('',*,*,#1695,.T.);
#2248=ORIENTED_EDGE('',*,*,#1694,.F.);
#2249=ORIENTED_EDGE('',*,*,#1536,.T.);
#2250=ORIENTED_EDGE('',*,*,#1537,.T.);
#2251=ORIENTED_EDGE('',*,*,#1695,.F.);
#2252=ORIENTED_EDGE('',*,*,#1632,.F.);
#2253=ORIENTED_EDGE('',*,*,#1696,.T.);
#2254=ORIENTED_EDGE('',*,*,#1697,.T.);
#2255=ORIENTED_EDGE('',*,*,#1696,.F.);
#2256=ORIENTED_EDGE('',*,*,#1540,.T.);
#2257=ORIENTED_EDGE('',*,*,#1541,.T.);
#2258=ORIENTED_EDGE('',*,*,#1697,.F.);
#2259=ORIENTED_EDGE('',*,*,#1633,.F.);
#2260=ORIENTED_EDGE('',*,*,#1698,.T.);
#2261=ORIENTED_EDGE('',*,*,#1699,.T.);
#2262=ORIENTED_EDGE('',*,*,#1698,.F.);
#2263=ORIENTED_EDGE('',*,*,#1548,.T.);
#2264=ORIENTED_EDGE('',*,*,#1549,.T.);
#2265=ORIENTED_EDGE('',*,*,#1699,.F.);
#2266=ORIENTED_EDGE('',*,*,#1634,.F.);
#2267=ORIENTED_EDGE('',*,*,#1700,.T.);
#2268=ORIENTED_EDGE('',*,*,#1701,.T.);
#2269=ORIENTED_EDGE('',*,*,#1700,.F.);
#2270=ORIENTED_EDGE('',*,*,#1544,.T.);
#2271=ORIENTED_EDGE('',*,*,#1545,.T.);
#2272=ORIENTED_EDGE('',*,*,#1701,.F.);
#2273=ORIENTED_EDGE('',*,*,#1635,.F.);
#2274=ORIENTED_EDGE('',*,*,#1702,.T.);
#2275=ORIENTED_EDGE('',*,*,#1703,.T.);
#2276=ORIENTED_EDGE('',*,*,#1702,.F.);
#2277=ORIENTED_EDGE('',*,*,#1520,.T.);
#2278=ORIENTED_EDGE('',*,*,#1703,.F.);
#2279=ORIENTED_EDGE('',*,*,#1636,.F.);
#2280=ORIENTED_EDGE('',*,*,#1704,.T.);
#2281=ORIENTED_EDGE('',*,*,#1705,.T.);
#2282=ORIENTED_EDGE('',*,*,#1704,.F.);
#2283=ORIENTED_EDGE('',*,*,#1526,.T.);
#2284=ORIENTED_EDGE('',*,*,#1705,.F.);
#2285=ORIENTED_EDGE('',*,*,#1637,.F.);
#2286=ORIENTED_EDGE('',*,*,#1706,.T.);
#2287=ORIENTED_EDGE('',*,*,#1707,.T.);
#2288=ORIENTED_EDGE('',*,*,#1706,.F.);
#2289=ORIENTED_EDGE('',*,*,#1514,.T.);
#2290=ORIENTED_EDGE('',*,*,#1707,.F.);
#2291=ORIENTED_EDGE('',*,*,#1638,.F.);
#2292=ORIENTED_EDGE('',*,*,#1708,.T.);
#2293=ORIENTED_EDGE('',*,*,#1506,.T.);
#2294=ORIENTED_EDGE('',*,*,#1709,.T.);
#2295=ORIENTED_EDGE('',*,*,#1710,.T.);
#2296=ORIENTED_EDGE('',*,*,#1709,.F.);
#2297=ORIENTED_EDGE('',*,*,#1508,.T.);
#2298=ORIENTED_EDGE('',*,*,#1507,.T.);
#2299=ORIENTED_EDGE('',*,*,#1708,.F.);
#2300=ORIENTED_EDGE('',*,*,#1710,.F.);
#2301=ORIENTED_EDGE('',*,*,#1639,.F.);
#2302=ORIENTED_EDGE('',*,*,#1711,.T.);
#2303=ORIENTED_EDGE('',*,*,#1712,.T.);
#2304=ORIENTED_EDGE('',*,*,#1711,.F.);
#2305=ORIENTED_EDGE('',*,*,#1552,.T.);
#2306=ORIENTED_EDGE('',*,*,#1553,.T.);
#2307=ORIENTED_EDGE('',*,*,#1712,.F.);
#2308=ORIENTED_EDGE('',*,*,#1640,.F.);
#2309=ORIENTED_EDGE('',*,*,#1713,.T.);
#2310=ORIENTED_EDGE('',*,*,#1714,.T.);
#2311=ORIENTED_EDGE('',*,*,#1713,.F.);
#2312=ORIENTED_EDGE('',*,*,#1556,.T.);
#2313=ORIENTED_EDGE('',*,*,#1557,.T.);
#2314=ORIENTED_EDGE('',*,*,#1714,.F.);
#2315=ORIENTED_EDGE('',*,*,#1641,.F.);
#2316=ORIENTED_EDGE('',*,*,#1715,.T.);
#2317=ORIENTED_EDGE('',*,*,#1716,.T.);
#2318=ORIENTED_EDGE('',*,*,#1715,.F.);
#2319=ORIENTED_EDGE('',*,*,#1560,.T.);
#2320=ORIENTED_EDGE('',*,*,#1561,.T.);
#2321=ORIENTED_EDGE('',*,*,#1716,.F.);
#2322=ORIENTED_EDGE('',*,*,#1642,.F.);
#2323=ORIENTED_EDGE('',*,*,#1717,.T.);
#2324=ORIENTED_EDGE('',*,*,#1718,.T.);
#2325=ORIENTED_EDGE('',*,*,#1717,.F.);
#2326=ORIENTED_EDGE('',*,*,#1532,.T.);
#2327=ORIENTED_EDGE('',*,*,#1533,.T.);
#2328=ORIENTED_EDGE('',*,*,#1718,.F.);
#2329=ORIENTED_EDGE('',*,*,#1643,.F.);
#2330=ORIENTED_EDGE('',*,*,#1719,.T.);
#2331=ORIENTED_EDGE('',*,*,#1720,.T.);
#2332=ORIENTED_EDGE('',*,*,#1719,.F.);
#2333=ORIENTED_EDGE('',*,*,#1529,.T.);
#2334=ORIENTED_EDGE('',*,*,#1720,.F.);
#2335=ORIENTED_EDGE('',*,*,#1644,.F.);
#2336=ORIENTED_EDGE('',*,*,#1721,.T.);
#2337=ORIENTED_EDGE('',*,*,#1722,.T.);
#2338=ORIENTED_EDGE('',*,*,#1721,.F.);
#2339=ORIENTED_EDGE('',*,*,#1517,.T.);
#2340=ORIENTED_EDGE('',*,*,#1722,.F.);
#2341=ORIENTED_EDGE('',*,*,#1723,.F.);
#2342=ORIENTED_EDGE('',*,*,#1724,.F.);
#2343=ORIENTED_EDGE('',*,*,#1725,.T.);
#2344=ORIENTED_EDGE('',*,*,#1726,.F.);
#2345=ORIENTED_EDGE('',*,*,#1727,.F.);
#2346=ORIENTED_EDGE('',*,*,#1728,.F.);
#2347=ORIENTED_EDGE('',*,*,#1729,.T.);
#2348=ORIENTED_EDGE('',*,*,#1730,.F.);
#2349=ORIENTED_EDGE('',*,*,#1731,.F.);
#2350=ORIENTED_EDGE('',*,*,#1725,.F.);
#2351=ORIENTED_EDGE('',*,*,#1732,.F.);
#2352=ORIENTED_EDGE('',*,*,#1729,.F.);
#2353=ORIENTED_EDGE('',*,*,#1727,.T.);
#2354=ORIENTED_EDGE('',*,*,#1733,.F.);
#2355=ORIENTED_EDGE('',*,*,#1734,.T.);
#2356=ORIENTED_EDGE('',*,*,#1735,.T.);
#2357=ORIENTED_EDGE('',*,*,#1723,.T.);
#2358=ORIENTED_EDGE('',*,*,#1736,.T.);
#2359=ORIENTED_EDGE('',*,*,#1737,.F.);
#2360=ORIENTED_EDGE('',*,*,#1738,.F.);
#2361=ORIENTED_EDGE('',*,*,#1726,.T.);
#2362=ORIENTED_EDGE('',*,*,#1731,.T.);
#2363=ORIENTED_EDGE('',*,*,#1728,.T.);
#2364=ORIENTED_EDGE('',*,*,#1735,.F.);
#2365=ORIENTED_EDGE('',*,*,#1739,.T.);
#2366=ORIENTED_EDGE('',*,*,#1740,.T.);
#2367=ORIENTED_EDGE('',*,*,#1741,.F.);
#2368=ORIENTED_EDGE('',*,*,#1736,.F.);
#2369=ORIENTED_EDGE('',*,*,#1724,.T.);
#2370=ORIENTED_EDGE('',*,*,#1738,.T.);
#2371=ORIENTED_EDGE('',*,*,#1742,.F.);
#2372=ORIENTED_EDGE('',*,*,#1743,.F.);
#2373=ORIENTED_EDGE('',*,*,#1744,.T.);
#2374=ORIENTED_EDGE('',*,*,#1733,.T.);
#2375=ORIENTED_EDGE('',*,*,#1730,.T.);
#2376=ORIENTED_EDGE('',*,*,#1732,.T.);
#2377=ORIENTED_EDGE('',*,*,#1745,.T.);
#2378=ORIENTED_EDGE('',*,*,#1743,.T.);
#2379=ORIENTED_EDGE('',*,*,#1746,.F.);
#2380=ORIENTED_EDGE('',*,*,#1740,.F.);
#2381=ORIENTED_EDGE('',*,*,#1746,.T.);
#2382=ORIENTED_EDGE('',*,*,#1742,.T.);
#2383=ORIENTED_EDGE('',*,*,#1737,.T.);
#2384=ORIENTED_EDGE('',*,*,#1741,.T.);
#2385=ORIENTED_EDGE('',*,*,#1745,.F.);
#2386=ORIENTED_EDGE('',*,*,#1739,.F.);
#2387=ORIENTED_EDGE('',*,*,#1734,.F.);
#2388=ORIENTED_EDGE('',*,*,#1744,.F.);
#2389=ORIENTED_EDGE('',*,*,#1747,.F.);
#2390=ORIENTED_EDGE('',*,*,#1748,.T.);
#2391=ORIENTED_EDGE('',*,*,#1749,.F.);
#2392=ORIENTED_EDGE('',*,*,#1750,.F.);
#2393=ORIENTED_EDGE('',*,*,#1751,.F.);
#2394=ORIENTED_EDGE('',*,*,#1748,.F.);
#2395=ORIENTED_EDGE('',*,*,#1752,.F.);
#2396=ORIENTED_EDGE('',*,*,#1753,.T.);
#2397=ORIENTED_EDGE('',*,*,#1754,.F.);
#2398=ORIENTED_EDGE('',*,*,#1753,.F.);
#2399=ORIENTED_EDGE('',*,*,#1755,.F.);
#2400=ORIENTED_EDGE('',*,*,#1756,.T.);
#2401=ORIENTED_EDGE('',*,*,#1757,.F.);
#2402=ORIENTED_EDGE('',*,*,#1758,.F.);
#2403=ORIENTED_EDGE('',*,*,#1756,.F.);
#2404=ORIENTED_EDGE('',*,*,#1759,.F.);
#2405=ORIENTED_EDGE('',*,*,#1760,.T.);
#2406=ORIENTED_EDGE('',*,*,#1761,.F.);
#2407=ORIENTED_EDGE('',*,*,#1762,.F.);
#2408=ORIENTED_EDGE('',*,*,#1760,.F.);
#2409=ORIENTED_EDGE('',*,*,#1763,.T.);
#2410=ORIENTED_EDGE('',*,*,#1764,.T.);
#2411=ORIENTED_EDGE('',*,*,#1765,.T.);
#2412=ORIENTED_EDGE('',*,*,#1766,.T.);
#2413=ORIENTED_EDGE('',*,*,#1767,.T.);
#2414=ORIENTED_EDGE('',*,*,#1768,.T.);
#2415=ORIENTED_EDGE('',*,*,#1763,.F.);
#2416=ORIENTED_EDGE('',*,*,#1769,.T.);
#2417=ORIENTED_EDGE('',*,*,#1770,.T.);
#2418=ORIENTED_EDGE('',*,*,#1771,.T.);
#2419=ORIENTED_EDGE('',*,*,#1767,.F.);
#2420=ORIENTED_EDGE('',*,*,#1772,.T.);
#2421=ORIENTED_EDGE('',*,*,#1773,.T.);
#2422=ORIENTED_EDGE('',*,*,#1774,.T.);
#2423=ORIENTED_EDGE('',*,*,#1770,.F.);
#2424=ORIENTED_EDGE('',*,*,#1775,.T.);
#2425=ORIENTED_EDGE('',*,*,#1776,.T.);
#2426=ORIENTED_EDGE('',*,*,#1777,.T.);
#2427=ORIENTED_EDGE('',*,*,#1773,.F.);
#2428=ORIENTED_EDGE('',*,*,#1778,.T.);
#2429=ORIENTED_EDGE('',*,*,#1779,.T.);
#2430=ORIENTED_EDGE('',*,*,#1780,.T.);
#2431=ORIENTED_EDGE('',*,*,#1776,.F.);
#2432=ORIENTED_EDGE('',*,*,#1781,.T.);
#2433=ORIENTED_EDGE('',*,*,#1782,.T.);
#2434=ORIENTED_EDGE('',*,*,#1783,.T.);
#2435=ORIENTED_EDGE('',*,*,#1779,.F.);
#2436=ORIENTED_EDGE('',*,*,#1784,.T.);
#2437=ORIENTED_EDGE('',*,*,#1782,.F.);
#2438=ORIENTED_EDGE('',*,*,#1785,.T.);
#2439=ORIENTED_EDGE('',*,*,#1765,.F.);
#2440=ORIENTED_EDGE('',*,*,#1786,.T.);
#2441=ORIENTED_EDGE('',*,*,#1780,.F.);
#2442=ORIENTED_EDGE('',*,*,#1787,.F.);
#2443=ORIENTED_EDGE('',*,*,#1788,.F.);
#2444=ORIENTED_EDGE('',*,*,#1789,.F.);
#2445=ORIENTED_EDGE('',*,*,#1752,.T.);
#2446=ORIENTED_EDGE('',*,*,#1783,.F.);
#2447=ORIENTED_EDGE('',*,*,#1790,.T.);
#2448=ORIENTED_EDGE('',*,*,#1791,.F.);
#2449=ORIENTED_EDGE('',*,*,#1787,.T.);
#2450=ORIENTED_EDGE('',*,*,#1786,.F.);
#2451=ORIENTED_EDGE('',*,*,#1792,.F.);
#2452=ORIENTED_EDGE('',*,*,#1793,.F.);
#2453=ORIENTED_EDGE('',*,*,#1790,.F.);
#2454=ORIENTED_EDGE('',*,*,#1747,.T.);
#2455=ORIENTED_EDGE('',*,*,#1764,.F.);
#2456=ORIENTED_EDGE('',*,*,#1794,.T.);
#2457=ORIENTED_EDGE('',*,*,#1795,.F.);
#2458=ORIENTED_EDGE('',*,*,#1792,.T.);
#2459=ORIENTED_EDGE('',*,*,#1766,.F.);
#2460=ORIENTED_EDGE('',*,*,#1785,.F.);
#2461=ORIENTED_EDGE('',*,*,#1784,.F.);
#2462=ORIENTED_EDGE('',*,*,#1781,.F.);
#2463=ORIENTED_EDGE('',*,*,#1778,.F.);
#2464=ORIENTED_EDGE('',*,*,#1775,.F.);
#2465=ORIENTED_EDGE('',*,*,#1772,.F.);
#2466=ORIENTED_EDGE('',*,*,#1769,.F.);
#2467=ORIENTED_EDGE('',*,*,#1796,.F.);
#2468=ORIENTED_EDGE('',*,*,#1797,.T.);
#2469=ORIENTED_EDGE('',*,*,#1798,.T.);
#2470=ORIENTED_EDGE('',*,*,#1799,.T.);
#2471=ORIENTED_EDGE('',*,*,#1800,.T.);
#2472=ORIENTED_EDGE('',*,*,#1801,.T.);
#2473=ORIENTED_EDGE('',*,*,#1802,.T.);
#2474=ORIENTED_EDGE('',*,*,#1797,.F.);
#2475=ORIENTED_EDGE('',*,*,#1803,.T.);
#2476=ORIENTED_EDGE('',*,*,#1804,.T.);
#2477=ORIENTED_EDGE('',*,*,#1795,.T.);
#2478=ORIENTED_EDGE('',*,*,#1801,.F.);
#2479=ORIENTED_EDGE('',*,*,#1805,.T.);
#2480=ORIENTED_EDGE('',*,*,#1806,.T.);
#2481=ORIENTED_EDGE('',*,*,#1793,.T.);
#2482=ORIENTED_EDGE('',*,*,#1804,.F.);
#2483=ORIENTED_EDGE('',*,*,#1807,.T.);
#2484=ORIENTED_EDGE('',*,*,#1808,.T.);
#2485=ORIENTED_EDGE('',*,*,#1791,.T.);
#2486=ORIENTED_EDGE('',*,*,#1806,.F.);
#2487=ORIENTED_EDGE('',*,*,#1809,.T.);
#2488=ORIENTED_EDGE('',*,*,#1810,.T.);
#2489=ORIENTED_EDGE('',*,*,#1788,.T.);
#2490=ORIENTED_EDGE('',*,*,#1808,.F.);
#2491=ORIENTED_EDGE('',*,*,#1811,.T.);
#2492=ORIENTED_EDGE('',*,*,#1812,.T.);
#2493=ORIENTED_EDGE('',*,*,#1813,.T.);
#2494=ORIENTED_EDGE('',*,*,#1810,.F.);
#2495=ORIENTED_EDGE('',*,*,#1814,.T.);
#2496=ORIENTED_EDGE('',*,*,#1812,.F.);
#2497=ORIENTED_EDGE('',*,*,#1815,.T.);
#2498=ORIENTED_EDGE('',*,*,#1799,.F.);
#2499=ORIENTED_EDGE('',*,*,#1816,.T.);
#2500=ORIENTED_EDGE('',*,*,#1777,.F.);
#2501=ORIENTED_EDGE('',*,*,#1789,.T.);
#2502=ORIENTED_EDGE('',*,*,#1813,.F.);
#2503=ORIENTED_EDGE('',*,*,#1817,.T.);
#2504=ORIENTED_EDGE('',*,*,#1774,.F.);
#2505=ORIENTED_EDGE('',*,*,#1817,.F.);
#2506=ORIENTED_EDGE('',*,*,#1816,.F.);
#2507=ORIENTED_EDGE('',*,*,#1818,.F.);
#2508=ORIENTED_EDGE('',*,*,#1755,.T.);
#2509=ORIENTED_EDGE('',*,*,#1771,.F.);
#2510=ORIENTED_EDGE('',*,*,#1818,.T.);
#2511=ORIENTED_EDGE('',*,*,#1798,.F.);
#2512=ORIENTED_EDGE('',*,*,#1819,.T.);
#2513=ORIENTED_EDGE('',*,*,#1800,.F.);
#2514=ORIENTED_EDGE('',*,*,#1815,.F.);
#2515=ORIENTED_EDGE('',*,*,#1814,.F.);
#2516=ORIENTED_EDGE('',*,*,#1811,.F.);
#2517=ORIENTED_EDGE('',*,*,#1809,.F.);
#2518=ORIENTED_EDGE('',*,*,#1807,.F.);
#2519=ORIENTED_EDGE('',*,*,#1805,.F.);
#2520=ORIENTED_EDGE('',*,*,#1803,.F.);
#2521=ORIENTED_EDGE('',*,*,#1820,.F.);
#2522=ORIENTED_EDGE('',*,*,#1821,.T.);
#2523=ORIENTED_EDGE('',*,*,#1822,.T.);
#2524=ORIENTED_EDGE('',*,*,#1823,.T.);
#2525=ORIENTED_EDGE('',*,*,#1824,.T.);
#2526=ORIENTED_EDGE('',*,*,#1796,.T.);
#2527=ORIENTED_EDGE('',*,*,#1825,.T.);
#2528=ORIENTED_EDGE('',*,*,#1826,.T.);
#2529=ORIENTED_EDGE('',*,*,#1825,.F.);
#2530=ORIENTED_EDGE('',*,*,#1827,.F.);
#2531=ORIENTED_EDGE('',*,*,#1828,.F.);
#2532=ORIENTED_EDGE('',*,*,#1829,.T.);
#2533=ORIENTED_EDGE('',*,*,#1826,.F.);
#2534=ORIENTED_EDGE('',*,*,#1829,.F.);
#2535=ORIENTED_EDGE('',*,*,#1820,.T.);
#2536=ORIENTED_EDGE('',*,*,#1830,.T.);
#2537=ORIENTED_EDGE('',*,*,#1827,.T.);
#2538=ORIENTED_EDGE('',*,*,#1828,.T.);
#2539=ORIENTED_EDGE('',*,*,#1830,.F.);
#2540=ORIENTED_EDGE('',*,*,#1768,.F.);
#2541=ORIENTED_EDGE('',*,*,#1819,.F.);
#2542=ORIENTED_EDGE('',*,*,#1802,.F.);
#2543=ORIENTED_EDGE('',*,*,#1794,.F.);
#2544=ORIENTED_EDGE('',*,*,#1759,.T.);
#2545=ORIENTED_EDGE('',*,*,#1821,.F.);
#2546=ORIENTED_EDGE('',*,*,#1831,.T.);
#2547=ORIENTED_EDGE('',*,*,#1832,.T.);
#2548=ORIENTED_EDGE('',*,*,#1831,.F.);
#2549=ORIENTED_EDGE('',*,*,#1761,.T.);
#2550=ORIENTED_EDGE('',*,*,#1762,.T.);
#2551=ORIENTED_EDGE('',*,*,#1832,.F.);
#2552=ORIENTED_EDGE('',*,*,#1822,.F.);
#2553=ORIENTED_EDGE('',*,*,#1833,.T.);
#2554=ORIENTED_EDGE('',*,*,#1749,.T.);
#2555=ORIENTED_EDGE('',*,*,#1834,.T.);
#2556=ORIENTED_EDGE('',*,*,#1835,.T.);
#2557=ORIENTED_EDGE('',*,*,#1834,.F.);
#2558=ORIENTED_EDGE('',*,*,#1751,.T.);
#2559=ORIENTED_EDGE('',*,*,#1750,.T.);
#2560=ORIENTED_EDGE('',*,*,#1833,.F.);
#2561=ORIENTED_EDGE('',*,*,#1835,.F.);
#2562=ORIENTED_EDGE('',*,*,#1823,.F.);
#2563=ORIENTED_EDGE('',*,*,#1836,.T.);
#2564=ORIENTED_EDGE('',*,*,#1837,.T.);
#2565=ORIENTED_EDGE('',*,*,#1836,.F.);
#2566=ORIENTED_EDGE('',*,*,#1757,.T.);
#2567=ORIENTED_EDGE('',*,*,#1758,.T.);
#2568=ORIENTED_EDGE('',*,*,#1837,.F.);
#2569=ORIENTED_EDGE('',*,*,#1824,.F.);
#2570=ORIENTED_EDGE('',*,*,#1838,.T.);
#2571=ORIENTED_EDGE('',*,*,#1839,.T.);
#2572=ORIENTED_EDGE('',*,*,#1838,.F.);
#2573=ORIENTED_EDGE('',*,*,#1754,.T.);
#2574=ORIENTED_EDGE('',*,*,#1839,.F.);
#2575=ORIENTED_EDGE('',*,*,#1840,.T.);
#2576=ORIENTED_EDGE('',*,*,#1841,.T.);
#2577=ORIENTED_EDGE('',*,*,#1842,.T.);
#2578=ORIENTED_EDGE('',*,*,#1843,.T.);
#2579=ORIENTED_EDGE('',*,*,#1841,.F.);
#2580=ORIENTED_EDGE('',*,*,#1843,.F.);
#2581=ORIENTED_EDGE('',*,*,#1844,.T.);
#2582=ORIENTED_EDGE('',*,*,#1845,.T.);
#2583=ORIENTED_EDGE('',*,*,#1844,.F.);
#2584=ORIENTED_EDGE('',*,*,#1842,.F.);
#2585=ORIENTED_EDGE('',*,*,#1840,.F.);
#2586=ORIENTED_EDGE('',*,*,#1846,.F.);
#2587=ORIENTED_EDGE('',*,*,#1847,.T.);
#2588=ORIENTED_EDGE('',*,*,#1848,.T.);
#2589=ORIENTED_EDGE('',*,*,#1849,.T.);
#2590=ORIENTED_EDGE('',*,*,#1850,.T.);
#2591=ORIENTED_EDGE('',*,*,#1848,.F.);
#2592=ORIENTED_EDGE('',*,*,#1850,.F.);
#2593=ORIENTED_EDGE('',*,*,#1851,.T.);
#2594=ORIENTED_EDGE('',*,*,#1852,.T.);
#2595=ORIENTED_EDGE('',*,*,#1851,.F.);
#2596=ORIENTED_EDGE('',*,*,#1849,.F.);
#2597=ORIENTED_EDGE('',*,*,#1853,.F.);
#2598=ORIENTED_EDGE('',*,*,#1847,.F.);
#2599=ORIENTED_EDGE('',*,*,#1852,.F.);
#2600=ORIENTED_EDGE('',*,*,#1845,.F.);
#2601=ORIENTED_EDGE('',*,*,#1853,.T.);
#2602=ORIENTED_EDGE('',*,*,#1854,.T.);
#2603=ORIENTED_EDGE('',*,*,#1855,.T.);
#2604=ORIENTED_EDGE('',*,*,#1856,.T.);
#2605=ORIENTED_EDGE('',*,*,#1854,.F.);
#2606=ORIENTED_EDGE('',*,*,#1856,.F.);
#2607=ORIENTED_EDGE('',*,*,#1857,.T.);
#2608=ORIENTED_EDGE('',*,*,#1858,.T.);
#2609=ORIENTED_EDGE('',*,*,#1857,.F.);
#2610=ORIENTED_EDGE('',*,*,#1855,.F.);
#2611=ORIENTED_EDGE('',*,*,#1859,.T.);
#2612=ORIENTED_EDGE('',*,*,#1860,.T.);
#2613=ORIENTED_EDGE('',*,*,#1861,.T.);
#2614=ORIENTED_EDGE('',*,*,#1862,.T.);
#2615=ORIENTED_EDGE('',*,*,#1860,.F.);
#2616=ORIENTED_EDGE('',*,*,#1863,.F.);
#2617=ORIENTED_EDGE('',*,*,#1859,.F.);
#2618=ORIENTED_EDGE('',*,*,#1864,.T.);
#2619=ORIENTED_EDGE('',*,*,#1865,.T.);
#2620=ORIENTED_EDGE('',*,*,#1861,.F.);
#2621=ORIENTED_EDGE('',*,*,#1862,.F.);
#2622=ORIENTED_EDGE('',*,*,#1865,.F.);
#2623=ORIENTED_EDGE('',*,*,#1866,.T.);
#2624=ORIENTED_EDGE('',*,*,#1867,.T.);
#2625=ORIENTED_EDGE('',*,*,#1868,.T.);
#2626=ORIENTED_EDGE('',*,*,#1863,.T.);
#2627=ORIENTED_EDGE('',*,*,#1868,.F.);
#2628=ORIENTED_EDGE('',*,*,#1858,.F.);
#2629=ORIENTED_EDGE('',*,*,#1869,.T.);
#2630=ORIENTED_EDGE('',*,*,#1866,.F.);
#2631=ORIENTED_EDGE('',*,*,#1867,.F.);
#2632=ORIENTED_EDGE('',*,*,#1869,.F.);
#2633=ORIENTED_EDGE('',*,*,#1846,.T.);
#2634=ORIENTED_EDGE('',*,*,#1870,.T.);
#2635=ORIENTED_EDGE('',*,*,#1864,.F.);
#2636=ORIENTED_EDGE('',*,*,#1870,.F.);
#2637=ORIENTED_EDGE('',*,*,#1871,.T.);
#2638=ORIENTED_EDGE('',*,*,#1872,.T.);
#2639=ORIENTED_EDGE('',*,*,#1873,.T.);
#2640=ORIENTED_EDGE('',*,*,#1874,.T.);
#2641=ORIENTED_EDGE('',*,*,#1872,.F.);
#2642=ORIENTED_EDGE('',*,*,#1873,.F.);
#2643=ORIENTED_EDGE('',*,*,#1874,.F.);
#2644=ORIENTED_EDGE('',*,*,#1875,.T.);
#2645=ORIENTED_EDGE('',*,*,#1876,.F.);
#2646=ORIENTED_EDGE('',*,*,#1877,.F.);
#2647=ORIENTED_EDGE('',*,*,#1875,.F.);
#2648=ORIENTED_EDGE('',*,*,#1871,.F.);
#2649=ORIENTED_EDGE('',*,*,#1878,.T.);
#2650=ORIENTED_EDGE('',*,*,#1879,.T.);
#2651=ORIENTED_EDGE('',*,*,#1880,.T.);
#2652=ORIENTED_EDGE('',*,*,#1876,.T.);
#2653=ORIENTED_EDGE('',*,*,#1877,.T.);
#2654=ORIENTED_EDGE('',*,*,#1880,.F.);
#2655=ORIENTED_EDGE('',*,*,#1878,.F.);
#2656=ORIENTED_EDGE('',*,*,#1879,.F.);
#2657=ORIENTED_EDGE('',*,*,#1881,.T.);
#2658=ORIENTED_EDGE('',*,*,#1882,.T.);
#2659=ORIENTED_EDGE('',*,*,#1881,.F.);
#2660=ORIENTED_EDGE('',*,*,#1883,.F.);
#2661=ORIENTED_EDGE('',*,*,#1884,.F.);
#2662=ORIENTED_EDGE('',*,*,#1885,.F.);
#2663=ORIENTED_EDGE('',*,*,#1886,.T.);
#2664=ORIENTED_EDGE('',*,*,#1887,.F.);
#2665=ORIENTED_EDGE('',*,*,#1886,.F.);
#2666=ORIENTED_EDGE('',*,*,#1888,.F.);
#2667=ORIENTED_EDGE('',*,*,#1889,.T.);
#2668=ORIENTED_EDGE('',*,*,#1890,.F.);
#2669=ORIENTED_EDGE('',*,*,#1889,.F.);
#2670=ORIENTED_EDGE('',*,*,#1891,.F.);
#2671=ORIENTED_EDGE('',*,*,#1892,.T.);
#2672=ORIENTED_EDGE('',*,*,#1893,.F.);
#2673=ORIENTED_EDGE('',*,*,#1892,.F.);
#2674=ORIENTED_EDGE('',*,*,#1894,.F.);
#2675=ORIENTED_EDGE('',*,*,#1895,.T.);
#2676=ORIENTED_EDGE('',*,*,#1896,.F.);
#2677=ORIENTED_EDGE('',*,*,#1895,.F.);
#2678=ORIENTED_EDGE('',*,*,#1897,.F.);
#2679=ORIENTED_EDGE('',*,*,#1898,.T.);
#2680=ORIENTED_EDGE('',*,*,#1899,.F.);
#2681=ORIENTED_EDGE('',*,*,#1898,.F.);
#2682=ORIENTED_EDGE('',*,*,#1900,.F.);
#2683=ORIENTED_EDGE('',*,*,#1884,.T.);
#2684=ORIENTED_EDGE('',*,*,#1883,.T.);
#2685=ORIENTED_EDGE('',*,*,#1887,.T.);
#2686=ORIENTED_EDGE('',*,*,#1890,.T.);
#2687=ORIENTED_EDGE('',*,*,#1893,.T.);
#2688=ORIENTED_EDGE('',*,*,#1896,.T.);
#2689=ORIENTED_EDGE('',*,*,#1899,.T.);
#2690=ORIENTED_EDGE('',*,*,#1901,.F.);
#2691=ORIENTED_EDGE('',*,*,#1885,.T.);
#2692=ORIENTED_EDGE('',*,*,#1900,.T.);
#2693=ORIENTED_EDGE('',*,*,#1897,.T.);
#2694=ORIENTED_EDGE('',*,*,#1894,.T.);
#2695=ORIENTED_EDGE('',*,*,#1891,.T.);
#2696=ORIENTED_EDGE('',*,*,#1888,.T.);
#2697=ORIENTED_EDGE('',*,*,#1882,.F.);
#2698=ORIENTED_EDGE('',*,*,#1902,.T.);
#2699=ORIENTED_EDGE('',*,*,#1901,.T.);
#2700=ORIENTED_EDGE('',*,*,#1902,.F.);
#2701=CYLINDRICAL_SURFACE('',#3082,3.5);
#2702=CYLINDRICAL_SURFACE('',#3084,3.5);
#2703=CYLINDRICAL_SURFACE('',#3086,3.5);
#2704=CYLINDRICAL_SURFACE('',#3088,3.5);
#2705=CYLINDRICAL_SURFACE('',#3090,3.5);
#2706=CYLINDRICAL_SURFACE('',#3092,3.5);
#2707=CYLINDRICAL_SURFACE('',#3094,3.5);
#2708=CYLINDRICAL_SURFACE('',#3096,3.5);
#2709=CYLINDRICAL_SURFACE('',#3098,3.5);
#2710=CYLINDRICAL_SURFACE('',#3100,3.5);
#2711=CYLINDRICAL_SURFACE('',#3102,3.5);
#2712=CYLINDRICAL_SURFACE('',#3104,3.5);
#2713=CYLINDRICAL_SURFACE('',#3106,3.5);
#2714=CYLINDRICAL_SURFACE('',#3108,3.5);
#2715=CYLINDRICAL_SURFACE('',#3110,3.5);
#2716=CYLINDRICAL_SURFACE('',#3112,3.5);
#2717=CYLINDRICAL_SURFACE('',#3116,2.);
#2718=CYLINDRICAL_SURFACE('',#3119,2.);
#2719=CYLINDRICAL_SURFACE('',#3122,2.);
#2720=CYLINDRICAL_SURFACE('',#3125,2.);
#2721=CYLINDRICAL_SURFACE('',#3138,2.);
#2722=CYLINDRICAL_SURFACE('',#3141,2.);
#2723=CYLINDRICAL_SURFACE('',#3144,2.);
#2724=CYLINDRICAL_SURFACE('',#3147,2.);
#2725=CYLINDRICAL_SURFACE('',#3176,15.);
#2726=CYLINDRICAL_SURFACE('',#3181,15.);
#2727=CYLINDRICAL_SURFACE('',#3186,15.);
#2728=CYLINDRICAL_SURFACE('',#3191,15.);
#2729=CYLINDRICAL_SURFACE('',#3196,15.);
#2730=CYLINDRICAL_SURFACE('',#3201,15.);
#2731=CYLINDRICAL_SURFACE('',#3211,15.);
#2732=CYLINDRICAL_SURFACE('',#3216,5.);
#2733=CYLINDRICAL_SURFACE('',#3219,5.);
#2734=CYLINDRICAL_SURFACE('',#3222,5.);
#2735=CYLINDRICAL_SURFACE('',#3225,5.);
#2736=CYLINDRICAL_SURFACE('',#3228,5.);
#2737=CYLINDRICAL_SURFACE('',#3231,5.);
#2738=CYLINDRICAL_SURFACE('',#3234,5.);
#2739=CYLINDRICAL_SURFACE('',#3237,5.);
#2740=CYLINDRICAL_SURFACE('',#3240,5.);
#2741=CYLINDRICAL_SURFACE('',#3243,5.);
#2742=CYLINDRICAL_SURFACE('',#3246,5.);
#2743=CYLINDRICAL_SURFACE('',#3249,5.);
#2744=CYLINDRICAL_SURFACE('',#3252,5.);
#2745=CYLINDRICAL_SURFACE('',#3255,5.);
#2746=CYLINDRICAL_SURFACE('',#3258,5.);
#2747=CYLINDRICAL_SURFACE('',#3261,5.);
#2748=CYLINDRICAL_SURFACE('',#3276,3.5);
#2749=CYLINDRICAL_SURFACE('',#3278,3.5);
#2750=CYLINDRICAL_SURFACE('',#3280,3.5);
#2751=CYLINDRICAL_SURFACE('',#3282,3.5);
#2752=CYLINDRICAL_SURFACE('',#3286,2.);
#2753=CYLINDRICAL_SURFACE('',#3289,2.);
#2754=CYLINDRICAL_SURFACE('',#3292,2.);
#2755=CYLINDRICAL_SURFACE('',#3295,2.);
#2756=CYLINDRICAL_SURFACE('',#3302,2.);
#2757=CYLINDRICAL_SURFACE('',#3305,2.);
#2758=CYLINDRICAL_SURFACE('',#3308,2.);
#2759=CYLINDRICAL_SURFACE('',#3311,2.);
#2760=CYLINDRICAL_SURFACE('',#3321,15.);
#2761=CYLINDRICAL_SURFACE('',#3326,5.);
#2762=CYLINDRICAL_SURFACE('',#3329,5.);
#2763=CYLINDRICAL_SURFACE('',#3332,5.);
#2764=CYLINDRICAL_SURFACE('',#3335,5.);
#2765=CYLINDRICAL_SURFACE('',#3344,13.25);
#2766=CYLINDRICAL_SURFACE('',#3353,15.1);
#2767=CYLINDRICAL_SURFACE('',#3371,3.5);
#2768=CYLINDRICAL_SURFACE('',#3377,14.95);
#2769=CYLINDRICAL_SURFACE('',#3384,3.);
#2770=CYLINDRICAL_SURFACE('',#3403,6.);
#2771=ADVANCED_FACE('',(#255),#2701,.F.);
#2772=ADVANCED_FACE('',(#256),#2702,.F.);
#2773=ADVANCED_FACE('',(#257),#2703,.F.);
#2774=ADVANCED_FACE('',(#258),#2704,.F.);
#2775=ADVANCED_FACE('',(#259),#2705,.F.);
#2776=ADVANCED_FACE('',(#260),#2706,.F.);
#2777=ADVANCED_FACE('',(#261),#2707,.F.);
#2778=ADVANCED_FACE('',(#262),#2708,.F.);
#2779=ADVANCED_FACE('',(#263),#2709,.F.);
#2780=ADVANCED_FACE('',(#264),#2710,.F.);
#2781=ADVANCED_FACE('',(#265),#2711,.F.);
#2782=ADVANCED_FACE('',(#266),#2712,.F.);
#2783=ADVANCED_FACE('',(#267),#2713,.F.);
#2784=ADVANCED_FACE('',(#268),#2714,.F.);
#2785=ADVANCED_FACE('',(#269),#2715,.F.);
#2786=ADVANCED_FACE('',(#270),#2716,.F.);
#2787=ADVANCED_FACE('',(#271),#231,.F.);
#2788=ADVANCED_FACE('',(#272),#2717,.T.);
#2789=ADVANCED_FACE('',(#273),#232,.F.);
#2790=ADVANCED_FACE('',(#274),#2718,.T.);
#2791=ADVANCED_FACE('',(#275),#233,.F.);
#2792=ADVANCED_FACE('',(#276),#2719,.T.);
#2793=ADVANCED_FACE('',(#277),#234,.F.);
#2794=ADVANCED_FACE('',(#278),#2720,.T.);
#2795=ADVANCED_FACE('',(#279,#97,#98,#99,#100,#101,#102,#103),#176,.F.);
#2796=ADVANCED_FACE('',(#280),#235,.F.);
#2797=ADVANCED_FACE('',(#281,#104),#177,.F.);
#2798=ADVANCED_FACE('',(#282),#236,.F.);
#2799=ADVANCED_FACE('',(#283,#105,#106,#107,#108,#109,#110,#111),#178,.F.);
#2800=ADVANCED_FACE('',(#284),#237,.F.);
#2801=ADVANCED_FACE('',(#285),#2721,.T.);
#2802=ADVANCED_FACE('',(#286),#238,.F.);
#2803=ADVANCED_FACE('',(#287),#2722,.T.);
#2804=ADVANCED_FACE('',(#288),#239,.F.);
#2805=ADVANCED_FACE('',(#289),#2723,.T.);
#2806=ADVANCED_FACE('',(#290),#240,.F.);
#2807=ADVANCED_FACE('',(#291),#2724,.T.);
#2808=ADVANCED_FACE('',(#292),#241,.F.);
#2809=ADVANCED_FACE('',(#293,#112),#179,.F.);
#2810=ADVANCED_FACE('',(#294),#242,.F.);
#2811=ADVANCED_FACE('',(#295,#113,#114,#115,#116,#117,#118,#119,#120,#121,
#122,#123,#124,#125,#126,#127,#128,#129,#130,#131,#132,#133,#134,#135),
#180,.T.);
#2812=ADVANCED_FACE('',(#296),#77,.F.);
#2813=ADVANCED_FACE('',(#297),#2725,.F.);
#2814=ADVANCED_FACE('',(#298),#78,.F.);
#2815=ADVANCED_FACE('',(#299),#2726,.F.);
#2816=ADVANCED_FACE('',(#300),#79,.F.);
#2817=ADVANCED_FACE('',(#301),#2727,.F.);
#2818=ADVANCED_FACE('',(#302),#80,.F.);
#2819=ADVANCED_FACE('',(#303),#2728,.F.);
#2820=ADVANCED_FACE('',(#304),#81,.F.);
#2821=ADVANCED_FACE('',(#305),#2729,.F.);
#2822=ADVANCED_FACE('',(#306),#82,.F.);
#2823=ADVANCED_FACE('',(#307),#2730,.F.);
#2824=ADVANCED_FACE('',(#308),#83,.F.);
#2825=ADVANCED_FACE('',(#309),#84,.F.);
#2826=ADVANCED_FACE('',(#310),#85,.F.);
#2827=ADVANCED_FACE('',(#311),#86,.F.);
#2828=ADVANCED_FACE('',(#312),#87,.F.);
#2829=ADVANCED_FACE('',(#313),#88,.F.);
#2830=ADVANCED_FACE('',(#314),#89,.F.);
#2831=ADVANCED_FACE('',(#315),#2731,.F.);
#2832=ADVANCED_FACE('',(#316),#90,.F.);
#2833=ADVANCED_FACE('',(#317,#136,#137,#138,#139,#140,#141,#142),#181,.F.);
#2834=ADVANCED_FACE('',(#318,#143),#2732,.F.);
#2835=ADVANCED_FACE('',(#319),#182,.T.);
#2836=ADVANCED_FACE('',(#320,#144),#2733,.F.);
#2837=ADVANCED_FACE('',(#321),#183,.T.);
#2838=ADVANCED_FACE('',(#322,#145),#2734,.F.);
#2839=ADVANCED_FACE('',(#323),#184,.T.);
#2840=ADVANCED_FACE('',(#324,#146),#2735,.F.);
#2841=ADVANCED_FACE('',(#325),#185,.T.);
#2842=ADVANCED_FACE('',(#326,#147),#2736,.F.);
#2843=ADVANCED_FACE('',(#327),#186,.T.);
#2844=ADVANCED_FACE('',(#328,#148),#2737,.F.);
#2845=ADVANCED_FACE('',(#329),#187,.T.);
#2846=ADVANCED_FACE('',(#330,#149),#2738,.F.);
#2847=ADVANCED_FACE('',(#331),#188,.T.);
#2848=ADVANCED_FACE('',(#332,#150),#2739,.F.);
#2849=ADVANCED_FACE('',(#333),#189,.T.);
#2850=ADVANCED_FACE('',(#334,#151),#2740,.F.);
#2851=ADVANCED_FACE('',(#335),#190,.T.);
#2852=ADVANCED_FACE('',(#336),#2741,.F.);
#2853=ADVANCED_FACE('',(#337),#191,.T.);
#2854=ADVANCED_FACE('',(#338,#152),#2742,.F.);
#2855=ADVANCED_FACE('',(#339),#192,.T.);
#2856=ADVANCED_FACE('',(#340,#153),#2743,.F.);
#2857=ADVANCED_FACE('',(#341),#193,.T.);
#2858=ADVANCED_FACE('',(#342,#154),#2744,.F.);
#2859=ADVANCED_FACE('',(#343),#194,.T.);
#2860=ADVANCED_FACE('',(#344,#155),#2745,.F.);
#2861=ADVANCED_FACE('',(#345),#195,.T.);
#2862=ADVANCED_FACE('',(#346,#156),#2746,.F.);
#2863=ADVANCED_FACE('',(#347),#196,.T.);
#2864=ADVANCED_FACE('',(#348,#157),#2747,.F.);
#2865=ADVANCED_FACE('',(#349),#197,.T.);
#2866=ADVANCED_FACE('',(#350),#198,.F.);
#2867=ADVANCED_FACE('',(#351),#199,.F.);
#2868=ADVANCED_FACE('',(#352),#200,.F.);
#2869=ADVANCED_FACE('',(#353),#201,.T.);
#2870=ADVANCED_FACE('',(#354),#202,.T.);
#2871=ADVANCED_FACE('',(#355),#203,.T.);
#2872=ADVANCED_FACE('',(#356),#204,.T.);
#2873=ADVANCED_FACE('',(#357),#205,.T.);
#2874=ADVANCED_FACE('',(#358),#206,.T.);
#2875=ADVANCED_FACE('',(#359),#207,.F.);
#2876=ADVANCED_FACE('',(#360),#2748,.F.);
#2877=ADVANCED_FACE('',(#361),#2749,.F.);
#2878=ADVANCED_FACE('',(#362),#2750,.F.);
#2879=ADVANCED_FACE('',(#363),#2751,.F.);
#2880=ADVANCED_FACE('',(#364),#243,.F.);
#2881=ADVANCED_FACE('',(#365),#2752,.T.);
#2882=ADVANCED_FACE('',(#366),#244,.F.);
#2883=ADVANCED_FACE('',(#367),#2753,.T.);
#2884=ADVANCED_FACE('',(#368),#245,.F.);
#2885=ADVANCED_FACE('',(#369),#2754,.T.);
#2886=ADVANCED_FACE('',(#370),#246,.F.);
#2887=ADVANCED_FACE('',(#371),#2755,.T.);
#2888=ADVANCED_FACE('',(#372,#158),#208,.F.);
#2889=ADVANCED_FACE('',(#373),#247,.F.);
#2890=ADVANCED_FACE('',(#374,#159),#209,.F.);
#2891=ADVANCED_FACE('',(#375),#248,.F.);
#2892=ADVANCED_FACE('',(#376,#160),#210,.F.);
#2893=ADVANCED_FACE('',(#377),#249,.F.);
#2894=ADVANCED_FACE('',(#378),#2756,.T.);
#2895=ADVANCED_FACE('',(#379),#250,.F.);
#2896=ADVANCED_FACE('',(#380),#2757,.T.);
#2897=ADVANCED_FACE('',(#381),#251,.F.);
#2898=ADVANCED_FACE('',(#382),#2758,.T.);
#2899=ADVANCED_FACE('',(#383),#252,.F.);
#2900=ADVANCED_FACE('',(#384),#2759,.T.);
#2901=ADVANCED_FACE('',(#385),#253,.F.);
#2902=ADVANCED_FACE('',(#386,#161),#211,.F.);
#2903=ADVANCED_FACE('',(#387),#254,.F.);
#2904=ADVANCED_FACE('',(#388,#162,#163,#164,#165,#166),#212,.T.);
#2905=ADVANCED_FACE('',(#389),#91,.F.);
#2906=ADVANCED_FACE('',(#390),#2760,.F.);
#2907=ADVANCED_FACE('',(#391),#92,.F.);
#2908=ADVANCED_FACE('',(#392,#167),#213,.F.);
#2909=ADVANCED_FACE('',(#393,#168),#2761,.F.);
#2910=ADVANCED_FACE('',(#394),#214,.T.);
#2911=ADVANCED_FACE('',(#395),#2762,.F.);
#2912=ADVANCED_FACE('',(#396),#215,.T.);
#2913=ADVANCED_FACE('',(#397,#169),#2763,.F.);
#2914=ADVANCED_FACE('',(#398),#216,.T.);
#2915=ADVANCED_FACE('',(#399,#170),#2764,.F.);
#2916=ADVANCED_FACE('',(#400),#217,.T.);
#2917=ADVANCED_FACE('',(#401),#51,.T.);
#2918=ADVANCED_FACE('',(#402),#2765,.T.);
#2919=ADVANCED_FACE('',(#403,#171),#218,.T.);
#2920=ADVANCED_FACE('',(#404),#52,.T.);
#2921=ADVANCED_FACE('',(#405),#2766,.F.);
#2922=ADVANCED_FACE('',(#406,#172),#219,.T.);
#2923=ADVANCED_FACE('',(#407,#173),#220,.T.);
#2924=ADVANCED_FACE('',(#408),#53,.T.);
#2925=ADVANCED_FACE('',(#409),#93,.T.);
#2926=ADVANCED_FACE('',(#410),#54,.T.);
#2927=ADVANCED_FACE('',(#411,#174),#221,.T.);
#2928=ADVANCED_FACE('',(#412),#2767,.F.);
#2929=ADVANCED_FACE('',(#413),#55,.T.);
#2930=ADVANCED_FACE('',(#414),#2768,.T.);
#2931=ADVANCED_FACE('',(#415),#94,.F.);
#2932=ADVANCED_FACE('',(#416),#95,.T.);
#2933=ADVANCED_FACE('',(#417),#2769,.T.);
#2934=ADVANCED_FACE('',(#418),#222,.T.);
#2935=ADVANCED_FACE('',(#419),#56,.F.);
#2936=ADVANCED_FACE('',(#420),#96,.T.);
#2937=ADVANCED_FACE('',(#421),#223,.F.);
#2938=ADVANCED_FACE('',(#422),#224,.F.);
#2939=ADVANCED_FACE('',(#423),#225,.F.);
#2940=ADVANCED_FACE('',(#424),#226,.F.);
#2941=ADVANCED_FACE('',(#425),#227,.F.);
#2942=ADVANCED_FACE('',(#426),#228,.F.);
#2943=ADVANCED_FACE('',(#427),#229,.F.);
#2944=ADVANCED_FACE('',(#428,#175),#230,.T.);
#2945=ADVANCED_FACE('',(#429),#2770,.T.);
#2946=CLOSED_SHELL('',(#2771,#2772,#2773,#2774,#2775,#2776,#2777,#2778,
#2779,#2780,#2781,#2782,#2783,#2784,#2785,#2786,#2787,#2788,#2789,#2790,
#2791,#2792,#2793,#2794,#2795,#2796,#2797,#2798,#2799,#2800,#2801,#2802,
#2803,#2804,#2805,#2806,#2807,#2808,#2809,#2810,#2811,#2812,#2813,#2814,
#2815,#2816,#2817,#2818,#2819,#2820,#2821,#2822,#2823,#2824,#2825,#2826,
#2827,#2828,#2829,#2830,#2831,#2832,#2833,#2834,#2835,#2836,#2837,#2838,
#2839,#2840,#2841,#2842,#2843,#2844,#2845,#2846,#2847,#2848,#2849,#2850,
#2851,#2852,#2853,#2854,#2855,#2856,#2857,#2858,#2859,#2860,#2861,#2862,
#2863,#2864,#2865));
#2947=CLOSED_SHELL('',(#2866,#2867,#2868,#2869,#2870,#2871,#2872,#2873,
#2874,#2875));
#2948=CLOSED_SHELL('',(#2876,#2877,#2878,#2879,#2880,#2881,#2882,#2883,
#2884,#2885,#2886,#2887,#2888,#2889,#2890,#2891,#2892,#2893,#2894,#2895,
#2896,#2897,#2898,#2899,#2900,#2901,#2902,#2903,#2904,#2905,#2906,#2907,
#2908,#2909,#2910,#2911,#2912,#2913,#2914,#2915,#2916));
#2949=CLOSED_SHELL('',(#2917,#2918,#2919,#2920,#2921,#2922,#2923,#2924,
#2925,#2926,#2927,#2928,#2929,#2930,#2931));
#2950=CLOSED_SHELL('',(#2932,#2933,#2934,#2935,#2936,#2937,#2938,#2939,
#2940,#2941,#2942,#2943,#2944,#2945));
#2951=DERIVED_UNIT_ELEMENT(#2962,1.);
#2952=DERIVED_UNIT_ELEMENT(#7516,-3.);
#2953=DERIVED_UNIT_ELEMENT(#2962,1.);
#2954=DERIVED_UNIT_ELEMENT(#7516,-3.);
#2955=DERIVED_UNIT_ELEMENT(#2962,1.);
#2956=DERIVED_UNIT_ELEMENT(#7516,-3.);
#2957=DERIVED_UNIT_ELEMENT(#2962,1.);
#2958=DERIVED_UNIT_ELEMENT(#7516,-3.);
#2959=DERIVED_UNIT_ELEMENT(#2962,1.);
#2960=DERIVED_UNIT_ELEMENT(#7516,-3.);
#2961=DIMENSIONAL_EXPONENTS(0.,1.,0.,0.,0.,0.,0.);
#2962=(
CONVERSION_BASED_UNIT('gram',#2964)
MASS_UNIT()
NAMED_UNIT(#2961)
);
#2963=(
MASS_UNIT()
NAMED_UNIT(*)
SI_UNIT(.KILO.,.GRAM.)
);
#2964=MASS_MEASURE_WITH_UNIT(MASS_MEASURE(0.001),#2963);
#2965=DERIVED_UNIT((#2951,#2952));
#2966=DERIVED_UNIT((#2953,#2954));
#2967=DERIVED_UNIT((#2955,#2956));
#2968=DERIVED_UNIT((#2957,#2958));
#2969=DERIVED_UNIT((#2959,#2960));
#2970=MEASURE_REPRESENTATION_ITEM('density measure',
POSITIVE_RATIO_MEASURE(1.),#2965);
#2971=MEASURE_REPRESENTATION_ITEM('density measure',
POSITIVE_RATIO_MEASURE(1.),#2966);
#2972=MEASURE_REPRESENTATION_ITEM('density measure',
POSITIVE_RATIO_MEASURE(1.),#2967);
#2973=MEASURE_REPRESENTATION_ITEM('density measure',
POSITIVE_RATIO_MEASURE(1.),#2968);
#2974=MEASURE_REPRESENTATION_ITEM('density measure',
POSITIVE_RATIO_MEASURE(7.85),#2969);
#2975=PROPERTY_DEFINITION_REPRESENTATION(#3000,#2985);
#2976=PROPERTY_DEFINITION_REPRESENTATION(#3001,#2986);
#2977=PROPERTY_DEFINITION_REPRESENTATION(#3002,#2987);
#2978=PROPERTY_DEFINITION_REPRESENTATION(#3003,#2988);
#2979=PROPERTY_DEFINITION_REPRESENTATION(#3004,#2989);
#2980=PROPERTY_DEFINITION_REPRESENTATION(#3005,#2990);
#2981=PROPERTY_DEFINITION_REPRESENTATION(#3006,#2991);
#2982=PROPERTY_DEFINITION_REPRESENTATION(#3007,#2992);
#2983=PROPERTY_DEFINITION_REPRESENTATION(#3008,#2993);
#2984=PROPERTY_DEFINITION_REPRESENTATION(#3009,#2994);
#2985=REPRESENTATION('material name',(#2995),#7509);
#2986=REPRESENTATION('density',(#2970),#7509);
#2987=REPRESENTATION('material name',(#2996),#7510);
#2988=REPRESENTATION('density',(#2971),#7510);
#2989=REPRESENTATION('material name',(#2997),#7511);
#2990=REPRESENTATION('density',(#2972),#7511);
#2991=REPRESENTATION('material name',(#2998),#7512);
#2992=REPRESENTATION('density',(#2973),#7512);
#2993=REPRESENTATION('material name',(#2999),#7513);
#2994=REPRESENTATION('density',(#2974),#7513);
#2995=DESCRIPTIVE_REPRESENTATION_ITEM('Generisch','Generisch');
#2996=DESCRIPTIVE_REPRESENTATION_ITEM('Generisch','Generisch');
#2997=DESCRIPTIVE_REPRESENTATION_ITEM('Generisch','Generisch');
#2998=DESCRIPTIVE_REPRESENTATION_ITEM('Generisch','Generisch');
#2999=DESCRIPTIVE_REPRESENTATION_ITEM('Stahl','Stahl');
#3000=PROPERTY_DEFINITION('material property','material name',#7549);
#3001=PROPERTY_DEFINITION('material property','density of part',#7549);
#3002=PROPERTY_DEFINITION('material property','material name',#7550);
#3003=PROPERTY_DEFINITION('material property','density of part',#7550);
#3004=PROPERTY_DEFINITION('material property','material name',#7551);
#3005=PROPERTY_DEFINITION('material property','density of part',#7551);
#3006=PROPERTY_DEFINITION('material property','material name',#7552);
#3007=PROPERTY_DEFINITION('material property','density of part',#7552);
#3008=PROPERTY_DEFINITION('material property','material name',#7553);
#3009=PROPERTY_DEFINITION('material property','density of part',#7553);
#3010=PRESENTATION_STYLE_ASSIGNMENT((#3014));
#3011=PRESENTATION_STYLE_ASSIGNMENT((#3015));
#3012=PRESENTATION_STYLE_ASSIGNMENT((#3016));
#3013=PRESENTATION_STYLE_ASSIGNMENT((#3017));
#3014=SURFACE_STYLE_USAGE(.BOTH.,#3024);
#3015=SURFACE_STYLE_USAGE(.BOTH.,#3025);
#3016=SURFACE_STYLE_USAGE(.BOTH.,#3026);
#3017=SURFACE_STYLE_USAGE(.BOTH.,#3027);
#3018=SURFACE_STYLE_RENDERING_WITH_PROPERTIES($,#3040,(#3021));
#3019=SURFACE_STYLE_RENDERING_WITH_PROPERTIES($,#3041,(#3022));
#3020=SURFACE_STYLE_RENDERING_WITH_PROPERTIES($,#3042,(#3023));
#3021=SURFACE_STYLE_TRANSPARENT(0.);
#3022=SURFACE_STYLE_TRANSPARENT(0.);
#3023=SURFACE_STYLE_TRANSPARENT(0.);
#3024=SURFACE_SIDE_STYLE('',(#3028,#3018));
#3025=SURFACE_SIDE_STYLE('',(#3029,#3019));
#3026=SURFACE_SIDE_STYLE('',(#3030,#3020));
#3027=SURFACE_SIDE_STYLE('',(#3031));
#3028=SURFACE_STYLE_FILL_AREA(#3032);
#3029=SURFACE_STYLE_FILL_AREA(#3033);
#3030=SURFACE_STYLE_FILL_AREA(#3034);
#3031=SURFACE_STYLE_FILL_AREA(#3035);
#3032=FILL_AREA_STYLE('',(#3036));
#3033=FILL_AREA_STYLE('',(#3037));
#3034=FILL_AREA_STYLE('',(#3038));
#3035=FILL_AREA_STYLE('',(#3039));
#3036=FILL_AREA_STYLE_COLOUR('',#3040);
#3037=FILL_AREA_STYLE_COLOUR('',#3041);
#3038=FILL_AREA_STYLE_COLOUR('',#3042);
#3039=FILL_AREA_STYLE_COLOUR('',#3043);
#3040=COLOUR_RGB('',0.749019607843137,0.749019607843137,0.749019607843137);
#3041=COLOUR_RGB('',0.196078431372549,0.196078431372549,0.196078431372549);
#3042=COLOUR_RGB('',0.196078431372549,0.196078431372549,0.196078431372549);
#3043=COLOUR_RGB('',0.305882352941176,0.305882352941176,0.294117647058824);
#3044=DATE_TIME_ROLE('creation_date');
#3045=DATE_TIME_ROLE('creation_date');
#3046=DATE_TIME_ROLE('creation_date');
#3047=DATE_TIME_ROLE('creation_date');
#3048=DATE_TIME_ROLE('creation_date');
#3049=DATE_TIME_ROLE('creation_date');
#3050=APPLIED_DATE_AND_TIME_ASSIGNMENT(#3056,#3044,(#7548));
#3051=APPLIED_DATE_AND_TIME_ASSIGNMENT(#3057,#3045,(#7549));
#3052=APPLIED_DATE_AND_TIME_ASSIGNMENT(#3058,#3046,(#7550));
#3053=APPLIED_DATE_AND_TIME_ASSIGNMENT(#3059,#3047,(#7551));
#3054=APPLIED_DATE_AND_TIME_ASSIGNMENT(#3060,#3048,(#7552));
#3055=APPLIED_DATE_AND_TIME_ASSIGNMENT(#3061,#3049,(#7553));
#3056=DATE_AND_TIME(#3062,#3068);
#3057=DATE_AND_TIME(#3063,#3069);
#3058=DATE_AND_TIME(#3064,#3070);
#3059=DATE_AND_TIME(#3065,#3071);
#3060=DATE_AND_TIME(#3066,#3072);
#3061=DATE_AND_TIME(#3067,#3073);
#3062=CALENDAR_DATE(2026,11,2);
#3063=CALENDAR_DATE(2024,14,11);
#3064=CALENDAR_DATE(2026,11,2);
#3065=CALENDAR_DATE(2024,14,11);
#3066=CALENDAR_DATE(2024,14,11);
#3067=CALENDAR_DATE(2024,20,1);
#3068=LOCAL_TIME(0,0,0.,#3074);
#3069=LOCAL_TIME(0,0,0.,#3075);
#3070=LOCAL_TIME(0,0,0.,#3076);
#3071=LOCAL_TIME(0,0,0.,#3077);
#3072=LOCAL_TIME(0,0,0.,#3078);
#3073=LOCAL_TIME(0,0,0.,#3079);
#3074=COORDINATED_UNIVERSAL_TIME_OFFSET(0,0,.BEHIND.);
#3075=COORDINATED_UNIVERSAL_TIME_OFFSET(0,0,.BEHIND.);
#3076=COORDINATED_UNIVERSAL_TIME_OFFSET(0,0,.BEHIND.);
#3077=COORDINATED_UNIVERSAL_TIME_OFFSET(0,0,.BEHIND.);
#3078=COORDINATED_UNIVERSAL_TIME_OFFSET(0,0,.BEHIND.);
#3079=COORDINATED_UNIVERSAL_TIME_OFFSET(0,0,.BEHIND.);
#3080=AXIS2_PLACEMENT_3D('',#4248,#3414,#3415);
#3081=AXIS2_PLACEMENT_3D('',#4249,#3416,#3417);
#3082=AXIS2_PLACEMENT_3D('',#4250,#3418,#3419);
#3083=AXIS2_PLACEMENT_3D('',#4252,#3420,#3421);
#3084=AXIS2_PLACEMENT_3D('',#4295,#3423,#3424);
#3085=AXIS2_PLACEMENT_3D('',#4297,#3425,#3426);
#3086=AXIS2_PLACEMENT_3D('',#4334,#3428,#3429);
#3087=AXIS2_PLACEMENT_3D('',#4336,#3430,#3431);
#3088=AXIS2_PLACEMENT_3D('',#4373,#3433,#3434);
#3089=AXIS2_PLACEMENT_3D('',#4375,#3435,#3436);
#3090=AXIS2_PLACEMENT_3D('',#4412,#3438,#3439);
#3091=AXIS2_PLACEMENT_3D('',#4414,#3440,#3441);
#3092=AXIS2_PLACEMENT_3D('',#4451,#3443,#3444);
#3093=AXIS2_PLACEMENT_3D('',#4453,#3445,#3446);
#3094=AXIS2_PLACEMENT_3D('',#4490,#3448,#3449);
#3095=AXIS2_PLACEMENT_3D('',#4492,#3450,#3451);
#3096=AXIS2_PLACEMENT_3D('',#4529,#3453,#3454);
#3097=AXIS2_PLACEMENT_3D('',#4531,#3455,#3456);
#3098=AXIS2_PLACEMENT_3D('',#4568,#3458,#3459);
#3099=AXIS2_PLACEMENT_3D('',#4570,#3460,#3461);
#3100=AXIS2_PLACEMENT_3D('',#4610,#3463,#3464);
#3101=AXIS2_PLACEMENT_3D('',#4612,#3465,#3466);
#3102=AXIS2_PLACEMENT_3D('',#4652,#3468,#3469);
#3103=AXIS2_PLACEMENT_3D('',#4654,#3470,#3471);
#3104=AXIS2_PLACEMENT_3D('',#4694,#3473,#3474);
#3105=AXIS2_PLACEMENT_3D('',#4696,#3475,#3476);
#3106=AXIS2_PLACEMENT_3D('',#4736,#3478,#3479);
#3107=AXIS2_PLACEMENT_3D('',#4738,#3480,#3481);
#3108=AXIS2_PLACEMENT_3D('',#4778,#3483,#3484);
#3109=AXIS2_PLACEMENT_3D('',#4780,#3485,#3486);
#3110=AXIS2_PLACEMENT_3D('',#4820,#3488,#3489);
#3111=AXIS2_PLACEMENT_3D('',#4822,#3490,#3491);
#3112=AXIS2_PLACEMENT_3D('',#4862,#3493,#3494);
#3113=AXIS2_PLACEMENT_3D('',#4864,#3495,#3496);
#3114=AXIS2_PLACEMENT_3D('',#4976,#3498,#3499);
#3115=AXIS2_PLACEMENT_3D('',#4993,#3500,#3501);
#3116=AXIS2_PLACEMENT_3D('',#5008,#3502,#3503);
#3117=AXIS2_PLACEMENT_3D('',#5011,#3504,#3505);
#3118=AXIS2_PLACEMENT_3D('',#5086,#3508,#3509);
#3119=AXIS2_PLACEMENT_3D('',#5115,#3510,#3511);
#3120=AXIS2_PLACEMENT_3D('',#5118,#3512,#3513);
#3121=AXIS2_PLACEMENT_3D('',#5193,#3516,#3517);
#3122=AXIS2_PLACEMENT_3D('',#5222,#3518,#3519);
#3123=AXIS2_PLACEMENT_3D('',#5225,#3520,#3521);
#3124=AXIS2_PLACEMENT_3D('',#5290,#3524,#3525);
#3125=AXIS2_PLACEMENT_3D('',#5315,#3526,#3527);
#3126=AXIS2_PLACEMENT_3D('',#5318,#3530,#3531);
#3127=AXIS2_PLACEMENT_3D('',#5378,#3536,#3537);
#3128=AXIS2_PLACEMENT_3D('',#5437,#3541,#3542);
#3129=AXIS2_PLACEMENT_3D('',#5439,#3543,#3544);
#3130=AXIS2_PLACEMENT_3D('',#5441,#3545,#3546);
#3131=AXIS2_PLACEMENT_3D('',#5443,#3547,#3548);
#3132=AXIS2_PLACEMENT_3D('',#5445,#3549,#3550);
#3133=AXIS2_PLACEMENT_3D('',#5447,#3551,#3552);
#3134=AXIS2_PLACEMENT_3D('',#5449,#3553,#3554);
#3135=AXIS2_PLACEMENT_3D('',#5451,#3555,#3556);
#3136=AXIS2_PLACEMENT_3D('',#5524,#3557,#3558);
#3137=AXIS2_PLACEMENT_3D('',#5541,#3559,#3560);
#3138=AXIS2_PLACEMENT_3D('',#5556,#3561,#3562);
#3139=AXIS2_PLACEMENT_3D('',#5558,#3563,#3564);
#3140=AXIS2_PLACEMENT_3D('',#5627,#3567,#3568);
#3141=AXIS2_PLACEMENT_3D('',#5641,#3569,#3570);
#3142=AXIS2_PLACEMENT_3D('',#5643,#3571,#3572);
#3143=AXIS2_PLACEMENT_3D('',#5706,#3574,#3575);
#3144=AXIS2_PLACEMENT_3D('',#5719,#3576,#3577);
#3145=AXIS2_PLACEMENT_3D('',#5721,#3578,#3579);
#3146=AXIS2_PLACEMENT_3D('',#5800,#3581,#3582);
#3147=AXIS2_PLACEMENT_3D('',#5831,#3583,#3584);
#3148=AXIS2_PLACEMENT_3D('',#5875,#3588,#3589);
#3149=AXIS2_PLACEMENT_3D('',#5918,#3592,#3593);
#3150=AXIS2_PLACEMENT_3D('',#5920,#3594,#3595);
#3151=AXIS2_PLACEMENT_3D('',#5922,#3596,#3597);
#3152=AXIS2_PLACEMENT_3D('',#5924,#3598,#3599);
#3153=AXIS2_PLACEMENT_3D('',#5926,#3600,#3601);
#3154=AXIS2_PLACEMENT_3D('',#5928,#3602,#3603);
#3155=AXIS2_PLACEMENT_3D('',#5930,#3604,#3605);
#3156=AXIS2_PLACEMENT_3D('',#5932,#3606,#3607);
#3157=AXIS2_PLACEMENT_3D('',#5934,#3608,#3609);
#3158=AXIS2_PLACEMENT_3D('',#5936,#3610,#3611);
#3159=AXIS2_PLACEMENT_3D('',#5938,#3612,#3613);
#3160=AXIS2_PLACEMENT_3D('',#5940,#3614,#3615);
#3161=AXIS2_PLACEMENT_3D('',#5942,#3616,#3617);
#3162=AXIS2_PLACEMENT_3D('',#5944,#3618,#3619);
#3163=AXIS2_PLACEMENT_3D('',#5946,#3620,#3621);
#3164=AXIS2_PLACEMENT_3D('',#5948,#3622,#3623);
#3165=AXIS2_PLACEMENT_3D('',#5950,#3624,#3625);
#3166=AXIS2_PLACEMENT_3D('',#5952,#3626,#3627);
#3167=AXIS2_PLACEMENT_3D('',#5954,#3628,#3629);
#3168=AXIS2_PLACEMENT_3D('',#5956,#3630,#3631);
#3169=AXIS2_PLACEMENT_3D('',#5958,#3632,#3633);
#3170=AXIS2_PLACEMENT_3D('',#5960,#3634,#3635);
#3171=AXIS2_PLACEMENT_3D('',#5962,#3636,#3637);
#3172=AXIS2_PLACEMENT_3D('',#5964,#3638,#3639);
#3173=AXIS2_PLACEMENT_3D('',#5965,#3640,#3641);
#3174=AXIS2_PLACEMENT_3D('',#5969,#3643,#3644);
#3175=AXIS2_PLACEMENT_3D('',#5970,#3645,#3646);
#3176=AXIS2_PLACEMENT_3D('',#5971,#3647,#3648);
#3177=AXIS2_PLACEMENT_3D('',#5974,#3650,#3651);
#3178=AXIS2_PLACEMENT_3D('',#5975,#3652,#3653);
#3179=AXIS2_PLACEMENT_3D('',#5979,#3655,#3656);
#3180=AXIS2_PLACEMENT_3D('',#5980,#3657,#3658);
#3181=AXIS2_PLACEMENT_3D('',#5981,#3659,#3660);
#3182=AXIS2_PLACEMENT_3D('',#5984,#3662,#3663);
#3183=AXIS2_PLACEMENT_3D('',#5985,#3664,#3665);
#3184=AXIS2_PLACEMENT_3D('',#5989,#3667,#3668);
#3185=AXIS2_PLACEMENT_3D('',#5990,#3669,#3670);
#3186=AXIS2_PLACEMENT_3D('',#5991,#3671,#3672);
#3187=AXIS2_PLACEMENT_3D('',#5994,#3674,#3675);
#3188=AXIS2_PLACEMENT_3D('',#5995,#3676,#3677);
#3189=AXIS2_PLACEMENT_3D('',#5999,#3679,#3680);
#3190=AXIS2_PLACEMENT_3D('',#6000,#3681,#3682);
#3191=AXIS2_PLACEMENT_3D('',#6001,#3683,#3684);
#3192=AXIS2_PLACEMENT_3D('',#6004,#3686,#3687);
#3193=AXIS2_PLACEMENT_3D('',#6005,#3688,#3689);
#3194=AXIS2_PLACEMENT_3D('',#6009,#3691,#3692);
#3195=AXIS2_PLACEMENT_3D('',#6010,#3693,#3694);
#3196=AXIS2_PLACEMENT_3D('',#6011,#3695,#3696);
#3197=AXIS2_PLACEMENT_3D('',#6014,#3698,#3699);
#3198=AXIS2_PLACEMENT_3D('',#6015,#3700,#3701);
#3199=AXIS2_PLACEMENT_3D('',#6019,#3703,#3704);
#3200=AXIS2_PLACEMENT_3D('',#6020,#3705,#3706);
#3201=AXIS2_PLACEMENT_3D('',#6021,#3707,#3708);
#3202=AXIS2_PLACEMENT_3D('',#6024,#3710,#3711);
#3203=AXIS2_PLACEMENT_3D('',#6025,#3712,#3713);
#3204=AXIS2_PLACEMENT_3D('',#6027,#3715,#3716);
#3205=AXIS2_PLACEMENT_3D('',#6029,#3718,#3719);
#3206=AXIS2_PLACEMENT_3D('',#6031,#3721,#3722);
#3207=AXIS2_PLACEMENT_3D('',#6033,#3724,#3725);
#3208=AXIS2_PLACEMENT_3D('',#6035,#3727,#3728);
#3209=AXIS2_PLACEMENT_3D('',#6037,#3730,#3731);
#3210=AXIS2_PLACEMENT_3D('',#6040,#3733,#3734);
#3211=AXIS2_PLACEMENT_3D('',#6041,#3735,#3736);
#3212=AXIS2_PLACEMENT_3D('',#6044,#3737,#3738);
#3213=AXIS2_PLACEMENT_3D('',#6045,#3739,#3740);
#3214=AXIS2_PLACEMENT_3D('',#6047,#3742,#3743);
#3215=AXIS2_PLACEMENT_3D('',#6049,#3745,#3746);
#3216=AXIS2_PLACEMENT_3D('',#6050,#3747,#3748);
#3217=AXIS2_PLACEMENT_3D('',#6053,#3750,#3751);
#3218=AXIS2_PLACEMENT_3D('',#6054,#3752,#3753);
#3219=AXIS2_PLACEMENT_3D('',#6055,#3754,#3755);
#3220=AXIS2_PLACEMENT_3D('',#6058,#3757,#3758);
#3221=AXIS2_PLACEMENT_3D('',#6059,#3759,#3760);
#3222=AXIS2_PLACEMENT_3D('',#6060,#3761,#3762);
#3223=AXIS2_PLACEMENT_3D('',#6063,#3764,#3765);
#3224=AXIS2_PLACEMENT_3D('',#6064,#3766,#3767);
#3225=AXIS2_PLACEMENT_3D('',#6065,#3768,#3769);
#3226=AXIS2_PLACEMENT_3D('',#6068,#3771,#3772);
#3227=AXIS2_PLACEMENT_3D('',#6069,#3773,#3774);
#3228=AXIS2_PLACEMENT_3D('',#6070,#3775,#3776);
#3229=AXIS2_PLACEMENT_3D('',#6073,#3778,#3779);
#3230=AXIS2_PLACEMENT_3D('',#6074,#3780,#3781);
#3231=AXIS2_PLACEMENT_3D('',#6075,#3782,#3783);
#3232=AXIS2_PLACEMENT_3D('',#6078,#3785,#3786);
#3233=AXIS2_PLACEMENT_3D('',#6079,#3787,#3788);
#3234=AXIS2_PLACEMENT_3D('',#6080,#3789,#3790);
#3235=AXIS2_PLACEMENT_3D('',#6083,#3792,#3793);
#3236=AXIS2_PLACEMENT_3D('',#6084,#3794,#3795);
#3237=AXIS2_PLACEMENT_3D('',#6085,#3796,#3797);
#3238=AXIS2_PLACEMENT_3D('',#6088,#3799,#3800);
#3239=AXIS2_PLACEMENT_3D('',#6089,#3801,#3802);
#3240=AXIS2_PLACEMENT_3D('',#6090,#3803,#3804);
#3241=AXIS2_PLACEMENT_3D('',#6093,#3806,#3807);
#3242=AXIS2_PLACEMENT_3D('',#6094,#3808,#3809);
#3243=AXIS2_PLACEMENT_3D('',#6095,#3810,#3811);
#3244=AXIS2_PLACEMENT_3D('',#6099,#3814,#3815);
#3245=AXIS2_PLACEMENT_3D('',#6100,#3816,#3817);
#3246=AXIS2_PLACEMENT_3D('',#6101,#3818,#3819);
#3247=AXIS2_PLACEMENT_3D('',#6104,#3821,#3822);
#3248=AXIS2_PLACEMENT_3D('',#6105,#3823,#3824);
#3249=AXIS2_PLACEMENT_3D('',#6106,#3825,#3826);
#3250=AXIS2_PLACEMENT_3D('',#6109,#3828,#3829);
#3251=AXIS2_PLACEMENT_3D('',#6110,#3830,#3831);
#3252=AXIS2_PLACEMENT_3D('',#6111,#3832,#3833);
#3253=AXIS2_PLACEMENT_3D('',#6114,#3835,#3836);
#3254=AXIS2_PLACEMENT_3D('',#6115,#3837,#3838);
#3255=AXIS2_PLACEMENT_3D('',#6116,#3839,#3840);
#3256=AXIS2_PLACEMENT_3D('',#6119,#3842,#3843);
#3257=AXIS2_PLACEMENT_3D('',#6120,#3844,#3845);
#3258=AXIS2_PLACEMENT_3D('',#6121,#3846,#3847);
#3259=AXIS2_PLACEMENT_3D('',#6124,#3849,#3850);
#3260=AXIS2_PLACEMENT_3D('',#6125,#3851,#3852);
#3261=AXIS2_PLACEMENT_3D('',#6126,#3853,#3854);
#3262=AXIS2_PLACEMENT_3D('',#6129,#3856,#3857);
#3263=AXIS2_PLACEMENT_3D('',#6130,#3858,#3859);
#3264=AXIS2_PLACEMENT_3D('',#6131,#3860,#3861);
#3265=AXIS2_PLACEMENT_3D('',#6132,#3862,#3863);
#3266=AXIS2_PLACEMENT_3D('',#6141,#3868,#3869);
#3267=AXIS2_PLACEMENT_3D('',#6150,#3874,#3875);
#3268=AXIS2_PLACEMENT_3D('',#6153,#3878,#3879);
#3269=AXIS2_PLACEMENT_3D('',#6159,#3883,#3884);
#3270=AXIS2_PLACEMENT_3D('',#6165,#3888,#3889);
#3271=AXIS2_PLACEMENT_3D('',#6171,#3893,#3894);
#3272=AXIS2_PLACEMENT_3D('',#6177,#3898,#3899);
#3273=AXIS2_PLACEMENT_3D('',#6180,#3902,#3903);
#3274=AXIS2_PLACEMENT_3D('',#6181,#3904,#3905);
#3275=AXIS2_PLACEMENT_3D('',#6182,#3906,#3907);
#3276=AXIS2_PLACEMENT_3D('',#6183,#3908,#3909);
#3277=AXIS2_PLACEMENT_3D('',#6185,#3910,#3911);
#3278=AXIS2_PLACEMENT_3D('',#6228,#3913,#3914);
#3279=AXIS2_PLACEMENT_3D('',#6230,#3915,#3916);
#3280=AXIS2_PLACEMENT_3D('',#6267,#3918,#3919);
#3281=AXIS2_PLACEMENT_3D('',#6269,#3920,#3921);
#3282=AXIS2_PLACEMENT_3D('',#6309,#3923,#3924);
#3283=AXIS2_PLACEMENT_3D('',#6311,#3925,#3926);
#3284=AXIS2_PLACEMENT_3D('',#6423,#3928,#3929);
#3285=AXIS2_PLACEMENT_3D('',#6440,#3930,#3931);
#3286=AXIS2_PLACEMENT_3D('',#6455,#3932,#3933);
#3287=AXIS2_PLACEMENT_3D('',#6458,#3934,#3935);
#3288=AXIS2_PLACEMENT_3D('',#6523,#3938,#3939);
#3289=AXIS2_PLACEMENT_3D('',#6548,#3940,#3941);
#3290=AXIS2_PLACEMENT_3D('',#6551,#3942,#3943);
#3291=AXIS2_PLACEMENT_3D('',#6621,#3946,#3947);
#3292=AXIS2_PLACEMENT_3D('',#6648,#3948,#3949);
#3293=AXIS2_PLACEMENT_3D('',#6651,#3950,#3951);
#3294=AXIS2_PLACEMENT_3D('',#6716,#3954,#3955);
#3295=AXIS2_PLACEMENT_3D('',#6741,#3956,#3957);
#3296=AXIS2_PLACEMENT_3D('',#6744,#3960,#3961);
#3297=AXIS2_PLACEMENT_3D('',#6804,#3966,#3967);
#3298=AXIS2_PLACEMENT_3D('',#6863,#3971,#3972);
#3299=AXIS2_PLACEMENT_3D('',#6865,#3973,#3974);
#3300=AXIS2_PLACEMENT_3D('',#6928,#3975,#3976);
#3301=AXIS2_PLACEMENT_3D('',#6943,#3977,#3978);
#3302=AXIS2_PLACEMENT_3D('',#6956,#3979,#3980);
#3303=AXIS2_PLACEMENT_3D('',#6958,#3981,#3982);
#3304=AXIS2_PLACEMENT_3D('',#7027,#3985,#3986);
#3305=AXIS2_PLACEMENT_3D('',#7041,#3987,#3988);
#3306=AXIS2_PLACEMENT_3D('',#7043,#3989,#3990);
#3307=AXIS2_PLACEMENT_3D('',#7106,#3992,#3993);
#3308=AXIS2_PLACEMENT_3D('',#7119,#3994,#3995);
#3309=AXIS2_PLACEMENT_3D('',#7121,#3996,#3997);
#3310=AXIS2_PLACEMENT_3D('',#7195,#3999,#4000);
#3311=AXIS2_PLACEMENT_3D('',#7224,#4001,#4002);
#3312=AXIS2_PLACEMENT_3D('',#7268,#4006,#4007);
#3313=AXIS2_PLACEMENT_3D('',#7311,#4010,#4011);
#3314=AXIS2_PLACEMENT_3D('',#7313,#4012,#4013);
#3315=AXIS2_PLACEMENT_3D('',#7315,#4014,#4015);
#3316=AXIS2_PLACEMENT_3D('',#7317,#4016,#4017);
#3317=AXIS2_PLACEMENT_3D('',#7319,#4018,#4019);
#3318=AXIS2_PLACEMENT_3D('',#7321,#4020,#4021);
#3319=AXIS2_PLACEMENT_3D('',#7322,#4022,#4023);
#3320=AXIS2_PLACEMENT_3D('',#7325,#4025,#4026);
#3321=AXIS2_PLACEMENT_3D('',#7326,#4027,#4028);
#3322=AXIS2_PLACEMENT_3D('',#7329,#4029,#4030);
#3323=AXIS2_PLACEMENT_3D('',#7330,#4031,#4032);
#3324=AXIS2_PLACEMENT_3D('',#7332,#4034,#4035);
#3325=AXIS2_PLACEMENT_3D('',#7334,#4037,#4038);
#3326=AXIS2_PLACEMENT_3D('',#7335,#4039,#4040);
#3327=AXIS2_PLACEMENT_3D('',#7338,#4042,#4043);
#3328=AXIS2_PLACEMENT_3D('',#7339,#4044,#4045);
#3329=AXIS2_PLACEMENT_3D('',#7340,#4046,#4047);
#3330=AXIS2_PLACEMENT_3D('',#7344,#4050,#4051);
#3331=AXIS2_PLACEMENT_3D('',#7345,#4052,#4053);
#3332=AXIS2_PLACEMENT_3D('',#7346,#4054,#4055);
#3333=AXIS2_PLACEMENT_3D('',#7349,#4057,#4058);
#3334=AXIS2_PLACEMENT_3D('',#7350,#4059,#4060);
#3335=AXIS2_PLACEMENT_3D('',#7351,#4061,#4062);
#3336=AXIS2_PLACEMENT_3D('',#7354,#4064,#4065);
#3337=AXIS2_PLACEMENT_3D('',#7355,#4066,#4067);
#3338=AXIS2_PLACEMENT_3D('',#7356,#4068,#4069);
#3339=AXIS2_PLACEMENT_3D('',#7357,#4070,#4071);
#3340=AXIS2_PLACEMENT_3D('',#7359,#4072,#4073);
#3341=AXIS2_PLACEMENT_3D('',#7361,#4074,#4075);
#3342=AXIS2_PLACEMENT_3D('',#7363,#4076,#4077);
#3343=AXIS2_PLACEMENT_3D('',#7364,#4078,#4079);
#3344=AXIS2_PLACEMENT_3D('',#7365,#4080,#4081);
#3345=AXIS2_PLACEMENT_3D('',#7368,#4083,#4084);
#3346=AXIS2_PLACEMENT_3D('',#7369,#4085,#4086);
#3347=AXIS2_PLACEMENT_3D('',#7371,#4087,#4088);
#3348=AXIS2_PLACEMENT_3D('',#7372,#4089,#4090);
#3349=AXIS2_PLACEMENT_3D('',#7374,#4091,#4092);
#3350=AXIS2_PLACEMENT_3D('',#7376,#4093,#4094);
#3351=AXIS2_PLACEMENT_3D('',#7378,#4095,#4096);
#3352=AXIS2_PLACEMENT_3D('',#7379,#4097,#4098);
#3353=AXIS2_PLACEMENT_3D('',#7380,#4099,#4100);
#3354=AXIS2_PLACEMENT_3D('',#7383,#4102,#4103);
#3355=AXIS2_PLACEMENT_3D('',#7384,#4104,#4105);
#3356=AXIS2_PLACEMENT_3D('',#7386,#4106,#4107);
#3357=AXIS2_PLACEMENT_3D('',#7387,#4108,#4109);
#3358=AXIS2_PLACEMENT_3D('',#7388,#4110,#4111);
#3359=AXIS2_PLACEMENT_3D('',#7390,#4112,#4113);
#3360=AXIS2_PLACEMENT_3D('',#7392,#4114,#4115);
#3361=AXIS2_PLACEMENT_3D('',#7393,#4116,#4117);
#3362=AXIS2_PLACEMENT_3D('',#7394,#4118,#4119);
#3363=AXIS2_PLACEMENT_3D('',#7397,#4121,#4122);
#3364=AXIS2_PLACEMENT_3D('',#7398,#4123,#4124);
#3365=AXIS2_PLACEMENT_3D('',#7400,#4125,#4126);
#3366=AXIS2_PLACEMENT_3D('',#7402,#4127,#4128);
#3367=AXIS2_PLACEMENT_3D('',#7404,#4129,#4130);
#3368=AXIS2_PLACEMENT_3D('',#7405,#4131,#4132);
#3369=AXIS2_PLACEMENT_3D('',#7406,#4133,#4134);
#3370=AXIS2_PLACEMENT_3D('',#7408,#4135,#4136);
#3371=AXIS2_PLACEMENT_3D('',#7409,#4137,#4138);
#3372=AXIS2_PLACEMENT_3D('',#7411,#4139,#4140);
#3373=AXIS2_PLACEMENT_3D('',#7413,#4142,#4143);
#3374=AXIS2_PLACEMENT_3D('',#7416,#4144,#4145);
#3375=AXIS2_PLACEMENT_3D('',#7417,#4146,#4147);
#3376=AXIS2_PLACEMENT_3D('',#7418,#4148,#4149);
#3377=AXIS2_PLACEMENT_3D('',#7419,#4150,#4151);
#3378=AXIS2_PLACEMENT_3D('',#7421,#4153,#4154);
#3379=AXIS2_PLACEMENT_3D('',#7423,#4156,#4157);
#3380=AXIS2_PLACEMENT_3D('',#7424,#4158,#4159);
#3381=AXIS2_PLACEMENT_3D('',#7426,#4160,#4161);
#3382=AXIS2_PLACEMENT_3D('',#7430,#4163,#4164);
#3383=AXIS2_PLACEMENT_3D('',#7431,#4165,#4166);
#3384=AXIS2_PLACEMENT_3D('',#7432,#4167,#4168);
#3385=AXIS2_PLACEMENT_3D('',#7436,#4170,#4171);
#3386=AXIS2_PLACEMENT_3D('',#7437,#4172,#4173);
#3387=AXIS2_PLACEMENT_3D('',#7438,#4174,#4175);
#3388=AXIS2_PLACEMENT_3D('',#7439,#4176,#4177);
#3389=AXIS2_PLACEMENT_3D('',#7442,#4178,#4179);
#3390=AXIS2_PLACEMENT_3D('',#7443,#4180,#4181);
#3391=AXIS2_PLACEMENT_3D('',#7444,#4182,#4183);
#3392=AXIS2_PLACEMENT_3D('',#7445,#4184,#4185);
#3393=AXIS2_PLACEMENT_3D('',#7448,#4187,#4188);
#3394=AXIS2_PLACEMENT_3D('',#7449,#4189,#4190);
#3395=AXIS2_PLACEMENT_3D('',#7458,#4195,#4196);
#3396=AXIS2_PLACEMENT_3D('',#7464,#4200,#4201);
#3397=AXIS2_PLACEMENT_3D('',#7470,#4205,#4206);
#3398=AXIS2_PLACEMENT_3D('',#7476,#4210,#4211);
#3399=AXIS2_PLACEMENT_3D('',#7482,#4215,#4216);
#3400=AXIS2_PLACEMENT_3D('',#7485,#4219,#4220);
#3401=AXIS2_PLACEMENT_3D('',#7486,#4221,#4222);
#3402=AXIS2_PLACEMENT_3D('',#7488,#4223,#4224);
#3403=AXIS2_PLACEMENT_3D('',#7489,#4225,#4226);
#3404=AXIS2_PLACEMENT_3D('',#7491,#4228,#4229);
#3405=AXIS2_PLACEMENT_3D('',#7492,#4230,#4231);
#3406=AXIS2_PLACEMENT_3D('',#7493,#4232,#4233);
#3407=AXIS2_PLACEMENT_3D('',#7494,#4234,#4235);
#3408=AXIS2_PLACEMENT_3D('',#7495,#4236,#4237);
#3409=AXIS2_PLACEMENT_3D('',#7496,#4238,#4239);
#3410=AXIS2_PLACEMENT_3D('',#7497,#4240,#4241);
#3411=AXIS2_PLACEMENT_3D('',#7498,#4242,#4243);
#3412=AXIS2_PLACEMENT_3D('',#7499,#4244,#4245);
#3413=AXIS2_PLACEMENT_3D('',#7500,#4246,#4247);
#3414=DIRECTION('axis',(0.,0.,1.));
#3415=DIRECTION('refdir',(1.,0.,0.));
#3416=DIRECTION('axis',(0.,0.,1.));
#3417=DIRECTION('refdir',(1.,0.,0.));
#3418=DIRECTION('center_axis',(1.,1.26882631385732E-15,0.));
#3419=DIRECTION('ref_axis',(0.,0.,1.));
#3420=DIRECTION('center_axis',(1.,9.52691379239154E-16,0.));
#3421=DIRECTION('ref_axis',(0.,0.,1.));
#3422=DIRECTION('',(1.,1.26882631385732E-15,0.));
#3423=DIRECTION('center_axis',(0.,-1.,0.));
#3424=DIRECTION('ref_axis',(1.,0.,0.));
#3425=DIRECTION('center_axis',(2.29577620601002E-16,-1.,0.));
#3426=DIRECTION('ref_axis',(1.,0.,0.));
#3427=DIRECTION('',(0.,-1.,0.));
#3428=DIRECTION('center_axis',(0.,-1.,0.));
#3429=DIRECTION('ref_axis',(1.,0.,0.));
#3430=DIRECTION('center_axis',(2.29577620601002E-16,-1.,0.));
#3431=DIRECTION('ref_axis',(1.,0.,0.));
#3432=DIRECTION('',(0.,-1.,0.));
#3433=DIRECTION('center_axis',(0.,-1.,0.));
#3434=DIRECTION('ref_axis',(1.,0.,0.));
#3435=DIRECTION('center_axis',(2.29577620601002E-16,-1.,0.));
#3436=DIRECTION('ref_axis',(1.,0.,0.));
#3437=DIRECTION('',(0.,-1.,0.));
#3438=DIRECTION('center_axis',(0.,-1.,0.));
#3439=DIRECTION('ref_axis',(1.,0.,0.));
#3440=DIRECTION('center_axis',(2.29577620601002E-16,-1.,0.));
#3441=DIRECTION('ref_axis',(1.,0.,0.));
#3442=DIRECTION('',(0.,-1.,0.));
#3443=DIRECTION('center_axis',(0.,-1.,0.));
#3444=DIRECTION('ref_axis',(1.,0.,0.));
#3445=DIRECTION('center_axis',(2.29577620601002E-16,-1.,0.));
#3446=DIRECTION('ref_axis',(1.,0.,0.));
#3447=DIRECTION('',(0.,-1.,0.));
#3448=DIRECTION('center_axis',(0.,-1.,0.));
#3449=DIRECTION('ref_axis',(1.,0.,0.));
#3450=DIRECTION('center_axis',(2.29577620601002E-16,-1.,0.));
#3451=DIRECTION('ref_axis',(1.,0.,0.));
#3452=DIRECTION('',(0.,-1.,0.));
#3453=DIRECTION('center_axis',(0.,-1.,0.));
#3454=DIRECTION('ref_axis',(1.,0.,0.));
#3455=DIRECTION('center_axis',(2.29577620601002E-16,-1.,0.));
#3456=DIRECTION('ref_axis',(1.,0.,0.));
#3457=DIRECTION('',(0.,-1.,0.));
#3458=DIRECTION('center_axis',(-1.,0.,0.));
#3459=DIRECTION('ref_axis',(0.,0.,-1.));
#3460=DIRECTION('center_axis',(-1.,-4.80096443081149E-16,0.));
#3461=DIRECTION('ref_axis',(0.,0.,-1.));
#3462=DIRECTION('',(-1.,0.,0.));
#3463=DIRECTION('center_axis',(0.,1.,0.));
#3464=DIRECTION('ref_axis',(1.,0.,0.));
#3465=DIRECTION('center_axis',(-1.43486012875626E-16,1.,0.));
#3466=DIRECTION('ref_axis',(1.,0.,0.));
#3467=DIRECTION('',(0.,1.,0.));
#3468=DIRECTION('center_axis',(0.,1.,0.));
#3469=DIRECTION('ref_axis',(1.,0.,0.));
#3470=DIRECTION('center_axis',(-1.43486012875626E-16,1.,0.));
#3471=DIRECTION('ref_axis',(1.,0.,0.));
#3472=DIRECTION('',(0.,1.,0.));
#3473=DIRECTION('center_axis',(0.,1.,0.));
#3474=DIRECTION('ref_axis',(1.,0.,0.));
#3475=DIRECTION('center_axis',(-1.43486012875626E-16,1.,0.));
#3476=DIRECTION('ref_axis',(1.,0.,0.));
#3477=DIRECTION('',(0.,1.,0.));
#3478=DIRECTION('center_axis',(0.,1.,0.));
#3479=DIRECTION('ref_axis',(1.,0.,0.));
#3480=DIRECTION('center_axis',(-1.43486012875626E-16,1.,0.));
#3481=DIRECTION('ref_axis',(1.,0.,0.));
#3482=DIRECTION('',(0.,1.,0.));
#3483=DIRECTION('center_axis',(0.,1.,0.));
#3484=DIRECTION('ref_axis',(1.,0.,0.));
#3485=DIRECTION('center_axis',(-1.43486012875626E-16,1.,0.));
#3486=DIRECTION('ref_axis',(1.,0.,0.));
#3487=DIRECTION('',(0.,1.,0.));
#3488=DIRECTION('center_axis',(0.,1.,0.));
#3489=DIRECTION('ref_axis',(1.,0.,0.));
#3490=DIRECTION('center_axis',(-1.43486012875626E-16,1.,0.));
#3491=DIRECTION('ref_axis',(1.,0.,0.));
#3492=DIRECTION('',(0.,1.,0.));
#3493=DIRECTION('center_axis',(0.,1.,0.));
#3494=DIRECTION('ref_axis',(1.,0.,0.));
#3495=DIRECTION('center_axis',(-1.43486012875626E-16,1.,0.));
#3496=DIRECTION('ref_axis',(1.,0.,0.));
#3497=DIRECTION('',(0.,1.,0.));
#3498=DIRECTION('center_axis',(-1.,4.44089209850063E-14,9.86076131526266E-29));
#3499=DIRECTION('ref_axis',(0.,2.22044604925031E-15,-1.));
#3500=DIRECTION('center_axis',(8.88178419700125E-15,-1.,-9.86076131526265E-30));
#3501=DIRECTION('ref_axis',(-1.,-8.88178419700125E-15,0.));
#3502=DIRECTION('center_axis',(-1.,-1.43486012875626E-16,0.));
#3503=DIRECTION('ref_axis',(0.,-0.707106781186548,-0.707106781186547));
#3504=DIRECTION('center_axis',(-1.,0.,0.));
#3505=DIRECTION('ref_axis',(0.,0.,-1.));
#3506=DIRECTION('',(-1.,-1.43486012875626E-16,0.));
#3507=DIRECTION('',(1.,1.43486012875626E-16,0.));
#3508=DIRECTION('center_axis',(4.44089209850056E-14,-1.,0.));
#3509=DIRECTION('ref_axis',(0.,0.,-1.));
#3510=DIRECTION('center_axis',(4.80096443081149E-16,-1.,0.));
#3511=DIRECTION('ref_axis',(0.707106781186578,0.,-0.707106781186517));
#3512=DIRECTION('center_axis',(0.,-1.,0.));
#3513=DIRECTION('ref_axis',(0.,0.,-1.));
#3514=DIRECTION('',(4.80096443081149E-16,-1.,0.));
#3515=DIRECTION('',(-4.80096443081149E-16,1.,0.));
#3516=DIRECTION('center_axis',(1.,-7.1054273576009E-14,0.));
#3517=DIRECTION('ref_axis',(0.,0.,-1.));
#3518=DIRECTION('center_axis',(1.,2.29577620601002E-16,0.));
#3519=DIRECTION('ref_axis',(0.,0.70710678118654,-0.707106781186555));
#3520=DIRECTION('center_axis',(1.,2.66453525910043E-14,0.));
#3521=DIRECTION('ref_axis',(0.,0.,-1.));
#3522=DIRECTION('',(1.,2.29577620601002E-16,0.));
#3523=DIRECTION('',(-1.,-2.29577620601002E-16,0.));
#3524=DIRECTION('center_axis',(0.,1.,0.));
#3525=DIRECTION('ref_axis',(2.22044604925031E-15,0.,-1.));
#3526=DIRECTION('center_axis',(-9.52691379239154E-16,1.,0.));
#3527=DIRECTION('ref_axis',(-0.707106781186546,0.,-0.707106781186549));
#3528=DIRECTION('',(9.52691379239154E-16,-1.,0.));
#3529=DIRECTION('',(-9.52691379239154E-16,1.,0.));
#3530=DIRECTION('center_axis',(2.29577620601002E-16,-1.,0.));
#3531=DIRECTION('ref_axis',(-1.,-2.29577620601002E-16,0.));
#3532=DIRECTION('',(0.,0.,-1.));
#3533=DIRECTION('',(-1.,-2.29577620601002E-16,0.));
#3534=DIRECTION('',(0.,0.,1.));
#3535=DIRECTION('',(0.,0.,1.));
#3536=DIRECTION('center_axis',(1.,9.52691379239154E-16,0.));
#3537=DIRECTION('ref_axis',(9.52691379239154E-16,-1.,0.));
#3538=DIRECTION('',(0.,0.,-1.));
#3539=DIRECTION('',(9.52691379239154E-16,-1.,0.));
#3540=DIRECTION('',(0.,0.,1.));
#3541=DIRECTION('center_axis',(0.,0.,1.));
#3542=DIRECTION('ref_axis',(1.,0.,0.));
#3543=DIRECTION('center_axis',(0.,0.,-1.));
#3544=DIRECTION('ref_axis',(1.,0.,0.));
#3545=DIRECTION('center_axis',(0.,0.,-1.));
#3546=DIRECTION('ref_axis',(1.,0.,0.));
#3547=DIRECTION('center_axis',(0.,0.,-1.));
#3548=DIRECTION('ref_axis',(1.,0.,0.));
#3549=DIRECTION('center_axis',(0.,0.,-1.));
#3550=DIRECTION('ref_axis',(1.,0.,0.));
#3551=DIRECTION('center_axis',(0.,0.,-1.));
#3552=DIRECTION('ref_axis',(1.,0.,0.));
#3553=DIRECTION('center_axis',(0.,0.,-1.));
#3554=DIRECTION('ref_axis',(1.,0.,0.));
#3555=DIRECTION('center_axis',(0.,0.,-1.));
#3556=DIRECTION('ref_axis',(1.,0.,0.));
#3557=DIRECTION('center_axis',(1.,0.,0.));
#3558=DIRECTION('ref_axis',(0.,1.11022302462516E-15,1.));
#3559=DIRECTION('center_axis',(-4.44089209850025E-14,-1.,0.));
#3560=DIRECTION('ref_axis',(1.,-4.44089209850025E-14,0.));
#3561=DIRECTION('center_axis',(1.,1.43486012875626E-16,0.));
#3562=DIRECTION('ref_axis',(0.,-0.707106781186548,0.707106781186548));
#3563=DIRECTION('center_axis',(1.,-8.88178419700123E-15,0.));
#3564=DIRECTION('ref_axis',(0.,0.,1.));
#3565=DIRECTION('',(1.,1.43486012875626E-16,0.));
#3566=DIRECTION('',(-1.,-1.43486012875626E-16,0.));
#3567=DIRECTION('center_axis',(0.,-1.,0.));
#3568=DIRECTION('ref_axis',(-2.22044604925031E-15,0.,1.));
#3569=DIRECTION('center_axis',(9.52691379239154E-16,-1.,0.));
#3570=DIRECTION('ref_axis',(-0.707106781186546,0.,0.707106781186549));
#3571=DIRECTION('center_axis',(0.,-1.,0.));
#3572=DIRECTION('ref_axis',(0.,0.,1.));
#3573=DIRECTION('',(-9.52691379239154E-16,1.,0.));
#3574=DIRECTION('center_axis',(-1.,-1.77635683940023E-14,0.));
#3575=DIRECTION('ref_axis',(0.,0.,1.));
#3576=DIRECTION('center_axis',(-1.,-2.29577620601002E-16,0.));
#3577=DIRECTION('ref_axis',(0.,0.70710678118654,0.707106781186555));
#3578=DIRECTION('center_axis',(-1.,0.,0.));
#3579=DIRECTION('ref_axis',(0.,0.,1.));
#3580=DIRECTION('',(1.,2.29577620601002E-16,0.));
#3581=DIRECTION('center_axis',(-1.77635683940023E-14,1.,0.));
#3582=DIRECTION('ref_axis',(0.,0.,1.));
#3583=DIRECTION('center_axis',(-4.80096443081149E-16,1.,0.));
#3584=DIRECTION('ref_axis',(0.707106781186577,0.,0.707106781186518));
#3585=DIRECTION('',(4.80096443081149E-16,-1.,0.));
#3586=DIRECTION('',(-4.80096443081149E-16,1.,0.));
#3587=DIRECTION('',(0.,0.,-1.));
#3588=DIRECTION('center_axis',(-1.,-4.80096443081149E-16,0.));
#3589=DIRECTION('ref_axis',(-4.80096443081149E-16,1.,0.));
#3590=DIRECTION('',(0.,0.,1.));
#3591=DIRECTION('',(0.,0.,-1.));
#3592=DIRECTION('center_axis',(0.,0.,1.));
#3593=DIRECTION('ref_axis',(1.,0.,0.));
#3594=DIRECTION('center_axis',(0.,0.,1.));
#3595=DIRECTION('ref_axis',(-1.,0.,0.));
#3596=DIRECTION('center_axis',(0.,0.,1.));
#3597=DIRECTION('ref_axis',(-1.,0.,0.));
#3598=DIRECTION('center_axis',(0.,0.,1.));
#3599=DIRECTION('ref_axis',(-1.,0.,0.));
#3600=DIRECTION('center_axis',(0.,0.,1.));
#3601=DIRECTION('ref_axis',(-1.,0.,0.));
#3602=DIRECTION('center_axis',(0.,0.,-1.));
#3603=DIRECTION('ref_axis',(1.,0.,0.));
#3604=DIRECTION('center_axis',(0.,0.,-1.));
#3605=DIRECTION('ref_axis',(1.,0.,0.));
#3606=DIRECTION('center_axis',(0.,0.,-1.));
#3607=DIRECTION('ref_axis',(1.,0.,0.));
#3608=DIRECTION('center_axis',(0.,0.,-1.));
#3609=DIRECTION('ref_axis',(1.,0.,0.));
#3610=DIRECTION('center_axis',(0.,0.,-1.));
#3611=DIRECTION('ref_axis',(1.,0.,0.));
#3612=DIRECTION('center_axis',(0.,0.,-1.));
#3613=DIRECTION('ref_axis',(1.,0.,0.));
#3614=DIRECTION('center_axis',(0.,0.,-1.));
#3615=DIRECTION('ref_axis',(1.,0.,0.));
#3616=DIRECTION('center_axis',(0.,0.,-1.));
#3617=DIRECTION('ref_axis',(1.,0.,0.));
#3618=DIRECTION('center_axis',(0.,0.,-1.));
#3619=DIRECTION('ref_axis',(1.,0.,0.));
#3620=DIRECTION('center_axis',(0.,0.,-1.));
#3621=DIRECTION('ref_axis',(1.,0.,0.));
#3622=DIRECTION('center_axis',(0.,0.,-1.));
#3623=DIRECTION('ref_axis',(1.,0.,0.));
#3624=DIRECTION('center_axis',(0.,0.,-1.));
#3625=DIRECTION('ref_axis',(1.,0.,0.));
#3626=DIRECTION('center_axis',(0.,0.,-1.));
#3627=DIRECTION('ref_axis',(1.,0.,0.));
#3628=DIRECTION('center_axis',(0.,0.,-1.));
#3629=DIRECTION('ref_axis',(1.,0.,0.));
#3630=DIRECTION('center_axis',(0.,0.,-1.));
#3631=DIRECTION('ref_axis',(1.,0.,0.));
#3632=DIRECTION('center_axis',(0.,0.,-1.));
#3633=DIRECTION('ref_axis',(1.,0.,0.));
#3634=DIRECTION('center_axis',(0.,0.,1.));
#3635=DIRECTION('ref_axis',(-1.,0.,0.));
#3636=DIRECTION('center_axis',(0.,0.,1.));
#3637=DIRECTION('ref_axis',(-1.,0.,0.));
#3638=DIRECTION('center_axis',(0.,0.,1.));
#3639=DIRECTION('ref_axis',(-1.,0.,0.));
#3640=DIRECTION('center_axis',(0.,0.,1.));
#3641=DIRECTION('ref_axis',(-1.,0.,0.));
#3642=DIRECTION('',(-0.707106781186549,-8.65956056235496E-17,-0.707106781186546));
#3643=DIRECTION('center_axis',(0.,0.,-1.));
#3644=DIRECTION('ref_axis',(-1.,0.,0.));
#3645=DIRECTION('center_axis',(0.,0.,-1.));
#3646=DIRECTION('ref_axis',(-1.,0.,0.));
#3647=DIRECTION('center_axis',(0.,0.,-1.));
#3648=DIRECTION('ref_axis',(1.,0.,0.));
#3649=DIRECTION('',(0.,0.,-1.));
#3650=DIRECTION('center_axis',(0.,0.,1.));
#3651=DIRECTION('ref_axis',(1.,0.,0.));
#3652=DIRECTION('center_axis',(0.,0.,1.));
#3653=DIRECTION('ref_axis',(-1.,0.,0.));
#3654=DIRECTION('',(-0.707106781186549,-8.65956056235496E-17,-0.707106781186546));
#3655=DIRECTION('center_axis',(0.,0.,-1.));
#3656=DIRECTION('ref_axis',(-1.,0.,0.));
#3657=DIRECTION('center_axis',(0.,0.,-1.));
#3658=DIRECTION('ref_axis',(-1.,0.,0.));
#3659=DIRECTION('center_axis',(0.,0.,-1.));
#3660=DIRECTION('ref_axis',(1.,0.,0.));
#3661=DIRECTION('',(0.,0.,-1.));
#3662=DIRECTION('center_axis',(0.,0.,1.));
#3663=DIRECTION('ref_axis',(1.,0.,0.));
#3664=DIRECTION('center_axis',(0.,0.,1.));
#3665=DIRECTION('ref_axis',(-1.,0.,0.));
#3666=DIRECTION('',(-0.707106781186549,-8.65956056235496E-17,-0.707106781186546));
#3667=DIRECTION('center_axis',(0.,0.,-1.));
#3668=DIRECTION('ref_axis',(-1.,0.,0.));
#3669=DIRECTION('center_axis',(0.,0.,-1.));
#3670=DIRECTION('ref_axis',(-1.,0.,0.));
#3671=DIRECTION('center_axis',(0.,0.,-1.));
#3672=DIRECTION('ref_axis',(1.,0.,0.));
#3673=DIRECTION('',(0.,0.,-1.));
#3674=DIRECTION('center_axis',(0.,0.,1.));
#3675=DIRECTION('ref_axis',(1.,0.,0.));
#3676=DIRECTION('center_axis',(0.,0.,1.));
#3677=DIRECTION('ref_axis',(-1.,0.,0.));
#3678=DIRECTION('',(-0.707106781186549,-8.65956056235496E-17,-0.707106781186546));
#3679=DIRECTION('center_axis',(0.,0.,-1.));
#3680=DIRECTION('ref_axis',(-1.,0.,0.));
#3681=DIRECTION('center_axis',(0.,0.,-1.));
#3682=DIRECTION('ref_axis',(-1.,0.,0.));
#3683=DIRECTION('center_axis',(0.,0.,-1.));
#3684=DIRECTION('ref_axis',(1.,0.,0.));
#3685=DIRECTION('',(0.,0.,-1.));
#3686=DIRECTION('center_axis',(0.,0.,1.));
#3687=DIRECTION('ref_axis',(1.,0.,0.));
#3688=DIRECTION('center_axis',(0.,0.,1.));
#3689=DIRECTION('ref_axis',(-1.,0.,0.));
#3690=DIRECTION('',(-0.707106781186549,-8.65956056235496E-17,-0.707106781186546));
#3691=DIRECTION('center_axis',(0.,0.,-1.));
#3692=DIRECTION('ref_axis',(-1.,0.,0.));
#3693=DIRECTION('center_axis',(0.,0.,-1.));
#3694=DIRECTION('ref_axis',(-1.,0.,0.));
#3695=DIRECTION('center_axis',(0.,0.,-1.));
#3696=DIRECTION('ref_axis',(1.,0.,0.));
#3697=DIRECTION('',(0.,0.,-1.));
#3698=DIRECTION('center_axis',(0.,0.,1.));
#3699=DIRECTION('ref_axis',(1.,0.,0.));
#3700=DIRECTION('center_axis',(0.,0.,1.));
#3701=DIRECTION('ref_axis',(-1.,0.,0.));
#3702=DIRECTION('',(-0.707106781186547,-8.65956056235493E-17,-0.707106781186548));
#3703=DIRECTION('center_axis',(0.,0.,-1.));
#3704=DIRECTION('ref_axis',(-1.,0.,0.));
#3705=DIRECTION('center_axis',(0.,0.,-1.));
#3706=DIRECTION('ref_axis',(-1.,0.,0.));
#3707=DIRECTION('center_axis',(0.,0.,-1.));
#3708=DIRECTION('ref_axis',(1.,0.,0.));
#3709=DIRECTION('',(0.,0.,-1.));
#3710=DIRECTION('center_axis',(0.,0.,1.));
#3711=DIRECTION('ref_axis',(1.,0.,0.));
#3712=DIRECTION('center_axis',(0.,0.,-1.));
#3713=DIRECTION('ref_axis',(1.,0.,0.));
#3714=DIRECTION('',(0.707106781186549,-8.65956056235496E-17,0.707106781186546));
#3715=DIRECTION('center_axis',(0.,0.,-1.));
#3716=DIRECTION('ref_axis',(1.,0.,0.));
#3717=DIRECTION('',(0.707106781186549,-8.65956056235496E-17,0.707106781186546));
#3718=DIRECTION('center_axis',(0.,0.,-1.));
#3719=DIRECTION('ref_axis',(1.,0.,0.));
#3720=DIRECTION('',(0.707106781186549,-8.65956056235496E-17,0.707106781186546));
#3721=DIRECTION('center_axis',(0.,0.,-1.));
#3722=DIRECTION('ref_axis',(1.,0.,0.));
#3723=DIRECTION('',(0.707106781186549,-8.65956056235496E-17,0.707106781186546));
#3724=DIRECTION('center_axis',(0.,0.,-1.));
#3725=DIRECTION('ref_axis',(1.,0.,0.));
#3726=DIRECTION('',(0.707106781186549,-8.65956056235496E-17,0.707106781186546));
#3727=DIRECTION('center_axis',(0.,0.,-1.));
#3728=DIRECTION('ref_axis',(1.,0.,0.));
#3729=DIRECTION('',(0.707106781186549,-8.65956056235496E-17,0.707106781186546));
#3730=DIRECTION('center_axis',(0.,0.,-1.));
#3731=DIRECTION('ref_axis',(1.,0.,0.));
#3732=DIRECTION('',(0.707106781186547,-8.65956056235493E-17,0.707106781186548));
#3733=DIRECTION('center_axis',(0.,0.,1.));
#3734=DIRECTION('ref_axis',(1.,0.,0.));
#3735=DIRECTION('center_axis',(0.,0.,-1.));
#3736=DIRECTION('ref_axis',(1.,0.,0.));
#3737=DIRECTION('center_axis',(0.,0.,-1.));
#3738=DIRECTION('ref_axis',(-1.,0.,0.));
#3739=DIRECTION('center_axis',(0.,0.,-1.));
#3740=DIRECTION('ref_axis',(-1.,0.,0.));
#3741=DIRECTION('',(0.,0.,-1.));
#3742=DIRECTION('center_axis',(0.,0.,1.));
#3743=DIRECTION('ref_axis',(-1.,0.,0.));
#3744=DIRECTION('',(-0.707106781186547,-8.65956056235493E-17,-0.707106781186548));
#3745=DIRECTION('center_axis',(-1.43486012875626E-16,1.,0.));
#3746=DIRECTION('ref_axis',(1.,1.43486012875626E-16,0.));
#3747=DIRECTION('center_axis',(0.,0.,-1.));
#3748=DIRECTION('ref_axis',(1.,0.,0.));
#3749=DIRECTION('',(0.,0.,-1.));
#3750=DIRECTION('center_axis',(0.,0.,-1.));
#3751=DIRECTION('ref_axis',(1.,0.,0.));
#3752=DIRECTION('center_axis',(0.,0.,1.));
#3753=DIRECTION('ref_axis',(1.,0.,0.));
#3754=DIRECTION('center_axis',(0.,0.,-1.));
#3755=DIRECTION('ref_axis',(1.,0.,0.));
#3756=DIRECTION('',(0.,0.,-1.));
#3757=DIRECTION('center_axis',(0.,0.,-1.));
#3758=DIRECTION('ref_axis',(1.,0.,0.));
#3759=DIRECTION('center_axis',(0.,0.,1.));
#3760=DIRECTION('ref_axis',(1.,0.,0.));
#3761=DIRECTION('center_axis',(0.,0.,-1.));
#3762=DIRECTION('ref_axis',(1.,0.,0.));
#3763=DIRECTION('',(0.,0.,-1.));
#3764=DIRECTION('center_axis',(0.,0.,-1.));
#3765=DIRECTION('ref_axis',(1.,0.,0.));
#3766=DIRECTION('center_axis',(0.,0.,1.));
#3767=DIRECTION('ref_axis',(1.,0.,0.));
#3768=DIRECTION('center_axis',(0.,0.,-1.));
#3769=DIRECTION('ref_axis',(1.,0.,0.));
#3770=DIRECTION('',(0.,0.,-1.));
#3771=DIRECTION('center_axis',(0.,0.,-1.));
#3772=DIRECTION('ref_axis',(1.,0.,0.));
#3773=DIRECTION('center_axis',(0.,0.,1.));
#3774=DIRECTION('ref_axis',(1.,0.,0.));
#3775=DIRECTION('center_axis',(0.,0.,-1.));
#3776=DIRECTION('ref_axis',(1.,0.,0.));
#3777=DIRECTION('',(0.,0.,-1.));
#3778=DIRECTION('center_axis',(0.,0.,-1.));
#3779=DIRECTION('ref_axis',(1.,0.,0.));
#3780=DIRECTION('center_axis',(0.,0.,1.));
#3781=DIRECTION('ref_axis',(1.,0.,0.));
#3782=DIRECTION('center_axis',(0.,0.,-1.));
#3783=DIRECTION('ref_axis',(1.,0.,0.));
#3784=DIRECTION('',(0.,0.,-1.));
#3785=DIRECTION('center_axis',(0.,0.,-1.));
#3786=DIRECTION('ref_axis',(1.,0.,0.));
#3787=DIRECTION('center_axis',(0.,0.,1.));
#3788=DIRECTION('ref_axis',(1.,0.,0.));
#3789=DIRECTION('center_axis',(0.,0.,-1.));
#3790=DIRECTION('ref_axis',(1.,0.,0.));
#3791=DIRECTION('',(0.,0.,-1.));
#3792=DIRECTION('center_axis',(0.,0.,-1.));
#3793=DIRECTION('ref_axis',(1.,0.,0.));
#3794=DIRECTION('center_axis',(0.,0.,1.));
#3795=DIRECTION('ref_axis',(1.,0.,0.));
#3796=DIRECTION('center_axis',(0.,0.,-1.));
#3797=DIRECTION('ref_axis',(1.,0.,0.));
#3798=DIRECTION('',(0.,0.,-1.));
#3799=DIRECTION('center_axis',(0.,0.,-1.));
#3800=DIRECTION('ref_axis',(1.,0.,0.));
#3801=DIRECTION('center_axis',(0.,0.,1.));
#3802=DIRECTION('ref_axis',(1.,0.,0.));
#3803=DIRECTION('center_axis',(0.,0.,-1.));
#3804=DIRECTION('ref_axis',(1.,0.,0.));
#3805=DIRECTION('',(0.,0.,-1.));
#3806=DIRECTION('center_axis',(0.,0.,-1.));
#3807=DIRECTION('ref_axis',(1.,0.,0.));
#3808=DIRECTION('center_axis',(0.,0.,1.));
#3809=DIRECTION('ref_axis',(1.,0.,0.));
#3810=DIRECTION('center_axis',(0.,0.,-1.));
#3811=DIRECTION('ref_axis',(1.,0.,0.));
#3812=DIRECTION('',(0.,0.,-1.));
#3813=DIRECTION('',(0.,0.,-1.));
#3814=DIRECTION('center_axis',(0.,0.,-1.));
#3815=DIRECTION('ref_axis',(1.,0.,0.));
#3816=DIRECTION('center_axis',(0.,0.,1.));
#3817=DIRECTION('ref_axis',(1.,0.,0.));
#3818=DIRECTION('center_axis',(0.,0.,-1.));
#3819=DIRECTION('ref_axis',(1.,0.,0.));
#3820=DIRECTION('',(0.,0.,-1.));
#3821=DIRECTION('center_axis',(0.,0.,-1.));
#3822=DIRECTION('ref_axis',(1.,0.,0.));
#3823=DIRECTION('center_axis',(0.,0.,1.));
#3824=DIRECTION('ref_axis',(1.,0.,0.));
#3825=DIRECTION('center_axis',(0.,0.,-1.));
#3826=DIRECTION('ref_axis',(1.,0.,0.));
#3827=DIRECTION('',(0.,0.,-1.));
#3828=DIRECTION('center_axis',(0.,0.,-1.));
#3829=DIRECTION('ref_axis',(1.,0.,0.));
#3830=DIRECTION('center_axis',(0.,0.,1.));
#3831=DIRECTION('ref_axis',(1.,0.,0.));
#3832=DIRECTION('center_axis',(0.,0.,-1.));
#3833=DIRECTION('ref_axis',(1.,0.,0.));
#3834=DIRECTION('',(0.,0.,-1.));
#3835=DIRECTION('center_axis',(0.,0.,-1.));
#3836=DIRECTION('ref_axis',(1.,0.,0.));
#3837=DIRECTION('center_axis',(0.,0.,1.));
#3838=DIRECTION('ref_axis',(1.,0.,0.));
#3839=DIRECTION('center_axis',(0.,0.,-1.));
#3840=DIRECTION('ref_axis',(1.,0.,0.));
#3841=DIRECTION('',(0.,0.,-1.));
#3842=DIRECTION('center_axis',(0.,0.,-1.));
#3843=DIRECTION('ref_axis',(1.,0.,0.));
#3844=DIRECTION('center_axis',(0.,0.,1.));
#3845=DIRECTION('ref_axis',(1.,0.,0.));
#3846=DIRECTION('center_axis',(0.,0.,-1.));
#3847=DIRECTION('ref_axis',(1.,0.,0.));
#3848=DIRECTION('',(0.,0.,-1.));
#3849=DIRECTION('center_axis',(0.,0.,-1.));
#3850=DIRECTION('ref_axis',(1.,0.,0.));
#3851=DIRECTION('center_axis',(0.,0.,1.));
#3852=DIRECTION('ref_axis',(1.,0.,0.));
#3853=DIRECTION('center_axis',(0.,0.,-1.));
#3854=DIRECTION('ref_axis',(1.,0.,0.));
#3855=DIRECTION('',(0.,0.,-1.));
#3856=DIRECTION('center_axis',(0.,0.,-1.));
#3857=DIRECTION('ref_axis',(1.,0.,0.));
#3858=DIRECTION('center_axis',(0.,0.,1.));
#3859=DIRECTION('ref_axis',(1.,0.,0.));
#3860=DIRECTION('axis',(0.,0.,1.));
#3861=DIRECTION('refdir',(1.,0.,0.));
#3862=DIRECTION('center_axis',(0.,1.,0.));
#3863=DIRECTION('ref_axis',(1.,0.,8.8023341634095E-33));
#3864=DIRECTION('',(1.,0.,8.8023341634095E-33));
#3865=DIRECTION('',(-1.26882631385732E-16,0.,1.));
#3866=DIRECTION('',(1.,0.,8.8023341634095E-33));
#3867=DIRECTION('',(-1.83697019872103E-16,0.,-1.));
#3868=DIRECTION('center_axis',(1.26882631385732E-16,-1.,1.11686332098992E-48));
#3869=DIRECTION('ref_axis',(-1.,-1.26882631385732E-16,-8.8023341634095E-33));
#3870=DIRECTION('',(-1.,-1.26882631385732E-16,-8.8023341634095E-33));
#3871=DIRECTION('',(1.83697019872103E-16,2.33079612590896E-32,1.));
#3872=DIRECTION('',(-1.,-1.26882631385732E-16,-8.8023341634095E-33));
#3873=DIRECTION('',(1.26882631385732E-16,1.60992021473676E-32,-1.));
#3874=DIRECTION('center_axis',(8.8023341634095E-33,0.,-1.));
#3875=DIRECTION('ref_axis',(-1.,0.,-8.8023341634095E-33));
#3876=DIRECTION('',(0.,-1.,0.));
#3877=DIRECTION('',(0.,1.,0.));
#3878=DIRECTION('center_axis',(-8.8023341634095E-33,0.,1.));
#3879=DIRECTION('ref_axis',(1.,0.,8.8023341634095E-33));
#3880=DIRECTION('',(0.,1.,0.));
#3881=DIRECTION('',(1.,0.,8.8023341634095E-33));
#3882=DIRECTION('',(0.,1.,0.));
#3883=DIRECTION('center_axis',(-8.8023341634095E-33,0.,1.));
#3884=DIRECTION('ref_axis',(1.,0.,8.8023341634095E-33));
#3885=DIRECTION('',(0.,1.,0.));
#3886=DIRECTION('',(1.,0.,8.8023341634095E-33));
#3887=DIRECTION('',(0.,1.,0.));
#3888=DIRECTION('center_axis',(1.,0.,-1.83697019872103E-16));
#3889=DIRECTION('ref_axis',(-1.83697019872103E-16,0.,-1.));
#3890=DIRECTION('',(-1.83697019872103E-16,0.,-1.));
#3891=DIRECTION('',(0.,1.,0.));
#3892=DIRECTION('',(-1.83697019872103E-16,0.,-1.));
#3893=DIRECTION('center_axis',(-1.,0.,-1.26882631385732E-16));
#3894=DIRECTION('ref_axis',(-1.26882631385732E-16,0.,1.));
#3895=DIRECTION('',(-1.26882631385732E-16,0.,1.));
#3896=DIRECTION('',(0.,1.,0.));
#3897=DIRECTION('',(-1.26882631385732E-16,0.,1.));
#3898=DIRECTION('center_axis',(-1.26882631385732E-16,0.,-1.));
#3899=DIRECTION('ref_axis',(-1.,0.,1.26882631385732E-16));
#3900=DIRECTION('',(-1.,0.,1.26882631385732E-16));
#3901=DIRECTION('',(-1.,0.,1.26882631385732E-16));
#3902=DIRECTION('center_axis',(0.,1.,0.));
#3903=DIRECTION('ref_axis',(0.,0.,1.));
#3904=DIRECTION('center_axis',(0.,1.,0.));
#3905=DIRECTION('ref_axis',(0.,0.,1.));
#3906=DIRECTION('axis',(0.,0.,1.));
#3907=DIRECTION('refdir',(1.,0.,0.));
#3908=DIRECTION('center_axis',(1.,0.,0.));
#3909=DIRECTION('ref_axis',(0.,0.,1.));
#3910=DIRECTION('center_axis',(1.,-7.50150692314294E-18,0.));
#3911=DIRECTION('ref_axis',(0.,0.,1.));
#3912=DIRECTION('',(1.,0.,0.));
#3913=DIRECTION('center_axis',(0.,-1.,0.));
#3914=DIRECTION('ref_axis',(1.,0.,0.));
#3915=DIRECTION('center_axis',(0.,-1.,0.));
#3916=DIRECTION('ref_axis',(1.,0.,0.));
#3917=DIRECTION('',(0.,-1.,0.));
#3918=DIRECTION('center_axis',(-1.,0.,0.));
#3919=DIRECTION('ref_axis',(0.,0.,-1.));
#3920=DIRECTION('center_axis',(-1.,0.,0.));
#3921=DIRECTION('ref_axis',(0.,0.,-1.));
#3922=DIRECTION('',(-1.,0.,0.));
#3923=DIRECTION('center_axis',(0.,1.,0.));
#3924=DIRECTION('ref_axis',(1.,0.,0.));
#3925=DIRECTION('center_axis',(-2.40048221540574E-16,1.,0.));
#3926=DIRECTION('ref_axis',(1.,0.,0.));
#3927=DIRECTION('',(0.,1.,0.));
#3928=DIRECTION('center_axis',(-1.,-2.66453525910037E-14,-2.95822839457879E-29));
#3929=DIRECTION('ref_axis',(0.,1.11022302462516E-15,-1.));
#3930=DIRECTION('center_axis',(0.,-1.,0.));
#3931=DIRECTION('ref_axis',(-1.,0.,0.));
#3932=DIRECTION('center_axis',(-1.,-2.40048221540574E-16,0.));
#3933=DIRECTION('ref_axis',(0.,-0.707106781186548,-0.707106781186547));
#3934=DIRECTION('center_axis',(-1.,0.,0.));
#3935=DIRECTION('ref_axis',(0.,0.,-1.));
#3936=DIRECTION('',(-1.,-2.40048221540574E-16,0.));
#3937=DIRECTION('',(1.,2.40048221540574E-16,0.));
#3938=DIRECTION('center_axis',(-1.15463194561015E-13,-1.,0.));
#3939=DIRECTION('ref_axis',(0.,0.,-1.));
#3940=DIRECTION('center_axis',(0.,-1.,0.));
#3941=DIRECTION('ref_axis',(0.70710678118654,0.,-0.707106781186555));
#3942=DIRECTION('center_axis',(0.,-1.,0.));
#3943=DIRECTION('ref_axis',(0.,0.,-1.));
#3944=DIRECTION('',(0.,-1.,0.));
#3945=DIRECTION('',(0.,1.,0.));
#3946=DIRECTION('center_axis',(1.,0.,0.));
#3947=DIRECTION('ref_axis',(0.,0.,-1.));
#3948=DIRECTION('center_axis',(1.,0.,0.));
#3949=DIRECTION('ref_axis',(0.,0.70710678118654,-0.707106781186555));
#3950=DIRECTION('center_axis',(1.,0.,0.));
#3951=DIRECTION('ref_axis',(0.,0.,-1.));
#3952=DIRECTION('',(1.,0.,0.));
#3953=DIRECTION('',(-1.,0.,0.));
#3954=DIRECTION('center_axis',(0.,1.,0.));
#3955=DIRECTION('ref_axis',(1.11022302462516E-15,0.,-1.));
#3956=DIRECTION('center_axis',(7.50150692314294E-18,1.,0.));
#3957=DIRECTION('ref_axis',(-0.707106781186548,0.,-0.707106781186547));
#3958=DIRECTION('',(-7.50150692314294E-18,-1.,0.));
#3959=DIRECTION('',(7.50150692314294E-18,1.,0.));
#3960=DIRECTION('center_axis',(0.,-1.,0.));
#3961=DIRECTION('ref_axis',(-1.,0.,0.));
#3962=DIRECTION('',(0.,0.,-1.));
#3963=DIRECTION('',(-1.,0.,0.));
#3964=DIRECTION('',(0.,0.,1.));
#3965=DIRECTION('',(0.,0.,1.));
#3966=DIRECTION('center_axis',(1.,-7.50150692314294E-18,0.));
#3967=DIRECTION('ref_axis',(-7.50150692314294E-18,-1.,0.));
#3968=DIRECTION('',(0.,0.,-1.));
#3969=DIRECTION('',(-7.50150692314294E-18,-1.,0.));
#3970=DIRECTION('',(0.,0.,1.));
#3971=DIRECTION('center_axis',(0.,0.,1.));
#3972=DIRECTION('ref_axis',(1.,0.,0.));
#3973=DIRECTION('center_axis',(0.,0.,-1.));
#3974=DIRECTION('ref_axis',(1.,0.,0.));
#3975=DIRECTION('center_axis',(1.,0.,0.));
#3976=DIRECTION('ref_axis',(0.,1.11022302462516E-15,1.));
#3977=DIRECTION('center_axis',(-1.50990331349043E-13,-1.,0.));
#3978=DIRECTION('ref_axis',(1.,-1.50990331349043E-13,0.));
#3979=DIRECTION('center_axis',(1.,2.40048221540574E-16,0.));
#3980=DIRECTION('ref_axis',(0.,-0.707106781186548,0.707106781186548));
#3981=DIRECTION('center_axis',(1.,0.,0.));
#3982=DIRECTION('ref_axis',(0.,0.,1.));
#3983=DIRECTION('',(1.,2.40048221540574E-16,0.));
#3984=DIRECTION('',(-1.,-2.40048221540574E-16,0.));
#3985=DIRECTION('center_axis',(0.,-1.,0.));
#3986=DIRECTION('ref_axis',(0.,0.,1.));
#3987=DIRECTION('center_axis',(-7.50150692314294E-18,-1.,0.));
#3988=DIRECTION('ref_axis',(-0.707106781186548,0.,0.707106781186548));
#3989=DIRECTION('center_axis',(0.,-1.,0.));
#3990=DIRECTION('ref_axis',(0.,0.,1.));
#3991=DIRECTION('',(7.50150692314294E-18,1.,0.));
#3992=DIRECTION('center_axis',(-1.,0.,0.));
#3993=DIRECTION('ref_axis',(0.,0.,1.));
#3994=DIRECTION('center_axis',(-1.,0.,0.));
#3995=DIRECTION('ref_axis',(0.,0.70710678118654,0.707106781186555));
#3996=DIRECTION('center_axis',(-1.,0.,0.));
#3997=DIRECTION('ref_axis',(0.,0.,1.));
#3998=DIRECTION('',(1.,0.,0.));
#3999=DIRECTION('center_axis',(0.,1.,0.));
#4000=DIRECTION('ref_axis',(0.,0.,1.));
#4001=DIRECTION('center_axis',(0.,1.,0.));
#4002=DIRECTION('ref_axis',(0.70710678118654,0.,0.707106781186555));
#4003=DIRECTION('',(0.,-1.,0.));
#4004=DIRECTION('',(0.,1.,0.));
#4005=DIRECTION('',(0.,0.,-1.));
#4006=DIRECTION('center_axis',(-1.,0.,0.));
#4007=DIRECTION('ref_axis',(0.,1.,0.));
#4008=DIRECTION('',(0.,0.,1.));
#4009=DIRECTION('',(0.,0.,-1.));
#4010=DIRECTION('center_axis',(0.,0.,1.));
#4011=DIRECTION('ref_axis',(1.,0.,0.));
#4012=DIRECTION('center_axis',(0.,0.,1.));
#4013=DIRECTION('ref_axis',(-1.,0.,0.));
#4014=DIRECTION('center_axis',(0.,0.,-1.));
#4015=DIRECTION('ref_axis',(1.,0.,0.));
#4016=DIRECTION('center_axis',(0.,0.,-1.));
#4017=DIRECTION('ref_axis',(1.,0.,0.));
#4018=DIRECTION('center_axis',(0.,0.,-1.));
#4019=DIRECTION('ref_axis',(1.,0.,0.));
#4020=DIRECTION('center_axis',(0.,0.,-1.));
#4021=DIRECTION('ref_axis',(1.,0.,0.));
#4022=DIRECTION('center_axis',(0.,0.,-1.));
#4023=DIRECTION('ref_axis',(1.,0.,0.));
#4024=DIRECTION('',(0.707106781186547,-8.65956056235493E-17,0.707106781186548));
#4025=DIRECTION('center_axis',(0.,0.,1.));
#4026=DIRECTION('ref_axis',(1.,0.,0.));
#4027=DIRECTION('center_axis',(0.,0.,-1.));
#4028=DIRECTION('ref_axis',(1.,0.,0.));
#4029=DIRECTION('center_axis',(0.,0.,-1.));
#4030=DIRECTION('ref_axis',(-1.,0.,0.));
#4031=DIRECTION('center_axis',(0.,0.,-1.));
#4032=DIRECTION('ref_axis',(-1.,0.,0.));
#4033=DIRECTION('',(0.,0.,-1.));
#4034=DIRECTION('center_axis',(0.,0.,1.));
#4035=DIRECTION('ref_axis',(-1.,0.,0.));
#4036=DIRECTION('',(-0.707106781186547,-8.65956056235493E-17,-0.707106781186548));
#4037=DIRECTION('center_axis',(-2.40048221540574E-16,1.,0.));
#4038=DIRECTION('ref_axis',(1.,2.40048221540574E-16,0.));
#4039=DIRECTION('center_axis',(0.,0.,-1.));
#4040=DIRECTION('ref_axis',(1.,0.,0.));
#4041=DIRECTION('',(0.,0.,-1.));
#4042=DIRECTION('center_axis',(0.,0.,-1.));
#4043=DIRECTION('ref_axis',(1.,0.,0.));
#4044=DIRECTION('center_axis',(0.,0.,1.));
#4045=DIRECTION('ref_axis',(1.,0.,0.));
#4046=DIRECTION('center_axis',(0.,0.,-1.));
#4047=DIRECTION('ref_axis',(1.,0.,0.));
#4048=DIRECTION('',(0.,0.,-1.));
#4049=DIRECTION('',(0.,0.,-1.));
#4050=DIRECTION('center_axis',(0.,0.,-1.));
#4051=DIRECTION('ref_axis',(1.,0.,0.));
#4052=DIRECTION('center_axis',(0.,0.,1.));
#4053=DIRECTION('ref_axis',(1.,0.,0.));
#4054=DIRECTION('center_axis',(0.,0.,-1.));
#4055=DIRECTION('ref_axis',(1.,0.,0.));
#4056=DIRECTION('',(0.,0.,-1.));
#4057=DIRECTION('center_axis',(0.,0.,-1.));
#4058=DIRECTION('ref_axis',(1.,0.,0.));
#4059=DIRECTION('center_axis',(0.,0.,1.));
#4060=DIRECTION('ref_axis',(1.,0.,0.));
#4061=DIRECTION('center_axis',(0.,0.,-1.));
#4062=DIRECTION('ref_axis',(1.,0.,0.));
#4063=DIRECTION('',(0.,0.,-1.));
#4064=DIRECTION('center_axis',(0.,0.,-1.));
#4065=DIRECTION('ref_axis',(1.,0.,0.));
#4066=DIRECTION('center_axis',(0.,0.,1.));
#4067=DIRECTION('ref_axis',(1.,0.,0.));
#4068=DIRECTION('axis',(0.,0.,1.));
#4069=DIRECTION('refdir',(1.,0.,0.));
#4070=DIRECTION('center_axis',(0.,1.,0.));
#4071=DIRECTION('ref_axis',(0.,0.,1.));
#4072=DIRECTION('center_axis',(0.,-1.,0.));
#4073=DIRECTION('ref_axis',(-1.,0.,0.));
#4074=DIRECTION('center_axis',(-1.,0.,1.22464679914735E-16));
#4075=DIRECTION('ref_axis',(-1.22464679914735E-16,0.,-1.));
#4076=DIRECTION('center_axis',(0.,1.,0.));
#4077=DIRECTION('ref_axis',(-1.,0.,0.));
#4078=DIRECTION('center_axis',(0.,1.,0.));
#4079=DIRECTION('ref_axis',(-1.,0.,0.));
#4080=DIRECTION('center_axis',(0.,-1.,0.));
#4081=DIRECTION('ref_axis',(-1.,0.,0.));
#4082=DIRECTION('',(0.,-1.,0.));
#4083=DIRECTION('center_axis',(0.,1.,0.));
#4084=DIRECTION('ref_axis',(-1.,0.,0.));
#4085=DIRECTION('center_axis',(0.,1.,0.));
#4086=DIRECTION('ref_axis',(0.,0.,1.));
#4087=DIRECTION('center_axis',(0.,1.,0.));
#4088=DIRECTION('ref_axis',(1.,0.,0.));
#4089=DIRECTION('center_axis',(0.,-1.,0.));
#4090=DIRECTION('ref_axis',(0.,0.,-1.));
#4091=DIRECTION('center_axis',(0.,1.,0.));
#4092=DIRECTION('ref_axis',(-1.,0.,1.22464679914735E-16));
#4093=DIRECTION('center_axis',(-1.,0.,-1.22464679914735E-16));
#4094=DIRECTION('ref_axis',(-1.22464679914735E-16,0.,1.));
#4095=DIRECTION('center_axis',(0.,-1.,0.));
#4096=DIRECTION('ref_axis',(-1.,0.,1.22464679914735E-16));
#4097=DIRECTION('center_axis',(0.,-1.,0.));
#4098=DIRECTION('ref_axis',(-1.,0.,1.22464679914735E-16));
#4099=DIRECTION('center_axis',(0.,-1.,0.));
#4100=DIRECTION('ref_axis',(1.,0.,0.));
#4101=DIRECTION('',(0.,-1.,0.));
#4102=DIRECTION('center_axis',(0.,-1.,0.));
#4103=DIRECTION('ref_axis',(1.,0.,0.));
#4104=DIRECTION('center_axis',(0.,1.,0.));
#4105=DIRECTION('ref_axis',(0.,0.,1.));
#4106=DIRECTION('center_axis',(0.,-1.,0.));
#4107=DIRECTION('ref_axis',(-1.,0.,-1.22464679914735E-16));
#4108=DIRECTION('center_axis',(0.,1.,0.));
#4109=DIRECTION('ref_axis',(0.,0.,1.));
#4110=DIRECTION('center_axis',(0.,1.,0.));
#4111=DIRECTION('ref_axis',(0.,0.,1.));
#4112=DIRECTION('center_axis',(-1.,0.,1.22464679914735E-16));
#4113=DIRECTION('ref_axis',(-1.22464679914735E-16,0.,-1.));
#4114=DIRECTION('center_axis',(0.,1.,0.));
#4115=DIRECTION('ref_axis',(-1.,0.,0.));
#4116=DIRECTION('center_axis',(0.,1.,0.));
#4117=DIRECTION('ref_axis',(-1.,0.,0.));
#4118=DIRECTION('center_axis',(0.,1.,0.));
#4119=DIRECTION('ref_axis',(1.,0.,0.));
#4120=DIRECTION('',(0.707106781186547,-0.707106781186548,-8.65956056235493E-17));
#4121=DIRECTION('center_axis',(0.,1.,0.));
#4122=DIRECTION('ref_axis',(1.,0.,0.));
#4123=DIRECTION('center_axis',(0.,1.,0.));
#4124=DIRECTION('ref_axis',(0.,0.,1.));
#4125=DIRECTION('center_axis',(0.,-1.,0.));
#4126=DIRECTION('ref_axis',(-1.,0.,-1.22464679914735E-16));
#4127=DIRECTION('center_axis',(-1.,0.,1.22464679914735E-16));
#4128=DIRECTION('ref_axis',(-1.22464679914735E-16,0.,-1.));
#4129=DIRECTION('center_axis',(0.,1.,0.));
#4130=DIRECTION('ref_axis',(-1.,0.,-1.22464679914735E-16));
#4131=DIRECTION('center_axis',(0.,1.,0.));
#4132=DIRECTION('ref_axis',(-1.,0.,-1.22464679914735E-16));
#4133=DIRECTION('center_axis',(0.,-1.,0.));
#4134=DIRECTION('ref_axis',(0.,0.,-1.));
#4135=DIRECTION('center_axis',(0.,1.,0.));
#4136=DIRECTION('ref_axis',(-1.,0.,-1.22464679914735E-16));
#4137=DIRECTION('center_axis',(0.,1.,0.));
#4138=DIRECTION('ref_axis',(1.,0.,0.));
#4139=DIRECTION('center_axis',(0.,1.,0.));
#4140=DIRECTION('ref_axis',(1.,0.,0.));
#4141=DIRECTION('',(0.,-1.,0.));
#4142=DIRECTION('center_axis',(0.,1.,0.));
#4143=DIRECTION('ref_axis',(0.,0.,1.));
#4144=DIRECTION('center_axis',(0.,-1.,0.));
#4145=DIRECTION('ref_axis',(-1.,0.,-1.22464679914735E-16));
#4146=DIRECTION('center_axis',(0.,-1.,0.));
#4147=DIRECTION('ref_axis',(-1.,0.,-1.22464679914735E-16));
#4148=DIRECTION('center_axis',(-1.,0.,1.22464679914735E-16));
#4149=DIRECTION('ref_axis',(-1.22464679914735E-16,0.,-1.));
#4150=DIRECTION('center_axis',(0.,1.,0.));
#4151=DIRECTION('ref_axis',(1.,0.,0.));
#4152=DIRECTION('',(0.,-1.,0.));
#4153=DIRECTION('center_axis',(0.,1.,0.));
#4154=DIRECTION('ref_axis',(1.,0.,0.));
#4155=DIRECTION('',(0.707106781186547,-0.707106781186548,-8.65956056235493E-17));
#4156=DIRECTION('axis',(0.,0.,1.));
#4157=DIRECTION('refdir',(1.,0.,0.));
#4158=DIRECTION('center_axis',(-1.,0.,0.));
#4159=DIRECTION('ref_axis',(0.,1.,0.));
#4160=DIRECTION('center_axis',(-1.,0.,0.));
#4161=DIRECTION('ref_axis',(0.,1.,0.));
#4162=DIRECTION('',(-0.707106781186548,-0.707106781186547,-8.65956056235493E-17));
#4163=DIRECTION('center_axis',(1.,0.,0.));
#4164=DIRECTION('ref_axis',(0.,1.,0.));
#4165=DIRECTION('center_axis',(1.,0.,0.));
#4166=DIRECTION('ref_axis',(0.,1.,0.));
#4167=DIRECTION('center_axis',(1.,0.,0.));
#4168=DIRECTION('ref_axis',(0.,-1.,0.));
#4169=DIRECTION('',(-1.,0.,0.));
#4170=DIRECTION('center_axis',(-1.,0.,0.));
#4171=DIRECTION('ref_axis',(0.,1.,-1.22464679914735E-16));
#4172=DIRECTION('center_axis',(-1.,0.,0.));
#4173=DIRECTION('ref_axis',(0.,1.,-1.22464679914735E-16));
#4174=DIRECTION('center_axis',(1.,0.,0.));
#4175=DIRECTION('ref_axis',(0.,0.,-1.));
#4176=DIRECTION('center_axis',(1.,0.,0.));
#4177=DIRECTION('ref_axis',(0.,0.,-1.));
#4178=DIRECTION('center_axis',(1.,0.,0.));
#4179=DIRECTION('ref_axis',(0.,1.,0.));
#4180=DIRECTION('center_axis',(1.,0.,0.));
#4181=DIRECTION('ref_axis',(0.,1.,0.));
#4182=DIRECTION('center_axis',(0.,-1.,-1.22464679914735E-16));
#4183=DIRECTION('ref_axis',(0.,-1.22464679914735E-16,1.));
#4184=DIRECTION('center_axis',(-1.,0.,0.));
#4185=DIRECTION('ref_axis',(0.,-1.,0.));
#4186=DIRECTION('',(-0.707106781186547,0.707106781186548,8.65956056235494E-17));
#4187=DIRECTION('center_axis',(1.,0.,0.));
#4188=DIRECTION('ref_axis',(0.,-1.,0.));
#4189=DIRECTION('center_axis',(0.,-0.866025403784439,-0.499999999999999));
#4190=DIRECTION('ref_axis',(0.,0.499999999999999,-0.866025403784439));
#4191=DIRECTION('',(0.,-0.499999999999999,0.866025403784439));
#4192=DIRECTION('',(1.,0.,0.));
#4193=DIRECTION('',(0.,0.499999999999999,-0.866025403784439));
#4194=DIRECTION('',(1.,0.,0.));
#4195=DIRECTION('center_axis',(0.,-0.866025403784439,0.5));
#4196=DIRECTION('ref_axis',(0.,-0.5,-0.866025403784439));
#4197=DIRECTION('',(0.,0.5,0.866025403784439));
#4198=DIRECTION('',(0.,-0.5,-0.866025403784439));
#4199=DIRECTION('',(1.,0.,0.));
#4200=DIRECTION('center_axis',(0.,0.,1.));
#4201=DIRECTION('ref_axis',(1.,0.,0.));
#4202=DIRECTION('',(0.,1.,0.));
#4203=DIRECTION('',(0.,-1.,0.));
#4204=DIRECTION('',(1.,0.,0.));
#4205=DIRECTION('center_axis',(0.,0.866025403784439,0.499999999999999));
#4206=DIRECTION('ref_axis',(0.,-0.499999999999999,0.866025403784439));
#4207=DIRECTION('',(0.,0.499999999999999,-0.866025403784439));
#4208=DIRECTION('',(0.,-0.499999999999999,0.866025403784439));
#4209=DIRECTION('',(1.,0.,0.));
#4210=DIRECTION('center_axis',(0.,0.866025403784439,-0.5));
#4211=DIRECTION('ref_axis',(0.,0.5,0.866025403784439));
#4212=DIRECTION('',(0.,-0.5,-0.866025403784439));
#4213=DIRECTION('',(0.,0.5,0.866025403784439));
#4214=DIRECTION('',(1.,0.,0.));
#4215=DIRECTION('center_axis',(0.,-1.20185167898973E-16,-1.));
#4216=DIRECTION('ref_axis',(-1.,0.,0.));
#4217=DIRECTION('',(0.,-1.,1.20185167898973E-16));
#4218=DIRECTION('',(0.,1.,-1.20185167898973E-16));
#4219=DIRECTION('center_axis',(1.,0.,0.));
#4220=DIRECTION('ref_axis',(0.,0.,-1.));
#4221=DIRECTION('center_axis',(-1.,0.,0.));
#4222=DIRECTION('ref_axis',(0.,0.,1.));
#4223=DIRECTION('center_axis',(1.,0.,0.));
#4224=DIRECTION('ref_axis',(0.,-1.,0.));
#4225=DIRECTION('center_axis',(1.,0.,0.));
#4226=DIRECTION('ref_axis',(0.,-1.,0.));
#4227=DIRECTION('',(-1.,0.,0.));
#4228=DIRECTION('',(3.49231879020879E-16,-3.08087687443698E-15,1.));
#4229=DIRECTION('',(1.,6.31496588202841E-14,-3.49231879020684E-16));
#4230=DIRECTION('',(1.,1.08218531823547E-13,-2.36379308089204E-16));
#4231=DIRECTION('',(1.08218531823547E-13,-1.,-2.84082865289649E-15));
#4232=DIRECTION('',(9.29774633995891E-16,3.19761763220448E-15,-1.));
#4233=DIRECTION('',(1.01071796363175E-13,-1.,-3.19761763220439E-15));
#4234=DIRECTION('',(1.08964896599086E-13,-1.,-2.39621656655017E-15));
#4235=DIRECTION('',(-1.,-1.08964896599086E-13,8.09037521660641E-16));
#4236=DIRECTION('',(3.42729347584787E-16,-1.,-3.3447208154731E-15));
#4237=DIRECTION('',(1.,3.42729347584786E-16,3.42729347584787E-16));
#4238=DIRECTION('',(1.08964896599087E-13,-1.,-1.11966888066975E-13));
#4239=DIRECTION('',(8.09037521672842E-16,-1.11966888066975E-13,1.));
#4240=DIRECTION('',(3.42729347584784E-16,-1.,-3.3447208154731E-15));
#4241=DIRECTION('',(1.,3.42729347584783E-16,3.42729347584787E-16));
#4242=DIRECTION('',(8.09037521660642E-16,8.83524213847533E-29,1.));
#4243=DIRECTION('',(1.,0.,-8.09037521660642E-16));
#4244=DIRECTION('',(1.,3.34472081547319E-15,3.42729347584797E-16));
#4245=DIRECTION('',(3.42729347584786E-16,3.3447208154731E-15,-1.));
#4246=DIRECTION('',(1.,3.34472081547319E-15,3.42729347584797E-16));
#4247=DIRECTION('',(3.42729347584786E-16,3.3447208154731E-15,-1.));
#4248=CARTESIAN_POINT('',(0.,0.,0.));
#4249=CARTESIAN_POINT('',(0.,0.,0.));
#4250=CARTESIAN_POINT('Origin',(8.99999999999991,157.,9.));
#4251=CARTESIAN_POINT('',(8.99999999999996,157.,5.5));
#4252=CARTESIAN_POINT('Origin',(8.99999999999996,157.,9.));
#4253=CARTESIAN_POINT('',(21.,157.,5.5));
#4254=CARTESIAN_POINT('',(8.99999999999991,157.,5.5));
#4255=CARTESIAN_POINT('',(21.,157.,12.5));
#4256=CARTESIAN_POINT('Ctrl Pts',(21.,157.,12.5));
#4257=CARTESIAN_POINT('Ctrl Pts',(21.,157.45707798332,12.5));
#4258=CARTESIAN_POINT('Ctrl Pts',(21.0677499612788,157.933806360355,12.4051790297385));
#4259=CARTESIAN_POINT('Ctrl Pts',(21.3110290453874,158.792382664168,12.0421377301674));
#4260=CARTESIAN_POINT('Ctrl Pts',(21.4846840756547,159.175078159413,11.7746693088923));
#4261=CARTESIAN_POINT('Ctrl Pts',(21.8287150784375,159.779010122101,11.1707373462045));
#4262=CARTESIAN_POINT('Ctrl Pts',(22.0261620390455,160.043705815988,10.788833995622));
#4263=CARTESIAN_POINT('Ctrl Pts',(22.3300548424851,160.403974358924,9.93649540870834));
#4264=CARTESIAN_POINT('Ctrl Pts',(22.4292857857284,160.5,9.46369612686475));
#4265=CARTESIAN_POINT('Ctrl Pts',(22.4292857857284,160.5,8.53630387313525));
#4266=CARTESIAN_POINT('Ctrl Pts',(22.3300548424851,160.403974358924,8.06350459129166));
#4267=CARTESIAN_POINT('Ctrl Pts',(22.0261620390455,160.043705815988,7.21116600437804));
#4268=CARTESIAN_POINT('Ctrl Pts',(21.8287150784375,159.779010122101,6.82926265379546));
#4269=CARTESIAN_POINT('Ctrl Pts',(21.4846840756547,159.175078159413,6.2253306911077));
#4270=CARTESIAN_POINT('Ctrl Pts',(21.3110290453875,158.792382664168,5.95786226983257));
#4271=CARTESIAN_POINT('Ctrl Pts',(21.0677499612788,157.933806360355,5.59482097026147));
#4272=CARTESIAN_POINT('Ctrl Pts',(21.,157.45707798332,5.50000000000001));
#4273=CARTESIAN_POINT('Ctrl Pts',(21.,157.,5.5));
#4274=CARTESIAN_POINT('',(22.4292857857288,153.5,9.));
#4275=CARTESIAN_POINT('Ctrl Pts',(22.4292857857288,153.5,9.));
#4276=CARTESIAN_POINT('Ctrl Pts',(22.4292857857288,153.5,9.46369612686476));
#4277=CARTESIAN_POINT('Ctrl Pts',(22.3300548424855,153.596025641076,9.93649540870835));
#4278=CARTESIAN_POINT('Ctrl Pts',(22.0261620390459,153.956294184012,10.788833995622));
#4279=CARTESIAN_POINT('Ctrl Pts',(21.8287150784378,154.220989877898,11.1707373462045));
#4280=CARTESIAN_POINT('Ctrl Pts',(21.484684075655,154.824921840586,11.7746693088923));
#4281=CARTESIAN_POINT('Ctrl Pts',(21.3110290453876,155.207617335831,12.0421377301674));
#4282=CARTESIAN_POINT('Ctrl Pts',(21.0677499612789,156.066193639644,12.4051790297385));
#4283=CARTESIAN_POINT('Ctrl Pts',(21.,156.542922016679,12.5));
#4284=CARTESIAN_POINT('Ctrl Pts',(21.,157.,12.5));
#4285=CARTESIAN_POINT('Ctrl Pts',(21.,157.,5.50000000000001));
#4286=CARTESIAN_POINT('Ctrl Pts',(21.,156.542922016679,5.5));
#4287=CARTESIAN_POINT('Ctrl Pts',(21.0677499612789,156.066193639644,5.59482097026146));
#4288=CARTESIAN_POINT('Ctrl Pts',(21.3110290453876,155.207617335831,5.95786226983255));
#4289=CARTESIAN_POINT('Ctrl Pts',(21.484684075655,154.824921840586,6.22533069110772));
#4290=CARTESIAN_POINT('Ctrl Pts',(21.8287150784378,154.220989877898,6.82926265379547));
#4291=CARTESIAN_POINT('Ctrl Pts',(22.0261620390459,153.956294184012,7.21116600437803));
#4292=CARTESIAN_POINT('Ctrl Pts',(22.3300548424855,153.596025641076,8.06350459129165));
#4293=CARTESIAN_POINT('Ctrl Pts',(22.4292857857288,153.5,8.53630387313524));
#4294=CARTESIAN_POINT('Ctrl Pts',(22.4292857857288,153.5,9.));
#4295=CARTESIAN_POINT('Origin',(471.,305.,9.));
#4296=CARTESIAN_POINT('',(467.5,305.,9.));
#4297=CARTESIAN_POINT('Origin',(471.,305.,9.));
#4298=CARTESIAN_POINT('',(467.5,291.570714214272,9.));
#4299=CARTESIAN_POINT('',(467.5,305.,9.));
#4300=CARTESIAN_POINT('Ctrl Pts',(467.5,291.570714214272,9.));
#4301=CARTESIAN_POINT('Ctrl Pts',(467.5,291.570714214272,9.46369612686475));
#4302=CARTESIAN_POINT('Ctrl Pts',(467.596025641076,291.669945157515,9.93649540870829));
#4303=CARTESIAN_POINT('Ctrl Pts',(467.956294184012,291.973837960955,10.7888339956219));
#4304=CARTESIAN_POINT('Ctrl Pts',(468.220989877899,292.171284921563,11.1707373462045));
#4305=CARTESIAN_POINT('Ctrl Pts',(468.824921840587,292.515315924346,11.7746693088923));
#4306=CARTESIAN_POINT('Ctrl Pts',(469.207617335832,292.688970954613,12.0421377301675));
#4307=CARTESIAN_POINT('Ctrl Pts',(470.066193639644,292.932250038722,12.4051790297385));
#4308=CARTESIAN_POINT('Ctrl Pts',(470.54292201668,293.,12.5));
#4309=CARTESIAN_POINT('Ctrl Pts',(471.457077983321,293.,12.5));
#4310=CARTESIAN_POINT('Ctrl Pts',(471.933806360356,292.932250038722,12.4051790297385));
#4311=CARTESIAN_POINT('Ctrl Pts',(472.792382664169,292.688970954613,12.0421377301675));
#4312=CARTESIAN_POINT('Ctrl Pts',(473.175078159414,292.515315924345,11.7746693088923));
#4313=CARTESIAN_POINT('Ctrl Pts',(473.779010122101,292.171284921563,11.1707373462045));
#4314=CARTESIAN_POINT('Ctrl Pts',(474.043705815988,291.973837960954,10.788833995622));
#4315=CARTESIAN_POINT('Ctrl Pts',(474.403974358924,291.669945157515,9.93649540870834));
#4316=CARTESIAN_POINT('Ctrl Pts',(474.5,291.570714214271,9.46369612686477));
#4317=CARTESIAN_POINT('Ctrl Pts',(474.5,291.570714214271,8.53630387313523));
#4318=CARTESIAN_POINT('Ctrl Pts',(474.403974358924,291.669945157515,8.06350459129171));
#4319=CARTESIAN_POINT('Ctrl Pts',(474.043705815988,291.973837960955,7.21116600437807));
#4320=CARTESIAN_POINT('Ctrl Pts',(473.779010122101,292.171284921563,6.82926265379547));
#4321=CARTESIAN_POINT('Ctrl Pts',(473.175078159414,292.515315924345,6.22533069110773));
#4322=CARTESIAN_POINT('Ctrl Pts',(472.792382664169,292.688970954613,5.95786226983255));
#4323=CARTESIAN_POINT('Ctrl Pts',(471.933806360356,292.932250038722,5.59482097026145));
#4324=CARTESIAN_POINT('Ctrl Pts',(471.457077983321,293.,5.5));
#4325=CARTESIAN_POINT('Ctrl Pts',(470.54292201668,293.,5.5));
#4326=CARTESIAN_POINT('Ctrl Pts',(470.066193639644,292.932250038722,5.59482097026146));
#4327=CARTESIAN_POINT('Ctrl Pts',(469.207617335832,292.688970954613,5.95786226983254));
#4328=CARTESIAN_POINT('Ctrl Pts',(468.824921840587,292.515315924346,6.22533069110771));
#4329=CARTESIAN_POINT('Ctrl Pts',(468.220989877899,292.171284921563,6.82926265379546));
#4330=CARTESIAN_POINT('Ctrl Pts',(467.956294184012,291.973837960955,7.21116600437807));
#4331=CARTESIAN_POINT('Ctrl Pts',(467.596025641076,291.669945157515,8.06350459129171));
#4332=CARTESIAN_POINT('Ctrl Pts',(467.5,291.570714214272,8.53630387313525));
#4333=CARTESIAN_POINT('Ctrl Pts',(467.5,291.570714214272,9.));
#4334=CARTESIAN_POINT('Origin',(785.,305.,9.));
#4335=CARTESIAN_POINT('',(781.5,305.,9.));
#4336=CARTESIAN_POINT('Origin',(785.,305.,9.));
#4337=CARTESIAN_POINT('',(781.5,291.570714214272,9.));
#4338=CARTESIAN_POINT('',(781.5,305.,9.));
#4339=CARTESIAN_POINT('Ctrl Pts',(781.5,291.570714214272,9.));
#4340=CARTESIAN_POINT('Ctrl Pts',(781.5,291.570714214272,9.46369612686474));
#4341=CARTESIAN_POINT('Ctrl Pts',(781.596025641076,291.669945157515,9.93649540870838));
#4342=CARTESIAN_POINT('Ctrl Pts',(781.956294184012,291.973837960955,10.788833995622));
#4343=CARTESIAN_POINT('Ctrl Pts',(782.220989877899,292.171284921563,11.1707373462046));
#4344=CARTESIAN_POINT('Ctrl Pts',(782.824921840586,292.515315924346,11.7746693088923));
#4345=CARTESIAN_POINT('Ctrl Pts',(783.207617335831,292.688970954613,12.0421377301674));
#4346=CARTESIAN_POINT('Ctrl Pts',(784.066193639644,292.932250038722,12.4051790297386));
#4347=CARTESIAN_POINT('Ctrl Pts',(784.54292201668,293.,12.5));
#4348=CARTESIAN_POINT('Ctrl Pts',(785.45707798332,293.,12.5));
#4349=CARTESIAN_POINT('Ctrl Pts',(785.933806360356,292.932250038722,12.4051790297386));
#4350=CARTESIAN_POINT('Ctrl Pts',(786.792382664169,292.688970954613,12.0421377301674));
#4351=CARTESIAN_POINT('Ctrl Pts',(787.175078159414,292.515315924345,11.7746693088923));
#4352=CARTESIAN_POINT('Ctrl Pts',(787.779010122101,292.171284921563,11.1707373462045));
#4353=CARTESIAN_POINT('Ctrl Pts',(788.043705815988,291.973837960955,10.788833995622));
#4354=CARTESIAN_POINT('Ctrl Pts',(788.403974358924,291.669945157515,9.93649540870838));
#4355=CARTESIAN_POINT('Ctrl Pts',(788.5,291.570714214272,9.46369612686475));
#4356=CARTESIAN_POINT('Ctrl Pts',(788.5,291.570714214272,8.53630387313525));
#4357=CARTESIAN_POINT('Ctrl Pts',(788.403974358924,291.669945157515,8.06350459129162));
#4358=CARTESIAN_POINT('Ctrl Pts',(788.043705815988,291.973837960955,7.21116600437799));
#4359=CARTESIAN_POINT('Ctrl Pts',(787.779010122101,292.171284921563,6.82926265379545));
#4360=CARTESIAN_POINT('Ctrl Pts',(787.175078159414,292.515315924346,6.2253306911077));
#4361=CARTESIAN_POINT('Ctrl Pts',(786.792382664169,292.688970954613,5.95786226983267));
#4362=CARTESIAN_POINT('Ctrl Pts',(785.933806360356,292.932250038721,5.59482097026147));
#4363=CARTESIAN_POINT('Ctrl Pts',(785.457077983321,293.,5.5));
#4364=CARTESIAN_POINT('Ctrl Pts',(784.54292201668,293.,5.5));
#4365=CARTESIAN_POINT('Ctrl Pts',(784.066193639644,292.932250038722,5.59482097026141));
#4366=CARTESIAN_POINT('Ctrl Pts',(783.207617335831,292.688970954613,5.95786226983247));
#4367=CARTESIAN_POINT('Ctrl Pts',(782.824921840586,292.515315924346,6.22533069110769));
#4368=CARTESIAN_POINT('Ctrl Pts',(782.220989877899,292.171284921563,6.82926265379545));
#4369=CARTESIAN_POINT('Ctrl Pts',(781.956294184012,291.973837960955,7.21116600437798));
#4370=CARTESIAN_POINT('Ctrl Pts',(781.596025641076,291.669945157515,8.06350459129161));
#4371=CARTESIAN_POINT('Ctrl Pts',(781.5,291.570714214272,8.53630387313526));
#4372=CARTESIAN_POINT('Ctrl Pts',(781.5,291.570714214272,9.));
#4373=CARTESIAN_POINT('Origin',(1099.,305.,9.));
#4374=CARTESIAN_POINT('',(1095.5,305.,9.));
#4375=CARTESIAN_POINT('Origin',(1099.,305.,9.));
#4376=CARTESIAN_POINT('',(1095.5,291.570714214272,8.99999999999999));
#4377=CARTESIAN_POINT('',(1095.5,305.,9.));
#4378=CARTESIAN_POINT('Ctrl Pts',(1095.5,291.570714214272,8.99999999999999));
#4379=CARTESIAN_POINT('Ctrl Pts',(1095.5,291.570714214272,9.46369612686473));
#4380=CARTESIAN_POINT('Ctrl Pts',(1095.59602564108,291.669945157515,9.93649540870838));
#4381=CARTESIAN_POINT('Ctrl Pts',(1095.95629418401,291.973837960955,10.788833995622));
#4382=CARTESIAN_POINT('Ctrl Pts',(1096.2209898779,292.171284921563,11.1707373462046));
#4383=CARTESIAN_POINT('Ctrl Pts',(1096.82492184059,292.515315924346,11.7746693088923));
#4384=CARTESIAN_POINT('Ctrl Pts',(1097.20761733583,292.688970954613,12.0421377301674));
#4385=CARTESIAN_POINT('Ctrl Pts',(1098.06619363964,292.932250038722,12.4051790297386));
#4386=CARTESIAN_POINT('Ctrl Pts',(1098.54292201668,293.,12.5));
#4387=CARTESIAN_POINT('Ctrl Pts',(1099.45707798332,293.,12.5));
#4388=CARTESIAN_POINT('Ctrl Pts',(1099.93380636036,292.932250038722,12.4051790297386));
#4389=CARTESIAN_POINT('Ctrl Pts',(1100.79238266417,292.688970954613,12.0421377301674));
#4390=CARTESIAN_POINT('Ctrl Pts',(1101.17507815941,292.515315924345,11.7746693088923));
#4391=CARTESIAN_POINT('Ctrl Pts',(1101.7790101221,292.171284921563,11.1707373462045));
#4392=CARTESIAN_POINT('Ctrl Pts',(1102.04370581599,291.973837960955,10.788833995622));
#4393=CARTESIAN_POINT('Ctrl Pts',(1102.40397435892,291.669945157515,9.93649540870838));
#4394=CARTESIAN_POINT('Ctrl Pts',(1102.5,291.570714214272,9.46369612686475));
#4395=CARTESIAN_POINT('Ctrl Pts',(1102.5,291.570714214272,8.53630387313525));
#4396=CARTESIAN_POINT('Ctrl Pts',(1102.40397435892,291.669945157515,8.06350459129162));
#4397=CARTESIAN_POINT('Ctrl Pts',(1102.04370581599,291.973837960955,7.21116600437799));
#4398=CARTESIAN_POINT('Ctrl Pts',(1101.7790101221,292.171284921563,6.82926265379545));
#4399=CARTESIAN_POINT('Ctrl Pts',(1101.17507815941,292.515315924346,6.2253306911077));
#4400=CARTESIAN_POINT('Ctrl Pts',(1100.79238266417,292.688970954613,5.95786226983267));
#4401=CARTESIAN_POINT('Ctrl Pts',(1099.93380636036,292.932250038721,5.59482097026147));
#4402=CARTESIAN_POINT('Ctrl Pts',(1099.45707798332,293.,5.5));
#4403=CARTESIAN_POINT('Ctrl Pts',(1098.54292201668,293.,5.5));
#4404=CARTESIAN_POINT('Ctrl Pts',(1098.06619363964,292.932250038722,5.59482097026141));
#4405=CARTESIAN_POINT('Ctrl Pts',(1097.20761733583,292.688970954613,5.95786226983247));
#4406=CARTESIAN_POINT('Ctrl Pts',(1096.82492184059,292.515315924346,6.22533069110769));
#4407=CARTESIAN_POINT('Ctrl Pts',(1096.2209898779,292.171284921563,6.82926265379545));
#4408=CARTESIAN_POINT('Ctrl Pts',(1095.95629418401,291.973837960955,7.21116600437798));
#4409=CARTESIAN_POINT('Ctrl Pts',(1095.59602564108,291.669945157515,8.06350459129161));
#4410=CARTESIAN_POINT('Ctrl Pts',(1095.5,291.570714214272,8.53630387313526));
#4411=CARTESIAN_POINT('Ctrl Pts',(1095.5,291.570714214272,9.));
#4412=CARTESIAN_POINT('Origin',(942.,305.,9.));
#4413=CARTESIAN_POINT('',(938.5,305.,9.));
#4414=CARTESIAN_POINT('Origin',(942.,305.,9.));
#4415=CARTESIAN_POINT('',(938.5,291.570714214272,9.));
#4416=CARTESIAN_POINT('',(938.5,305.,9.));
#4417=CARTESIAN_POINT('Ctrl Pts',(938.5,291.570714214272,9.));
#4418=CARTESIAN_POINT('Ctrl Pts',(938.5,291.570714214272,9.46369612686474));
#4419=CARTESIAN_POINT('Ctrl Pts',(938.596025641076,291.669945157515,9.93649540870838));
#4420=CARTESIAN_POINT('Ctrl Pts',(938.956294184012,291.973837960955,10.788833995622));
#4421=CARTESIAN_POINT('Ctrl Pts',(939.220989877899,292.171284921563,11.1707373462046));
#4422=CARTESIAN_POINT('Ctrl Pts',(939.824921840587,292.515315924346,11.7746693088923));
#4423=CARTESIAN_POINT('Ctrl Pts',(940.207617335831,292.688970954613,12.0421377301674));
#4424=CARTESIAN_POINT('Ctrl Pts',(941.066193639644,292.932250038722,12.4051790297386));
#4425=CARTESIAN_POINT('Ctrl Pts',(941.54292201668,293.,12.5));
#4426=CARTESIAN_POINT('Ctrl Pts',(942.457077983321,293.,12.5));
#4427=CARTESIAN_POINT('Ctrl Pts',(942.933806360356,292.932250038722,12.4051790297386));
#4428=CARTESIAN_POINT('Ctrl Pts',(943.792382664169,292.688970954613,12.0421377301674));
#4429=CARTESIAN_POINT('Ctrl Pts',(944.175078159414,292.515315924345,11.7746693088923));
#4430=CARTESIAN_POINT('Ctrl Pts',(944.779010122102,292.171284921563,11.1707373462045));
#4431=CARTESIAN_POINT('Ctrl Pts',(945.043705815988,291.973837960954,10.788833995622));
#4432=CARTESIAN_POINT('Ctrl Pts',(945.403974358924,291.669945157515,9.93649540870832));
#4433=CARTESIAN_POINT('Ctrl Pts',(945.5,291.570714214272,9.46369612686475));
#4434=CARTESIAN_POINT('Ctrl Pts',(945.5,291.570714214272,8.53630387313525));
#4435=CARTESIAN_POINT('Ctrl Pts',(945.403974358924,291.669945157515,8.06350459129168));
#4436=CARTESIAN_POINT('Ctrl Pts',(945.043705815988,291.973837960954,7.21116600437805));
#4437=CARTESIAN_POINT('Ctrl Pts',(944.779010122102,292.171284921563,6.82926265379546));
#4438=CARTESIAN_POINT('Ctrl Pts',(944.175078159414,292.515315924345,6.2253306911077));
#4439=CARTESIAN_POINT('Ctrl Pts',(943.792382664169,292.688970954613,5.95786226983268));
#4440=CARTESIAN_POINT('Ctrl Pts',(942.933806360356,292.932250038721,5.59482097026147));
#4441=CARTESIAN_POINT('Ctrl Pts',(942.457077983321,293.,5.5));
#4442=CARTESIAN_POINT('Ctrl Pts',(941.54292201668,293.,5.5));
#4443=CARTESIAN_POINT('Ctrl Pts',(941.066193639645,292.932250038722,5.59482097026144));
#4444=CARTESIAN_POINT('Ctrl Pts',(940.207617335832,292.688970954613,5.95786226983253));
#4445=CARTESIAN_POINT('Ctrl Pts',(939.824921840587,292.515315924346,6.22533069110769));
#4446=CARTESIAN_POINT('Ctrl Pts',(939.220989877899,292.171284921563,6.82926265379545));
#4447=CARTESIAN_POINT('Ctrl Pts',(938.956294184012,291.973837960955,7.21116600437799));
#4448=CARTESIAN_POINT('Ctrl Pts',(938.596025641076,291.669945157515,8.06350459129162));
#4449=CARTESIAN_POINT('Ctrl Pts',(938.5,291.570714214272,8.53630387313526));
#4450=CARTESIAN_POINT('Ctrl Pts',(938.5,291.570714214272,9.));
#4451=CARTESIAN_POINT('Origin',(628.,305.,9.));
#4452=CARTESIAN_POINT('',(624.5,305.,9.));
#4453=CARTESIAN_POINT('Origin',(628.,305.,9.));
#4454=CARTESIAN_POINT('',(624.5,291.570714214272,9.));
#4455=CARTESIAN_POINT('',(624.5,305.,9.));
#4456=CARTESIAN_POINT('Ctrl Pts',(624.5,291.570714214272,9.));
#4457=CARTESIAN_POINT('Ctrl Pts',(624.5,291.570714214272,9.46369612686476));
#4458=CARTESIAN_POINT('Ctrl Pts',(624.596025641076,291.669945157515,9.93649540870829));
#4459=CARTESIAN_POINT('Ctrl Pts',(624.956294184012,291.973837960955,10.7888339956219));
#4460=CARTESIAN_POINT('Ctrl Pts',(625.220989877899,292.171284921563,11.1707373462045));
#4461=CARTESIAN_POINT('Ctrl Pts',(625.824921840587,292.515315924346,11.7746693088923));
#4462=CARTESIAN_POINT('Ctrl Pts',(626.207617335831,292.688970954613,12.0421377301675));
#4463=CARTESIAN_POINT('Ctrl Pts',(627.066193639644,292.932250038722,12.4051790297385));
#4464=CARTESIAN_POINT('Ctrl Pts',(627.54292201668,293.,12.5));
#4465=CARTESIAN_POINT('Ctrl Pts',(628.457077983321,293.,12.5));
#4466=CARTESIAN_POINT('Ctrl Pts',(628.933806360356,292.932250038722,12.4051790297385));
#4467=CARTESIAN_POINT('Ctrl Pts',(629.792382664169,292.688970954613,12.0421377301675));
#4468=CARTESIAN_POINT('Ctrl Pts',(630.175078159414,292.515315924345,11.7746693088923));
#4469=CARTESIAN_POINT('Ctrl Pts',(630.779010122101,292.171284921563,11.1707373462045));
#4470=CARTESIAN_POINT('Ctrl Pts',(631.043705815988,291.973837960955,10.7888339956219));
#4471=CARTESIAN_POINT('Ctrl Pts',(631.403974358924,291.669945157515,9.93649540870831));
#4472=CARTESIAN_POINT('Ctrl Pts',(631.5,291.570714214272,9.46369612686477));
#4473=CARTESIAN_POINT('Ctrl Pts',(631.5,291.570714214272,8.53630387313523));
#4474=CARTESIAN_POINT('Ctrl Pts',(631.403974358924,291.669945157515,8.0635045912917));
#4475=CARTESIAN_POINT('Ctrl Pts',(631.043705815988,291.973837960955,7.21116600437808));
#4476=CARTESIAN_POINT('Ctrl Pts',(630.779010122101,292.171284921563,6.82926265379547));
#4477=CARTESIAN_POINT('Ctrl Pts',(630.175078159414,292.515315924345,6.22533069110772));
#4478=CARTESIAN_POINT('Ctrl Pts',(629.792382664169,292.688970954613,5.95786226983255));
#4479=CARTESIAN_POINT('Ctrl Pts',(628.933806360356,292.932250038722,5.59482097026146));
#4480=CARTESIAN_POINT('Ctrl Pts',(628.457077983321,293.,5.5));
#4481=CARTESIAN_POINT('Ctrl Pts',(627.54292201668,293.,5.5));
#4482=CARTESIAN_POINT('Ctrl Pts',(627.066193639644,292.932250038722,5.59482097026146));
#4483=CARTESIAN_POINT('Ctrl Pts',(626.207617335831,292.688970954613,5.95786226983254));
#4484=CARTESIAN_POINT('Ctrl Pts',(625.824921840587,292.515315924346,6.22533069110771));
#4485=CARTESIAN_POINT('Ctrl Pts',(625.220989877899,292.171284921563,6.82926265379547));
#4486=CARTESIAN_POINT('Ctrl Pts',(624.956294184012,291.973837960955,7.21116600437807));
#4487=CARTESIAN_POINT('Ctrl Pts',(624.596025641076,291.669945157515,8.06350459129171));
#4488=CARTESIAN_POINT('Ctrl Pts',(624.5,291.570714214272,8.53630387313525));
#4489=CARTESIAN_POINT('Ctrl Pts',(624.5,291.570714214272,9.));
#4490=CARTESIAN_POINT('Origin',(314.,305.,9.));
#4491=CARTESIAN_POINT('',(310.5,305.,9.));
#4492=CARTESIAN_POINT('Origin',(314.,305.,9.));
#4493=CARTESIAN_POINT('',(310.5,291.570714214272,9.));
#4494=CARTESIAN_POINT('',(310.5,305.,9.));
#4495=CARTESIAN_POINT('Ctrl Pts',(310.5,291.570714214272,9.));
#4496=CARTESIAN_POINT('Ctrl Pts',(310.5,291.570714214272,9.46369612686476));
#4497=CARTESIAN_POINT('Ctrl Pts',(310.596025641076,291.669945157515,9.93649540870832));
#4498=CARTESIAN_POINT('Ctrl Pts',(310.956294184012,291.973837960955,10.788833995622));
#4499=CARTESIAN_POINT('Ctrl Pts',(311.220989877899,292.171284921563,11.1707373462045));
#4500=CARTESIAN_POINT('Ctrl Pts',(311.824921840586,292.515315924346,11.7746693088923));
#4501=CARTESIAN_POINT('Ctrl Pts',(312.207617335832,292.688970954613,12.0421377301675));
#4502=CARTESIAN_POINT('Ctrl Pts',(313.066193639644,292.932250038722,12.4051790297386));
#4503=CARTESIAN_POINT('Ctrl Pts',(313.542922016679,293.,12.5));
#4504=CARTESIAN_POINT('Ctrl Pts',(314.457077983321,293.,12.5));
#4505=CARTESIAN_POINT('Ctrl Pts',(314.933806360356,292.932250038722,12.4051790297385));
#4506=CARTESIAN_POINT('Ctrl Pts',(315.792382664169,292.688970954613,12.0421377301674));
#4507=CARTESIAN_POINT('Ctrl Pts',(316.175078159414,292.515315924345,11.7746693088923));
#4508=CARTESIAN_POINT('Ctrl Pts',(316.779010122101,292.171284921563,11.1707373462045));
#4509=CARTESIAN_POINT('Ctrl Pts',(317.043705815988,291.973837960955,10.788833995622));
#4510=CARTESIAN_POINT('Ctrl Pts',(317.403974358924,291.669945157515,9.93649540870834));
#4511=CARTESIAN_POINT('Ctrl Pts',(317.5,291.570714214272,9.46369612686476));
#4512=CARTESIAN_POINT('Ctrl Pts',(317.5,291.570714214272,8.53630387313524));
#4513=CARTESIAN_POINT('Ctrl Pts',(317.403974358924,291.669945157515,8.06350459129165));
#4514=CARTESIAN_POINT('Ctrl Pts',(317.043705815988,291.973837960955,7.21116600437803));
#4515=CARTESIAN_POINT('Ctrl Pts',(316.779010122101,292.171284921563,6.82926265379547));
#4516=CARTESIAN_POINT('Ctrl Pts',(316.175078159414,292.515315924345,6.22533069110772));
#4517=CARTESIAN_POINT('Ctrl Pts',(315.792382664169,292.688970954613,5.95786226983257));
#4518=CARTESIAN_POINT('Ctrl Pts',(314.933806360356,292.932250038722,5.59482097026146));
#4519=CARTESIAN_POINT('Ctrl Pts',(314.457077983321,293.,5.5));
#4520=CARTESIAN_POINT('Ctrl Pts',(313.542922016679,293.,5.5));
#4521=CARTESIAN_POINT('Ctrl Pts',(313.066193639644,292.932250038722,5.59482097026144));
#4522=CARTESIAN_POINT('Ctrl Pts',(312.207617335832,292.688970954613,5.95786226983253));
#4523=CARTESIAN_POINT('Ctrl Pts',(311.824921840586,292.515315924346,6.2253306911077));
#4524=CARTESIAN_POINT('Ctrl Pts',(311.220989877899,292.171284921563,6.82926265379546));
#4525=CARTESIAN_POINT('Ctrl Pts',(310.956294184012,291.973837960955,7.21116600437804));
#4526=CARTESIAN_POINT('Ctrl Pts',(310.596025641076,291.669945157515,8.06350459129168));
#4527=CARTESIAN_POINT('Ctrl Pts',(310.5,291.570714214272,8.53630387313525));
#4528=CARTESIAN_POINT('Ctrl Pts',(310.5,291.570714214272,9.));
#4529=CARTESIAN_POINT('Origin',(157.,305.,9.));
#4530=CARTESIAN_POINT('',(153.5,305.,9.));
#4531=CARTESIAN_POINT('Origin',(157.,305.,9.));
#4532=CARTESIAN_POINT('',(153.5,291.570714214272,9.));
#4533=CARTESIAN_POINT('',(153.5,305.,9.));
#4534=CARTESIAN_POINT('Ctrl Pts',(153.5,291.570714214272,9.));
#4535=CARTESIAN_POINT('Ctrl Pts',(153.5,291.570714214272,9.46369612686475));
#4536=CARTESIAN_POINT('Ctrl Pts',(153.596025641076,291.669945157515,9.93649540870834));
#4537=CARTESIAN_POINT('Ctrl Pts',(153.956294184012,291.973837960955,10.788833995622));
#4538=CARTESIAN_POINT('Ctrl Pts',(154.220989877899,292.171284921563,11.1707373462045));
#4539=CARTESIAN_POINT('Ctrl Pts',(154.824921840587,292.515315924346,11.7746693088923));
#4540=CARTESIAN_POINT('Ctrl Pts',(155.207617335832,292.688970954613,12.0421377301675));
#4541=CARTESIAN_POINT('Ctrl Pts',(156.066193639644,292.932250038722,12.4051790297385));
#4542=CARTESIAN_POINT('Ctrl Pts',(156.54292201668,293.,12.5));
#4543=CARTESIAN_POINT('Ctrl Pts',(157.457077983321,293.,12.5));
#4544=CARTESIAN_POINT('Ctrl Pts',(157.933806360356,292.932250038721,12.4051790297385));
#4545=CARTESIAN_POINT('Ctrl Pts',(158.792382664169,292.688970954613,12.0421377301674));
#4546=CARTESIAN_POINT('Ctrl Pts',(159.175078159414,292.515315924345,11.7746693088923));
#4547=CARTESIAN_POINT('Ctrl Pts',(159.779010122101,292.171284921563,11.1707373462045));
#4548=CARTESIAN_POINT('Ctrl Pts',(160.043705815988,291.973837960954,10.788833995622));
#4549=CARTESIAN_POINT('Ctrl Pts',(160.403974358924,291.669945157515,9.93649540870834));
#4550=CARTESIAN_POINT('Ctrl Pts',(160.5,291.570714214271,9.46369612686476));
#4551=CARTESIAN_POINT('Ctrl Pts',(160.5,291.570714214271,8.53630387313524));
#4552=CARTESIAN_POINT('Ctrl Pts',(160.403974358924,291.669945157515,8.06350459129166));
#4553=CARTESIAN_POINT('Ctrl Pts',(160.043705815988,291.973837960954,7.21116600437805));
#4554=CARTESIAN_POINT('Ctrl Pts',(159.779010122101,292.171284921563,6.82926265379548));
#4555=CARTESIAN_POINT('Ctrl Pts',(159.175078159414,292.515315924345,6.22533069110773));
#4556=CARTESIAN_POINT('Ctrl Pts',(158.792382664169,292.688970954613,5.95786226983257));
#4557=CARTESIAN_POINT('Ctrl Pts',(157.933806360356,292.932250038721,5.59482097026146));
#4558=CARTESIAN_POINT('Ctrl Pts',(157.457077983321,293.,5.5));
#4559=CARTESIAN_POINT('Ctrl Pts',(156.54292201668,293.,5.5));
#4560=CARTESIAN_POINT('Ctrl Pts',(156.066193639644,292.932250038722,5.59482097026145));
#4561=CARTESIAN_POINT('Ctrl Pts',(155.207617335832,292.688970954613,5.95786226983254));
#4562=CARTESIAN_POINT('Ctrl Pts',(154.824921840587,292.515315924346,6.2253306911077));
#4563=CARTESIAN_POINT('Ctrl Pts',(154.220989877899,292.171284921563,6.82926265379545));
#4564=CARTESIAN_POINT('Ctrl Pts',(153.956294184012,291.973837960955,7.21116600437803));
#4565=CARTESIAN_POINT('Ctrl Pts',(153.596025641076,291.669945157515,8.06350459129167));
#4566=CARTESIAN_POINT('Ctrl Pts',(153.5,291.570714214272,8.53630387313525));
#4567=CARTESIAN_POINT('Ctrl Pts',(153.5,291.570714214272,9.));
#4568=CARTESIAN_POINT('Origin',(1247.,157.,9.));
#4569=CARTESIAN_POINT('',(1247.,157.,12.5));
#4570=CARTESIAN_POINT('Origin',(1247.,157.,9.));
#4571=CARTESIAN_POINT('',(1235.,157.,12.5));
#4572=CARTESIAN_POINT('',(1247.,157.,12.5));
#4573=CARTESIAN_POINT('',(1233.57071421427,160.5,8.99999999999999));
#4574=CARTESIAN_POINT('Ctrl Pts',(1233.57071421427,160.5,8.99999999999999));
#4575=CARTESIAN_POINT('Ctrl Pts',(1233.57071421427,160.5,9.46369612686475));
#4576=CARTESIAN_POINT('Ctrl Pts',(1233.66994515751,160.403974358924,9.93649540870834));
#4577=CARTESIAN_POINT('Ctrl Pts',(1233.97383796095,160.043705815988,10.7888339956219));
#4578=CARTESIAN_POINT('Ctrl Pts',(1234.17128492156,159.779010122101,11.1707373462045));
#4579=CARTESIAN_POINT('Ctrl Pts',(1234.51531592435,159.175078159414,11.7746693088923));
#4580=CARTESIAN_POINT('Ctrl Pts',(1234.68897095461,158.792382664169,12.0421377301674));
#4581=CARTESIAN_POINT('Ctrl Pts',(1234.93225003872,157.933806360356,12.4051790297385));
#4582=CARTESIAN_POINT('Ctrl Pts',(1235.,157.457077983321,12.5));
#4583=CARTESIAN_POINT('Ctrl Pts',(1235.,157.,12.5));
#4584=CARTESIAN_POINT('Ctrl Pts',(1235.,157.,12.5));
#4585=CARTESIAN_POINT('Ctrl Pts',(1235.,156.542922016679,12.5));
#4586=CARTESIAN_POINT('Ctrl Pts',(1234.93225003872,156.066193639644,12.4051790297385));
#4587=CARTESIAN_POINT('Ctrl Pts',(1234.68897095461,155.207617335832,12.0421377301675));
#4588=CARTESIAN_POINT('Ctrl Pts',(1234.51531592435,154.824921840586,11.7746693088923));
#4589=CARTESIAN_POINT('Ctrl Pts',(1234.17128492156,154.220989877899,11.1707373462045));
#4590=CARTESIAN_POINT('Ctrl Pts',(1233.97383796095,153.956294184012,10.7888339956219));
#4591=CARTESIAN_POINT('Ctrl Pts',(1233.66994515751,153.596025641076,9.93649540870834));
#4592=CARTESIAN_POINT('Ctrl Pts',(1233.57071421427,153.5,9.46369612686476));
#4593=CARTESIAN_POINT('Ctrl Pts',(1233.57071421427,153.5,8.53630387313524));
#4594=CARTESIAN_POINT('Ctrl Pts',(1233.66994515751,153.596025641076,8.06350459129161));
#4595=CARTESIAN_POINT('Ctrl Pts',(1233.97383796095,153.956294184012,7.211166004378));
#4596=CARTESIAN_POINT('Ctrl Pts',(1234.17128492156,154.220989877899,6.82926265379547));
#4597=CARTESIAN_POINT('Ctrl Pts',(1234.51531592435,154.824921840586,6.22533069110772));
#4598=CARTESIAN_POINT('Ctrl Pts',(1234.68897095461,155.207617335832,5.95786226983255));
#4599=CARTESIAN_POINT('Ctrl Pts',(1234.93225003872,156.066193639644,5.59482097026146));
#4600=CARTESIAN_POINT('Ctrl Pts',(1235.,156.542922016679,5.5));
#4601=CARTESIAN_POINT('Ctrl Pts',(1235.,157.457077983321,5.5));
#4602=CARTESIAN_POINT('Ctrl Pts',(1234.93225003872,157.933806360356,5.59482097026146));
#4603=CARTESIAN_POINT('Ctrl Pts',(1234.68897095461,158.792382664169,5.95786226983256));
#4604=CARTESIAN_POINT('Ctrl Pts',(1234.51531592435,159.175078159414,6.2253306911077));
#4605=CARTESIAN_POINT('Ctrl Pts',(1234.17128492156,159.779010122101,6.82926265379547));
#4606=CARTESIAN_POINT('Ctrl Pts',(1233.97383796095,160.043705815988,7.21116600437805));
#4607=CARTESIAN_POINT('Ctrl Pts',(1233.66994515751,160.403974358924,8.06350459129166));
#4608=CARTESIAN_POINT('Ctrl Pts',(1233.57071421427,160.5,8.53630387313524));
#4609=CARTESIAN_POINT('Ctrl Pts',(1233.57071421427,160.5,9.));
#4610=CARTESIAN_POINT('Origin',(157.,8.99999999999993,9.));
#4611=CARTESIAN_POINT('',(153.5,8.99999999999991,9.));
#4612=CARTESIAN_POINT('Origin',(157.,8.99999999999991,9.));
#4613=CARTESIAN_POINT('',(153.5,22.4292857857285,9.));
#4614=CARTESIAN_POINT('',(153.5,8.99999999999993,9.));
#4615=CARTESIAN_POINT('',(160.5,22.4292857857285,9.));
#4616=CARTESIAN_POINT('Ctrl Pts',(160.5,22.4292857857285,9.));
#4617=CARTESIAN_POINT('Ctrl Pts',(160.5,22.4292857857285,9.46369612686476));
#4618=CARTESIAN_POINT('Ctrl Pts',(160.403974358924,22.3300548424852,9.93649540870833));
#4619=CARTESIAN_POINT('Ctrl Pts',(160.043705815988,22.0261620390456,10.788833995622));
#4620=CARTESIAN_POINT('Ctrl Pts',(159.779010122101,21.8287150784376,11.1707373462045));
#4621=CARTESIAN_POINT('Ctrl Pts',(159.175078159413,21.4846840756548,11.7746693088923));
#4622=CARTESIAN_POINT('Ctrl Pts',(158.792382664168,21.3110290453875,12.0421377301674));
#4623=CARTESIAN_POINT('Ctrl Pts',(157.933806360356,21.0677499612788,12.4051790297385));
#4624=CARTESIAN_POINT('Ctrl Pts',(157.45707798332,20.9999999999999,12.5));
#4625=CARTESIAN_POINT('Ctrl Pts',(156.542922016679,20.9999999999999,12.5));
#4626=CARTESIAN_POINT('Ctrl Pts',(156.066193639644,21.0677499612788,12.4051790297385));
#4627=CARTESIAN_POINT('Ctrl Pts',(155.207617335831,21.3110290453874,12.0421377301674));
#4628=CARTESIAN_POINT('Ctrl Pts',(154.824921840586,21.4846840756547,11.7746693088923));
#4629=CARTESIAN_POINT('Ctrl Pts',(154.220989877899,21.8287150784375,11.1707373462045));
#4630=CARTESIAN_POINT('Ctrl Pts',(153.956294184012,22.0261620390455,10.788833995622));
#4631=CARTESIAN_POINT('Ctrl Pts',(153.596025641076,22.3300548424852,9.93649540870834));
#4632=CARTESIAN_POINT('Ctrl Pts',(153.5,22.4292857857285,9.46369612686476));
#4633=CARTESIAN_POINT('Ctrl Pts',(153.5,22.4292857857285,9.));
#4634=CARTESIAN_POINT('Ctrl Pts',(153.5,22.4292857857285,9.));
#4635=CARTESIAN_POINT('Ctrl Pts',(153.5,22.4292857857285,8.53630387313525));
#4636=CARTESIAN_POINT('Ctrl Pts',(153.596025641076,22.3300548424852,8.06350459129166));
#4637=CARTESIAN_POINT('Ctrl Pts',(153.956294184012,22.0261620390455,7.21116600437803));
#4638=CARTESIAN_POINT('Ctrl Pts',(154.220989877899,21.8287150784375,6.82926265379546));
#4639=CARTESIAN_POINT('Ctrl Pts',(154.824921840586,21.4846840756547,6.22533069110771));
#4640=CARTESIAN_POINT('Ctrl Pts',(155.207617335831,21.3110290453874,5.95786226983255));
#4641=CARTESIAN_POINT('Ctrl Pts',(156.066193639644,21.0677499612788,5.59482097026146));
#4642=CARTESIAN_POINT('Ctrl Pts',(156.542922016679,20.9999999999999,5.5));
#4643=CARTESIAN_POINT('Ctrl Pts',(157.45707798332,20.9999999999999,5.5));
#4644=CARTESIAN_POINT('Ctrl Pts',(157.933806360356,21.0677499612788,5.59482097026146));
#4645=CARTESIAN_POINT('Ctrl Pts',(158.792382664168,21.3110290453875,5.95786226983255));
#4646=CARTESIAN_POINT('Ctrl Pts',(159.175078159413,21.4846840756548,6.22533069110771));
#4647=CARTESIAN_POINT('Ctrl Pts',(159.779010122101,21.8287150784376,6.82926265379547));
#4648=CARTESIAN_POINT('Ctrl Pts',(160.043705815988,22.0261620390456,7.21116600437803));
#4649=CARTESIAN_POINT('Ctrl Pts',(160.403974358924,22.3300548424852,8.06350459129166));
#4650=CARTESIAN_POINT('Ctrl Pts',(160.5,22.4292857857285,8.53630387313524));
#4651=CARTESIAN_POINT('Ctrl Pts',(160.5,22.4292857857285,9.));
#4652=CARTESIAN_POINT('Origin',(471.,8.99999999999998,9.));
#4653=CARTESIAN_POINT('',(467.5,8.99999999999991,9.));
#4654=CARTESIAN_POINT('Origin',(471.,8.99999999999991,9.));
#4655=CARTESIAN_POINT('',(467.5,22.4292857857285,9.));
#4656=CARTESIAN_POINT('',(467.5,8.99999999999998,9.));
#4657=CARTESIAN_POINT('',(474.5,22.4292857857285,9.));
#4658=CARTESIAN_POINT('Ctrl Pts',(474.5,22.4292857857285,9.));
#4659=CARTESIAN_POINT('Ctrl Pts',(474.5,22.4292857857285,9.46369612686476));
#4660=CARTESIAN_POINT('Ctrl Pts',(474.403974358924,22.3300548424852,9.93649540870834));
#4661=CARTESIAN_POINT('Ctrl Pts',(474.043705815988,22.0261620390456,10.788833995622));
#4662=CARTESIAN_POINT('Ctrl Pts',(473.779010122101,21.8287150784376,11.1707373462045));
#4663=CARTESIAN_POINT('Ctrl Pts',(473.175078159413,21.4846840756547,11.7746693088923));
#4664=CARTESIAN_POINT('Ctrl Pts',(472.792382664168,21.3110290453874,12.0421377301675));
#4665=CARTESIAN_POINT('Ctrl Pts',(471.933806360356,21.0677499612788,12.4051790297385));
#4666=CARTESIAN_POINT('Ctrl Pts',(471.45707798332,20.9999999999999,12.5));
#4667=CARTESIAN_POINT('Ctrl Pts',(470.542922016679,20.9999999999999,12.5));
#4668=CARTESIAN_POINT('Ctrl Pts',(470.066193639644,21.0677499612788,12.4051790297385));
#4669=CARTESIAN_POINT('Ctrl Pts',(469.207617335831,21.3110290453874,12.0421377301675));
#4670=CARTESIAN_POINT('Ctrl Pts',(468.824921840586,21.4846840756547,11.7746693088923));
#4671=CARTESIAN_POINT('Ctrl Pts',(468.220989877899,21.8287150784376,11.1707373462045));
#4672=CARTESIAN_POINT('Ctrl Pts',(467.956294184012,22.0261620390456,10.788833995622));
#4673=CARTESIAN_POINT('Ctrl Pts',(467.596025641076,22.3300548424852,9.93649540870834));
#4674=CARTESIAN_POINT('Ctrl Pts',(467.5,22.4292857857285,9.46369612686476));
#4675=CARTESIAN_POINT('Ctrl Pts',(467.5,22.4292857857285,9.));
#4676=CARTESIAN_POINT('Ctrl Pts',(467.5,22.4292857857285,9.));
#4677=CARTESIAN_POINT('Ctrl Pts',(467.5,22.4292857857285,8.53630387313524));
#4678=CARTESIAN_POINT('Ctrl Pts',(467.596025641076,22.3300548424852,8.06350459129166));
#4679=CARTESIAN_POINT('Ctrl Pts',(467.956294184012,22.0261620390456,7.21116600437803));
#4680=CARTESIAN_POINT('Ctrl Pts',(468.220989877899,21.8287150784376,6.82926265379547));
#4681=CARTESIAN_POINT('Ctrl Pts',(468.824921840586,21.4846840756547,6.22533069110772));
#4682=CARTESIAN_POINT('Ctrl Pts',(469.207617335831,21.3110290453874,5.95786226983255));
#4683=CARTESIAN_POINT('Ctrl Pts',(470.066193639644,21.0677499612788,5.59482097026148));
#4684=CARTESIAN_POINT('Ctrl Pts',(470.542922016679,20.9999999999999,5.5));
#4685=CARTESIAN_POINT('Ctrl Pts',(471.457077983321,20.9999999999999,5.5));
#4686=CARTESIAN_POINT('Ctrl Pts',(471.933806360356,21.0677499612788,5.59482097026148));
#4687=CARTESIAN_POINT('Ctrl Pts',(472.792382664169,21.3110290453875,5.95786226983261));
#4688=CARTESIAN_POINT('Ctrl Pts',(473.175078159414,21.4846840756547,6.22533069110772));
#4689=CARTESIAN_POINT('Ctrl Pts',(473.779010122101,21.8287150784376,6.82926265379547));
#4690=CARTESIAN_POINT('Ctrl Pts',(474.043705815988,22.0261620390456,7.21116600437806));
#4691=CARTESIAN_POINT('Ctrl Pts',(474.403974358924,22.3300548424852,8.0635045912917));
#4692=CARTESIAN_POINT('Ctrl Pts',(474.5,22.4292857857285,8.53630387313525));
#4693=CARTESIAN_POINT('Ctrl Pts',(474.5,22.4292857857285,9.00000000000001));
#4694=CARTESIAN_POINT('Origin',(942.,9.00000000000005,9.));
#4695=CARTESIAN_POINT('',(938.5,8.99999999999991,9.));
#4696=CARTESIAN_POINT('Origin',(942.,8.99999999999991,9.));
#4697=CARTESIAN_POINT('',(938.5,22.4292857857285,9.));
#4698=CARTESIAN_POINT('',(938.5,9.00000000000005,9.));
#4699=CARTESIAN_POINT('',(945.5,22.4292857857285,9.));
#4700=CARTESIAN_POINT('Ctrl Pts',(945.5,22.4292857857285,9.));
#4701=CARTESIAN_POINT('Ctrl Pts',(945.5,22.4292857857285,9.46369612686474));
#4702=CARTESIAN_POINT('Ctrl Pts',(945.403974358924,22.3300548424852,9.93649540870839));
#4703=CARTESIAN_POINT('Ctrl Pts',(945.043705815988,22.0261620390456,10.788833995622));
#4704=CARTESIAN_POINT('Ctrl Pts',(944.779010122101,21.8287150784376,11.1707373462045));
#4705=CARTESIAN_POINT('Ctrl Pts',(944.175078159413,21.4846840756548,11.7746693088923));
#4706=CARTESIAN_POINT('Ctrl Pts',(943.792382664169,21.3110290453875,12.0421377301674));
#4707=CARTESIAN_POINT('Ctrl Pts',(942.933806360356,21.0677499612788,12.4051790297386));
#4708=CARTESIAN_POINT('Ctrl Pts',(942.45707798332,20.9999999999999,12.5));
#4709=CARTESIAN_POINT('Ctrl Pts',(941.542922016679,20.9999999999999,12.5));
#4710=CARTESIAN_POINT('Ctrl Pts',(941.066193639644,21.0677499612788,12.4051790297386));
#4711=CARTESIAN_POINT('Ctrl Pts',(940.207617335831,21.3110290453875,12.0421377301674));
#4712=CARTESIAN_POINT('Ctrl Pts',(939.824921840586,21.4846840756548,11.7746693088923));
#4713=CARTESIAN_POINT('Ctrl Pts',(939.220989877899,21.8287150784376,11.1707373462045));
#4714=CARTESIAN_POINT('Ctrl Pts',(938.956294184012,22.0261620390456,10.788833995622));
#4715=CARTESIAN_POINT('Ctrl Pts',(938.596025641076,22.3300548424852,9.93649540870839));
#4716=CARTESIAN_POINT('Ctrl Pts',(938.5,22.4292857857285,9.46369612686474));
#4717=CARTESIAN_POINT('Ctrl Pts',(938.5,22.4292857857285,9.));
#4718=CARTESIAN_POINT('Ctrl Pts',(938.5,22.4292857857285,9.));
#4719=CARTESIAN_POINT('Ctrl Pts',(938.5,22.4292857857285,8.53630387313525));
#4720=CARTESIAN_POINT('Ctrl Pts',(938.596025641076,22.3300548424852,8.06350459129161));
#4721=CARTESIAN_POINT('Ctrl Pts',(938.956294184012,22.0261620390456,7.21116600437799));
#4722=CARTESIAN_POINT('Ctrl Pts',(939.220989877899,21.8287150784376,6.82926265379545));
#4723=CARTESIAN_POINT('Ctrl Pts',(939.824921840586,21.4846840756548,6.2253306911077));
#4724=CARTESIAN_POINT('Ctrl Pts',(940.207617335831,21.3110290453875,5.95786226983256));
#4725=CARTESIAN_POINT('Ctrl Pts',(941.066193639644,21.0677499612788,5.59482097026143));
#4726=CARTESIAN_POINT('Ctrl Pts',(941.542922016679,20.9999999999999,5.5));
#4727=CARTESIAN_POINT('Ctrl Pts',(942.45707798332,20.9999999999999,5.5));
#4728=CARTESIAN_POINT('Ctrl Pts',(942.933806360356,21.0677499612788,5.59482097026147));
#4729=CARTESIAN_POINT('Ctrl Pts',(943.792382664169,21.3110290453875,5.95786226983267));
#4730=CARTESIAN_POINT('Ctrl Pts',(944.175078159413,21.4846840756548,6.22533069110769));
#4731=CARTESIAN_POINT('Ctrl Pts',(944.779010122101,21.8287150784376,6.82926265379545));
#4732=CARTESIAN_POINT('Ctrl Pts',(945.043705815988,22.0261620390456,7.21116600437811));
#4733=CARTESIAN_POINT('Ctrl Pts',(945.403974358924,22.3300548424851,8.06350459129171));
#4734=CARTESIAN_POINT('Ctrl Pts',(945.5,22.4292857857285,8.53630387313525));
#4735=CARTESIAN_POINT('Ctrl Pts',(945.5,22.4292857857285,9.));
#4736=CARTESIAN_POINT('Origin',(628.,9.,9.));
#4737=CARTESIAN_POINT('',(624.5,8.99999999999991,9.));
#4738=CARTESIAN_POINT('Origin',(628.,8.99999999999991,9.));
#4739=CARTESIAN_POINT('',(624.5,22.4292857857286,9.));
#4740=CARTESIAN_POINT('',(624.5,9.,9.));
#4741=CARTESIAN_POINT('',(631.5,22.4292857857286,9.));
#4742=CARTESIAN_POINT('Ctrl Pts',(631.5,22.4292857857286,9.));
#4743=CARTESIAN_POINT('Ctrl Pts',(631.5,22.4292857857286,9.46369612686476));
#4744=CARTESIAN_POINT('Ctrl Pts',(631.403974358924,22.3300548424852,9.93649540870834));
#4745=CARTESIAN_POINT('Ctrl Pts',(631.043705815988,22.0261620390456,10.788833995622));
#4746=CARTESIAN_POINT('Ctrl Pts',(630.779010122101,21.8287150784376,11.1707373462045));
#4747=CARTESIAN_POINT('Ctrl Pts',(630.175078159413,21.4846840756548,11.7746693088923));
#4748=CARTESIAN_POINT('Ctrl Pts',(629.792382664168,21.3110290453875,12.0421377301675));
#4749=CARTESIAN_POINT('Ctrl Pts',(628.933806360356,21.0677499612788,12.4051790297385));
#4750=CARTESIAN_POINT('Ctrl Pts',(628.45707798332,20.9999999999999,12.5));
#4751=CARTESIAN_POINT('Ctrl Pts',(627.542922016679,20.9999999999999,12.5));
#4752=CARTESIAN_POINT('Ctrl Pts',(627.066193639644,21.0677499612788,12.4051790297385));
#4753=CARTESIAN_POINT('Ctrl Pts',(626.207617335831,21.3110290453874,12.0421377301675));
#4754=CARTESIAN_POINT('Ctrl Pts',(625.824921840586,21.4846840756547,11.7746693088923));
#4755=CARTESIAN_POINT('Ctrl Pts',(625.220989877899,21.8287150784375,11.1707373462045));
#4756=CARTESIAN_POINT('Ctrl Pts',(624.956294184012,22.0261620390455,10.788833995622));
#4757=CARTESIAN_POINT('Ctrl Pts',(624.596025641076,22.3300548424851,9.93649540870834));
#4758=CARTESIAN_POINT('Ctrl Pts',(624.5,22.4292857857285,9.46369612686476));
#4759=CARTESIAN_POINT('Ctrl Pts',(624.5,22.4292857857285,9.));
#4760=CARTESIAN_POINT('Ctrl Pts',(624.5,22.4292857857285,9.));
#4761=CARTESIAN_POINT('Ctrl Pts',(624.5,22.4292857857285,8.53630387313524));
#4762=CARTESIAN_POINT('Ctrl Pts',(624.596025641076,22.3300548424851,8.06350459129166));
#4763=CARTESIAN_POINT('Ctrl Pts',(624.956294184012,22.0261620390455,7.21116600437803));
#4764=CARTESIAN_POINT('Ctrl Pts',(625.220989877899,21.8287150784375,6.82926265379547));
#4765=CARTESIAN_POINT('Ctrl Pts',(625.824921840587,21.4846840756547,6.22533069110772));
#4766=CARTESIAN_POINT('Ctrl Pts',(626.207617335832,21.3110290453874,5.9578622698325));
#4767=CARTESIAN_POINT('Ctrl Pts',(627.066193639644,21.0677499612787,5.59482097026144));
#4768=CARTESIAN_POINT('Ctrl Pts',(627.54292201668,20.9999999999999,5.5));
#4769=CARTESIAN_POINT('Ctrl Pts',(628.45707798332,20.9999999999999,5.5));
#4770=CARTESIAN_POINT('Ctrl Pts',(628.933806360356,21.0677499612788,5.5948209702615));
#4771=CARTESIAN_POINT('Ctrl Pts',(629.792382664169,21.3110290453875,5.95786226983258));
#4772=CARTESIAN_POINT('Ctrl Pts',(630.175078159413,21.4846840756548,6.22533069110772));
#4773=CARTESIAN_POINT('Ctrl Pts',(630.779010122101,21.8287150784376,6.82926265379547));
#4774=CARTESIAN_POINT('Ctrl Pts',(631.043705815988,22.0261620390456,7.21116600437803));
#4775=CARTESIAN_POINT('Ctrl Pts',(631.403974358924,22.3300548424852,8.06350459129166));
#4776=CARTESIAN_POINT('Ctrl Pts',(631.5,22.4292857857286,8.53630387313524));
#4777=CARTESIAN_POINT('Ctrl Pts',(631.5,22.4292857857286,9.));
#4778=CARTESIAN_POINT('Origin',(785.,9.00000000000002,9.));
#4779=CARTESIAN_POINT('',(781.5,8.99999999999991,9.));
#4780=CARTESIAN_POINT('Origin',(785.,8.99999999999991,9.));
#4781=CARTESIAN_POINT('',(781.5,22.4292857857285,9.));
#4782=CARTESIAN_POINT('',(781.5,9.00000000000002,9.));
#4783=CARTESIAN_POINT('',(788.5,22.4292857857285,9.));
#4784=CARTESIAN_POINT('Ctrl Pts',(788.5,22.4292857857285,9.));
#4785=CARTESIAN_POINT('Ctrl Pts',(788.5,22.4292857857285,9.46369612686475));
#4786=CARTESIAN_POINT('Ctrl Pts',(788.403974358924,22.3300548424852,9.93649540870839));
#4787=CARTESIAN_POINT('Ctrl Pts',(788.043705815988,22.0261620390456,10.788833995622));
#4788=CARTESIAN_POINT('Ctrl Pts',(787.779010122101,21.8287150784376,11.1707373462045));
#4789=CARTESIAN_POINT('Ctrl Pts',(787.175078159414,21.4846840756548,11.7746693088923));
#4790=CARTESIAN_POINT('Ctrl Pts',(786.792382664169,21.3110290453875,12.0421377301674));
#4791=CARTESIAN_POINT('Ctrl Pts',(785.933806360356,21.0677499612788,12.4051790297386));
#4792=CARTESIAN_POINT('Ctrl Pts',(785.45707798332,20.9999999999999,12.5));
#4793=CARTESIAN_POINT('Ctrl Pts',(784.54292201668,20.9999999999999,12.5));
#4794=CARTESIAN_POINT('Ctrl Pts',(784.066193639644,21.0677499612788,12.4051790297386));
#4795=CARTESIAN_POINT('Ctrl Pts',(783.207617335831,21.3110290453875,12.0421377301674));
#4796=CARTESIAN_POINT('Ctrl Pts',(782.824921840586,21.4846840756548,11.7746693088923));
#4797=CARTESIAN_POINT('Ctrl Pts',(782.220989877899,21.8287150784376,11.1707373462045));
#4798=CARTESIAN_POINT('Ctrl Pts',(781.956294184012,22.0261620390456,10.788833995622));
#4799=CARTESIAN_POINT('Ctrl Pts',(781.596025641076,22.3300548424852,9.93649540870839));
#4800=CARTESIAN_POINT('Ctrl Pts',(781.5,22.4292857857285,9.46369612686474));
#4801=CARTESIAN_POINT('Ctrl Pts',(781.5,22.4292857857285,9.));
#4802=CARTESIAN_POINT('Ctrl Pts',(781.5,22.4292857857285,9.));
#4803=CARTESIAN_POINT('Ctrl Pts',(781.5,22.4292857857285,8.53630387313526));
#4804=CARTESIAN_POINT('Ctrl Pts',(781.596025641076,22.3300548424852,8.06350459129161));
#4805=CARTESIAN_POINT('Ctrl Pts',(781.956294184012,22.0261620390456,7.21116600437799));
#4806=CARTESIAN_POINT('Ctrl Pts',(782.220989877899,21.8287150784376,6.82926265379545));
#4807=CARTESIAN_POINT('Ctrl Pts',(782.824921840586,21.4846840756548,6.2253306911077));
#4808=CARTESIAN_POINT('Ctrl Pts',(783.207617335831,21.3110290453875,5.95786226983256));
#4809=CARTESIAN_POINT('Ctrl Pts',(784.066193639644,21.0677499612788,5.59482097026143));
#4810=CARTESIAN_POINT('Ctrl Pts',(784.54292201668,20.9999999999999,5.5));
#4811=CARTESIAN_POINT('Ctrl Pts',(785.457077983321,20.9999999999999,5.5));
#4812=CARTESIAN_POINT('Ctrl Pts',(785.933806360356,21.0677499612788,5.59482097026147));
#4813=CARTESIAN_POINT('Ctrl Pts',(786.792382664169,21.3110290453875,5.95786226983267));
#4814=CARTESIAN_POINT('Ctrl Pts',(787.175078159414,21.4846840756548,6.22533069110769));
#4815=CARTESIAN_POINT('Ctrl Pts',(787.779010122101,21.8287150784376,6.82926265379545));
#4816=CARTESIAN_POINT('Ctrl Pts',(788.043705815988,22.0261620390456,7.21116600437811));
#4817=CARTESIAN_POINT('Ctrl Pts',(788.403974358924,22.3300548424851,8.06350459129171));
#4818=CARTESIAN_POINT('Ctrl Pts',(788.5,22.4292857857285,8.53630387313525));
#4819=CARTESIAN_POINT('Ctrl Pts',(788.5,22.4292857857285,9.));
#4820=CARTESIAN_POINT('Origin',(314.,8.99999999999996,9.));
#4821=CARTESIAN_POINT('',(310.5,8.99999999999991,9.));
#4822=CARTESIAN_POINT('Origin',(314.,8.99999999999991,9.));
#4823=CARTESIAN_POINT('',(310.5,22.4292857857285,9.));
#4824=CARTESIAN_POINT('',(310.5,8.99999999999996,9.));
#4825=CARTESIAN_POINT('',(317.5,22.4292857857285,9.));
#4826=CARTESIAN_POINT('Ctrl Pts',(317.5,22.4292857857285,9.));
#4827=CARTESIAN_POINT('Ctrl Pts',(317.5,22.4292857857285,9.46369612686475));
#4828=CARTESIAN_POINT('Ctrl Pts',(317.403974358924,22.3300548424852,9.93649540870834));
#4829=CARTESIAN_POINT('Ctrl Pts',(317.043705815988,22.0261620390456,10.788833995622));
#4830=CARTESIAN_POINT('Ctrl Pts',(316.779010122101,21.8287150784376,11.1707373462045));
#4831=CARTESIAN_POINT('Ctrl Pts',(316.175078159413,21.4846840756548,11.7746693088923));
#4832=CARTESIAN_POINT('Ctrl Pts',(315.792382664168,21.3110290453875,12.0421377301675));
#4833=CARTESIAN_POINT('Ctrl Pts',(314.933806360356,21.0677499612788,12.4051790297386));
#4834=CARTESIAN_POINT('Ctrl Pts',(314.457077983321,20.9999999999999,12.5));
#4835=CARTESIAN_POINT('Ctrl Pts',(313.542922016679,20.9999999999999,12.5));
#4836=CARTESIAN_POINT('Ctrl Pts',(313.066193639644,21.0677499612788,12.4051790297386));
#4837=CARTESIAN_POINT('Ctrl Pts',(312.207617335831,21.3110290453874,12.0421377301675));
#4838=CARTESIAN_POINT('Ctrl Pts',(311.824921840586,21.4846840756547,11.7746693088923));
#4839=CARTESIAN_POINT('Ctrl Pts',(311.220989877899,21.8287150784376,11.1707373462045));
#4840=CARTESIAN_POINT('Ctrl Pts',(310.956294184012,22.0261620390456,10.788833995622));
#4841=CARTESIAN_POINT('Ctrl Pts',(310.596025641076,22.3300548424852,9.93649540870834));
#4842=CARTESIAN_POINT('Ctrl Pts',(310.5,22.4292857857285,9.46369612686475));
#4843=CARTESIAN_POINT('Ctrl Pts',(310.5,22.4292857857285,9.));
#4844=CARTESIAN_POINT('Ctrl Pts',(310.5,22.4292857857285,9.));
#4845=CARTESIAN_POINT('Ctrl Pts',(310.5,22.4292857857285,8.53630387313525));
#4846=CARTESIAN_POINT('Ctrl Pts',(310.596025641076,22.3300548424852,8.06350459129166));
#4847=CARTESIAN_POINT('Ctrl Pts',(310.956294184012,22.0261620390456,7.21116600437804));
#4848=CARTESIAN_POINT('Ctrl Pts',(311.220989877899,21.8287150784376,6.82926265379547));
#4849=CARTESIAN_POINT('Ctrl Pts',(311.824921840586,21.4846840756547,6.22533069110771));
#4850=CARTESIAN_POINT('Ctrl Pts',(312.207617335831,21.3110290453874,5.95786226983255));
#4851=CARTESIAN_POINT('Ctrl Pts',(313.066193639644,21.0677499612788,5.59482097026145));
#4852=CARTESIAN_POINT('Ctrl Pts',(313.542922016679,20.9999999999999,5.5));
#4853=CARTESIAN_POINT('Ctrl Pts',(314.457077983321,20.9999999999999,5.5));
#4854=CARTESIAN_POINT('Ctrl Pts',(314.933806360356,21.0677499612788,5.59482097026148));
#4855=CARTESIAN_POINT('Ctrl Pts',(315.792382664168,21.3110290453875,5.9578622698326));
#4856=CARTESIAN_POINT('Ctrl Pts',(316.175078159413,21.4846840756548,6.22533069110771));
#4857=CARTESIAN_POINT('Ctrl Pts',(316.779010122101,21.8287150784376,6.82926265379547));
#4858=CARTESIAN_POINT('Ctrl Pts',(317.043705815988,22.0261620390456,7.21116600437804));
#4859=CARTESIAN_POINT('Ctrl Pts',(317.403974358924,22.3300548424852,8.06350459129167));
#4860=CARTESIAN_POINT('Ctrl Pts',(317.5,22.4292857857285,8.53630387313524));
#4861=CARTESIAN_POINT('Ctrl Pts',(317.5,22.4292857857285,9.));
#4862=CARTESIAN_POINT('Origin',(1099.,9.00000000000007,9.));
#4863=CARTESIAN_POINT('',(1095.5,8.99999999999991,9.));
#4864=CARTESIAN_POINT('Origin',(1099.,8.99999999999991,9.));
#4865=CARTESIAN_POINT('',(1095.5,22.4292857857286,9.));
#4866=CARTESIAN_POINT('',(1095.5,9.00000000000007,9.));
#4867=CARTESIAN_POINT('',(1102.5,22.4292857857286,9.00000000000001));
#4868=CARTESIAN_POINT('Ctrl Pts',(1102.5,22.4292857857286,9.00000000000001));
#4869=CARTESIAN_POINT('Ctrl Pts',(1102.5,22.4292857857286,9.46369612686475));
#4870=CARTESIAN_POINT('Ctrl Pts',(1102.40397435892,22.3300548424853,9.93649540870839));
#4871=CARTESIAN_POINT('Ctrl Pts',(1102.04370581599,22.0261620390457,10.788833995622));
#4872=CARTESIAN_POINT('Ctrl Pts',(1101.7790101221,21.8287150784377,11.1707373462045));
#4873=CARTESIAN_POINT('Ctrl Pts',(1101.17507815941,21.4846840756548,11.7746693088923));
#4874=CARTESIAN_POINT('Ctrl Pts',(1100.79238266417,21.3110290453875,12.0421377301674));
#4875=CARTESIAN_POINT('Ctrl Pts',(1099.93380636036,21.0677499612788,12.4051790297386));
#4876=CARTESIAN_POINT('Ctrl Pts',(1099.45707798332,20.9999999999999,12.5));
#4877=CARTESIAN_POINT('Ctrl Pts',(1098.54292201668,20.9999999999999,12.5));
#4878=CARTESIAN_POINT('Ctrl Pts',(1098.06619363964,21.0677499612787,12.4051790297386));
#4879=CARTESIAN_POINT('Ctrl Pts',(1097.20761733583,21.3110290453874,12.0421377301674));
#4880=CARTESIAN_POINT('Ctrl Pts',(1096.82492184059,21.4846840756547,11.7746693088923));
#4881=CARTESIAN_POINT('Ctrl Pts',(1096.2209898779,21.8287150784375,11.1707373462046));
#4882=CARTESIAN_POINT('Ctrl Pts',(1095.95629418401,22.0261620390455,10.788833995622));
#4883=CARTESIAN_POINT('Ctrl Pts',(1095.59602564108,22.3300548424851,9.93649540870839));
#4884=CARTESIAN_POINT('Ctrl Pts',(1095.5,22.4292857857284,9.46369612686474));
#4885=CARTESIAN_POINT('Ctrl Pts',(1095.5,22.4292857857284,9.));
#4886=CARTESIAN_POINT('Ctrl Pts',(1095.5,22.4292857857284,9.00000000000001));
#4887=CARTESIAN_POINT('Ctrl Pts',(1095.5,22.4292857857284,8.53630387313527));
#4888=CARTESIAN_POINT('Ctrl Pts',(1095.59602564108,22.3300548424851,8.06350459129156));
#4889=CARTESIAN_POINT('Ctrl Pts',(1095.95629418401,22.0261620390455,7.211166004378));
#4890=CARTESIAN_POINT('Ctrl Pts',(1096.2209898779,21.8287150784375,6.82926265379545));
#4891=CARTESIAN_POINT('Ctrl Pts',(1096.82492184059,21.4846840756547,6.22533069110769));
#4892=CARTESIAN_POINT('Ctrl Pts',(1097.20761733583,21.3110290453874,5.95786226983256));
#4893=CARTESIAN_POINT('Ctrl Pts',(1098.06619363964,21.0677499612787,5.59482097026143));
#4894=CARTESIAN_POINT('Ctrl Pts',(1098.54292201668,20.9999999999999,5.5));
#4895=CARTESIAN_POINT('Ctrl Pts',(1099.45707798332,20.9999999999999,5.5));
#4896=CARTESIAN_POINT('Ctrl Pts',(1099.93380636036,21.0677499612788,5.59482097026143));
#4897=CARTESIAN_POINT('Ctrl Pts',(1100.79238266417,21.3110290453875,5.95786226983256));
#4898=CARTESIAN_POINT('Ctrl Pts',(1101.17507815941,21.4846840756548,6.2253306911077));
#4899=CARTESIAN_POINT('Ctrl Pts',(1101.7790101221,21.8287150784377,6.82926265379545));
#4900=CARTESIAN_POINT('Ctrl Pts',(1102.04370581599,22.0261620390457,7.21116600437811));
#4901=CARTESIAN_POINT('Ctrl Pts',(1102.40397435892,22.3300548424853,8.06350459129171));
#4902=CARTESIAN_POINT('Ctrl Pts',(1102.5,22.4292857857286,8.53630387313525));
#4903=CARTESIAN_POINT('Ctrl Pts',(1102.5,22.4292857857286,9.));
#4904=CARTESIAN_POINT('Ctrl Pts',(11.,87.4999999999999,0.));
#4905=CARTESIAN_POINT('Ctrl Pts',(11.,84.5468059179739,0.));
#4906=CARTESIAN_POINT('Ctrl Pts',(11.0026231635413,78.6575016718856,0.));
#4907=CARTESIAN_POINT('Ctrl Pts',(11.5612418257149,69.7957483911954,0.));
#4908=CARTESIAN_POINT('Ctrl Pts',(13.1101796432788,61.0446915080726,0.));
#4909=CARTESIAN_POINT('Ctrl Pts',(16.7455759758968,49.7691585623318,0.));
#4910=CARTESIAN_POINT('Ctrl Pts',(24.2979556939181,36.9189704479043,0.));
#4911=CARTESIAN_POINT('Ctrl Pts',(36.9237322914231,24.2943595184529,0.));
#4912=CARTESIAN_POINT('Ctrl Pts',(49.7657747826673,16.7454660439965,0.));
#4913=CARTESIAN_POINT('Ctrl Pts',(61.050980090254,13.1085667306727,0.));
#4914=CARTESIAN_POINT('Ctrl Pts',(69.7876974346299,11.5629272722324,0.));
#4915=CARTESIAN_POINT('Ctrl Pts',(78.6453282933221,11.0025053529553,0.));
#4916=CARTESIAN_POINT('Ctrl Pts',(84.5468059179742,10.9999999999997,0.));
#4917=CARTESIAN_POINT('Ctrl Pts',(87.5000000000002,10.9999999999997,0.));
#4918=CARTESIAN_POINT('Ctrl Pts',(10.4016013993162,87.4999999999999,6.64355904382596E-16));
#4919=CARTESIAN_POINT('Ctrl Pts',(10.4016013993162,84.5468059179739,6.64355904382596E-16));
#4920=CARTESIAN_POINT('Ctrl Pts',(10.4040308849242,78.6442255712326,8.87252796627074E-16));
#4921=CARTESIAN_POINT('Ctrl Pts',(10.9653376036121,69.7284029027775,-5.5569441884957E-16));
#4922=CARTESIAN_POINT('Ctrl Pts',(12.5271874830282,60.9014818365625,6.01516112183787E-17));
#4923=CARTESIAN_POINT('Ctrl Pts',(16.1979697806333,49.5152586846665,6.33590029038216E-16));
#4924=CARTESIAN_POINT('Ctrl Pts',(23.8225574027371,36.5454027354903,3.80082236873292E-15));
#4925=CARTESIAN_POINT('Ctrl Pts',(36.5502653569703,23.8188919541148,7.10360192748138E-16));
#4926=CARTESIAN_POINT('Ctrl Pts',(49.5118018520649,16.1978166608013,-1.49491605837083E-15));
#4927=CARTESIAN_POINT('Ctrl Pts',(60.907804866578,12.5255801616771,7.79544390195058E-16));
#4928=CARTESIAN_POINT('Ctrl Pts',(69.7202810995867,10.9670274081727,-1.36501882473359E-16));
#4929=CARTESIAN_POINT('Ctrl Pts',(78.6320076242199,10.403915048625,-8.38789225840388E-16));
#4930=CARTESIAN_POINT('Ctrl Pts',(84.5468059179741,10.4016013993159,-1.32871180876519E-15));
#4931=CARTESIAN_POINT('Ctrl Pts',(87.5000000000002,10.4016013993159,-1.32871180876519E-15));
#4932=CARTESIAN_POINT('Ctrl Pts',(9.3655237651247,87.4999999999999,0.502026350906077));
#4933=CARTESIAN_POINT('Ctrl Pts',(9.3655237651247,84.5468059179739,0.502026350906077));
#4934=CARTESIAN_POINT('Ctrl Pts',(9.36762843351999,78.6211432424297,0.502026350906077));
#4935=CARTESIAN_POINT('Ctrl Pts',(9.93363649919586,69.6115672810317,0.502026350906075));
#4936=CARTESIAN_POINT('Ctrl Pts',(11.5178340708607,60.6535840266306,0.502026350906076));
#4937=CARTESIAN_POINT('Ctrl Pts',(15.2497685791158,49.0758058279957,0.502026350906077));
#4938=CARTESIAN_POINT('Ctrl Pts',(22.9995767503168,35.898625581668,0.502026350906082));
#4939=CARTESIAN_POINT('Ctrl Pts',(35.9036258565044,22.9956339053556,0.502026350906077));
#4940=CARTESIAN_POINT('Ctrl Pts',(49.0721386319404,15.2496987384551,0.502026350906073));
#4941=CARTESIAN_POINT('Ctrl Pts',(60.6600444282559,11.5161656629979,0.502026350906077));
#4942=CARTESIAN_POINT('Ctrl Pts',(69.6032897909138,9.93536883116456,0.502026350906075));
#4943=CARTESIAN_POINT('Ctrl Pts',(78.608867615715,9.36749690520061,0.502026350906074));
#4944=CARTESIAN_POINT('Ctrl Pts',(84.5468059179741,9.36552376512441,0.502026350906074));
#4945=CARTESIAN_POINT('Ctrl Pts',(87.5000000000002,9.36552376512439,0.502026350906074));
#4946=CARTESIAN_POINT('Ctrl Pts',(8.99999999999998,87.4999999999999,1.55120104948717));
#4947=CARTESIAN_POINT('Ctrl Pts',(8.99999999999998,84.5468059179739,1.55120104948717));
#4948=CARTESIAN_POINT('Ctrl Pts',(9.00198517558415,78.6130445324892,1.55120104948717));
#4949=CARTESIAN_POINT('Ctrl Pts',(9.56962987785194,69.5704564289608,1.55120104948717));
#4950=CARTESIAN_POINT('Ctrl Pts',(11.1617155657546,60.5660997861905,1.55120104948717));
#4951=CARTESIAN_POINT('Ctrl Pts',(14.9152781690023,48.9206971380593,1.55120104948717));
#4952=CARTESIAN_POINT('Ctrl Pts',(22.7091711643162,35.6704339963565,1.55120104948717));
#4953=CARTESIAN_POINT('Ctrl Pts',(35.6754999870984,22.7052037743691,1.55120104948717));
#4954=CARTESIAN_POINT('Ctrl Pts',(48.9169947846557,14.9151641102774,1.55120104948717));
#4955=CARTESIAN_POINT('Ctrl Pts',(60.5725724578447,11.1600585596531,1.55120104948717));
#4956=CARTESIAN_POINT('Ctrl Pts',(69.5621393898011,9.57136092401289,1.55120104948717));
#4957=CARTESIAN_POINT('Ctrl Pts',(78.6007394825503,9.00185700992111,1.55120104948717));
#4958=CARTESIAN_POINT('Ctrl Pts',(84.5468059179741,8.99999999999969,1.55120104948717));
#4959=CARTESIAN_POINT('Ctrl Pts',(87.5000000000001,8.99999999999967,1.55120104948717));
#4960=CARTESIAN_POINT('Ctrl Pts',(8.99999999999998,87.4999999999999,2.));
#4961=CARTESIAN_POINT('Ctrl Pts',(8.99999999999998,84.5468059179739,2.));
#4962=CARTESIAN_POINT('Ctrl Pts',(9.00198711527803,78.6130268578903,2.));
#4963=CARTESIAN_POINT('Ctrl Pts',(9.56964052021892,69.570413563538,2.));
#4964=CARTESIAN_POINT('Ctrl Pts',(11.1617246457181,60.5661104580266,2.));
#4965=CARTESIAN_POINT('Ctrl Pts',(14.915265923949,48.9207254884071,2.));
#4966=CARTESIAN_POINT('Ctrl Pts',(22.7091955263155,35.6704384973709,2.));
#4967=CARTESIAN_POINT('Ctrl Pts',(35.6754976964164,22.7051991047199,2.));
#4968=CARTESIAN_POINT('Ctrl Pts',(48.9170076695233,14.9151810074815,2.));
#4969=CARTESIAN_POINT('Ctrl Pts',(60.5725974611686,11.1600545915477,2.));
#4970=CARTESIAN_POINT('Ctrl Pts',(69.5620904358109,9.57137801632385,2.));
#4971=CARTESIAN_POINT('Ctrl Pts',(78.60072540094,9.00185542605343,2.));
#4972=CARTESIAN_POINT('Ctrl Pts',(84.5468059179741,8.99999999999969,2.));
#4973=CARTESIAN_POINT('Ctrl Pts',(87.5000000000001,8.99999999999967,2.));
#4974=CARTESIAN_POINT('',(87.5000000000002,10.9999999999997,0.));
#4975=CARTESIAN_POINT('',(87.5000000000001,8.99999999999967,2.));
#4976=CARTESIAN_POINT('Origin',(87.5000000000002,10.9999999999997,2.));
#4977=CARTESIAN_POINT('',(8.99999999999998,87.4999999999999,2.));
#4978=CARTESIAN_POINT('Ctrl Pts',(87.5000000000001,8.99999999999967,2.));
#4979=CARTESIAN_POINT('Ctrl Pts',(84.5468059179741,8.99999999999969,2.));
#4980=CARTESIAN_POINT('Ctrl Pts',(78.60072540094,9.00185542605343,2.));
#4981=CARTESIAN_POINT('Ctrl Pts',(69.5620904358109,9.57137801632385,2.));
#4982=CARTESIAN_POINT('Ctrl Pts',(60.5725974611686,11.1600545915477,2.));
#4983=CARTESIAN_POINT('Ctrl Pts',(48.9170076695233,14.9151810074815,2.));
#4984=CARTESIAN_POINT('Ctrl Pts',(35.6754976964164,22.7051991047199,2.));
#4985=CARTESIAN_POINT('Ctrl Pts',(22.7091955263155,35.6704384973709,2.));
#4986=CARTESIAN_POINT('Ctrl Pts',(14.915265923949,48.9207254884071,2.));
#4987=CARTESIAN_POINT('Ctrl Pts',(11.1617246457181,60.5661104580266,2.));
#4988=CARTESIAN_POINT('Ctrl Pts',(9.56964052021892,69.570413563538,2.));
#4989=CARTESIAN_POINT('Ctrl Pts',(9.00198711527803,78.6130268578903,2.));
#4990=CARTESIAN_POINT('Ctrl Pts',(8.99999999999998,84.5468059179739,2.));
#4991=CARTESIAN_POINT('Ctrl Pts',(8.99999999999998,87.4999999999999,2.));
#4992=CARTESIAN_POINT('',(11.,87.4999999999999,0.));
#4993=CARTESIAN_POINT('Origin',(11.,87.4999999999999,2.));
#4994=CARTESIAN_POINT('Ctrl Pts',(11.,87.4999999999999,0.));
#4995=CARTESIAN_POINT('Ctrl Pts',(11.,84.5468059179739,0.));
#4996=CARTESIAN_POINT('Ctrl Pts',(11.0026231635413,78.6575016718856,0.));
#4997=CARTESIAN_POINT('Ctrl Pts',(11.5612418257149,69.7957483911954,0.));
#4998=CARTESIAN_POINT('Ctrl Pts',(13.1101796432788,61.0446915080726,0.));
#4999=CARTESIAN_POINT('Ctrl Pts',(16.7455759758968,49.7691585623318,0.));
#5000=CARTESIAN_POINT('Ctrl Pts',(24.2979556939181,36.9189704479043,0.));
#5001=CARTESIAN_POINT('Ctrl Pts',(36.9237322914231,24.2943595184529,0.));
#5002=CARTESIAN_POINT('Ctrl Pts',(49.7657747826673,16.7454660439965,0.));
#5003=CARTESIAN_POINT('Ctrl Pts',(61.050980090254,13.1085667306727,0.));
#5004=CARTESIAN_POINT('Ctrl Pts',(69.7876974346299,11.5629272722324,0.));
#5005=CARTESIAN_POINT('Ctrl Pts',(78.6453282933221,11.0025053529553,0.));
#5006=CARTESIAN_POINT('Ctrl Pts',(84.5468059179742,10.9999999999997,0.));
#5007=CARTESIAN_POINT('Ctrl Pts',(87.5000000000002,10.9999999999997,0.));
#5008=CARTESIAN_POINT('Origin',(318.5,11.,2.));
#5009=CARTESIAN_POINT('',(1168.5,11.0000000000001,0.));
#5010=CARTESIAN_POINT('',(1168.5,9.00000000000008,2.));
#5011=CARTESIAN_POINT('Origin',(1168.5,11.0000000000001,2.));
#5012=CARTESIAN_POINT('',(318.5,8.99999999999996,2.));
#5013=CARTESIAN_POINT('',(318.5,11.,0.));
#5014=CARTESIAN_POINT('Ctrl Pts',(1168.5,11.0000000000001,0.));
#5015=CARTESIAN_POINT('Ctrl Pts',(1171.45319408203,11.0000000000001,0.));
#5016=CARTESIAN_POINT('Ctrl Pts',(1177.3428394434,11.0025365443322,0.));
#5017=CARTESIAN_POINT('Ctrl Pts',(1186.20356137637,11.5617905357583,0.));
#5018=CARTESIAN_POINT('Ctrl Pts',(1194.95543637115,13.1103080074303,0.));
#5019=CARTESIAN_POINT('Ctrl Pts',(1206.22884430072,16.747584619302,0.));
#5020=CARTESIAN_POINT('Ctrl Pts',(1219.08140330917,24.2977004995731,0.));
#5021=CARTESIAN_POINT('Ctrl Pts',(1231.70615008577,36.9240194721474,0.));
#5022=CARTESIAN_POINT('Ctrl Pts',(1239.25399935326,49.7658808467573,0.));
#5023=CARTESIAN_POINT('Ctrl Pts',(1242.89252576573,61.0493787048467,0.));
#5024=CARTESIAN_POINT('Ctrl Pts',(1244.43729897317,69.7875621664024,0.));
#5025=CARTESIAN_POINT('Ctrl Pts',(1244.99790340388,78.6446673101621,0.));
#5026=CARTESIAN_POINT('Ctrl Pts',(1245.,84.546805917974,0.));
#5027=CARTESIAN_POINT('Ctrl Pts',(1245.,87.4999999999999,0.));
#5028=CARTESIAN_POINT('Ctrl Pts',(1168.5,10.4016013993163,-2.65742361753039E-15));
#5029=CARTESIAN_POINT('Ctrl Pts',(1171.45319408203,10.4016013993163,-2.72064210014533E-15));
#5030=CARTESIAN_POINT('Ctrl Pts',(1177.3560160374,10.4038892189404,2.78970847884445E-15));
#5031=CARTESIAN_POINT('Ctrl Pts',(1186.27077838612,10.9658096527459,-3.72606660230644E-15));
#5032=CARTESIAN_POINT('Ctrl Pts',(1195.09864085207,12.527226133065,-7.14841862164879E-15));
#5033=CARTESIAN_POINT('Ctrl Pts',(1206.48278637392,16.1999662036935,2.62487464466854E-15));
#5034=CARTESIAN_POINT('Ctrl Pts',(1219.45516401558,23.8222068598888,-3.48311150308833E-15));
#5035=CARTESIAN_POINT('Ctrl Pts',(1232.18177855903,36.550521076227,6.18180567807187E-16));
#5036=CARTESIAN_POINT('Ctrl Pts',(1239.80173538185,49.5118106559718,-8.38528544568708E-16));
#5037=CARTESIAN_POINT('Ctrl Pts',(1243.47561475902,60.9060958291215,-3.67972229099598E-16));
#5038=CARTESIAN_POINT('Ctrl Pts',(1245.03329129892,69.7202136181243,-1.70186901778844E-17));
#5039=CARTESIAN_POINT('Ctrl Pts',(1245.59655226995,78.6314124299656,-7.68457460031105E-17));
#5040=CARTESIAN_POINT('Ctrl Pts',(1245.59839860068,84.546805917974,0.));
#5041=CARTESIAN_POINT('Ctrl Pts',(1245.59839860068,87.4999999999999,0.));
#5042=CARTESIAN_POINT('Ctrl Pts',(1168.5,9.36574056092965,0.502286610188745));
#5043=CARTESIAN_POINT('Ctrl Pts',(1171.45319408203,9.36574056092965,0.502286610188744));
#5044=CARTESIAN_POINT('Ctrl Pts',(1177.37923671843,9.36774490844866,0.502286610188753));
#5045=CARTESIAN_POINT('Ctrl Pts',(1186.3875913798,9.93442798354882,0.502286610188743));
#5046=CARTESIAN_POINT('Ctrl Pts',(1195.34650942794,11.5182074588403,0.502286610188737));
#5047=CARTESIAN_POINT('Ctrl Pts',(1206.92169106764,15.2520943570866,0.502286610188753));
#5048=CARTESIAN_POINT('Ctrl Pts',(1220.10179373739,22.9996601875741,0.502286610188743));
#5049=CARTESIAN_POINT('Ctrl Pts',(1233.00492586668,35.9043385804017,0.502286610188749));
#5050=CARTESIAN_POINT('Ctrl Pts',(1240.74948335107,49.0723796692181,0.502286610188747));
#5051=CARTESIAN_POINT('Ctrl Pts',(1244.48474733223,60.6582303183774,0.502286610188748));
#5052=CARTESIAN_POINT('Ctrl Pts',(1246.06464560205,69.6031391407543,0.502286610188748));
#5053=CARTESIAN_POINT('Ctrl Pts',(1246.63272595513,78.6080934995282,0.502286610188748));
#5054=CARTESIAN_POINT('Ctrl Pts',(1246.63425943907,84.5468059179739,0.502286610188749));
#5055=CARTESIAN_POINT('Ctrl Pts',(1246.63425943907,87.4999999999999,0.502286610188749));
#5056=CARTESIAN_POINT('Ctrl Pts',(1168.5,9.00000000000008,1.55120104948717));
#5057=CARTESIAN_POINT('Ctrl Pts',(1171.45319408203,9.00000000000008,1.55120104948717));
#5058=CARTESIAN_POINT('Ctrl Pts',(1177.3872536164,9.00183923021472,1.55120104948717));
#5059=CARTESIAN_POINT('Ctrl Pts',(1186.42863367861,9.57013895279065,1.55120104948717));
#5060=CARTESIAN_POINT('Ctrl Pts',(1195.43403818476,11.1617992512,1.55120104948717));
#5061=CARTESIAN_POINT('Ctrl Pts',(1207.07696099677,14.9173829575669,1.55120104948717));
#5062=CARTESIAN_POINT('Ctrl Pts',(1220.33026886519,22.7089892328247,1.55120104948717));
#5063=CARTESIAN_POINT('Ctrl Pts',(1233.29564653163,35.6760243862428,1.55120104948717));
#5064=CARTESIAN_POINT('Ctrl Pts',(1241.08429579513,48.9170585501352,1.55120104948717));
#5065=CARTESIAN_POINT('Ctrl Pts',(1244.84115084617,60.5706412899473,1.55120104948717));
#5066=CARTESIAN_POINT('Ctrl Pts',(1246.42894582719,69.562019453963,1.55120104948717));
#5067=CARTESIAN_POINT('Ctrl Pts',(1246.99863019684,78.6000254345777,1.55120104948717));
#5068=CARTESIAN_POINT('Ctrl Pts',(1247.,84.546805917974,1.55120104948717));
#5069=CARTESIAN_POINT('Ctrl Pts',(1247.,87.4999999999999,1.55120104948717));
#5070=CARTESIAN_POINT('Ctrl Pts',(1168.5,9.00000000000008,2.));
#5071=CARTESIAN_POINT('Ctrl Pts',(1171.45319408203,9.00000000000008,2.));
#5072=CARTESIAN_POINT('Ctrl Pts',(1177.38733148213,9.00186707740606,2.));
#5073=CARTESIAN_POINT('Ctrl Pts',(1186.42872013709,9.57019460913485,2.));
#5074=CARTESIAN_POINT('Ctrl Pts',(1195.43403321592,11.1618613641491,2.));
#5075=CARTESIAN_POINT('Ctrl Pts',(1207.07683168922,14.9173991835572,2.));
#5076=CARTESIAN_POINT('Ctrl Pts',(1220.33019870276,22.7090950540568,2.));
#5077=CARTESIAN_POINT('Ctrl Pts',(1233.29561023767,35.6760932521773,2.));
#5078=CARTESIAN_POINT('Ctrl Pts',(1241.08421756938,48.9171302044375,2.));
#5079=CARTESIAN_POINT('Ctrl Pts',(1244.8411079644,60.5706725320597,2.));
#5080=CARTESIAN_POINT('Ctrl Pts',(1246.42888123945,69.5619265993529,2.));
#5081=CARTESIAN_POINT('Ctrl Pts',(1246.99860740618,78.5999546247998,2.));
#5082=CARTESIAN_POINT('Ctrl Pts',(1247.,84.546805917974,2.));
#5083=CARTESIAN_POINT('Ctrl Pts',(1247.,87.4999999999999,2.));
#5084=CARTESIAN_POINT('',(1245.,87.4999999999999,0.));
#5085=CARTESIAN_POINT('',(1247.,87.5,2.));
#5086=CARTESIAN_POINT('Origin',(1245.,87.4999999999999,2.));
#5087=CARTESIAN_POINT('Ctrl Pts',(1247.,87.4999999999999,2.));
#5088=CARTESIAN_POINT('Ctrl Pts',(1247.,84.546805917974,2.));
#5089=CARTESIAN_POINT('Ctrl Pts',(1246.99860740618,78.5999546247998,2.));
#5090=CARTESIAN_POINT('Ctrl Pts',(1246.42888123945,69.5619265993529,2.));
#5091=CARTESIAN_POINT('Ctrl Pts',(1244.8411079644,60.5706725320597,2.));
#5092=CARTESIAN_POINT('Ctrl Pts',(1241.08421756938,48.9171302044375,2.));
#5093=CARTESIAN_POINT('Ctrl Pts',(1233.29561023767,35.6760932521773,2.));
#5094=CARTESIAN_POINT('Ctrl Pts',(1220.33019870276,22.7090950540568,2.));
#5095=CARTESIAN_POINT('Ctrl Pts',(1207.07683168922,14.9173991835572,2.));
#5096=CARTESIAN_POINT('Ctrl Pts',(1195.43403321592,11.1618613641491,2.));
#5097=CARTESIAN_POINT('Ctrl Pts',(1186.42872013709,9.57019460913485,2.));
#5098=CARTESIAN_POINT('Ctrl Pts',(1177.38733148213,9.00186707740606,2.));
#5099=CARTESIAN_POINT('Ctrl Pts',(1171.45319408203,9.00000000000008,2.));
#5100=CARTESIAN_POINT('Ctrl Pts',(1168.5,9.00000000000008,2.));
#5101=CARTESIAN_POINT('Ctrl Pts',(1168.5,11.0000000000001,0.));
#5102=CARTESIAN_POINT('Ctrl Pts',(1171.45319408203,11.0000000000001,0.));
#5103=CARTESIAN_POINT('Ctrl Pts',(1177.3428394434,11.0025365443322,0.));
#5104=CARTESIAN_POINT('Ctrl Pts',(1186.20356137637,11.5617905357583,0.));
#5105=CARTESIAN_POINT('Ctrl Pts',(1194.95543637115,13.1103080074303,0.));
#5106=CARTESIAN_POINT('Ctrl Pts',(1206.22884430072,16.747584619302,0.));
#5107=CARTESIAN_POINT('Ctrl Pts',(1219.08140330917,24.2977004995731,0.));
#5108=CARTESIAN_POINT('Ctrl Pts',(1231.70615008577,36.9240194721474,0.));
#5109=CARTESIAN_POINT('Ctrl Pts',(1239.25399935326,49.7658808467573,0.));
#5110=CARTESIAN_POINT('Ctrl Pts',(1242.89252576573,61.0493787048467,0.));
#5111=CARTESIAN_POINT('Ctrl Pts',(1244.43729897317,69.7875621664024,0.));
#5112=CARTESIAN_POINT('Ctrl Pts',(1244.99790340388,78.6446673101621,0.));
#5113=CARTESIAN_POINT('Ctrl Pts',(1245.,84.546805917974,0.));
#5114=CARTESIAN_POINT('Ctrl Pts',(1245.,87.4999999999999,0.));
#5115=CARTESIAN_POINT('Origin',(1245.,83.0000000000003,2.));
#5116=CARTESIAN_POINT('',(1245.,226.5,0.));
#5117=CARTESIAN_POINT('',(1247.,226.5,2.));
#5118=CARTESIAN_POINT('Origin',(1245.,226.5,2.));
#5119=CARTESIAN_POINT('',(1247.,83.0000000000003,2.));
#5120=CARTESIAN_POINT('',(1245.,83.0000000000003,0.));
#5121=CARTESIAN_POINT('Ctrl Pts',(1245.,226.5,0.));
#5122=CARTESIAN_POINT('Ctrl Pts',(1245.,229.453194082026,0.));
#5123=CARTESIAN_POINT('Ctrl Pts',(1244.99753245953,235.342876764245,0.));
#5124=CARTESIAN_POINT('Ctrl Pts',(1244.43782720745,244.203823509607,0.));
#5125=CARTESIAN_POINT('Ctrl Pts',(1242.89000553341,252.955614224333,0.));
#5126=CARTESIAN_POINT('Ctrl Pts',(1239.25200024121,264.227681657853,0.));
#5127=CARTESIAN_POINT('Ctrl Pts',(1231.70241419174,277.081569166933,0.));
#5128=CARTESIAN_POINT('Ctrl Pts',(1219.07590410207,289.705992309162,0.));
#5129=CARTESIAN_POINT('Ctrl Pts',(1206.23417468222,297.254047299718,0.));
#5130=CARTESIAN_POINT('Ctrl Pts',(1194.95069277836,300.892562117858,0.));
#5131=CARTESIAN_POINT('Ctrl Pts',(1186.21248706203,302.437334997247,0.));
#5132=CARTESIAN_POINT('Ctrl Pts',(1177.35536440948,302.997921909096,0.));
#5133=CARTESIAN_POINT('Ctrl Pts',(1171.45319408203,303.000000000001,0.));
#5134=CARTESIAN_POINT('Ctrl Pts',(1168.5,303.000000000001,0.));
#5135=CARTESIAN_POINT('Ctrl Pts',(1245.59839860068,226.5,0.));
#5136=CARTESIAN_POINT('Ctrl Pts',(1245.59839860068,229.453194082026,-1.89655447843678E-17));
#5137=CARTESIAN_POINT('Ctrl Pts',(1245.59619075877,235.356033464017,-6.84989103487864E-16));
#5138=CARTESIAN_POINT('Ctrl Pts',(1245.03378033912,244.271103413828,8.42839069798954E-16));
#5139=CARTESIAN_POINT('Ctrl Pts',(1243.47312555779,253.098750290291,-1.8138155671063E-17));
#5140=CARTESIAN_POINT('Ctrl Pts',(1239.79962954101,264.481603346953,-7.61905206627562E-16));
#5141=CARTESIAN_POINT('Ctrl Pts',(1232.17792541506,277.455324225504,7.44788858029608E-17));
#5142=CARTESIAN_POINT('Ctrl Pts',(1219.44940976757,290.181637126552,-1.25408024282267E-16));
#5143=CARTESIAN_POINT('Ctrl Pts',(1206.48825422935,297.801791649019,1.26304246061886E-17));
#5144=CARTESIAN_POINT('Ctrl Pts',(1195.093981253,301.475660982745,-1.20660874701019E-17));
#5145=CARTESIAN_POINT('Ctrl Pts',(1186.27983775375,303.033334915977,-5.45829938007522E-19));
#5146=CARTESIAN_POINT('Ctrl Pts',(1177.36861861549,303.596575268174,-3.21385888489575E-18));
#5147=CARTESIAN_POINT('Ctrl Pts',(1171.45319408203,303.598398600685,0.));
#5148=CARTESIAN_POINT('Ctrl Pts',(1168.5,303.598398600685,0.));
#5149=CARTESIAN_POINT('Ctrl Pts',(1246.63425720609,226.5,0.50228929083636));
#5150=CARTESIAN_POINT('Ctrl Pts',(1246.63425720609,229.453194082026,0.50228929083636));
#5151=CARTESIAN_POINT('Ctrl Pts',(1246.63232059857,235.379289271994,0.502289290836359));
#5152=CARTESIAN_POINT('Ctrl Pts',(1246.0651373922,244.387882350693,0.502289290836362));
#5153=CARTESIAN_POINT('Ctrl Pts',(1244.48209713179,253.346756814876,0.50228929083636));
#5154=CARTESIAN_POINT('Ctrl Pts',(1240.74755290694,264.920282291089,0.502289290836359));
#5155=CARTESIAN_POINT('Ctrl Pts',(1233.00042903163,278.102009726105,0.502289290836361));
#5156=CARTESIAN_POINT('Ctrl Pts',(1220.09557444541,291.004740160909,0.50228929083636));
#5157=CARTESIAN_POINT('Ctrl Pts',(1206.92767133208,298.749540130005,0.50228929083636));
#5158=CARTESIAN_POINT('Ctrl Pts',(1195.34185153332,302.484780750001,0.50228929083636));
#5159=CARTESIAN_POINT('Ctrl Pts',(1186.39691539422,304.064682205404,0.50228929083636));
#5160=CARTESIAN_POINT('Ctrl Pts',(1177.39194346179,304.632742697785,0.50228929083636));
#5161=CARTESIAN_POINT('Ctrl Pts',(1171.45319408203,304.634257206094,0.50228929083636));
#5162=CARTESIAN_POINT('Ctrl Pts',(1168.5,304.634257206094,0.50228929083636));
#5163=CARTESIAN_POINT('Ctrl Pts',(1247.,226.5,1.55120104948717));
#5164=CARTESIAN_POINT('Ctrl Pts',(1247.,229.453194082026,1.55120104948717));
#5165=CARTESIAN_POINT('Ctrl Pts',(1246.99823795417,235.387287982111,1.55120104948717));
#5166=CARTESIAN_POINT('Ctrl Pts',(1246.42940933392,244.428976125524,1.55120104948717));
#5167=CARTESIAN_POINT('Ctrl Pts',(1244.8385406028,253.434221472066,1.55120104948717));
#5168=CARTESIAN_POINT('Ctrl Pts',(1241.08226989777,265.075557364615,1.55120104948717));
#5169=CARTESIAN_POINT('Ctrl Pts',(1233.29111873527,278.330476758619,1.55120104948717));
#5170=CARTESIAN_POINT('Ctrl Pts',(1220.3238969606,291.29547882771,1.55120104948717));
#5171=CARTESIAN_POINT('Ctrl Pts',(1207.08300160927,299.084360651552,1.55120104948717));
#5172=CARTESIAN_POINT('Ctrl Pts',(1195.42944486653,302.841194877478,1.55120104948717));
#5173=CARTESIAN_POINT('Ctrl Pts',(1186.43803679223,304.428990801832,1.55120104948717));
#5174=CARTESIAN_POINT('Ctrl Pts',(1177.40001062505,304.998652936922,1.55120104948717));
#5175=CARTESIAN_POINT('Ctrl Pts',(1171.45319408203,305.000000000001,1.55120104948717));
#5176=CARTESIAN_POINT('Ctrl Pts',(1168.5,305.000000000001,1.55120104948717));
#5177=CARTESIAN_POINT('Ctrl Pts',(1247.,226.5,2.));
#5178=CARTESIAN_POINT('Ctrl Pts',(1247.,229.453194082026,2.));
#5179=CARTESIAN_POINT('Ctrl Pts',(1246.99820418434,235.387379052933,2.));
#5180=CARTESIAN_POINT('Ctrl Pts',(1246.4293585192,244.42903558714,2.));
#5181=CARTESIAN_POINT('Ctrl Pts',(1244.83845745822,253.434265156221,2.));
#5182=CARTESIAN_POINT('Ctrl Pts',(1241.08226024292,265.0753921306,2.));
#5183=CARTESIAN_POINT('Ctrl Pts',(1233.29099930247,278.330419255871,2.));
#5184=CARTESIAN_POINT('Ctrl Pts',(1220.32382258201,291.295429117272,2.));
#5185=CARTESIAN_POINT('Ctrl Pts',(1207.08292441806,299.084280160416,2.));
#5186=CARTESIAN_POINT('Ctrl Pts',(1195.42941278482,302.841146734526,2.));
#5187=CARTESIAN_POINT('Ctrl Pts',(1186.43812961646,304.428922799965,2.));
#5188=CARTESIAN_POINT('Ctrl Pts',(1177.40008280514,304.998627905397,2.));
#5189=CARTESIAN_POINT('Ctrl Pts',(1171.45319408203,305.000000000001,2.));
#5190=CARTESIAN_POINT('Ctrl Pts',(1168.5,305.000000000001,2.));
#5191=CARTESIAN_POINT('',(1168.5,303.000000000001,0.));
#5192=CARTESIAN_POINT('',(1168.5,305.000000000001,2.));
#5193=CARTESIAN_POINT('Origin',(1168.5,303.000000000001,2.));
#5194=CARTESIAN_POINT('Ctrl Pts',(1168.5,305.000000000001,2.));
#5195=CARTESIAN_POINT('Ctrl Pts',(1171.45319408203,305.000000000001,2.));
#5196=CARTESIAN_POINT('Ctrl Pts',(1177.40008280514,304.998627905397,2.));
#5197=CARTESIAN_POINT('Ctrl Pts',(1186.43812961646,304.428922799965,2.));
#5198=CARTESIAN_POINT('Ctrl Pts',(1195.42941278482,302.841146734526,2.));
#5199=CARTESIAN_POINT('Ctrl Pts',(1207.08292441806,299.084280160416,2.));
#5200=CARTESIAN_POINT('Ctrl Pts',(1220.32382258201,291.295429117272,2.));
#5201=CARTESIAN_POINT('Ctrl Pts',(1233.29099930247,278.330419255871,2.));
#5202=CARTESIAN_POINT('Ctrl Pts',(1241.08226024292,265.0753921306,2.));
#5203=CARTESIAN_POINT('Ctrl Pts',(1244.83845745822,253.434265156221,2.));
#5204=CARTESIAN_POINT('Ctrl Pts',(1246.4293585192,244.42903558714,2.));
#5205=CARTESIAN_POINT('Ctrl Pts',(1246.99820418434,235.387379052933,2.));
#5206=CARTESIAN_POINT('Ctrl Pts',(1247.,229.453194082026,2.));
#5207=CARTESIAN_POINT('Ctrl Pts',(1247.,226.5,2.));
#5208=CARTESIAN_POINT('Ctrl Pts',(1245.,226.5,0.));
#5209=CARTESIAN_POINT('Ctrl Pts',(1245.,229.453194082026,0.));
#5210=CARTESIAN_POINT('Ctrl Pts',(1244.99753245953,235.342876764245,0.));
#5211=CARTESIAN_POINT('Ctrl Pts',(1244.43782720745,244.203823509607,0.));
#5212=CARTESIAN_POINT('Ctrl Pts',(1242.89000553341,252.955614224333,0.));
#5213=CARTESIAN_POINT('Ctrl Pts',(1239.25200024121,264.227681657853,0.));
#5214=CARTESIAN_POINT('Ctrl Pts',(1231.70241419174,277.081569166933,0.));
#5215=CARTESIAN_POINT('Ctrl Pts',(1219.07590410207,289.705992309162,0.));
#5216=CARTESIAN_POINT('Ctrl Pts',(1206.23417468222,297.254047299718,0.));
#5217=CARTESIAN_POINT('Ctrl Pts',(1194.95069277836,300.892562117858,0.));
#5218=CARTESIAN_POINT('Ctrl Pts',(1186.21248706203,302.437334997247,0.));
#5219=CARTESIAN_POINT('Ctrl Pts',(1177.35536440948,302.997921909096,0.));
#5220=CARTESIAN_POINT('Ctrl Pts',(1171.45319408203,303.000000000001,0.));
#5221=CARTESIAN_POINT('Ctrl Pts',(1168.5,303.000000000001,0.));
#5222=CARTESIAN_POINT('Origin',(937.5,303.,2.));
#5223=CARTESIAN_POINT('',(87.5,303.,0.));
#5224=CARTESIAN_POINT('',(87.4999999999999,305.,2.));
#5225=CARTESIAN_POINT('Origin',(87.5,303.,2.));
#5226=CARTESIAN_POINT('',(937.5,305.,2.));
#5227=CARTESIAN_POINT('',(937.5,303.,0.));
#5228=CARTESIAN_POINT('Ctrl Pts',(87.4999999999999,303.,0.));
#5229=CARTESIAN_POINT('Ctrl Pts',(84.5468059179739,303.,0.));
#5230=CARTESIAN_POINT('Ctrl Pts',(78.6570224453399,302.997484356507,0.));
#5231=CARTESIAN_POINT('Ctrl Pts',(69.7963781255195,302.438564279109,0.));
#5232=CARTESIAN_POINT('Ctrl Pts',(61.0437725772985,300.889828416844,0.));
#5233=CARTESIAN_POINT('Ctrl Pts',(49.7719642420662,297.253644069973,0.));
#5234=CARTESIAN_POINT('Ctrl Pts',(36.9129410090996,289.701287344587,0.));
#5235=CARTESIAN_POINT('Ctrl Pts',(24.302669773296,277.078131927285,0.));
#5236=CARTESIAN_POINT('Ctrl Pts',(15.212408359329,261.661634799594,0.));
#5237=CARTESIAN_POINT('Ctrl Pts',(11.0361160198576,244.249167735186,0.));
#5238=CARTESIAN_POINT('Ctrl Pts',(11.0000000000003,232.406388164052,0.));
#5239=CARTESIAN_POINT('Ctrl Pts',(11.0000000000003,226.5,0.));
#5240=CARTESIAN_POINT('Ctrl Pts',(87.4999999999999,303.598398600684,0.));
#5241=CARTESIAN_POINT('Ctrl Pts',(84.5468059179739,303.598398600684,0.));
#5242=CARTESIAN_POINT('Ctrl Pts',(78.6437981905606,303.596105382407,8.57570370302048E-17));
#5243=CARTESIAN_POINT('Ctrl Pts',(69.7291299930448,303.034500131193,1.25653133942466E-16));
#5244=CARTESIAN_POINT('Ctrl Pts',(60.9005285240393,301.472866853727,4.9632027455918E-16));
#5245=CARTESIAN_POINT('Ctrl Pts',(49.5181248514447,297.801217178347,1.1849392815822E-16));
#5246=CARTESIAN_POINT('Ctrl Pts',(36.5390247709944,290.176790880815,-2.6423696986452E-16));
#5247=CARTESIAN_POINT('Ctrl Pts',(23.8275365643085,277.451501556986,-1.28718491064434E-15));
#5248=CARTESIAN_POINT('Ctrl Pts',(14.6492320213347,261.89200854222,4.82992807969463E-16));
#5249=CARTESIAN_POINT('Ctrl Pts',(10.4344941439901,244.305012122759,1.15366306342193E-15));
#5250=CARTESIAN_POINT('Ctrl Pts',(10.4016013993165,232.406388164052,-1.32871180876519E-15));
#5251=CARTESIAN_POINT('Ctrl Pts',(10.4016013993166,226.5,-1.32871180876519E-15));
#5252=CARTESIAN_POINT('Ctrl Pts',(87.4999999999999,304.634304117366,0.502232974735936));
#5253=CARTESIAN_POINT('Ctrl Pts',(84.5468059179739,304.634304117366,0.502232974735936));
#5254=CARTESIAN_POINT('Ctrl Pts',(78.6206020907277,304.632326698275,0.502232974735936));
#5255=CARTESIAN_POINT('Ctrl Pts',(69.6123148668426,304.065988562245,0.502232974735936));
#5256=CARTESIAN_POINT('Ctrl Pts',(60.6525782243449,302.482019484221,0.502232974735937));
#5257=CARTESIAN_POINT('Ctrl Pts',(49.0791399122293,298.749209730922,0.502232974735936));
#5258=CARTESIAN_POINT('Ctrl Pts',(35.8918746909134,290.99961285037,0.502232974735935));
#5259=CARTESIAN_POINT('Ctrl Pts',(23.0050584820896,278.097840746024,0.502232974735934));
#5260=CARTESIAN_POINT('Ctrl Pts',(13.6746458084136,262.290672500347,0.502232974735937));
#5261=CARTESIAN_POINT('Ctrl Pts',(9.39310971025747,244.402190640567,0.502232974735937));
#5262=CARTESIAN_POINT('Ctrl Pts',(9.36569588263427,232.406388164052,0.502232974735933));
#5263=CARTESIAN_POINT('Ctrl Pts',(9.36569588263432,226.5,0.502232974735933));
#5264=CARTESIAN_POINT('Ctrl Pts',(87.4999999999999,305.,1.55120104948717));
#5265=CARTESIAN_POINT('Ctrl Pts',(84.5468059179739,305.,1.55120104948717));
#5266=CARTESIAN_POINT('Ctrl Pts',(78.6125489459748,304.998165023471,1.55120104948717));
#5267=CARTESIAN_POINT('Ctrl Pts',(69.571255516143,304.430193860448,1.55120104948717));
#5268=CARTESIAN_POINT('Ctrl Pts',(60.5650360821625,302.838343678145,1.55120104948717));
#5269=CARTESIAN_POINT('Ctrl Pts',(48.9239707559284,299.083838100205,1.55120104948717));
#5270=CARTESIAN_POINT('Ctrl Pts',(35.6633515569032,291.290236209332,1.55120104948717));
#5271=CARTESIAN_POINT('Ctrl Pts',(22.7146893920882,278.326017103149,1.55120104948717));
#5272=CARTESIAN_POINT('Ctrl Pts',(13.3304426544379,262.431472910897,1.55120104948717));
#5273=CARTESIAN_POINT('Ctrl Pts',(9.02543450740911,244.436271034002,1.55120104948717));
#5274=CARTESIAN_POINT('Ctrl Pts',(9.00000000000029,232.406388164052,1.55120104948717));
#5275=CARTESIAN_POINT('Ctrl Pts',(9.00000000000034,226.5,1.55120104948717));
#5276=CARTESIAN_POINT('Ctrl Pts',(87.4999999999999,305.,2.));
#5277=CARTESIAN_POINT('Ctrl Pts',(84.5468059179739,305.,2.));
#5278=CARTESIAN_POINT('Ctrl Pts',(78.612491857114,304.99815198503,2.));
#5279=CARTESIAN_POINT('Ctrl Pts',(69.5711802210925,304.430164911565,2.));
#5280=CARTESIAN_POINT('Ctrl Pts',(60.5650405478941,302.838313090481,2.));
#5281=CARTESIAN_POINT('Ctrl Pts',(48.9240543436533,299.083851760224,2.));
#5282=CARTESIAN_POINT('Ctrl Pts',(35.6633793064851,291.290172894781,2.));
#5283=CARTESIAN_POINT('Ctrl Pts',(22.7146967482807,278.326014839898,2.));
#5284=CARTESIAN_POINT('Ctrl Pts',(13.330507614034,262.431446015682,2.));
#5285=CARTESIAN_POINT('Ctrl Pts',(9.02545352250757,244.436366052438,2.));
#5286=CARTESIAN_POINT('Ctrl Pts',(9.00000000000029,232.406388164052,2.));
#5287=CARTESIAN_POINT('Ctrl Pts',(9.00000000000034,226.5,2.));
#5288=CARTESIAN_POINT('',(11.0000000000003,226.5,0.));
#5289=CARTESIAN_POINT('',(9.00000000000034,226.5,2.));
#5290=CARTESIAN_POINT('Origin',(11.0000000000003,226.5,2.));
#5291=CARTESIAN_POINT('Ctrl Pts',(9.00000000000034,226.5,2.));
#5292=CARTESIAN_POINT('Ctrl Pts',(9.00000000000029,232.406388164052,2.));
#5293=CARTESIAN_POINT('Ctrl Pts',(9.02545352250757,244.436366052438,2.));
#5294=CARTESIAN_POINT('Ctrl Pts',(13.330507614034,262.431446015682,2.));
#5295=CARTESIAN_POINT('Ctrl Pts',(22.7146967482807,278.326014839898,2.));
#5296=CARTESIAN_POINT('Ctrl Pts',(35.6633793064851,291.290172894781,2.));
#5297=CARTESIAN_POINT('Ctrl Pts',(48.9240543436533,299.083851760224,2.));
#5298=CARTESIAN_POINT('Ctrl Pts',(60.5650405478941,302.838313090481,2.));
#5299=CARTESIAN_POINT('Ctrl Pts',(69.5711802210925,304.430164911565,2.));
#5300=CARTESIAN_POINT('Ctrl Pts',(78.612491857114,304.99815198503,2.));
#5301=CARTESIAN_POINT('Ctrl Pts',(84.5468059179739,305.,2.));
#5302=CARTESIAN_POINT('Ctrl Pts',(87.4999999999999,305.,2.));
#5303=CARTESIAN_POINT('Ctrl Pts',(87.4999999999999,303.,0.));
#5304=CARTESIAN_POINT('Ctrl Pts',(84.5468059179739,303.,0.));
#5305=CARTESIAN_POINT('Ctrl Pts',(78.6570224453399,302.997484356507,0.));
#5306=CARTESIAN_POINT('Ctrl Pts',(69.7963781255195,302.438564279109,0.));
#5307=CARTESIAN_POINT('Ctrl Pts',(61.0437725772985,300.889828416844,0.));
#5308=CARTESIAN_POINT('Ctrl Pts',(49.7719642420662,297.253644069973,0.));
#5309=CARTESIAN_POINT('Ctrl Pts',(36.9129410090996,289.701287344587,0.));
#5310=CARTESIAN_POINT('Ctrl Pts',(24.302669773296,277.078131927285,0.));
#5311=CARTESIAN_POINT('Ctrl Pts',(15.212408359329,261.661634799594,0.));
#5312=CARTESIAN_POINT('Ctrl Pts',(11.0361160198576,244.249167735186,0.));
#5313=CARTESIAN_POINT('Ctrl Pts',(11.0000000000003,232.406388164052,0.));
#5314=CARTESIAN_POINT('Ctrl Pts',(11.0000000000003,226.5,0.));
#5315=CARTESIAN_POINT('Origin',(10.9999999999998,231.,2.));
#5316=CARTESIAN_POINT('',(10.9999999999998,231.,0.));
#5317=CARTESIAN_POINT('',(8.99999999999984,231.,2.));
#5318=CARTESIAN_POINT('Origin',(1247.,305.,18.));
#5319=CARTESIAN_POINT('',(87.5,305.,16.));
#5320=CARTESIAN_POINT('',(87.4999999999999,305.,18.));
#5321=CARTESIAN_POINT('',(1168.5,305.,16.));
#5322=CARTESIAN_POINT('',(937.5,305.,16.));
#5323=CARTESIAN_POINT('',(1168.5,305.,18.));
#5324=CARTESIAN_POINT('Ctrl Pts',(87.5,305.,16.));
#5325=CARTESIAN_POINT('Ctrl Pts',(87.5,305.,11.3333333333333));
#5326=CARTESIAN_POINT('Ctrl Pts',(87.5,305.,6.66666666666667));
#5327=CARTESIAN_POINT('Ctrl Pts',(87.5,305.,2.));
#5328=CARTESIAN_POINT('Ctrl Pts',(81.6282137307905,305.,16.));
#5329=CARTESIAN_POINT('Ctrl Pts',(81.6282137307905,305.,11.3333333333333));
#5330=CARTESIAN_POINT('Ctrl Pts',(81.6282137307905,305.,6.66666666666667));
#5331=CARTESIAN_POINT('Ctrl Pts',(81.6282137307905,305.,2.));
#5332=CARTESIAN_POINT('Ctrl Pts',(70.0096382296501,304.943069869072,16.));
#5333=CARTESIAN_POINT('Ctrl Pts',(70.0096382296501,304.943069869072,11.3333333333333));
#5334=CARTESIAN_POINT('Ctrl Pts',(70.0096382296501,304.943069869072,6.66666666666665));
#5335=CARTESIAN_POINT('Ctrl Pts',(70.0096382296501,304.943069869072,2.));
#5336=CARTESIAN_POINT('Ctrl Pts',(52.7092104300037,301.074539877942,16.));
#5337=CARTESIAN_POINT('Ctrl Pts',(52.7092104300037,301.074539877942,11.3333333333333));
#5338=CARTESIAN_POINT('Ctrl Pts',(52.7092104300037,301.074539877942,6.66666666666668));
#5339=CARTESIAN_POINT('Ctrl Pts',(52.7092104300037,301.074539877942,2.));
#5340=CARTESIAN_POINT('Ctrl Pts',(36.2069453862351,291.845789049898,16.));
#5341=CARTESIAN_POINT('Ctrl Pts',(36.2069453862351,291.845789049898,11.3333333333333));
#5342=CARTESIAN_POINT('Ctrl Pts',(36.2069453862351,291.845789049898,6.66666666666665));
#5343=CARTESIAN_POINT('Ctrl Pts',(36.2069453862351,291.845789049898,2.));
#5344=CARTESIAN_POINT('Ctrl Pts',(22.1497301721016,277.791946816635,16.));
#5345=CARTESIAN_POINT('Ctrl Pts',(22.1497301721016,277.791946816635,11.3333333333333));
#5346=CARTESIAN_POINT('Ctrl Pts',(22.1497301721016,277.791946816635,6.66666666666667));
#5347=CARTESIAN_POINT('Ctrl Pts',(22.1497301721016,277.791946816635,2.));
#5348=CARTESIAN_POINT('Ctrl Pts',(12.9305955649944,261.292728375141,16.));
#5349=CARTESIAN_POINT('Ctrl Pts',(12.9305955649944,261.292728375141,11.3333333333333));
#5350=CARTESIAN_POINT('Ctrl Pts',(12.9305955649944,261.292728375141,6.66666666666667));
#5351=CARTESIAN_POINT('Ctrl Pts',(12.9305955649944,261.292728375141,2.));
#5352=CARTESIAN_POINT('Ctrl Pts',(9.05387519292562,243.989381759819,16.));
#5353=CARTESIAN_POINT('Ctrl Pts',(9.05387519292562,243.989381759819,11.3333333333333));
#5354=CARTESIAN_POINT('Ctrl Pts',(9.05387519292562,243.989381759819,6.66666666666666));
#5355=CARTESIAN_POINT('Ctrl Pts',(9.05387519292562,243.989381759819,2.));
#5356=CARTESIAN_POINT('Ctrl Pts',(9.00000000000028,232.37178626921,16.));
#5357=CARTESIAN_POINT('Ctrl Pts',(9.00000000000028,232.37178626921,11.3333333333333));
#5358=CARTESIAN_POINT('Ctrl Pts',(9.00000000000028,232.37178626921,6.66666666666667));
#5359=CARTESIAN_POINT('Ctrl Pts',(9.00000000000028,232.37178626921,2.));
#5360=CARTESIAN_POINT('Ctrl Pts',(9.00000000000033,226.5,16.));
#5361=CARTESIAN_POINT('Ctrl Pts',(9.00000000000033,226.5,11.3333333333333));
#5362=CARTESIAN_POINT('Ctrl Pts',(9.00000000000033,226.5,6.66666666666667));
#5363=CARTESIAN_POINT('Ctrl Pts',(9.00000000000033,226.5,2.));
#5364=CARTESIAN_POINT('',(8.99999999999984,226.5,16.));
#5365=CARTESIAN_POINT('',(8.99999999999984,226.5,18.));
#5366=CARTESIAN_POINT('Ctrl Pts',(87.5,305.,16.));
#5367=CARTESIAN_POINT('Ctrl Pts',(81.5936118359481,305.,16.));
#5368=CARTESIAN_POINT('Ctrl Pts',(69.5635770574789,304.974496169771,16.));
#5369=CARTESIAN_POINT('Ctrl Pts',(51.5685500873603,300.669566841247,16.));
#5370=CARTESIAN_POINT('Ctrl Pts',(35.6739821980845,291.285351712073,16.));
#5371=CARTESIAN_POINT('Ctrl Pts',(22.709826770538,278.336638947226,16.));
#5372=CARTESIAN_POINT('Ctrl Pts',(14.9161807310722,265.07592502725,16.));
#5373=CARTESIAN_POINT('Ctrl Pts',(11.1616904589006,253.434960464175,16.));
#5374=CARTESIAN_POINT('Ctrl Pts',(9.56984304102268,244.428813396574,16.));
#5375=CARTESIAN_POINT('Ctrl Pts',(9.00184672646366,235.387512100608,16.));
#5376=CARTESIAN_POINT('Ctrl Pts',(9.0000000000003,229.453194082026,16.));
#5377=CARTESIAN_POINT('Ctrl Pts',(9.00000000000033,226.5,16.));
#5378=CARTESIAN_POINT('Origin',(8.99999999999977,305.,18.));
#5379=CARTESIAN_POINT('',(8.99999999999998,87.4999999999999,16.));
#5380=CARTESIAN_POINT('',(8.99999999999998,87.4999999999999,18.));
#5381=CARTESIAN_POINT('',(8.99999999999984,231.,16.));
#5382=CARTESIAN_POINT('Ctrl Pts',(8.99999999999998,87.4999999999999,16.));
#5383=CARTESIAN_POINT('Ctrl Pts',(8.99999999999998,87.4999999999999,11.3333333333333));
#5384=CARTESIAN_POINT('Ctrl Pts',(8.99999999999998,87.4999999999999,6.66666666666667));
#5385=CARTESIAN_POINT('Ctrl Pts',(8.99999999999998,87.4999999999999,2.));
#5386=CARTESIAN_POINT('Ctrl Pts',(8.99999999999998,81.6282137307904,16.));
#5387=CARTESIAN_POINT('Ctrl Pts',(8.99999999999998,81.6282137307904,11.3333333333333));
#5388=CARTESIAN_POINT('Ctrl Pts',(8.99999999999998,81.6282137307904,6.66666666666667));
#5389=CARTESIAN_POINT('Ctrl Pts',(8.99999999999998,81.6282137307904,2.));
#5390=CARTESIAN_POINT('Ctrl Pts',(9.05590248616847,70.0101482034542,16.));
#5391=CARTESIAN_POINT('Ctrl Pts',(9.05590248616847,70.0101482034542,11.3333333333333));
#5392=CARTESIAN_POINT('Ctrl Pts',(9.05590248616847,70.0101482034542,6.66666666666667));
#5393=CARTESIAN_POINT('Ctrl Pts',(9.05590248616847,70.0101482034542,2.));
#5394=CARTESIAN_POINT('Ctrl Pts',(12.924905040035,52.7094192051905,16.));
#5395=CARTESIAN_POINT('Ctrl Pts',(12.924905040035,52.7094192051905,11.3333333333333));
#5396=CARTESIAN_POINT('Ctrl Pts',(12.924905040035,52.7094192051905,6.66666666666667));
#5397=CARTESIAN_POINT('Ctrl Pts',(12.924905040035,52.7094192051905,2.));
#5398=CARTESIAN_POINT('Ctrl Pts',(22.1523239526583,36.2078976024672,16.));
#5399=CARTESIAN_POINT('Ctrl Pts',(22.1523239526583,36.2078976024672,11.3333333333333));
#5400=CARTESIAN_POINT('Ctrl Pts',(22.1523239526583,36.2078976024672,6.66666666666667));
#5401=CARTESIAN_POINT('Ctrl Pts',(22.1523239526583,36.2078976024672,2.));
#5402=CARTESIAN_POINT('Ctrl Pts',(36.2092710674401,22.148504043378,16.));
#5403=CARTESIAN_POINT('Ctrl Pts',(36.2092710674401,22.148504043378,11.3333333333333));
#5404=CARTESIAN_POINT('Ctrl Pts',(36.2092710674401,22.148504043378,6.66666666666666));
#5405=CARTESIAN_POINT('Ctrl Pts',(36.2092710674401,22.148504043378,2.));
#5406=CARTESIAN_POINT('Ctrl Pts',(52.707919046425,12.9288741417582,16.));
#5407=CARTESIAN_POINT('Ctrl Pts',(52.707919046425,12.9288741417582,11.3333333333333));
#5408=CARTESIAN_POINT('Ctrl Pts',(52.707919046425,12.9288741417582,6.66666666666668));
#5409=CARTESIAN_POINT('Ctrl Pts',(52.707919046425,12.9288741417582,2.));
#5410=CARTESIAN_POINT('Ctrl Pts',(70.0105973852065,9.05448694170887,16.));
#5411=CARTESIAN_POINT('Ctrl Pts',(70.0105973852065,9.05448694170887,11.3333333333333));
#5412=CARTESIAN_POINT('Ctrl Pts',(70.0105973852065,9.05448694170887,6.66666666666665));
#5413=CARTESIAN_POINT('Ctrl Pts',(70.0105973852065,9.05448694170887,2.));
#5414=CARTESIAN_POINT('Ctrl Pts',(81.6282137307906,8.99999999999972,16.));
#5415=CARTESIAN_POINT('Ctrl Pts',(81.6282137307906,8.99999999999972,11.3333333333333));
#5416=CARTESIAN_POINT('Ctrl Pts',(81.6282137307906,8.99999999999972,6.66666666666668));
#5417=CARTESIAN_POINT('Ctrl Pts',(81.6282137307906,8.99999999999972,2.));
#5418=CARTESIAN_POINT('Ctrl Pts',(87.5000000000001,8.99999999999969,16.));
#5419=CARTESIAN_POINT('Ctrl Pts',(87.5000000000001,8.99999999999969,11.3333333333333));
#5420=CARTESIAN_POINT('Ctrl Pts',(87.5000000000001,8.99999999999969,6.66666666666667));
#5421=CARTESIAN_POINT('Ctrl Pts',(87.5000000000001,8.99999999999969,2.));
#5422=CARTESIAN_POINT('',(87.5,8.99999999999992,16.));
#5423=CARTESIAN_POINT('',(87.5,8.99999999999992,18.));
#5424=CARTESIAN_POINT('Ctrl Pts',(8.99999999999998,87.4999999999999,16.));
#5425=CARTESIAN_POINT('Ctrl Pts',(8.99999999999998,84.5468059179739,16.));
#5426=CARTESIAN_POINT('Ctrl Pts',(9.00183378259243,78.600486073416,16.));
#5427=CARTESIAN_POINT('Ctrl Pts',(9.57137383126948,69.5624931585148,16.));
#5428=CARTESIAN_POINT('Ctrl Pts',(11.1600126654732,60.5718687978297,16.));
#5429=CARTESIAN_POINT('Ctrl Pts',(14.9150774491916,48.9190134308736,16.));
#5430=CARTESIAN_POINT('Ctrl Pts',(22.705640451851,35.6714236650236,16.));
#5431=CARTESIAN_POINT('Ctrl Pts',(35.6693092324285,22.7177194712706,16.));
#5432=CARTESIAN_POINT('Ctrl Pts',(51.5729487284433,13.3406218666589,16.));
#5433=CARTESIAN_POINT('Ctrl Pts',(66.5594468793882,9.73659994819065,16.));
#5434=CARTESIAN_POINT('Ctrl Pts',(78.6118327115433,9.00983752949849,16.));
#5435=CARTESIAN_POINT('Ctrl Pts',(84.546805917974,8.99999999999969,16.));
#5436=CARTESIAN_POINT('Ctrl Pts',(87.5,8.99999999999967,16.));
#5437=CARTESIAN_POINT('Origin',(628.,157.,0.));
#5438=CARTESIAN_POINT('',(1078.25,157.,0.));
#5439=CARTESIAN_POINT('Origin',(1099.,157.,0.));
#5440=CARTESIAN_POINT('',(764.25,157.,0.));
#5441=CARTESIAN_POINT('Origin',(785.,157.,0.));
#5442=CARTESIAN_POINT('',(450.25,157.,0.));
#5443=CARTESIAN_POINT('Origin',(471.,157.,0.));
#5444=CARTESIAN_POINT('',(136.25,157.,0.));
#5445=CARTESIAN_POINT('Origin',(157.,157.,0.));
#5446=CARTESIAN_POINT('',(293.25,157.,0.));
#5447=CARTESIAN_POINT('Origin',(314.,157.,0.));
#5448=CARTESIAN_POINT('',(607.25,157.,0.));
#5449=CARTESIAN_POINT('Origin',(628.,157.,0.));
#5450=CARTESIAN_POINT('',(921.25,157.,0.));
#5451=CARTESIAN_POINT('Origin',(942.,157.,0.));
#5452=CARTESIAN_POINT('Ctrl Pts',(1245.,87.4999999999999,18.));
#5453=CARTESIAN_POINT('Ctrl Pts',(1245.,84.546805917974,18.));
#5454=CARTESIAN_POINT('Ctrl Pts',(1244.99746211782,78.6571612146282,18.));
#5455=CARTESIAN_POINT('Ctrl Pts',(1244.43820537996,69.7964421799522,18.));
#5456=CARTESIAN_POINT('Ctrl Pts',(1242.88968769195,61.0445667296579,18.));
#5457=CARTESIAN_POINT('Ctrl Pts',(1239.25240610865,49.7711638644823,18.));
#5458=CARTESIAN_POINT('Ctrl Pts',(1231.70229669544,36.918597783914,18.));
#5459=CARTESIAN_POINT('Ctrl Pts',(1219.07597939433,24.2938475421739,18.));
#5460=CARTESIAN_POINT('Ctrl Pts',(1206.23412152592,16.7459993673398,18.));
#5461=CARTESIAN_POINT('Ctrl Pts',(1194.95062800252,13.1074695686192,18.));
#5462=CARTESIAN_POINT('Ctrl Pts',(1186.21244170881,11.5626980950477,18.));
#5463=CARTESIAN_POINT('Ctrl Pts',(1177.35533559685,11.0020945753104,18.));
#5464=CARTESIAN_POINT('Ctrl Pts',(1171.45319408203,11.0000000000001,18.));
#5465=CARTESIAN_POINT('Ctrl Pts',(1168.5,11.0000000000001,18.));
#5466=CARTESIAN_POINT('Ctrl Pts',(1245.59839860068,87.4999999999999,18.));
#5467=CARTESIAN_POINT('Ctrl Pts',(1245.59839860068,84.546805917974,18.));
#5468=CARTESIAN_POINT('Ctrl Pts',(1245.59610976213,78.6439849230719,18.));
#5469=CARTESIAN_POINT('Ctrl Pts',(1245.03418679313,69.7292254336022,18.));
#5470=CARTESIAN_POINT('Ctrl Pts',(1243.47277020264,60.901362278454,18.));
#5471=CARTESIAN_POINT('Ctrl Pts',(1239.80002505482,49.5172213789365,18.));
#5472=CARTESIAN_POINT('Ctrl Pts',(1232.17779102946,36.5448358641143,18.));
#5473=CARTESIAN_POINT('Ctrl Pts',(1219.44947843439,23.8182175050766,18.));
#5474=CARTESIAN_POINT('Ctrl Pts',(1206.48819236567,16.1982622837392,18.));
#5475=CARTESIAN_POINT('Ctrl Pts',(1195.09391134881,12.5243796610993,18.));
#5476=CARTESIAN_POINT('Ctrl Pts',(1186.2797903872,10.9667050189243,18.));
#5477=CARTESIAN_POINT('Ctrl Pts',(1177.36859039814,10.4034453006453,18.));
#5478=CARTESIAN_POINT('Ctrl Pts',(1171.45319408203,10.4016013993163,18.));
#5479=CARTESIAN_POINT('Ctrl Pts',(1168.5,10.4016013993163,18.));
#5480=CARTESIAN_POINT('Ctrl Pts',(1246.63425922957,87.4999999999999,17.4977131383092));
#5481=CARTESIAN_POINT('Ctrl Pts',(1246.63425922957,84.546805917974,17.4977131383092));
#5482=CARTESIAN_POINT('Ctrl Pts',(1246.63225341361,78.6207641035105,17.4977131383092));
#5483=CARTESIAN_POINT('Ctrl Pts',(1246.06556730775,69.6124128624212,17.4977131383092));
#5484=CARTESIAN_POINT('Ctrl Pts',(1244.48178748707,60.6534942934726,17.4977131383092));
#5485=CARTESIAN_POINT('Ctrl Pts',(1240.74789517104,49.0783186868294,17.4977131383092));
#5486=CARTESIAN_POINT('Ctrl Pts',(1233.00033547781,35.8982071766828,17.4977131383092));
#5487=CARTESIAN_POINT('Ctrl Pts',(1220.09565823693,22.9950706551738,17.4977131383092));
#5488=CARTESIAN_POINT('Ctrl Pts',(1206.92762243849,15.2505154074374,17.4977131383092));
#5489=CARTESIAN_POINT('Ctrl Pts',(1195.34177723255,11.5152479933187,17.4977131383092));
#5490=CARTESIAN_POINT('Ctrl Pts',(1186.39686521629,9.935351528712,17.4977131383092));
#5491=CARTESIAN_POINT('Ctrl Pts',(1177.39190985591,9.36727211739771,17.4977131383092));
#5492=CARTESIAN_POINT('Ctrl Pts',(1171.45319408203,9.3657407704307,17.4977131383092));
#5493=CARTESIAN_POINT('Ctrl Pts',(1168.5,9.3657407704307,17.4977131383092));
#5494=CARTESIAN_POINT('Ctrl Pts',(1247.,87.4999999999999,16.4487989505128));
#5495=CARTESIAN_POINT('Ctrl Pts',(1247.,84.546805917974,16.4487989505128));
#5496=CARTESIAN_POINT('Ctrl Pts',(1246.99815958203,78.6127474354098,16.4487989505128));
#5497=CARTESIAN_POINT('Ctrl Pts',(1246.42985703015,69.5713706953551,16.4487989505128));
#5498=CARTESIAN_POINT('Ctrl Pts',(1244.83819648363,60.5659654617422,16.4487989505128));
#5499=CARTESIAN_POINT('Ctrl Pts',(1241.08260730326,48.9230481990947,16.4487989505128));
#5500=CARTESIAN_POINT('Ctrl Pts',(1233.29100730036,35.6697309177393,16.4487989505128));
#5501=CARTESIAN_POINT('Ctrl Pts',(1220.32397327433,22.7043486055141,16.4487989505128));
#5502=CARTESIAN_POINT('Ctrl Pts',(1207.08294420768,14.9157018937639,16.4487989505128));
#5503=CARTESIAN_POINT('Ctrl Pts',(1195.42936662971,11.158843518492,16.4487989505128));
#5504=CARTESIAN_POINT('Ctrl Pts',(1186.43798500442,9.57105047491792,16.4487989505128));
#5505=CARTESIAN_POINT('Ctrl Pts',(1177.39997782659,9.0013673302118,16.4487989505128));
#5506=CARTESIAN_POINT('Ctrl Pts',(1171.45319408203,9.00000000000008,16.4487989505128));
#5507=CARTESIAN_POINT('Ctrl Pts',(1168.5,9.00000000000008,16.4487989505128));
#5508=CARTESIAN_POINT('Ctrl Pts',(1247.,87.4999999999999,16.));
#5509=CARTESIAN_POINT('Ctrl Pts',(1247.,84.546805917974,16.));
#5510=CARTESIAN_POINT('Ctrl Pts',(1246.9981315445,78.6126694414361,16.));
#5511=CARTESIAN_POINT('Ctrl Pts',(1246.42980101951,69.571284223847,16.));
#5512=CARTESIAN_POINT('Ctrl Pts',(1244.83813393603,60.5659705233577,16.));
#5513=CARTESIAN_POINT('Ctrl Pts',(1241.08259061164,48.9231780072878,16.));
#5514=CARTESIAN_POINT('Ctrl Pts',(1233.29090085926,35.6698016507429,16.));
#5515=CARTESIAN_POINT('Ctrl Pts',(1220.32390371033,22.7043854680875,16.));
#5516=CARTESIAN_POINT('Ctrl Pts',(1207.08287218262,14.9157806379307,16.));
#5517=CARTESIAN_POINT('Ctrl Pts',(1195.42933531267,11.1588868337888,16.));
#5518=CARTESIAN_POINT('Ctrl Pts',(1186.43807788985,9.57111542467066,16.));
#5519=CARTESIAN_POINT('Ctrl Pts',(1177.40004876478,9.00139031073452,16.));
#5520=CARTESIAN_POINT('Ctrl Pts',(1171.45319408203,9.00000000000008,16.));
#5521=CARTESIAN_POINT('Ctrl Pts',(1168.5,9.00000000000008,16.));
#5522=CARTESIAN_POINT('',(1168.5,11.0000000000001,18.));
#5523=CARTESIAN_POINT('',(1168.5,9.00000000000008,16.));
#5524=CARTESIAN_POINT('Origin',(1168.5,11.0000000000001,16.));
#5525=CARTESIAN_POINT('',(1247.,87.4999999999999,16.));
#5526=CARTESIAN_POINT('Ctrl Pts',(1168.5,9.00000000000008,16.));
#5527=CARTESIAN_POINT('Ctrl Pts',(1171.45319408203,9.00000000000008,16.));
#5528=CARTESIAN_POINT('Ctrl Pts',(1177.40004876478,9.00139031073452,16.));
#5529=CARTESIAN_POINT('Ctrl Pts',(1186.43807788985,9.57111542467066,16.));
#5530=CARTESIAN_POINT('Ctrl Pts',(1195.42933531267,11.1588868337888,16.));
#5531=CARTESIAN_POINT('Ctrl Pts',(1207.08287218262,14.9157806379307,16.));
#5532=CARTESIAN_POINT('Ctrl Pts',(1220.32390371033,22.7043854680875,16.));
#5533=CARTESIAN_POINT('Ctrl Pts',(1233.29090085926,35.6698016507429,16.));
#5534=CARTESIAN_POINT('Ctrl Pts',(1241.08259061164,48.9231780072878,16.));
#5535=CARTESIAN_POINT('Ctrl Pts',(1244.83813393603,60.5659705233577,16.));
#5536=CARTESIAN_POINT('Ctrl Pts',(1246.42980101951,69.571284223847,16.));
#5537=CARTESIAN_POINT('Ctrl Pts',(1246.9981315445,78.6126694414361,16.));
#5538=CARTESIAN_POINT('Ctrl Pts',(1247.,84.546805917974,16.));
#5539=CARTESIAN_POINT('Ctrl Pts',(1247.,87.4999999999999,16.));
#5540=CARTESIAN_POINT('',(1245.,87.4999999999999,18.));
#5541=CARTESIAN_POINT('Origin',(1245.,87.4999999999999,16.));
#5542=CARTESIAN_POINT('Ctrl Pts',(1245.,87.4999999999999,18.));
#5543=CARTESIAN_POINT('Ctrl Pts',(1245.,84.546805917974,18.));
#5544=CARTESIAN_POINT('Ctrl Pts',(1244.99746211782,78.6571612146282,18.));
#5545=CARTESIAN_POINT('Ctrl Pts',(1244.43820537996,69.7964421799522,18.));
#5546=CARTESIAN_POINT('Ctrl Pts',(1242.88968769195,61.0445667296579,18.));
#5547=CARTESIAN_POINT('Ctrl Pts',(1239.25240610865,49.7711638644823,18.));
#5548=CARTESIAN_POINT('Ctrl Pts',(1231.70229669544,36.918597783914,18.));
#5549=CARTESIAN_POINT('Ctrl Pts',(1219.07597939433,24.2938475421739,18.));
#5550=CARTESIAN_POINT('Ctrl Pts',(1206.23412152592,16.7459993673398,18.));
#5551=CARTESIAN_POINT('Ctrl Pts',(1194.95062800252,13.1074695686192,18.));
#5552=CARTESIAN_POINT('Ctrl Pts',(1186.21244170881,11.5626980950477,18.));
#5553=CARTESIAN_POINT('Ctrl Pts',(1177.35533559685,11.0020945753104,18.));
#5554=CARTESIAN_POINT('Ctrl Pts',(1171.45319408203,11.0000000000001,18.));
#5555=CARTESIAN_POINT('Ctrl Pts',(1168.5,11.0000000000001,18.));
#5556=CARTESIAN_POINT('Origin',(318.5,11.,16.));
#5557=CARTESIAN_POINT('',(87.5,10.9999999999999,18.));
#5558=CARTESIAN_POINT('Origin',(87.5,10.9999999999999,16.));
#5559=CARTESIAN_POINT('',(318.5,8.99999999999996,16.));
#5560=CARTESIAN_POINT('',(318.5,11.,18.));
#5561=CARTESIAN_POINT('Ctrl Pts',(87.5,10.9999999999997,18.));
#5562=CARTESIAN_POINT('Ctrl Pts',(84.5468059179741,10.9999999999997,18.));
#5563=CARTESIAN_POINT('Ctrl Pts',(78.6563916397826,11.0096184573012,18.));
#5564=CARTESIAN_POINT('Ctrl Pts',(66.8448390250265,11.7276084241843,18.));
#5565=CARTESIAN_POINT('Ctrl Pts',(52.3412223199158,15.2209603215211,18.));
#5566=CARTESIAN_POINT('Ctrl Pts',(36.9179175830313,24.3055512455458,18.));
#5567=CARTESIAN_POINT('Ctrl Pts',(24.294789129792,36.9200878914186,18.));
#5568=CARTESIAN_POINT('Ctrl Pts',(16.7453574393525,49.7675645910118,18.));
#5569=CARTESIAN_POINT('Ctrl Pts',(13.1085274923031,61.0503406892876,18.));
#5570=CARTESIAN_POINT('Ctrl Pts',(11.5629243763302,69.7880520126484,18.));
#5571=CARTESIAN_POINT('Ctrl Pts',(11.002487713021,78.645117043793,18.));
#5572=CARTESIAN_POINT('Ctrl Pts',(11.,84.5468059179739,18.));
#5573=CARTESIAN_POINT('Ctrl Pts',(11.,87.4999999999999,18.));
#5574=CARTESIAN_POINT('Ctrl Pts',(87.5,10.4016013993159,18.));
#5575=CARTESIAN_POINT('Ctrl Pts',(84.5468059179741,10.4016013993159,18.));
#5576=CARTESIAN_POINT('Ctrl Pts',(78.6430909523464,10.4112915819727,18.));
#5577=CARTESIAN_POINT('Ctrl Pts',(66.7594874657158,11.1318532069049,18.));
#5578=CARTESIAN_POINT('Ctrl Pts',(52.1113417124953,14.6583783448925,18.));
#5579=CARTESIAN_POINT('Ctrl Pts',(36.5442927327282,23.8304365914714,18.));
#5580=CARTESIAN_POINT('Ctrl Pts',(23.8193407242037,36.546485006204,18.));
#5581=CARTESIAN_POINT('Ctrl Pts',(16.1976978803006,49.5136528206273,18.));
#5582=CARTESIAN_POINT('Ctrl Pts',(12.5255407637379,60.9071349964884,18.));
#5583=CARTESIAN_POINT('Ctrl Pts',(10.9670190852883,69.720659723972,18.));
#5584=CARTESIAN_POINT('Ctrl Pts',(10.4038954726342,78.631796178256,18.));
#5585=CARTESIAN_POINT('Ctrl Pts',(10.4016013993162,84.5468059179739,18.));
#5586=CARTESIAN_POINT('Ctrl Pts',(10.4016013993162,87.4999999999999,18.));
#5587=CARTESIAN_POINT('Ctrl Pts',(87.5000000000001,9.36555697321702,17.4979337834039));
#5588=CARTESIAN_POINT('Ctrl Pts',(84.5468059179741,9.36555697321704,17.4979337834039));
#5589=CARTESIAN_POINT('Ctrl Pts',(78.6199653731719,9.37535214197727,17.4979337834039));
#5590=CARTESIAN_POINT('Ctrl Pts',(66.6115963232537,10.1005310564432,17.4979337834039));
#5591=CARTESIAN_POINT('Ctrl Pts',(51.7133777493703,13.6843020394275,17.4979337834038));
#5592=CARTESIAN_POINT('Ctrl Pts',(35.8975437795142,23.0079546579243,17.4979337834039));
#5593=CARTESIAN_POINT('Ctrl Pts',(22.996093722315,35.8996539070208,17.4979337834039));
#5594=CARTESIAN_POINT('Ctrl Pts',(15.2496286683781,49.0741200319998,17.4979337834039));
#5595=CARTESIAN_POINT('Ctrl Pts',(11.5161564252267,60.6593408945895,17.4979337834039));
#5596=CARTESIAN_POINT('Ctrl Pts',(9.93539947203715,69.6036848995495,17.4979337834039));
#5597=CARTESIAN_POINT('Ctrl Pts',(9.3675095236738,78.6086313860554,17.4979337834038));
#5598=CARTESIAN_POINT('Ctrl Pts',(9.36555697321732,84.5468059179739,17.4979337834038));
#5599=CARTESIAN_POINT('Ctrl Pts',(9.36555697321732,87.4999999999999,17.4979337834038));
#5600=CARTESIAN_POINT('Ctrl Pts',(87.5,8.99999999999967,16.4487989505128));
#5601=CARTESIAN_POINT('Ctrl Pts',(84.546805917974,8.99999999999969,16.4487989505128));
#5602=CARTESIAN_POINT('Ctrl Pts',(78.6118507197862,9.00984108316206,16.4487989505128));
#5603=CARTESIAN_POINT('Ctrl Pts',(66.5594684868221,9.73657299033994,16.4487989505128));
#5604=CARTESIAN_POINT('Ctrl Pts',(51.5729408572749,13.3406299029363,16.4487989505128));
#5605=CARTESIAN_POINT('Ctrl Pts',(35.6692850172095,22.7176984808353,16.4487989505128));
#5606=CARTESIAN_POINT('Ctrl Pts',(22.7056541204746,35.6714216968174,16.4487989505128));
#5607=CARTESIAN_POINT('Ctrl Pts',(14.9150538314169,48.9189985602848,16.4487989505128));
#5608=CARTESIAN_POINT('Ctrl Pts',(11.1600170042885,60.5718416310105,16.4487989505128));
#5609=CARTESIAN_POINT('Ctrl Pts',(9.57135383967664,69.5625476574299,16.4487989505128));
#5610=CARTESIAN_POINT('Ctrl Pts',(9.00183494191193,78.6005048735022,16.4487989505128));
#5611=CARTESIAN_POINT('Ctrl Pts',(8.99999999999998,84.5468059179739,16.4487989505128));
#5612=CARTESIAN_POINT('Ctrl Pts',(8.99999999999998,87.4999999999999,16.4487989505128));
#5613=CARTESIAN_POINT('Ctrl Pts',(87.5,8.99999999999967,16.));
#5614=CARTESIAN_POINT('Ctrl Pts',(84.546805917974,8.99999999999969,16.));
#5615=CARTESIAN_POINT('Ctrl Pts',(78.6118327115433,9.00983752949849,16.));
#5616=CARTESIAN_POINT('Ctrl Pts',(66.5594468793882,9.73659994819065,16.));
#5617=CARTESIAN_POINT('Ctrl Pts',(51.5729487284433,13.3406218666589,16.));
#5618=CARTESIAN_POINT('Ctrl Pts',(35.6693092324285,22.7177194712706,16.));
#5619=CARTESIAN_POINT('Ctrl Pts',(22.705640451851,35.6714236650236,16.));
#5620=CARTESIAN_POINT('Ctrl Pts',(14.9150774491916,48.9190134308736,16.));
#5621=CARTESIAN_POINT('Ctrl Pts',(11.1600126654732,60.5718687978297,16.));
#5622=CARTESIAN_POINT('Ctrl Pts',(9.57137383126948,69.5624931585148,16.));
#5623=CARTESIAN_POINT('Ctrl Pts',(9.00183378259243,78.600486073416,16.));
#5624=CARTESIAN_POINT('Ctrl Pts',(8.99999999999998,84.5468059179739,16.));
#5625=CARTESIAN_POINT('Ctrl Pts',(8.99999999999998,87.4999999999999,16.));
#5626=CARTESIAN_POINT('',(11.,87.4999999999999,18.));
#5627=CARTESIAN_POINT('Origin',(11.,87.4999999999999,16.));
#5628=CARTESIAN_POINT('Ctrl Pts',(87.5,10.9999999999997,18.));
#5629=CARTESIAN_POINT('Ctrl Pts',(84.5468059179741,10.9999999999997,18.));
#5630=CARTESIAN_POINT('Ctrl Pts',(78.6563916397826,11.0096184573012,18.));
#5631=CARTESIAN_POINT('Ctrl Pts',(66.8448390250265,11.7276084241843,18.));
#5632=CARTESIAN_POINT('Ctrl Pts',(52.3412223199158,15.2209603215211,18.));
#5633=CARTESIAN_POINT('Ctrl Pts',(36.9179175830313,24.3055512455458,18.));
#5634=CARTESIAN_POINT('Ctrl Pts',(24.294789129792,36.9200878914186,18.));
#5635=CARTESIAN_POINT('Ctrl Pts',(16.7453574393525,49.7675645910118,18.));
#5636=CARTESIAN_POINT('Ctrl Pts',(13.1085274923031,61.0503406892876,18.));
#5637=CARTESIAN_POINT('Ctrl Pts',(11.5629243763302,69.7880520126484,18.));
#5638=CARTESIAN_POINT('Ctrl Pts',(11.002487713021,78.645117043793,18.));
#5639=CARTESIAN_POINT('Ctrl Pts',(11.,84.5468059179739,18.));
#5640=CARTESIAN_POINT('Ctrl Pts',(11.,87.4999999999999,18.));
#5641=CARTESIAN_POINT('Origin',(10.9999999999998,231.,16.));
#5642=CARTESIAN_POINT('',(10.9999999999998,226.5,18.));
#5643=CARTESIAN_POINT('Origin',(10.9999999999998,226.5,16.));
#5644=CARTESIAN_POINT('',(10.9999999999998,231.,18.));
#5645=CARTESIAN_POINT('Ctrl Pts',(11.0000000000003,226.5,18.));
#5646=CARTESIAN_POINT('Ctrl Pts',(11.0000000000003,229.453194082026,18.));
#5647=CARTESIAN_POINT('Ctrl Pts',(11.0025148898306,235.342981531398,18.));
#5648=CARTESIAN_POINT('Ctrl Pts',(11.5614438750498,244.203617255811,18.));
#5649=CARTESIAN_POINT('Ctrl Pts',(13.1101751533873,252.956228690644,18.));
#5650=CARTESIAN_POINT('Ctrl Pts',(16.7463872281534,264.22801949602,18.));
#5651=CARTESIAN_POINT('Ctrl Pts',(24.2987104048627,277.087073064206,18.));
#5652=CARTESIAN_POINT('Ctrl Pts',(36.9218641884882,289.697368859426,18.));
#5653=CARTESIAN_POINT('Ctrl Pts',(52.3383663829536,298.787659415344,18.));
#5654=CARTESIAN_POINT('Ctrl Pts',(69.7507799469211,302.963832926231,18.));
#5655=CARTESIAN_POINT('Ctrl Pts',(81.5936118359481,303.,18.));
#5656=CARTESIAN_POINT('Ctrl Pts',(87.5,303.,18.));
#5657=CARTESIAN_POINT('Ctrl Pts',(10.4016013993166,226.5,18.));
#5658=CARTESIAN_POINT('Ctrl Pts',(10.4016013993165,229.453194082026,18.));
#5659=CARTESIAN_POINT('Ctrl Pts',(10.4038930019354,235.356204140132,18.));
#5660=CARTESIAN_POINT('Ctrl Pts',(10.9655067864906,244.270863739471,18.));
#5661=CARTESIAN_POINT('Ctrl Pts',(12.5271353445471,253.099472375505,18.));
#5662=CARTESIAN_POINT('Ctrl Pts',(16.19881370019,264.48186028645,18.));
#5663=CARTESIAN_POINT('Ctrl Pts',(23.8232056403467,277.460992517635,18.));
#5664=CARTESIAN_POINT('Ctrl Pts',(36.548493677159,290.172506512183,18.));
#5665=CARTESIAN_POINT('Ctrl Pts',(52.107991055367,299.350840124209,18.));
#5666=CARTESIAN_POINT('Ctrl Pts',(69.6949374646355,303.565456882018,18.));
#5667=CARTESIAN_POINT('Ctrl Pts',(81.5936118359481,303.598398600684,18.));
#5668=CARTESIAN_POINT('Ctrl Pts',(87.5,303.598398600684,18.));
#5669=CARTESIAN_POINT('Ctrl Pts',(9.36569813564306,226.5,17.4977643205695));
#5670=CARTESIAN_POINT('Ctrl Pts',(9.36569813564304,229.453194082026,17.4977643205695));
#5671=CARTESIAN_POINT('Ctrl Pts',(9.36767457200775,235.379402265522,17.4977643205695));
#5672=CARTESIAN_POINT('Ctrl Pts',(9.93402200755108,244.387679070705,17.4977643205695));
#5673=CARTESIAN_POINT('Ctrl Pts',(11.5179866594739,253.347422395872,17.4977643205695));
#5674=CARTESIAN_POINT('Ctrl Pts',(15.2508248743905,264.920838551911,17.4977643205695));
#5675=CARTESIAN_POINT('Ctrl Pts',(23.0003887425715,278.108140797994,17.4977643205695));
#5676=CARTESIAN_POINT('Ctrl Pts',(35.9021578990195,290.994985918456,17.4977643205695));
#5677=CARTESIAN_POINT('Ctrl Pts',(51.7093253802444,300.325424635747,17.4977643205695));
#5678=CARTESIAN_POINT('Ctrl Pts',(69.5977526001161,304.606837009756,17.4977643205695));
#5679=CARTESIAN_POINT('Ctrl Pts',(81.593611835948,304.634301864357,17.4977643205695));
#5680=CARTESIAN_POINT('Ctrl Pts',(87.5,304.634301864357,17.4977643205695));
#5681=CARTESIAN_POINT('Ctrl Pts',(9.00000000000033,226.5,16.4487989505128));
#5682=CARTESIAN_POINT('Ctrl Pts',(9.0000000000003,229.453194082026,16.4487989505128));
#5683=CARTESIAN_POINT('Ctrl Pts',(9.00183328431318,235.387454068363,16.4487989505128));
#5684=CARTESIAN_POINT('Ctrl Pts',(9.56981341571576,244.428737456752,16.4487989505128));
#5685=CARTESIAN_POINT('Ctrl Pts',(11.1616590857984,253.434964762065,16.4487989505128));
#5686=CARTESIAN_POINT('Ctrl Pts',(14.9161939444699,265.07601017149,16.4487989505128));
#5687=CARTESIAN_POINT('Ctrl Pts',(22.7097624199184,278.336667826639,16.4487989505128));
#5688=CARTESIAN_POINT('Ctrl Pts',(35.6739792691141,291.285359932856,16.4487989505128));
#5689=CARTESIAN_POINT('Ctrl Pts',(51.5685231546615,300.669633165024,16.4487989505128));
#5690=CARTESIAN_POINT('Ctrl Pts',(69.5636739584115,304.974516252652,16.4487989505128));
#5691=CARTESIAN_POINT('Ctrl Pts',(81.5936118359481,305.,16.4487989505128));
#5692=CARTESIAN_POINT('Ctrl Pts',(87.5,305.,16.4487989505128));
#5693=CARTESIAN_POINT('Ctrl Pts',(9.00000000000033,226.5,16.));
#5694=CARTESIAN_POINT('Ctrl Pts',(9.0000000000003,229.453194082026,16.));
#5695=CARTESIAN_POINT('Ctrl Pts',(9.00184672646366,235.387512100608,16.));
#5696=CARTESIAN_POINT('Ctrl Pts',(9.56984304102268,244.428813396574,16.));
#5697=CARTESIAN_POINT('Ctrl Pts',(11.1616904589006,253.434960464175,16.));
#5698=CARTESIAN_POINT('Ctrl Pts',(14.9161807310722,265.07592502725,16.));
#5699=CARTESIAN_POINT('Ctrl Pts',(22.709826770538,278.336638947226,16.));
#5700=CARTESIAN_POINT('Ctrl Pts',(35.6739821980845,291.285351712073,16.));
#5701=CARTESIAN_POINT('Ctrl Pts',(51.5685500873603,300.669566841247,16.));
#5702=CARTESIAN_POINT('Ctrl Pts',(69.5635770574789,304.974496169771,16.));
#5703=CARTESIAN_POINT('Ctrl Pts',(81.5936118359481,305.,16.));
#5704=CARTESIAN_POINT('Ctrl Pts',(87.5,305.,16.));
#5705=CARTESIAN_POINT('',(87.5,303.,18.));
#5706=CARTESIAN_POINT('Origin',(87.5,303.,16.));
#5707=CARTESIAN_POINT('Ctrl Pts',(11.0000000000003,226.5,18.));
#5708=CARTESIAN_POINT('Ctrl Pts',(11.0000000000003,229.453194082026,18.));
#5709=CARTESIAN_POINT('Ctrl Pts',(11.0025148898306,235.342981531398,18.));
#5710=CARTESIAN_POINT('Ctrl Pts',(11.5614438750498,244.203617255811,18.));
#5711=CARTESIAN_POINT('Ctrl Pts',(13.1101751533873,252.956228690644,18.));
#5712=CARTESIAN_POINT('Ctrl Pts',(16.7463872281534,264.22801949602,18.));
#5713=CARTESIAN_POINT('Ctrl Pts',(24.2987104048627,277.087073064206,18.));
#5714=CARTESIAN_POINT('Ctrl Pts',(36.9218641884882,289.697368859426,18.));
#5715=CARTESIAN_POINT('Ctrl Pts',(52.3383663829536,298.787659415344,18.));
#5716=CARTESIAN_POINT('Ctrl Pts',(69.7507799469211,302.963832926231,18.));
#5717=CARTESIAN_POINT('Ctrl Pts',(81.5936118359481,303.,18.));
#5718=CARTESIAN_POINT('Ctrl Pts',(87.5,303.,18.));
#5719=CARTESIAN_POINT('Origin',(937.5,303.,16.));
#5720=CARTESIAN_POINT('',(1168.5,303.,18.));
#5721=CARTESIAN_POINT('Origin',(1168.5,303.,16.));
#5722=CARTESIAN_POINT('',(937.5,303.,18.));
#5723=CARTESIAN_POINT('Ctrl Pts',(1168.5,303.000000000001,18.));
#5724=CARTESIAN_POINT('Ctrl Pts',(1171.45319408203,303.000000000001,18.));
#5725=CARTESIAN_POINT('Ctrl Pts',(1177.34327252738,302.997841100618,18.));
#5726=CARTESIAN_POINT('Ctrl Pts',(1186.20434620083,302.438828844011,18.));
#5727=CARTESIAN_POINT('Ctrl Pts',(1194.95704668172,300.891105255434,18.));
#5728=CARTESIAN_POINT('Ctrl Pts',(1206.23062425064,297.253659329232,18.));
#5729=CARTESIAN_POINT('Ctrl Pts',(1219.08387376221,289.705133964382,18.));
#5730=CARTESIAN_POINT('Ctrl Pts',(1230.64851092677,278.123342349295,18.));
#5731=CARTESIAN_POINT('Ctrl Pts',(1236.99240416028,268.091409334399,18.));
#5732=CARTESIAN_POINT('Ctrl Pts',(1240.61296435037,259.99549460524,18.));
#5733=CARTESIAN_POINT('Ctrl Pts',(1242.89364044731,252.952475210893,18.));
#5734=CARTESIAN_POINT('Ctrl Pts',(1244.43557373008,244.210186789314,18.));
#5735=CARTESIAN_POINT('Ctrl Pts',(1244.99818999806,235.355812667394,18.));
#5736=CARTESIAN_POINT('Ctrl Pts',(1245.,229.453194082026,18.));
#5737=CARTESIAN_POINT('Ctrl Pts',(1245.,226.5,18.));
#5738=CARTESIAN_POINT('Ctrl Pts',(1168.5,303.598398600685,18.));
#5739=CARTESIAN_POINT('Ctrl Pts',(1171.45319408203,303.598398600685,18.));
#5740=CARTESIAN_POINT('Ctrl Pts',(1177.35648423916,303.596491681209,18.));
#5741=CARTESIAN_POINT('Ctrl Pts',(1186.27161843648,303.034822608234,18.));
#5742=CARTESIAN_POINT('Ctrl Pts',(1195.10038827239,301.474196081052,18.));
#5743=CARTESIAN_POINT('Ctrl Pts',(1206.48467880509,297.801314694225,18.));
#5744=CARTESIAN_POINT('Ctrl Pts',(1219.45740554633,290.180945051118,18.));
#5745=CARTESIAN_POINT('Ctrl Pts',(1231.11554896716,278.505129581287,18.));
#5746=CARTESIAN_POINT('Ctrl Pts',(1237.51828892585,268.381891516857,18.));
#5747=CARTESIAN_POINT('Ctrl Pts',(1241.17395350846,260.207381585157,18.));
#5748=CARTESIAN_POINT('Ctrl Pts',(1243.47671357988,253.095881167178,18.));
#5749=CARTESIAN_POINT('Ctrl Pts',(1245.03156226577,244.277334822181,18.));
#5750=CARTESIAN_POINT('Ctrl Pts',(1245.59683570902,235.369097285726,18.));
#5751=CARTESIAN_POINT('Ctrl Pts',(1245.59839860068,229.453194082026,18.));
#5752=CARTESIAN_POINT('Ctrl Pts',(1245.59839860068,226.5,18.));
#5753=CARTESIAN_POINT('Ctrl Pts',(1168.5,304.634257044329,17.4977105149683));
#5754=CARTESIAN_POINT('Ctrl Pts',(1171.45319408203,304.634257044329,17.4977105149683));
#5755=CARTESIAN_POINT('Ctrl Pts',(1177.37973458317,304.632658268868,17.4977105149683));
#5756=CARTESIAN_POINT('Ctrl Pts',(1186.38856238408,304.06616699757,17.4977105149683));
#5757=CARTESIAN_POINT('Ctrl Pts',(1195.34835919839,302.483309254166,17.4977105149683));
#5758=CARTESIAN_POINT('Ctrl Pts',(1206.92406229682,298.748919562438,17.4977105149683));
#5759=CARTESIAN_POINT('Ctrl Pts',(1220.10370150752,291.004308157355,17.4977105149683));
#5760=CARTESIAN_POINT('Ctrl Pts',(1231.92341716242,279.165717300006,17.4977105149683));
#5761=CARTESIAN_POINT('Ctrl Pts',(1238.42871700767,268.883811529541,17.4977105149683));
#5762=CARTESIAN_POINT('Ctrl Pts',(1242.14460249965,260.574241207335,17.4977105149683));
#5763=CARTESIAN_POINT('Ctrl Pts',(1244.48581683928,253.344023096872,17.4977105149683));
#5764=CARTESIAN_POINT('Ctrl Pts',(1246.06287056354,244.394194849946,17.4977105149683));
#5765=CARTESIAN_POINT('Ctrl Pts',(1246.63299888524,235.392490273215,17.4977105149683));
#5766=CARTESIAN_POINT('Ctrl Pts',(1246.63425704433,229.453194082026,17.4977105149683));
#5767=CARTESIAN_POINT('Ctrl Pts',(1246.63425704433,226.5,17.4977105149683));
#5768=CARTESIAN_POINT('Ctrl Pts',(1168.5,305.000000000001,16.4487989505128));
#5769=CARTESIAN_POINT('Ctrl Pts',(1171.45319408203,305.000000000001,16.4487989505128));
#5770=CARTESIAN_POINT('Ctrl Pts',(1177.38777586772,304.998566602605,16.4487989505128));
#5771=CARTESIAN_POINT('Ctrl Pts',(1186.42963566697,304.430471284276,16.4487989505128));
#5772=CARTESIAN_POINT('Ctrl Pts',(1195.43598425621,302.839717956986,16.4487989505128));
#5773=CARTESIAN_POINT('Ctrl Pts',(1207.07937649665,299.083684898339,16.4487989505128));
#5774=CARTESIAN_POINT('Ctrl Pts',(1220.33203243043,291.295151024223,16.4487989505128));
#5775=CARTESIAN_POINT('Ctrl Pts',(1232.20892528902,279.399093873838,16.4487989505128));
#5776=CARTESIAN_POINT('Ctrl Pts',(1238.75013088364,269.061436701992,16.4487989505128));
#5777=CARTESIAN_POINT('Ctrl Pts',(1242.48752080435,260.703740708679,16.4487989505128));
#5778=CARTESIAN_POINT('Ctrl Pts',(1244.8422128892,253.43168220565,16.4487989505128));
#5779=CARTESIAN_POINT('Ctrl Pts',(1246.42717405508,244.435180583047,16.4487989505128));
#5780=CARTESIAN_POINT('Ctrl Pts',(1246.99890379716,235.400574659149,16.4487989505128));
#5781=CARTESIAN_POINT('Ctrl Pts',(1247.,229.453194082026,16.4487989505128));
#5782=CARTESIAN_POINT('Ctrl Pts',(1247.,226.5,16.4487989505128));
#5783=CARTESIAN_POINT('Ctrl Pts',(1168.5,305.000000000001,16.));
#5784=CARTESIAN_POINT('Ctrl Pts',(1171.45319408203,305.000000000001,16.));
#5785=CARTESIAN_POINT('Ctrl Pts',(1177.38784787143,304.998542352658,16.));
#5786=CARTESIAN_POINT('Ctrl Pts',(1186.42972889774,304.430404779986,16.));
#5787=CARTESIAN_POINT('Ctrl Pts',(1195.43595382868,302.839671229641,16.));
#5788=CARTESIAN_POINT('Ctrl Pts',(1207.07930114496,299.083606407701,16.));
#5789=CARTESIAN_POINT('Ctrl Pts',(1220.33197436995,291.295096081941,16.));
#5790=CARTESIAN_POINT('Ctrl Pts',(1232.20881195547,279.399036032459,16.));
#5791=CARTESIAN_POINT('Ctrl Pts',(1238.75014883325,269.061262575295,16.));
#5792=CARTESIAN_POINT('Ctrl Pts',(1242.48743523986,260.703754433814,16.));
#5793=CARTESIAN_POINT('Ctrl Pts',(1244.84217008474,253.43166306232,16.));
#5794=CARTESIAN_POINT('Ctrl Pts',(1246.4271024297,244.435298638631,16.));
#5795=CARTESIAN_POINT('Ctrl Pts',(1246.99888049757,235.400649776054,16.));
#5796=CARTESIAN_POINT('Ctrl Pts',(1247.,229.453194082026,16.));
#5797=CARTESIAN_POINT('Ctrl Pts',(1247.,226.5,16.));
#5798=CARTESIAN_POINT('',(1245.,226.5,18.));
#5799=CARTESIAN_POINT('',(1247.,226.5,16.));
#5800=CARTESIAN_POINT('Origin',(1245.,226.5,16.));
#5801=CARTESIAN_POINT('Ctrl Pts',(1247.,226.5,16.));
#5802=CARTESIAN_POINT('Ctrl Pts',(1247.,229.453194082026,16.));
#5803=CARTESIAN_POINT('Ctrl Pts',(1246.99888049757,235.400649776054,16.));
#5804=CARTESIAN_POINT('Ctrl Pts',(1246.4271024297,244.435298638631,16.));
#5805=CARTESIAN_POINT('Ctrl Pts',(1244.84217008474,253.43166306232,16.));
#5806=CARTESIAN_POINT('Ctrl Pts',(1242.48743523986,260.703754433814,16.));
#5807=CARTESIAN_POINT('Ctrl Pts',(1238.75014883325,269.061262575295,16.));
#5808=CARTESIAN_POINT('Ctrl Pts',(1232.20881195547,279.399036032459,16.));
#5809=CARTESIAN_POINT('Ctrl Pts',(1220.33197436995,291.295096081941,16.));
#5810=CARTESIAN_POINT('Ctrl Pts',(1207.07930114496,299.083606407701,16.));
#5811=CARTESIAN_POINT('Ctrl Pts',(1195.43595382868,302.839671229641,16.));
#5812=CARTESIAN_POINT('Ctrl Pts',(1186.42972889774,304.430404779986,16.));
#5813=CARTESIAN_POINT('Ctrl Pts',(1177.38784787143,304.998542352658,16.));
#5814=CARTESIAN_POINT('Ctrl Pts',(1171.45319408203,305.000000000001,16.));
#5815=CARTESIAN_POINT('Ctrl Pts',(1168.5,305.000000000001,16.));
#5816=CARTESIAN_POINT('Ctrl Pts',(1168.5,303.000000000001,18.));
#5817=CARTESIAN_POINT('Ctrl Pts',(1171.45319408203,303.000000000001,18.));
#5818=CARTESIAN_POINT('Ctrl Pts',(1177.34327252738,302.997841100618,18.));
#5819=CARTESIAN_POINT('Ctrl Pts',(1186.20434620083,302.438828844011,18.));
#5820=CARTESIAN_POINT('Ctrl Pts',(1194.95704668172,300.891105255434,18.));
#5821=CARTESIAN_POINT('Ctrl Pts',(1206.23062425064,297.253659329232,18.));
#5822=CARTESIAN_POINT('Ctrl Pts',(1219.08387376221,289.705133964382,18.));
#5823=CARTESIAN_POINT('Ctrl Pts',(1230.64851092677,278.123342349295,18.));
#5824=CARTESIAN_POINT('Ctrl Pts',(1236.99240416028,268.091409334399,18.));
#5825=CARTESIAN_POINT('Ctrl Pts',(1240.61296435037,259.99549460524,18.));
#5826=CARTESIAN_POINT('Ctrl Pts',(1242.89364044731,252.952475210893,18.));
#5827=CARTESIAN_POINT('Ctrl Pts',(1244.43557373008,244.210186789314,18.));
#5828=CARTESIAN_POINT('Ctrl Pts',(1244.99818999806,235.355812667394,18.));
#5829=CARTESIAN_POINT('Ctrl Pts',(1245.,229.453194082026,18.));
#5830=CARTESIAN_POINT('Ctrl Pts',(1245.,226.5,18.));
#5831=CARTESIAN_POINT('Origin',(1245.,83.0000000000003,16.));
#5832=CARTESIAN_POINT('',(1245.,83.0000000000003,18.));
#5833=CARTESIAN_POINT('',(1247.,83.0000000000003,16.));
#5834=CARTESIAN_POINT('Ctrl Pts',(1247.,226.5,16.));
#5835=CARTESIAN_POINT('Ctrl Pts',(1247.,226.5,11.3333333333333));
#5836=CARTESIAN_POINT('Ctrl Pts',(1247.,226.5,6.66666666666667));
#5837=CARTESIAN_POINT('Ctrl Pts',(1247.,226.5,2.));
#5838=CARTESIAN_POINT('Ctrl Pts',(1247.,232.37178626921,16.));
#5839=CARTESIAN_POINT('Ctrl Pts',(1247.,232.37178626921,11.3333333333333));
#5840=CARTESIAN_POINT('Ctrl Pts',(1247.,232.37178626921,6.66666666666667));
#5841=CARTESIAN_POINT('Ctrl Pts',(1247.,232.37178626921,2.));
#5842=CARTESIAN_POINT('Ctrl Pts',(1246.94273049659,243.990413105345,16.));
#5843=CARTESIAN_POINT('Ctrl Pts',(1246.94273049659,243.990413105345,11.3333333333333));
#5844=CARTESIAN_POINT('Ctrl Pts',(1246.94273049659,243.990413105345,6.66666666666666));
#5845=CARTESIAN_POINT('Ctrl Pts',(1246.94273049659,243.990413105345,2.));
#5846=CARTESIAN_POINT('Ctrl Pts',(1243.07417015836,261.290721395737,16.));
#5847=CARTESIAN_POINT('Ctrl Pts',(1243.07417015836,261.290721395737,11.3333333333333));
#5848=CARTESIAN_POINT('Ctrl Pts',(1243.07417015836,261.290721395737,6.66666666666667));
#5849=CARTESIAN_POINT('Ctrl Pts',(1243.07417015836,261.290721395737,2.));
#5850=CARTESIAN_POINT('Ctrl Pts',(1233.84604539336,277.79258060863,16.));
#5851=CARTESIAN_POINT('Ctrl Pts',(1233.84604539336,277.79258060863,11.3333333333333));
#5852=CARTESIAN_POINT('Ctrl Pts',(1233.84604539336,277.79258060863,6.66666666666667));
#5853=CARTESIAN_POINT('Ctrl Pts',(1233.84604539336,277.79258060863,2.));
#5854=CARTESIAN_POINT('Ctrl Pts',(1219.79045412338,291.850331203876,16.));
#5855=CARTESIAN_POINT('Ctrl Pts',(1219.79045412338,291.850331203876,11.3333333333333));
#5856=CARTESIAN_POINT('Ctrl Pts',(1219.79045412338,291.850331203876,6.66666666666666));
#5857=CARTESIAN_POINT('Ctrl Pts',(1219.79045412338,291.850331203876,2.));
#5858=CARTESIAN_POINT('Ctrl Pts',(1203.29274099644,301.068529334296,16.));
#5859=CARTESIAN_POINT('Ctrl Pts',(1203.29274099644,301.068529334296,11.3333333333333));
#5860=CARTESIAN_POINT('Ctrl Pts',(1203.29274099644,301.068529334296,6.66666666666668));
#5861=CARTESIAN_POINT('Ctrl Pts',(1203.29274099644,301.068529334296,2.));
#5862=CARTESIAN_POINT('Ctrl Pts',(1185.98901061912,304.945657809508,16.));
#5863=CARTESIAN_POINT('Ctrl Pts',(1185.98901061912,304.945657809508,11.3333333333334));
#5864=CARTESIAN_POINT('Ctrl Pts',(1185.98901061912,304.945657809508,6.66666666666665));
#5865=CARTESIAN_POINT('Ctrl Pts',(1185.98901061912,304.945657809508,2.));
#5866=CARTESIAN_POINT('Ctrl Pts',(1174.37178626921,305.000000000001,16.));
#5867=CARTESIAN_POINT('Ctrl Pts',(1174.37178626921,305.000000000001,11.3333333333333));
#5868=CARTESIAN_POINT('Ctrl Pts',(1174.37178626921,305.000000000001,6.66666666666668));
#5869=CARTESIAN_POINT('Ctrl Pts',(1174.37178626921,305.000000000001,2.));
#5870=CARTESIAN_POINT('Ctrl Pts',(1168.5,305.000000000001,16.));
#5871=CARTESIAN_POINT('Ctrl Pts',(1168.5,305.000000000001,11.3333333333333));
#5872=CARTESIAN_POINT('Ctrl Pts',(1168.5,305.000000000001,6.66666666666667));
#5873=CARTESIAN_POINT('Ctrl Pts',(1168.5,305.000000000001,2.));
#5874=CARTESIAN_POINT('',(1247.,226.5,18.));
#5875=CARTESIAN_POINT('Origin',(1247.,9.00000000000009,18.));
#5876=CARTESIAN_POINT('',(1247.,87.5000000000001,18.));
#5877=CARTESIAN_POINT('Ctrl Pts',(1168.5,9.00000000000008,16.));
#5878=CARTESIAN_POINT('Ctrl Pts',(1168.5,9.00000000000008,11.3333333333333));
#5879=CARTESIAN_POINT('Ctrl Pts',(1168.5,9.00000000000008,6.66666666666667));
#5880=CARTESIAN_POINT('Ctrl Pts',(1168.5,9.00000000000008,2.));
#5881=CARTESIAN_POINT('Ctrl Pts',(1174.37178626921,9.00000000000008,16.));
#5882=CARTESIAN_POINT('Ctrl Pts',(1174.37178626921,9.00000000000008,11.3333333333333));
#5883=CARTESIAN_POINT('Ctrl Pts',(1174.37178626921,9.00000000000008,6.66666666666667));
#5884=CARTESIAN_POINT('Ctrl Pts',(1174.37178626921,9.00000000000008,2.));
#5885=CARTESIAN_POINT('Ctrl Pts',(1185.99040770018,9.05723281506897,16.));
#5886=CARTESIAN_POINT('Ctrl Pts',(1185.99040770018,9.05723281506897,11.3333333333333));
#5887=CARTESIAN_POINT('Ctrl Pts',(1185.99040770018,9.05723281506897,6.66666666666666));
#5888=CARTESIAN_POINT('Ctrl Pts',(1185.99040770018,9.05723281506897,2.));
#5889=CARTESIAN_POINT('Ctrl Pts',(1203.29072655592,12.9257877537724,16.));
#5890=CARTESIAN_POINT('Ctrl Pts',(1203.29072655592,12.9257877537724,11.3333333333333));
#5891=CARTESIAN_POINT('Ctrl Pts',(1203.29072655592,12.9257877537724,6.66666666666667));
#5892=CARTESIAN_POINT('Ctrl Pts',(1203.29072655592,12.9257877537724,2.));
#5893=CARTESIAN_POINT('Ctrl Pts',(1219.79258878912,22.1539004750551,16.));
#5894=CARTESIAN_POINT('Ctrl Pts',(1219.79258878912,22.1539004750551,11.3333333333333));
#5895=CARTESIAN_POINT('Ctrl Pts',(1219.79258878912,22.1539004750551,6.66666666666667));
#5896=CARTESIAN_POINT('Ctrl Pts',(1219.79258878912,22.1539004750551,2.));
#5897=CARTESIAN_POINT('Ctrl Pts',(1233.85037094001,36.2095197091902,16.));
#5898=CARTESIAN_POINT('Ctrl Pts',(1233.85037094001,36.2095197091902,11.3333333333333));
#5899=CARTESIAN_POINT('Ctrl Pts',(1233.85037094001,36.2095197091902,6.66666666666666));
#5900=CARTESIAN_POINT('Ctrl Pts',(1233.85037094001,36.2095197091902,2.));
#5901=CARTESIAN_POINT('Ctrl Pts',(1243.06858938827,52.7072517839918,16.));
#5902=CARTESIAN_POINT('Ctrl Pts',(1243.06858938827,52.7072517839918,11.3333333333333));
#5903=CARTESIAN_POINT('Ctrl Pts',(1243.06858938827,52.7072517839918,6.66666666666668));
#5904=CARTESIAN_POINT('Ctrl Pts',(1243.06858938827,52.7072517839918,2.));
#5905=CARTESIAN_POINT('Ctrl Pts',(1246.94570266555,70.0109850943354,16.));
#5906=CARTESIAN_POINT('Ctrl Pts',(1246.94570266555,70.0109850943354,11.3333333333333));
#5907=CARTESIAN_POINT('Ctrl Pts',(1246.94570266555,70.0109850943354,6.66666666666665));
#5908=CARTESIAN_POINT('Ctrl Pts',(1246.94570266555,70.0109850943354,2.));
#5909=CARTESIAN_POINT('Ctrl Pts',(1247.,81.6282137307905,16.));
#5910=CARTESIAN_POINT('Ctrl Pts',(1247.,81.6282137307905,11.3333333333333));
#5911=CARTESIAN_POINT('Ctrl Pts',(1247.,81.6282137307905,6.66666666666668));
#5912=CARTESIAN_POINT('Ctrl Pts',(1247.,81.6282137307905,2.));
#5913=CARTESIAN_POINT('Ctrl Pts',(1247.,87.4999999999999,16.));
#5914=CARTESIAN_POINT('Ctrl Pts',(1247.,87.4999999999999,11.3333333333333));
#5915=CARTESIAN_POINT('Ctrl Pts',(1247.,87.4999999999999,6.66666666666667));
#5916=CARTESIAN_POINT('Ctrl Pts',(1247.,87.4999999999999,2.));
#5917=CARTESIAN_POINT('',(1168.5,9.00000000000008,18.));
#5918=CARTESIAN_POINT('Origin',(628.,157.,18.));
#5919=CARTESIAN_POINT('',(1119.75,157.,18.));
#5920=CARTESIAN_POINT('Origin',(1099.,157.,18.));
#5921=CARTESIAN_POINT('',(805.75,157.,18.));
#5922=CARTESIAN_POINT('Origin',(785.,157.,18.));
#5923=CARTESIAN_POINT('',(491.75,157.,18.));
#5924=CARTESIAN_POINT('Origin',(471.,157.,18.));
#5925=CARTESIAN_POINT('',(177.75,157.,18.));
#5926=CARTESIAN_POINT('Origin',(157.,157.,18.));
#5927=CARTESIAN_POINT('',(466.,288.,18.));
#5928=CARTESIAN_POINT('Origin',(471.,288.,18.));
#5929=CARTESIAN_POINT('',(623.,288.,18.));
#5930=CARTESIAN_POINT('Origin',(628.,288.,18.));
#5931=CARTESIAN_POINT('',(152.,25.9999999999999,18.));
#5932=CARTESIAN_POINT('Origin',(157.,25.9999999999999,18.));
#5933=CARTESIAN_POINT('',(466.,25.9999999999999,18.));
#5934=CARTESIAN_POINT('Origin',(471.,25.9999999999999,18.));
#5935=CARTESIAN_POINT('',(623.,25.9999999999999,18.));
#5936=CARTESIAN_POINT('Origin',(628.,25.9999999999999,18.));
#5937=CARTESIAN_POINT('',(937.,25.9999999999999,18.));
#5938=CARTESIAN_POINT('Origin',(942.,25.9999999999999,18.));
#5939=CARTESIAN_POINT('',(937.,288.,18.));
#5940=CARTESIAN_POINT('Origin',(942.,288.,18.));
#5941=CARTESIAN_POINT('',(309.,288.,18.));
#5942=CARTESIAN_POINT('Origin',(314.,288.,18.));
#5943=CARTESIAN_POINT('',(780.,288.,18.));
#5944=CARTESIAN_POINT('Origin',(785.,288.,18.));
#5945=CARTESIAN_POINT('',(21.,157.,18.));
#5946=CARTESIAN_POINT('Origin',(26.,157.,18.));
#5947=CARTESIAN_POINT('',(780.,25.9999999999999,18.));
#5948=CARTESIAN_POINT('Origin',(785.,25.9999999999999,18.));
#5949=CARTESIAN_POINT('',(309.,25.9999999999999,18.));
#5950=CARTESIAN_POINT('Origin',(314.,25.9999999999999,18.));
#5951=CARTESIAN_POINT('',(1094.,25.9999999999999,18.));
#5952=CARTESIAN_POINT('Origin',(1099.,25.9999999999999,18.));
#5953=CARTESIAN_POINT('',(1225.,157.,18.));
#5954=CARTESIAN_POINT('Origin',(1230.,157.,18.));
#5955=CARTESIAN_POINT('',(152.,288.,18.));
#5956=CARTESIAN_POINT('Origin',(157.,288.,18.));
#5957=CARTESIAN_POINT('',(1094.,288.,18.));
#5958=CARTESIAN_POINT('Origin',(1099.,288.,18.));
#5959=CARTESIAN_POINT('',(334.75,157.,18.));
#5960=CARTESIAN_POINT('Origin',(314.,157.,18.));
#5961=CARTESIAN_POINT('',(648.75,157.,18.));
#5962=CARTESIAN_POINT('Origin',(628.,157.,18.));
#5963=CARTESIAN_POINT('',(962.75,157.,18.));
#5964=CARTESIAN_POINT('Origin',(942.,157.,18.));
#5965=CARTESIAN_POINT('Origin',(1099.,157.,15.125));
#5966=CARTESIAN_POINT('',(1114.,157.,12.25));
#5967=CARTESIAN_POINT('',(1116.875,157.,15.125));
#5968=CARTESIAN_POINT('',(1084.,157.,12.25));
#5969=CARTESIAN_POINT('Origin',(1099.,157.,12.25));
#5970=CARTESIAN_POINT('Origin',(1099.,157.,12.25));
#5971=CARTESIAN_POINT('Origin',(1099.,157.,18.));
#5972=CARTESIAN_POINT('',(1084.,157.,5.75));
#5973=CARTESIAN_POINT('',(1084.,157.,18.));
#5974=CARTESIAN_POINT('Origin',(1099.,157.,5.75));
#5975=CARTESIAN_POINT('Origin',(942.,157.,15.125));
#5976=CARTESIAN_POINT('',(957.,157.,12.25));
#5977=CARTESIAN_POINT('',(959.875,157.,15.125));
#5978=CARTESIAN_POINT('',(927.,157.,12.25));
#5979=CARTESIAN_POINT('Origin',(942.,157.,12.25));
#5980=CARTESIAN_POINT('Origin',(942.,157.,12.25));
#5981=CARTESIAN_POINT('Origin',(942.,157.,18.));
#5982=CARTESIAN_POINT('',(927.,157.,5.75));
#5983=CARTESIAN_POINT('',(927.,157.,18.));
#5984=CARTESIAN_POINT('Origin',(942.,157.,5.75));
#5985=CARTESIAN_POINT('Origin',(785.,157.,15.125));
#5986=CARTESIAN_POINT('',(800.,157.,12.25));
#5987=CARTESIAN_POINT('',(802.875,157.,15.125));
#5988=CARTESIAN_POINT('',(770.,157.,12.25));
#5989=CARTESIAN_POINT('Origin',(785.,157.,12.25));
#5990=CARTESIAN_POINT('Origin',(785.,157.,12.25));
#5991=CARTESIAN_POINT('Origin',(785.,157.,18.));
#5992=CARTESIAN_POINT('',(770.,157.,5.75));
#5993=CARTESIAN_POINT('',(770.,157.,18.));
#5994=CARTESIAN_POINT('Origin',(785.,157.,5.75));
#5995=CARTESIAN_POINT('Origin',(628.,157.,15.125));
#5996=CARTESIAN_POINT('',(643.,157.,12.25));
#5997=CARTESIAN_POINT('',(645.875,157.,15.125));
#5998=CARTESIAN_POINT('',(613.,157.,12.25));
#5999=CARTESIAN_POINT('Origin',(628.,157.,12.25));
#6000=CARTESIAN_POINT('Origin',(628.,157.,12.25));
#6001=CARTESIAN_POINT('Origin',(628.,157.,18.));
#6002=CARTESIAN_POINT('',(613.,157.,5.75));
#6003=CARTESIAN_POINT('',(613.,157.,18.));
#6004=CARTESIAN_POINT('Origin',(628.,157.,5.75));
#6005=CARTESIAN_POINT('Origin',(471.,157.,15.125));
#6006=CARTESIAN_POINT('',(486.,157.,12.25));
#6007=CARTESIAN_POINT('',(488.875,157.,15.125));
#6008=CARTESIAN_POINT('',(456.,157.,12.25));
#6009=CARTESIAN_POINT('Origin',(471.,157.,12.25));
#6010=CARTESIAN_POINT('Origin',(471.,157.,12.25));
#6011=CARTESIAN_POINT('Origin',(471.,157.,18.));
#6012=CARTESIAN_POINT('',(456.,157.,5.75));
#6013=CARTESIAN_POINT('',(456.,157.,18.));
#6014=CARTESIAN_POINT('Origin',(471.,157.,5.75));
#6015=CARTESIAN_POINT('Origin',(314.,157.,15.125));
#6016=CARTESIAN_POINT('',(329.,157.,12.25));
#6017=CARTESIAN_POINT('',(331.875,157.,15.125));
#6018=CARTESIAN_POINT('',(299.,157.,12.25));
#6019=CARTESIAN_POINT('Origin',(314.,157.,12.25));
#6020=CARTESIAN_POINT('Origin',(314.,157.,12.25));
#6021=CARTESIAN_POINT('Origin',(314.,157.,18.));
#6022=CARTESIAN_POINT('',(299.,157.,5.75));
#6023=CARTESIAN_POINT('',(299.,157.,18.));
#6024=CARTESIAN_POINT('Origin',(314.,157.,5.75));
#6025=CARTESIAN_POINT('Origin',(1099.,157.,2.875));
#6026=CARTESIAN_POINT('',(1081.125,157.,2.875));
#6027=CARTESIAN_POINT('Origin',(942.,157.,2.875));
#6028=CARTESIAN_POINT('',(924.125,157.,2.875));
#6029=CARTESIAN_POINT('Origin',(785.,157.,2.875));
#6030=CARTESIAN_POINT('',(767.125,157.,2.875));
#6031=CARTESIAN_POINT('Origin',(628.,157.,2.875));
#6032=CARTESIAN_POINT('',(610.125,157.,2.875));
#6033=CARTESIAN_POINT('Origin',(471.,157.,2.875));
#6034=CARTESIAN_POINT('',(453.125,157.,2.875));
#6035=CARTESIAN_POINT('Origin',(314.,157.,2.875));
#6036=CARTESIAN_POINT('',(296.125,157.,2.875));
#6037=CARTESIAN_POINT('Origin',(157.,157.,2.875));
#6038=CARTESIAN_POINT('',(142.,157.,5.75));
#6039=CARTESIAN_POINT('',(139.125,157.,2.875));
#6040=CARTESIAN_POINT('Origin',(157.,157.,5.75));
#6041=CARTESIAN_POINT('Origin',(157.,157.,18.));
#6042=CARTESIAN_POINT('',(172.,157.,12.25));
#6043=CARTESIAN_POINT('',(142.,157.,12.25));
#6044=CARTESIAN_POINT('Origin',(157.,157.,12.25));
#6045=CARTESIAN_POINT('Origin',(157.,157.,12.25));
#6046=CARTESIAN_POINT('',(142.,157.,18.));
#6047=CARTESIAN_POINT('Origin',(157.,157.,15.125));
#6048=CARTESIAN_POINT('',(174.875,157.,15.125));
#6049=CARTESIAN_POINT('Origin',(9.00000000000006,8.99999999999991,18.));
#6050=CARTESIAN_POINT('Origin',(471.,288.,18.));
#6051=CARTESIAN_POINT('',(466.,288.,3.));
#6052=CARTESIAN_POINT('',(466.,288.,18.));
#6053=CARTESIAN_POINT('Origin',(471.,288.,3.));
#6054=CARTESIAN_POINT('Origin',(471.,288.,3.));
#6055=CARTESIAN_POINT('Origin',(628.,288.,18.));
#6056=CARTESIAN_POINT('',(623.,288.,3.));
#6057=CARTESIAN_POINT('',(623.,288.,18.));
#6058=CARTESIAN_POINT('Origin',(628.,288.,3.));
#6059=CARTESIAN_POINT('Origin',(628.,288.,3.));
#6060=CARTESIAN_POINT('Origin',(157.,25.9999999999999,18.));
#6061=CARTESIAN_POINT('',(152.,25.9999999999999,3.));
#6062=CARTESIAN_POINT('',(152.,25.9999999999999,18.));
#6063=CARTESIAN_POINT('Origin',(157.,25.9999999999999,3.));
#6064=CARTESIAN_POINT('Origin',(157.,25.9999999999999,3.));
#6065=CARTESIAN_POINT('Origin',(471.,25.9999999999999,18.));
#6066=CARTESIAN_POINT('',(466.,25.9999999999999,3.));
#6067=CARTESIAN_POINT('',(466.,25.9999999999999,18.));
#6068=CARTESIAN_POINT('Origin',(471.,25.9999999999999,3.));
#6069=CARTESIAN_POINT('Origin',(471.,25.9999999999999,3.));
#6070=CARTESIAN_POINT('Origin',(628.,25.9999999999999,18.));
#6071=CARTESIAN_POINT('',(623.,25.9999999999999,3.));
#6072=CARTESIAN_POINT('',(623.,25.9999999999999,18.));
#6073=CARTESIAN_POINT('Origin',(628.,25.9999999999999,3.));
#6074=CARTESIAN_POINT('Origin',(628.,25.9999999999999,3.));
#6075=CARTESIAN_POINT('Origin',(942.,25.9999999999999,18.));
#6076=CARTESIAN_POINT('',(937.,25.9999999999999,3.));
#6077=CARTESIAN_POINT('',(937.,25.9999999999999,18.));
#6078=CARTESIAN_POINT('Origin',(942.,25.9999999999999,3.));
#6079=CARTESIAN_POINT('Origin',(942.,25.9999999999999,3.));
#6080=CARTESIAN_POINT('Origin',(942.,288.,18.));
#6081=CARTESIAN_POINT('',(937.,288.,3.));
#6082=CARTESIAN_POINT('',(937.,288.,18.));
#6083=CARTESIAN_POINT('Origin',(942.,288.,3.));
#6084=CARTESIAN_POINT('Origin',(942.,288.,3.));
#6085=CARTESIAN_POINT('Origin',(314.,288.,18.));
#6086=CARTESIAN_POINT('',(309.,288.,3.));
#6087=CARTESIAN_POINT('',(309.,288.,18.));
#6088=CARTESIAN_POINT('Origin',(314.,288.,3.));
#6089=CARTESIAN_POINT('Origin',(314.,288.,3.));
#6090=CARTESIAN_POINT('Origin',(785.,288.,18.));
#6091=CARTESIAN_POINT('',(780.,288.,3.));
#6092=CARTESIAN_POINT('',(780.,288.,18.));
#6093=CARTESIAN_POINT('Origin',(785.,288.,3.));
#6094=CARTESIAN_POINT('Origin',(785.,288.,3.));
#6095=CARTESIAN_POINT('Origin',(26.,157.,18.));
#6096=CARTESIAN_POINT('',(21.,157.,18.));
#6097=CARTESIAN_POINT('',(21.,157.,3.));
#6098=CARTESIAN_POINT('',(21.,157.,18.));
#6099=CARTESIAN_POINT('Origin',(26.,157.,3.));
#6100=CARTESIAN_POINT('Origin',(26.,157.,3.));
#6101=CARTESIAN_POINT('Origin',(785.,25.9999999999999,18.));
#6102=CARTESIAN_POINT('',(780.,25.9999999999999,3.));
#6103=CARTESIAN_POINT('',(780.,25.9999999999999,18.));
#6104=CARTESIAN_POINT('Origin',(785.,25.9999999999999,3.));
#6105=CARTESIAN_POINT('Origin',(785.,25.9999999999999,3.));
#6106=CARTESIAN_POINT('Origin',(314.,25.9999999999999,18.));
#6107=CARTESIAN_POINT('',(309.,25.9999999999999,3.));
#6108=CARTESIAN_POINT('',(309.,25.9999999999999,18.));
#6109=CARTESIAN_POINT('Origin',(314.,25.9999999999999,3.));
#6110=CARTESIAN_POINT('Origin',(314.,25.9999999999999,3.));
#6111=CARTESIAN_POINT('Origin',(1099.,25.9999999999999,18.));
#6112=CARTESIAN_POINT('',(1094.,25.9999999999999,3.));
#6113=CARTESIAN_POINT('',(1094.,25.9999999999999,18.));
#6114=CARTESIAN_POINT('Origin',(1099.,25.9999999999999,3.));
#6115=CARTESIAN_POINT('Origin',(1099.,25.9999999999999,3.));
#6116=CARTESIAN_POINT('Origin',(1230.,157.,18.));
#6117=CARTESIAN_POINT('',(1225.,157.,3.));
#6118=CARTESIAN_POINT('',(1225.,157.,18.));
#6119=CARTESIAN_POINT('Origin',(1230.,157.,3.));
#6120=CARTESIAN_POINT('Origin',(1230.,157.,3.));
#6121=CARTESIAN_POINT('Origin',(157.,288.,18.));
#6122=CARTESIAN_POINT('',(152.,288.,3.));
#6123=CARTESIAN_POINT('',(152.,288.,18.));
#6124=CARTESIAN_POINT('Origin',(157.,288.,3.));
#6125=CARTESIAN_POINT('Origin',(157.,288.,3.));
#6126=CARTESIAN_POINT('Origin',(1099.,288.,18.));
#6127=CARTESIAN_POINT('',(1094.,288.,3.));
#6128=CARTESIAN_POINT('',(1094.,288.,18.));
#6129=CARTESIAN_POINT('Origin',(1099.,288.,3.));
#6130=CARTESIAN_POINT('Origin',(1099.,288.,3.));
#6131=CARTESIAN_POINT('',(0.,0.,0.));
#6132=CARTESIAN_POINT('Origin',(-70.,20.,-6.16163391438665E-31));
#6133=CARTESIAN_POINT('',(-70.,20.,-6.16163391438665E-31));
#6134=CARTESIAN_POINT('',(0.,20.,0.));
#6135=CARTESIAN_POINT('',(-70.,20.,-6.16163391438665E-31));
#6136=CARTESIAN_POINT('',(-70.,20.,-69.));
#6137=CARTESIAN_POINT('',(-70.,20.,-35.));
#6138=CARTESIAN_POINT('',(6.07361057275255E-31,20.,-69.));
#6139=CARTESIAN_POINT('',(6.07361057275255E-31,20.,-69.));
#6140=CARTESIAN_POINT('',(0.,20.,-6.4293956955236E-15));
#6141=CARTESIAN_POINT('Origin',(0.,19.5,0.));
#6142=CARTESIAN_POINT('',(0.,19.5,0.));
#6143=CARTESIAN_POINT('',(-70.,19.5,-6.16163391438665E-31));
#6144=CARTESIAN_POINT('',(-35.,19.5,-3.08081695719332E-31));
#6145=CARTESIAN_POINT('',(6.07361057275255E-31,19.5,-69.));
#6146=CARTESIAN_POINT('',(0.,19.5,-2.27252622276123E-31));
#6147=CARTESIAN_POINT('',(-70.,19.5,-69.));
#6148=CARTESIAN_POINT('',(-70.,19.5,-69.));
#6149=CARTESIAN_POINT('',(-70.,19.5,-35.));
#6150=CARTESIAN_POINT('Origin',(-35.,19.75,-69.));
#6151=CARTESIAN_POINT('',(-1.33226762955019E-14,9.875,-69.));
#6152=CARTESIAN_POINT('',(-70.,9.875,-69.));
#6153=CARTESIAN_POINT('Origin',(-70.,0.,-6.16163391438665E-31));
#6154=CARTESIAN_POINT('',(-70.,0.,-6.16163391438665E-31));
#6155=CARTESIAN_POINT('',(-70.,0.,-6.16163391438665E-31));
#6156=CARTESIAN_POINT('',(0.,0.,0.));
#6157=CARTESIAN_POINT('',(-70.,0.,-6.16163391438665E-31));
#6158=CARTESIAN_POINT('',(0.,0.,0.));
#6159=CARTESIAN_POINT('Origin',(-70.,0.,-6.16163391438665E-31));
#6160=CARTESIAN_POINT('',(0.,50.,0.));
#6161=CARTESIAN_POINT('',(0.,0.,0.));
#6162=CARTESIAN_POINT('',(-70.,50.,0.));
#6163=CARTESIAN_POINT('',(-70.,50.,-6.16163391438665E-31));
#6164=CARTESIAN_POINT('',(-70.,0.,-6.16163391438665E-31));
#6165=CARTESIAN_POINT('Origin',(0.,0.,0.));
#6166=CARTESIAN_POINT('',(-1.28587913910472E-14,0.,-70.));
#6167=CARTESIAN_POINT('',(0.,0.,0.));
#6168=CARTESIAN_POINT('',(-1.28587913910472E-14,50.,-70.));
#6169=CARTESIAN_POINT('',(-1.28587913910472E-14,0.,-70.));
#6170=CARTESIAN_POINT('',(0.,50.,0.));
#6171=CARTESIAN_POINT('Origin',(-70.,0.,-70.));
#6172=CARTESIAN_POINT('',(-70.,50.,-70.));
#6173=CARTESIAN_POINT('',(-70.,50.,-70.));
#6174=CARTESIAN_POINT('',(-70.,0.,-70.));
#6175=CARTESIAN_POINT('',(-70.,0.,-70.));
#6176=CARTESIAN_POINT('',(-70.,0.,-70.));
#6177=CARTESIAN_POINT('Origin',(-1.28587913910472E-14,0.,-70.));
#6178=CARTESIAN_POINT('',(-8.88178419700125E-15,0.,-70.));
#6179=CARTESIAN_POINT('',(-8.88178419700125E-15,50.,-70.));
#6180=CARTESIAN_POINT('Origin',(-35.,50.,-35.));
#6181=CARTESIAN_POINT('Origin',(-35.,0.,-35.));
#6182=CARTESIAN_POINT('',(0.,0.,0.));
#6183=CARTESIAN_POINT('Origin',(9.00000000000006,157.,9.));
#6184=CARTESIAN_POINT('',(9.00000000000006,157.,5.5));
#6185=CARTESIAN_POINT('Origin',(9.00000000000006,157.,9.));
#6186=CARTESIAN_POINT('',(21.,157.,5.5));
#6187=CARTESIAN_POINT('',(9.00000000000006,157.,5.5));
#6188=CARTESIAN_POINT('',(21.,157.,12.5));
#6189=CARTESIAN_POINT('Ctrl Pts',(21.,157.,12.5));
#6190=CARTESIAN_POINT('Ctrl Pts',(21.,157.45707798332,12.5));
#6191=CARTESIAN_POINT('Ctrl Pts',(21.0677499612788,157.933806360356,12.4051790297385));
#6192=CARTESIAN_POINT('Ctrl Pts',(21.3110290453875,158.792382664168,12.0421377301674));
#6193=CARTESIAN_POINT('Ctrl Pts',(21.4846840756548,159.175078159413,11.7746693088923));
#6194=CARTESIAN_POINT('Ctrl Pts',(21.8287150784375,159.779010122101,11.1707373462045));
#6195=CARTESIAN_POINT('Ctrl Pts',(22.0261620390455,160.043705815988,10.788833995622));
#6196=CARTESIAN_POINT('Ctrl Pts',(22.3300548424851,160.403974358924,9.93649540870833));
#6197=CARTESIAN_POINT('Ctrl Pts',(22.4292857857285,160.5,9.46369612686475));
#6198=CARTESIAN_POINT('Ctrl Pts',(22.4292857857285,160.5,8.53630387313525));
#6199=CARTESIAN_POINT('Ctrl Pts',(22.3300548424851,160.403974358924,8.06350459129167));
#6200=CARTESIAN_POINT('Ctrl Pts',(22.0261620390455,160.043705815988,7.21116600437804));
#6201=CARTESIAN_POINT('Ctrl Pts',(21.8287150784375,159.779010122101,6.82926265379547));
#6202=CARTESIAN_POINT('Ctrl Pts',(21.4846840756548,159.175078159413,6.22533069110771));
#6203=CARTESIAN_POINT('Ctrl Pts',(21.3110290453875,158.792382664168,5.95786226983256));
#6204=CARTESIAN_POINT('Ctrl Pts',(21.0677499612788,157.933806360356,5.59482097026146));
#6205=CARTESIAN_POINT('Ctrl Pts',(21.,157.45707798332,5.5));
#6206=CARTESIAN_POINT('Ctrl Pts',(21.,157.,5.5));
#6207=CARTESIAN_POINT('',(22.4292857857288,153.5,9.));
#6208=CARTESIAN_POINT('Ctrl Pts',(22.4292857857288,153.5,9.));
#6209=CARTESIAN_POINT('Ctrl Pts',(22.4292857857288,153.5,9.46369612686476));
#6210=CARTESIAN_POINT('Ctrl Pts',(22.3300548424854,153.596025641076,9.93649540870834));
#6211=CARTESIAN_POINT('Ctrl Pts',(22.0261620390458,153.956294184012,10.788833995622));
#6212=CARTESIAN_POINT('Ctrl Pts',(21.8287150784378,154.220989877899,11.1707373462045));
#6213=CARTESIAN_POINT('Ctrl Pts',(21.4846840756549,154.824921840586,11.7746693088923));
#6214=CARTESIAN_POINT('Ctrl Pts',(21.3110290453876,155.207617335831,12.0421377301674));
#6215=CARTESIAN_POINT('Ctrl Pts',(21.0677499612789,156.066193639644,12.4051790297385));
#6216=CARTESIAN_POINT('Ctrl Pts',(21.,156.542922016679,12.5));
#6217=CARTESIAN_POINT('Ctrl Pts',(21.,157.,12.5));
#6218=CARTESIAN_POINT('Ctrl Pts',(21.,157.,5.5));
#6219=CARTESIAN_POINT('Ctrl Pts',(21.,156.542922016679,5.5));
#6220=CARTESIAN_POINT('Ctrl Pts',(21.0677499612789,156.066193639644,5.59482097026145));
#6221=CARTESIAN_POINT('Ctrl Pts',(21.3110290453876,155.207617335831,5.95786226983254));
#6222=CARTESIAN_POINT('Ctrl Pts',(21.4846840756549,154.824921840586,6.22533069110772));
#6223=CARTESIAN_POINT('Ctrl Pts',(21.8287150784378,154.220989877899,6.82926265379547));
#6224=CARTESIAN_POINT('Ctrl Pts',(22.0261620390458,153.956294184012,7.21116600437804));
#6225=CARTESIAN_POINT('Ctrl Pts',(22.3300548424854,153.596025641076,8.06350459129166));
#6226=CARTESIAN_POINT('Ctrl Pts',(22.4292857857288,153.5,8.53630387313524));
#6227=CARTESIAN_POINT('Ctrl Pts',(22.4292857857288,153.5,9.));
#6228=CARTESIAN_POINT('Origin',(157.,305.,9.));
#6229=CARTESIAN_POINT('',(153.5,305.,9.));
#6230=CARTESIAN_POINT('Origin',(157.,305.,9.));
#6231=CARTESIAN_POINT('',(153.5,291.570714214272,9.));
#6232=CARTESIAN_POINT('',(153.5,305.,9.));
#6233=CARTESIAN_POINT('Ctrl Pts',(153.5,291.570714214272,9.));
#6234=CARTESIAN_POINT('Ctrl Pts',(153.5,291.570714214272,9.46369612686475));
#6235=CARTESIAN_POINT('Ctrl Pts',(153.596025641076,291.669945157515,9.93649540870834));
#6236=CARTESIAN_POINT('Ctrl Pts',(153.956294184012,291.973837960955,10.788833995622));
#6237=CARTESIAN_POINT('Ctrl Pts',(154.220989877899,292.171284921563,11.1707373462045));
#6238=CARTESIAN_POINT('Ctrl Pts',(154.824921840587,292.515315924345,11.7746693088923));
#6239=CARTESIAN_POINT('Ctrl Pts',(155.207617335832,292.688970954613,12.0421377301675));
#6240=CARTESIAN_POINT('Ctrl Pts',(156.066193639645,292.932250038721,12.4051790297386));
#6241=CARTESIAN_POINT('Ctrl Pts',(156.54292201668,293.,12.5));
#6242=CARTESIAN_POINT('Ctrl Pts',(157.457077983321,293.,12.5));
#6243=CARTESIAN_POINT('Ctrl Pts',(157.933806360356,292.932250038721,12.4051790297385));
#6244=CARTESIAN_POINT('Ctrl Pts',(158.792382664169,292.688970954612,12.0421377301674));
#6245=CARTESIAN_POINT('Ctrl Pts',(159.175078159414,292.515315924345,11.7746693088923));
#6246=CARTESIAN_POINT('Ctrl Pts',(159.779010122102,292.171284921562,11.1707373462045));
#6247=CARTESIAN_POINT('Ctrl Pts',(160.043705815988,291.973837960954,10.788833995622));
#6248=CARTESIAN_POINT('Ctrl Pts',(160.403974358924,291.669945157515,9.93649540870833));
#6249=CARTESIAN_POINT('Ctrl Pts',(160.5,291.570714214271,9.46369612686476));
#6250=CARTESIAN_POINT('Ctrl Pts',(160.5,291.570714214271,8.53630387313524));
#6251=CARTESIAN_POINT('Ctrl Pts',(160.403974358924,291.669945157515,8.06350459129166));
#6252=CARTESIAN_POINT('Ctrl Pts',(160.043705815988,291.973837960954,7.21116600437805));
#6253=CARTESIAN_POINT('Ctrl Pts',(159.779010122102,292.171284921562,6.82926265379548));
#6254=CARTESIAN_POINT('Ctrl Pts',(159.175078159414,292.515315924345,6.22533069110773));
#6255=CARTESIAN_POINT('Ctrl Pts',(158.792382664169,292.688970954612,5.95786226983258));
#6256=CARTESIAN_POINT('Ctrl Pts',(157.933806360356,292.932250038721,5.59482097026147));
#6257=CARTESIAN_POINT('Ctrl Pts',(157.457077983321,293.,5.5));
#6258=CARTESIAN_POINT('Ctrl Pts',(156.54292201668,293.,5.5));
#6259=CARTESIAN_POINT('Ctrl Pts',(156.066193639645,292.932250038721,5.59482097026144));
#6260=CARTESIAN_POINT('Ctrl Pts',(155.207617335832,292.688970954613,5.95786226983253));
#6261=CARTESIAN_POINT('Ctrl Pts',(154.824921840587,292.515315924345,6.2253306911077));
#6262=CARTESIAN_POINT('Ctrl Pts',(154.220989877899,292.171284921563,6.82926265379545));
#6263=CARTESIAN_POINT('Ctrl Pts',(153.956294184012,291.973837960955,7.21116600437803));
#6264=CARTESIAN_POINT('Ctrl Pts',(153.596025641076,291.669945157515,8.06350459129166));
#6265=CARTESIAN_POINT('Ctrl Pts',(153.5,291.570714214272,8.53630387313525));
#6266=CARTESIAN_POINT('Ctrl Pts',(153.5,291.570714214272,9.));
#6267=CARTESIAN_POINT('Origin',(305.,157.,9.));
#6268=CARTESIAN_POINT('',(305.,157.,12.5));
#6269=CARTESIAN_POINT('Origin',(305.,157.,9.));
#6270=CARTESIAN_POINT('',(293.,157.,12.5));
#6271=CARTESIAN_POINT('',(305.,157.,12.5));
#6272=CARTESIAN_POINT('',(291.570714214271,160.5,9.));
#6273=CARTESIAN_POINT('Ctrl Pts',(291.570714214271,160.5,9.));
#6274=CARTESIAN_POINT('Ctrl Pts',(291.570714214271,160.5,9.46369612686476));
#6275=CARTESIAN_POINT('Ctrl Pts',(291.669945157515,160.403974358924,9.93649540870832));
#6276=CARTESIAN_POINT('Ctrl Pts',(291.973837960954,160.043705815988,10.7888339956219));
#6277=CARTESIAN_POINT('Ctrl Pts',(292.171284921562,159.779010122101,11.1707373462045));
#6278=CARTESIAN_POINT('Ctrl Pts',(292.515315924345,159.175078159414,11.7746693088923));
#6279=CARTESIAN_POINT('Ctrl Pts',(292.688970954612,158.792382664169,12.0421377301674));
#6280=CARTESIAN_POINT('Ctrl Pts',(292.932250038721,157.933806360356,12.4051790297385));
#6281=CARTESIAN_POINT('Ctrl Pts',(293.,157.457077983321,12.5));
#6282=CARTESIAN_POINT('Ctrl Pts',(293.,157.,12.5));
#6283=CARTESIAN_POINT('Ctrl Pts',(293.,157.,12.5));
#6284=CARTESIAN_POINT('Ctrl Pts',(293.,156.54292201668,12.5));
#6285=CARTESIAN_POINT('Ctrl Pts',(292.932250038721,156.066193639644,12.4051790297385));
#6286=CARTESIAN_POINT('Ctrl Pts',(292.688970954612,155.207617335832,12.0421377301674));
#6287=CARTESIAN_POINT('Ctrl Pts',(292.515315924345,154.824921840587,11.7746693088923));
#6288=CARTESIAN_POINT('Ctrl Pts',(292.171284921562,154.220989877899,11.1707373462045));
#6289=CARTESIAN_POINT('Ctrl Pts',(291.973837960954,153.956294184012,10.788833995622));
#6290=CARTESIAN_POINT('Ctrl Pts',(291.669945157515,153.596025641076,9.93649540870834));
#6291=CARTESIAN_POINT('Ctrl Pts',(291.570714214271,153.5,9.46369612686475));
#6292=CARTESIAN_POINT('Ctrl Pts',(291.570714214271,153.5,8.53630387313525));
#6293=CARTESIAN_POINT('Ctrl Pts',(291.669945157515,153.596025641076,8.06350459129166));
#6294=CARTESIAN_POINT('Ctrl Pts',(291.973837960954,153.956294184012,7.21116600437803));
#6295=CARTESIAN_POINT('Ctrl Pts',(292.171284921562,154.220989877899,6.82926265379546));
#6296=CARTESIAN_POINT('Ctrl Pts',(292.515315924345,154.824921840587,6.22533069110771));
#6297=CARTESIAN_POINT('Ctrl Pts',(292.688970954612,155.207617335832,5.95786226983255));
#6298=CARTESIAN_POINT('Ctrl Pts',(292.932250038721,156.066193639644,5.59482097026146));
#6299=CARTESIAN_POINT('Ctrl Pts',(293.,156.54292201668,5.5));
#6300=CARTESIAN_POINT('Ctrl Pts',(293.,157.457077983321,5.5));
#6301=CARTESIAN_POINT('Ctrl Pts',(292.932250038721,157.933806360356,5.59482097026146));
#6302=CARTESIAN_POINT('Ctrl Pts',(292.688970954612,158.792382664169,5.95786226983256));
#6303=CARTESIAN_POINT('Ctrl Pts',(292.515315924345,159.175078159414,6.22533069110772));
#6304=CARTESIAN_POINT('Ctrl Pts',(292.171284921562,159.779010122101,6.82926265379548));
#6305=CARTESIAN_POINT('Ctrl Pts',(291.973837960954,160.043705815988,7.21116600437806));
#6306=CARTESIAN_POINT('Ctrl Pts',(291.669945157515,160.403974358924,8.06350459129168));
#6307=CARTESIAN_POINT('Ctrl Pts',(291.570714214271,160.5,8.53630387313524));
#6308=CARTESIAN_POINT('Ctrl Pts',(291.570714214271,160.5,9.));
#6309=CARTESIAN_POINT('Origin',(157.,8.99999999999995,9.));
#6310=CARTESIAN_POINT('',(153.5,8.99999999999991,9.));
#6311=CARTESIAN_POINT('Origin',(157.,8.99999999999991,9.));
#6312=CARTESIAN_POINT('',(153.5,22.4292857857285,9.));
#6313=CARTESIAN_POINT('',(153.5,8.99999999999995,9.));
#6314=CARTESIAN_POINT('',(160.5,22.4292857857285,9.));
#6315=CARTESIAN_POINT('Ctrl Pts',(160.5,22.4292857857285,9.));
#6316=CARTESIAN_POINT('Ctrl Pts',(160.5,22.4292857857285,9.46369612686476));
#6317=CARTESIAN_POINT('Ctrl Pts',(160.403974358924,22.3300548424852,9.93649540870833));
#6318=CARTESIAN_POINT('Ctrl Pts',(160.043705815988,22.0261620390456,10.788833995622));
#6319=CARTESIAN_POINT('Ctrl Pts',(159.779010122101,21.8287150784376,11.1707373462045));
#6320=CARTESIAN_POINT('Ctrl Pts',(159.175078159413,21.4846840756548,11.7746693088923));
#6321=CARTESIAN_POINT('Ctrl Pts',(158.792382664168,21.3110290453875,12.0421377301674));
#6322=CARTESIAN_POINT('Ctrl Pts',(157.933806360356,21.0677499612788,12.4051790297385));
#6323=CARTESIAN_POINT('Ctrl Pts',(157.45707798332,20.9999999999999,12.5));
#6324=CARTESIAN_POINT('Ctrl Pts',(156.542922016679,20.9999999999999,12.5));
#6325=CARTESIAN_POINT('Ctrl Pts',(156.066193639644,21.0677499612788,12.4051790297385));
#6326=CARTESIAN_POINT('Ctrl Pts',(155.207617335831,21.3110290453874,12.0421377301674));
#6327=CARTESIAN_POINT('Ctrl Pts',(154.824921840586,21.4846840756547,11.7746693088923));
#6328=CARTESIAN_POINT('Ctrl Pts',(154.220989877899,21.8287150784375,11.1707373462045));
#6329=CARTESIAN_POINT('Ctrl Pts',(153.956294184012,22.0261620390455,10.788833995622));
#6330=CARTESIAN_POINT('Ctrl Pts',(153.596025641076,22.3300548424852,9.93649540870834));
#6331=CARTESIAN_POINT('Ctrl Pts',(153.5,22.4292857857285,9.46369612686476));
#6332=CARTESIAN_POINT('Ctrl Pts',(153.5,22.4292857857285,9.));
#6333=CARTESIAN_POINT('Ctrl Pts',(153.5,22.4292857857285,9.));
#6334=CARTESIAN_POINT('Ctrl Pts',(153.5,22.4292857857285,8.53630387313525));
#6335=CARTESIAN_POINT('Ctrl Pts',(153.596025641076,22.3300548424852,8.06350459129166));
#6336=CARTESIAN_POINT('Ctrl Pts',(153.956294184012,22.0261620390455,7.21116600437803));
#6337=CARTESIAN_POINT('Ctrl Pts',(154.220989877899,21.8287150784375,6.82926265379546));
#6338=CARTESIAN_POINT('Ctrl Pts',(154.824921840586,21.4846840756547,6.22533069110771));
#6339=CARTESIAN_POINT('Ctrl Pts',(155.207617335831,21.3110290453874,5.95786226983255));
#6340=CARTESIAN_POINT('Ctrl Pts',(156.066193639644,21.0677499612788,5.59482097026146));
#6341=CARTESIAN_POINT('Ctrl Pts',(156.542922016679,20.9999999999999,5.5));
#6342=CARTESIAN_POINT('Ctrl Pts',(157.45707798332,20.9999999999999,5.5));
#6343=CARTESIAN_POINT('Ctrl Pts',(157.933806360356,21.0677499612788,5.59482097026146));
#6344=CARTESIAN_POINT('Ctrl Pts',(158.792382664168,21.3110290453875,5.95786226983255));
#6345=CARTESIAN_POINT('Ctrl Pts',(159.175078159413,21.4846840756548,6.22533069110771));
#6346=CARTESIAN_POINT('Ctrl Pts',(159.779010122101,21.8287150784376,6.82926265379547));
#6347=CARTESIAN_POINT('Ctrl Pts',(160.043705815988,22.0261620390456,7.21116600437803));
#6348=CARTESIAN_POINT('Ctrl Pts',(160.403974358924,22.3300548424852,8.06350459129166));
#6349=CARTESIAN_POINT('Ctrl Pts',(160.5,22.4292857857285,8.53630387313524));
#6350=CARTESIAN_POINT('Ctrl Pts',(160.5,22.4292857857285,9.));
#6351=CARTESIAN_POINT('Ctrl Pts',(11.0000000000001,87.5,0.));
#6352=CARTESIAN_POINT('Ctrl Pts',(11.0000000000001,84.546805917974,0.));
#6353=CARTESIAN_POINT('Ctrl Pts',(11.0026231635414,78.6575016718858,0.));
#6354=CARTESIAN_POINT('Ctrl Pts',(11.5612418257149,69.7957483911955,0.));
#6355=CARTESIAN_POINT('Ctrl Pts',(13.1101796432789,61.0446915080728,0.));
#6356=CARTESIAN_POINT('Ctrl Pts',(16.7455759758967,49.769158562332,0.));
#6357=CARTESIAN_POINT('Ctrl Pts',(24.2979556939181,36.9189704479045,0.));
#6358=CARTESIAN_POINT('Ctrl Pts',(36.923732291423,24.2943595184531,0.));
#6359=CARTESIAN_POINT('Ctrl Pts',(49.7657747826672,16.7454660439967,0.));
#6360=CARTESIAN_POINT('Ctrl Pts',(61.050980090254,13.108566730673,0.));
#6361=CARTESIAN_POINT('Ctrl Pts',(69.7876974346298,11.5629272722328,0.));
#6362=CARTESIAN_POINT('Ctrl Pts',(78.6453282933219,11.0025053529558,0.));
#6363=CARTESIAN_POINT('Ctrl Pts',(84.546805917974,11.0000000000002,0.));
#6364=CARTESIAN_POINT('Ctrl Pts',(87.5,11.0000000000003,0.));
#6365=CARTESIAN_POINT('Ctrl Pts',(10.4016013993163,87.5,6.64355904382596E-16));
#6366=CARTESIAN_POINT('Ctrl Pts',(10.4016013993163,84.546805917974,6.64355904382596E-16));
#6367=CARTESIAN_POINT('Ctrl Pts',(10.4040308849242,78.6442255712328,7.12794538654635E-16));
#6368=CARTESIAN_POINT('Ctrl Pts',(10.9653376036121,69.7284029027777,1.35078678884602E-16));
#6369=CARTESIAN_POINT('Ctrl Pts',(12.5271874830283,60.9014818365627,8.8973863368687E-19));
#6370=CARTESIAN_POINT('Ctrl Pts',(16.1979697806333,49.5152586846667,1.12990796638053E-16));
#6371=CARTESIAN_POINT('Ctrl Pts',(23.8225574027371,36.5454027354905,1.36996672209326E-15));
#6372=CARTESIAN_POINT('Ctrl Pts',(36.5502653569703,23.818891954115,-4.10283149224634E-16));
#6373=CARTESIAN_POINT('Ctrl Pts',(49.5118018520648,16.1978166608015,1.07401083265067E-15));
#6374=CARTESIAN_POINT('Ctrl Pts',(60.907804866578,12.5255801616775,7.71443223690562E-16));
#6375=CARTESIAN_POINT('Ctrl Pts',(69.7202810995866,10.9670274081731,2.37120822213041E-16));
#6376=CARTESIAN_POINT('Ctrl Pts',(78.6320076242197,10.4039150486255,-4.94805407825522E-16));
#6377=CARTESIAN_POINT('Ctrl Pts',(84.5468059179741,10.4016013993165,-6.64355904382597E-16));
#6378=CARTESIAN_POINT('Ctrl Pts',(87.5,10.4016013993165,-6.64355904382597E-16));
#6379=CARTESIAN_POINT('Ctrl Pts',(9.36552376512478,87.5,0.502026350906077));
#6380=CARTESIAN_POINT('Ctrl Pts',(9.36552376512478,84.546805917974,0.502026350906077));
#6381=CARTESIAN_POINT('Ctrl Pts',(9.36762843352008,78.6211432424299,0.502026350906077));
#6382=CARTESIAN_POINT('Ctrl Pts',(9.93363649919588,69.6115672810318,0.502026350906076));
#6383=CARTESIAN_POINT('Ctrl Pts',(11.5178340708608,60.6535840266309,0.502026350906076));
#6384=CARTESIAN_POINT('Ctrl Pts',(15.2497685791157,49.0758058279958,0.502026350906075));
#6385=CARTESIAN_POINT('Ctrl Pts',(22.9995767503168,35.8986255816683,0.502026350906079));
#6386=CARTESIAN_POINT('Ctrl Pts',(35.9036258565043,22.9956339053558,0.502026350906075));
#6387=CARTESIAN_POINT('Ctrl Pts',(49.0721386319403,15.2496987384554,0.502026350906078));
#6388=CARTESIAN_POINT('Ctrl Pts',(60.6600444282559,11.5161656629982,0.502026350906077));
#6389=CARTESIAN_POINT('Ctrl Pts',(69.6032897909138,9.93536883116496,0.502026350906076));
#6390=CARTESIAN_POINT('Ctrl Pts',(78.6088676157147,9.3674969052011,0.502026350906075));
#6391=CARTESIAN_POINT('Ctrl Pts',(84.5468059179741,9.36552376512496,0.502026350906075));
#6392=CARTESIAN_POINT('Ctrl Pts',(87.5,9.36552376512499,0.502026350906075));
#6393=CARTESIAN_POINT('Ctrl Pts',(9.00000000000006,87.5,1.55120104948717));
#6394=CARTESIAN_POINT('Ctrl Pts',(9.00000000000006,84.546805917974,1.55120104948717));
#6395=CARTESIAN_POINT('Ctrl Pts',(9.00198517558422,78.6130445324894,1.55120104948717));
#6396=CARTESIAN_POINT('Ctrl Pts',(9.56962987785198,69.5704564289609,1.55120104948717));
#6397=CARTESIAN_POINT('Ctrl Pts',(11.1617155657546,60.5660997861907,1.55120104948717));
#6398=CARTESIAN_POINT('Ctrl Pts',(14.9152781690023,48.9206971380595,1.55120104948717));
#6399=CARTESIAN_POINT('Ctrl Pts',(22.7091711643161,35.6704339963567,1.55120104948717));
#6400=CARTESIAN_POINT('Ctrl Pts',(35.6754999870983,22.7052037743693,1.55120104948717));
#6401=CARTESIAN_POINT('Ctrl Pts',(48.9169947846556,14.9151641102777,1.55120104948717));
#6402=CARTESIAN_POINT('Ctrl Pts',(60.5725724578446,11.1600585596534,1.55120104948717));
#6403=CARTESIAN_POINT('Ctrl Pts',(69.5621393898011,9.5713609240133,1.55120104948717));
#6404=CARTESIAN_POINT('Ctrl Pts',(78.6007394825501,9.0018570099216,1.55120104948717));
#6405=CARTESIAN_POINT('Ctrl Pts',(84.5468059179742,9.00000000000025,1.55120104948717));
#6406=CARTESIAN_POINT('Ctrl Pts',(87.5,9.00000000000027,1.55120104948717));
#6407=CARTESIAN_POINT('Ctrl Pts',(9.00000000000006,87.5,2.));
#6408=CARTESIAN_POINT('Ctrl Pts',(9.00000000000006,84.546805917974,2.));
#6409=CARTESIAN_POINT('Ctrl Pts',(9.0019871152781,78.6130268578905,2.));
#6410=CARTESIAN_POINT('Ctrl Pts',(9.56964052021896,69.5704135635381,2.));
#6411=CARTESIAN_POINT('Ctrl Pts',(11.1617246457182,60.5661104580269,2.));
#6412=CARTESIAN_POINT('Ctrl Pts',(14.915265923949,48.9207254884073,2.));
#6413=CARTESIAN_POINT('Ctrl Pts',(22.7091955263154,35.6704384973711,2.));
#6414=CARTESIAN_POINT('Ctrl Pts',(35.6754976964164,22.7051991047201,2.));
#6415=CARTESIAN_POINT('Ctrl Pts',(48.9170076695232,14.9151810074818,2.));
#6416=CARTESIAN_POINT('Ctrl Pts',(60.5725974611685,11.160054591548,2.));
#6417=CARTESIAN_POINT('Ctrl Pts',(69.5620904358109,9.57137801632424,2.));
#6418=CARTESIAN_POINT('Ctrl Pts',(78.6007254009397,9.00185542605392,2.));
#6419=CARTESIAN_POINT('Ctrl Pts',(84.5468059179742,9.00000000000025,2.));
#6420=CARTESIAN_POINT('Ctrl Pts',(87.5,9.00000000000027,2.));
#6421=CARTESIAN_POINT('',(87.5,11.0000000000003,0.));
#6422=CARTESIAN_POINT('',(87.5000000000001,9.00000000000027,2.));
#6423=CARTESIAN_POINT('Origin',(87.5,11.0000000000003,2.));
#6424=CARTESIAN_POINT('',(9.00000000000006,87.5,2.));
#6425=CARTESIAN_POINT('Ctrl Pts',(87.5,9.00000000000027,2.));
#6426=CARTESIAN_POINT('Ctrl Pts',(84.5468059179742,9.00000000000025,2.));
#6427=CARTESIAN_POINT('Ctrl Pts',(78.6007254009397,9.00185542605392,2.));
#6428=CARTESIAN_POINT('Ctrl Pts',(69.5620904358109,9.57137801632424,2.));
#6429=CARTESIAN_POINT('Ctrl Pts',(60.5725974611685,11.160054591548,2.));
#6430=CARTESIAN_POINT('Ctrl Pts',(48.9170076695232,14.9151810074818,2.));
#6431=CARTESIAN_POINT('Ctrl Pts',(35.6754976964164,22.7051991047201,2.));
#6432=CARTESIAN_POINT('Ctrl Pts',(22.7091955263154,35.6704384973711,2.));
#6433=CARTESIAN_POINT('Ctrl Pts',(14.915265923949,48.9207254884073,2.));
#6434=CARTESIAN_POINT('Ctrl Pts',(11.1617246457182,60.5661104580269,2.));
#6435=CARTESIAN_POINT('Ctrl Pts',(9.56964052021896,69.5704135635381,2.));
#6436=CARTESIAN_POINT('Ctrl Pts',(9.0019871152781,78.6130268578905,2.));
#6437=CARTESIAN_POINT('Ctrl Pts',(9.00000000000006,84.546805917974,2.));
#6438=CARTESIAN_POINT('Ctrl Pts',(9.00000000000006,87.5,2.));
#6439=CARTESIAN_POINT('',(11.0000000000001,87.5,0.));
#6440=CARTESIAN_POINT('Origin',(11.0000000000001,87.5,2.));
#6441=CARTESIAN_POINT('Ctrl Pts',(11.0000000000001,87.5,0.));
#6442=CARTESIAN_POINT('Ctrl Pts',(11.0000000000001,84.546805917974,0.));
#6443=CARTESIAN_POINT('Ctrl Pts',(11.0026231635414,78.6575016718858,0.));
#6444=CARTESIAN_POINT('Ctrl Pts',(11.5612418257149,69.7957483911955,0.));
#6445=CARTESIAN_POINT('Ctrl Pts',(13.1101796432789,61.0446915080728,0.));
#6446=CARTESIAN_POINT('Ctrl Pts',(16.7455759758967,49.769158562332,0.));
#6447=CARTESIAN_POINT('Ctrl Pts',(24.2979556939181,36.9189704479045,0.));
#6448=CARTESIAN_POINT('Ctrl Pts',(36.923732291423,24.2943595184531,0.));
#6449=CARTESIAN_POINT('Ctrl Pts',(49.7657747826672,16.7454660439967,0.));
#6450=CARTESIAN_POINT('Ctrl Pts',(61.050980090254,13.108566730673,0.));
#6451=CARTESIAN_POINT('Ctrl Pts',(69.7876974346298,11.5629272722328,0.));
#6452=CARTESIAN_POINT('Ctrl Pts',(78.6453282933219,11.0025053529558,0.));
#6453=CARTESIAN_POINT('Ctrl Pts',(84.546805917974,11.0000000000002,0.));
#6454=CARTESIAN_POINT('Ctrl Pts',(87.5,11.0000000000003,0.));
#6455=CARTESIAN_POINT('Origin',(83.0000000000001,10.9999999999999,2.));
#6456=CARTESIAN_POINT('',(226.5,11.,0.));
#6457=CARTESIAN_POINT('',(226.5,8.99999999999997,2.));
#6458=CARTESIAN_POINT('Origin',(226.5,11.,2.));
#6459=CARTESIAN_POINT('',(83.0000000000001,8.99999999999993,2.));
#6460=CARTESIAN_POINT('',(83.0000000000001,10.9999999999999,0.));
#6461=CARTESIAN_POINT('Ctrl Pts',(226.5,11.,0.));
#6462=CARTESIAN_POINT('Ctrl Pts',(229.453194082026,11.,0.));
#6463=CARTESIAN_POINT('Ctrl Pts',(235.34297755466,11.0025156434929,0.));
#6464=CARTESIAN_POINT('Ctrl Pts',(244.203621874481,11.561435720891,0.));
#6465=CARTESIAN_POINT('Ctrl Pts',(252.956227422702,13.1101715831562,0.));
#6466=CARTESIAN_POINT('Ctrl Pts',(264.228035757934,16.7463559300267,0.));
#6467=CARTESIAN_POINT('Ctrl Pts',(277.087058990901,24.2987126554132,0.));
#6468=CARTESIAN_POINT('Ctrl Pts',(289.697330226704,36.9218680727155,0.));
#6469=CARTESIAN_POINT('Ctrl Pts',(298.787591640671,52.3383652004059,0.));
#6470=CARTESIAN_POINT('Ctrl Pts',(302.963883980143,69.750832264814,0.));
#6471=CARTESIAN_POINT('Ctrl Pts',(303.000000000001,81.5936118359484,0.));
#6472=CARTESIAN_POINT('Ctrl Pts',(303.000000000001,87.5000000000004,0.));
#6473=CARTESIAN_POINT('Ctrl Pts',(226.5,10.4016013993162,0.));
#6474=CARTESIAN_POINT('Ctrl Pts',(229.453194082026,10.4016013993162,0.));
#6475=CARTESIAN_POINT('Ctrl Pts',(235.356201809439,10.4038946175932,-1.00269969916523E-16));
#6476=CARTESIAN_POINT('Ctrl Pts',(244.270870006955,10.9654998688072,-3.65399946063818E-16));
#6477=CARTESIAN_POINT('Ctrl Pts',(253.099471475961,12.5271331462734,-4.80584106253977E-16));
#6478=CARTESIAN_POINT('Ctrl Pts',(264.481875148555,16.1987828216526,-1.6266217070422E-16));
#6479=CARTESIAN_POINT('Ctrl Pts',(277.460975229006,23.8232091191853,5.17081890263153E-16));
#6480=CARTESIAN_POINT('Ctrl Pts',(290.172463435692,36.5484984430138,-1.03753728258081E-16));
#6481=CARTESIAN_POINT('Ctrl Pts',(299.350767978666,52.1079914577804,8.86811370763635E-17));
#6482=CARTESIAN_POINT('Ctrl Pts',(303.565505856011,69.6949878772413,-3.75495287629296E-17));
#6483=CARTESIAN_POINT('Ctrl Pts',(303.598398600684,81.5936118359483,0.));
#6484=CARTESIAN_POINT('Ctrl Pts',(303.598398600685,87.5000000000004,0.));
#6485=CARTESIAN_POINT('Ctrl Pts',(226.5,9.36569588263395,0.502232974735936));
#6486=CARTESIAN_POINT('Ctrl Pts',(229.453194082026,9.36569588263395,0.502232974735936));
#6487=CARTESIAN_POINT('Ctrl Pts',(235.379397909272,9.36767330172511,0.502232974735935));
#6488=CARTESIAN_POINT('Ctrl Pts',(244.387685133158,9.93401143775486,0.502232974735935));
#6489=CARTESIAN_POINT('Ctrl Pts',(253.347421775655,11.5179805157788,0.502232974735935));
#6490=CARTESIAN_POINT('Ctrl Pts',(264.920860087771,15.2507902690779,0.502232974735935));
#6491=CARTESIAN_POINT('Ctrl Pts',(278.108125309087,23.0003871496305,0.502232974735937));
#6492=CARTESIAN_POINT('Ctrl Pts',(290.994941517911,35.9021592539757,0.502232974735935));
#6493=CARTESIAN_POINT('Ctrl Pts',(300.325354191587,51.7093274996532,0.502232974735936));
#6494=CARTESIAN_POINT('Ctrl Pts',(304.606890289743,69.5978093594333,0.502232974735936));
#6495=CARTESIAN_POINT('Ctrl Pts',(304.634304117367,81.5936118359482,0.502232974735936));
#6496=CARTESIAN_POINT('Ctrl Pts',(304.634304117367,87.5000000000004,0.502232974735936));
#6497=CARTESIAN_POINT('Ctrl Pts',(226.5,8.99999999999997,1.55120104948717));
#6498=CARTESIAN_POINT('Ctrl Pts',(229.453194082026,8.99999999999997,1.55120104948717));
#6499=CARTESIAN_POINT('Ctrl Pts',(235.387451054025,9.0018349765296,1.55120104948717));
#6500=CARTESIAN_POINT('Ctrl Pts',(244.428744483857,9.56980613955228,1.55120104948717));
#6501=CARTESIAN_POINT('Ctrl Pts',(253.434963917838,11.1616563218547,1.55120104948717));
#6502=CARTESIAN_POINT('Ctrl Pts',(265.076029244072,14.9161618997954,1.55120104948717));
#6503=CARTESIAN_POINT('Ctrl Pts',(278.336648443097,22.7097637906682,1.55120104948717));
#6504=CARTESIAN_POINT('Ctrl Pts',(291.285310607912,35.6739828968512,1.55120104948717));
#6505=CARTESIAN_POINT('Ctrl Pts',(300.669557345562,51.5685270891032,1.55120104948717));
#6506=CARTESIAN_POINT('Ctrl Pts',(304.974565492592,69.5637289659985,1.55120104948717));
#6507=CARTESIAN_POINT('Ctrl Pts',(305.000000000001,81.5936118359482,1.55120104948717));
#6508=CARTESIAN_POINT('Ctrl Pts',(305.000000000001,87.5000000000004,1.55120104948717));
#6509=CARTESIAN_POINT('Ctrl Pts',(226.5,8.99999999999997,2.));
#6510=CARTESIAN_POINT('Ctrl Pts',(229.453194082026,8.99999999999997,2.));
#6511=CARTESIAN_POINT('Ctrl Pts',(235.387508142886,9.0018480149701,2.));
#6512=CARTESIAN_POINT('Ctrl Pts',(244.428819778908,9.56983508843529,2.));
#6513=CARTESIAN_POINT('Ctrl Pts',(253.434959452106,11.1616869095187,2.));
#6514=CARTESIAN_POINT('Ctrl Pts',(265.075945656347,14.9161482397764,2.));
#6515=CARTESIAN_POINT('Ctrl Pts',(278.336620693515,22.7098271052194,2.));
#6516=CARTESIAN_POINT('Ctrl Pts',(291.285303251719,35.6739851601025,2.));
#6517=CARTESIAN_POINT('Ctrl Pts',(300.669492385966,51.5685539843184,2.));
#6518=CARTESIAN_POINT('Ctrl Pts',(304.974546477493,69.5636339475623,2.));
#6519=CARTESIAN_POINT('Ctrl Pts',(305.000000000001,81.5936118359482,2.));
#6520=CARTESIAN_POINT('Ctrl Pts',(305.000000000001,87.5000000000004,2.));
#6521=CARTESIAN_POINT('',(303.000000000001,87.5000000000004,0.));
#6522=CARTESIAN_POINT('',(305.000000000001,87.5000000000002,2.));
#6523=CARTESIAN_POINT('Origin',(303.000000000001,87.5000000000004,2.));
#6524=CARTESIAN_POINT('Ctrl Pts',(305.000000000001,87.5000000000004,2.));
#6525=CARTESIAN_POINT('Ctrl Pts',(305.000000000001,81.5936118359482,2.));
#6526=CARTESIAN_POINT('Ctrl Pts',(304.974546477493,69.5636339475623,2.));
#6527=CARTESIAN_POINT('Ctrl Pts',(300.669492385966,51.5685539843184,2.));
#6528=CARTESIAN_POINT('Ctrl Pts',(291.285303251719,35.6739851601025,2.));
#6529=CARTESIAN_POINT('Ctrl Pts',(278.336620693515,22.7098271052194,2.));
#6530=CARTESIAN_POINT('Ctrl Pts',(265.075945656347,14.9161482397764,2.));
#6531=CARTESIAN_POINT('Ctrl Pts',(253.434959452106,11.1616869095187,2.));
#6532=CARTESIAN_POINT('Ctrl Pts',(244.428819778908,9.56983508843529,2.));
#6533=CARTESIAN_POINT('Ctrl Pts',(235.387508142886,9.0018480149701,2.));
#6534=CARTESIAN_POINT('Ctrl Pts',(229.453194082026,8.99999999999997,2.));
#6535=CARTESIAN_POINT('Ctrl Pts',(226.5,8.99999999999997,2.));
#6536=CARTESIAN_POINT('Ctrl Pts',(226.5,11.,0.));
#6537=CARTESIAN_POINT('Ctrl Pts',(229.453194082026,11.,0.));
#6538=CARTESIAN_POINT('Ctrl Pts',(235.34297755466,11.0025156434929,0.));
#6539=CARTESIAN_POINT('Ctrl Pts',(244.203621874481,11.561435720891,0.));
#6540=CARTESIAN_POINT('Ctrl Pts',(252.956227422702,13.1101715831562,0.));
#6541=CARTESIAN_POINT('Ctrl Pts',(264.228035757934,16.7463559300267,0.));
#6542=CARTESIAN_POINT('Ctrl Pts',(277.087058990901,24.2987126554132,0.));
#6543=CARTESIAN_POINT('Ctrl Pts',(289.697330226704,36.9218680727155,0.));
#6544=CARTESIAN_POINT('Ctrl Pts',(298.787591640671,52.3383652004059,0.));
#6545=CARTESIAN_POINT('Ctrl Pts',(302.963883980143,69.750832264814,0.));
#6546=CARTESIAN_POINT('Ctrl Pts',(303.000000000001,81.5936118359484,0.));
#6547=CARTESIAN_POINT('Ctrl Pts',(303.000000000001,87.5000000000004,0.));
#6548=CARTESIAN_POINT('Origin',(303.,83.,2.));
#6549=CARTESIAN_POINT('',(303.,226.5,0.));
#6550=CARTESIAN_POINT('',(305.,226.5,2.));
#6551=CARTESIAN_POINT('Origin',(303.,226.5,2.));
#6552=CARTESIAN_POINT('',(305.,83.,2.));
#6553=CARTESIAN_POINT('',(303.,83.,0.));
#6554=CARTESIAN_POINT('Ctrl Pts',(303.,226.5,0.));
#6555=CARTESIAN_POINT('Ctrl Pts',(303.,229.453194082026,0.));
#6556=CARTESIAN_POINT('Ctrl Pts',(302.997664065616,235.342823756554,0.));
#6557=CARTESIAN_POINT('Ctrl Pts',(302.438288358823,244.20387416898,0.));
#6558=CARTESIAN_POINT('Ctrl Pts',(300.890410627851,252.955682849384,0.));
#6559=CARTESIAN_POINT('Ctrl Pts',(297.252681480802,264.229814451196,0.));
#6560=CARTESIAN_POINT('Ctrl Pts',(289.705065047459,277.081740984754,0.));
#6561=CARTESIAN_POINT('Ctrl Pts',(278.124800799257,288.653924428167,0.));
#6562=CARTESIAN_POINT('Ctrl Pts',(268.092236061908,294.990576269282,0.));
#6563=CARTESIAN_POINT('Ctrl Pts',(257.299832633803,299.836299717442,0.));
#6564=CARTESIAN_POINT('Ctrl Pts',(244.254744158511,302.959701206832,0.));
#6565=CARTESIAN_POINT('Ctrl Pts',(232.406388164052,303.,0.));
#6566=CARTESIAN_POINT('Ctrl Pts',(226.5,303.,0.));
#6567=CARTESIAN_POINT('Ctrl Pts',(303.598398600684,226.5,0.));
#6568=CARTESIAN_POINT('Ctrl Pts',(303.598398600684,229.453194082026,1.2643696522917E-17));
#6569=CARTESIAN_POINT('Ctrl Pts',(303.596281053792,235.356058241828,-7.6226218320294E-18));
#6570=CARTESIAN_POINT('Ctrl Pts',(303.034205821919,244.271154349974,5.25725100106322E-18));
#6571=CARTESIAN_POINT('Ctrl Pts',(301.473446375666,253.098897963178,-6.54697284282313E-19));
#6572=CARTESIAN_POINT('Ctrl Pts',(297.800232307726,264.483741681279,1.26469142610487E-18));
#6573=CARTESIAN_POINT('Ctrl Pts',(290.180615226016,277.455320945582,-6.12845836386885E-19));
#6574=CARTESIAN_POINT('Ctrl Pts',(278.506645330531,289.121006912452,2.50679006869817E-19));
#6575=CARTESIAN_POINT('Ctrl Pts',(268.382362832418,295.516472661837,-7.53339161690938E-20));
#6576=CARTESIAN_POINT('Ctrl Pts',(257.486167825037,300.40948358055,3.50067463312725E-20));
#6577=CARTESIAN_POINT('Ctrl Pts',(244.310831014262,303.560946723511,-2.30873130740385E-20));
#6578=CARTESIAN_POINT('Ctrl Pts',(232.406388164052,303.598398600684,0.));
#6579=CARTESIAN_POINT('Ctrl Pts',(226.5,303.598398600684,0.));
#6580=CARTESIAN_POINT('Ctrl Pts',(304.63428471802,226.5,0.502256263285457));
#6581=CARTESIAN_POINT('Ctrl Pts',(304.63428471802,229.453194082026,0.502256263285457));
#6582=CARTESIAN_POINT('Ctrl Pts',(304.632499445306,235.379222749675,0.502256263285457));
#6583=CARTESIAN_POINT('Ctrl Pts',(304.065664744092,244.387983374291,0.502256263285457));
#6584=CARTESIAN_POINT('Ctrl Pts',(302.482633051834,253.346779267813,0.502256263285457));
#6585=CARTESIAN_POINT('Ctrl Pts',(298.748113566611,264.922972621321,0.502256263285458));
#6586=CARTESIAN_POINT('Ctrl Pts',(291.003753880584,278.101847434738,0.502256263285457));
#6587=CARTESIAN_POINT('Ctrl Pts',(279.167315244676,289.929704092361,0.502256263285457));
#6588=CARTESIAN_POINT('Ctrl Pts',(268.884680726585,296.426652459327,0.502256263285457));
#6589=CARTESIAN_POINT('Ctrl Pts',(257.80872565039,301.401544752902,0.502256263285457));
#6590=CARTESIAN_POINT('Ctrl Pts',(244.408463284537,304.601619154407,0.502256263285457));
#6591=CARTESIAN_POINT('Ctrl Pts',(232.406388164052,304.63428471802,0.502256263285457));
#6592=CARTESIAN_POINT('Ctrl Pts',(226.5,304.63428471802,0.502256263285457));
#6593=CARTESIAN_POINT('Ctrl Pts',(305.,226.5,1.55120104948717));
#6594=CARTESIAN_POINT('Ctrl Pts',(305.,229.453194082026,1.55120104948717));
#6595=CARTESIAN_POINT('Ctrl Pts',(304.998352402432,235.387287723993,1.55120104948717));
#6596=CARTESIAN_POINT('Ctrl Pts',(304.429875801009,244.429068979514,1.55120104948717));
#6597=CARTESIAN_POINT('Ctrl Pts',(302.838968858499,253.434309625574,1.55120104948717));
#6598=CARTESIAN_POINT('Ctrl Pts',(299.082751278503,265.078193339411,1.55120104948717));
#6599=CARTESIAN_POINT('Ctrl Pts',(291.294397334815,278.33017954889,1.55120104948717));
#6600=CARTESIAN_POINT('Ctrl Pts',(279.400713315599,290.215152526303,1.55120104948717));
#6601=CARTESIAN_POINT('Ctrl Pts',(269.061986255294,296.748075724182,1.55120104948717));
#6602=CARTESIAN_POINT('Ctrl Pts',(257.922606237741,301.751866032647,1.55120104948717));
#6603=CARTESIAN_POINT('Ctrl Pts',(244.442691476952,304.969087393576,1.55120104948717));
#6604=CARTESIAN_POINT('Ctrl Pts',(232.406388164052,305.,1.55120104948717));
#6605=CARTESIAN_POINT('Ctrl Pts',(226.5,305.,1.55120104948717));
#6606=CARTESIAN_POINT('Ctrl Pts',(305.,226.5,2.));
#6607=CARTESIAN_POINT('Ctrl Pts',(305.,229.453194082026,2.));
#6608=CARTESIAN_POINT('Ctrl Pts',(304.99834376281,235.3873357253,2.));
#6609=CARTESIAN_POINT('Ctrl Pts',(304.429850867814,244.429137018393,2.));
#6610=CARTESIAN_POINT('Ctrl Pts',(302.838949069298,253.434302458838,2.));
#6611=CARTESIAN_POINT('Ctrl Pts',(299.082754596178,265.078128835164,2.));
#6612=CARTESIAN_POINT('Ctrl Pts',(291.294381309411,278.330146195234,2.));
#6613=CARTESIAN_POINT('Ctrl Pts',(279.400649131729,290.215177443193,2.));
#6614=CARTESIAN_POINT('Ctrl Pts',(269.062001404544,296.748038362898,2.));
#6615=CARTESIAN_POINT('Ctrl Pts',(257.922605011939,301.751832855483,2.));
#6616=CARTESIAN_POINT('Ctrl Pts',(244.442793484763,304.969060597596,2.));
#6617=CARTESIAN_POINT('Ctrl Pts',(232.406388164052,305.,2.));
#6618=CARTESIAN_POINT('Ctrl Pts',(226.5,305.,2.));
#6619=CARTESIAN_POINT('',(226.5,303.,0.));
#6620=CARTESIAN_POINT('',(226.5,305.,2.));
#6621=CARTESIAN_POINT('Origin',(226.5,303.,2.));
#6622=CARTESIAN_POINT('Ctrl Pts',(226.5,305.,2.));
#6623=CARTESIAN_POINT('Ctrl Pts',(232.406388164052,305.,2.));
#6624=CARTESIAN_POINT('Ctrl Pts',(244.442793484763,304.969060597596,2.));
#6625=CARTESIAN_POINT('Ctrl Pts',(257.922605011939,301.751832855483,2.));
#6626=CARTESIAN_POINT('Ctrl Pts',(269.062001404544,296.748038362898,2.));
#6627=CARTESIAN_POINT('Ctrl Pts',(279.400649131729,290.215177443193,2.));
#6628=CARTESIAN_POINT('Ctrl Pts',(291.294381309411,278.330146195234,2.));
#6629=CARTESIAN_POINT('Ctrl Pts',(299.082754596178,265.078128835164,2.));
#6630=CARTESIAN_POINT('Ctrl Pts',(302.838949069298,253.434302458838,2.));
#6631=CARTESIAN_POINT('Ctrl Pts',(304.429850867814,244.429137018393,2.));
#6632=CARTESIAN_POINT('Ctrl Pts',(304.99834376281,235.3873357253,2.));
#6633=CARTESIAN_POINT('Ctrl Pts',(305.,229.453194082026,2.));
#6634=CARTESIAN_POINT('Ctrl Pts',(305.,226.5,2.));
#6635=CARTESIAN_POINT('Ctrl Pts',(303.,226.5,0.));
#6636=CARTESIAN_POINT('Ctrl Pts',(303.,229.453194082026,0.));
#6637=CARTESIAN_POINT('Ctrl Pts',(302.997664065616,235.342823756554,0.));
#6638=CARTESIAN_POINT('Ctrl Pts',(302.438288358823,244.20387416898,0.));
#6639=CARTESIAN_POINT('Ctrl Pts',(300.890410627851,252.955682849384,0.));
#6640=CARTESIAN_POINT('Ctrl Pts',(297.252681480802,264.229814451196,0.));
#6641=CARTESIAN_POINT('Ctrl Pts',(289.705065047459,277.081740984754,0.));
#6642=CARTESIAN_POINT('Ctrl Pts',(278.124800799257,288.653924428167,0.));
#6643=CARTESIAN_POINT('Ctrl Pts',(268.092236061908,294.990576269282,0.));
#6644=CARTESIAN_POINT('Ctrl Pts',(257.299832633803,299.836299717442,0.));
#6645=CARTESIAN_POINT('Ctrl Pts',(244.254744158511,302.959701206832,0.));
#6646=CARTESIAN_POINT('Ctrl Pts',(232.406388164052,303.,0.));
#6647=CARTESIAN_POINT('Ctrl Pts',(226.5,303.,0.));
#6648=CARTESIAN_POINT('Origin',(231.,303.,2.));
#6649=CARTESIAN_POINT('',(87.5000000000001,303.,0.));
#6650=CARTESIAN_POINT('',(87.5000000000001,305.,2.));
#6651=CARTESIAN_POINT('Origin',(87.5000000000001,303.,2.));
#6652=CARTESIAN_POINT('',(231.,305.,2.));
#6653=CARTESIAN_POINT('',(231.,303.,0.));
#6654=CARTESIAN_POINT('Ctrl Pts',(87.5000000000001,303.,0.));
#6655=CARTESIAN_POINT('Ctrl Pts',(84.5468059179741,303.,0.));
#6656=CARTESIAN_POINT('Ctrl Pts',(78.6570128575008,302.99757748765,0.));
#6657=CARTESIAN_POINT('Ctrl Pts',(69.7962262329598,302.438208356102,0.));
#6658=CARTESIAN_POINT('Ctrl Pts',(61.0436052297877,300.890130700214,0.));
#6659=CARTESIAN_POINT('Ctrl Pts',(49.7726347647898,297.253204460556,0.));
#6660=CARTESIAN_POINT('Ctrl Pts',(36.9127067846094,289.701474604131,0.));
#6661=CARTESIAN_POINT('Ctrl Pts',(24.302778778915,277.078051302873,0.));
#6662=CARTESIAN_POINT('Ctrl Pts',(15.212349915221,261.661679789369,0.));
#6663=CARTESIAN_POINT('Ctrl Pts',(11.0361441012392,244.24914637903,0.));
#6664=CARTESIAN_POINT('Ctrl Pts',(11.0000000000003,232.406388164052,0.));
#6665=CARTESIAN_POINT('Ctrl Pts',(11.0000000000004,226.5,0.));
#6666=CARTESIAN_POINT('Ctrl Pts',(87.5000000000001,303.598398600684,0.));
#6667=CARTESIAN_POINT('Ctrl Pts',(84.5468059179741,303.598398600684,1.26436965229171E-17));
#6668=CARTESIAN_POINT('Ctrl Pts',(78.6438098653892,303.596206525398,-1.84483320023307E-17));
#6669=CARTESIAN_POINT('Ctrl Pts',(69.7289144076715,303.034114096206,2.42703245294627E-17));
#6670=CARTESIAN_POINT('Ctrl Pts',(60.9004361126291,301.473194255713,-4.43010663988734E-16));
#6671=CARTESIAN_POINT('Ctrl Pts',(49.5187826482235,297.800775352835,-2.50150102324479E-16));
#6672=CARTESIAN_POINT('Ctrl Pts',(36.5388083646935,290.176983487625,1.06164852870847E-16));
#6673=CARTESIAN_POINT('Ctrl Pts',(23.8276398300825,277.45141931712,-1.02859634643209E-16));
#6674=CARTESIAN_POINT('Ctrl Pts',(14.649177347238,261.892054635004,7.21031255007566E-17));
#6675=CARTESIAN_POINT('Ctrl Pts',(10.4345205162376,244.304990271612,3.81268051872274E-16));
#6676=CARTESIAN_POINT('Ctrl Pts',(10.4016013993166,232.406388164052,-6.64355904382597E-16));
#6677=CARTESIAN_POINT('Ctrl Pts',(10.4016013993166,226.5,-6.64355904382597E-16));
#6678=CARTESIAN_POINT('Ctrl Pts',(87.5000000000001,304.634304117366,0.502232974735936));
#6679=CARTESIAN_POINT('Ctrl Pts',(84.5468059179741,304.634304117366,0.502232974735936));
#6680=CARTESIAN_POINT('Ctrl Pts',(78.6205819225814,304.632425211108,0.502232974735936));
#6681=CARTESIAN_POINT('Ctrl Pts',(69.6121517435516,304.065586310192,0.502232974735936));
#6682=CARTESIAN_POINT('Ctrl Pts',(60.652341794717,302.482320767575,0.502232974735935));
#6683=CARTESIAN_POINT('Ctrl Pts',(49.0799793627335,298.748823877366,0.502232974735935));
#6684=CARTESIAN_POINT('Ctrl Pts',(35.8915764757471,290.99978344969,0.502232974735936));
#6685=CARTESIAN_POINT('Ctrl Pts',(23.0051963159589,278.097768287576,0.502232974735936));
#6686=CARTESIAN_POINT('Ctrl Pts',(13.67457164958,262.290713223105,0.502232974735936));
#6687=CARTESIAN_POINT('Ctrl Pts',(9.39314530414155,244.402171351095,0.502232974735936));
#6688=CARTESIAN_POINT('Ctrl Pts',(9.36569588263432,232.406388164052,0.502232974735935));
#6689=CARTESIAN_POINT('Ctrl Pts',(9.36569588263437,226.5,0.502232974735935));
#6690=CARTESIAN_POINT('Ctrl Pts',(87.5000000000001,305.,1.55120104948717));
#6691=CARTESIAN_POINT('Ctrl Pts',(84.5468059179741,305.,1.55120104948717));
#6692=CARTESIAN_POINT('Ctrl Pts',(78.6125482290002,304.998269984426,1.55120104948717));
#6693=CARTESIAN_POINT('Ctrl Pts',(69.5710381636808,304.429769828639,1.55120104948717));
#6694=CARTESIAN_POINT('Ctrl Pts',(60.5648711947625,302.838666858562,1.55120104948717));
#6695=CARTESIAN_POINT('Ctrl Pts',(48.9247832717071,299.083445267041,1.55120104948717));
#6696=CARTESIAN_POINT('Ctrl Pts',(35.6630748266318,291.290413017075,1.55120104948717));
#6697=CARTESIAN_POINT('Ctrl Pts',(22.7148195323066,278.325942474428,1.55120104948717));
#6698=CARTESIAN_POINT('Ctrl Pts',(13.3303732460371,262.431514992406,1.55120104948717));
#6699=CARTESIAN_POINT('Ctrl Pts',(9.02546791116955,244.436251120495,1.55120104948717));
#6700=CARTESIAN_POINT('Ctrl Pts',(9.00000000000033,232.406388164052,1.55120104948717));
#6701=CARTESIAN_POINT('Ctrl Pts',(9.00000000000038,226.5,1.55120104948717));
#6702=CARTESIAN_POINT('Ctrl Pts',(87.5000000000001,305.,2.));
#6703=CARTESIAN_POINT('Ctrl Pts',(84.5468059179741,305.,2.));
#6704=CARTESIAN_POINT('Ctrl Pts',(78.6124782139699,304.998253839305,2.));
#6705=CARTESIAN_POINT('Ctrl Pts',(69.5709935071839,304.429747641269,2.));
#6706=CARTESIAN_POINT('Ctrl Pts',(60.5648241183672,302.838623165705,2.));
#6707=CARTESIAN_POINT('Ctrl Pts',(48.9249052104838,299.083470188188,2.));
#6708=CARTESIAN_POINT('Ctrl Pts',(35.6630813648405,291.290343815861,2.));
#6709=CARTESIAN_POINT('Ctrl Pts',(22.7148352681211,278.325942579448,2.));
#6710=CARTESIAN_POINT('Ctrl Pts',(13.3304333080777,262.43148672656,2.));
#6711=CARTESIAN_POINT('Ctrl Pts',(9.02548921967354,244.436346782602,2.));
#6712=CARTESIAN_POINT('Ctrl Pts',(9.00000000000033,232.406388164052,2.));
#6713=CARTESIAN_POINT('Ctrl Pts',(9.00000000000038,226.5,2.));
#6714=CARTESIAN_POINT('',(11.0000000000004,226.5,0.));
#6715=CARTESIAN_POINT('',(9.00000000000038,226.5,2.));
#6716=CARTESIAN_POINT('Origin',(11.0000000000004,226.5,2.));
#6717=CARTESIAN_POINT('Ctrl Pts',(9.00000000000038,226.5,2.));
#6718=CARTESIAN_POINT('Ctrl Pts',(9.00000000000033,232.406388164052,2.));
#6719=CARTESIAN_POINT('Ctrl Pts',(9.02548921967354,244.436346782602,2.));
#6720=CARTESIAN_POINT('Ctrl Pts',(13.3304333080777,262.43148672656,2.));
#6721=CARTESIAN_POINT('Ctrl Pts',(22.7148352681211,278.325942579448,2.));
#6722=CARTESIAN_POINT('Ctrl Pts',(35.6630813648405,291.290343815861,2.));
#6723=CARTESIAN_POINT('Ctrl Pts',(48.9249052104838,299.083470188188,2.));
#6724=CARTESIAN_POINT('Ctrl Pts',(60.5648241183672,302.838623165705,2.));
#6725=CARTESIAN_POINT('Ctrl Pts',(69.5709935071839,304.429747641269,2.));
#6726=CARTESIAN_POINT('Ctrl Pts',(78.6124782139699,304.998253839305,2.));
#6727=CARTESIAN_POINT('Ctrl Pts',(84.5468059179741,305.,2.));
#6728=CARTESIAN_POINT('Ctrl Pts',(87.5000000000001,305.,2.));
#6729=CARTESIAN_POINT('Ctrl Pts',(87.5000000000001,303.,0.));
#6730=CARTESIAN_POINT('Ctrl Pts',(84.5468059179741,303.,0.));
#6731=CARTESIAN_POINT('Ctrl Pts',(78.6570128575008,302.99757748765,0.));
#6732=CARTESIAN_POINT('Ctrl Pts',(69.7962262329598,302.438208356102,0.));
#6733=CARTESIAN_POINT('Ctrl Pts',(61.0436052297877,300.890130700214,0.));
#6734=CARTESIAN_POINT('Ctrl Pts',(49.7726347647898,297.253204460556,0.));
#6735=CARTESIAN_POINT('Ctrl Pts',(36.9127067846094,289.701474604131,0.));
#6736=CARTESIAN_POINT('Ctrl Pts',(24.302778778915,277.078051302873,0.));
#6737=CARTESIAN_POINT('Ctrl Pts',(15.212349915221,261.661679789369,0.));
#6738=CARTESIAN_POINT('Ctrl Pts',(11.0361441012392,244.24914637903,0.));
#6739=CARTESIAN_POINT('Ctrl Pts',(11.0000000000003,232.406388164052,0.));
#6740=CARTESIAN_POINT('Ctrl Pts',(11.0000000000004,226.5,0.));
#6741=CARTESIAN_POINT('Origin',(11.0000000000001,231.,2.));
#6742=CARTESIAN_POINT('',(11.0000000000001,231.,0.));
#6743=CARTESIAN_POINT('',(9.00000000000006,231.,2.));
#6744=CARTESIAN_POINT('Origin',(305.,305.,18.));
#6745=CARTESIAN_POINT('',(87.5000000000001,305.,16.));
#6746=CARTESIAN_POINT('',(87.5000000000001,305.,18.));
#6747=CARTESIAN_POINT('',(226.5,305.,16.));
#6748=CARTESIAN_POINT('',(231.,305.,16.));
#6749=CARTESIAN_POINT('',(226.5,305.,18.));
#6750=CARTESIAN_POINT('Ctrl Pts',(87.5000000000001,305.,16.));
#6751=CARTESIAN_POINT('Ctrl Pts',(87.5000000000001,305.,11.3333333333333));
#6752=CARTESIAN_POINT('Ctrl Pts',(87.5000000000001,305.,6.66666666666667));
#6753=CARTESIAN_POINT('Ctrl Pts',(87.5000000000001,305.,2.));
#6754=CARTESIAN_POINT('Ctrl Pts',(81.6282137307906,305.,16.));
#6755=CARTESIAN_POINT('Ctrl Pts',(81.6282137307906,305.,11.3333333333333));
#6756=CARTESIAN_POINT('Ctrl Pts',(81.6282137307906,305.,6.66666666666667));
#6757=CARTESIAN_POINT('Ctrl Pts',(81.6282137307906,305.,2.));
#6758=CARTESIAN_POINT('Ctrl Pts',(70.0096382296502,304.943069869072,16.));
#6759=CARTESIAN_POINT('Ctrl Pts',(70.0096382296502,304.943069869072,11.3333333333333));
#6760=CARTESIAN_POINT('Ctrl Pts',(70.0096382296502,304.943069869072,6.66666666666665));
#6761=CARTESIAN_POINT('Ctrl Pts',(70.0096382296502,304.943069869072,2.));
#6762=CARTESIAN_POINT('Ctrl Pts',(52.7092104300038,301.074539877942,16.));
#6763=CARTESIAN_POINT('Ctrl Pts',(52.7092104300038,301.074539877942,11.3333333333333));
#6764=CARTESIAN_POINT('Ctrl Pts',(52.7092104300038,301.074539877942,6.66666666666668));
#6765=CARTESIAN_POINT('Ctrl Pts',(52.7092104300038,301.074539877942,2.));
#6766=CARTESIAN_POINT('Ctrl Pts',(36.2069453862352,291.845789049898,16.));
#6767=CARTESIAN_POINT('Ctrl Pts',(36.2069453862352,291.845789049898,11.3333333333333));
#6768=CARTESIAN_POINT('Ctrl Pts',(36.2069453862352,291.845789049898,6.66666666666665));
#6769=CARTESIAN_POINT('Ctrl Pts',(36.2069453862352,291.845789049898,2.));
#6770=CARTESIAN_POINT('Ctrl Pts',(22.1497301721017,277.791946816635,16.));
#6771=CARTESIAN_POINT('Ctrl Pts',(22.1497301721017,277.791946816635,11.3333333333333));
#6772=CARTESIAN_POINT('Ctrl Pts',(22.1497301721017,277.791946816635,6.66666666666668));
#6773=CARTESIAN_POINT('Ctrl Pts',(22.1497301721017,277.791946816635,2.));
#6774=CARTESIAN_POINT('Ctrl Pts',(12.9305955649945,261.292728375141,16.));
#6775=CARTESIAN_POINT('Ctrl Pts',(12.9305955649945,261.292728375141,11.3333333333333));
#6776=CARTESIAN_POINT('Ctrl Pts',(12.9305955649945,261.292728375141,6.66666666666667));
#6777=CARTESIAN_POINT('Ctrl Pts',(12.9305955649945,261.292728375141,2.));
#6778=CARTESIAN_POINT('Ctrl Pts',(9.05387519292567,243.98938175982,16.));
#6779=CARTESIAN_POINT('Ctrl Pts',(9.05387519292567,243.98938175982,11.3333333333333));
#6780=CARTESIAN_POINT('Ctrl Pts',(9.05387519292567,243.98938175982,6.66666666666666));
#6781=CARTESIAN_POINT('Ctrl Pts',(9.05387519292567,243.98938175982,2.));
#6782=CARTESIAN_POINT('Ctrl Pts',(9.00000000000029,232.37178626921,16.));
#6783=CARTESIAN_POINT('Ctrl Pts',(9.00000000000029,232.37178626921,11.3333333333333));
#6784=CARTESIAN_POINT('Ctrl Pts',(9.00000000000029,232.37178626921,6.66666666666667));
#6785=CARTESIAN_POINT('Ctrl Pts',(9.00000000000029,232.37178626921,2.));
#6786=CARTESIAN_POINT('Ctrl Pts',(9.00000000000033,226.5,16.));
#6787=CARTESIAN_POINT('Ctrl Pts',(9.00000000000033,226.5,11.3333333333333));
#6788=CARTESIAN_POINT('Ctrl Pts',(9.00000000000033,226.5,6.66666666666667));
#6789=CARTESIAN_POINT('Ctrl Pts',(9.00000000000033,226.5,2.));
#6790=CARTESIAN_POINT('',(9.00000000000006,226.5,16.));
#6791=CARTESIAN_POINT('',(9.00000000000006,226.5,18.));
#6792=CARTESIAN_POINT('Ctrl Pts',(87.5000000000001,305.,16.));
#6793=CARTESIAN_POINT('Ctrl Pts',(81.5936118359481,305.,16.));
#6794=CARTESIAN_POINT('Ctrl Pts',(69.563577057479,304.974496169771,16.));
#6795=CARTESIAN_POINT('Ctrl Pts',(51.5685500873603,300.669566841247,16.));
#6796=CARTESIAN_POINT('Ctrl Pts',(35.6739821980845,291.285351712073,16.));
#6797=CARTESIAN_POINT('Ctrl Pts',(22.709826770538,278.336638947226,16.));
#6798=CARTESIAN_POINT('Ctrl Pts',(14.9161807310722,265.075925027251,16.));
#6799=CARTESIAN_POINT('Ctrl Pts',(11.1616904589007,253.434960464175,16.));
#6800=CARTESIAN_POINT('Ctrl Pts',(9.56984304102274,244.428813396574,16.));
#6801=CARTESIAN_POINT('Ctrl Pts',(9.00184672646369,235.387512100608,16.));
#6802=CARTESIAN_POINT('Ctrl Pts',(9.00000000000031,229.453194082026,16.));
#6803=CARTESIAN_POINT('Ctrl Pts',(9.00000000000033,226.5,16.));
#6804=CARTESIAN_POINT('Origin',(9.00000000000006,305.,18.));
#6805=CARTESIAN_POINT('',(9.00000000000006,87.5,16.));
#6806=CARTESIAN_POINT('',(9.00000000000006,87.5,18.));
#6807=CARTESIAN_POINT('',(9.00000000000006,231.,16.));
#6808=CARTESIAN_POINT('Ctrl Pts',(9.00000000000006,87.5,16.));
#6809=CARTESIAN_POINT('Ctrl Pts',(9.00000000000006,87.5,11.3333333333333));
#6810=CARTESIAN_POINT('Ctrl Pts',(9.00000000000006,87.5,6.66666666666667));
#6811=CARTESIAN_POINT('Ctrl Pts',(9.00000000000006,87.5,2.));
#6812=CARTESIAN_POINT('Ctrl Pts',(9.00000000000006,81.6282137307905,16.));
#6813=CARTESIAN_POINT('Ctrl Pts',(9.00000000000006,81.6282137307905,11.3333333333333));
#6814=CARTESIAN_POINT('Ctrl Pts',(9.00000000000006,81.6282137307905,6.66666666666667));
#6815=CARTESIAN_POINT('Ctrl Pts',(9.00000000000006,81.6282137307905,2.));
#6816=CARTESIAN_POINT('Ctrl Pts',(9.05590248616854,70.0101482034543,16.));
#6817=CARTESIAN_POINT('Ctrl Pts',(9.05590248616854,70.0101482034543,11.3333333333333));
#6818=CARTESIAN_POINT('Ctrl Pts',(9.05590248616854,70.0101482034543,6.66666666666666));
#6819=CARTESIAN_POINT('Ctrl Pts',(9.05590248616854,70.0101482034543,2.));
#6820=CARTESIAN_POINT('Ctrl Pts',(12.9249050400351,52.7094192051906,16.));
#6821=CARTESIAN_POINT('Ctrl Pts',(12.9249050400351,52.7094192051906,11.3333333333333));
#6822=CARTESIAN_POINT('Ctrl Pts',(12.9249050400351,52.7094192051906,6.66666666666666));
#6823=CARTESIAN_POINT('Ctrl Pts',(12.9249050400351,52.7094192051906,2.));
#6824=CARTESIAN_POINT('Ctrl Pts',(22.1523239526584,36.2078976024673,16.));
#6825=CARTESIAN_POINT('Ctrl Pts',(22.1523239526584,36.2078976024673,11.3333333333333));
#6826=CARTESIAN_POINT('Ctrl Pts',(22.1523239526584,36.2078976024673,6.66666666666667));
#6827=CARTESIAN_POINT('Ctrl Pts',(22.1523239526584,36.2078976024673,2.));
#6828=CARTESIAN_POINT('Ctrl Pts',(36.2092710674401,22.1485040433781,16.));
#6829=CARTESIAN_POINT('Ctrl Pts',(36.2092710674401,22.1485040433781,11.3333333333333));
#6830=CARTESIAN_POINT('Ctrl Pts',(36.2092710674401,22.1485040433781,6.66666666666666));
#6831=CARTESIAN_POINT('Ctrl Pts',(36.2092710674401,22.1485040433781,2.));
#6832=CARTESIAN_POINT('Ctrl Pts',(52.707919046425,12.9288741417584,16.));
#6833=CARTESIAN_POINT('Ctrl Pts',(52.707919046425,12.9288741417584,11.3333333333333));
#6834=CARTESIAN_POINT('Ctrl Pts',(52.707919046425,12.9288741417584,6.66666666666668));
#6835=CARTESIAN_POINT('Ctrl Pts',(52.707919046425,12.9288741417584,2.));
#6836=CARTESIAN_POINT('Ctrl Pts',(70.0105973852065,9.05448694170924,16.));
#6837=CARTESIAN_POINT('Ctrl Pts',(70.0105973852065,9.05448694170924,11.3333333333334));
#6838=CARTESIAN_POINT('Ctrl Pts',(70.0105973852065,9.05448694170924,6.66666666666665));
#6839=CARTESIAN_POINT('Ctrl Pts',(70.0105973852065,9.05448694170924,2.));
#6840=CARTESIAN_POINT('Ctrl Pts',(81.6282137307905,9.00000000000018,16.));
#6841=CARTESIAN_POINT('Ctrl Pts',(81.6282137307905,9.00000000000018,11.3333333333333));
#6842=CARTESIAN_POINT('Ctrl Pts',(81.6282137307905,9.00000000000018,6.66666666666668));
#6843=CARTESIAN_POINT('Ctrl Pts',(81.6282137307905,9.00000000000018,2.));
#6844=CARTESIAN_POINT('Ctrl Pts',(87.5,9.00000000000023,16.));
#6845=CARTESIAN_POINT('Ctrl Pts',(87.5,9.00000000000023,11.3333333333333));
#6846=CARTESIAN_POINT('Ctrl Pts',(87.5,9.00000000000023,6.66666666666667));
#6847=CARTESIAN_POINT('Ctrl Pts',(87.5,9.00000000000023,2.));
#6848=CARTESIAN_POINT('',(87.5000000000001,8.99999999999993,16.));
#6849=CARTESIAN_POINT('',(87.5000000000001,8.99999999999993,18.));
#6850=CARTESIAN_POINT('Ctrl Pts',(9.00000000000004,87.5,16.));
#6851=CARTESIAN_POINT('Ctrl Pts',(9.00000000000004,84.5468059179738,16.));
#6852=CARTESIAN_POINT('Ctrl Pts',(9.00184141171073,78.6004412382133,16.));
#6853=CARTESIAN_POINT('Ctrl Pts',(9.57139768449772,69.5626226371774,16.));
#6854=CARTESIAN_POINT('Ctrl Pts',(11.1601373875271,60.5718189720782,16.));
#6855=CARTESIAN_POINT('Ctrl Pts',(14.9158354492334,48.9205192740254,16.));
#6856=CARTESIAN_POINT('Ctrl Pts',(22.7071881674727,35.6699452937748,16.));
#6857=CARTESIAN_POINT('Ctrl Pts',(35.6692560702861,22.7170731735512,16.));
#6858=CARTESIAN_POINT('Ctrl Pts',(51.5697999616323,13.3347200048096,16.));
#6859=CARTESIAN_POINT('Ctrl Pts',(66.5598608112245,9.74042085135607,16.));
#6860=CARTESIAN_POINT('Ctrl Pts',(78.6115378825543,9.00968983341481,16.));
#6861=CARTESIAN_POINT('Ctrl Pts',(84.546805917974,9.00000000000022,16.));
#6862=CARTESIAN_POINT('Ctrl Pts',(87.5,9.00000000000025,16.));
#6863=CARTESIAN_POINT('Origin',(157.,157.,0.));
#6864=CARTESIAN_POINT('',(136.25,157.,0.));
#6865=CARTESIAN_POINT('Origin',(157.,157.,0.));
#6866=CARTESIAN_POINT('Ctrl Pts',(303.000000000001,87.5000000000004,18.));
#6867=CARTESIAN_POINT('Ctrl Pts',(303.000000000001,84.5468059179744,18.));
#6868=CARTESIAN_POINT('Ctrl Pts',(302.997577891915,78.6570076139355,18.));
#6869=CARTESIAN_POINT('Ctrl Pts',(302.438200320971,69.7962286203277,18.));
#6870=CARTESIAN_POINT('Ctrl Pts',(300.890130890793,61.0436019726244,18.));
#6871=CARTESIAN_POINT('Ctrl Pts',(297.253173616998,49.77265624245,18.));
#6872=CARTESIAN_POINT('Ctrl Pts',(289.701475630996,36.9126948431278,18.));
#6873=CARTESIAN_POINT('Ctrl Pts',(277.078055601407,24.3027401211155,18.));
#6874=CARTESIAN_POINT('Ctrl Pts',(261.661678283839,15.2122825591744,18.));
#6875=CARTESIAN_POINT('Ctrl Pts',(244.249198921336,11.036194917177,18.));
#6876=CARTESIAN_POINT('Ctrl Pts',(232.406388164052,11.,18.));
#6877=CARTESIAN_POINT('Ctrl Pts',(226.5,11.,18.));
#6878=CARTESIAN_POINT('Ctrl Pts',(303.598398600685,87.5000000000004,18.));
#6879=CARTESIAN_POINT('Ctrl Pts',(303.598398600684,84.5468059179744,18.));
#6880=CARTESIAN_POINT('Ctrl Pts',(303.596207740143,78.6438061098603,18.));
#6881=CARTESIAN_POINT('Ctrl Pts',(303.034107126909,69.7289184339986,18.));
#6882=CARTESIAN_POINT('Ctrl Pts',(301.473195922856,60.9004331047772,18.));
#6883=CARTESIAN_POINT('Ctrl Pts',(297.800745224898,49.5188034742944,18.));
#6884=CARTESIAN_POINT('Ctrl Pts',(290.17698577122,36.5387932069015,18.));
#6885=CARTESIAN_POINT('Ctrl Pts',(277.45142453347,23.8275968471326,18.));
#6886=CARTESIAN_POINT('Ctrl Pts',(261.892054712499,14.6491055992116,18.));
#6887=CARTESIAN_POINT('Ctrl Pts',(244.305040915265,10.4345692786634,18.));
#6888=CARTESIAN_POINT('Ctrl Pts',(232.406388164052,10.4016013993162,18.));
#6889=CARTESIAN_POINT('Ctrl Pts',(226.5,10.4016013993162,18.));
#6890=CARTESIAN_POINT('Ctrl Pts',(304.634301864358,87.5000000000004,17.4977643205695));
#6891=CARTESIAN_POINT('Ctrl Pts',(304.634301864358,84.5468059179744,17.4977643205695));
#6892=CARTESIAN_POINT('Ctrl Pts',(304.632423389484,78.6205760608941,17.4977643205695));
#6893=CARTESIAN_POINT('Ctrl Pts',(304.065575609717,69.6121550198163,17.4977643205695));
#6894=CARTESIAN_POINT('Ctrl Pts',(302.482318386858,60.6523387432121,17.4977643205695));
#6895=CARTESIAN_POINT('Ctrl Pts',(298.748790522853,49.0800071594373,17.4977643205695));
#6896=CARTESIAN_POINT('Ctrl Pts',(290.999780778204,35.8915636268361,17.4977643205695));
#6897=CARTESIAN_POINT('Ctrl Pts',(278.097770098967,23.0051518470266,17.4977643205695));
#6898=CARTESIAN_POINT('Ctrl Pts',(262.290715040401,13.6745017307633,17.4977643205695));
#6899=CARTESIAN_POINT('Ctrl Pts',(244.402228324758,9.39319827981159,17.4977643205695));
#6900=CARTESIAN_POINT('Ctrl Pts',(232.406388164052,9.36569813564271,17.4977643205695));
#6901=CARTESIAN_POINT('Ctrl Pts',(226.5,9.36569813564271,17.4977643205695));
#6902=CARTESIAN_POINT('Ctrl Pts',(305.000000000001,87.5000000000003,16.4487989505128));
#6903=CARTESIAN_POINT('Ctrl Pts',(305.000000000001,84.5468059179743,16.4487989505128));
#6904=CARTESIAN_POINT('Ctrl Pts',(304.998271095443,78.6125435773796,16.4487989505128));
#6905=CARTESIAN_POINT('Ctrl Pts',(304.429762306143,69.5710424887866,16.4487989505128));
#6906=CARTESIAN_POINT('Ctrl Pts',(302.838667930711,60.5648677888747,16.4487989505128));
#6907=CARTESIAN_POINT('Ctrl Pts',(299.083414670256,48.9248092071979,16.4487989505128));
#6908=CARTESIAN_POINT('Ctrl Pts',(291.290413312491,35.663058006305,16.4487989505128));
#6909=CARTESIAN_POINT('Ctrl Pts',(278.325946589193,22.7147702570862,16.4487989505128));
#6910=CARTESIAN_POINT('Ctrl Pts',(262.431518619272,13.3302979170753,16.4487989505128));
#6911=CARTESIAN_POINT('Ctrl Pts',(244.436306349982,9.02551687897476,16.4487989505128));
#6912=CARTESIAN_POINT('Ctrl Pts',(232.406388164052,8.99999999999997,16.4487989505128));
#6913=CARTESIAN_POINT('Ctrl Pts',(226.5,8.99999999999997,16.4487989505128));
#6914=CARTESIAN_POINT('Ctrl Pts',(305.000000000001,87.5000000000003,16.));
#6915=CARTESIAN_POINT('Ctrl Pts',(305.000000000001,84.5468059179743,16.));
#6916=CARTESIAN_POINT('Ctrl Pts',(304.99825453422,78.6124726517304,16.));
#6917=CARTESIAN_POINT('Ctrl Pts',(304.429739484949,69.570997096537,16.));
#6918=CARTESIAN_POINT('Ctrl Pts',(302.838623395398,60.5648205083882,16.));
#6919=CARTESIAN_POINT('Ctrl Pts',(299.083439145594,48.9249325250863,16.));
#6920=CARTESIAN_POINT('Ctrl Pts',(291.290343086286,35.6630657646884,16.));
#6921=CARTESIAN_POINT('Ctrl Pts',(278.325946018468,22.71478679064,16.));
#6922=CARTESIAN_POINT('Ctrl Pts',(262.431490320489,13.3303593728984,16.));
#6923=CARTESIAN_POINT('Ctrl Pts',(244.436403889456,9.02553922981838,16.));
#6924=CARTESIAN_POINT('Ctrl Pts',(232.406388164052,8.99999999999997,16.));
#6925=CARTESIAN_POINT('Ctrl Pts',(226.5,8.99999999999997,16.));
#6926=CARTESIAN_POINT('',(226.5,11.,18.));
#6927=CARTESIAN_POINT('',(226.5,8.99999999999997,16.));
#6928=CARTESIAN_POINT('Origin',(226.5,11.,16.));
#6929=CARTESIAN_POINT('',(305.,87.5000000000001,16.));
#6930=CARTESIAN_POINT('Ctrl Pts',(226.5,8.99999999999997,16.));
#6931=CARTESIAN_POINT('Ctrl Pts',(232.406388164052,8.99999999999997,16.));
#6932=CARTESIAN_POINT('Ctrl Pts',(244.436403889456,9.02553922981838,16.));
#6933=CARTESIAN_POINT('Ctrl Pts',(262.431490320489,13.3303593728984,16.));
#6934=CARTESIAN_POINT('Ctrl Pts',(278.325946018468,22.71478679064,16.));
#6935=CARTESIAN_POINT('Ctrl Pts',(291.290343086286,35.6630657646884,16.));
#6936=CARTESIAN_POINT('Ctrl Pts',(299.083439145594,48.9249325250863,16.));
#6937=CARTESIAN_POINT('Ctrl Pts',(302.838623395398,60.5648205083882,16.));
#6938=CARTESIAN_POINT('Ctrl Pts',(304.429739484949,69.570997096537,16.));
#6939=CARTESIAN_POINT('Ctrl Pts',(304.99825453422,78.6124726517304,16.));
#6940=CARTESIAN_POINT('Ctrl Pts',(305.000000000001,84.5468059179743,16.));
#6941=CARTESIAN_POINT('Ctrl Pts',(305.000000000001,87.5000000000003,16.));
#6942=CARTESIAN_POINT('',(303.000000000001,87.5000000000004,18.));
#6943=CARTESIAN_POINT('Origin',(303.000000000001,87.5000000000004,16.));
#6944=CARTESIAN_POINT('Ctrl Pts',(303.000000000001,87.5000000000004,18.));
#6945=CARTESIAN_POINT('Ctrl Pts',(303.000000000001,84.5468059179744,18.));
#6946=CARTESIAN_POINT('Ctrl Pts',(302.997577891915,78.6570076139355,18.));
#6947=CARTESIAN_POINT('Ctrl Pts',(302.438200320971,69.7962286203277,18.));
#6948=CARTESIAN_POINT('Ctrl Pts',(300.890130890793,61.0436019726244,18.));
#6949=CARTESIAN_POINT('Ctrl Pts',(297.253173616998,49.77265624245,18.));
#6950=CARTESIAN_POINT('Ctrl Pts',(289.701475630996,36.9126948431278,18.));
#6951=CARTESIAN_POINT('Ctrl Pts',(277.078055601407,24.3027401211155,18.));
#6952=CARTESIAN_POINT('Ctrl Pts',(261.661678283839,15.2122825591744,18.));
#6953=CARTESIAN_POINT('Ctrl Pts',(244.249198921336,11.036194917177,18.));
#6954=CARTESIAN_POINT('Ctrl Pts',(232.406388164052,11.,18.));
#6955=CARTESIAN_POINT('Ctrl Pts',(226.5,11.,18.));
#6956=CARTESIAN_POINT('Origin',(83.0000000000001,10.9999999999999,16.));
#6957=CARTESIAN_POINT('',(87.5000000000001,10.9999999999999,18.));
#6958=CARTESIAN_POINT('Origin',(87.5000000000001,10.9999999999999,16.));
#6959=CARTESIAN_POINT('',(83.0000000000001,8.99999999999993,16.));
#6960=CARTESIAN_POINT('',(83.0000000000001,10.9999999999999,18.));
#6961=CARTESIAN_POINT('Ctrl Pts',(87.5,11.0000000000002,18.));
#6962=CARTESIAN_POINT('Ctrl Pts',(84.546805917974,11.0000000000002,18.));
#6963=CARTESIAN_POINT('Ctrl Pts',(78.656170363462,11.0094623534942,18.));
#6964=CARTESIAN_POINT('Ctrl Pts',(66.8450780679663,11.731094008686,18.));
#6965=CARTESIAN_POINT('Ctrl Pts',(52.3388404780809,15.2153863181764,18.));
#6966=CARTESIAN_POINT('Ctrl Pts',(36.9175738006069,24.3052469125781,18.));
#6967=CARTESIAN_POINT('Ctrl Pts',(24.2960460637738,36.9189331497187,18.));
#6968=CARTESIAN_POINT('Ctrl Pts',(16.7461132481509,49.7687734786634,18.));
#6969=CARTESIAN_POINT('Ctrl Pts',(13.1086445019939,61.0502914298144,18.));
#6970=CARTESIAN_POINT('Ctrl Pts',(11.562949937558,69.7881587629588,18.));
#6971=CARTESIAN_POINT('Ctrl Pts',(11.0024939323329,78.6450790894071,18.));
#6972=CARTESIAN_POINT('Ctrl Pts',(11.,84.546805917974,18.));
#6973=CARTESIAN_POINT('Ctrl Pts',(11.,87.5,18.));
#6974=CARTESIAN_POINT('Ctrl Pts',(87.5,10.4016013993165,18.));
#6975=CARTESIAN_POINT('Ctrl Pts',(84.546805917974,10.4016013993165,18.));
#6976=CARTESIAN_POINT('Ctrl Pts',(78.6428974257992,10.4111139016799,18.));
#6977=CARTESIAN_POINT('Ctrl Pts',(66.7597004678474,11.1354951709143,18.));
#6978=CARTESIAN_POINT('Ctrl Pts',(52.1087633323734,14.6526308782033,18.));
#6979=CARTESIAN_POINT('Ctrl Pts',(36.544069190121,23.830078083176,18.));
#6980=CARTESIAN_POINT('Ctrl Pts',(23.8206180855702,36.5452246472489,18.));
#6981=CARTESIAN_POINT('Ctrl Pts',(16.1985166854465,49.514916065495,18.));
#6982=CARTESIAN_POINT('Ctrl Pts',(12.5256339551517,60.9071146565583,18.));
#6983=CARTESIAN_POINT('Ctrl Pts',(10.9670566574165,69.7207619204959,18.));
#6984=CARTESIAN_POINT('Ctrl Pts',(10.4038952101661,78.631763080894,18.));
#6985=CARTESIAN_POINT('Ctrl Pts',(10.4016013993163,84.5468059179739,18.));
#6986=CARTESIAN_POINT('Ctrl Pts',(10.4016013993163,87.5,18.));
#6987=CARTESIAN_POINT('Ctrl Pts',(87.5,9.36555697321759,17.4979337834038));
#6988=CARTESIAN_POINT('Ctrl Pts',(84.546805917974,9.36555697321756,17.4979337834038));
#6989=CARTESIAN_POINT('Ctrl Pts',(78.6196653140644,9.3752119510332,17.4979337834039));
#6990=CARTESIAN_POINT('Ctrl Pts',(66.6120077009075,10.1042696337884,17.4979337834038));
#6991=CARTESIAN_POINT('Ctrl Pts',(51.7103568029582,13.6784883892126,17.4979337834039));
#6992=CARTESIAN_POINT('Ctrl Pts',(35.8974250056502,23.0073527966826,17.4979337834038));
#6993=CARTESIAN_POINT('Ctrl Pts',(22.9976132750122,35.8982379862974,17.4979337834038));
#6994=CARTESIAN_POINT('Ctrl Pts',(15.2503628710792,49.0755845429906,17.4979337834038));
#6995=CARTESIAN_POINT('Ctrl Pts',(11.5162895427912,60.6592802550852,17.4979337834038));
#6996=CARTESIAN_POINT('Ctrl Pts',(9.93541893789871,69.6038144852139,17.4979337834038));
#6997=CARTESIAN_POINT('Ctrl Pts',(9.36751948606745,78.6085852129944,17.4979337834038));
#6998=CARTESIAN_POINT('Ctrl Pts',(9.36555697321739,84.5468059179738,17.4979337834039));
#6999=CARTESIAN_POINT('Ctrl Pts',(9.36555697321739,87.4999999999999,17.4979337834039));
#7000=CARTESIAN_POINT('Ctrl Pts',(87.5,9.00000000000025,16.4487989505128));
#7001=CARTESIAN_POINT('Ctrl Pts',(84.546805917974,9.00000000000022,16.4487989505128));
#7002=CARTESIAN_POINT('Ctrl Pts',(78.6115845063396,9.00967953149821,16.4487989505128));
#7003=CARTESIAN_POINT('Ctrl Pts',(66.5598373487925,9.74042612977534,16.4487989505128));
#7004=CARTESIAN_POINT('Ctrl Pts',(51.5698110260205,13.3346846960519,16.4487989505128));
#7005=CARTESIAN_POINT('Ctrl Pts',(35.6692509984124,22.7170798690549,16.4487989505128));
#7006=CARTESIAN_POINT('Ctrl Pts',(22.7071635485925,35.6699382717814,16.4487989505128));
#7007=CARTESIAN_POINT('Ctrl Pts',(14.9158476842078,48.9204845669523,16.4487989505128));
#7008=CARTESIAN_POINT('Ctrl Pts',(11.1601267011389,60.5718085346054,16.4487989505128));
#7009=CARTESIAN_POINT('Ctrl Pts',(9.57138489438808,69.5626706062448,16.4487989505128));
#7010=CARTESIAN_POINT('Ctrl Pts',(9.00183860070777,78.6004640156187,16.4487989505128));
#7011=CARTESIAN_POINT('Ctrl Pts',(9.00000000000004,84.5468059179738,16.4487989505128));
#7012=CARTESIAN_POINT('Ctrl Pts',(9.00000000000004,87.5,16.4487989505128));
#7013=CARTESIAN_POINT('Ctrl Pts',(87.5,9.00000000000025,16.));
#7014=CARTESIAN_POINT('Ctrl Pts',(84.546805917974,9.00000000000022,16.));
#7015=CARTESIAN_POINT('Ctrl Pts',(78.6115378825543,9.00968983341481,16.));
#7016=CARTESIAN_POINT('Ctrl Pts',(66.5598608112245,9.74042085135607,16.));
#7017=CARTESIAN_POINT('Ctrl Pts',(51.5697999616323,13.3347200048096,16.));
#7018=CARTESIAN_POINT('Ctrl Pts',(35.6692560702861,22.7170731735512,16.));
#7019=CARTESIAN_POINT('Ctrl Pts',(22.7071881674727,35.6699452937748,16.));
#7020=CARTESIAN_POINT('Ctrl Pts',(14.9158354492334,48.9205192740254,16.));
#7021=CARTESIAN_POINT('Ctrl Pts',(11.1601373875271,60.5718189720782,16.));
#7022=CARTESIAN_POINT('Ctrl Pts',(9.57139768449772,69.5626226371774,16.));
#7023=CARTESIAN_POINT('Ctrl Pts',(9.00184141171073,78.6004412382133,16.));
#7024=CARTESIAN_POINT('Ctrl Pts',(9.00000000000004,84.5468059179738,16.));
#7025=CARTESIAN_POINT('Ctrl Pts',(9.00000000000004,87.5,16.));
#7026=CARTESIAN_POINT('',(11.,87.5,18.));
#7027=CARTESIAN_POINT('Origin',(11.,87.5,16.));
#7028=CARTESIAN_POINT('Ctrl Pts',(87.5,11.0000000000002,18.));
#7029=CARTESIAN_POINT('Ctrl Pts',(84.546805917974,11.0000000000002,18.));
#7030=CARTESIAN_POINT('Ctrl Pts',(78.656170363462,11.0094623534942,18.));
#7031=CARTESIAN_POINT('Ctrl Pts',(66.8450780679663,11.731094008686,18.));
#7032=CARTESIAN_POINT('Ctrl Pts',(52.3388404780809,15.2153863181764,18.));
#7033=CARTESIAN_POINT('Ctrl Pts',(36.9175738006069,24.3052469125781,18.));
#7034=CARTESIAN_POINT('Ctrl Pts',(24.2960460637738,36.9189331497187,18.));
#7035=CARTESIAN_POINT('Ctrl Pts',(16.7461132481509,49.7687734786634,18.));
#7036=CARTESIAN_POINT('Ctrl Pts',(13.1086445019939,61.0502914298144,18.));
#7037=CARTESIAN_POINT('Ctrl Pts',(11.562949937558,69.7881587629588,18.));
#7038=CARTESIAN_POINT('Ctrl Pts',(11.0024939323329,78.6450790894071,18.));
#7039=CARTESIAN_POINT('Ctrl Pts',(11.,84.546805917974,18.));
#7040=CARTESIAN_POINT('Ctrl Pts',(11.,87.5,18.));
#7041=CARTESIAN_POINT('Origin',(11.0000000000001,231.,16.));
#7042=CARTESIAN_POINT('',(11.0000000000001,226.5,18.));
#7043=CARTESIAN_POINT('Origin',(11.0000000000001,226.5,16.));
#7044=CARTESIAN_POINT('',(11.0000000000001,231.,18.));
#7045=CARTESIAN_POINT('Ctrl Pts',(11.0000000000003,226.5,18.));
#7046=CARTESIAN_POINT('Ctrl Pts',(11.0000000000003,229.453194082026,18.));
#7047=CARTESIAN_POINT('Ctrl Pts',(11.0025148898307,235.342981531398,18.));
#7048=CARTESIAN_POINT('Ctrl Pts',(11.5614438750499,244.203617255811,18.));
#7049=CARTESIAN_POINT('Ctrl Pts',(13.1101751533873,252.956228690644,18.));
#7050=CARTESIAN_POINT('Ctrl Pts',(16.7463872281534,264.22801949602,18.));
#7051=CARTESIAN_POINT('Ctrl Pts',(24.2987104048627,277.087073064206,18.));
#7052=CARTESIAN_POINT('Ctrl Pts',(36.9218641884883,289.697368859426,18.));
#7053=CARTESIAN_POINT('Ctrl Pts',(52.3383663829536,298.787659415344,18.));
#7054=CARTESIAN_POINT('Ctrl Pts',(69.7507799469212,302.963832926232,18.));
#7055=CARTESIAN_POINT('Ctrl Pts',(81.5936118359481,303.,18.));
#7056=CARTESIAN_POINT('Ctrl Pts',(87.5000000000001,303.,18.));
#7057=CARTESIAN_POINT('Ctrl Pts',(10.4016013993166,226.5,18.));
#7058=CARTESIAN_POINT('Ctrl Pts',(10.4016013993165,229.453194082026,18.));
#7059=CARTESIAN_POINT('Ctrl Pts',(10.4038930019354,235.356204140132,18.));
#7060=CARTESIAN_POINT('Ctrl Pts',(10.9655067864907,244.270863739471,18.));
#7061=CARTESIAN_POINT('Ctrl Pts',(12.5271353445472,253.099472375505,18.));
#7062=CARTESIAN_POINT('Ctrl Pts',(16.1988137001901,264.48186028645,18.));
#7063=CARTESIAN_POINT('Ctrl Pts',(23.8232056403466,277.460992517635,18.));
#7064=CARTESIAN_POINT('Ctrl Pts',(36.5484936771591,290.172506512183,18.));
#7065=CARTESIAN_POINT('Ctrl Pts',(52.107991055367,299.350840124209,18.));
#7066=CARTESIAN_POINT('Ctrl Pts',(69.6949374646356,303.565456882018,18.));
#7067=CARTESIAN_POINT('Ctrl Pts',(81.5936118359481,303.598398600684,18.));
#7068=CARTESIAN_POINT('Ctrl Pts',(87.5000000000001,303.598398600684,18.));
#7069=CARTESIAN_POINT('Ctrl Pts',(9.36569813564307,226.5,17.4977643205695));
#7070=CARTESIAN_POINT('Ctrl Pts',(9.36569813564305,229.453194082026,17.4977643205695));
#7071=CARTESIAN_POINT('Ctrl Pts',(9.36767457200778,235.379402265523,17.4977643205695));
#7072=CARTESIAN_POINT('Ctrl Pts',(9.93402200755114,244.387679070706,17.4977643205695));
#7073=CARTESIAN_POINT('Ctrl Pts',(11.5179866594739,253.347422395873,17.4977643205695));
#7074=CARTESIAN_POINT('Ctrl Pts',(15.2508248743905,264.920838551911,17.4977643205695));
#7075=CARTESIAN_POINT('Ctrl Pts',(23.0003887425715,278.108140797994,17.4977643205695));
#7076=CARTESIAN_POINT('Ctrl Pts',(35.9021578990195,290.994985918456,17.4977643205695));
#7077=CARTESIAN_POINT('Ctrl Pts',(51.7093253802445,300.325424635748,17.4977643205695));
#7078=CARTESIAN_POINT('Ctrl Pts',(69.5977526001162,304.606837009756,17.4977643205695));
#7079=CARTESIAN_POINT('Ctrl Pts',(81.5936118359481,304.634301864358,17.4977643205695));
#7080=CARTESIAN_POINT('Ctrl Pts',(87.5000000000001,304.634301864358,17.4977643205695));
#7081=CARTESIAN_POINT('Ctrl Pts',(9.00000000000033,226.5,16.4487989505128));
#7082=CARTESIAN_POINT('Ctrl Pts',(9.00000000000031,229.453194082026,16.4487989505128));
#7083=CARTESIAN_POINT('Ctrl Pts',(9.00183328431322,235.387454068363,16.4487989505128));
#7084=CARTESIAN_POINT('Ctrl Pts',(9.56981341571582,244.428737456752,16.4487989505128));
#7085=CARTESIAN_POINT('Ctrl Pts',(11.1616590857985,253.434964762066,16.4487989505128));
#7086=CARTESIAN_POINT('Ctrl Pts',(14.9161939444699,265.07601017149,16.4487989505128));
#7087=CARTESIAN_POINT('Ctrl Pts',(22.7097624199184,278.336667826639,16.4487989505128));
#7088=CARTESIAN_POINT('Ctrl Pts',(35.6739792691141,291.285359932856,16.4487989505128));
#7089=CARTESIAN_POINT('Ctrl Pts',(51.5685231546615,300.669633165024,16.4487989505128));
#7090=CARTESIAN_POINT('Ctrl Pts',(69.5636739584117,304.974516252652,16.4487989505128));
#7091=CARTESIAN_POINT('Ctrl Pts',(81.5936118359481,305.,16.4487989505128));
#7092=CARTESIAN_POINT('Ctrl Pts',(87.5000000000001,305.,16.4487989505128));
#7093=CARTESIAN_POINT('Ctrl Pts',(9.00000000000033,226.5,16.));
#7094=CARTESIAN_POINT('Ctrl Pts',(9.00000000000031,229.453194082026,16.));
#7095=CARTESIAN_POINT('Ctrl Pts',(9.00184672646369,235.387512100608,16.));
#7096=CARTESIAN_POINT('Ctrl Pts',(9.56984304102274,244.428813396574,16.));
#7097=CARTESIAN_POINT('Ctrl Pts',(11.1616904589007,253.434960464175,16.));
#7098=CARTESIAN_POINT('Ctrl Pts',(14.9161807310722,265.075925027251,16.));
#7099=CARTESIAN_POINT('Ctrl Pts',(22.709826770538,278.336638947226,16.));
#7100=CARTESIAN_POINT('Ctrl Pts',(35.6739821980845,291.285351712073,16.));
#7101=CARTESIAN_POINT('Ctrl Pts',(51.5685500873603,300.669566841247,16.));
#7102=CARTESIAN_POINT('Ctrl Pts',(69.563577057479,304.974496169771,16.));
#7103=CARTESIAN_POINT('Ctrl Pts',(81.5936118359481,305.,16.));
#7104=CARTESIAN_POINT('Ctrl Pts',(87.5000000000001,305.,16.));
#7105=CARTESIAN_POINT('',(87.5000000000001,303.,18.));
#7106=CARTESIAN_POINT('Origin',(87.5000000000001,303.,16.));
#7107=CARTESIAN_POINT('Ctrl Pts',(11.0000000000003,226.5,18.));
#7108=CARTESIAN_POINT('Ctrl Pts',(11.0000000000003,229.453194082026,18.));
#7109=CARTESIAN_POINT('Ctrl Pts',(11.0025148898307,235.342981531398,18.));
#7110=CARTESIAN_POINT('Ctrl Pts',(11.5614438750499,244.203617255811,18.));
#7111=CARTESIAN_POINT('Ctrl Pts',(13.1101751533873,252.956228690644,18.));
#7112=CARTESIAN_POINT('Ctrl Pts',(16.7463872281534,264.22801949602,18.));
#7113=CARTESIAN_POINT('Ctrl Pts',(24.2987104048627,277.087073064206,18.));
#7114=CARTESIAN_POINT('Ctrl Pts',(36.9218641884883,289.697368859426,18.));
#7115=CARTESIAN_POINT('Ctrl Pts',(52.3383663829536,298.787659415344,18.));
#7116=CARTESIAN_POINT('Ctrl Pts',(69.7507799469212,302.963832926232,18.));
#7117=CARTESIAN_POINT('Ctrl Pts',(81.5936118359481,303.,18.));
#7118=CARTESIAN_POINT('Ctrl Pts',(87.5000000000001,303.,18.));
#7119=CARTESIAN_POINT('Origin',(231.,303.,16.));
#7120=CARTESIAN_POINT('',(226.5,303.,18.));
#7121=CARTESIAN_POINT('Origin',(226.5,303.,16.));
#7122=CARTESIAN_POINT('',(231.,303.,18.));
#7123=CARTESIAN_POINT('Ctrl Pts',(226.5,303.,18.));
#7124=CARTESIAN_POINT('Ctrl Pts',(229.453194082026,303.,18.));
#7125=CARTESIAN_POINT('Ctrl Pts',(235.342998361537,302.997646172759,18.));
#7126=CARTESIAN_POINT('Ctrl Pts',(244.20422217277,302.438840417656,18.));
#7127=CARTESIAN_POINT('Ctrl Pts',(252.956416513454,300.890603825588,18.));
#7128=CARTESIAN_POINT('Ctrl Pts',(264.231335121455,297.254797893157,18.));
#7129=CARTESIAN_POINT('Ctrl Pts',(277.082138907827,289.702691540299,18.));
#7130=CARTESIAN_POINT('Ctrl Pts',(289.704252829943,277.076626221585,18.));
#7131=CARTESIAN_POINT('Ctrl Pts',(297.252700432032,264.231827410246,18.));
#7132=CARTESIAN_POINT('Ctrl Pts',(300.891434623242,252.949335566396,18.));
#7133=CARTESIAN_POINT('Ctrl Pts',(302.436795647735,244.211717857166,18.));
#7134=CARTESIAN_POINT('Ctrl Pts',(302.997610231728,235.354974922394,18.));
#7135=CARTESIAN_POINT('Ctrl Pts',(303.,229.453194082026,18.));
#7136=CARTESIAN_POINT('Ctrl Pts',(303.,226.5,18.));
#7137=CARTESIAN_POINT('Ctrl Pts',(226.5,303.598398600684,18.));
#7138=CARTESIAN_POINT('Ctrl Pts',(229.453194082026,303.598398600684,18.));
#7139=CARTESIAN_POINT('Ctrl Pts',(235.356225194593,303.596265542101,18.));
#7140=CARTESIAN_POINT('Ctrl Pts',(244.27149411311,303.034801630673,18.));
#7141=CARTESIAN_POINT('Ctrl Pts',(253.099725912531,301.473624461436,18.));
#7142=CARTESIAN_POINT('Ctrl Pts',(264.485339599899,297.802481157609,18.));
#7143=CARTESIAN_POINT('Ctrl Pts',(277.455658037827,290.178200107738,18.));
#7144=CARTESIAN_POINT('Ctrl Pts',(290.17972018603,277.45026523693,18.));
#7145=CARTESIAN_POINT('Ctrl Pts',(297.800290920065,264.48576672325,18.));
#7146=CARTESIAN_POINT('Ctrl Pts',(301.474489225116,253.09249022595,18.));
#7147=CARTESIAN_POINT('Ctrl Pts',(303.032728171349,244.279041592619,18.));
#7148=CARTESIAN_POINT('Ctrl Pts',(303.596238584294,235.368223134384,18.));
#7149=CARTESIAN_POINT('Ctrl Pts',(303.598398600684,229.453194082026,18.));
#7150=CARTESIAN_POINT('Ctrl Pts',(303.598398600684,226.5,18.));
#7151=CARTESIAN_POINT('Ctrl Pts',(226.5,304.634283627429,17.4977424274809));
#7152=CARTESIAN_POINT('Ctrl Pts',(229.453194082026,304.634283627429,17.4977424274809));
#7153=CARTESIAN_POINT('Ctrl Pts',(235.379422123167,304.632475513759,17.4977424274809));
#7154=CARTESIAN_POINT('Ctrl Pts',(244.388398899772,304.066243958136,17.4977424274809));
#7155=CARTESIAN_POINT('Ctrl Pts',(253.347650957586,302.482799595311,17.4977424274809));
#7156=CARTESIAN_POINT('Ctrl Pts',(264.924789692014,298.750321868287,17.4977424274809));
#7157=CARTESIAN_POINT('Ctrl Pts',(278.102111996192,291.001315783517,17.4977424274809));
#7158=CARTESIAN_POINT('Ctrl Pts',(291.002438434566,278.096883890232,17.4977424274809));
#7159=CARTESIAN_POINT('Ctrl Pts',(298.748266584173,264.924864603711,17.4977424274809));
#7160=CARTESIAN_POINT('Ctrl Pts',(302.483622620909,253.340286869787,17.4977424274809));
#7161=CARTESIAN_POINT('Ctrl Pts',(304.064164595662,244.396004733839,17.4977424274809));
#7162=CARTESIAN_POINT('Ctrl Pts',(304.632437979788,235.391490686123,17.4977424274809));
#7163=CARTESIAN_POINT('Ctrl Pts',(304.634283627429,229.453194082026,17.4977424274809));
#7164=CARTESIAN_POINT('Ctrl Pts',(304.634283627429,226.5,17.4977424274809));
#7165=CARTESIAN_POINT('Ctrl Pts',(226.5,305.,16.4487989505128));
#7166=CARTESIAN_POINT('Ctrl Pts',(229.453194082026,305.,16.4487989505128));
#7167=CARTESIAN_POINT('Ctrl Pts',(235.387478283123,304.998332062331,16.4487989505128));
#7168=CARTESIAN_POINT('Ctrl Pts',(244.429471362755,304.430491196043,16.4487989505128));
#7169=CARTESIAN_POINT('Ctrl Pts',(253.435250134683,302.839125777029,16.4487989505128));
#7170=CARTESIAN_POINT('Ctrl Pts',(265.080050160415,299.085066187933,16.4487989505128));
#7171=CARTESIAN_POINT('Ctrl Pts',(278.330404522436,291.291930082139,16.4487989505128));
#7172=CARTESIAN_POINT('Ctrl Pts',(291.293057469615,278.325253616421,16.4487989505128));
#7173=CARTESIAN_POINT('Ctrl Pts',(299.082927081031,265.080107214446,16.4487989505128));
#7174=CARTESIAN_POINT('Ctrl Pts',(302.839978786914,253.427778678363,16.4487989505128));
#7175=CARTESIAN_POINT('Ctrl Pts',(304.428390284105,244.437111724775,16.4487989505128));
#7176=CARTESIAN_POINT('Ctrl Pts',(304.998302416057,235.399556827414,16.4487989505128));
#7177=CARTESIAN_POINT('Ctrl Pts',(305.,229.453194082026,16.4487989505128));
#7178=CARTESIAN_POINT('Ctrl Pts',(305.,226.5,16.4487989505128));
#7179=CARTESIAN_POINT('Ctrl Pts',(226.5,305.,16.));
#7180=CARTESIAN_POINT('Ctrl Pts',(229.453194082026,305.,16.));
#7181=CARTESIAN_POINT('Ctrl Pts',(235.387534915778,304.998321260039,16.));
#7182=CARTESIAN_POINT('Ctrl Pts',(244.429556427857,304.430449035994,16.));
#7183=CARTESIAN_POINT('Ctrl Pts',(253.435220463504,302.839108945077,16.));
#7184=CARTESIAN_POINT('Ctrl Pts',(265.080001860466,299.085018764187,16.));
#7185=CARTESIAN_POINT('Ctrl Pts',(278.330377479179,291.291923477773,16.));
#7186=CARTESIAN_POINT('Ctrl Pts',(291.292989312121,278.325218486921,16.));
#7187=CARTESIAN_POINT('Ctrl Pts',(299.08293544781,265.080013723817,16.));
#7188=CARTESIAN_POINT('Ctrl Pts',(302.839942977367,253.427775333545,16.));
#7189=CARTESIAN_POINT('Ctrl Pts',(304.428356384513,244.437190880131,16.));
#7190=CARTESIAN_POINT('Ctrl Pts',(304.998286681952,235.399619805192,16.));
#7191=CARTESIAN_POINT('Ctrl Pts',(305.,229.453194082026,16.));
#7192=CARTESIAN_POINT('Ctrl Pts',(305.,226.5,16.));
#7193=CARTESIAN_POINT('',(303.,226.5,18.));
#7194=CARTESIAN_POINT('',(305.,226.5,16.));
#7195=CARTESIAN_POINT('Origin',(303.,226.5,16.));
#7196=CARTESIAN_POINT('Ctrl Pts',(305.,226.5,16.));
#7197=CARTESIAN_POINT('Ctrl Pts',(305.,229.453194082026,16.));
#7198=CARTESIAN_POINT('Ctrl Pts',(304.998286681952,235.399619805192,16.));
#7199=CARTESIAN_POINT('Ctrl Pts',(304.428356384513,244.437190880131,16.));
#7200=CARTESIAN_POINT('Ctrl Pts',(302.839942977367,253.427775333545,16.));
#7201=CARTESIAN_POINT('Ctrl Pts',(299.08293544781,265.080013723817,16.));
#7202=CARTESIAN_POINT('Ctrl Pts',(291.292989312121,278.325218486921,16.));
#7203=CARTESIAN_POINT('Ctrl Pts',(278.330377479179,291.291923477773,16.));
#7204=CARTESIAN_POINT('Ctrl Pts',(265.080001860466,299.085018764187,16.));
#7205=CARTESIAN_POINT('Ctrl Pts',(253.435220463504,302.839108945077,16.));
#7206=CARTESIAN_POINT('Ctrl Pts',(244.429556427857,304.430449035994,16.));
#7207=CARTESIAN_POINT('Ctrl Pts',(235.387534915778,304.998321260039,16.));
#7208=CARTESIAN_POINT('Ctrl Pts',(229.453194082026,305.,16.));
#7209=CARTESIAN_POINT('Ctrl Pts',(226.5,305.,16.));
#7210=CARTESIAN_POINT('Ctrl Pts',(226.5,303.,18.));
#7211=CARTESIAN_POINT('Ctrl Pts',(229.453194082026,303.,18.));
#7212=CARTESIAN_POINT('Ctrl Pts',(235.342998361537,302.997646172759,18.));
#7213=CARTESIAN_POINT('Ctrl Pts',(244.20422217277,302.438840417656,18.));
#7214=CARTESIAN_POINT('Ctrl Pts',(252.956416513454,300.890603825588,18.));
#7215=CARTESIAN_POINT('Ctrl Pts',(264.231335121455,297.254797893157,18.));
#7216=CARTESIAN_POINT('Ctrl Pts',(277.082138907827,289.702691540299,18.));
#7217=CARTESIAN_POINT('Ctrl Pts',(289.704252829943,277.076626221585,18.));
#7218=CARTESIAN_POINT('Ctrl Pts',(297.252700432032,264.231827410246,18.));
#7219=CARTESIAN_POINT('Ctrl Pts',(300.891434623242,252.949335566396,18.));
#7220=CARTESIAN_POINT('Ctrl Pts',(302.436795647735,244.211717857166,18.));
#7221=CARTESIAN_POINT('Ctrl Pts',(302.997610231728,235.354974922394,18.));
#7222=CARTESIAN_POINT('Ctrl Pts',(303.,229.453194082026,18.));
#7223=CARTESIAN_POINT('Ctrl Pts',(303.,226.5,18.));
#7224=CARTESIAN_POINT('Origin',(303.,83.,16.));
#7225=CARTESIAN_POINT('',(303.,83.,18.));
#7226=CARTESIAN_POINT('',(305.,83.,16.));
#7227=CARTESIAN_POINT('Ctrl Pts',(305.,226.5,16.));
#7228=CARTESIAN_POINT('Ctrl Pts',(305.,226.5,11.3333333333333));
#7229=CARTESIAN_POINT('Ctrl Pts',(305.,226.5,6.66666666666667));
#7230=CARTESIAN_POINT('Ctrl Pts',(305.,226.5,2.));
#7231=CARTESIAN_POINT('Ctrl Pts',(305.,232.37178626921,16.));
#7232=CARTESIAN_POINT('Ctrl Pts',(305.,232.37178626921,11.3333333333333));
#7233=CARTESIAN_POINT('Ctrl Pts',(305.,232.37178626921,6.66666666666667));
#7234=CARTESIAN_POINT('Ctrl Pts',(305.,232.37178626921,2.));
#7235=CARTESIAN_POINT('Ctrl Pts',(304.942857637327,243.990443713838,16.));
#7236=CARTESIAN_POINT('Ctrl Pts',(304.942857637327,243.990443713838,11.3333333333333));
#7237=CARTESIAN_POINT('Ctrl Pts',(304.942857637327,243.990443713838,6.66666666666665));
#7238=CARTESIAN_POINT('Ctrl Pts',(304.942857637327,243.990443713838,2.));
#7239=CARTESIAN_POINT('Ctrl Pts',(301.074336477894,261.290841225923,16.));
#7240=CARTESIAN_POINT('Ctrl Pts',(301.074336477894,261.290841225923,11.3333333333333));
#7241=CARTESIAN_POINT('Ctrl Pts',(301.074336477894,261.290841225923,6.66666666666668));
#7242=CARTESIAN_POINT('Ctrl Pts',(301.074336477894,261.290841225923,2.));
#7243=CARTESIAN_POINT('Ctrl Pts',(291.845519104988,277.79310878024,16.));
#7244=CARTESIAN_POINT('Ctrl Pts',(291.845519104988,277.79310878024,11.3333333333333));
#7245=CARTESIAN_POINT('Ctrl Pts',(291.845519104988,277.79310878024,6.66666666666665));
#7246=CARTESIAN_POINT('Ctrl Pts',(291.845519104988,277.79310878024,2.));
#7247=CARTESIAN_POINT('Ctrl Pts',(277.79188371705,291.850150030869,16.));
#7248=CARTESIAN_POINT('Ctrl Pts',(277.79188371705,291.850150030869,11.3333333333333));
#7249=CARTESIAN_POINT('Ctrl Pts',(277.79188371705,291.850150030869,6.66666666666668));
#7250=CARTESIAN_POINT('Ctrl Pts',(277.79188371705,291.850150030869,2.));
#7251=CARTESIAN_POINT('Ctrl Pts',(261.292809514569,301.069110804333,16.));
#7252=CARTESIAN_POINT('Ctrl Pts',(261.292809514569,301.069110804333,11.3333333333333));
#7253=CARTESIAN_POINT('Ctrl Pts',(261.292809514569,301.069110804333,6.66666666666667));
#7254=CARTESIAN_POINT('Ctrl Pts',(261.292809514569,301.069110804333,2.));
#7255=CARTESIAN_POINT('Ctrl Pts',(243.989438614781,304.945914650608,16.));
#7256=CARTESIAN_POINT('Ctrl Pts',(243.989438614781,304.945914650608,11.3333333333333));
#7257=CARTESIAN_POINT('Ctrl Pts',(243.989438614781,304.945914650608,6.66666666666666));
#7258=CARTESIAN_POINT('Ctrl Pts',(243.989438614781,304.945914650608,2.));
#7259=CARTESIAN_POINT('Ctrl Pts',(232.37178626921,305.,16.));
#7260=CARTESIAN_POINT('Ctrl Pts',(232.37178626921,305.,11.3333333333333));
#7261=CARTESIAN_POINT('Ctrl Pts',(232.37178626921,305.,6.66666666666667));
#7262=CARTESIAN_POINT('Ctrl Pts',(232.37178626921,305.,2.));
#7263=CARTESIAN_POINT('Ctrl Pts',(226.5,305.,16.));
#7264=CARTESIAN_POINT('Ctrl Pts',(226.5,305.,11.3333333333333));
#7265=CARTESIAN_POINT('Ctrl Pts',(226.5,305.,6.66666666666667));
#7266=CARTESIAN_POINT('Ctrl Pts',(226.5,305.,2.));
#7267=CARTESIAN_POINT('',(305.,226.5,18.));
#7268=CARTESIAN_POINT('Origin',(305.,8.99999999999999,18.));
#7269=CARTESIAN_POINT('',(305.,87.5,18.));
#7270=CARTESIAN_POINT('Ctrl Pts',(226.5,8.99999999999997,16.));
#7271=CARTESIAN_POINT('Ctrl Pts',(226.5,8.99999999999997,11.3333333333333));
#7272=CARTESIAN_POINT('Ctrl Pts',(226.5,8.99999999999997,6.66666666666667));
#7273=CARTESIAN_POINT('Ctrl Pts',(226.5,8.99999999999997,2.));
#7274=CARTESIAN_POINT('Ctrl Pts',(232.37178626921,8.99999999999997,16.));
#7275=CARTESIAN_POINT('Ctrl Pts',(232.37178626921,8.99999999999997,11.3333333333333));
#7276=CARTESIAN_POINT('Ctrl Pts',(232.37178626921,8.99999999999997,6.66666666666667));
#7277=CARTESIAN_POINT('Ctrl Pts',(232.37178626921,8.99999999999997,2.));
#7278=CARTESIAN_POINT('Ctrl Pts',(243.99036177035,9.05693013092814,16.));
#7279=CARTESIAN_POINT('Ctrl Pts',(243.99036177035,9.05693013092814,11.3333333333333));
#7280=CARTESIAN_POINT('Ctrl Pts',(243.99036177035,9.05693013092814,6.66666666666665));
#7281=CARTESIAN_POINT('Ctrl Pts',(243.99036177035,9.05693013092814,2.));
#7282=CARTESIAN_POINT('Ctrl Pts',(261.290789569996,12.9254601220581,16.));
#7283=CARTESIAN_POINT('Ctrl Pts',(261.290789569996,12.9254601220581,11.3333333333333));
#7284=CARTESIAN_POINT('Ctrl Pts',(261.290789569996,12.9254601220581,6.66666666666668));
#7285=CARTESIAN_POINT('Ctrl Pts',(261.290789569996,12.9254601220581,2.));
#7286=CARTESIAN_POINT('Ctrl Pts',(277.793054613765,22.1542109501019,16.));
#7287=CARTESIAN_POINT('Ctrl Pts',(277.793054613765,22.1542109501019,11.3333333333333));
#7288=CARTESIAN_POINT('Ctrl Pts',(277.793054613765,22.1542109501019,6.66666666666665));
#7289=CARTESIAN_POINT('Ctrl Pts',(277.793054613765,22.1542109501019,2.));
#7290=CARTESIAN_POINT('Ctrl Pts',(291.850269827898,36.208053183365,16.));
#7291=CARTESIAN_POINT('Ctrl Pts',(291.850269827898,36.208053183365,11.3333333333333));
#7292=CARTESIAN_POINT('Ctrl Pts',(291.850269827898,36.208053183365,6.66666666666668));
#7293=CARTESIAN_POINT('Ctrl Pts',(291.850269827898,36.208053183365,2.));
#7294=CARTESIAN_POINT('Ctrl Pts',(301.069404435006,52.7072716248593,16.));
#7295=CARTESIAN_POINT('Ctrl Pts',(301.069404435006,52.7072716248593,11.3333333333333));
#7296=CARTESIAN_POINT('Ctrl Pts',(301.069404435006,52.7072716248593,6.66666666666667));
#7297=CARTESIAN_POINT('Ctrl Pts',(301.069404435006,52.7072716248593,2.));
#7298=CARTESIAN_POINT('Ctrl Pts',(304.946124807075,70.0106182401807,16.));
#7299=CARTESIAN_POINT('Ctrl Pts',(304.946124807075,70.0106182401807,11.3333333333333));
#7300=CARTESIAN_POINT('Ctrl Pts',(304.946124807075,70.0106182401807,6.66666666666666));
#7301=CARTESIAN_POINT('Ctrl Pts',(304.946124807075,70.0106182401807,2.));
#7302=CARTESIAN_POINT('Ctrl Pts',(305.000000000001,81.6282137307908,16.));
#7303=CARTESIAN_POINT('Ctrl Pts',(305.000000000001,81.6282137307908,11.3333333333333));
#7304=CARTESIAN_POINT('Ctrl Pts',(305.000000000001,81.6282137307908,6.66666666666667));
#7305=CARTESIAN_POINT('Ctrl Pts',(305.000000000001,81.6282137307908,2.));
#7306=CARTESIAN_POINT('Ctrl Pts',(305.000000000001,87.5000000000003,16.));
#7307=CARTESIAN_POINT('Ctrl Pts',(305.000000000001,87.5000000000003,11.3333333333333));
#7308=CARTESIAN_POINT('Ctrl Pts',(305.000000000001,87.5000000000003,6.66666666666667));
#7309=CARTESIAN_POINT('Ctrl Pts',(305.000000000001,87.5000000000003,2.));
#7310=CARTESIAN_POINT('',(226.5,8.99999999999997,18.));
#7311=CARTESIAN_POINT('Origin',(157.,157.,18.));
#7312=CARTESIAN_POINT('',(177.75,157.,18.));
#7313=CARTESIAN_POINT('Origin',(157.,157.,18.));
#7314=CARTESIAN_POINT('',(152.,25.9999999999999,18.));
#7315=CARTESIAN_POINT('Origin',(157.,25.9999999999999,18.));
#7316=CARTESIAN_POINT('',(21.,157.,18.));
#7317=CARTESIAN_POINT('Origin',(26.,157.,18.));
#7318=CARTESIAN_POINT('',(283.,157.,18.));
#7319=CARTESIAN_POINT('Origin',(288.,157.,18.));
#7320=CARTESIAN_POINT('',(152.,288.,18.));
#7321=CARTESIAN_POINT('Origin',(157.,288.,18.));
#7322=CARTESIAN_POINT('Origin',(157.,157.,2.875));
#7323=CARTESIAN_POINT('',(142.,157.,5.75));
#7324=CARTESIAN_POINT('',(139.125,157.,2.875));
#7325=CARTESIAN_POINT('Origin',(157.,157.,5.75));
#7326=CARTESIAN_POINT('Origin',(157.,157.,18.));
#7327=CARTESIAN_POINT('',(172.,157.,12.25));
#7328=CARTESIAN_POINT('',(142.,157.,12.25));
#7329=CARTESIAN_POINT('Origin',(157.,157.,12.25));
#7330=CARTESIAN_POINT('Origin',(157.,157.,12.25));
#7331=CARTESIAN_POINT('',(142.,157.,18.));
#7332=CARTESIAN_POINT('Origin',(157.,157.,15.125));
#7333=CARTESIAN_POINT('',(174.875,157.,15.125));
#7334=CARTESIAN_POINT('Origin',(9.00000000000006,8.99999999999991,18.));
#7335=CARTESIAN_POINT('Origin',(157.,25.9999999999999,18.));
#7336=CARTESIAN_POINT('',(152.,25.9999999999999,3.));
#7337=CARTESIAN_POINT('',(152.,25.9999999999999,18.));
#7338=CARTESIAN_POINT('Origin',(157.,25.9999999999999,3.));
#7339=CARTESIAN_POINT('Origin',(157.,25.9999999999999,3.));
#7340=CARTESIAN_POINT('Origin',(26.,157.,18.));
#7341=CARTESIAN_POINT('',(21.,157.,18.));
#7342=CARTESIAN_POINT('',(21.,157.,3.));
#7343=CARTESIAN_POINT('',(21.,157.,18.));
#7344=CARTESIAN_POINT('Origin',(26.,157.,3.));
#7345=CARTESIAN_POINT('Origin',(26.,157.,3.));
#7346=CARTESIAN_POINT('Origin',(288.,157.,18.));
#7347=CARTESIAN_POINT('',(283.,157.,3.));
#7348=CARTESIAN_POINT('',(283.,157.,18.));
#7349=CARTESIAN_POINT('Origin',(288.,157.,3.));
#7350=CARTESIAN_POINT('Origin',(288.,157.,3.));
#7351=CARTESIAN_POINT('Origin',(157.,288.,18.));
#7352=CARTESIAN_POINT('',(152.,288.,3.));
#7353=CARTESIAN_POINT('',(152.,288.,18.));
#7354=CARTESIAN_POINT('Origin',(157.,288.,3.));
#7355=CARTESIAN_POINT('Origin',(157.,288.,3.));
#7356=CARTESIAN_POINT('',(0.,0.,0.));
#7357=CARTESIAN_POINT('Origin',(0.,7.75,0.));
#7358=CARTESIAN_POINT('',(-1.59204083889156E-15,8.,-13.));
#7359=CARTESIAN_POINT('Origin',(0.,8.,0.));
#7360=CARTESIAN_POINT('',(-1.62265700887024E-15,7.75,-13.25));
#7361=CARTESIAN_POINT('Origin',(-1.59204083889156E-15,7.75,-13.));
#7362=CARTESIAN_POINT('',(13.25,7.75,-1.62265700887024E-15));
#7363=CARTESIAN_POINT('Origin',(0.,7.75,0.));
#7364=CARTESIAN_POINT('Origin',(0.,7.75,0.));
#7365=CARTESIAN_POINT('Origin',(0.,8.,0.));
#7366=CARTESIAN_POINT('',(13.25,6.5,-1.62265700887024E-15));
#7367=CARTESIAN_POINT('',(13.25,8.,1.62265700887024E-15));
#7368=CARTESIAN_POINT('Origin',(0.,6.5,0.));
#7369=CARTESIAN_POINT('Origin',(6.5,8.,0.));
#7370=CARTESIAN_POINT('',(-6.5,8.,7.9602041944578E-16));
#7371=CARTESIAN_POINT('Origin',(0.,8.,0.));
#7372=CARTESIAN_POINT('Origin',(0.,7.75,0.));
#7373=CARTESIAN_POINT('',(-1.87983283669119E-15,8.,15.35));
#7374=CARTESIAN_POINT('Origin',(0.,8.,0.));
#7375=CARTESIAN_POINT('',(-1.8492166667125E-15,7.75,15.1));
#7376=CARTESIAN_POINT('Origin',(-1.87983283669119E-15,7.75,15.35));
#7377=CARTESIAN_POINT('',(-15.1,7.75,-1.8492166667125E-15));
#7378=CARTESIAN_POINT('Origin',(0.,7.75,0.));
#7379=CARTESIAN_POINT('Origin',(0.,7.75,0.));
#7380=CARTESIAN_POINT('Origin',(0.,8.,0.));
#7381=CARTESIAN_POINT('',(-15.1,6.5,-1.8492166667125E-15));
#7382=CARTESIAN_POINT('',(-15.1,8.,-1.8492166667125E-15));
#7383=CARTESIAN_POINT('Origin',(0.,6.5,0.));
#7384=CARTESIAN_POINT('Origin',(6.5,8.,0.));
#7385=CARTESIAN_POINT('',(-2.2087468130945E-15,8.,-18.0357864376269));
#7386=CARTESIAN_POINT('Origin',(0.,8.,0.));
#7387=CARTESIAN_POINT('Origin',(0.,6.5,0.));
#7388=CARTESIAN_POINT('Origin',(0.,7.,0.));
#7389=CARTESIAN_POINT('',(-2.29534241871805E-15,6.29289321881346,-18.7428932188134));
#7390=CARTESIAN_POINT('Origin',(-2.2087468130945E-15,7.,-18.0357864376269));
#7391=CARTESIAN_POINT('',(-18.7428932188135,6.29289321881346,2.29534241871805E-15));
#7392=CARTESIAN_POINT('Origin',(0.,6.29289321881346,2.29534241871805E-15));
#7393=CARTESIAN_POINT('Origin',(0.,6.29289321881346,2.29534241871805E-15));
#7394=CARTESIAN_POINT('Origin',(0.,5.25,0.));
#7395=CARTESIAN_POINT('',(-14.95,2.5,1.83084696472529E-15));
#7396=CARTESIAN_POINT('',(-17.7,5.25,2.16762483449082E-15));
#7397=CARTESIAN_POINT('Origin',(0.,2.5,0.));
#7398=CARTESIAN_POINT('Origin',(0.,0.500000000000002,0.));
#7399=CARTESIAN_POINT('',(-4.89858719658941E-16,1.80411241501588E-15,-4.));
#7400=CARTESIAN_POINT('Origin',(0.,1.80411241501588E-15,0.));
#7401=CARTESIAN_POINT('',(-4.28626379701574E-16,0.500000000000002,-3.5));
#7402=CARTESIAN_POINT('Origin',(-4.89858719658941E-16,0.500000000000002,
-4.));
#7403=CARTESIAN_POINT('',(-3.5,0.500000000000002,4.28626379701574E-16));
#7404=CARTESIAN_POINT('Origin',(0.,0.500000000000002,0.));
#7405=CARTESIAN_POINT('Origin',(0.,0.500000000000002,0.));
#7406=CARTESIAN_POINT('Origin',(14.95,1.83084696472529E-15,0.));
#7407=CARTESIAN_POINT('',(-1.76961462476793E-15,1.80411241501588E-15,-14.45));
#7408=CARTESIAN_POINT('Origin',(0.,1.80411241501588E-15,0.));
#7409=CARTESIAN_POINT('Origin',(0.,2.5,0.));
#7410=CARTESIAN_POINT('',(-3.5,5.,4.28626379701574E-16));
#7411=CARTESIAN_POINT('Origin',(0.,5.,0.));
#7412=CARTESIAN_POINT('',(-3.5,2.5,4.28626379701574E-16));
#7413=CARTESIAN_POINT('Origin',(0.,0.500000000000002,0.));
#7414=CARTESIAN_POINT('',(-1.83084696472529E-15,0.500000000000002,-14.95));
#7415=CARTESIAN_POINT('',(-14.95,0.500000000000002,1.83084696472529E-15));
#7416=CARTESIAN_POINT('Origin',(0.,0.500000000000002,0.));
#7417=CARTESIAN_POINT('Origin',(0.,0.500000000000002,0.));
#7418=CARTESIAN_POINT('Origin',(-1.76961462476793E-15,0.500000000000002,
-14.45));
#7419=CARTESIAN_POINT('Origin',(0.,1.25,0.));
#7420=CARTESIAN_POINT('',(-14.95,1.25,1.83084696472529E-15));
#7421=CARTESIAN_POINT('Origin',(0.,6.5,0.));
#7422=CARTESIAN_POINT('',(-5.,6.5,6.12323399573677E-16));
#7423=CARTESIAN_POINT('',(0.,0.,0.));
#7424=CARTESIAN_POINT('Origin',(34.75,0.,0.));
#7425=CARTESIAN_POINT('',(35.,-2.5,3.06161699786838E-16));
#7426=CARTESIAN_POINT('Origin',(35.,0.,0.));
#7427=CARTESIAN_POINT('',(34.5,-3.,-3.67394039744206E-16));
#7428=CARTESIAN_POINT('',(34.75,-2.75,-3.36777869765522E-16));
#7429=CARTESIAN_POINT('',(34.5,3.,3.67394039744206E-16));
#7430=CARTESIAN_POINT('Origin',(34.5,0.,0.));
#7431=CARTESIAN_POINT('Origin',(34.5,0.,0.));
#7432=CARTESIAN_POINT('Origin',(19.15,0.,0.));
#7433=CARTESIAN_POINT('',(3.42426406871192,3.,3.67394039744206E-16));
#7434=CARTESIAN_POINT('',(19.15,3.,3.67394039744206E-16));
#7435=CARTESIAN_POINT('',(3.42426406871192,-3.67394039744206E-16,3.));
#7436=CARTESIAN_POINT('Origin',(3.42426406871192,0.,0.));
#7437=CARTESIAN_POINT('Origin',(3.42426406871192,0.,0.));
#7438=CARTESIAN_POINT('Origin',(35.,-1.5,0.));
#7439=CARTESIAN_POINT('Origin',(3.42426406871192,0.,0.));
#7440=CARTESIAN_POINT('',(3.21213203435596,-3.78154762031562E-16,3.08786796564404));
#7441=CARTESIAN_POINT('',(3.21213203435596,3.08786796564404,3.78154762031562E-16));
#7442=CARTESIAN_POINT('Origin',(3.21213203435596,0.,3.78154762031562E-16));
#7443=CARTESIAN_POINT('Origin',(3.21213203435596,0.,3.78154762031562E-16));
#7444=CARTESIAN_POINT('Origin',(3.42426406871192,-4.04133443718627E-16,
3.3));
#7445=CARTESIAN_POINT('Origin',(1.8,0.,0.));
#7446=CARTESIAN_POINT('',(0.299999999999999,6.,7.34788079488412E-16));
#7447=CARTESIAN_POINT('',(1.8,4.5,5.51091059616309E-16));
#7448=CARTESIAN_POINT('Origin',(0.299999999999998,0.,0.));
#7449=CARTESIAN_POINT('Origin',(0.,-1.15470053837925,-2.));
#7450=CARTESIAN_POINT('',(2.5,-1.15470053837925,-2.));
#7451=CARTESIAN_POINT('',(2.5,-2.3094010767585,8.32667268468867E-16));
#7452=CARTESIAN_POINT('',(2.5,-1.15470053837925,-2.));
#7453=CARTESIAN_POINT('',(0.,-1.15470053837925,-2.));
#7454=CARTESIAN_POINT('',(0.,-1.15470053837925,-2.));
#7455=CARTESIAN_POINT('',(0.,-2.3094010767585,8.32667268468867E-16));
#7456=CARTESIAN_POINT('',(0.,-1.81837567297406,-0.850480947161671));
#7457=CARTESIAN_POINT('',(0.,-2.3094010767585,8.32667268468867E-16));
#7458=CARTESIAN_POINT('Origin',(0.,-2.3094010767585,8.32667268468867E-16));
#7459=CARTESIAN_POINT('',(2.5,-1.15470053837925,2.));
#7460=CARTESIAN_POINT('',(2.5,-2.3094010767585,8.32667268468867E-16));
#7461=CARTESIAN_POINT('',(0.,-1.15470053837925,2.));
#7462=CARTESIAN_POINT('',(0.,-2.39572594216369,-0.149519052838329));
#7463=CARTESIAN_POINT('',(0.,-1.15470053837925,2.));
#7464=CARTESIAN_POINT('Origin',(0.,-1.15470053837925,2.));
#7465=CARTESIAN_POINT('',(2.5,1.15470053837925,2.));
#7466=CARTESIAN_POINT('',(2.5,-1.15470053837925,2.));
#7467=CARTESIAN_POINT('',(0.,1.15470053837925,2.));
#7468=CARTESIAN_POINT('',(0.,-2.07735026918963,2.));
#7469=CARTESIAN_POINT('',(0.,1.15470053837925,2.));
#7470=CARTESIAN_POINT('Origin',(0.,1.15470053837925,2.));
#7471=CARTESIAN_POINT('',(2.5,2.3094010767585,-8.32667268468867E-16));
#7472=CARTESIAN_POINT('',(2.5,1.15470053837925,2.));
#7473=CARTESIAN_POINT('',(0.,2.3094010767585,-8.32667268468867E-16));
#7474=CARTESIAN_POINT('',(0.,1.06837567297407,2.14951905283833));
#7475=CARTESIAN_POINT('',(0.,2.3094010767585,-8.32667268468867E-16));
#7476=CARTESIAN_POINT('Origin',(0.,2.3094010767585,-8.32667268468867E-16));
#7477=CARTESIAN_POINT('',(2.5,1.15470053837925,-2.));
#7478=CARTESIAN_POINT('',(2.5,2.3094010767585,-8.32667268468867E-16));
#7479=CARTESIAN_POINT('',(0.,1.15470053837925,-2.));
#7480=CARTESIAN_POINT('',(0.,1.64572594216369,-1.14951905283833));
#7481=CARTESIAN_POINT('',(0.,1.15470053837925,-2.));
#7482=CARTESIAN_POINT('Origin',(0.,1.15470053837925,-2.));
#7483=CARTESIAN_POINT('',(2.5,1.15470053837925,-2.));
#7484=CARTESIAN_POINT('',(0.,-0.922649730810374,-2.));
#7485=CARTESIAN_POINT('Origin',(2.5,0.,-3.46944695195361E-17));
#7486=CARTESIAN_POINT('Origin',(0.,-3.,0.));
#7487=CARTESIAN_POINT('',(0.,6.,7.34788079488412E-16));
#7488=CARTESIAN_POINT('Origin',(0.,0.,0.));
#7489=CARTESIAN_POINT('Origin',(0.150000000000001,0.,0.));
#7490=CARTESIAN_POINT('',(0.150000000000001,6.,7.34788079488412E-16));
#7491=CARTESIAN_POINT('',(-727.590539862924,-212.196315771392,-176.612974899365));
#7492=CARTESIAN_POINT('',(-265.590539862952,101.803684228636,-167.612974899365));
#7493=CARTESIAN_POINT('',(-265.590539862933,-87.2372492542446,-358.010575910521));
#7494=CARTESIAN_POINT('',(57.4094601370641,-46.1963157713287,-167.612974899366));
#7495=CARTESIAN_POINT('',(-256.590539862935,-55.1963157713626,-166.612974899365));
#7496=CARTESIAN_POINT('',(-257.590539862935,-55.1963157713626,-324.612974899364));
#7497=CARTESIAN_POINT('',(-99.5905398629349,-55.1963157713526,-166.612974899365));
#7498=CARTESIAN_POINT('',(-265.590539862935,-55.1963157713634,-324.612974899364));
#7499=CARTESIAN_POINT('',(-256.590539862935,-55.1963157713626,-158.612974899365));
#7500=CARTESIAN_POINT('',(-99.5905398629349,-55.1963157713526,-158.612974899365));
#7501=UNCERTAINTY_MEASURE_WITH_UNIT(LENGTH_MEASURE(0.01),#7515,
'DISTANCE_ACCURACY_VALUE',
'Maximum model space distance between geometric entities at asserted c
onnectivities');
#7502=UNCERTAINTY_MEASURE_WITH_UNIT(LENGTH_MEASURE(0.01),#7515,
'DISTANCE_ACCURACY_VALUE',
'Maximum model space distance between geometric entities at asserted c
onnectivities');
#7503=UNCERTAINTY_MEASURE_WITH_UNIT(LENGTH_MEASURE(0.01),#7515,
'DISTANCE_ACCURACY_VALUE',
'Maximum model space distance between geometric entities at asserted c
onnectivities');
#7504=UNCERTAINTY_MEASURE_WITH_UNIT(LENGTH_MEASURE(0.01),#7515,
'DISTANCE_ACCURACY_VALUE',
'Maximum model space distance between geometric entities at asserted c
onnectivities');
#7505=UNCERTAINTY_MEASURE_WITH_UNIT(LENGTH_MEASURE(0.01),#7515,
'DISTANCE_ACCURACY_VALUE',
'Maximum model space distance between geometric entities at asserted c
onnectivities');
#7506=UNCERTAINTY_MEASURE_WITH_UNIT(LENGTH_MEASURE(0.01),#7515,
'DISTANCE_ACCURACY_VALUE',
'Maximum model space distance between geometric entities at asserted c
onnectivities');
#7507=UNCERTAINTY_MEASURE_WITH_UNIT(LENGTH_MEASURE(0.01),#7515,
'DISTANCE_ACCURACY_VALUE',
'Maximum model space distance between geometric entities at asserted c
onnectivities');
#7508=(
GEOMETRIC_REPRESENTATION_CONTEXT(3)
GLOBAL_UNCERTAINTY_ASSIGNED_CONTEXT((#7501))
GLOBAL_UNIT_ASSIGNED_CONTEXT((#7515,#7517,#7518))
REPRESENTATION_CONTEXT('','3D')
);
#7509=(
GEOMETRIC_REPRESENTATION_CONTEXT(3)
GLOBAL_UNCERTAINTY_ASSIGNED_CONTEXT((#7502))
GLOBAL_UNIT_ASSIGNED_CONTEXT((#7515,#7517,#7518))
REPRESENTATION_CONTEXT('','3D')
);
#7510=(
GEOMETRIC_REPRESENTATION_CONTEXT(3)
GLOBAL_UNCERTAINTY_ASSIGNED_CONTEXT((#7503))
GLOBAL_UNIT_ASSIGNED_CONTEXT((#7515,#7517,#7518))
REPRESENTATION_CONTEXT('','3D')
);
#7511=(
GEOMETRIC_REPRESENTATION_CONTEXT(3)
GLOBAL_UNCERTAINTY_ASSIGNED_CONTEXT((#7504))
GLOBAL_UNIT_ASSIGNED_CONTEXT((#7515,#7517,#7518))
REPRESENTATION_CONTEXT('','3D')
);
#7512=(
GEOMETRIC_REPRESENTATION_CONTEXT(3)
GLOBAL_UNCERTAINTY_ASSIGNED_CONTEXT((#7505))
GLOBAL_UNIT_ASSIGNED_CONTEXT((#7515,#7517,#7518))
REPRESENTATION_CONTEXT('','3D')
);
#7513=(
GEOMETRIC_REPRESENTATION_CONTEXT(3)
GLOBAL_UNCERTAINTY_ASSIGNED_CONTEXT((#7506))
GLOBAL_UNIT_ASSIGNED_CONTEXT((#7515,#7517,#7518))
REPRESENTATION_CONTEXT('','3D')
);
#7514=(
GEOMETRIC_REPRESENTATION_CONTEXT(3)
GLOBAL_UNCERTAINTY_ASSIGNED_CONTEXT((#7507))
GLOBAL_UNIT_ASSIGNED_CONTEXT((#7515,#7517,#7518))
REPRESENTATION_CONTEXT('','3D')
);
#7515=(
LENGTH_UNIT()
NAMED_UNIT(*)
SI_UNIT(.MILLI.,.METRE.)
);
#7516=(
LENGTH_UNIT()
NAMED_UNIT(*)
SI_UNIT(.CENTI.,.METRE.)
);
#7517=(
NAMED_UNIT(*)
PLANE_ANGLE_UNIT()
SI_UNIT($,.RADIAN.)
);
#7518=(
NAMED_UNIT(*)
SI_UNIT($,.STERADIAN.)
SOLID_ANGLE_UNIT()
);
#7519=SHAPE_DEFINITION_REPRESENTATION(#7525,#7541);
#7520=SHAPE_DEFINITION_REPRESENTATION(#7526,#7542);
#7521=SHAPE_DEFINITION_REPRESENTATION(#7527,#7543);
#7522=SHAPE_DEFINITION_REPRESENTATION(#7528,#7544);
#7523=SHAPE_DEFINITION_REPRESENTATION(#7529,#7545);
#7524=SHAPE_DEFINITION_REPRESENTATION(#7530,#7546);
#7525=PRODUCT_DEFINITION_SHAPE('',$,#7548);
#7526=PRODUCT_DEFINITION_SHAPE('',$,#7549);
#7527=PRODUCT_DEFINITION_SHAPE('',$,#7550);
#7528=PRODUCT_DEFINITION_SHAPE('',$,#7551);
#7529=PRODUCT_DEFINITION_SHAPE('',$,#7552);
#7530=PRODUCT_DEFINITION_SHAPE('',$,#7553);
#7531=PRODUCT_DEFINITION_SHAPE($,$,#41);
#7532=PRODUCT_DEFINITION_SHAPE($,$,#42);
#7533=PRODUCT_DEFINITION_SHAPE($,$,#43);
#7534=PRODUCT_DEFINITION_SHAPE($,$,#44);
#7535=PRODUCT_DEFINITION_SHAPE($,$,#45);
#7536=PRODUCT_DEFINITION_SHAPE($,$,#46);
#7537=PRODUCT_DEFINITION_SHAPE($,$,#47);
#7538=PRODUCT_DEFINITION_SHAPE($,$,#48);
#7539=PRODUCT_DEFINITION_SHAPE($,$,#49);
#7540=PRODUCT_DEFINITION_SHAPE($,$,#50);
#7541=SHAPE_REPRESENTATION('',(#3080,#3404,#3405,#3406,#3407,#3408,#3409,
#3410,#3411,#3412,#3413),#7508);
#7542=SHAPE_REPRESENTATION('',(#3081),#7509);
#7543=SHAPE_REPRESENTATION('',(#3264),#7510);
#7544=SHAPE_REPRESENTATION('',(#3275),#7511);
#7545=SHAPE_REPRESENTATION('',(#3338),#7512);
#7546=SHAPE_REPRESENTATION('',(#3379),#7513);
#7547=PRODUCT_DEFINITION_CONTEXT('part definition',#7567,'design');
#7548=PRODUCT_DEFINITION('023_Die M\X\FCnze','023_Die M\X\FCnze',#7554,
#7547);
#7549=PRODUCT_DEFINITION('7x15_1238x2494_006','1x7_296x1238_006',#7555,
#7547);
#7550=PRODUCT_DEFINITION('260211_Schmucketui','260211_Schmucketui',#7556,
#7547);
#7551=PRODUCT_DEFINITION('7x15_1238x2494_006_1','1x1_296x296_006',#7557,
#7547);
#7552=PRODUCT_DEFINITION('Verbinder_006_Kabel','Verbinder_006',#7558,#7547);
#7553=PRODUCT_DEFINITION('ISO 10642 - M6 x  35','ISO 10642 - M6 x  35',
#7559,#7547);
#7554=PRODUCT_DEFINITION_FORMATION('',$,#7569);
#7555=PRODUCT_DEFINITION_FORMATION('',$,#7570);
#7556=PRODUCT_DEFINITION_FORMATION('',$,#7571);
#7557=PRODUCT_DEFINITION_FORMATION('',$,#7572);
#7558=PRODUCT_DEFINITION_FORMATION('',$,#7573);
#7559=PRODUCT_DEFINITION_FORMATION('',$,#7574);
#7560=PRODUCT_RELATED_PRODUCT_CATEGORY('023_Die M\X\FCnze',
'023_Die M\X\FCnze',(#7569));
#7561=PRODUCT_RELATED_PRODUCT_CATEGORY('1x7_296x1238_006',
'1x7_296x1238_006',(#7570));
#7562=PRODUCT_RELATED_PRODUCT_CATEGORY('260211_Schmucketui',
'260211_Schmucketui',(#7571));
#7563=PRODUCT_RELATED_PRODUCT_CATEGORY('1x1_296x296_006',
'1x1_296x296_006',(#7572));
#7564=PRODUCT_RELATED_PRODUCT_CATEGORY('Verbinder_006','Verbinder_006',
(#7573));
#7565=PRODUCT_RELATED_PRODUCT_CATEGORY('ISO 10642 - M6 x  35',
'ISO 10642 - M6 x  35',(#7574));
#7566=APPLICATION_PROTOCOL_DEFINITION('international standard',
'automotive_design',2009,#7567);
#7567=APPLICATION_CONTEXT(
'Core Data for Automotive Mechanical Design Process');
#7568=PRODUCT_CONTEXT('part definition',#7567,'mechanical');
#7569=PRODUCT('023_Die M\X\FCnze','023_Die M\X\FCnze',$,(#7568));
#7570=PRODUCT('7x15_1238x2494_006','1x7_296x1238_006',$,(#7568));
#7571=PRODUCT('260211_Schmucketui','260211_Schmucketui',$,(#7568));
#7572=PRODUCT('7x15_1238x2494_006_1','1x1_296x296_006',$,(#7568));
#7573=PRODUCT('Verbinder_006_Kabel','Verbinder_006',$,(#7568));
#7574=PRODUCT('ISO 10642 - M6 x  35','ISO 10642 - M6 x  35',
'Senkschrauben mit Innensechskant',(#7568));
ENDSEC;
END-ISO-10303-21;
